image_id,vehicle_count,pedestrian_count,cyclist_count,target_count,ignored_count,original_annotation_count,contains_vehicle,contains_pedestrian,contains_cyclist,presence_signature,density_group,stratification_group,split
000000,0,1,0,1,0,1,False,True,False,V0_P1_C0,low,V0_P1_C0__low,train
000001,2,0,1,3,4,7,True,False,True,V1_P0_C1,low,V1_P0_C1__low,train
000002,1,0,0,1,1,2,True,False,False,V1_P0_C0,low,V1_P0_C0__low,train
000003,1,0,0,1,2,3,True,False,False,V1_P0_C0,low,V1_P0_C0__low,val
000004,2,0,0,2,5,7,True,False,False,V1_P0_C0,low,V1_P0_C0__low,train
000005,0,1,0,1,4,5,False,True,False,V0_P1_C0,low,V0_P1_C0__low,val
000006,4,0,0,4,2,6,True,False,False,V1_P0_C0,medium,V1_P0_C0__medium,train
000007,3,0,1,4,2,6,True,False,True,V1_P0_C1,medium,V1_P0_C1__medium,train
000008,6,0,0,6,4,10,True,False,False,V1_P0_C0,medium,V1_P0_C0__medium,train
000009,3,0,0,3,2,5,True,False,False,V1_P0_C0,low,V1_P0_C0__low,train
000010,8,1,0,9,4,13,True,True,False,V1_P1_C0,high,V1_P1_C0__high,val
000011,2,4,0,6,3,9,True,True,False,V1_P1_C0,medium,V1_P1_C0__medium,train
000012,2,0,0,2,3,5,True,False,False,V1_P0_C0,low,V1_P0_C0__low,train
000013,1,0,0,1,1,2,True,False,False,V1_P0_C0,low,V1_P0_C0__low,train
000014,1,0,0,1,2,3,True,False,False,V1_P0_C0,low,V1_P0_C0__low,train
000015,1,4,0,5,5,10,True,True,False,V1_P1_C0,medium,V1_P1_C0__medium,train
000016,5,0,0,5,17,22,True,False,False,V1_P0_C0,medium,V1_P0_C0__medium,train
000017,1,0,0,1,1,2,True,False,False,V1_P0_C0,low,V1_P0_C0__low,train
000018,2,0,0,2,18,20,True,False,False,V1_P0_C0,low,V1_P0_C0__low,train
000019,4,0,0,4,2,6,True,False,False,V1_P0_C0,medium,V1_P0_C0__medium,train
000020,1,0,0,1,0,1,True,False,False,V1_P0_C0,low,V1_P0_C0__low,val
000021,7,0,1,8,2,10,True,False,True,V1_P0_C1,high,V1_P0_C1__high,train
000022,2,0,0,2,1,3,True,False,False,V1_P0_C0,low,V1_P0_C0__low,train
000023,2,0,1,3,3,6,True,False,True,V1_P0_C1,low,V1_P0_C1__low,train
000024,3,0,0,3,4,7,True,False,False,V1_P0_C0,low,V1_P0_C0__low,val
000025,5,0,1,6,3,9,True,False,True,V1_P0_C1,medium,V1_P0_C1__medium,val
000026,2,0,0,2,0,2,True,False,False,V1_P0_C0,low,V1_P0_C0__low,train
000027,2,0,0,2,1,3,True,False,False,V1_P0_C0,low,V1_P0_C0__low,train
000028,0,1,0,1,0,1,False,True,False,V0_P1_C0,low,V0_P1_C0__low,train
000029,1,0,0,1,3,4,True,False,False,V1_P0_C0,low,V1_P0_C0__low,train
000030,1,0,0,1,1,2,True,False,False,V1_P0_C0,low,V1_P0_C0__low,train
000031,6,0,0,6,3,9,True,False,False,V1_P0_C0,medium,V1_P0_C0__medium,train
000032,10,0,0,10,2,12,True,False,False,V1_P0_C0,high,V1_P0_C0__high,val
000033,2,0,0,2,1,3,True,False,False,V1_P0_C0,low,V1_P0_C0__low,train
000034,2,0,0,2,4,6,True,False,False,V1_P0_C0,low,V1_P0_C0__low,train
000035,3,1,1,5,6,11,True,True,True,V1_P1_C1,medium,V1_P1_C1__medium,val
000036,7,0,0,7,2,9,True,False,False,V1_P0_C0,high,V1_P0_C0__high,train
000037,3,0,0,3,0,3,True,False,False,V1_P0_C0,low,V1_P0_C0__low,val
000038,12,0,0,12,1,13,True,False,False,V1_P0_C0,high,V1_P0_C0__high,train
000039,6,0,0,6,2,8,True,False,False,V1_P0_C0,medium,V1_P0_C0__medium,train
000040,1,1,0,2,1,3,True,True,False,V1_P1_C0,low,V1_P1_C0__low,train
000041,1,0,0,1,4,5,True,False,False,V1_P0_C0,low,V1_P0_C0__low,train
000042,1,0,0,1,5,6,True,False,False,V1_P0_C0,low,V1_P0_C0__low,val
000043,0,4,0,4,5,9,False,True,False,V0_P1_C0,medium,V0_P1_C0__medium,train
000044,2,0,0,2,1,3,True,False,False,V1_P0_C0,low,V1_P0_C0__low,train
000045,6,0,0,6,6,12,True,False,False,V1_P0_C0,medium,V1_P0_C0__medium,train
000046,6,0,0,6,1,7,True,False,False,V1_P0_C0,medium,V1_P0_C0__medium,train
000047,9,0,0,9,0,9,True,False,False,V1_P0_C0,high,V1_P0_C0__high,val
000048,0,3,1,4,6,10,False,True,True,V0_P1_C1,medium,V0_P1_C1__medium,train
000049,16,2,0,18,1,19,True,True,False,V1_P1_C0,high,V1_P1_C0__high,train
000050,5,0,0,5,0,5,True,False,False,V1_P0_C0,medium,V1_P0_C0__medium,train
000051,1,0,1,2,9,11,True,False,True,V1_P0_C1,low,V1_P0_C1__low,train
000052,6,0,0,6,3,9,True,False,False,V1_P0_C0,medium,V1_P0_C0__medium,val
000053,7,0,0,7,2,9,True,False,False,V1_P0_C0,high,V1_P0_C0__high,train
000054,0,1,0,1,0,1,False,True,False,V0_P1_C0,low,V0_P1_C0__low,train
000055,5,0,0,5,2,7,True,False,False,V1_P0_C0,medium,V1_P0_C0__medium,train
000056,1,0,0,1,1,2,True,False,False,V1_P0_C0,low,V1_P0_C0__low,train
000057,3,0,0,3,2,5,True,False,False,V1_P0_C0,low,V1_P0_C0__low,train
000058,0,1,0,1,0,1,False,True,False,V0_P1_C0,low,V0_P1_C0__low,train
000059,5,0,0,5,1,6,True,False,False,V1_P0_C0,medium,V1_P0_C0__medium,train
000060,3,0,1,4,5,9,True,False,True,V1_P0_C1,medium,V1_P0_C1__medium,val
000061,5,0,0,5,3,8,True,False,False,V1_P0_C0,medium,V1_P0_C0__medium,train
000062,4,0,1,5,1,6,True,False,True,V1_P0_C1,medium,V1_P0_C1__medium,train
000063,3,1,0,4,0,4,True,True,False,V1_P1_C0,medium,V1_P1_C0__medium,train
000064,4,0,0,4,2,6,True,False,False,V1_P0_C0,medium,V1_P0_C0__medium,train
000065,0,6,0,6,3,9,False,True,False,V0_P1_C0,medium,V0_P1_C0__medium,val
000066,2,0,0,2,3,5,True,False,False,V1_P0_C0,low,V1_P0_C0__low,train
000067,6,0,0,6,3,9,True,False,False,V1_P0_C0,medium,V1_P0_C0__medium,train
000068,10,0,2,12,0,12,True,False,True,V1_P0_C1,high,V1_P0_C1__high,train
000069,2,0,0,2,3,5,True,False,False,V1_P0_C0,low,V1_P0_C0__low,train
000070,0,1,0,1,0,1,False,True,False,V0_P1_C0,low,V0_P1_C0__low,train
000071,1,0,0,1,2,3,True,False,False,V1_P0_C0,low,V1_P0_C0__low,train
000072,3,0,0,3,1,4,True,False,False,V1_P0_C0,low,V1_P0_C0__low,train
000073,0,5,2,7,1,8,False,True,True,V0_P1_C1,high,V0_P1_C1__high,train
000074,0,3,0,3,2,5,False,True,False,V0_P1_C0,low,V0_P1_C0__low,train
000075,5,0,0,5,2,7,True,False,False,V1_P0_C0,medium,V1_P0_C0__medium,train
000076,0,8,1,9,1,10,False,True,True,V0_P1_C1,high,V0_P1_C1__high,train
000077,1,0,0,1,2,3,True,False,False,V1_P0_C0,low,V1_P0_C0__low,train
000078,4,0,0,4,2,6,True,False,False,V1_P0_C0,medium,V1_P0_C0__medium,val
000079,6,0,0,6,4,10,True,False,False,V1_P0_C0,medium,V1_P0_C0__medium,train
000080,4,0,0,4,1,5,True,False,False,V1_P0_C0,medium,V1_P0_C0__medium,val
000081,2,0,0,2,5,7,True,False,False,V1_P0_C0,low,V1_P0_C0__low,train
000082,2,0,0,2,1,3,True,False,False,V1_P0_C0,low,V1_P0_C0__low,train
000083,6,0,0,6,0,6,True,False,False,V1_P0_C0,medium,V1_P0_C0__medium,val
000084,2,0,0,2,0,2,True,False,False,V1_P0_C0,low,V1_P0_C0__low,train
000085,2,1,1,4,2,6,True,True,True,V1_P1_C1,medium,V1_P1_C1__medium,train
000086,7,0,0,7,1,8,True,False,False,V1_P0_C0,high,V1_P0_C0__high,val
000087,5,1,0,6,5,11,True,True,False,V1_P1_C0,medium,V1_P1_C0__medium,train
000088,1,0,0,1,4,5,True,False,False,V1_P0_C0,low,V1_P0_C0__low,train
000089,6,0,0,6,0,6,True,False,False,V1_P0_C0,medium,V1_P0_C0__medium,train
000090,1,0,0,1,0,1,True,False,False,V1_P0_C0,low,V1_P0_C0__low,train
000091,1,0,1,2,4,6,True,False,True,V1_P0_C1,low,V1_P0_C1__low,train
000092,6,0,0,6,1,7,True,False,False,V1_P0_C0,medium,V1_P0_C0__medium,val
000093,6,0,0,6,2,8,True,False,False,V1_P0_C0,medium,V1_P0_C0__medium,train
000094,1,0,0,1,0,1,True,False,False,V1_P0_C0,low,V1_P0_C0__low,train
000095,15,0,0,15,0,15,True,False,False,V1_P0_C0,high,V1_P0_C0__high,train
000096,5,0,0,5,4,9,True,False,False,V1_P0_C0,medium,V1_P0_C0__medium,train
000097,2,0,0,2,6,8,True,False,False,V1_P0_C0,low,V1_P0_C0__low,val
000098,5,0,0,5,3,8,True,False,False,V1_P0_C0,medium,V1_P0_C0__medium,val
000099,10,0,0,10,4,14,True,False,False,V1_P0_C0,high,V1_P0_C0__high,val
000100,2,1,1,4,1,5,True,True,True,V1_P1_C1,medium,V1_P1_C1__medium,train
000101,3,0,0,3,4,7,True,False,False,V1_P0_C0,low,V1_P0_C0__low,train
000102,2,0,0,2,1,3,True,False,False,V1_P0_C0,low,V1_P0_C0__low,train
000103,0,1,0,1,0,1,False,True,False,V0_P1_C0,low,V0_P1_C0__low,train
000104,7,0,0,7,1,8,True,False,False,V1_P0_C0,high,V1_P0_C0__high,train
000105,1,0,1,2,5,7,True,False,True,V1_P0_C1,low,V1_P0_C1__low,train
000106,4,0,0,4,3,7,True,False,False,V1_P0_C0,medium,V1_P0_C0__medium,train
000107,7,0,0,7,3,10,True,False,False,V1_P0_C0,high,V1_P0_C0__high,val
000108,1,0,1,2,2,4,True,False,True,V1_P0_C1,low,V1_P0_C1__low,train
000109,0,1,0,1,0,1,False,True,False,V0_P1_C0,low,V0_P1_C0__low,train
000110,12,0,0,12,0,12,True,False,False,V1_P0_C0,high,V1_P0_C0__high,train
000111,14,0,0,14,0,14,True,False,False,V1_P0_C0,high,V1_P0_C0__high,train
000112,10,0,0,10,1,11,True,False,False,V1_P0_C0,high,V1_P0_C0__high,train
000113,15,0,0,15,3,18,True,False,False,V1_P0_C0,high,V1_P0_C0__high,train
000114,10,1,1,12,2,14,True,True,True,V1_P1_C1,high,V1_P1_C1__high,train
000115,1,0,0,1,4,5,True,False,False,V1_P0_C0,low,V1_P0_C0__low,train
000116,4,0,0,4,1,5,True,False,False,V1_P0_C0,medium,V1_P0_C0__medium,train
000117,8,0,0,8,3,11,True,False,False,V1_P0_C0,high,V1_P0_C0__high,train
000118,0,5,0,5,2,7,False,True,False,V0_P1_C0,medium,V0_P1_C0__medium,train
000119,4,0,1,5,1,6,True,False,True,V1_P0_C1,medium,V1_P0_C1__medium,train
000120,10,0,0,10,1,11,True,False,False,V1_P0_C0,high,V1_P0_C0__high,train
000121,4,0,0,4,8,12,True,False,False,V1_P0_C0,medium,V1_P0_C0__medium,train
000122,1,0,1,2,2,4,True,False,True,V1_P0_C1,low,V1_P0_C1__low,train
000123,1,0,0,1,1,2,True,False,False,V1_P0_C0,low,V1_P0_C0__low,train
000124,2,2,1,5,5,10,True,True,True,V1_P1_C1,medium,V1_P1_C1__medium,val
000125,7,0,0,7,2,9,True,False,False,V1_P0_C0,high,V1_P0_C0__high,train
000126,2,0,0,2,2,4,True,False,False,V1_P0_C0,low,V1_P0_C0__low,train
000127,9,1,1,11,3,14,True,True,True,V1_P1_C1,high,V1_P1_C1__high,train
000128,2,0,0,2,4,6,True,False,False,V1_P0_C0,low,V1_P0_C0__low,val
000129,6,0,0,6,4,10,True,False,False,V1_P0_C0,medium,V1_P0_C0__medium,train
000130,0,1,0,1,0,1,False,True,False,V0_P1_C0,low,V0_P1_C0__low,train
000131,7,0,0,7,4,11,True,False,False,V1_P0_C0,high,V1_P0_C0__high,train
000132,3,0,0,3,0,3,True,False,False,V1_P0_C0,low,V1_P0_C0__low,val
000133,1,0,0,1,3,4,True,False,False,V1_P0_C0,low,V1_P0_C0__low,train
000134,3,7,5,15,2,17,True,True,True,V1_P1_C1,high,V1_P1_C1__high,train
000135,8,0,0,8,7,15,True,False,False,V1_P0_C0,high,V1_P0_C0__high,train
000136,6,0,0,6,2,8,True,False,False,V1_P0_C0,medium,V1_P0_C0__medium,train
000137,5,0,0,5,5,10,True,False,False,V1_P0_C0,medium,V1_P0_C0__medium,train
000138,7,0,0,7,0,7,True,False,False,V1_P0_C0,high,V1_P0_C0__high,train
000139,3,0,0,3,5,8,True,False,False,V1_P0_C0,low,V1_P0_C0__low,train
000140,4,0,0,4,0,4,True,False,False,V1_P0_C0,medium,V1_P0_C0__medium,val
000141,1,0,0,1,1,2,True,False,False,V1_P0_C0,low,V1_P0_C0__low,train
000142,9,4,1,14,0,14,True,True,True,V1_P1_C1,high,V1_P1_C1__high,train
000143,4,0,0,4,5,9,True,False,False,V1_P0_C0,medium,V1_P0_C0__medium,train
000144,3,4,0,7,2,9,True,True,False,V1_P1_C0,high,V1_P1_C0__high,train
000145,4,9,2,15,2,17,True,True,True,V1_P1_C1,high,V1_P1_C1__high,train
000146,16,1,0,17,1,18,True,True,False,V1_P1_C0,high,V1_P1_C0__high,val
000147,1,1,0,2,2,4,True,True,False,V1_P1_C0,low,V1_P1_C0__low,val
000148,1,0,0,1,0,1,True,False,False,V1_P0_C0,low,V1_P0_C0__low,train
000149,10,1,0,11,0,11,True,True,False,V1_P1_C0,high,V1_P1_C0__high,train
000150,3,0,1,4,2,6,True,False,True,V1_P0_C1,medium,V1_P0_C1__medium,train
000151,2,1,1,4,3,7,True,True,True,V1_P1_C1,medium,V1_P1_C1__medium,train
000152,7,0,0,7,4,11,True,False,False,V1_P0_C0,high,V1_P0_C0__high,train
000153,1,3,0,4,0,4,True,True,False,V1_P1_C0,medium,V1_P1_C0__medium,train
000154,7,1,1,9,1,10,True,True,True,V1_P1_C1,high,V1_P1_C1__high,train
000155,4,0,0,4,7,11,True,False,False,V1_P0_C0,medium,V1_P0_C0__medium,train
000156,1,1,0,2,0,2,True,True,False,V1_P1_C0,low,V1_P1_C0__low,train
000157,7,0,1,8,7,15,True,False,True,V1_P0_C1,high,V1_P0_C1__high,train
000158,1,0,0,1,0,1,True,False,False,V1_P0_C0,low,V1_P0_C0__low,train
000159,8,0,0,8,3,11,True,False,False,V1_P0_C0,high,V1_P0_C0__high,train
000160,4,0,0,4,2,6,True,False,False,V1_P0_C0,medium,V1_P0_C0__medium,train
000161,13,0,0,13,4,17,True,False,False,V1_P0_C0,high,V1_P0_C0__high,train
000162,4,0,1,5,4,9,True,False,True,V1_P0_C1,medium,V1_P0_C1__medium,train
000163,7,0,0,7,5,12,True,False,False,V1_P0_C0,high,V1_P0_C0__high,train
000164,3,0,1,4,3,7,True,False,True,V1_P0_C1,medium,V1_P0_C1__medium,train
000165,10,0,0,10,1,11,True,False,False,V1_P0_C0,high,V1_P0_C0__high,val
000166,4,0,0,4,2,6,True,False,False,V1_P0_C0,medium,V1_P0_C0__medium,train
000167,0,1,2,3,5,8,False,True,True,V0_P1_C1,low,V0_P1_C1__low,train
000168,5,0,0,5,1,6,True,False,False,V1_P0_C0,medium,V1_P0_C0__medium,train
000169,15,0,1,16,4,20,True,False,True,V1_P0_C1,high,V1_P0_C1__high,val
000170,3,0,0,3,0,3,True,False,False,V1_P0_C0,low,V1_P0_C0__low,train
000171,4,0,0,4,3,7,True,False,False,V1_P0_C0,medium,V1_P0_C0__medium,train
000172,9,0,0,9,0,9,True,False,False,V1_P0_C0,high,V1_P0_C0__high,train
000173,7,0,0,7,3,10,True,False,False,V1_P0_C0,high,V1_P0_C0__high,train
000174,2,0,0,2,3,5,True,False,False,V1_P0_C0,low,V1_P0_C0__low,val
000175,3,0,0,3,1,4,True,False,False,V1_P0_C0,low,V1_P0_C0__low,val
000176,5,0,0,5,2,7,True,False,False,V1_P0_C0,medium,V1_P0_C0__medium,train
000177,2,4,2,8,2,10,True,True,True,V1_P1_C1,high,V1_P1_C1__high,train
000178,8,0,0,8,1,9,True,False,False,V1_P0_C0,high,V1_P0_C0__high,val
000179,1,1,0,2,3,5,True,True,False,V1_P1_C0,low,V1_P1_C0__low,train
000180,2,0,0,2,2,4,True,False,False,V1_P0_C0,low,V1_P0_C0__low,train
000181,13,0,0,13,1,14,True,False,False,V1_P0_C0,high,V1_P0_C0__high,train
000182,3,0,0,3,2,5,True,False,False,V1_P0_C0,low,V1_P0_C0__low,train
000183,7,0,0,7,1,8,True,False,False,V1_P0_C0,high,V1_P0_C0__high,train
000184,5,0,0,5,2,7,True,False,False,V1_P0_C0,medium,V1_P0_C0__medium,val
000185,6,0,0,6,1,7,True,False,False,V1_P0_C0,medium,V1_P0_C0__medium,train
000186,8,1,0,9,1,10,True,True,False,V1_P1_C0,high,V1_P1_C0__high,train
000187,0,1,0,1,2,3,False,True,False,V0_P1_C0,low,V0_P1_C0__low,train
000188,4,0,0,4,2,6,True,False,False,V1_P0_C0,medium,V1_P0_C0__medium,train
000189,0,4,1,5,3,8,False,True,True,V0_P1_C1,medium,V0_P1_C1__medium,train
000190,2,2,0,4,1,5,True,True,False,V1_P1_C0,medium,V1_P1_C0__medium,train
000191,10,0,0,10,1,11,True,False,False,V1_P0_C0,high,V1_P0_C0__high,train
000192,7,0,0,7,2,9,True,False,False,V1_P0_C0,high,V1_P0_C0__high,train
000193,0,1,0,1,0,1,False,True,False,V0_P1_C0,low,V0_P1_C0__low,train
000194,2,1,0,3,0,3,True,True,False,V1_P1_C0,low,V1_P1_C0__low,train
000195,0,1,1,2,5,7,False,True,True,V0_P1_C1,low,V0_P1_C1__low,train
000196,1,0,0,1,2,3,True,False,False,V1_P0_C0,low,V1_P0_C0__low,train
000197,6,0,0,6,7,13,True,False,False,V1_P0_C0,medium,V1_P0_C0__medium,val
000198,3,0,0,3,0,3,True,False,False,V1_P0_C0,low,V1_P0_C0__low,val
000199,0,1,0,1,0,1,False,True,False,V0_P1_C0,low,V0_P1_C0__low,train
000200,2,1,0,3,1,4,True,True,False,V1_P1_C0,low,V1_P1_C0__low,train
000201,8,2,2,12,1,13,True,True,True,V1_P1_C1,high,V1_P1_C1__high,val
000202,1,0,0,1,0,1,True,False,False,V1_P0_C0,low,V1_P0_C0__low,train
000203,2,0,1,3,2,5,True,False,True,V1_P0_C1,low,V1_P0_C1__low,train
000204,4,0,0,4,3,7,True,False,False,V1_P0_C0,medium,V1_P0_C0__medium,train
000205,2,0,0,2,4,6,True,False,False,V1_P0_C0,low,V1_P0_C0__low,train
000206,2,2,0,4,0,4,True,True,False,V1_P1_C0,medium,V1_P1_C0__medium,val
000207,3,1,0,4,6,10,True,True,False,V1_P1_C0,medium,V1_P1_C0__medium,train
000208,2,1,0,3,0,3,True,True,False,V1_P1_C0,low,V1_P1_C0__low,train
000209,0,1,0,1,0,1,False,True,False,V0_P1_C0,low,V0_P1_C0__low,val
000210,6,0,0,6,3,9,True,False,False,V1_P0_C0,medium,V1_P0_C0__medium,train
000211,5,0,3,8,3,11,True,False,True,V1_P0_C1,high,V1_P0_C1__high,train
000212,4,0,0,4,3,7,True,False,False,V1_P0_C0,medium,V1_P0_C0__medium,val
000213,10,0,0,10,4,14,True,False,False,V1_P0_C0,high,V1_P0_C0__high,train
000214,3,0,3,6,4,10,True,False,True,V1_P0_C1,medium,V1_P0_C1__medium,val
000215,2,0,0,2,0,2,True,False,False,V1_P0_C0,low,V1_P0_C0__low,val
000216,5,0,0,5,2,7,True,False,False,V1_P0_C0,medium,V1_P0_C0__medium,train
000217,6,0,2,8,0,8,True,False,True,V1_P0_C1,high,V1_P0_C1__high,train
000218,7,0,0,7,5,12,True,False,False,V1_P0_C0,high,V1_P0_C0__high,val
000219,4,0,0,4,3,7,True,False,False,V1_P0_C0,medium,V1_P0_C0__medium,train
000220,2,0,0,2,6,8,True,False,False,V1_P0_C0,low,V1_P0_C0__low,train
000221,2,1,0,3,1,4,True,True,False,V1_P1_C0,low,V1_P1_C0__low,train
000222,7,0,0,7,1,8,True,False,False,V1_P0_C0,high,V1_P0_C0__high,train
000223,3,1,0,4,2,6,True,True,False,V1_P1_C0,medium,V1_P1_C0__medium,val
000224,1,0,0,1,5,6,True,False,False,V1_P0_C0,low,V1_P0_C0__low,train
000225,5,0,0,5,1,6,True,False,False,V1_P0_C0,medium,V1_P0_C0__medium,train
000226,9,0,0,9,2,11,True,False,False,V1_P0_C0,high,V1_P0_C0__high,train
000227,6,0,0,6,0,6,True,False,False,V1_P0_C0,medium,V1_P0_C0__medium,val
000228,4,1,0,5,5,10,True,True,False,V1_P1_C0,medium,V1_P1_C0__medium,train
000229,1,0,0,1,5,6,True,False,False,V1_P0_C0,low,V1_P0_C0__low,train
000230,3,0,0,3,3,6,True,False,False,V1_P0_C0,low,V1_P0_C0__low,train
000231,5,0,0,5,3,8,True,False,False,V1_P0_C0,medium,V1_P0_C0__medium,train
000232,1,0,1,2,4,6,True,False,True,V1_P0_C1,low,V1_P0_C1__low,train
000233,2,0,0,2,2,4,True,False,False,V1_P0_C0,low,V1_P0_C0__low,train
000234,7,0,0,7,6,13,True,False,False,V1_P0_C0,high,V1_P0_C0__high,train
000235,4,0,0,4,3,7,True,False,False,V1_P0_C0,medium,V1_P0_C0__medium,train
000236,9,0,0,9,0,9,True,False,False,V1_P0_C0,high,V1_P0_C0__high,train
000237,3,0,0,3,3,6,True,False,False,V1_P0_C0,low,V1_P0_C0__low,train
000238,3,0,0,3,4,7,True,False,False,V1_P0_C0,low,V1_P0_C0__low,train
000239,2,0,0,2,1,3,True,False,False,V1_P0_C0,low,V1_P0_C0__low,train
000240,1,0,0,1,1,2,True,False,False,V1_P0_C0,low,V1_P0_C0__low,val
000241,2,0,0,2,1,3,True,False,False,V1_P0_C0,low,V1_P0_C0__low,train
000242,3,0,0,3,2,5,True,False,False,V1_P0_C0,low,V1_P0_C0__low,train
000243,5,0,0,5,6,11,True,False,False,V1_P0_C0,medium,V1_P0_C0__medium,train
000244,10,0,0,10,1,11,True,False,False,V1_P0_C0,high,V1_P0_C0__high,train
000245,4,0,1,5,0,5,True,False,True,V1_P0_C1,medium,V1_P0_C1__medium,train
000246,7,0,0,7,2,9,True,False,False,V1_P0_C0,high,V1_P0_C0__high,train
000247,1,0,0,1,0,1,True,False,False,V1_P0_C0,low,V1_P0_C0__low,train
000248,9,0,0,9,2,11,True,False,False,V1_P0_C0,high,V1_P0_C0__high,val
000249,8,0,0,8,1,9,True,False,False,V1_P0_C0,high,V1_P0_C0__high,train
000250,3,0,0,3,1,4,True,False,False,V1_P0_C0,low,V1_P0_C0__low,train
000251,0,2,0,2,4,6,False,True,False,V0_P1_C0,low,V0_P1_C0__low,train
000252,4,0,0,4,0,4,True,False,False,V1_P0_C0,medium,V1_P0_C0__medium,train
000253,3,0,0,3,1,4,True,False,False,V1_P0_C0,low,V1_P0_C0__low,train
000254,9,0,2,11,0,11,True,False,True,V1_P0_C1,high,V1_P0_C1__high,train
000255,2,0,0,2,0,2,True,False,False,V1_P0_C0,low,V1_P0_C0__low,val
000256,3,0,0,3,3,6,True,False,False,V1_P0_C0,low,V1_P0_C0__low,train
000257,2,0,0,2,4,6,True,False,False,V1_P0_C0,low,V1_P0_C0__low,train
000258,5,0,0,5,0,5,True,False,False,V1_P0_C0,medium,V1_P0_C0__medium,train
000259,4,0,0,4,1,5,True,False,False,V1_P0_C0,medium,V1_P0_C0__medium,train
000260,2,0,0,2,2,4,True,False,False,V1_P0_C0,low,V1_P0_C0__low,train
000261,4,0,0,4,3,7,True,False,False,V1_P0_C0,medium,V1_P0_C0__medium,train
000262,7,0,0,7,2,9,True,False,False,V1_P0_C0,high,V1_P0_C0__high,val
000263,0,1,0,1,0,1,False,True,False,V0_P1_C0,low,V0_P1_C0__low,train
000264,16,1,0,17,1,18,True,True,False,V1_P1_C0,high,V1_P1_C0__high,train
000265,0,2,3,5,7,12,False,True,True,V0_P1_C1,medium,V0_P1_C1__medium,train
000266,7,2,2,11,3,14,True,True,True,V1_P1_C1,high,V1_P1_C1__high,train
000267,3,0,0,3,3,6,True,False,False,V1_P0_C0,low,V1_P0_C0__low,train
000268,2,0,1,3,3,6,True,False,True,V1_P0_C1,low,V1_P0_C1__low,train
000269,7,0,0,7,1,8,True,False,False,V1_P0_C0,high,V1_P0_C0__high,train
000270,3,0,0,3,4,7,True,False,False,V1_P0_C0,low,V1_P0_C0__low,train
000271,4,0,1,5,2,7,True,False,True,V1_P0_C1,medium,V1_P0_C1__medium,val
000272,1,0,0,1,2,3,True,False,False,V1_P0_C0,low,V1_P0_C0__low,train
000273,13,1,0,14,3,17,True,True,False,V1_P1_C0,high,V1_P1_C0__high,train
000274,12,1,1,14,2,16,True,True,True,V1_P1_C1,high,V1_P1_C1__high,val
000275,6,3,0,9,1,10,True,True,False,V1_P1_C0,high,V1_P1_C0__high,val
000276,5,0,0,5,0,5,True,False,False,V1_P0_C0,medium,V1_P0_C0__medium,train
000277,1,8,1,10,7,17,True,True,True,V1_P1_C1,high,V1_P1_C1__high,train
000278,2,0,0,2,0,2,True,False,False,V1_P0_C0,low,V1_P0_C0__low,train
000279,7,0,0,7,1,8,True,False,False,V1_P0_C0,high,V1_P0_C0__high,train
000280,2,0,0,2,0,2,True,False,False,V1_P0_C0,low,V1_P0_C0__low,train
000281,3,0,0,3,4,7,True,False,False,V1_P0_C0,low,V1_P0_C0__low,train
000282,2,0,0,2,2,4,True,False,False,V1_P0_C0,low,V1_P0_C0__low,train
000283,3,0,0,3,0,3,True,False,False,V1_P0_C0,low,V1_P0_C0__low,train
000284,9,0,0,9,1,10,True,False,False,V1_P0_C0,high,V1_P0_C0__high,train
000285,14,0,0,14,0,14,True,False,False,V1_P0_C0,high,V1_P0_C0__high,val
000286,11,1,0,12,1,13,True,True,False,V1_P1_C0,high,V1_P1_C0__high,val
000287,0,2,0,2,2,4,False,True,False,V0_P1_C0,low,V0_P1_C0__low,train
000288,0,1,0,1,0,1,False,True,False,V0_P1_C0,low,V0_P1_C0__low,train
000289,3,0,0,3,0,3,True,False,False,V1_P0_C0,low,V1_P0_C0__low,val
000290,0,1,0,1,0,1,False,True,False,V0_P1_C0,low,V0_P1_C0__low,train
000291,4,0,0,4,2,6,True,False,False,V1_P0_C0,medium,V1_P0_C0__medium,train
000292,1,1,0,2,2,4,True,True,False,V1_P1_C0,low,V1_P1_C0__low,train
000293,3,0,0,3,0,3,True,False,False,V1_P0_C0,low,V1_P0_C0__low,val
000294,0,1,0,1,0,1,False,True,False,V0_P1_C0,low,V0_P1_C0__low,train
000295,2,0,1,3,5,8,True,False,True,V1_P0_C1,low,V1_P0_C1__low,val
000296,5,0,0,5,4,9,True,False,False,V1_P0_C0,medium,V1_P0_C0__medium,train
000297,6,0,0,6,3,9,True,False,False,V1_P0_C0,medium,V1_P0_C0__medium,train
000298,0,1,0,1,0,1,False,True,False,V0_P1_C0,low,V0_P1_C0__low,val
000299,1,0,0,1,1,2,True,False,False,V1_P0_C0,low,V1_P0_C0__low,train
000300,2,0,0,2,4,6,True,False,False,V1_P0_C0,low,V1_P0_C0__low,train
000301,7,0,0,7,0,7,True,False,False,V1_P0_C0,high,V1_P0_C0__high,val
000302,3,0,0,3,1,4,True,False,False,V1_P0_C0,low,V1_P0_C0__low,train
000303,3,4,0,7,2,9,True,True,False,V1_P1_C0,high,V1_P1_C0__high,train
000304,1,0,0,1,1,2,True,False,False,V1_P0_C0,low,V1_P0_C0__low,val
000305,5,0,0,5,1,6,True,False,False,V1_P0_C0,medium,V1_P0_C0__medium,train
000306,2,0,1,3,4,7,True,False,True,V1_P0_C1,low,V1_P0_C1__low,val
000307,2,0,2,4,3,7,True,False,True,V1_P0_C1,medium,V1_P0_C1__medium,train
000308,2,2,1,5,5,10,True,True,True,V1_P1_C1,medium,V1_P1_C1__medium,train
000309,4,0,0,4,1,5,True,False,False,V1_P0_C0,medium,V1_P0_C0__medium,train
000310,9,0,1,10,2,12,True,False,True,V1_P0_C1,high,V1_P0_C1__high,train
000311,7,3,0,10,1,11,True,True,False,V1_P1_C0,high,V1_P1_C0__high,train
000312,4,1,0,5,1,6,True,True,False,V1_P1_C0,medium,V1_P1_C0__medium,train
000313,1,0,0,1,6,7,True,False,False,V1_P0_C0,low,V1_P0_C0__low,train
000314,4,0,0,4,3,7,True,False,False,V1_P0_C0,medium,V1_P0_C0__medium,train
000315,3,0,0,3,1,4,True,False,False,V1_P0_C0,low,V1_P0_C0__low,train
000316,11,1,0,12,0,12,True,True,False,V1_P1_C0,high,V1_P1_C0__high,train
000317,0,6,4,10,4,14,False,True,True,V0_P1_C1,high,V0_P1_C1__high,train
000318,5,0,0,5,2,7,True,False,False,V1_P0_C0,medium,V1_P0_C0__medium,val
000319,4,0,0,4,0,4,True,False,False,V1_P0_C0,medium,V1_P0_C0__medium,train
000320,4,0,1,5,2,7,True,False,True,V1_P0_C1,medium,V1_P0_C1__medium,train
000321,4,0,0,4,1,5,True,False,False,V1_P0_C0,medium,V1_P0_C0__medium,train
000322,2,0,0,2,1,3,True,False,False,V1_P0_C0,low,V1_P0_C0__low,train
000323,6,0,0,6,1,7,True,False,False,V1_P0_C0,medium,V1_P0_C0__medium,train
000324,0,1,0,1,0,1,False,True,False,V0_P1_C0,low,V0_P1_C0__low,val
000325,7,0,1,8,0,8,True,False,True,V1_P0_C1,high,V1_P0_C1__high,train
000326,2,0,0,2,3,5,True,False,False,V1_P0_C0,low,V1_P0_C0__low,train
000327,0,1,0,1,0,1,False,True,False,V0_P1_C0,low,V0_P1_C0__low,train
000328,10,0,1,11,0,11,True,False,True,V1_P0_C1,high,V1_P0_C1__high,train
000329,2,1,0,3,5,8,True,True,False,V1_P1_C0,low,V1_P1_C0__low,val
000330,9,1,0,10,0,10,True,True,False,V1_P1_C0,high,V1_P1_C0__high,train
000331,2,0,1,3,0,3,True,False,True,V1_P0_C1,low,V1_P0_C1__low,train
000332,1,11,0,12,1,13,True,True,False,V1_P1_C0,high,V1_P1_C0__high,val
000333,3,0,1,4,2,6,True,False,True,V1_P0_C1,medium,V1_P0_C1__medium,train
000334,2,0,0,2,1,3,True,False,False,V1_P0_C0,low,V1_P0_C0__low,train
000335,6,0,1,7,1,8,True,False,True,V1_P0_C1,high,V1_P0_C1__high,train
000336,3,10,0,13,3,16,True,True,False,V1_P1_C0,high,V1_P1_C0__high,val
000337,0,1,0,1,0,1,False,True,False,V0_P1_C0,low,V0_P1_C0__low,train
000338,8,0,0,8,1,9,True,False,False,V1_P0_C0,high,V1_P0_C0__high,train
000339,9,1,1,11,3,14,True,True,True,V1_P1_C1,high,V1_P1_C1__high,train
000340,4,0,0,4,3,7,True,False,False,V1_P0_C0,medium,V1_P0_C0__medium,train
000341,1,6,0,7,2,9,True,True,False,V1_P1_C0,high,V1_P1_C0__high,train
000342,0,4,0,4,5,9,False,True,False,V0_P1_C0,medium,V0_P1_C0__medium,train
000343,4,0,0,4,2,6,True,False,False,V1_P0_C0,medium,V1_P0_C0__medium,train
000344,5,0,0,5,2,7,True,False,False,V1_P0_C0,medium,V1_P0_C0__medium,train
000345,6,0,0,6,1,7,True,False,False,V1_P0_C0,medium,V1_P0_C0__medium,train
000346,9,0,0,9,3,12,True,False,False,V1_P0_C0,high,V1_P0_C0__high,train
000347,2,0,2,4,2,6,True,False,True,V1_P0_C1,medium,V1_P0_C1__medium,val
000348,9,1,0,10,0,10,True,True,False,V1_P1_C0,high,V1_P1_C0__high,train
000349,3,0,0,3,1,4,True,False,False,V1_P0_C0,low,V1_P0_C0__low,train
000350,9,0,0,9,3,12,True,False,False,V1_P0_C0,high,V1_P0_C0__high,val
000351,8,0,0,8,1,9,True,False,False,V1_P0_C0,high,V1_P0_C0__high,train
000352,11,0,0,11,1,12,True,False,False,V1_P0_C0,high,V1_P0_C0__high,val
000353,2,0,0,2,0,2,True,False,False,V1_P0_C0,low,V1_P0_C0__low,train
000354,5,0,1,6,4,10,True,False,True,V1_P0_C1,medium,V1_P0_C1__medium,train
000355,3,0,0,3,1,4,True,False,False,V1_P0_C0,low,V1_P0_C0__low,train
000356,8,0,0,8,2,10,True,False,False,V1_P0_C0,high,V1_P0_C0__high,train
000357,10,0,0,10,1,11,True,False,False,V1_P0_C0,high,V1_P0_C0__high,train
000358,4,0,0,4,2,6,True,False,False,V1_P0_C0,medium,V1_P0_C0__medium,val
000359,3,0,0,3,5,8,True,False,False,V1_P0_C0,low,V1_P0_C0__low,train
000360,4,0,1,5,1,6,True,False,True,V1_P0_C1,medium,V1_P0_C1__medium,train
000361,7,0,0,7,5,12,True,False,False,V1_P0_C0,high,V1_P0_C0__high,val
000362,8,0,2,10,4,14,True,False,True,V1_P0_C1,high,V1_P0_C1__high,train
000363,4,0,0,4,3,7,True,False,False,V1_P0_C0,medium,V1_P0_C0__medium,train
000364,0,3,0,3,3,6,False,True,False,V0_P1_C0,low,V0_P1_C0__low,train
000365,0,1,0,1,0,1,False,True,False,V0_P1_C0,low,V0_P1_C0__low,train
000366,2,2,2,6,4,10,True,True,True,V1_P1_C1,medium,V1_P1_C1__medium,train
000367,1,0,0,1,4,5,True,False,False,V1_P0_C0,low,V1_P0_C0__low,train
000368,0,1,0,1,0,1,False,True,False,V0_P1_C0,low,V0_P1_C0__low,train
000369,13,0,0,13,2,15,True,False,False,V1_P0_C0,high,V1_P0_C0__high,train
000370,9,0,0,9,0,9,True,False,False,V1_P0_C0,high,V1_P0_C0__high,train
000371,11,1,0,12,1,13,True,True,False,V1_P1_C0,high,V1_P1_C0__high,val
000372,3,0,0,3,4,7,True,False,False,V1_P0_C0,low,V1_P0_C0__low,train
000373,5,0,0,5,1,6,True,False,False,V1_P0_C0,medium,V1_P0_C0__medium,train
000374,5,0,0,5,2,7,True,False,False,V1_P0_C0,medium,V1_P0_C0__medium,train
000375,1,0,0,1,2,3,True,False,False,V1_P0_C0,low,V1_P0_C0__low,val
000376,3,0,1,4,3,7,True,False,True,V1_P0_C1,medium,V1_P0_C1__medium,val
000377,5,0,0,5,2,7,True,False,False,V1_P0_C0,medium,V1_P0_C0__medium,train
000378,3,0,0,3,1,4,True,False,False,V1_P0_C0,low,V1_P0_C0__low,train
000379,3,0,1,4,3,7,True,False,True,V1_P0_C1,medium,V1_P0_C1__medium,train
000380,6,2,1,9,2,11,True,True,True,V1_P1_C1,high,V1_P1_C1__high,train
000381,0,1,0,1,0,1,False,True,False,V0_P1_C0,low,V0_P1_C0__low,train
000382,7,0,1,8,1,9,True,False,True,V1_P0_C1,high,V1_P0_C1__high,train
000383,3,6,3,12,1,13,True,True,True,V1_P1_C1,high,V1_P1_C1__high,val
000384,4,12,0,16,1,17,True,True,False,V1_P1_C0,high,V1_P1_C0__high,train
000385,5,0,0,5,3,8,True,False,False,V1_P0_C0,medium,V1_P0_C0__medium,val
000386,9,0,0,9,0,9,True,False,False,V1_P0_C0,high,V1_P0_C0__high,train
000387,4,0,0,4,1,5,True,False,False,V1_P0_C0,medium,V1_P0_C0__medium,train
000388,2,0,0,2,2,4,True,False,False,V1_P0_C0,low,V1_P0_C0__low,train
000389,9,0,0,9,0,9,True,False,False,V1_P0_C0,high,V1_P0_C0__high,train
000390,2,0,0,2,0,2,True,False,False,V1_P0_C0,low,V1_P0_C0__low,train
000391,4,0,0,4,2,6,True,False,False,V1_P0_C0,medium,V1_P0_C0__medium,train
000392,11,0,0,11,4,15,True,False,False,V1_P0_C0,high,V1_P0_C0__high,val
000393,9,0,0,9,3,12,True,False,False,V1_P0_C0,high,V1_P0_C0__high,train
000394,2,1,0,3,6,9,True,True,False,V1_P1_C0,low,V1_P1_C0__low,train
000395,12,0,0,12,2,14,True,False,False,V1_P0_C0,high,V1_P0_C0__high,val
000396,2,0,0,2,0,2,True,False,False,V1_P0_C0,low,V1_P0_C0__low,val
000397,6,1,0,7,9,16,True,True,False,V1_P1_C0,high,V1_P1_C0__high,val
000398,0,1,0,1,0,1,False,True,False,V0_P1_C0,low,V0_P1_C0__low,train
000399,3,0,0,3,1,4,True,False,False,V1_P0_C0,low,V1_P0_C0__low,train
000400,5,0,0,5,2,7,True,False,False,V1_P0_C0,medium,V1_P0_C0__medium,train
000401,7,3,0,10,1,11,True,True,False,V1_P1_C0,high,V1_P1_C0__high,train
000402,4,0,0,4,3,7,True,False,False,V1_P0_C0,medium,V1_P0_C0__medium,train
000403,5,0,0,5,3,8,True,False,False,V1_P0_C0,medium,V1_P0_C0__medium,val
000404,12,0,0,12,1,13,True,False,False,V1_P0_C0,high,V1_P0_C0__high,train
000405,6,0,0,6,3,9,True,False,False,V1_P0_C0,medium,V1_P0_C0__medium,val
000406,1,0,0,1,1,2,True,False,False,V1_P0_C0,low,V1_P0_C0__low,train
000407,0,1,0,1,0,1,False,True,False,V0_P1_C0,low,V0_P1_C0__low,train
000408,7,0,1,8,1,9,True,False,True,V1_P0_C1,high,V1_P0_C1__high,train
000409,2,0,1,3,0,3,True,False,True,V1_P0_C1,low,V1_P0_C1__low,train
000410,7,0,0,7,1,8,True,False,False,V1_P0_C0,high,V1_P0_C0__high,train
000411,2,0,0,2,1,3,True,False,False,V1_P0_C0,low,V1_P0_C0__low,train
000412,3,4,0,7,1,8,True,True,False,V1_P1_C0,high,V1_P1_C0__high,train
000413,3,0,0,3,3,6,True,False,False,V1_P0_C0,low,V1_P0_C0__low,train
000414,1,0,0,1,0,1,True,False,False,V1_P0_C0,low,V1_P0_C0__low,train
000415,11,0,0,11,2,13,True,False,False,V1_P0_C0,high,V1_P0_C0__high,train
000416,2,0,0,2,2,4,True,False,False,V1_P0_C0,low,V1_P0_C0__low,train
000417,2,0,0,2,9,11,True,False,False,V1_P0_C0,low,V1_P0_C0__low,train
000418,3,0,0,3,2,5,True,False,False,V1_P0_C0,low,V1_P0_C0__low,val
000419,3,0,0,3,0,3,True,False,False,V1_P0_C0,low,V1_P0_C0__low,train
000420,5,0,0,5,0,5,True,False,False,V1_P0_C0,medium,V1_P0_C0__medium,train
000421,7,0,0,7,2,9,True,False,False,V1_P0_C0,high,V1_P0_C0__high,val
000422,1,6,1,8,1,9,True,True,True,V1_P1_C1,high,V1_P1_C1__high,train
000423,13,1,0,14,1,15,True,True,False,V1_P1_C0,high,V1_P1_C0__high,train
000424,7,0,1,8,7,15,True,False,True,V1_P0_C1,high,V1_P0_C1__high,train
000425,7,0,0,7,8,15,True,False,False,V1_P0_C0,high,V1_P0_C0__high,train
000426,4,0,0,4,3,7,True,False,False,V1_P0_C0,medium,V1_P0_C0__medium,train
000427,7,0,0,7,4,11,True,False,False,V1_P0_C0,high,V1_P0_C0__high,val
000428,1,3,0,4,2,6,True,True,False,V1_P1_C0,medium,V1_P1_C0__medium,train
000429,10,0,0,10,2,12,True,False,False,V1_P0_C0,high,V1_P0_C0__high,train
000430,4,0,0,4,2,6,True,False,False,V1_P0_C0,medium,V1_P0_C0__medium,train
000431,2,0,0,2,5,7,True,False,False,V1_P0_C0,low,V1_P0_C0__low,val
000432,15,0,0,15,1,16,True,False,False,V1_P0_C0,high,V1_P0_C0__high,train
000433,4,0,0,4,3,7,True,False,False,V1_P0_C0,medium,V1_P0_C0__medium,train
000434,1,0,0,1,0,1,True,False,False,V1_P0_C0,low,V1_P0_C0__low,train
000435,4,0,1,5,0,5,True,False,True,V1_P0_C1,medium,V1_P0_C1__medium,train
000436,8,3,0,11,2,13,True,True,False,V1_P1_C0,high,V1_P1_C0__high,val
000437,2,0,0,2,1,3,True,False,False,V1_P0_C0,low,V1_P0_C0__low,train
000438,2,0,0,2,4,6,True,False,False,V1_P0_C0,low,V1_P0_C0__low,train
000439,7,0,0,7,2,9,True,False,False,V1_P0_C0,high,V1_P0_C0__high,train
000440,2,0,0,2,6,8,True,False,False,V1_P0_C0,low,V1_P0_C0__low,train
000441,7,0,0,7,6,13,True,False,False,V1_P0_C0,high,V1_P0_C0__high,train
000442,6,1,0,7,5,12,True,True,False,V1_P1_C0,high,V1_P1_C0__high,train
000443,8,0,0,8,3,11,True,False,False,V1_P0_C0,high,V1_P0_C0__high,train
000444,1,0,0,1,1,2,True,False,False,V1_P0_C0,low,V1_P0_C0__low,train
000445,16,1,0,17,1,18,True,True,False,V1_P1_C0,high,V1_P1_C0__high,train
000446,1,0,1,2,1,3,True,False,True,V1_P0_C1,low,V1_P0_C1__low,train
000447,6,0,0,6,2,8,True,False,False,V1_P0_C0,medium,V1_P0_C0__medium,train
000448,2,2,3,7,3,10,True,True,True,V1_P1_C1,high,V1_P1_C1__high,train
000449,5,0,1,6,4,10,True,False,True,V1_P0_C1,medium,V1_P0_C1__medium,train
000450,3,0,0,3,1,4,True,False,False,V1_P0_C0,low,V1_P0_C0__low,train
000451,2,0,0,2,1,3,True,False,False,V1_P0_C0,low,V1_P0_C0__low,train
000452,3,0,0,3,5,8,True,False,False,V1_P0_C0,low,V1_P0_C0__low,train
000453,4,0,1,5,3,8,True,False,True,V1_P0_C1,medium,V1_P0_C1__medium,val
000454,3,0,0,3,2,5,True,False,False,V1_P0_C0,low,V1_P0_C0__low,train
000455,8,0,0,8,2,10,True,False,False,V1_P0_C0,high,V1_P0_C0__high,val
000456,2,0,0,2,1,3,True,False,False,V1_P0_C0,low,V1_P0_C0__low,train
000457,3,0,0,3,1,4,True,False,False,V1_P0_C0,low,V1_P0_C0__low,train
000458,5,0,0,5,0,5,True,False,False,V1_P0_C0,medium,V1_P0_C0__medium,train
000459,4,0,0,4,1,5,True,False,False,V1_P0_C0,medium,V1_P0_C0__medium,train
000460,1,2,2,5,2,7,True,True,True,V1_P1_C1,medium,V1_P1_C1__medium,train
000461,2,0,1,3,6,9,True,False,True,V1_P0_C1,low,V1_P0_C1__low,train
000462,8,4,0,12,1,13,True,True,False,V1_P1_C0,high,V1_P1_C0__high,train
000463,8,0,1,9,1,10,True,False,True,V1_P0_C1,high,V1_P0_C1__high,val
000464,3,3,1,7,0,7,True,True,True,V1_P1_C1,high,V1_P1_C1__high,train
000465,0,1,0,1,0,1,False,True,False,V0_P1_C0,low,V0_P1_C0__low,train
000466,3,0,0,3,1,4,True,False,False,V1_P0_C0,low,V1_P0_C0__low,train
000467,1,0,0,1,1,2,True,False,False,V1_P0_C0,low,V1_P0_C0__low,train
000468,4,0,1,5,4,9,True,False,True,V1_P0_C1,medium,V1_P0_C1__medium,train
000469,1,12,0,13,5,18,True,True,False,V1_P1_C0,high,V1_P1_C0__high,train
000470,10,0,0,10,7,17,True,False,False,V1_P0_C0,high,V1_P0_C0__high,train
000471,7,1,1,9,2,11,True,True,True,V1_P1_C1,high,V1_P1_C1__high,val
000472,6,1,0,7,1,8,True,True,False,V1_P1_C0,high,V1_P1_C0__high,val
000473,1,0,0,1,2,3,True,False,False,V1_P0_C0,low,V1_P0_C0__low,train
000474,2,0,0,2,3,5,True,False,False,V1_P0_C0,low,V1_P0_C0__low,train
000475,8,0,0,8,3,11,True,False,False,V1_P0_C0,high,V1_P0_C0__high,train
000476,1,0,0,1,2,3,True,False,False,V1_P0_C0,low,V1_P0_C0__low,train
000477,0,1,0,1,0,1,False,True,False,V0_P1_C0,low,V0_P1_C0__low,train
000478,4,0,0,4,1,5,True,False,False,V1_P0_C0,medium,V1_P0_C0__medium,train
000479,5,0,0,5,3,8,True,False,False,V1_P0_C0,medium,V1_P0_C0__medium,train
000480,4,0,0,4,4,8,True,False,False,V1_P0_C0,medium,V1_P0_C0__medium,train
000481,2,0,1,3,3,6,True,False,True,V1_P0_C1,low,V1_P0_C1__low,train
000482,2,0,0,2,2,4,True,False,False,V1_P0_C0,low,V1_P0_C0__low,train
000483,9,0,0,9,2,11,True,False,False,V1_P0_C0,high,V1_P0_C0__high,val
000484,6,1,0,7,2,9,True,True,False,V1_P1_C0,high,V1_P1_C0__high,train
000485,4,0,0,4,3,7,True,False,False,V1_P0_C0,medium,V1_P0_C0__medium,train
000486,6,2,0,8,2,10,True,True,False,V1_P1_C0,high,V1_P1_C0__high,train
000487,0,3,0,3,4,7,False,True,False,V0_P1_C0,low,V0_P1_C0__low,train
000488,9,0,0,9,3,12,True,False,False,V1_P0_C0,high,V1_P0_C0__high,train
000489,2,0,0,2,3,5,True,False,False,V1_P0_C0,low,V1_P0_C0__low,train
000490,8,1,0,9,6,15,True,True,False,V1_P1_C0,high,V1_P1_C0__high,train
000491,5,0,0,5,2,7,True,False,False,V1_P0_C0,medium,V1_P0_C0__medium,train
000492,11,0,0,11,0,11,True,False,False,V1_P0_C0,high,V1_P0_C0__high,train
000493,4,0,0,4,4,8,True,False,False,V1_P0_C0,medium,V1_P0_C0__medium,train
000494,6,0,0,6,2,8,True,False,False,V1_P0_C0,medium,V1_P0_C0__medium,val
000495,4,0,1,5,2,7,True,False,True,V1_P0_C1,medium,V1_P0_C1__medium,train
000496,0,3,0,3,6,9,False,True,False,V0_P1_C0,low,V0_P1_C0__low,train
000497,9,0,0,9,3,12,True,False,False,V1_P0_C0,high,V1_P0_C0__high,val
000498,0,1,0,1,0,1,False,True,False,V0_P1_C0,low,V0_P1_C0__low,val
000499,0,1,0,1,2,3,False,True,False,V0_P1_C0,low,V0_P1_C0__low,train
000500,14,0,0,14,2,16,True,False,False,V1_P0_C0,high,V1_P0_C0__high,train
000501,2,0,1,3,5,8,True,False,True,V1_P0_C1,low,V1_P0_C1__low,train
000502,8,3,0,11,1,12,True,True,False,V1_P1_C0,high,V1_P1_C0__high,val
000503,4,0,0,4,1,5,True,False,False,V1_P0_C0,medium,V1_P0_C0__medium,train
000504,2,0,0,2,0,2,True,False,False,V1_P0_C0,low,V1_P0_C0__low,train
000505,2,1,2,5,2,7,True,True,True,V1_P1_C1,medium,V1_P1_C1__medium,val
000506,4,0,0,4,4,8,True,False,False,V1_P0_C0,medium,V1_P0_C0__medium,val
000507,3,0,0,3,0,3,True,False,False,V1_P0_C0,low,V1_P0_C0__low,train
000508,3,0,0,3,1,4,True,False,False,V1_P0_C0,low,V1_P0_C0__low,train
000509,0,1,0,1,0,1,False,True,False,V0_P1_C0,low,V0_P1_C0__low,train
000510,7,0,0,7,1,8,True,False,False,V1_P0_C0,high,V1_P0_C0__high,val
000511,6,0,0,6,3,9,True,False,False,V1_P0_C0,medium,V1_P0_C0__medium,train
000512,2,0,0,2,3,5,True,False,False,V1_P0_C0,low,V1_P0_C0__low,train
000513,14,0,0,14,0,14,True,False,False,V1_P0_C0,high,V1_P0_C0__high,train
000514,1,0,1,2,5,7,True,False,True,V1_P0_C1,low,V1_P0_C1__low,val
000515,9,0,0,9,0,9,True,False,False,V1_P0_C0,high,V1_P0_C0__high,train
000516,4,0,0,4,2,6,True,False,False,V1_P0_C0,medium,V1_P0_C0__medium,train
000517,4,0,0,4,1,5,True,False,False,V1_P0_C0,medium,V1_P0_C0__medium,train
000518,1,6,2,9,6,15,True,True,True,V1_P1_C1,high,V1_P1_C1__high,train
000519,11,0,1,12,3,15,True,False,True,V1_P0_C1,high,V1_P0_C1__high,val
000520,0,1,0,1,0,1,False,True,False,V0_P1_C0,low,V0_P1_C0__low,train
000521,4,0,0,4,3,7,True,False,False,V1_P0_C0,medium,V1_P0_C0__medium,val
000522,4,4,0,8,2,10,True,True,False,V1_P1_C0,high,V1_P1_C0__high,val
000523,2,0,0,2,3,5,True,False,False,V1_P0_C0,low,V1_P0_C0__low,train
000524,3,0,0,3,1,4,True,False,False,V1_P0_C0,low,V1_P0_C0__low,train
000525,1,0,0,1,1,2,True,False,False,V1_P0_C0,low,V1_P0_C0__low,val
000526,1,0,0,1,1,2,True,False,False,V1_P0_C0,low,V1_P0_C0__low,train
000527,7,0,0,7,1,8,True,False,False,V1_P0_C0,high,V1_P0_C0__high,val
000528,4,0,1,5,1,6,True,False,True,V1_P0_C1,medium,V1_P0_C1__medium,val
000529,4,0,3,7,4,11,True,False,True,V1_P0_C1,high,V1_P0_C1__high,train
000530,1,3,0,4,2,6,True,True,False,V1_P1_C0,medium,V1_P1_C0__medium,train
000531,12,0,0,12,2,14,True,False,False,V1_P0_C0,high,V1_P0_C0__high,train
000532,0,1,0,1,0,1,False,True,False,V0_P1_C0,low,V0_P1_C0__low,train
000533,1,0,0,1,4,5,True,False,False,V1_P0_C0,low,V1_P0_C0__low,val
000534,1,0,0,1,1,2,True,False,False,V1_P0_C0,low,V1_P0_C0__low,train
000535,4,12,1,17,1,18,True,True,True,V1_P1_C1,high,V1_P1_C1__high,val
000536,2,0,1,3,0,3,True,False,True,V1_P0_C1,low,V1_P0_C1__low,val
000537,3,0,0,3,0,3,True,False,False,V1_P0_C0,low,V1_P0_C0__low,train
000538,1,0,0,1,5,6,True,False,False,V1_P0_C0,low,V1_P0_C0__low,val
000539,8,0,0,8,3,11,True,False,False,V1_P0_C0,high,V1_P0_C0__high,train
000540,14,0,0,14,1,15,True,False,False,V1_P0_C0,high,V1_P0_C0__high,train
000541,7,0,0,7,0,7,True,False,False,V1_P0_C0,high,V1_P0_C0__high,val
000542,5,0,0,5,1,6,True,False,False,V1_P0_C0,medium,V1_P0_C0__medium,train
000543,3,0,0,3,1,4,True,False,False,V1_P0_C0,low,V1_P0_C0__low,train
000544,2,0,0,2,7,9,True,False,False,V1_P0_C0,low,V1_P0_C0__low,train
000545,4,0,0,4,2,6,True,False,False,V1_P0_C0,medium,V1_P0_C0__medium,train
000546,1,0,0,1,0,1,True,False,False,V1_P0_C0,low,V1_P0_C0__low,val
000547,2,0,0,2,0,2,True,False,False,V1_P0_C0,low,V1_P0_C0__low,train
000548,5,0,3,8,2,10,True,False,True,V1_P0_C1,high,V1_P0_C1__high,train
000549,7,0,0,7,8,15,True,False,False,V1_P0_C0,high,V1_P0_C0__high,train
000550,2,0,0,2,2,4,True,False,False,V1_P0_C0,low,V1_P0_C0__low,train
000551,5,0,0,5,2,7,True,False,False,V1_P0_C0,medium,V1_P0_C0__medium,train
000552,1,0,0,1,1,2,True,False,False,V1_P0_C0,low,V1_P0_C0__low,val
000553,15,1,0,16,0,16,True,True,False,V1_P1_C0,high,V1_P1_C0__high,train
000554,8,0,0,8,9,17,True,False,False,V1_P0_C0,high,V1_P0_C0__high,train
000555,4,0,0,4,1,5,True,False,False,V1_P0_C0,medium,V1_P0_C0__medium,train
000556,2,0,0,2,3,5,True,False,False,V1_P0_C0,low,V1_P0_C0__low,train
000557,6,0,0,6,0,6,True,False,False,V1_P0_C0,medium,V1_P0_C0__medium,val
000558,9,0,0,9,1,10,True,False,False,V1_P0_C0,high,V1_P0_C0__high,val
000559,1,6,2,9,2,11,True,True,True,V1_P1_C1,high,V1_P1_C1__high,train
000560,1,0,1,2,2,4,True,False,True,V1_P0_C1,low,V1_P0_C1__low,train
000561,2,0,0,2,2,4,True,False,False,V1_P0_C0,low,V1_P0_C0__low,train
000562,5,0,0,5,3,8,True,False,False,V1_P0_C0,medium,V1_P0_C0__medium,train
000563,1,0,0,1,1,2,True,False,False,V1_P0_C0,low,V1_P0_C0__low,train
000564,2,1,0,3,1,4,True,True,False,V1_P1_C0,low,V1_P1_C0__low,train
000565,1,0,0,1,1,2,True,False,False,V1_P0_C0,low,V1_P0_C0__low,train
000566,3,0,0,3,1,4,True,False,False,V1_P0_C0,low,V1_P0_C0__low,train
000567,5,1,0,6,1,7,True,True,False,V1_P1_C0,medium,V1_P1_C0__medium,train
000568,1,0,0,1,2,3,True,False,False,V1_P0_C0,low,V1_P0_C0__low,train
000569,2,0,0,2,5,7,True,False,False,V1_P0_C0,low,V1_P0_C0__low,val
000570,1,0,0,1,1,2,True,False,False,V1_P0_C0,low,V1_P0_C0__low,val
000571,1,11,0,12,2,14,True,True,False,V1_P1_C0,high,V1_P1_C0__high,train
000572,9,0,0,9,1,10,True,False,False,V1_P0_C0,high,V1_P0_C0__high,train
000573,10,0,0,10,6,16,True,False,False,V1_P0_C0,high,V1_P0_C0__high,val
000574,1,0,0,1,3,4,True,False,False,V1_P0_C0,low,V1_P0_C0__low,train
000575,5,0,1,6,1,7,True,False,True,V1_P0_C1,medium,V1_P0_C1__medium,train
000576,3,0,0,3,8,11,True,False,False,V1_P0_C0,low,V1_P0_C0__low,train
000577,5,0,0,5,1,6,True,False,False,V1_P0_C0,medium,V1_P0_C0__medium,train
000578,7,0,0,7,2,9,True,False,False,V1_P0_C0,high,V1_P0_C0__high,train
000579,12,0,0,12,1,13,True,False,False,V1_P0_C0,high,V1_P0_C0__high,train
000580,1,0,0,1,4,5,True,False,False,V1_P0_C0,low,V1_P0_C0__low,train
000581,1,0,0,1,2,3,True,False,False,V1_P0_C0,low,V1_P0_C0__low,train
000582,5,0,0,5,0,5,True,False,False,V1_P0_C0,medium,V1_P0_C0__medium,val
000583,3,0,1,4,2,6,True,False,True,V1_P0_C1,medium,V1_P0_C1__medium,train
000584,1,0,0,1,1,2,True,False,False,V1_P0_C0,low,V1_P0_C0__low,train
000585,3,0,1,4,1,5,True,False,True,V1_P0_C1,medium,V1_P0_C1__medium,train
000586,13,0,0,13,1,14,True,False,False,V1_P0_C0,high,V1_P0_C0__high,val
000587,2,0,0,2,1,3,True,False,False,V1_P0_C0,low,V1_P0_C0__low,train
000588,4,0,0,4,3,7,True,False,False,V1_P0_C0,medium,V1_P0_C0__medium,val
000589,4,0,0,4,2,6,True,False,False,V1_P0_C0,medium,V1_P0_C0__medium,train
000590,18,0,1,19,1,20,True,False,True,V1_P0_C1,high,V1_P0_C1__high,train
000591,7,0,0,7,2,9,True,False,False,V1_P0_C0,high,V1_P0_C0__high,train
000592,7,0,0,7,3,10,True,False,False,V1_P0_C0,high,V1_P0_C0__high,train
000593,1,0,0,1,1,2,True,False,False,V1_P0_C0,low,V1_P0_C0__low,train
000594,4,0,0,4,2,6,True,False,False,V1_P0_C0,medium,V1_P0_C0__medium,train
000595,2,2,0,4,5,9,True,True,False,V1_P1_C0,medium,V1_P1_C0__medium,val
000596,1,8,1,10,6,16,True,True,True,V1_P1_C1,high,V1_P1_C1__high,train
000597,12,0,0,12,1,13,True,False,False,V1_P0_C0,high,V1_P0_C0__high,train
000598,0,1,0,1,0,1,False,True,False,V0_P1_C0,low,V0_P1_C0__low,train
000599,8,1,0,9,2,11,True,True,False,V1_P1_C0,high,V1_P1_C0__high,val
000600,9,0,0,9,0,9,True,False,False,V1_P0_C0,high,V1_P0_C0__high,train
000601,4,0,0,4,3,7,True,False,False,V1_P0_C0,medium,V1_P0_C0__medium,train
000602,1,0,0,1,4,5,True,False,False,V1_P0_C0,low,V1_P0_C0__low,train
000603,7,0,0,7,2,9,True,False,False,V1_P0_C0,high,V1_P0_C0__high,val
000604,1,1,0,2,0,2,True,True,False,V1_P1_C0,low,V1_P1_C0__low,train
000605,4,0,0,4,0,4,True,False,False,V1_P0_C0,medium,V1_P0_C0__medium,train
000606,1,0,0,1,3,4,True,False,False,V1_P0_C0,low,V1_P0_C0__low,train
000607,1,0,0,1,1,2,True,False,False,V1_P0_C0,low,V1_P0_C0__low,train
000608,3,3,1,7,0,7,True,True,True,V1_P1_C1,high,V1_P1_C1__high,train
000609,3,0,0,3,0,3,True,False,False,V1_P0_C0,low,V1_P0_C0__low,train
000610,2,0,0,2,3,5,True,False,False,V1_P0_C0,low,V1_P0_C0__low,train
000611,3,0,0,3,2,5,True,False,False,V1_P0_C0,low,V1_P0_C0__low,train
000612,12,0,0,12,2,14,True,False,False,V1_P0_C0,high,V1_P0_C0__high,train
000613,13,1,0,14,4,18,True,True,False,V1_P1_C0,high,V1_P1_C0__high,val
000614,5,0,3,8,2,10,True,False,True,V1_P0_C1,high,V1_P0_C1__high,train
000615,6,0,1,7,2,9,True,False,True,V1_P0_C1,high,V1_P0_C1__high,train
000616,3,0,0,3,1,4,True,False,False,V1_P0_C0,low,V1_P0_C0__low,train
000617,3,0,0,3,3,6,True,False,False,V1_P0_C0,low,V1_P0_C0__low,train
000618,1,0,1,2,2,4,True,False,True,V1_P0_C1,low,V1_P0_C1__low,train
000619,4,0,0,4,3,7,True,False,False,V1_P0_C0,medium,V1_P0_C0__medium,val
000620,6,0,0,6,2,8,True,False,False,V1_P0_C0,medium,V1_P0_C0__medium,train
000621,3,0,0,3,1,4,True,False,False,V1_P0_C0,low,V1_P0_C0__low,train
000622,2,1,0,3,2,5,True,True,False,V1_P1_C0,low,V1_P1_C0__low,train
000623,8,0,0,8,4,12,True,False,False,V1_P0_C0,high,V1_P0_C0__high,val
000624,3,0,0,3,2,5,True,False,False,V1_P0_C0,low,V1_P0_C0__low,train
000625,1,10,0,11,4,15,True,True,False,V1_P1_C0,high,V1_P1_C0__high,train
000626,5,0,0,5,2,7,True,False,False,V1_P0_C0,medium,V1_P0_C0__medium,train
000627,3,0,0,3,0,3,True,False,False,V1_P0_C0,low,V1_P0_C0__low,train
000628,14,0,0,14,4,18,True,False,False,V1_P0_C0,high,V1_P0_C0__high,train
000629,2,0,0,2,1,3,True,False,False,V1_P0_C0,low,V1_P0_C0__low,train
000630,3,0,0,3,4,7,True,False,False,V1_P0_C0,low,V1_P0_C0__low,train
000631,6,0,0,6,1,7,True,False,False,V1_P0_C0,medium,V1_P0_C0__medium,train
000632,9,1,1,11,2,13,True,True,True,V1_P1_C1,high,V1_P1_C1__high,train
000633,0,1,0,1,0,1,False,True,False,V0_P1_C0,low,V0_P1_C0__low,train
000634,5,0,0,5,2,7,True,False,False,V1_P0_C0,medium,V1_P0_C0__medium,train
000635,4,0,0,4,2,6,True,False,False,V1_P0_C0,medium,V1_P0_C0__medium,train
000636,2,0,0,2,1,3,True,False,False,V1_P0_C0,low,V1_P0_C0__low,train
000637,8,0,0,8,2,10,True,False,False,V1_P0_C0,high,V1_P0_C0__high,val
000638,6,4,0,10,2,12,True,True,False,V1_P1_C0,high,V1_P1_C0__high,train
000639,6,0,2,8,3,11,True,False,True,V1_P0_C1,high,V1_P0_C1__high,train
000640,4,0,0,4,1,5,True,False,False,V1_P0_C0,medium,V1_P0_C0__medium,train
000641,7,0,0,7,1,8,True,False,False,V1_P0_C0,high,V1_P0_C0__high,train
000642,4,0,0,4,3,7,True,False,False,V1_P0_C0,medium,V1_P0_C0__medium,train
000643,14,0,0,14,0,14,True,False,False,V1_P0_C0,high,V1_P0_C0__high,val
000644,2,1,0,3,0,3,True,True,False,V1_P1_C0,low,V1_P1_C0__low,train
000645,4,0,0,4,0,4,True,False,False,V1_P0_C0,medium,V1_P0_C0__medium,train
000646,0,1,0,1,0,1,False,True,False,V0_P1_C0,low,V0_P1_C0__low,train
000647,6,0,0,6,2,8,True,False,False,V1_P0_C0,medium,V1_P0_C0__medium,train
000648,3,0,0,3,2,5,True,False,False,V1_P0_C0,low,V1_P0_C0__low,train
000649,6,0,0,6,5,11,True,False,False,V1_P0_C0,medium,V1_P0_C0__medium,val
000650,2,0,0,2,5,7,True,False,False,V1_P0_C0,low,V1_P0_C0__low,train
000651,9,0,0,9,0,9,True,False,False,V1_P0_C0,high,V1_P0_C0__high,train
000652,4,0,0,4,2,6,True,False,False,V1_P0_C0,medium,V1_P0_C0__medium,train
000653,1,0,0,1,1,2,True,False,False,V1_P0_C0,low,V1_P0_C0__low,train
000654,1,0,0,1,1,2,True,False,False,V1_P0_C0,low,V1_P0_C0__low,train
000655,5,0,0,5,4,9,True,False,False,V1_P0_C0,medium,V1_P0_C0__medium,train
000656,2,0,0,2,1,3,True,False,False,V1_P0_C0,low,V1_P0_C0__low,train
000657,2,0,0,2,2,4,True,False,False,V1_P0_C0,low,V1_P0_C0__low,train
000658,2,0,0,2,3,5,True,False,False,V1_P0_C0,low,V1_P0_C0__low,train
000659,2,0,1,3,7,10,True,False,True,V1_P0_C1,low,V1_P0_C1__low,train
000660,2,0,0,2,1,3,True,False,False,V1_P0_C0,low,V1_P0_C0__low,train
000661,2,0,0,2,1,3,True,False,False,V1_P0_C0,low,V1_P0_C0__low,train
000662,2,0,0,2,0,2,True,False,False,V1_P0_C0,low,V1_P0_C0__low,train
000663,0,2,0,2,3,5,False,True,False,V0_P1_C0,low,V0_P1_C0__low,train
000664,5,0,0,5,0,5,True,False,False,V1_P0_C0,medium,V1_P0_C0__medium,train
000665,1,0,0,1,1,2,True,False,False,V1_P0_C0,low,V1_P0_C0__low,train
000666,7,0,0,7,5,12,True,False,False,V1_P0_C0,high,V1_P0_C0__high,val
000667,7,0,0,7,1,8,True,False,False,V1_P0_C0,high,V1_P0_C0__high,train
000668,6,0,0,6,5,11,True,False,False,V1_P0_C0,medium,V1_P0_C0__medium,val
000669,11,0,0,11,0,11,True,False,False,V1_P0_C0,high,V1_P0_C0__high,train
000670,1,0,0,1,2,3,True,False,False,V1_P0_C0,low,V1_P0_C0__low,train
000671,0,1,0,1,0,1,False,True,False,V0_P1_C0,low,V0_P1_C0__low,val
000672,2,0,0,2,2,4,True,False,False,V1_P0_C0,low,V1_P0_C0__low,train
000673,2,0,0,2,2,4,True,False,False,V1_P0_C0,low,V1_P0_C0__low,train
000674,6,2,0,8,4,12,True,True,False,V1_P1_C0,high,V1_P1_C0__high,val
000675,0,5,0,5,4,9,False,True,False,V0_P1_C0,medium,V0_P1_C0__medium,train
000676,4,0,0,4,1,5,True,False,False,V1_P0_C0,medium,V1_P0_C0__medium,train
000677,12,0,0,12,2,14,True,False,False,V1_P0_C0,high,V1_P0_C0__high,train
000678,2,0,0,2,0,2,True,False,False,V1_P0_C0,low,V1_P0_C0__low,train
000679,2,2,0,4,1,5,True,True,False,V1_P1_C0,medium,V1_P1_C0__medium,train
000680,4,0,0,4,2,6,True,False,False,V1_P0_C0,medium,V1_P0_C0__medium,train
000681,1,0,0,1,4,5,True,False,False,V1_P0_C0,low,V1_P0_C0__low,train
000682,2,0,0,2,1,3,True,False,False,V1_P0_C0,low,V1_P0_C0__low,train
000683,4,0,0,4,2,6,True,False,False,V1_P0_C0,medium,V1_P0_C0__medium,train
000684,7,0,0,7,5,12,True,False,False,V1_P0_C0,high,V1_P0_C0__high,train
000685,10,1,1,12,3,15,True,True,True,V1_P1_C1,high,V1_P1_C1__high,train
000686,6,0,0,6,1,7,True,False,False,V1_P0_C0,medium,V1_P0_C0__medium,train
000687,1,0,0,1,0,1,True,False,False,V1_P0_C0,low,V1_P0_C0__low,train
000688,7,0,0,7,2,9,True,False,False,V1_P0_C0,high,V1_P0_C0__high,train
000689,1,0,0,1,3,4,True,False,False,V1_P0_C0,low,V1_P0_C0__low,train
000690,2,0,0,2,0,2,True,False,False,V1_P0_C0,low,V1_P0_C0__low,train
000691,7,0,1,8,4,12,True,False,True,V1_P0_C1,high,V1_P0_C1__high,train
000692,10,0,0,10,2,12,True,False,False,V1_P0_C0,high,V1_P0_C0__high,train
000693,1,0,0,1,0,1,True,False,False,V1_P0_C0,low,V1_P0_C0__low,train
000694,9,0,0,9,2,11,True,False,False,V1_P0_C0,high,V1_P0_C0__high,val
000695,0,1,0,1,0,1,False,True,False,V0_P1_C0,low,V0_P1_C0__low,train
000696,6,0,0,6,2,8,True,False,False,V1_P0_C0,medium,V1_P0_C0__medium,train
000697,5,0,0,5,1,6,True,False,False,V1_P0_C0,medium,V1_P0_C0__medium,train
000698,2,1,1,4,1,5,True,True,True,V1_P1_C1,medium,V1_P1_C1__medium,train
000699,3,0,0,3,4,7,True,False,False,V1_P0_C0,low,V1_P0_C0__low,train
000700,2,0,0,2,3,5,True,False,False,V1_P0_C0,low,V1_P0_C0__low,train
000701,0,1,0,1,0,1,False,True,False,V0_P1_C0,low,V0_P1_C0__low,train
000702,3,0,0,3,3,6,True,False,False,V1_P0_C0,low,V1_P0_C0__low,train
000703,0,1,0,1,0,1,False,True,False,V0_P1_C0,low,V0_P1_C0__low,train
000704,4,0,0,4,0,4,True,False,False,V1_P0_C0,medium,V1_P0_C0__medium,train
000705,4,1,0,5,1,6,True,True,False,V1_P1_C0,medium,V1_P1_C0__medium,val
000706,4,0,0,4,2,6,True,False,False,V1_P0_C0,medium,V1_P0_C0__medium,val
000707,2,0,0,2,0,2,True,False,False,V1_P0_C0,low,V1_P0_C0__low,train
000708,9,0,0,9,2,11,True,False,False,V1_P0_C0,high,V1_P0_C0__high,train
000709,3,0,0,3,1,4,True,False,False,V1_P0_C0,low,V1_P0_C0__low,train
000710,2,0,0,2,1,3,True,False,False,V1_P0_C0,low,V1_P0_C0__low,val
000711,2,0,0,2,1,3,True,False,False,V1_P0_C0,low,V1_P0_C0__low,train
000712,7,1,0,8,6,14,True,True,False,V1_P1_C0,high,V1_P1_C0__high,train
000713,5,1,0,6,5,11,True,True,False,V1_P1_C0,medium,V1_P1_C0__medium,train
000714,9,0,0,9,3,12,True,False,False,V1_P0_C0,high,V1_P0_C0__high,train
000715,2,0,0,2,4,6,True,False,False,V1_P0_C0,low,V1_P0_C0__low,train
000716,3,0,0,3,2,5,True,False,False,V1_P0_C0,low,V1_P0_C0__low,train
000717,2,0,0,2,2,4,True,False,False,V1_P0_C0,low,V1_P0_C0__low,train
000718,1,11,0,12,2,14,True,True,False,V1_P1_C0,high,V1_P1_C0__high,train
000719,10,0,0,10,2,12,True,False,False,V1_P0_C0,high,V1_P0_C0__high,train
000720,0,3,0,3,9,12,False,True,False,V0_P1_C0,low,V0_P1_C0__low,train
000721,0,1,0,1,0,1,False,True,False,V0_P1_C0,low,V0_P1_C0__low,val
000722,0,2,2,4,5,9,False,True,True,V0_P1_C1,medium,V0_P1_C1__medium,val
000723,2,0,0,2,0,2,True,False,False,V1_P0_C0,low,V1_P0_C0__low,train
000724,4,0,0,4,2,6,True,False,False,V1_P0_C0,medium,V1_P0_C0__medium,train
000725,8,0,0,8,1,9,True,False,False,V1_P0_C0,high,V1_P0_C0__high,train
000726,0,1,0,1,0,1,False,True,False,V0_P1_C0,low,V0_P1_C0__low,val
000727,2,6,0,8,3,11,True,True,False,V1_P1_C0,high,V1_P1_C0__high,val
000728,3,0,0,3,2,5,True,False,False,V1_P0_C0,low,V1_P0_C0__low,train
000729,8,0,0,8,4,12,True,False,False,V1_P0_C0,high,V1_P0_C0__high,train
000730,1,0,0,1,1,2,True,False,False,V1_P0_C0,low,V1_P0_C0__low,train
000731,1,3,0,4,4,8,True,True,False,V1_P1_C0,medium,V1_P1_C0__medium,val
000732,10,0,0,10,2,12,True,False,False,V1_P0_C0,high,V1_P0_C0__high,train
000733,5,0,0,5,2,7,True,False,False,V1_P0_C0,medium,V1_P0_C0__medium,train
000734,7,2,0,9,2,11,True,True,False,V1_P1_C0,high,V1_P1_C0__high,train
000735,4,0,0,4,4,8,True,False,False,V1_P0_C0,medium,V1_P0_C0__medium,train
000736,8,0,2,10,1,11,True,False,True,V1_P0_C1,high,V1_P0_C1__high,train
000737,8,0,0,8,3,11,True,False,False,V1_P0_C0,high,V1_P0_C0__high,train
000738,1,0,0,1,2,3,True,False,False,V1_P0_C0,low,V1_P0_C0__low,train
000739,4,0,0,4,0,4,True,False,False,V1_P0_C0,medium,V1_P0_C0__medium,train
000740,2,0,0,2,0,2,True,False,False,V1_P0_C0,low,V1_P0_C0__low,train
000741,7,0,0,7,0,7,True,False,False,V1_P0_C0,high,V1_P0_C0__high,val
000742,9,1,0,10,0,10,True,True,False,V1_P1_C0,high,V1_P1_C0__high,train
000743,4,0,1,5,3,8,True,False,True,V1_P0_C1,medium,V1_P0_C1__medium,train
000744,0,1,0,1,0,1,False,True,False,V0_P1_C0,low,V0_P1_C0__low,val
000745,8,0,0,8,0,8,True,False,False,V1_P0_C0,high,V1_P0_C0__high,train
000746,0,1,0,1,0,1,False,True,False,V0_P1_C0,low,V0_P1_C0__low,train
000747,5,0,0,5,2,7,True,False,False,V1_P0_C0,medium,V1_P0_C0__medium,train
000748,3,0,0,3,3,6,True,False,False,V1_P0_C0,low,V1_P0_C0__low,train
000749,6,0,0,6,2,8,True,False,False,V1_P0_C0,medium,V1_P0_C0__medium,train
000750,5,0,0,5,0,5,True,False,False,V1_P0_C0,medium,V1_P0_C0__medium,train
000751,6,0,0,6,2,8,True,False,False,V1_P0_C0,medium,V1_P0_C0__medium,val
000752,11,0,0,11,0,11,True,False,False,V1_P0_C0,high,V1_P0_C0__high,train
000753,4,0,0,4,5,9,True,False,False,V1_P0_C0,medium,V1_P0_C0__medium,train
000754,7,0,1,8,3,11,True,False,True,V1_P0_C1,high,V1_P0_C1__high,train
000755,8,1,1,10,2,12,True,True,True,V1_P1_C1,high,V1_P1_C1__high,train
000756,8,0,0,8,1,9,True,False,False,V1_P0_C0,high,V1_P0_C0__high,train
000757,14,0,0,14,3,17,True,False,False,V1_P0_C0,high,V1_P0_C0__high,train
000758,3,0,0,3,3,6,True,False,False,V1_P0_C0,low,V1_P0_C0__low,train
000759,2,0,0,2,5,7,True,False,False,V1_P0_C0,low,V1_P0_C0__low,train
000760,7,1,0,8,0,8,True,True,False,V1_P1_C0,high,V1_P1_C0__high,val
000761,2,1,0,3,2,5,True,True,False,V1_P1_C0,low,V1_P1_C0__low,val
000762,7,0,0,7,0,7,True,False,False,V1_P0_C0,high,V1_P0_C0__high,train
000763,5,1,1,7,2,9,True,True,True,V1_P1_C1,high,V1_P1_C1__high,train
000764,4,12,1,17,1,18,True,True,True,V1_P1_C1,high,V1_P1_C1__high,train
000765,3,0,1,4,1,5,True,False,True,V1_P0_C1,medium,V1_P0_C1__medium,train
000766,3,0,0,3,0,3,True,False,False,V1_P0_C0,low,V1_P0_C0__low,train
000767,2,0,0,2,3,5,True,False,False,V1_P0_C0,low,V1_P0_C0__low,train
000768,10,0,0,10,0,10,True,False,False,V1_P0_C0,high,V1_P0_C0__high,train
000769,0,1,0,1,2,3,False,True,False,V0_P1_C0,low,V0_P1_C0__low,val
000770,0,7,2,9,4,13,False,True,True,V0_P1_C1,high,V0_P1_C1__high,train
000771,3,0,1,4,1,5,True,False,True,V1_P0_C1,medium,V1_P0_C1__medium,train
000772,4,0,0,4,0,4,True,False,False,V1_P0_C0,medium,V1_P0_C0__medium,train
000773,1,0,1,2,4,6,True,False,True,V1_P0_C1,low,V1_P0_C1__low,train
000774,1,0,1,2,0,2,True,False,True,V1_P0_C1,low,V1_P0_C1__low,train
000775,2,0,0,2,1,3,True,False,False,V1_P0_C0,low,V1_P0_C0__low,train
000776,6,0,0,6,1,7,True,False,False,V1_P0_C0,medium,V1_P0_C0__medium,train
000777,2,0,0,2,1,3,True,False,False,V1_P0_C0,low,V1_P0_C0__low,train
000778,6,0,0,6,2,8,True,False,False,V1_P0_C0,medium,V1_P0_C0__medium,train
000779,1,0,0,1,0,1,True,False,False,V1_P0_C0,low,V1_P0_C0__low,train
000780,10,4,1,15,0,15,True,True,True,V1_P1_C1,high,V1_P1_C1__high,train
000781,1,0,0,1,5,6,True,False,False,V1_P0_C0,low,V1_P0_C0__low,train
000782,6,1,0,7,3,10,True,True,False,V1_P1_C0,high,V1_P1_C0__high,train
000783,2,0,0,2,1,3,True,False,False,V1_P0_C0,low,V1_P0_C0__low,train
000784,0,1,0,1,0,1,False,True,False,V0_P1_C0,low,V0_P1_C0__low,val
000785,14,0,0,14,3,17,True,False,False,V1_P0_C0,high,V1_P0_C0__high,val
000786,2,0,0,2,0,2,True,False,False,V1_P0_C0,low,V1_P0_C0__low,train
000787,6,0,1,7,2,9,True,False,True,V1_P0_C1,high,V1_P0_C1__high,train
000788,1,3,0,4,1,5,True,True,False,V1_P1_C0,medium,V1_P1_C0__medium,train
000789,0,1,0,1,0,1,False,True,False,V0_P1_C0,low,V0_P1_C0__low,val
000790,3,0,0,3,2,5,True,False,False,V1_P0_C0,low,V1_P0_C0__low,train
000791,11,0,0,11,3,14,True,False,False,V1_P0_C0,high,V1_P0_C0__high,train
000792,4,0,0,4,2,6,True,False,False,V1_P0_C0,medium,V1_P0_C0__medium,val
000793,5,0,0,5,0,5,True,False,False,V1_P0_C0,medium,V1_P0_C0__medium,val
000794,2,0,0,2,4,6,True,False,False,V1_P0_C0,low,V1_P0_C0__low,train
000795,9,0,0,9,3,12,True,False,False,V1_P0_C0,high,V1_P0_C0__high,train
000796,11,0,2,13,1,14,True,False,True,V1_P0_C1,high,V1_P0_C1__high,train
000797,1,1,0,2,4,6,True,True,False,V1_P1_C0,low,V1_P1_C0__low,val
000798,9,0,0,9,4,13,True,False,False,V1_P0_C0,high,V1_P0_C0__high,train
000799,2,0,1,3,2,5,True,False,True,V1_P0_C1,low,V1_P0_C1__low,val
000800,5,0,0,5,2,7,True,False,False,V1_P0_C0,medium,V1_P0_C0__medium,train
000801,2,1,0,3,0,3,True,True,False,V1_P1_C0,low,V1_P1_C0__low,train
000802,9,0,0,9,3,12,True,False,False,V1_P0_C0,high,V1_P0_C0__high,train
000803,4,0,1,5,2,7,True,False,True,V1_P0_C1,medium,V1_P0_C1__medium,train
000804,4,1,1,6,1,7,True,True,True,V1_P1_C1,medium,V1_P1_C1__medium,train
000805,8,0,0,8,2,10,True,False,False,V1_P0_C0,high,V1_P0_C0__high,val
000806,0,1,0,1,2,3,False,True,False,V0_P1_C0,low,V0_P1_C0__low,train
000807,3,0,0,3,3,6,True,False,False,V1_P0_C0,low,V1_P0_C0__low,train
000808,5,2,1,8,2,10,True,True,True,V1_P1_C1,high,V1_P1_C1__high,train
000809,8,3,0,11,2,13,True,True,False,V1_P1_C0,high,V1_P1_C0__high,train
000810,1,0,0,1,0,1,True,False,False,V1_P0_C0,low,V1_P0_C0__low,train
000811,0,1,2,3,6,9,False,True,True,V0_P1_C1,low,V0_P1_C1__low,train
000812,1,0,1,2,2,4,True,False,True,V1_P0_C1,low,V1_P0_C1__low,train
000813,2,0,0,2,5,7,True,False,False,V1_P0_C0,low,V1_P0_C0__low,train
000814,13,0,0,13,3,16,True,False,False,V1_P0_C0,high,V1_P0_C0__high,train
000815,1,0,0,1,0,1,True,False,False,V1_P0_C0,low,V1_P0_C0__low,train
000816,2,2,0,4,1,5,True,True,False,V1_P1_C0,medium,V1_P1_C0__medium,train
000817,4,0,0,4,0,4,True,False,False,V1_P0_C0,medium,V1_P0_C0__medium,train
000818,2,0,0,2,1,3,True,False,False,V1_P0_C0,low,V1_P0_C0__low,train
000819,7,0,0,7,2,9,True,False,False,V1_P0_C0,high,V1_P0_C0__high,train
000820,1,0,0,1,2,3,True,False,False,V1_P0_C0,low,V1_P0_C0__low,train
000821,2,0,0,2,1,3,True,False,False,V1_P0_C0,low,V1_P0_C0__low,val
000822,3,0,0,3,1,4,True,False,False,V1_P0_C0,low,V1_P0_C0__low,train
000823,5,0,0,5,0,5,True,False,False,V1_P0_C0,medium,V1_P0_C0__medium,train
000824,1,0,0,1,1,2,True,False,False,V1_P0_C0,low,V1_P0_C0__low,train
000825,0,1,0,1,0,1,False,True,False,V0_P1_C0,low,V0_P1_C0__low,train
000826,0,6,0,6,3,9,False,True,False,V0_P1_C0,medium,V0_P1_C0__medium,train
000827,0,1,0,1,0,1,False,True,False,V0_P1_C0,low,V0_P1_C0__low,train
000828,1,0,0,1,0,1,True,False,False,V1_P0_C0,low,V1_P0_C0__low,train
000829,2,0,0,2,1,3,True,False,False,V1_P0_C0,low,V1_P0_C0__low,train
000830,4,1,0,5,3,8,True,True,False,V1_P1_C0,medium,V1_P1_C0__medium,train
000831,13,0,0,13,4,17,True,False,False,V1_P0_C0,high,V1_P0_C0__high,train
000832,3,0,0,3,4,7,True,False,False,V1_P0_C0,low,V1_P0_C0__low,val
000833,13,0,0,13,1,14,True,False,False,V1_P0_C0,high,V1_P0_C0__high,train
000834,1,0,0,1,0,1,True,False,False,V1_P0_C0,low,V1_P0_C0__low,train
000835,1,0,0,1,1,2,True,False,False,V1_P0_C0,low,V1_P0_C0__low,val
000836,3,0,0,3,2,5,True,False,False,V1_P0_C0,low,V1_P0_C0__low,train
000837,11,0,0,11,0,11,True,False,False,V1_P0_C0,high,V1_P0_C0__high,train
000838,1,0,0,1,2,3,True,False,False,V1_P0_C0,low,V1_P0_C0__low,train
000839,1,0,0,1,0,1,True,False,False,V1_P0_C0,low,V1_P0_C0__low,train
000840,1,8,0,9,2,11,True,True,False,V1_P1_C0,high,V1_P1_C0__high,train
000841,0,1,0,1,0,1,False,True,False,V0_P1_C0,low,V0_P1_C0__low,val
000842,3,0,0,3,1,4,True,False,False,V1_P0_C0,low,V1_P0_C0__low,train
000843,9,0,0,9,4,13,True,False,False,V1_P0_C0,high,V1_P0_C0__high,train
000844,3,0,0,3,1,4,True,False,False,V1_P0_C0,low,V1_P0_C0__low,train
000845,12,0,0,12,5,17,True,False,False,V1_P0_C0,high,V1_P0_C0__high,val
000846,8,1,1,10,4,14,True,True,True,V1_P1_C1,high,V1_P1_C1__high,train
000847,7,0,0,7,5,12,True,False,False,V1_P0_C0,high,V1_P0_C0__high,val
000848,4,0,0,4,0,4,True,False,False,V1_P0_C0,medium,V1_P0_C0__medium,train
000849,5,0,0,5,1,6,True,False,False,V1_P0_C0,medium,V1_P0_C0__medium,train
000850,7,0,0,7,1,8,True,False,False,V1_P0_C0,high,V1_P0_C0__high,train
000851,2,0,0,2,2,4,True,False,False,V1_P0_C0,low,V1_P0_C0__low,train
000852,3,0,0,3,1,4,True,False,False,V1_P0_C0,low,V1_P0_C0__low,train
000853,4,0,0,4,2,6,True,False,False,V1_P0_C0,medium,V1_P0_C0__medium,train
000854,3,0,0,3,4,7,True,False,False,V1_P0_C0,low,V1_P0_C0__low,train
000855,1,1,0,2,2,4,True,True,False,V1_P1_C0,low,V1_P1_C0__low,train
000856,7,0,0,7,1,8,True,False,False,V1_P0_C0,high,V1_P0_C0__high,train
000857,6,0,0,6,5,11,True,False,False,V1_P0_C0,medium,V1_P0_C0__medium,train
000858,2,0,0,2,2,4,True,False,False,V1_P0_C0,low,V1_P0_C0__low,train
000859,6,0,1,7,0,7,True,False,True,V1_P0_C1,high,V1_P0_C1__high,train
000860,2,0,2,4,1,5,True,False,True,V1_P0_C1,medium,V1_P0_C1__medium,train
000861,0,6,0,6,3,9,False,True,False,V0_P1_C0,medium,V0_P1_C0__medium,train
000862,0,2,0,2,0,2,False,True,False,V0_P1_C0,low,V0_P1_C0__low,train
000863,3,0,0,3,2,5,True,False,False,V1_P0_C0,low,V1_P0_C0__low,train
000864,5,0,0,5,0,5,True,False,False,V1_P0_C0,medium,V1_P0_C0__medium,val
000865,2,0,0,2,1,3,True,False,False,V1_P0_C0,low,V1_P0_C0__low,train
000866,2,0,0,2,3,5,True,False,False,V1_P0_C0,low,V1_P0_C0__low,train
000867,14,0,0,14,2,16,True,False,False,V1_P0_C0,high,V1_P0_C0__high,train
000868,9,1,1,11,2,13,True,True,True,V1_P1_C1,high,V1_P1_C1__high,train
000869,4,0,0,4,3,7,True,False,False,V1_P0_C0,medium,V1_P0_C0__medium,train
000870,7,2,1,10,2,12,True,True,True,V1_P1_C1,high,V1_P1_C1__high,val
000871,5,0,0,5,1,6,True,False,False,V1_P0_C0,medium,V1_P0_C0__medium,train
000872,2,0,0,2,0,2,True,False,False,V1_P0_C0,low,V1_P0_C0__low,train
000873,3,0,0,3,2,5,True,False,False,V1_P0_C0,low,V1_P0_C0__low,train
000874,1,16,0,17,2,19,True,True,False,V1_P1_C0,high,V1_P1_C0__high,train
000875,4,0,0,4,2,6,True,False,False,V1_P0_C0,medium,V1_P0_C0__medium,train
000876,3,0,0,3,0,3,True,False,False,V1_P0_C0,low,V1_P0_C0__low,train
000877,6,0,0,6,2,8,True,False,False,V1_P0_C0,medium,V1_P0_C0__medium,val
000878,2,0,0,2,5,7,True,False,False,V1_P0_C0,low,V1_P0_C0__low,train
000879,3,0,0,3,4,7,True,False,False,V1_P0_C0,low,V1_P0_C0__low,train
000880,3,0,0,3,1,4,True,False,False,V1_P0_C0,low,V1_P0_C0__low,val
000881,1,0,0,1,5,6,True,False,False,V1_P0_C0,low,V1_P0_C0__low,val
000882,9,0,0,9,0,9,True,False,False,V1_P0_C0,high,V1_P0_C0__high,train
000883,6,1,0,7,0,7,True,True,False,V1_P1_C0,high,V1_P1_C0__high,train
000884,4,0,0,4,2,6,True,False,False,V1_P0_C0,medium,V1_P0_C0__medium,val
000885,5,0,0,5,4,9,True,False,False,V1_P0_C0,medium,V1_P0_C0__medium,train
000886,4,0,1,5,3,8,True,False,True,V1_P0_C1,medium,V1_P0_C1__medium,train
000887,6,0,0,6,1,7,True,False,False,V1_P0_C0,medium,V1_P0_C0__medium,train
000888,1,0,0,1,1,2,True,False,False,V1_P0_C0,low,V1_P0_C0__low,train
000889,1,3,1,5,1,6,True,True,True,V1_P1_C1,medium,V1_P1_C1__medium,train
000890,6,0,0,6,2,8,True,False,False,V1_P0_C0,medium,V1_P0_C0__medium,train
000891,1,0,0,1,0,1,True,False,False,V1_P0_C0,low,V1_P0_C0__low,train
000892,0,5,2,7,3,10,False,True,True,V0_P1_C1,high,V0_P1_C1__high,train
000893,2,0,0,2,4,6,True,False,False,V1_P0_C0,low,V1_P0_C0__low,train
000894,3,0,0,3,1,4,True,False,False,V1_P0_C0,low,V1_P0_C0__low,train
000895,1,0,0,1,1,2,True,False,False,V1_P0_C0,low,V1_P0_C0__low,train
000896,1,0,0,1,5,6,True,False,False,V1_P0_C0,low,V1_P0_C0__low,train
000897,4,0,0,4,4,8,True,False,False,V1_P0_C0,medium,V1_P0_C0__medium,train
000898,3,0,0,3,5,8,True,False,False,V1_P0_C0,low,V1_P0_C0__low,train
000899,3,0,0,3,2,5,True,False,False,V1_P0_C0,low,V1_P0_C0__low,train
000900,1,0,0,1,1,2,True,False,False,V1_P0_C0,low,V1_P0_C0__low,train
000901,1,0,0,1,1,2,True,False,False,V1_P0_C0,low,V1_P0_C0__low,train
000902,7,1,1,9,0,9,True,True,True,V1_P1_C1,high,V1_P1_C1__high,train
000903,6,0,0,6,0,6,True,False,False,V1_P0_C0,medium,V1_P0_C0__medium,train
000904,4,0,0,4,0,4,True,False,False,V1_P0_C0,medium,V1_P0_C0__medium,train
000905,1,0,0,1,0,1,True,False,False,V1_P0_C0,low,V1_P0_C0__low,train
000906,5,0,1,6,2,8,True,False,True,V1_P0_C1,medium,V1_P0_C1__medium,train
000907,4,0,0,4,5,9,True,False,False,V1_P0_C0,medium,V1_P0_C0__medium,train
000908,2,0,0,2,4,6,True,False,False,V1_P0_C0,low,V1_P0_C0__low,train
000909,6,0,0,6,2,8,True,False,False,V1_P0_C0,medium,V1_P0_C0__medium,val
000910,10,1,2,13,0,13,True,True,True,V1_P1_C1,high,V1_P1_C1__high,train
000911,2,1,0,3,3,6,True,True,False,V1_P1_C0,low,V1_P1_C0__low,train
000912,6,0,0,6,2,8,True,False,False,V1_P0_C0,medium,V1_P0_C0__medium,val
000913,4,0,2,6,3,9,True,False,True,V1_P0_C1,medium,V1_P0_C1__medium,train
000914,4,0,0,4,1,5,True,False,False,V1_P0_C0,medium,V1_P0_C0__medium,train
000915,3,0,3,6,3,9,True,False,True,V1_P0_C1,medium,V1_P0_C1__medium,train
000916,4,0,0,4,3,7,True,False,False,V1_P0_C0,medium,V1_P0_C0__medium,train
000917,4,0,0,4,0,4,True,False,False,V1_P0_C0,medium,V1_P0_C0__medium,train
000918,7,0,0,7,1,8,True,False,False,V1_P0_C0,high,V1_P0_C0__high,train
000919,8,0,1,9,1,10,True,False,True,V1_P0_C1,high,V1_P0_C1__high,train
000920,4,0,0,4,4,8,True,False,False,V1_P0_C0,medium,V1_P0_C0__medium,train
000921,2,0,0,2,1,3,True,False,False,V1_P0_C0,low,V1_P0_C0__low,train
000922,6,0,0,6,3,9,True,False,False,V1_P0_C0,medium,V1_P0_C0__medium,val
000923,1,6,0,7,2,9,True,True,False,V1_P1_C0,high,V1_P1_C0__high,train
000924,4,0,1,5,1,6,True,False,True,V1_P0_C1,medium,V1_P0_C1__medium,train
000925,3,2,0,5,2,7,True,True,False,V1_P1_C0,medium,V1_P1_C0__medium,train
000926,2,0,0,2,1,3,True,False,False,V1_P0_C0,low,V1_P0_C0__low,train
000927,7,0,0,7,2,9,True,False,False,V1_P0_C0,high,V1_P0_C0__high,train
000928,1,15,0,16,3,19,True,True,False,V1_P1_C0,high,V1_P1_C0__high,train
000929,3,0,0,3,0,3,True,False,False,V1_P0_C0,low,V1_P0_C0__low,train
000930,4,0,0,4,2,6,True,False,False,V1_P0_C0,medium,V1_P0_C0__medium,train
000931,0,2,2,4,6,10,False,True,True,V0_P1_C1,medium,V0_P1_C1__medium,train
000932,3,0,0,3,1,4,True,False,False,V1_P0_C0,low,V1_P0_C0__low,train
000933,1,0,0,1,0,1,True,False,False,V1_P0_C0,low,V1_P0_C0__low,train
000934,1,0,0,1,1,2,True,False,False,V1_P0_C0,low,V1_P0_C0__low,train
000935,14,0,0,14,0,14,True,False,False,V1_P0_C0,high,V1_P0_C0__high,train
000936,15,1,0,16,1,17,True,True,False,V1_P1_C0,high,V1_P1_C0__high,train
000937,0,6,0,6,1,7,False,True,False,V0_P1_C0,medium,V0_P1_C0__medium,train
000938,4,0,0,4,4,8,True,False,False,V1_P0_C0,medium,V1_P0_C0__medium,val
000939,3,0,0,3,3,6,True,False,False,V1_P0_C0,low,V1_P0_C0__low,train
000940,3,0,1,4,5,9,True,False,True,V1_P0_C1,medium,V1_P0_C1__medium,train
000941,3,0,0,3,1,4,True,False,False,V1_P0_C0,low,V1_P0_C0__low,train
000942,7,0,0,7,3,10,True,False,False,V1_P0_C0,high,V1_P0_C0__high,val
000943,3,0,1,4,3,7,True,False,True,V1_P0_C1,medium,V1_P0_C1__medium,train
000944,11,0,0,11,2,13,True,False,False,V1_P0_C0,high,V1_P0_C0__high,train
000945,11,0,0,11,1,12,True,False,False,V1_P0_C0,high,V1_P0_C0__high,train
000946,5,0,0,5,1,6,True,False,False,V1_P0_C0,medium,V1_P0_C0__medium,train
000947,0,2,0,2,1,3,False,True,False,V0_P1_C0,low,V0_P1_C0__low,train
000948,3,0,0,3,4,7,True,False,False,V1_P0_C0,low,V1_P0_C0__low,train
000949,4,0,0,4,4,8,True,False,False,V1_P0_C0,medium,V1_P0_C0__medium,train
000950,1,0,0,1,1,2,True,False,False,V1_P0_C0,low,V1_P0_C0__low,train
000951,11,0,0,11,1,12,True,False,False,V1_P0_C0,high,V1_P0_C0__high,train
000952,3,0,0,3,0,3,True,False,False,V1_P0_C0,low,V1_P0_C0__low,val
000953,5,0,0,5,2,7,True,False,False,V1_P0_C0,medium,V1_P0_C0__medium,train
000954,1,0,0,1,1,2,True,False,False,V1_P0_C0,low,V1_P0_C0__low,val
000955,3,0,3,6,4,10,True,False,True,V1_P0_C1,medium,V1_P0_C1__medium,train
000956,10,0,0,10,2,12,True,False,False,V1_P0_C0,high,V1_P0_C0__high,train
000957,0,1,0,1,0,1,False,True,False,V0_P1_C0,low,V0_P1_C0__low,train
000958,3,0,1,4,2,6,True,False,True,V1_P0_C1,medium,V1_P0_C1__medium,train
000959,10,1,0,11,0,11,True,True,False,V1_P1_C0,high,V1_P1_C0__high,train
000960,1,0,0,1,0,1,True,False,False,V1_P0_C0,low,V1_P0_C0__low,val
000961,1,6,0,7,3,10,True,True,False,V1_P1_C0,high,V1_P1_C0__high,val
000962,6,0,0,6,2,8,True,False,False,V1_P0_C0,medium,V1_P0_C0__medium,train
000963,5,0,0,5,2,7,True,False,False,V1_P0_C0,medium,V1_P0_C0__medium,train
000964,1,10,0,11,2,13,True,True,False,V1_P1_C0,high,V1_P1_C0__high,train
000965,10,0,2,12,0,12,True,False,True,V1_P0_C1,high,V1_P0_C1__high,train
000966,1,17,0,18,2,20,True,True,False,V1_P1_C0,high,V1_P1_C0__high,train
000967,3,0,0,3,4,7,True,False,False,V1_P0_C0,low,V1_P0_C0__low,train
000968,1,0,0,1,1,2,True,False,False,V1_P0_C0,low,V1_P0_C0__low,train
000969,3,0,0,3,1,4,True,False,False,V1_P0_C0,low,V1_P0_C0__low,val
000970,7,0,0,7,5,12,True,False,False,V1_P0_C0,high,V1_P0_C0__high,train
000971,0,5,0,5,4,9,False,True,False,V0_P1_C0,medium,V0_P1_C0__medium,train
000972,2,0,1,3,4,7,True,False,True,V1_P0_C1,low,V1_P0_C1__low,train
000973,2,0,0,2,1,3,True,False,False,V1_P0_C0,low,V1_P0_C0__low,train
000974,3,0,0,3,4,7,True,False,False,V1_P0_C0,low,V1_P0_C0__low,train
000975,5,0,0,5,1,6,True,False,False,V1_P0_C0,medium,V1_P0_C0__medium,val
000976,6,0,0,6,2,8,True,False,False,V1_P0_C0,medium,V1_P0_C0__medium,train
000977,14,0,0,14,0,14,True,False,False,V1_P0_C0,high,V1_P0_C0__high,train
000978,2,0,0,2,0,2,True,False,False,V1_P0_C0,low,V1_P0_C0__low,train
000979,2,0,0,2,4,6,True,False,False,V1_P0_C0,low,V1_P0_C0__low,train
000980,6,0,0,6,4,10,True,False,False,V1_P0_C0,medium,V1_P0_C0__medium,train
000981,5,0,0,5,0,5,True,False,False,V1_P0_C0,medium,V1_P0_C0__medium,val
000982,6,3,2,11,1,12,True,True,True,V1_P1_C1,high,V1_P1_C1__high,val
000983,6,0,1,7,1,8,True,False,True,V1_P0_C1,high,V1_P0_C1__high,val
000984,3,0,0,3,7,10,True,False,False,V1_P0_C0,low,V1_P0_C0__low,train
000985,12,0,0,12,2,14,True,False,False,V1_P0_C0,high,V1_P0_C0__high,train
000986,12,0,0,12,0,12,True,False,False,V1_P0_C0,high,V1_P0_C0__high,train
000987,4,1,0,5,1,6,True,True,False,V1_P1_C0,medium,V1_P1_C0__medium,train
000988,3,0,1,4,5,9,True,False,True,V1_P0_C1,medium,V1_P0_C1__medium,train
000989,1,0,0,1,1,2,True,False,False,V1_P0_C0,low,V1_P0_C0__low,train
000990,2,0,0,2,4,6,True,False,False,V1_P0_C0,low,V1_P0_C0__low,val
000991,5,0,0,5,1,6,True,False,False,V1_P0_C0,medium,V1_P0_C0__medium,val
000992,8,3,2,13,1,14,True,True,True,V1_P1_C1,high,V1_P1_C1__high,train
000993,1,0,0,1,0,1,True,False,False,V1_P0_C0,low,V1_P0_C0__low,train
000994,7,0,0,7,1,8,True,False,False,V1_P0_C0,high,V1_P0_C0__high,train
000995,6,0,0,6,0,6,True,False,False,V1_P0_C0,medium,V1_P0_C0__medium,train
000996,12,0,0,12,2,14,True,False,False,V1_P0_C0,high,V1_P0_C0__high,train
000997,2,0,0,2,4,6,True,False,False,V1_P0_C0,low,V1_P0_C0__low,train
000998,8,1,0,9,0,9,True,True,False,V1_P1_C0,high,V1_P1_C0__high,train
000999,3,11,0,14,6,20,True,True,False,V1_P1_C0,high,V1_P1_C0__high,train
001000,3,0,0,3,1,4,True,False,False,V1_P0_C0,low,V1_P0_C0__low,train
001001,1,0,0,1,1,2,True,False,False,V1_P0_C0,low,V1_P0_C0__low,val
001002,5,0,0,5,1,6,True,False,False,V1_P0_C0,medium,V1_P0_C0__medium,train
001003,6,1,0,7,1,8,True,True,False,V1_P1_C0,high,V1_P1_C0__high,train
001004,1,0,0,1,1,2,True,False,False,V1_P0_C0,low,V1_P0_C0__low,val
001005,1,0,0,1,1,2,True,False,False,V1_P0_C0,low,V1_P0_C0__low,val
001006,1,0,0,1,1,2,True,False,False,V1_P0_C0,low,V1_P0_C0__low,val
001007,8,0,0,8,1,9,True,False,False,V1_P0_C0,high,V1_P0_C0__high,train
001008,2,2,1,5,2,7,True,True,True,V1_P1_C1,medium,V1_P1_C1__medium,train
001009,5,0,0,5,1,6,True,False,False,V1_P0_C0,medium,V1_P0_C0__medium,train
001010,12,0,0,12,2,14,True,False,False,V1_P0_C0,high,V1_P0_C0__high,val
001011,9,0,0,9,0,9,True,False,False,V1_P0_C0,high,V1_P0_C0__high,train
001012,6,0,0,6,1,7,True,False,False,V1_P0_C0,medium,V1_P0_C0__medium,val
001013,10,0,0,10,2,12,True,False,False,V1_P0_C0,high,V1_P0_C0__high,train
001014,2,0,0,2,0,2,True,False,False,V1_P0_C0,low,V1_P0_C0__low,train
001015,6,2,0,8,2,10,True,True,False,V1_P1_C0,high,V1_P1_C0__high,train
001016,7,0,0,7,1,8,True,False,False,V1_P0_C0,high,V1_P0_C0__high,train
001017,3,0,0,3,1,4,True,False,False,V1_P0_C0,low,V1_P0_C0__low,train
001018,1,0,0,1,0,1,True,False,False,V1_P0_C0,low,V1_P0_C0__low,train
001019,0,1,0,1,2,3,False,True,False,V0_P1_C0,low,V0_P1_C0__low,train
001020,5,0,0,5,0,5,True,False,False,V1_P0_C0,medium,V1_P0_C0__medium,train
001021,6,1,0,7,0,7,True,True,False,V1_P1_C0,high,V1_P1_C0__high,train
001022,4,0,1,5,1,6,True,False,True,V1_P0_C1,medium,V1_P0_C1__medium,train
001023,4,0,0,4,2,6,True,False,False,V1_P0_C0,medium,V1_P0_C0__medium,val
001024,7,0,0,7,2,9,True,False,False,V1_P0_C0,high,V1_P0_C0__high,train
001025,2,0,0,2,1,3,True,False,False,V1_P0_C0,low,V1_P0_C0__low,train
001026,2,1,0,3,0,3,True,True,False,V1_P1_C0,low,V1_P1_C0__low,train
001027,1,0,1,2,2,4,True,False,True,V1_P0_C1,low,V1_P0_C1__low,train
001028,8,0,0,8,1,9,True,False,False,V1_P0_C0,high,V1_P0_C0__high,train
001029,0,1,0,1,0,1,False,True,False,V0_P1_C0,low,V0_P1_C0__low,train
001030,1,0,0,1,3,4,True,False,False,V1_P0_C0,low,V1_P0_C0__low,train
001031,0,1,0,1,0,1,False,True,False,V0_P1_C0,low,V0_P1_C0__low,train
001032,5,0,0,5,2,7,True,False,False,V1_P0_C0,medium,V1_P0_C0__medium,train
001033,0,1,0,1,0,1,False,True,False,V0_P1_C0,low,V0_P1_C0__low,train
001034,3,0,2,5,2,7,True,False,True,V1_P0_C1,medium,V1_P0_C1__medium,train
001035,10,1,0,11,1,12,True,True,False,V1_P1_C0,high,V1_P1_C0__high,train
001036,0,1,0,1,0,1,False,True,False,V0_P1_C0,low,V0_P1_C0__low,train
001037,0,1,0,1,0,1,False,True,False,V0_P1_C0,low,V0_P1_C0__low,train
001038,12,0,0,12,1,13,True,False,False,V1_P0_C0,high,V1_P0_C0__high,train
001039,5,0,0,5,2,7,True,False,False,V1_P0_C0,medium,V1_P0_C0__medium,train
001040,3,0,1,4,4,8,True,False,True,V1_P0_C1,medium,V1_P0_C1__medium,train
001041,2,0,0,2,1,3,True,False,False,V1_P0_C0,low,V1_P0_C0__low,val
001042,4,0,1,5,1,6,True,False,True,V1_P0_C1,medium,V1_P0_C1__medium,train
001043,9,0,0,9,7,16,True,False,False,V1_P0_C0,high,V1_P0_C0__high,val
001044,13,0,0,13,1,14,True,False,False,V1_P0_C0,high,V1_P0_C0__high,train
001045,8,0,1,9,1,10,True,False,True,V1_P0_C1,high,V1_P0_C1__high,train
001046,1,10,0,11,2,13,True,True,False,V1_P1_C0,high,V1_P1_C0__high,train
001047,1,0,0,1,1,2,True,False,False,V1_P0_C0,low,V1_P0_C0__low,val
001048,6,0,0,6,3,9,True,False,False,V1_P0_C0,medium,V1_P0_C0__medium,val
001049,4,10,0,14,2,16,True,True,False,V1_P1_C0,high,V1_P1_C0__high,train
001050,13,1,0,14,5,19,True,True,False,V1_P1_C0,high,V1_P1_C0__high,val
001051,1,0,0,1,2,3,True,False,False,V1_P0_C0,low,V1_P0_C0__low,train
001052,9,0,0,9,2,11,True,False,False,V1_P0_C0,high,V1_P0_C0__high,train
001053,2,0,0,2,2,4,True,False,False,V1_P0_C0,low,V1_P0_C0__low,train
001054,12,0,0,12,1,13,True,False,False,V1_P0_C0,high,V1_P0_C0__high,train
001055,7,0,1,8,0,8,True,False,True,V1_P0_C1,high,V1_P0_C1__high,val
001056,5,0,0,5,1,6,True,False,False,V1_P0_C0,medium,V1_P0_C0__medium,train
001057,0,1,0,1,0,1,False,True,False,V0_P1_C0,low,V0_P1_C0__low,train
001058,5,0,0,5,2,7,True,False,False,V1_P0_C0,medium,V1_P0_C0__medium,train
001059,4,0,0,4,2,6,True,False,False,V1_P0_C0,medium,V1_P0_C0__medium,train
001060,6,0,0,6,4,10,True,False,False,V1_P0_C0,medium,V1_P0_C0__medium,val
001061,2,1,1,4,1,5,True,True,True,V1_P1_C1,medium,V1_P1_C1__medium,train
001062,10,1,0,11,3,14,True,True,False,V1_P1_C0,high,V1_P1_C0__high,val
001063,3,0,0,3,1,4,True,False,False,V1_P0_C0,low,V1_P0_C0__low,train
001064,2,0,0,2,2,4,True,False,False,V1_P0_C0,low,V1_P0_C0__low,train
001065,10,0,1,11,3,14,True,False,True,V1_P0_C1,high,V1_P0_C1__high,train
001066,1,0,0,1,0,1,True,False,False,V1_P0_C0,low,V1_P0_C0__low,train
001067,2,0,0,2,0,2,True,False,False,V1_P0_C0,low,V1_P0_C0__low,train
001068,1,6,1,8,3,11,True,True,True,V1_P1_C1,high,V1_P1_C1__high,val
001069,3,1,4,8,3,11,True,True,True,V1_P1_C1,high,V1_P1_C1__high,val
001070,2,9,0,11,3,14,True,True,False,V1_P1_C0,high,V1_P1_C0__high,train
001071,11,0,0,11,3,14,True,False,False,V1_P0_C0,high,V1_P0_C0__high,val
001072,4,0,0,4,2,6,True,False,False,V1_P0_C0,medium,V1_P0_C0__medium,train
001073,1,0,0,1,3,4,True,False,False,V1_P0_C0,low,V1_P0_C0__low,train
001074,1,0,0,1,1,2,True,False,False,V1_P0_C0,low,V1_P0_C0__low,train
001075,4,0,0,4,2,6,True,False,False,V1_P0_C0,medium,V1_P0_C0__medium,val
001076,3,0,0,3,1,4,True,False,False,V1_P0_C0,low,V1_P0_C0__low,val
001077,13,0,1,14,2,16,True,False,True,V1_P0_C1,high,V1_P0_C1__high,train
001078,8,0,0,8,2,10,True,False,False,V1_P0_C0,high,V1_P0_C0__high,train
001079,1,0,0,1,2,3,True,False,False,V1_P0_C0,low,V1_P0_C0__low,train
001080,3,0,0,3,2,5,True,False,False,V1_P0_C0,low,V1_P0_C0__low,train
001081,3,0,0,3,2,5,True,False,False,V1_P0_C0,low,V1_P0_C0__low,val
001082,14,0,0,14,0,14,True,False,False,V1_P0_C0,high,V1_P0_C0__high,train
001083,9,0,0,9,5,14,True,False,False,V1_P0_C0,high,V1_P0_C0__high,train
001084,7,0,0,7,1,8,True,False,False,V1_P0_C0,high,V1_P0_C0__high,train
001085,5,0,0,5,0,5,True,False,False,V1_P0_C0,medium,V1_P0_C0__medium,train
001086,7,0,1,8,2,10,True,False,True,V1_P0_C1,high,V1_P0_C1__high,train
001087,5,0,0,5,0,5,True,False,False,V1_P0_C0,medium,V1_P0_C0__medium,train
001088,0,1,0,1,0,1,False,True,False,V0_P1_C0,low,V0_P1_C0__low,train
001089,7,0,0,7,1,8,True,False,False,V1_P0_C0,high,V1_P0_C0__high,train
001090,1,0,0,1,1,2,True,False,False,V1_P0_C0,low,V1_P0_C0__low,train
001091,0,1,0,1,0,1,False,True,False,V0_P1_C0,low,V0_P1_C0__low,train
001092,2,0,0,2,1,3,True,False,False,V1_P0_C0,low,V1_P0_C0__low,train
001093,2,0,0,2,2,4,True,False,False,V1_P0_C0,low,V1_P0_C0__low,train
001094,3,0,0,3,3,6,True,False,False,V1_P0_C0,low,V1_P0_C0__low,val
001095,3,0,0,3,2,5,True,False,False,V1_P0_C0,low,V1_P0_C0__low,train
001096,6,0,0,6,2,8,True,False,False,V1_P0_C0,medium,V1_P0_C0__medium,train
001097,5,0,0,5,0,5,True,False,False,V1_P0_C0,medium,V1_P0_C0__medium,val
001098,1,0,0,1,3,4,True,False,False,V1_P0_C0,low,V1_P0_C0__low,train
001099,2,0,0,2,1,3,True,False,False,V1_P0_C0,low,V1_P0_C0__low,train
001100,10,1,2,13,1,14,True,True,True,V1_P1_C1,high,V1_P1_C1__high,train
001101,1,10,0,11,2,13,True,True,False,V1_P1_C0,high,V1_P1_C0__high,train
001102,9,0,0,9,3,12,True,False,False,V1_P0_C0,high,V1_P0_C0__high,train
001103,4,0,0,4,4,8,True,False,False,V1_P0_C0,medium,V1_P0_C0__medium,val
001104,7,0,0,7,1,8,True,False,False,V1_P0_C0,high,V1_P0_C0__high,val
001105,1,0,0,1,1,2,True,False,False,V1_P0_C0,low,V1_P0_C0__low,train
001106,1,8,0,9,3,12,True,True,False,V1_P1_C0,high,V1_P1_C0__high,train
001107,6,0,0,6,1,7,True,False,False,V1_P0_C0,medium,V1_P0_C0__medium,train
001108,10,0,0,10,1,11,True,False,False,V1_P0_C0,high,V1_P0_C0__high,train
001109,1,0,0,1,1,2,True,False,False,V1_P0_C0,low,V1_P0_C0__low,train
001110,2,0,0,2,3,5,True,False,False,V1_P0_C0,low,V1_P0_C0__low,train
001111,1,0,1,2,1,3,True,False,True,V1_P0_C1,low,V1_P0_C1__low,train
001112,3,0,2,5,3,8,True,False,True,V1_P0_C1,medium,V1_P0_C1__medium,train
001113,0,1,0,1,0,1,False,True,False,V0_P1_C0,low,V0_P1_C0__low,train
001114,3,1,0,4,1,5,True,True,False,V1_P1_C0,medium,V1_P1_C0__medium,train
001115,2,0,0,2,4,6,True,False,False,V1_P0_C0,low,V1_P0_C0__low,train
001116,5,0,0,5,1,6,True,False,False,V1_P0_C0,medium,V1_P0_C0__medium,val
001117,5,0,0,5,2,7,True,False,False,V1_P0_C0,medium,V1_P0_C0__medium,train
001118,5,0,0,5,2,7,True,False,False,V1_P0_C0,medium,V1_P0_C0__medium,train
001119,5,0,0,5,0,5,True,False,False,V1_P0_C0,medium,V1_P0_C0__medium,val
001120,8,0,0,8,2,10,True,False,False,V1_P0_C0,high,V1_P0_C0__high,train
001121,3,0,0,3,0,3,True,False,False,V1_P0_C0,low,V1_P0_C0__low,val
001122,3,0,0,3,1,4,True,False,False,V1_P0_C0,low,V1_P0_C0__low,train
001123,4,0,3,7,3,10,True,False,True,V1_P0_C1,high,V1_P0_C1__high,train
001124,0,1,0,1,0,1,False,True,False,V0_P1_C0,low,V0_P1_C0__low,train
001125,9,0,0,9,1,10,True,False,False,V1_P0_C0,high,V1_P0_C0__high,train
001126,2,0,0,2,0,2,True,False,False,V1_P0_C0,low,V1_P0_C0__low,train
001127,7,0,0,7,2,9,True,False,False,V1_P0_C0,high,V1_P0_C0__high,train
001128,5,0,0,5,2,7,True,False,False,V1_P0_C0,medium,V1_P0_C0__medium,val
001129,4,0,0,4,1,5,True,False,False,V1_P0_C0,medium,V1_P0_C0__medium,train
001130,2,0,0,2,1,3,True,False,False,V1_P0_C0,low,V1_P0_C0__low,train
001131,3,0,0,3,1,4,True,False,False,V1_P0_C0,low,V1_P0_C0__low,train
001132,1,6,0,7,2,9,True,True,False,V1_P1_C0,high,V1_P1_C0__high,train
001133,3,0,0,3,4,7,True,False,False,V1_P0_C0,low,V1_P0_C0__low,val
001134,4,0,2,6,1,7,True,False,True,V1_P0_C1,medium,V1_P0_C1__medium,train
001135,1,0,0,1,0,1,True,False,False,V1_P0_C0,low,V1_P0_C0__low,val
001136,9,0,0,9,3,12,True,False,False,V1_P0_C0,high,V1_P0_C0__high,train
001137,2,0,0,2,1,3,True,False,False,V1_P0_C0,low,V1_P0_C0__low,val
001138,10,0,0,10,2,12,True,False,False,V1_P0_C0,high,V1_P0_C0__high,train
001139,7,0,0,7,3,10,True,False,False,V1_P0_C0,high,V1_P0_C0__high,train
001140,6,0,0,6,4,10,True,False,False,V1_P0_C0,medium,V1_P0_C0__medium,val
001141,4,0,1,5,1,6,True,False,True,V1_P0_C1,medium,V1_P0_C1__medium,train
001142,15,0,0,15,1,16,True,False,False,V1_P0_C0,high,V1_P0_C0__high,train
001143,4,0,0,4,2,6,True,False,False,V1_P0_C0,medium,V1_P0_C0__medium,train
001144,1,0,0,1,2,3,True,False,False,V1_P0_C0,low,V1_P0_C0__low,train
001145,4,0,1,5,1,6,True,False,True,V1_P0_C1,medium,V1_P0_C1__medium,train
001146,5,0,0,5,0,5,True,False,False,V1_P0_C0,medium,V1_P0_C0__medium,train
001147,6,0,1,7,1,8,True,False,True,V1_P0_C1,high,V1_P0_C1__high,train
001148,4,1,0,5,1,6,True,True,False,V1_P1_C0,medium,V1_P1_C0__medium,val
001149,0,1,2,3,5,8,False,True,True,V0_P1_C1,low,V0_P1_C1__low,train
001150,6,0,0,6,2,8,True,False,False,V1_P0_C0,medium,V1_P0_C0__medium,train
001151,6,0,0,6,0,6,True,False,False,V1_P0_C0,medium,V1_P0_C0__medium,train
001152,3,0,0,3,1,4,True,False,False,V1_P0_C0,low,V1_P0_C0__low,val
001153,6,0,0,6,1,7,True,False,False,V1_P0_C0,medium,V1_P0_C0__medium,train
001154,4,0,0,4,1,5,True,False,False,V1_P0_C0,medium,V1_P0_C0__medium,train
001155,1,0,0,1,0,1,True,False,False,V1_P0_C0,low,V1_P0_C0__low,train
001156,3,0,0,3,0,3,True,False,False,V1_P0_C0,low,V1_P0_C0__low,train
001157,4,0,0,4,1,5,True,False,False,V1_P0_C0,medium,V1_P0_C0__medium,train
001158,6,0,0,6,2,8,True,False,False,V1_P0_C0,medium,V1_P0_C0__medium,train
001159,6,0,0,6,2,8,True,False,False,V1_P0_C0,medium,V1_P0_C0__medium,val
001160,1,1,0,2,0,2,True,True,False,V1_P1_C0,low,V1_P1_C0__low,train
001161,0,1,0,1,0,1,False,True,False,V0_P1_C0,low,V0_P1_C0__low,train
001162,9,0,0,9,1,10,True,False,False,V1_P0_C0,high,V1_P0_C0__high,train
001163,9,0,0,9,2,11,True,False,False,V1_P0_C0,high,V1_P0_C0__high,val
001164,5,0,0,5,1,6,True,False,False,V1_P0_C0,medium,V1_P0_C0__medium,train
001165,3,0,0,3,1,4,True,False,False,V1_P0_C0,low,V1_P0_C0__low,val
001166,2,0,0,2,1,3,True,False,False,V1_P0_C0,low,V1_P0_C0__low,train
001167,1,1,0,2,6,8,True,True,False,V1_P1_C0,low,V1_P1_C0__low,val
001168,3,0,1,4,1,5,True,False,True,V1_P0_C1,medium,V1_P0_C1__medium,train
001169,0,7,2,9,4,13,False,True,True,V0_P1_C1,high,V0_P1_C1__high,train
001170,6,0,0,6,1,7,True,False,False,V1_P0_C0,medium,V1_P0_C0__medium,train
001171,1,1,0,2,3,5,True,True,False,V1_P1_C0,low,V1_P1_C0__low,train
001172,6,0,0,6,1,7,True,False,False,V1_P0_C0,medium,V1_P0_C0__medium,train
001173,3,0,0,3,2,5,True,False,False,V1_P0_C0,low,V1_P0_C0__low,val
001174,0,1,0,1,0,1,False,True,False,V0_P1_C0,low,V0_P1_C0__low,train
001175,15,0,0,15,1,16,True,False,False,V1_P0_C0,high,V1_P0_C0__high,train
001176,2,0,0,2,0,2,True,False,False,V1_P0_C0,low,V1_P0_C0__low,train
001177,2,0,1,3,1,4,True,False,True,V1_P0_C1,low,V1_P0_C1__low,train
001178,4,0,0,4,0,4,True,False,False,V1_P0_C0,medium,V1_P0_C0__medium,train
001179,3,0,1,4,3,7,True,False,True,V1_P0_C1,medium,V1_P0_C1__medium,train
001180,9,3,0,12,2,14,True,True,False,V1_P1_C0,high,V1_P1_C0__high,val
001181,5,0,0,5,3,8,True,False,False,V1_P0_C0,medium,V1_P0_C0__medium,train
001182,5,0,0,5,2,7,True,False,False,V1_P0_C0,medium,V1_P0_C0__medium,train
001183,6,0,0,6,1,7,True,False,False,V1_P0_C0,medium,V1_P0_C0__medium,train
001184,6,1,0,7,1,8,True,True,False,V1_P1_C0,high,V1_P1_C0__high,train
001185,5,0,0,5,2,7,True,False,False,V1_P0_C0,medium,V1_P0_C0__medium,train
001186,1,0,0,1,1,2,True,False,False,V1_P0_C0,low,V1_P0_C0__low,train
001187,6,0,0,6,1,7,True,False,False,V1_P0_C0,medium,V1_P0_C0__medium,train
001188,2,1,0,3,1,4,True,True,False,V1_P1_C0,low,V1_P1_C0__low,train
001189,0,1,0,1,0,1,False,True,False,V0_P1_C0,low,V0_P1_C0__low,train
001190,7,0,0,7,1,8,True,False,False,V1_P0_C0,high,V1_P0_C0__high,train
001191,0,1,0,1,0,1,False,True,False,V0_P1_C0,low,V0_P1_C0__low,train
001192,4,0,0,4,2,6,True,False,False,V1_P0_C0,medium,V1_P0_C0__medium,train
001193,2,6,0,8,3,11,True,True,False,V1_P1_C0,high,V1_P1_C0__high,train
001194,2,0,0,2,1,3,True,False,False,V1_P0_C0,low,V1_P0_C0__low,val
001195,10,0,0,10,0,10,True,False,False,V1_P0_C0,high,V1_P0_C0__high,train
001196,3,3,1,7,0,7,True,True,True,V1_P1_C1,high,V1_P1_C1__high,train
001197,1,0,0,1,0,1,True,False,False,V1_P0_C0,low,V1_P0_C0__low,val
001198,1,6,0,7,2,9,True,True,False,V1_P1_C0,high,V1_P1_C0__high,train
001199,11,0,0,11,7,18,True,False,False,V1_P0_C0,high,V1_P0_C0__high,train
001200,5,0,0,5,1,6,True,False,False,V1_P0_C0,medium,V1_P0_C0__medium,train
001201,7,0,0,7,2,9,True,False,False,V1_P0_C0,high,V1_P0_C0__high,train
001202,1,0,0,1,0,1,True,False,False,V1_P0_C0,low,V1_P0_C0__low,train
001203,4,0,1,5,1,6,True,False,True,V1_P0_C1,medium,V1_P0_C1__medium,train
001204,7,0,1,8,1,9,True,False,True,V1_P0_C1,high,V1_P0_C1__high,train
001205,0,1,0,1,0,1,False,True,False,V0_P1_C0,low,V0_P1_C0__low,train
001206,8,0,0,8,1,9,True,False,False,V1_P0_C0,high,V1_P0_C0__high,train
001207,0,4,2,6,3,9,False,True,True,V0_P1_C1,medium,V0_P1_C1__medium,val
001208,0,1,0,1,0,1,False,True,False,V0_P1_C0,low,V0_P1_C0__low,train
001209,14,0,0,14,1,15,True,False,False,V1_P0_C0,high,V1_P0_C0__high,train
001210,1,0,0,1,1,2,True,False,False,V1_P0_C0,low,V1_P0_C0__low,train
001211,0,3,0,3,3,6,False,True,False,V0_P1_C0,low,V0_P1_C0__low,train
001212,2,0,0,2,0,2,True,False,False,V1_P0_C0,low,V1_P0_C0__low,train
001213,1,0,1,2,1,3,True,False,True,V1_P0_C1,low,V1_P0_C1__low,train
001214,4,0,0,4,1,5,True,False,False,V1_P0_C0,medium,V1_P0_C0__medium,train
001215,1,0,0,1,1,2,True,False,False,V1_P0_C0,low,V1_P0_C0__low,train
001216,3,0,1,4,3,7,True,False,True,V1_P0_C1,medium,V1_P0_C1__medium,val
001217,5,0,0,5,3,8,True,False,False,V1_P0_C0,medium,V1_P0_C0__medium,train
001218,2,0,1,3,1,4,True,False,True,V1_P0_C1,low,V1_P0_C1__low,train
001219,2,0,0,2,1,3,True,False,False,V1_P0_C0,low,V1_P0_C0__low,train
001220,1,9,1,11,1,12,True,True,True,V1_P1_C1,high,V1_P1_C1__high,train
001221,7,2,2,11,1,12,True,True,True,V1_P1_C1,high,V1_P1_C1__high,train
001222,9,0,1,10,1,11,True,False,True,V1_P0_C1,high,V1_P0_C1__high,train
001223,13,0,0,13,1,14,True,False,False,V1_P0_C0,high,V1_P0_C0__high,train
001224,9,0,0,9,1,10,True,False,False,V1_P0_C0,high,V1_P0_C0__high,train
001225,5,1,0,6,0,6,True,True,False,V1_P1_C0,medium,V1_P1_C0__medium,train
001226,6,0,0,6,1,7,True,False,False,V1_P0_C0,medium,V1_P0_C0__medium,train
001227,15,0,0,15,0,15,True,False,False,V1_P0_C0,high,V1_P0_C0__high,train
001228,0,1,0,1,0,1,False,True,False,V0_P1_C0,low,V0_P1_C0__low,val
001229,5,0,0,5,2,7,True,False,False,V1_P0_C0,medium,V1_P0_C0__medium,val
001230,13,0,0,13,2,15,True,False,False,V1_P0_C0,high,V1_P0_C0__high,val
001231,2,0,0,2,2,4,True,False,False,V1_P0_C0,low,V1_P0_C0__low,train
001232,8,0,0,8,3,11,True,False,False,V1_P0_C0,high,V1_P0_C0__high,train
001233,0,1,0,1,0,1,False,True,False,V0_P1_C0,low,V0_P1_C0__low,train
001234,2,0,0,2,1,3,True,False,False,V1_P0_C0,low,V1_P0_C0__low,val
001235,1,0,0,1,1,2,True,False,False,V1_P0_C0,low,V1_P0_C0__low,train
001236,2,0,0,2,1,3,True,False,False,V1_P0_C0,low,V1_P0_C0__low,train
001237,10,0,0,10,1,11,True,False,False,V1_P0_C0,high,V1_P0_C0__high,train
001238,2,3,2,7,0,7,True,True,True,V1_P1_C1,high,V1_P1_C1__high,val
001239,1,0,0,1,0,1,True,False,False,V1_P0_C0,low,V1_P0_C0__low,val
001240,6,0,0,6,0,6,True,False,False,V1_P0_C0,medium,V1_P0_C0__medium,train
001241,6,0,0,6,1,7,True,False,False,V1_P0_C0,medium,V1_P0_C0__medium,train
001242,1,0,1,2,1,3,True,False,True,V1_P0_C1,low,V1_P0_C1__low,train
001243,6,0,0,6,1,7,True,False,False,V1_P0_C0,medium,V1_P0_C0__medium,train
001244,11,0,0,11,0,11,True,False,False,V1_P0_C0,high,V1_P0_C0__high,train
001245,3,0,1,4,2,6,True,False,True,V1_P0_C1,medium,V1_P0_C1__medium,train
001246,10,0,0,10,2,12,True,False,False,V1_P0_C0,high,V1_P0_C0__high,train
001247,6,0,0,6,2,8,True,False,False,V1_P0_C0,medium,V1_P0_C0__medium,train
001248,12,0,0,12,3,15,True,False,False,V1_P0_C0,high,V1_P0_C0__high,train
001249,0,1,0,1,0,1,False,True,False,V0_P1_C0,low,V0_P1_C0__low,train
001250,2,0,0,2,5,7,True,False,False,V1_P0_C0,low,V1_P0_C0__low,train
001251,2,0,0,2,1,3,True,False,False,V1_P0_C0,low,V1_P0_C0__low,train
001252,0,4,2,6,2,8,False,True,True,V0_P1_C1,medium,V0_P1_C1__medium,val
001253,4,0,0,4,0,4,True,False,False,V1_P0_C0,medium,V1_P0_C0__medium,train
001254,8,0,2,10,2,12,True,False,True,V1_P0_C1,high,V1_P0_C1__high,val
001255,4,0,0,4,2,6,True,False,False,V1_P0_C0,medium,V1_P0_C0__medium,train
001256,0,1,0,1,0,1,False,True,False,V0_P1_C0,low,V0_P1_C0__low,train
001257,3,0,0,3,1,4,True,False,False,V1_P0_C0,low,V1_P0_C0__low,train
001258,1,0,0,1,1,2,True,False,False,V1_P0_C0,low,V1_P0_C0__low,train
001259,2,0,0,2,0,2,True,False,False,V1_P0_C0,low,V1_P0_C0__low,train
001260,2,0,0,2,0,2,True,False,False,V1_P0_C0,low,V1_P0_C0__low,train
001261,5,0,0,5,0,5,True,False,False,V1_P0_C0,medium,V1_P0_C0__medium,train
001262,12,2,0,14,3,17,True,True,False,V1_P1_C0,high,V1_P1_C0__high,val
001263,3,1,0,4,3,7,True,True,False,V1_P1_C0,medium,V1_P1_C0__medium,train
001264,4,0,0,4,2,6,True,False,False,V1_P0_C0,medium,V1_P0_C0__medium,train
001265,2,0,0,2,1,3,True,False,False,V1_P0_C0,low,V1_P0_C0__low,train
001266,2,0,1,3,3,6,True,False,True,V1_P0_C1,low,V1_P0_C1__low,train
001267,1,6,0,7,1,8,True,True,False,V1_P1_C0,high,V1_P1_C0__high,train
001268,5,0,1,6,2,8,True,False,True,V1_P0_C1,medium,V1_P0_C1__medium,train
001269,2,0,0,2,1,3,True,False,False,V1_P0_C0,low,V1_P0_C0__low,train
001270,6,0,0,6,3,9,True,False,False,V1_P0_C0,medium,V1_P0_C0__medium,val
001271,2,0,0,2,1,3,True,False,False,V1_P0_C0,low,V1_P0_C0__low,val
001272,0,1,0,1,0,1,False,True,False,V0_P1_C0,low,V0_P1_C0__low,train
001273,3,0,0,3,2,5,True,False,False,V1_P0_C0,low,V1_P0_C0__low,train
001274,7,0,2,9,1,10,True,False,True,V1_P0_C1,high,V1_P0_C1__high,train
001275,4,0,0,4,1,5,True,False,False,V1_P0_C0,medium,V1_P0_C0__medium,train
001276,6,0,0,6,0,6,True,False,False,V1_P0_C0,medium,V1_P0_C0__medium,train
001277,8,0,0,8,1,9,True,False,False,V1_P0_C0,high,V1_P0_C0__high,train
001278,5,0,0,5,1,6,True,False,False,V1_P0_C0,medium,V1_P0_C0__medium,train
001279,0,1,0,1,0,1,False,True,False,V0_P1_C0,low,V0_P1_C0__low,train
001280,8,0,0,8,1,9,True,False,False,V1_P0_C0,high,V1_P0_C0__high,train
001281,3,0,2,5,2,7,True,False,True,V1_P0_C1,medium,V1_P0_C1__medium,train
001282,1,0,0,1,1,2,True,False,False,V1_P0_C0,low,V1_P0_C0__low,train
001283,2,0,1,3,1,4,True,False,True,V1_P0_C1,low,V1_P0_C1__low,train
001284,5,0,0,5,0,5,True,False,False,V1_P0_C0,medium,V1_P0_C0__medium,val
001285,2,0,0,2,0,2,True,False,False,V1_P0_C0,low,V1_P0_C0__low,train
001286,2,1,0,3,3,6,True,True,False,V1_P1_C0,low,V1_P1_C0__low,val
001287,12,0,0,12,2,14,True,False,False,V1_P0_C0,high,V1_P0_C0__high,train
001288,7,0,0,7,1,8,True,False,False,V1_P0_C0,high,V1_P0_C0__high,val
001289,3,0,1,4,3,7,True,False,True,V1_P0_C1,medium,V1_P0_C1__medium,train
001290,9,0,1,10,1,11,True,False,True,V1_P0_C1,high,V1_P0_C1__high,val
001291,3,0,0,3,1,4,True,False,False,V1_P0_C0,low,V1_P0_C0__low,train
001292,3,0,0,3,2,5,True,False,False,V1_P0_C0,low,V1_P0_C0__low,val
001293,10,0,0,10,2,12,True,False,False,V1_P0_C0,high,V1_P0_C0__high,train
001294,8,0,0,8,1,9,True,False,False,V1_P0_C0,high,V1_P0_C0__high,train
001295,2,2,3,7,3,10,True,True,True,V1_P1_C1,high,V1_P1_C1__high,train
001296,4,0,0,4,4,8,True,False,False,V1_P0_C0,medium,V1_P0_C0__medium,train
001297,1,0,0,1,2,3,True,False,False,V1_P0_C0,low,V1_P0_C0__low,train
001298,1,0,0,1,1,2,True,False,False,V1_P0_C0,low,V1_P0_C0__low,train
001299,3,0,0,3,0,3,True,False,False,V1_P0_C0,low,V1_P0_C0__low,val
001300,0,1,0,1,0,1,False,True,False,V0_P1_C0,low,V0_P1_C0__low,train
001301,12,0,0,12,1,13,True,False,False,V1_P0_C0,high,V1_P0_C0__high,train
001302,2,0,0,2,0,2,True,False,False,V1_P0_C0,low,V1_P0_C0__low,train
001303,3,0,0,3,0,3,True,False,False,V1_P0_C0,low,V1_P0_C0__low,train
001304,4,0,0,4,2,6,True,False,False,V1_P0_C0,medium,V1_P0_C0__medium,train
001305,5,0,0,5,2,7,True,False,False,V1_P0_C0,medium,V1_P0_C0__medium,train
001306,10,0,0,10,2,12,True,False,False,V1_P0_C0,high,V1_P0_C0__high,train
001307,2,2,0,4,2,6,True,True,False,V1_P1_C0,medium,V1_P1_C0__medium,train
001308,3,0,1,4,3,7,True,False,True,V1_P0_C1,medium,V1_P0_C1__medium,train
001309,5,0,0,5,1,6,True,False,False,V1_P0_C0,medium,V1_P0_C0__medium,val
001310,2,0,1,3,3,6,True,False,True,V1_P0_C1,low,V1_P0_C1__low,train
001311,10,1,0,11,2,13,True,True,False,V1_P1_C0,high,V1_P1_C0__high,train
001312,2,0,0,2,1,3,True,False,False,V1_P0_C0,low,V1_P0_C0__low,train
001313,2,0,0,2,3,5,True,False,False,V1_P0_C0,low,V1_P0_C0__low,train
001314,0,2,0,2,0,2,False,True,False,V0_P1_C0,low,V0_P1_C0__low,val
001315,1,0,0,1,1,2,True,False,False,V1_P0_C0,low,V1_P0_C0__low,train
001316,1,0,0,1,3,4,True,False,False,V1_P0_C0,low,V1_P0_C0__low,train
001317,6,0,0,6,2,8,True,False,False,V1_P0_C0,medium,V1_P0_C0__medium,train
001318,4,0,0,4,1,5,True,False,False,V1_P0_C0,medium,V1_P0_C0__medium,train
001319,2,3,1,6,0,6,True,True,True,V1_P1_C1,medium,V1_P1_C1__medium,train
001320,4,0,0,4,2,6,True,False,False,V1_P0_C0,medium,V1_P0_C0__medium,train
001321,1,0,0,1,0,1,True,False,False,V1_P0_C0,low,V1_P0_C0__low,train
001322,5,3,0,8,1,9,True,True,False,V1_P1_C0,high,V1_P1_C0__high,train
001323,0,1,0,1,0,1,False,True,False,V0_P1_C0,low,V0_P1_C0__low,val
001324,2,0,0,2,0,2,True,False,False,V1_P0_C0,low,V1_P0_C0__low,train
001325,2,0,1,3,1,4,True,False,True,V1_P0_C1,low,V1_P0_C1__low,val
001326,4,0,0,4,3,7,True,False,False,V1_P0_C0,medium,V1_P0_C0__medium,val
001327,2,0,0,2,1,3,True,False,False,V1_P0_C0,low,V1_P0_C0__low,train
001328,2,0,2,4,2,6,True,False,True,V1_P0_C1,medium,V1_P0_C1__medium,train
001329,1,0,0,1,3,4,True,False,False,V1_P0_C0,low,V1_P0_C0__low,train
001330,6,1,0,7,0,7,True,True,False,V1_P1_C0,high,V1_P1_C0__high,train
001331,3,0,0,3,4,7,True,False,False,V1_P0_C0,low,V1_P0_C0__low,train
001332,5,0,0,5,1,6,True,False,False,V1_P0_C0,medium,V1_P0_C0__medium,train
001333,6,0,1,7,1,8,True,False,True,V1_P0_C1,high,V1_P0_C1__high,train
001334,0,2,2,4,6,10,False,True,True,V0_P1_C1,medium,V0_P1_C1__medium,train
001335,2,0,0,2,2,4,True,False,False,V1_P0_C0,low,V1_P0_C0__low,train
001336,5,0,3,8,2,10,True,False,True,V1_P0_C1,high,V1_P0_C1__high,val
001337,6,0,0,6,0,6,True,False,False,V1_P0_C0,medium,V1_P0_C0__medium,train
001338,1,0,0,1,2,3,True,False,False,V1_P0_C0,low,V1_P0_C0__low,train
001339,2,0,0,2,0,2,True,False,False,V1_P0_C0,low,V1_P0_C0__low,train
001340,0,3,0,3,3,6,False,True,False,V0_P1_C0,low,V0_P1_C0__low,train
001341,1,0,0,1,0,1,True,False,False,V1_P0_C0,low,V1_P0_C0__low,train
001342,1,0,0,1,1,2,True,False,False,V1_P0_C0,low,V1_P0_C0__low,val
001343,2,0,0,2,1,3,True,False,False,V1_P0_C0,low,V1_P0_C0__low,train
001344,4,0,0,4,2,6,True,False,False,V1_P0_C0,medium,V1_P0_C0__medium,train
001345,1,0,1,2,3,5,True,False,True,V1_P0_C1,low,V1_P0_C1__low,val
001346,5,0,0,5,2,7,True,False,False,V1_P0_C0,medium,V1_P0_C0__medium,train
001347,3,0,0,3,2,5,True,False,False,V1_P0_C0,low,V1_P0_C0__low,val
001348,0,1,0,1,0,1,False,True,False,V0_P1_C0,low,V0_P1_C0__low,train
001349,13,0,0,13,1,14,True,False,False,V1_P0_C0,high,V1_P0_C0__high,train
001350,2,0,0,2,2,4,True,False,False,V1_P0_C0,low,V1_P0_C0__low,train
001351,5,0,1,6,1,7,True,False,True,V1_P0_C1,medium,V1_P0_C1__medium,train
001352,3,0,0,3,1,4,True,False,False,V1_P0_C0,low,V1_P0_C0__low,train
001353,1,0,0,1,2,3,True,False,False,V1_P0_C0,low,V1_P0_C0__low,train
001354,0,5,1,6,4,10,False,True,True,V0_P1_C1,medium,V0_P1_C1__medium,train
001355,1,12,0,13,1,14,True,True,False,V1_P1_C0,high,V1_P1_C0__high,train
001356,5,0,0,5,2,7,True,False,False,V1_P0_C0,medium,V1_P0_C0__medium,val
001357,0,5,3,8,3,11,False,True,True,V0_P1_C1,high,V0_P1_C1__high,train
001358,2,2,2,6,1,7,True,True,True,V1_P1_C1,medium,V1_P1_C1__medium,train
001359,2,0,0,2,3,5,True,False,False,V1_P0_C0,low,V1_P0_C0__low,train
001360,3,3,1,7,0,7,True,True,True,V1_P1_C1,high,V1_P1_C1__high,train
001361,4,0,0,4,2,6,True,False,False,V1_P0_C0,medium,V1_P0_C0__medium,val
001362,1,0,0,1,2,3,True,False,False,V1_P0_C0,low,V1_P0_C0__low,train
001363,5,0,0,5,1,6,True,False,False,V1_P0_C0,medium,V1_P0_C0__medium,train
001364,1,0,0,1,2,3,True,False,False,V1_P0_C0,low,V1_P0_C0__low,train
001365,4,0,0,4,0,4,True,False,False,V1_P0_C0,medium,V1_P0_C0__medium,train
001366,4,6,3,13,3,16,True,True,True,V1_P1_C1,high,V1_P1_C1__high,train
001367,9,0,0,9,4,13,True,False,False,V1_P0_C0,high,V1_P0_C0__high,train
001368,14,1,0,15,3,18,True,True,False,V1_P1_C0,high,V1_P1_C0__high,train
001369,6,0,0,6,3,9,True,False,False,V1_P0_C0,medium,V1_P0_C0__medium,train
001370,13,2,0,15,1,16,True,True,False,V1_P1_C0,high,V1_P1_C0__high,train
001371,6,1,0,7,1,8,True,True,False,V1_P1_C0,high,V1_P1_C0__high,train
001372,4,0,1,5,1,6,True,False,True,V1_P0_C1,medium,V1_P0_C1__medium,train
001373,4,0,0,4,0,4,True,False,False,V1_P0_C0,medium,V1_P0_C0__medium,train
001374,0,1,0,1,0,1,False,True,False,V0_P1_C0,low,V0_P1_C0__low,val
001375,1,0,0,1,2,3,True,False,False,V1_P0_C0,low,V1_P0_C0__low,val
001376,6,0,0,6,2,8,True,False,False,V1_P0_C0,medium,V1_P0_C0__medium,train
001377,4,0,0,4,1,5,True,False,False,V1_P0_C0,medium,V1_P0_C0__medium,train
001378,7,1,0,8,1,9,True,True,False,V1_P1_C0,high,V1_P1_C0__high,val
001379,1,0,0,1,1,2,True,False,False,V1_P0_C0,low,V1_P0_C0__low,val
001380,4,0,3,7,2,9,True,False,True,V1_P0_C1,high,V1_P0_C1__high,train
001381,1,0,0,1,2,3,True,False,False,V1_P0_C0,low,V1_P0_C0__low,train
001382,2,0,0,2,0,2,True,False,False,V1_P0_C0,low,V1_P0_C0__low,train
001383,12,0,0,12,0,12,True,False,False,V1_P0_C0,high,V1_P0_C0__high,train
001384,1,1,0,2,0,2,True,True,False,V1_P1_C0,low,V1_P1_C0__low,train
001385,1,0,0,1,0,1,True,False,False,V1_P0_C0,low,V1_P0_C0__low,train
001386,2,0,0,2,0,2,True,False,False,V1_P0_C0,low,V1_P0_C0__low,train
001387,3,0,0,3,1,4,True,False,False,V1_P0_C0,low,V1_P0_C0__low,train
001388,7,0,0,7,4,11,True,False,False,V1_P0_C0,high,V1_P0_C0__high,train
001389,7,0,0,7,1,8,True,False,False,V1_P0_C0,high,V1_P0_C0__high,train
001390,4,0,0,4,1,5,True,False,False,V1_P0_C0,medium,V1_P0_C0__medium,val
001391,10,0,0,10,3,13,True,False,False,V1_P0_C0,high,V1_P0_C0__high,val
001392,4,0,0,4,0,4,True,False,False,V1_P0_C0,medium,V1_P0_C0__medium,train
001393,6,0,0,6,3,9,True,False,False,V1_P0_C0,medium,V1_P0_C0__medium,train
001394,0,1,0,1,0,1,False,True,False,V0_P1_C0,low,V0_P1_C0__low,train
001395,1,0,0,1,2,3,True,False,False,V1_P0_C0,low,V1_P0_C0__low,train
001396,4,2,1,7,2,9,True,True,True,V1_P1_C1,high,V1_P1_C1__high,train
001397,0,1,0,1,0,1,False,True,False,V0_P1_C0,low,V0_P1_C0__low,train
001398,6,0,0,6,1,7,True,False,False,V1_P0_C0,medium,V1_P0_C0__medium,train
001399,1,0,0,1,0,1,True,False,False,V1_P0_C0,low,V1_P0_C0__low,train
001400,1,0,0,1,1,2,True,False,False,V1_P0_C0,low,V1_P0_C0__low,train
001401,1,0,0,1,3,4,True,False,False,V1_P0_C0,low,V1_P0_C0__low,train
001402,2,0,0,2,4,6,True,False,False,V1_P0_C0,low,V1_P0_C0__low,train
001403,6,0,0,6,2,8,True,False,False,V1_P0_C0,medium,V1_P0_C0__medium,val
001404,10,4,2,16,0,16,True,True,True,V1_P1_C1,high,V1_P1_C1__high,train
001405,0,3,0,3,2,5,False,True,False,V0_P1_C0,low,V0_P1_C0__low,train
001406,0,1,0,1,0,1,False,True,False,V0_P1_C0,low,V0_P1_C0__low,train
001407,13,1,0,14,4,18,True,True,False,V1_P1_C0,high,V1_P1_C0__high,train
001408,1,0,0,1,0,1,True,False,False,V1_P0_C0,low,V1_P0_C0__low,train
001409,1,3,0,4,1,5,True,True,False,V1_P1_C0,medium,V1_P1_C0__medium,train
001410,12,0,0,12,3,15,True,False,False,V1_P0_C0,high,V1_P0_C0__high,train
001411,3,0,0,3,1,4,True,False,False,V1_P0_C0,low,V1_P0_C0__low,val
001412,12,0,1,13,1,14,True,False,True,V1_P0_C1,high,V1_P0_C1__high,train
001413,5,0,0,5,0,5,True,False,False,V1_P0_C0,medium,V1_P0_C0__medium,val
001414,5,0,0,5,2,7,True,False,False,V1_P0_C0,medium,V1_P0_C0__medium,train
001415,6,0,0,6,1,7,True,False,False,V1_P0_C0,medium,V1_P0_C0__medium,train
001416,5,0,0,5,1,6,True,False,False,V1_P0_C0,medium,V1_P0_C0__medium,train
001417,10,0,0,10,1,11,True,False,False,V1_P0_C0,high,V1_P0_C0__high,train
001418,3,0,0,3,2,5,True,False,False,V1_P0_C0,low,V1_P0_C0__low,train
001419,2,7,0,9,3,12,True,True,False,V1_P1_C0,high,V1_P1_C0__high,train
001420,2,0,0,2,4,6,True,False,False,V1_P0_C0,low,V1_P0_C0__low,train
001421,0,1,0,1,0,1,False,True,False,V0_P1_C0,low,V0_P1_C0__low,train
001422,1,8,1,10,1,11,True,True,True,V1_P1_C1,high,V1_P1_C1__high,val
001423,0,1,0,1,0,1,False,True,False,V0_P1_C0,low,V0_P1_C0__low,train
001424,6,1,0,7,5,12,True,True,False,V1_P1_C0,high,V1_P1_C0__high,train
001425,2,0,3,5,3,8,True,False,True,V1_P0_C1,medium,V1_P0_C1__medium,train
001426,14,3,0,17,4,21,True,True,False,V1_P1_C0,high,V1_P1_C0__high,train
001427,1,0,0,1,5,6,True,False,False,V1_P0_C0,low,V1_P0_C0__low,train
001428,0,5,3,8,2,10,False,True,True,V0_P1_C1,high,V0_P1_C1__high,train
001429,11,0,0,11,0,11,True,False,False,V1_P0_C0,high,V1_P0_C0__high,train
001430,2,0,0,2,3,5,True,False,False,V1_P0_C0,low,V1_P0_C0__low,train
001431,0,1,0,1,0,1,False,True,False,V0_P1_C0,low,V0_P1_C0__low,train
001432,1,0,0,1,1,2,True,False,False,V1_P0_C0,low,V1_P0_C0__low,train
001433,4,2,0,6,1,7,True,True,False,V1_P1_C0,medium,V1_P1_C0__medium,train
001434,4,0,0,4,1,5,True,False,False,V1_P0_C0,medium,V1_P0_C0__medium,train
001435,6,0,0,6,1,7,True,False,False,V1_P0_C0,medium,V1_P0_C0__medium,val
001436,4,0,0,4,2,6,True,False,False,V1_P0_C0,medium,V1_P0_C0__medium,val
001437,1,0,0,1,2,3,True,False,False,V1_P0_C0,low,V1_P0_C0__low,val
001438,7,1,0,8,1,9,True,True,False,V1_P1_C0,high,V1_P1_C0__high,train
001439,2,0,1,3,3,6,True,False,True,V1_P0_C1,low,V1_P0_C1__low,train
001440,1,0,0,1,4,5,True,False,False,V1_P0_C0,low,V1_P0_C0__low,train
001441,0,1,0,1,0,1,False,True,False,V0_P1_C0,low,V0_P1_C0__low,val
001442,5,0,0,5,1,6,True,False,False,V1_P0_C0,medium,V1_P0_C0__medium,train
001443,5,0,0,5,1,6,True,False,False,V1_P0_C0,medium,V1_P0_C0__medium,train
001444,0,1,0,1,0,1,False,True,False,V0_P1_C0,low,V0_P1_C0__low,train
001445,5,0,0,5,1,6,True,False,False,V1_P0_C0,medium,V1_P0_C0__medium,train
001446,7,0,0,7,3,10,True,False,False,V1_P0_C0,high,V1_P0_C0__high,val
001447,5,0,0,5,3,8,True,False,False,V1_P0_C0,medium,V1_P0_C0__medium,train
001448,4,0,0,4,1,5,True,False,False,V1_P0_C0,medium,V1_P0_C0__medium,train
001449,0,1,0,1,0,1,False,True,False,V0_P1_C0,low,V0_P1_C0__low,train
001450,1,0,1,2,3,5,True,False,True,V1_P0_C1,low,V1_P0_C1__low,train
001451,2,0,0,2,1,3,True,False,False,V1_P0_C0,low,V1_P0_C0__low,val
001452,6,0,0,6,1,7,True,False,False,V1_P0_C0,medium,V1_P0_C0__medium,train
001453,4,0,0,4,1,5,True,False,False,V1_P0_C0,medium,V1_P0_C0__medium,train
001454,0,6,0,6,1,7,False,True,False,V0_P1_C0,medium,V0_P1_C0__medium,val
001455,3,0,1,4,2,6,True,False,True,V1_P0_C1,medium,V1_P0_C1__medium,train
001456,4,0,0,4,0,4,True,False,False,V1_P0_C0,medium,V1_P0_C0__medium,train
001457,16,0,0,16,1,17,True,False,False,V1_P0_C0,high,V1_P0_C0__high,val
001458,8,1,0,9,1,10,True,True,False,V1_P1_C0,high,V1_P1_C0__high,train
001459,3,0,0,3,2,5,True,False,False,V1_P0_C0,low,V1_P0_C0__low,val
001460,5,0,0,5,2,7,True,False,False,V1_P0_C0,medium,V1_P0_C0__medium,train
001461,5,0,0,5,7,12,True,False,False,V1_P0_C0,medium,V1_P0_C0__medium,train
001462,3,0,0,3,0,3,True,False,False,V1_P0_C0,low,V1_P0_C0__low,train
001463,5,0,0,5,2,7,True,False,False,V1_P0_C0,medium,V1_P0_C0__medium,val
001464,19,2,0,21,1,22,True,True,False,V1_P1_C0,high,V1_P1_C0__high,train
001465,6,0,0,6,4,10,True,False,False,V1_P0_C0,medium,V1_P0_C0__medium,train
001466,2,2,1,5,4,9,True,True,True,V1_P1_C1,medium,V1_P1_C1__medium,train
001467,0,6,0,6,1,7,False,True,False,V0_P1_C0,medium,V0_P1_C0__medium,train
001468,16,2,0,18,0,18,True,True,False,V1_P1_C0,high,V1_P1_C0__high,train
001469,8,0,0,8,2,10,True,False,False,V1_P0_C0,high,V1_P0_C0__high,train
001470,4,0,0,4,5,9,True,False,False,V1_P0_C0,medium,V1_P0_C0__medium,train
001471,2,0,0,2,3,5,True,False,False,V1_P0_C0,low,V1_P0_C0__low,train
001472,5,0,0,5,3,8,True,False,False,V1_P0_C0,medium,V1_P0_C0__medium,train
001473,2,0,0,2,2,4,True,False,False,V1_P0_C0,low,V1_P0_C0__low,train
001474,5,0,0,5,1,6,True,False,False,V1_P0_C0,medium,V1_P0_C0__medium,train
001475,12,0,0,12,3,15,True,False,False,V1_P0_C0,high,V1_P0_C0__high,train
001476,10,0,0,10,3,13,True,False,False,V1_P0_C0,high,V1_P0_C0__high,train
001477,0,1,0,1,0,1,False,True,False,V0_P1_C0,low,V0_P1_C0__low,train
001478,2,0,0,2,1,3,True,False,False,V1_P0_C0,low,V1_P0_C0__low,train
001479,3,0,0,3,1,4,True,False,False,V1_P0_C0,low,V1_P0_C0__low,train
001480,3,0,0,3,1,4,True,False,False,V1_P0_C0,low,V1_P0_C0__low,train
001481,9,0,0,9,1,10,True,False,False,V1_P0_C0,high,V1_P0_C0__high,val
001482,2,0,0,2,3,5,True,False,False,V1_P0_C0,low,V1_P0_C0__low,train
001483,7,0,0,7,2,9,True,False,False,V1_P0_C0,high,V1_P0_C0__high,train
001484,3,0,0,3,2,5,True,False,False,V1_P0_C0,low,V1_P0_C0__low,train
001485,2,0,2,4,2,6,True,False,True,V1_P0_C1,medium,V1_P0_C1__medium,train
001486,5,0,0,5,0,5,True,False,False,V1_P0_C0,medium,V1_P0_C0__medium,val
001487,1,2,0,3,0,3,True,True,False,V1_P1_C0,low,V1_P1_C0__low,train
001488,1,1,0,2,2,4,True,True,False,V1_P1_C0,low,V1_P1_C0__low,train
001489,2,0,0,2,1,3,True,False,False,V1_P0_C0,low,V1_P0_C0__low,train
001490,6,0,0,6,1,7,True,False,False,V1_P0_C0,medium,V1_P0_C0__medium,train
001491,6,0,0,6,2,8,True,False,False,V1_P0_C0,medium,V1_P0_C0__medium,train
001492,2,0,0,2,0,2,True,False,False,V1_P0_C0,low,V1_P0_C0__low,train
001493,6,0,0,6,2,8,True,False,False,V1_P0_C0,medium,V1_P0_C0__medium,train
001494,11,0,0,11,1,12,True,False,False,V1_P0_C0,high,V1_P0_C0__high,train
001495,6,0,0,6,1,7,True,False,False,V1_P0_C0,medium,V1_P0_C0__medium,val
001496,1,5,3,9,4,13,True,True,True,V1_P1_C1,high,V1_P1_C1__high,val
001497,8,0,0,8,2,10,True,False,False,V1_P0_C0,high,V1_P0_C0__high,val
001498,5,0,0,5,2,7,True,False,False,V1_P0_C0,medium,V1_P0_C0__medium,train
001499,4,0,0,4,2,6,True,False,False,V1_P0_C0,medium,V1_P0_C0__medium,train
001500,4,0,0,4,0,4,True,False,False,V1_P0_C0,medium,V1_P0_C0__medium,val
001501,2,0,0,2,1,3,True,False,False,V1_P0_C0,low,V1_P0_C0__low,train
001502,1,0,1,2,1,3,True,False,True,V1_P0_C1,low,V1_P0_C1__low,val
001503,2,0,0,2,2,4,True,False,False,V1_P0_C0,low,V1_P0_C0__low,train
001504,0,3,2,5,3,8,False,True,True,V0_P1_C1,medium,V0_P1_C1__medium,train
001505,9,0,0,9,4,13,True,False,False,V1_P0_C0,high,V1_P0_C0__high,train
001506,8,0,0,8,0,8,True,False,False,V1_P0_C0,high,V1_P0_C0__high,train
001507,4,0,0,4,3,7,True,False,False,V1_P0_C0,medium,V1_P0_C0__medium,train
001508,7,0,0,7,0,7,True,False,False,V1_P0_C0,high,V1_P0_C0__high,val
001509,0,1,0,1,0,1,False,True,False,V0_P1_C0,low,V0_P1_C0__low,train
001510,6,0,0,6,2,8,True,False,False,V1_P0_C0,medium,V1_P0_C0__medium,train
001511,3,0,0,3,1,4,True,False,False,V1_P0_C0,low,V1_P0_C0__low,val
001512,12,0,0,12,1,13,True,False,False,V1_P0_C0,high,V1_P0_C0__high,train
001513,8,0,0,8,2,10,True,False,False,V1_P0_C0,high,V1_P0_C0__high,train
001514,11,0,0,11,0,11,True,False,False,V1_P0_C0,high,V1_P0_C0__high,train
001515,5,0,0,5,2,7,True,False,False,V1_P0_C0,medium,V1_P0_C0__medium,train
001516,2,0,1,3,0,3,True,False,True,V1_P0_C1,low,V1_P0_C1__low,val
001517,4,0,0,4,2,6,True,False,False,V1_P0_C0,medium,V1_P0_C0__medium,train
001518,1,0,0,1,4,5,True,False,False,V1_P0_C0,low,V1_P0_C0__low,train
001519,0,1,0,1,0,1,False,True,False,V0_P1_C0,low,V0_P1_C0__low,train
001520,5,0,0,5,1,6,True,False,False,V1_P0_C0,medium,V1_P0_C0__medium,train
001521,3,0,0,3,1,4,True,False,False,V1_P0_C0,low,V1_P0_C0__low,train
001522,13,0,0,13,4,17,True,False,False,V1_P0_C0,high,V1_P0_C0__high,val
001523,4,1,1,6,4,10,True,True,True,V1_P1_C1,medium,V1_P1_C1__medium,val
001524,2,0,0,2,1,3,True,False,False,V1_P0_C0,low,V1_P0_C0__low,train
001525,1,3,0,4,3,7,True,True,False,V1_P1_C0,medium,V1_P1_C0__medium,train
001526,2,0,0,2,1,3,True,False,False,V1_P0_C0,low,V1_P0_C0__low,val
001527,3,0,0,3,3,6,True,False,False,V1_P0_C0,low,V1_P0_C0__low,val
001528,5,0,0,5,1,6,True,False,False,V1_P0_C0,medium,V1_P0_C0__medium,train
001529,1,9,1,11,0,11,True,True,True,V1_P1_C1,high,V1_P1_C1__high,train
001530,9,0,0,9,2,11,True,False,False,V1_P0_C0,high,V1_P0_C0__high,train
001531,3,1,0,4,0,4,True,True,False,V1_P1_C0,medium,V1_P1_C0__medium,train
001532,2,0,0,2,5,7,True,False,False,V1_P0_C0,low,V1_P0_C0__low,train
001533,10,0,0,10,1,11,True,False,False,V1_P0_C0,high,V1_P0_C0__high,train
001534,3,0,0,3,1,4,True,False,False,V1_P0_C0,low,V1_P0_C0__low,train
001535,9,0,0,9,2,11,True,False,False,V1_P0_C0,high,V1_P0_C0__high,train
001536,4,0,0,4,3,7,True,False,False,V1_P0_C0,medium,V1_P0_C0__medium,train
001537,4,0,0,4,3,7,True,False,False,V1_P0_C0,medium,V1_P0_C0__medium,train
001538,6,0,0,6,1,7,True,False,False,V1_P0_C0,medium,V1_P0_C0__medium,val
001539,6,0,0,6,1,7,True,False,False,V1_P0_C0,medium,V1_P0_C0__medium,train
001540,1,1,0,2,0,2,True,True,False,V1_P1_C0,low,V1_P1_C0__low,train
001541,5,0,0,5,3,8,True,False,False,V1_P0_C0,medium,V1_P0_C0__medium,train
001542,4,0,0,4,2,6,True,False,False,V1_P0_C0,medium,V1_P0_C0__medium,train
001543,0,3,0,3,2,5,False,True,False,V0_P1_C0,low,V0_P1_C0__low,val
001544,0,1,0,1,0,1,False,True,False,V0_P1_C0,low,V0_P1_C0__low,train
001545,8,0,0,8,1,9,True,False,False,V1_P0_C0,high,V1_P0_C0__high,train
001546,2,0,0,2,2,4,True,False,False,V1_P0_C0,low,V1_P0_C0__low,val
001547,0,1,0,1,0,1,False,True,False,V0_P1_C0,low,V0_P1_C0__low,train
001548,0,1,0,1,0,1,False,True,False,V0_P1_C0,low,V0_P1_C0__low,train
001549,1,3,0,4,2,6,True,True,False,V1_P1_C0,medium,V1_P1_C0__medium,train
001550,8,0,0,8,1,9,True,False,False,V1_P0_C0,high,V1_P0_C0__high,train
001551,5,0,0,5,0,5,True,False,False,V1_P0_C0,medium,V1_P0_C0__medium,train
001552,7,0,0,7,2,9,True,False,False,V1_P0_C0,high,V1_P0_C0__high,val
001553,4,0,0,4,0,4,True,False,False,V1_P0_C0,medium,V1_P0_C0__medium,val
001554,1,0,0,1,1,2,True,False,False,V1_P0_C0,low,V1_P0_C0__low,train
001555,4,0,0,4,1,5,True,False,False,V1_P0_C0,medium,V1_P0_C0__medium,train
001556,3,0,0,3,1,4,True,False,False,V1_P0_C0,low,V1_P0_C0__low,train
001557,7,0,1,8,1,9,True,False,True,V1_P0_C1,high,V1_P0_C1__high,train
001558,0,3,0,3,3,6,False,True,False,V0_P1_C0,low,V0_P1_C0__low,train
001559,6,0,0,6,1,7,True,False,False,V1_P0_C0,medium,V1_P0_C0__medium,train
001560,8,0,0,8,2,10,True,False,False,V1_P0_C0,high,V1_P0_C0__high,val
001561,2,0,0,2,1,3,True,False,False,V1_P0_C0,low,V1_P0_C0__low,train
001562,5,0,0,5,1,6,True,False,False,V1_P0_C0,medium,V1_P0_C0__medium,train
001563,3,0,0,3,0,3,True,False,False,V1_P0_C0,low,V1_P0_C0__low,val
001564,13,0,0,13,1,14,True,False,False,V1_P0_C0,high,V1_P0_C0__high,train
001565,7,0,0,7,1,8,True,False,False,V1_P0_C0,high,V1_P0_C0__high,train
001566,2,0,1,3,0,3,True,False,True,V1_P0_C1,low,V1_P0_C1__low,train
001567,2,0,0,2,0,2,True,False,False,V1_P0_C0,low,V1_P0_C0__low,val
001568,1,1,0,2,0,2,True,True,False,V1_P1_C0,low,V1_P1_C0__low,train
001569,4,0,0,4,1,5,True,False,False,V1_P0_C0,medium,V1_P0_C0__medium,val
001570,2,2,2,6,1,7,True,True,True,V1_P1_C1,medium,V1_P1_C1__medium,train
001571,0,1,0,1,0,1,False,True,False,V0_P1_C0,low,V0_P1_C0__low,train
001572,0,5,0,5,2,7,False,True,False,V0_P1_C0,medium,V0_P1_C0__medium,val
001573,8,0,0,8,1,9,True,False,False,V1_P0_C0,high,V1_P0_C0__high,train
001574,0,1,0,1,0,1,False,True,False,V0_P1_C0,low,V0_P1_C0__low,train
001575,2,0,0,2,0,2,True,False,False,V1_P0_C0,low,V1_P0_C0__low,val
001576,9,0,0,9,1,10,True,False,False,V1_P0_C0,high,V1_P0_C0__high,train
001577,3,0,0,3,5,8,True,False,False,V1_P0_C0,low,V1_P0_C0__low,val
001578,4,0,0,4,1,5,True,False,False,V1_P0_C0,medium,V1_P0_C0__medium,train
001579,3,0,0,3,2,5,True,False,False,V1_P0_C0,low,V1_P0_C0__low,train
001580,13,0,1,14,1,15,True,False,True,V1_P0_C1,high,V1_P0_C1__high,val
001581,1,0,0,1,1,2,True,False,False,V1_P0_C0,low,V1_P0_C0__low,train
001582,6,0,0,6,1,7,True,False,False,V1_P0_C0,medium,V1_P0_C0__medium,train
001583,15,0,0,15,1,16,True,False,False,V1_P0_C0,high,V1_P0_C0__high,train
001584,4,0,0,4,1,5,True,False,False,V1_P0_C0,medium,V1_P0_C0__medium,train
001585,6,0,0,6,2,8,True,False,False,V1_P0_C0,medium,V1_P0_C0__medium,train
001586,4,0,0,4,2,6,True,False,False,V1_P0_C0,medium,V1_P0_C0__medium,train
001587,1,0,0,1,1,2,True,False,False,V1_P0_C0,low,V1_P0_C0__low,val
001588,3,0,1,4,2,6,True,False,True,V1_P0_C1,medium,V1_P0_C1__medium,train
001589,1,5,0,6,0,6,True,True,False,V1_P1_C0,medium,V1_P1_C0__medium,train
001590,6,0,0,6,2,8,True,False,False,V1_P0_C0,medium,V1_P0_C0__medium,train
001591,8,0,0,8,1,9,True,False,False,V1_P0_C0,high,V1_P0_C0__high,val
001592,7,2,2,11,1,12,True,True,True,V1_P1_C1,high,V1_P1_C1__high,train
001593,7,0,0,7,1,8,True,False,False,V1_P0_C0,high,V1_P0_C0__high,train
001594,5,0,0,5,1,6,True,False,False,V1_P0_C0,medium,V1_P0_C0__medium,val
001595,6,0,0,6,4,10,True,False,False,V1_P0_C0,medium,V1_P0_C0__medium,val
001596,14,0,0,14,1,15,True,False,False,V1_P0_C0,high,V1_P0_C0__high,train
001597,5,0,0,5,1,6,True,False,False,V1_P0_C0,medium,V1_P0_C0__medium,train
001598,1,0,0,1,1,2,True,False,False,V1_P0_C0,low,V1_P0_C0__low,val
001599,1,0,0,1,2,3,True,False,False,V1_P0_C0,low,V1_P0_C0__low,train
001600,3,0,1,4,3,7,True,False,True,V1_P0_C1,medium,V1_P0_C1__medium,val
001601,2,0,0,2,2,4,True,False,False,V1_P0_C0,low,V1_P0_C0__low,train
001602,8,0,0,8,2,10,True,False,False,V1_P0_C0,high,V1_P0_C0__high,train
001603,11,0,0,11,1,12,True,False,False,V1_P0_C0,high,V1_P0_C0__high,train
001604,6,0,0,6,1,7,True,False,False,V1_P0_C0,medium,V1_P0_C0__medium,train
001605,2,1,0,3,2,5,True,True,False,V1_P1_C0,low,V1_P1_C0__low,val
001606,7,0,0,7,1,8,True,False,False,V1_P0_C0,high,V1_P0_C0__high,train
001607,6,0,0,6,2,8,True,False,False,V1_P0_C0,medium,V1_P0_C0__medium,val
001608,5,2,1,8,3,11,True,True,True,V1_P1_C1,high,V1_P1_C1__high,train
001609,0,1,0,1,0,1,False,True,False,V0_P1_C0,low,V0_P1_C0__low,train
001610,8,0,2,10,2,12,True,False,True,V1_P0_C1,high,V1_P0_C1__high,train
001611,0,11,2,13,2,15,False,True,True,V0_P1_C1,high,V0_P1_C1__high,train
001612,16,0,0,16,0,16,True,False,False,V1_P0_C0,high,V1_P0_C0__high,train
001613,3,0,0,3,2,5,True,False,False,V1_P0_C0,low,V1_P0_C0__low,train
001614,8,0,0,8,3,11,True,False,False,V1_P0_C0,high,V1_P0_C0__high,train
001615,2,0,0,2,1,3,True,False,False,V1_P0_C0,low,V1_P0_C0__low,train
001616,10,0,0,10,0,10,True,False,False,V1_P0_C0,high,V1_P0_C0__high,train
001617,2,0,0,2,2,4,True,False,False,V1_P0_C0,low,V1_P0_C0__low,train
001618,10,1,0,11,2,13,True,True,False,V1_P1_C0,high,V1_P1_C0__high,train
001619,1,0,0,1,0,1,True,False,False,V1_P0_C0,low,V1_P0_C0__low,train
001620,2,0,0,2,4,6,True,False,False,V1_P0_C0,low,V1_P0_C0__low,train
001621,3,0,0,3,1,4,True,False,False,V1_P0_C0,low,V1_P0_C0__low,train
001622,0,2,0,2,4,6,False,True,False,V0_P1_C0,low,V0_P1_C0__low,train
001623,3,0,0,3,0,3,True,False,False,V1_P0_C0,low,V1_P0_C0__low,train
001624,1,5,2,8,4,12,True,True,True,V1_P1_C1,high,V1_P1_C1__high,train
001625,11,0,0,11,0,11,True,False,False,V1_P0_C0,high,V1_P0_C0__high,train
001626,2,0,0,2,1,3,True,False,False,V1_P0_C0,low,V1_P0_C0__low,val
001627,2,0,1,3,1,4,True,False,True,V1_P0_C1,low,V1_P0_C1__low,train
001628,1,0,0,1,2,3,True,False,False,V1_P0_C0,low,V1_P0_C0__low,train
001629,2,1,0,3,1,4,True,True,False,V1_P1_C0,low,V1_P1_C0__low,train
001630,9,0,0,9,1,10,True,False,False,V1_P0_C0,high,V1_P0_C0__high,train
001631,4,0,0,4,0,4,True,False,False,V1_P0_C0,medium,V1_P0_C0__medium,train
001632,0,1,0,1,0,1,False,True,False,V0_P1_C0,low,V0_P1_C0__low,train
001633,5,0,0,5,1,6,True,False,False,V1_P0_C0,medium,V1_P0_C0__medium,train
001634,10,0,0,10,3,13,True,False,False,V1_P0_C0,high,V1_P0_C0__high,train
001635,1,0,0,1,2,3,True,False,False,V1_P0_C0,low,V1_P0_C0__low,train
001636,2,1,1,4,1,5,True,True,True,V1_P1_C1,medium,V1_P1_C1__medium,train
001637,3,0,0,3,1,4,True,False,False,V1_P0_C0,low,V1_P0_C0__low,train
001638,10,0,0,10,3,13,True,False,False,V1_P0_C0,high,V1_P0_C0__high,val
001639,2,0,0,2,2,4,True,False,False,V1_P0_C0,low,V1_P0_C0__low,train
001640,2,4,4,10,3,13,True,True,True,V1_P1_C1,high,V1_P1_C1__high,train
001641,1,0,0,1,1,2,True,False,False,V1_P0_C0,low,V1_P0_C0__low,train
001642,1,0,0,1,2,3,True,False,False,V1_P0_C0,low,V1_P0_C0__low,train
001643,14,0,1,15,1,16,True,False,True,V1_P0_C1,high,V1_P0_C1__high,train
001644,2,5,3,10,3,13,True,True,True,V1_P1_C1,high,V1_P1_C1__high,val
001645,4,0,0,4,1,5,True,False,False,V1_P0_C0,medium,V1_P0_C0__medium,train
001646,8,0,0,8,1,9,True,False,False,V1_P0_C0,high,V1_P0_C0__high,train
001647,3,0,0,3,2,5,True,False,False,V1_P0_C0,low,V1_P0_C0__low,train
001648,4,8,3,15,4,19,True,True,True,V1_P1_C1,high,V1_P1_C1__high,train
001649,8,0,0,8,2,10,True,False,False,V1_P0_C0,high,V1_P0_C0__high,train
001650,1,0,0,1,1,2,True,False,False,V1_P0_C0,low,V1_P0_C0__low,train
001651,5,0,0,5,3,8,True,False,False,V1_P0_C0,medium,V1_P0_C0__medium,train
001652,2,0,0,2,4,6,True,False,False,V1_P0_C0,low,V1_P0_C0__low,train
001653,1,0,0,1,1,2,True,False,False,V1_P0_C0,low,V1_P0_C0__low,train
001654,0,1,0,1,0,1,False,True,False,V0_P1_C0,low,V0_P1_C0__low,train
001655,1,1,2,4,0,4,True,True,True,V1_P1_C1,medium,V1_P1_C1__medium,train
001656,3,0,0,3,0,3,True,False,False,V1_P0_C0,low,V1_P0_C0__low,val
001657,2,0,0,2,2,4,True,False,False,V1_P0_C0,low,V1_P0_C0__low,train
001658,4,0,0,4,2,6,True,False,False,V1_P0_C0,medium,V1_P0_C0__medium,train
001659,9,0,0,9,1,10,True,False,False,V1_P0_C0,high,V1_P0_C0__high,train
001660,2,0,0,2,2,4,True,False,False,V1_P0_C0,low,V1_P0_C0__low,val
001661,0,3,0,3,2,5,False,True,False,V0_P1_C0,low,V0_P1_C0__low,train
001662,6,1,0,7,0,7,True,True,False,V1_P1_C0,high,V1_P1_C0__high,train
001663,7,0,0,7,2,9,True,False,False,V1_P0_C0,high,V1_P0_C0__high,train
001664,4,0,0,4,2,6,True,False,False,V1_P0_C0,medium,V1_P0_C0__medium,train
001665,3,1,0,4,1,5,True,True,False,V1_P1_C0,medium,V1_P1_C0__medium,train
001666,4,0,0,4,1,5,True,False,False,V1_P0_C0,medium,V1_P0_C0__medium,train
001667,0,6,0,6,3,9,False,True,False,V0_P1_C0,medium,V0_P1_C0__medium,val
001668,4,0,0,4,1,5,True,False,False,V1_P0_C0,medium,V1_P0_C0__medium,train
001669,2,0,0,2,1,3,True,False,False,V1_P0_C0,low,V1_P0_C0__low,train
001670,5,0,0,5,1,6,True,False,False,V1_P0_C0,medium,V1_P0_C0__medium,train
001671,4,0,0,4,2,6,True,False,False,V1_P0_C0,medium,V1_P0_C0__medium,train
001672,4,11,0,15,1,16,True,True,False,V1_P1_C0,high,V1_P1_C0__high,val
001673,10,0,0,10,1,11,True,False,False,V1_P0_C0,high,V1_P0_C0__high,train
001674,16,1,0,17,1,18,True,True,False,V1_P1_C0,high,V1_P1_C0__high,train
001675,2,0,0,2,1,3,True,False,False,V1_P0_C0,low,V1_P0_C0__low,train
001676,10,1,0,11,2,13,True,True,False,V1_P1_C0,high,V1_P1_C0__high,train
001677,2,0,1,3,3,6,True,False,True,V1_P0_C1,low,V1_P0_C1__low,train
001678,3,0,0,3,1,4,True,False,False,V1_P0_C0,low,V1_P0_C0__low,train
001679,6,0,0,6,0,6,True,False,False,V1_P0_C0,medium,V1_P0_C0__medium,train
001680,3,0,0,3,2,5,True,False,False,V1_P0_C0,low,V1_P0_C0__low,train
001681,13,0,0,13,1,14,True,False,False,V1_P0_C0,high,V1_P0_C0__high,train
001682,4,2,0,6,3,9,True,True,False,V1_P1_C0,medium,V1_P1_C0__medium,train
001683,8,0,0,8,1,9,True,False,False,V1_P0_C0,high,V1_P0_C0__high,train
001684,3,0,0,3,3,6,True,False,False,V1_P0_C0,low,V1_P0_C0__low,train
001685,7,0,0,7,4,11,True,False,False,V1_P0_C0,high,V1_P0_C0__high,train
001686,4,0,0,4,1,5,True,False,False,V1_P0_C0,medium,V1_P0_C0__medium,train
001687,6,0,0,6,4,10,True,False,False,V1_P0_C0,medium,V1_P0_C0__medium,train
001688,5,0,0,5,1,6,True,False,False,V1_P0_C0,medium,V1_P0_C0__medium,train
001689,0,1,0,1,0,1,False,True,False,V0_P1_C0,low,V0_P1_C0__low,train
001690,15,0,0,15,2,17,True,False,False,V1_P0_C0,high,V1_P0_C0__high,val
001691,4,0,0,4,1,5,True,False,False,V1_P0_C0,medium,V1_P0_C0__medium,train
001692,0,7,2,9,1,10,False,True,True,V0_P1_C1,high,V0_P1_C1__high,train
001693,3,10,0,13,2,15,True,True,False,V1_P1_C0,high,V1_P1_C0__high,train
001694,1,0,0,1,2,3,True,False,False,V1_P0_C0,low,V1_P0_C0__low,val
001695,5,0,0,5,0,5,True,False,False,V1_P0_C0,medium,V1_P0_C0__medium,train
001696,1,1,0,2,2,4,True,True,False,V1_P1_C0,low,V1_P1_C0__low,train
001697,11,0,0,11,1,12,True,False,False,V1_P0_C0,high,V1_P0_C0__high,train
001698,2,0,0,2,0,2,True,False,False,V1_P0_C0,low,V1_P0_C0__low,val
001699,5,0,0,5,1,6,True,False,False,V1_P0_C0,medium,V1_P0_C0__medium,train
001700,1,2,2,5,2,7,True,True,True,V1_P1_C1,medium,V1_P1_C1__medium,train
001701,9,0,0,9,4,13,True,False,False,V1_P0_C0,high,V1_P0_C0__high,train
001702,1,1,0,2,1,3,True,True,False,V1_P1_C0,low,V1_P1_C0__low,train
001703,2,0,0,2,0,2,True,False,False,V1_P0_C0,low,V1_P0_C0__low,train
001704,2,0,0,2,1,3,True,False,False,V1_P0_C0,low,V1_P0_C0__low,train
001705,9,0,0,9,1,10,True,False,False,V1_P0_C0,high,V1_P0_C0__high,train
001706,3,1,0,4,0,4,True,True,False,V1_P1_C0,medium,V1_P1_C0__medium,train
001707,1,0,1,2,3,5,True,False,True,V1_P0_C1,low,V1_P0_C1__low,train
001708,5,0,0,5,1,6,True,False,False,V1_P0_C0,medium,V1_P0_C0__medium,train
001709,7,0,0,7,2,9,True,False,False,V1_P0_C0,high,V1_P0_C0__high,val
001710,7,0,0,7,1,8,True,False,False,V1_P0_C0,high,V1_P0_C0__high,train
001711,4,0,0,4,3,7,True,False,False,V1_P0_C0,medium,V1_P0_C0__medium,val
001712,2,1,0,3,3,6,True,True,False,V1_P1_C0,low,V1_P1_C0__low,train
001713,2,2,0,4,2,6,True,True,False,V1_P1_C0,medium,V1_P1_C0__medium,train
001714,2,7,4,13,1,14,True,True,True,V1_P1_C1,high,V1_P1_C1__high,train
001715,1,0,0,1,0,1,True,False,False,V1_P0_C0,low,V1_P0_C0__low,train
001716,4,13,1,18,1,19,True,True,True,V1_P1_C1,high,V1_P1_C1__high,train
001717,2,0,1,3,2,5,True,False,True,V1_P0_C1,low,V1_P0_C1__low,train
001718,7,0,0,7,3,10,True,False,False,V1_P0_C0,high,V1_P0_C0__high,train
001719,1,0,0,1,3,4,True,False,False,V1_P0_C0,low,V1_P0_C0__low,val
001720,3,0,1,4,3,7,True,False,True,V1_P0_C1,medium,V1_P0_C1__medium,train
001721,8,0,2,10,2,12,True,False,True,V1_P0_C1,high,V1_P0_C1__high,train
001722,3,0,0,3,1,4,True,False,False,V1_P0_C0,low,V1_P0_C0__low,train
001723,11,0,0,11,1,12,True,False,False,V1_P0_C0,high,V1_P0_C0__high,train
001724,1,0,0,1,2,3,True,False,False,V1_P0_C0,low,V1_P0_C0__low,train
001725,0,7,2,9,2,11,False,True,True,V0_P1_C1,high,V0_P1_C1__high,train
001726,2,0,0,2,2,4,True,False,False,V1_P0_C0,low,V1_P0_C0__low,train
001727,1,0,1,2,2,4,True,False,True,V1_P0_C1,low,V1_P0_C1__low,train
001728,2,0,0,2,1,3,True,False,False,V1_P0_C0,low,V1_P0_C0__low,val
001729,2,0,0,2,0,2,True,False,False,V1_P0_C0,low,V1_P0_C0__low,train
001730,2,0,0,2,0,2,True,False,False,V1_P0_C0,low,V1_P0_C0__low,train
001731,7,0,0,7,1,8,True,False,False,V1_P0_C0,high,V1_P0_C0__high,train
001732,1,0,0,1,2,3,True,False,False,V1_P0_C0,low,V1_P0_C0__low,train
001733,6,0,2,8,2,10,True,False,True,V1_P0_C1,high,V1_P0_C1__high,train
001734,9,0,0,9,1,10,True,False,False,V1_P0_C0,high,V1_P0_C0__high,train
001735,6,0,0,6,3,9,True,False,False,V1_P0_C0,medium,V1_P0_C0__medium,train
001736,4,0,0,4,1,5,True,False,False,V1_P0_C0,medium,V1_P0_C0__medium,train
001737,4,0,0,4,1,5,True,False,False,V1_P0_C0,medium,V1_P0_C0__medium,train
001738,1,1,0,2,4,6,True,True,False,V1_P1_C0,low,V1_P1_C0__low,train
001739,2,0,0,2,0,2,True,False,False,V1_P0_C0,low,V1_P0_C0__low,train
001740,6,0,0,6,2,8,True,False,False,V1_P0_C0,medium,V1_P0_C0__medium,train
001741,12,0,0,12,1,13,True,False,False,V1_P0_C0,high,V1_P0_C0__high,train
001742,7,0,0,7,1,8,True,False,False,V1_P0_C0,high,V1_P0_C0__high,train
001743,11,0,0,11,1,12,True,False,False,V1_P0_C0,high,V1_P0_C0__high,train
001744,4,0,0,4,1,5,True,False,False,V1_P0_C0,medium,V1_P0_C0__medium,train
001745,9,0,0,9,1,10,True,False,False,V1_P0_C0,high,V1_P0_C0__high,train
001746,8,0,0,8,1,9,True,False,False,V1_P0_C0,high,V1_P0_C0__high,train
001747,9,0,0,9,1,10,True,False,False,V1_P0_C0,high,V1_P0_C0__high,train
001748,1,1,2,4,1,5,True,True,True,V1_P1_C1,medium,V1_P1_C1__medium,train
001749,1,0,0,1,2,3,True,False,False,V1_P0_C0,low,V1_P0_C0__low,train
001750,6,1,0,7,3,10,True,True,False,V1_P1_C0,high,V1_P1_C0__high,train
001751,4,0,0,4,1,5,True,False,False,V1_P0_C0,medium,V1_P0_C0__medium,val
001752,2,0,0,2,2,4,True,False,False,V1_P0_C0,low,V1_P0_C0__low,train
001753,7,0,0,7,3,10,True,False,False,V1_P0_C0,high,V1_P0_C0__high,train
001754,5,0,0,5,0,5,True,False,False,V1_P0_C0,medium,V1_P0_C0__medium,train
001755,4,0,1,5,2,7,True,False,True,V1_P0_C1,medium,V1_P0_C1__medium,train
001756,2,0,0,2,0,2,True,False,False,V1_P0_C0,low,V1_P0_C0__low,train
001757,3,0,0,3,0,3,True,False,False,V1_P0_C0,low,V1_P0_C0__low,train
001758,0,1,0,1,0,1,False,True,False,V0_P1_C0,low,V0_P1_C0__low,train
001759,6,0,0,6,1,7,True,False,False,V1_P0_C0,medium,V1_P0_C0__medium,val
001760,1,1,0,2,2,4,True,True,False,V1_P1_C0,low,V1_P1_C0__low,train
001761,2,0,0,2,1,3,True,False,False,V1_P0_C0,low,V1_P0_C0__low,train
001762,2,0,1,3,2,5,True,False,True,V1_P0_C1,low,V1_P0_C1__low,train
001763,5,2,0,7,1,8,True,True,False,V1_P1_C0,high,V1_P1_C0__high,train
001764,11,0,0,11,1,12,True,False,False,V1_P0_C0,high,V1_P0_C0__high,train
001765,9,0,0,9,2,11,True,False,False,V1_P0_C0,high,V1_P0_C0__high,train
001766,5,1,0,6,3,9,True,True,False,V1_P1_C0,medium,V1_P1_C0__medium,train
001767,15,0,0,15,0,15,True,False,False,V1_P0_C0,high,V1_P0_C0__high,train
001768,2,0,0,2,0,2,True,False,False,V1_P0_C0,low,V1_P0_C0__low,train
001769,6,0,0,6,2,8,True,False,False,V1_P0_C0,medium,V1_P0_C0__medium,train
001770,6,1,0,7,4,11,True,True,False,V1_P1_C0,high,V1_P1_C0__high,train
001771,6,0,0,6,1,7,True,False,False,V1_P0_C0,medium,V1_P0_C0__medium,train
001772,5,0,0,5,2,7,True,False,False,V1_P0_C0,medium,V1_P0_C0__medium,train
001773,14,0,0,14,1,15,True,False,False,V1_P0_C0,high,V1_P0_C0__high,train
001774,3,0,1,4,2,6,True,False,True,V1_P0_C1,medium,V1_P0_C1__medium,train
001775,5,0,0,5,0,5,True,False,False,V1_P0_C0,medium,V1_P0_C0__medium,train
001776,2,8,0,10,1,11,True,True,False,V1_P1_C0,high,V1_P1_C0__high,train
001777,0,1,0,1,0,1,False,True,False,V0_P1_C0,low,V0_P1_C0__low,train
001778,7,0,0,7,1,8,True,False,False,V1_P0_C0,high,V1_P0_C0__high,train
001779,6,1,0,7,0,7,True,True,False,V1_P1_C0,high,V1_P1_C0__high,train
001780,10,0,0,10,1,11,True,False,False,V1_P0_C0,high,V1_P0_C0__high,train
001781,3,0,0,3,1,4,True,False,False,V1_P0_C0,low,V1_P0_C0__low,val
001782,0,1,0,1,0,1,False,True,False,V0_P1_C0,low,V0_P1_C0__low,train
001783,1,0,1,2,2,4,True,False,True,V1_P0_C1,low,V1_P0_C1__low,train
001784,2,0,0,2,1,3,True,False,False,V1_P0_C0,low,V1_P0_C0__low,train
001785,4,9,3,16,1,17,True,True,True,V1_P1_C1,high,V1_P1_C1__high,train
001786,2,1,0,3,2,5,True,True,False,V1_P1_C0,low,V1_P1_C0__low,train
001787,3,0,1,4,1,5,True,False,True,V1_P0_C1,medium,V1_P0_C1__medium,train
001788,8,0,3,11,2,13,True,False,True,V1_P0_C1,high,V1_P0_C1__high,train
001789,2,0,0,2,4,6,True,False,False,V1_P0_C0,low,V1_P0_C0__low,train
001790,0,2,0,2,3,5,False,True,False,V0_P1_C0,low,V0_P1_C0__low,val
001791,1,0,0,1,4,5,True,False,False,V1_P0_C0,low,V1_P0_C0__low,train
001792,3,1,0,4,1,5,True,True,False,V1_P1_C0,medium,V1_P1_C0__medium,train
001793,1,0,0,1,0,1,True,False,False,V1_P0_C0,low,V1_P0_C0__low,train
001794,13,0,0,13,2,15,True,False,False,V1_P0_C0,high,V1_P0_C0__high,train
001795,1,3,0,4,3,7,True,True,False,V1_P1_C0,medium,V1_P1_C0__medium,val
001796,6,0,1,7,0,7,True,False,True,V1_P0_C1,high,V1_P0_C1__high,train
001797,4,0,0,4,1,5,True,False,False,V1_P0_C0,medium,V1_P0_C0__medium,train
001798,1,0,0,1,1,2,True,False,False,V1_P0_C0,low,V1_P0_C0__low,train
001799,3,0,0,3,3,6,True,False,False,V1_P0_C0,low,V1_P0_C0__low,val
001800,2,0,0,2,0,2,True,False,False,V1_P0_C0,low,V1_P0_C0__low,train
001801,11,0,1,12,1,13,True,False,True,V1_P0_C1,high,V1_P0_C1__high,train
001802,2,0,0,2,1,3,True,False,False,V1_P0_C0,low,V1_P0_C0__low,val
001803,3,0,0,3,1,4,True,False,False,V1_P0_C0,low,V1_P0_C0__low,train
001804,0,1,0,1,0,1,False,True,False,V0_P1_C0,low,V0_P1_C0__low,train
001805,2,0,0,2,2,4,True,False,False,V1_P0_C0,low,V1_P0_C0__low,train
001806,12,0,0,12,2,14,True,False,False,V1_P0_C0,high,V1_P0_C0__high,train
001807,2,0,0,2,1,3,True,False,False,V1_P0_C0,low,V1_P0_C0__low,train
001808,3,0,0,3,2,5,True,False,False,V1_P0_C0,low,V1_P0_C0__low,val
001809,1,0,0,1,0,1,True,False,False,V1_P0_C0,low,V1_P0_C0__low,train
001810,2,0,0,2,0,2,True,False,False,V1_P0_C0,low,V1_P0_C0__low,train
001811,3,0,1,4,0,4,True,False,True,V1_P0_C1,medium,V1_P0_C1__medium,train
001812,16,0,0,16,0,16,True,False,False,V1_P0_C0,high,V1_P0_C0__high,train
001813,5,0,0,5,3,8,True,False,False,V1_P0_C0,medium,V1_P0_C0__medium,val
001814,2,0,1,3,2,5,True,False,True,V1_P0_C1,low,V1_P0_C1__low,val
001815,5,0,0,5,1,6,True,False,False,V1_P0_C0,medium,V1_P0_C0__medium,train
001816,4,0,0,4,3,7,True,False,False,V1_P0_C0,medium,V1_P0_C0__medium,train
001817,0,1,0,1,0,1,False,True,False,V0_P1_C0,low,V0_P1_C0__low,train
001818,6,0,0,6,2,8,True,False,False,V1_P0_C0,medium,V1_P0_C0__medium,train
001819,0,1,0,1,0,1,False,True,False,V0_P1_C0,low,V0_P1_C0__low,train
001820,8,0,0,8,2,10,True,False,False,V1_P0_C0,high,V1_P0_C0__high,val
001821,3,0,0,3,0,3,True,False,False,V1_P0_C0,low,V1_P0_C0__low,train
001822,1,5,0,6,2,8,True,True,False,V1_P1_C0,medium,V1_P1_C0__medium,train
001823,3,0,0,3,1,4,True,False,False,V1_P0_C0,low,V1_P0_C0__low,train
001824,2,0,1,3,2,5,True,False,True,V1_P0_C1,low,V1_P0_C1__low,train
001825,8,0,0,8,3,11,True,False,False,V1_P0_C0,high,V1_P0_C0__high,train
001826,3,0,0,3,0,3,True,False,False,V1_P0_C0,low,V1_P0_C0__low,train
001827,2,1,0,3,0,3,True,True,False,V1_P1_C0,low,V1_P1_C0__low,train
001828,3,0,0,3,0,3,True,False,False,V1_P0_C0,low,V1_P0_C0__low,train
001829,6,0,0,6,0,6,True,False,False,V1_P0_C0,medium,V1_P0_C0__medium,train
001830,1,1,0,2,0,2,True,True,False,V1_P1_C0,low,V1_P1_C0__low,train
001831,4,0,0,4,1,5,True,False,False,V1_P0_C0,medium,V1_P0_C0__medium,train
001832,2,0,0,2,0,2,True,False,False,V1_P0_C0,low,V1_P0_C0__low,train
001833,4,0,0,4,2,6,True,False,False,V1_P0_C0,medium,V1_P0_C0__medium,train
001834,2,0,0,2,1,3,True,False,False,V1_P0_C0,low,V1_P0_C0__low,train
001835,0,1,0,1,0,1,False,True,False,V0_P1_C0,low,V0_P1_C0__low,train
001836,8,0,0,8,1,9,True,False,False,V1_P0_C0,high,V1_P0_C0__high,train
001837,9,0,1,10,3,13,True,False,True,V1_P0_C1,high,V1_P0_C1__high,train
001838,6,0,0,6,4,10,True,False,False,V1_P0_C0,medium,V1_P0_C0__medium,train
001839,8,0,0,8,4,12,True,False,False,V1_P0_C0,high,V1_P0_C0__high,train
001840,11,0,0,11,5,16,True,False,False,V1_P0_C0,high,V1_P0_C0__high,train
001841,7,0,0,7,1,8,True,False,False,V1_P0_C0,high,V1_P0_C0__high,train
001842,5,0,0,5,2,7,True,False,False,V1_P0_C0,medium,V1_P0_C0__medium,train
001843,8,0,0,8,3,11,True,False,False,V1_P0_C0,high,V1_P0_C0__high,train
001844,6,0,0,6,0,6,True,False,False,V1_P0_C0,medium,V1_P0_C0__medium,val
001845,6,0,0,6,3,9,True,False,False,V1_P0_C0,medium,V1_P0_C0__medium,train
001846,0,1,0,1,0,1,False,True,False,V0_P1_C0,low,V0_P1_C0__low,train
001847,1,0,0,1,4,5,True,False,False,V1_P0_C0,low,V1_P0_C0__low,train
001848,6,1,0,7,1,8,True,True,False,V1_P1_C0,high,V1_P1_C0__high,train
001849,6,1,0,7,0,7,True,True,False,V1_P1_C0,high,V1_P1_C0__high,val
001850,8,0,0,8,3,11,True,False,False,V1_P0_C0,high,V1_P0_C0__high,train
001851,2,0,0,2,2,4,True,False,False,V1_P0_C0,low,V1_P0_C0__low,val
001852,9,0,0,9,1,10,True,False,False,V1_P0_C0,high,V1_P0_C0__high,train
001853,1,1,0,2,1,3,True,True,False,V1_P1_C0,low,V1_P1_C0__low,train
001854,2,0,0,2,2,4,True,False,False,V1_P0_C0,low,V1_P0_C0__low,train
001855,11,0,0,11,2,13,True,False,False,V1_P0_C0,high,V1_P0_C0__high,train
001856,7,0,0,7,0,7,True,False,False,V1_P0_C0,high,V1_P0_C0__high,train
001857,5,0,0,5,1,6,True,False,False,V1_P0_C0,medium,V1_P0_C0__medium,train
001858,7,0,0,7,2,9,True,False,False,V1_P0_C0,high,V1_P0_C0__high,train
001859,9,0,0,9,1,10,True,False,False,V1_P0_C0,high,V1_P0_C0__high,val
001860,7,0,0,7,3,10,True,False,False,V1_P0_C0,high,V1_P0_C0__high,train
001861,2,0,0,2,1,3,True,False,False,V1_P0_C0,low,V1_P0_C0__low,train
001862,6,0,0,6,1,7,True,False,False,V1_P0_C0,medium,V1_P0_C0__medium,val
001863,3,0,1,4,2,6,True,False,True,V1_P0_C1,medium,V1_P0_C1__medium,train
001864,0,1,0,1,0,1,False,True,False,V0_P1_C0,low,V0_P1_C0__low,train
001865,2,0,0,2,1,3,True,False,False,V1_P0_C0,low,V1_P0_C0__low,train
001866,2,0,0,2,3,5,True,False,False,V1_P0_C0,low,V1_P0_C0__low,train
001867,7,0,0,7,0,7,True,False,False,V1_P0_C0,high,V1_P0_C0__high,train
001868,8,0,2,10,1,11,True,False,True,V1_P0_C1,high,V1_P0_C1__high,train
001869,2,0,0,2,1,3,True,False,False,V1_P0_C0,low,V1_P0_C0__low,train
001870,2,6,1,9,0,9,True,True,True,V1_P1_C1,high,V1_P1_C1__high,train
001871,1,0,0,1,0,1,True,False,False,V1_P0_C0,low,V1_P0_C0__low,train
001872,7,0,0,7,1,8,True,False,False,V1_P0_C0,high,V1_P0_C0__high,train
001873,0,2,0,2,2,4,False,True,False,V0_P1_C0,low,V0_P1_C0__low,train
001874,8,1,0,9,1,10,True,True,False,V1_P1_C0,high,V1_P1_C0__high,train
001875,3,0,0,3,1,4,True,False,False,V1_P0_C0,low,V1_P0_C0__low,train
001876,4,0,0,4,2,6,True,False,False,V1_P0_C0,medium,V1_P0_C0__medium,train
001877,4,0,1,5,3,8,True,False,True,V1_P0_C1,medium,V1_P0_C1__medium,train
001878,7,0,1,8,1,9,True,False,True,V1_P0_C1,high,V1_P0_C1__high,val
001879,1,2,0,3,0,3,True,True,False,V1_P1_C0,low,V1_P1_C0__low,train
001880,1,0,1,2,2,4,True,False,True,V1_P0_C1,low,V1_P0_C1__low,train
001881,2,0,1,3,1,4,True,False,True,V1_P0_C1,low,V1_P0_C1__low,train
001882,6,0,0,6,0,6,True,False,False,V1_P0_C0,medium,V1_P0_C0__medium,train
001883,8,0,0,8,1,9,True,False,False,V1_P0_C0,high,V1_P0_C0__high,train
001884,3,0,0,3,1,4,True,False,False,V1_P0_C0,low,V1_P0_C0__low,train
001885,4,0,0,4,4,8,True,False,False,V1_P0_C0,medium,V1_P0_C0__medium,val
001886,3,0,0,3,2,5,True,False,False,V1_P0_C0,low,V1_P0_C0__low,train
001887,3,0,0,3,1,4,True,False,False,V1_P0_C0,low,V1_P0_C0__low,train
001888,2,0,1,3,3,6,True,False,True,V1_P0_C1,low,V1_P0_C1__low,train
001889,2,0,0,2,2,4,True,False,False,V1_P0_C0,low,V1_P0_C0__low,train
001890,3,0,0,3,1,4,True,False,False,V1_P0_C0,low,V1_P0_C0__low,train
001891,14,0,0,14,1,15,True,False,False,V1_P0_C0,high,V1_P0_C0__high,train
001892,2,0,0,2,2,4,True,False,False,V1_P0_C0,low,V1_P0_C0__low,train
001893,10,0,0,10,1,11,True,False,False,V1_P0_C0,high,V1_P0_C0__high,train
001894,1,0,0,1,1,2,True,False,False,V1_P0_C0,low,V1_P0_C0__low,train
001895,8,1,0,9,3,12,True,True,False,V1_P1_C0,high,V1_P1_C0__high,val
001896,7,0,0,7,1,8,True,False,False,V1_P0_C0,high,V1_P0_C0__high,train
001897,7,0,1,8,1,9,True,False,True,V1_P0_C1,high,V1_P0_C1__high,train
001898,8,0,0,8,1,9,True,False,False,V1_P0_C0,high,V1_P0_C0__high,train
001899,1,0,0,1,0,1,True,False,False,V1_P0_C0,low,V1_P0_C0__low,train
001900,2,0,0,2,0,2,True,False,False,V1_P0_C0,low,V1_P0_C0__low,train
001901,3,0,0,3,2,5,True,False,False,V1_P0_C0,low,V1_P0_C0__low,train
001902,0,1,0,1,0,1,False,True,False,V0_P1_C0,low,V0_P1_C0__low,train
001903,1,0,0,1,3,4,True,False,False,V1_P0_C0,low,V1_P0_C0__low,train
001904,4,0,0,4,2,6,True,False,False,V1_P0_C0,medium,V1_P0_C0__medium,val
001905,2,0,0,2,0,2,True,False,False,V1_P0_C0,low,V1_P0_C0__low,train
001906,2,0,0,2,1,3,True,False,False,V1_P0_C0,low,V1_P0_C0__low,train
001907,6,0,0,6,2,8,True,False,False,V1_P0_C0,medium,V1_P0_C0__medium,train
001908,15,1,0,16,0,16,True,True,False,V1_P1_C0,high,V1_P1_C0__high,train
001909,9,0,0,9,2,11,True,False,False,V1_P0_C0,high,V1_P0_C0__high,train
001910,0,5,1,6,3,9,False,True,True,V0_P1_C1,medium,V0_P1_C1__medium,train
001911,0,2,0,2,0,2,False,True,False,V0_P1_C0,low,V0_P1_C0__low,val
001912,3,2,0,5,2,7,True,True,False,V1_P1_C0,medium,V1_P1_C0__medium,train
001913,1,0,0,1,3,4,True,False,False,V1_P0_C0,low,V1_P0_C0__low,train
001914,4,0,0,4,3,7,True,False,False,V1_P0_C0,medium,V1_P0_C0__medium,train
001915,0,2,0,2,2,4,False,True,False,V0_P1_C0,low,V0_P1_C0__low,train
001916,11,1,0,12,1,13,True,True,False,V1_P1_C0,high,V1_P1_C0__high,train
001917,5,0,0,5,3,8,True,False,False,V1_P0_C0,medium,V1_P0_C0__medium,train
001918,3,0,1,4,1,5,True,False,True,V1_P0_C1,medium,V1_P0_C1__medium,train
001919,9,0,0,9,1,10,True,False,False,V1_P0_C0,high,V1_P0_C0__high,train
001920,2,0,1,3,1,4,True,False,True,V1_P0_C1,low,V1_P0_C1__low,train
001921,10,0,2,12,1,13,True,False,True,V1_P0_C1,high,V1_P0_C1__high,train
001922,5,0,0,5,2,7,True,False,False,V1_P0_C0,medium,V1_P0_C0__medium,train
001923,0,1,0,1,0,1,False,True,False,V0_P1_C0,low,V0_P1_C0__low,train
001924,4,0,0,4,1,5,True,False,False,V1_P0_C0,medium,V1_P0_C0__medium,train
001925,5,0,0,5,0,5,True,False,False,V1_P0_C0,medium,V1_P0_C0__medium,train
001926,10,1,0,11,1,12,True,True,False,V1_P1_C0,high,V1_P1_C0__high,train
001927,2,0,0,2,0,2,True,False,False,V1_P0_C0,low,V1_P0_C0__low,train
001928,9,0,0,9,1,10,True,False,False,V1_P0_C0,high,V1_P0_C0__high,val
001929,10,0,1,11,1,12,True,False,True,V1_P0_C1,high,V1_P0_C1__high,train
001930,3,0,0,3,1,4,True,False,False,V1_P0_C0,low,V1_P0_C0__low,val
001931,1,3,0,4,3,7,True,True,False,V1_P1_C0,medium,V1_P1_C0__medium,train
001932,4,0,0,4,1,5,True,False,False,V1_P0_C0,medium,V1_P0_C0__medium,train
001933,2,0,0,2,2,4,True,False,False,V1_P0_C0,low,V1_P0_C0__low,train
001934,3,0,0,3,1,4,True,False,False,V1_P0_C0,low,V1_P0_C0__low,train
001935,1,0,0,1,3,4,True,False,False,V1_P0_C0,low,V1_P0_C0__low,train
001936,2,0,0,2,0,2,True,False,False,V1_P0_C0,low,V1_P0_C0__low,train
001937,8,0,0,8,3,11,True,False,False,V1_P0_C0,high,V1_P0_C0__high,train
001938,5,0,0,5,1,6,True,False,False,V1_P0_C0,medium,V1_P0_C0__medium,train
001939,8,0,0,8,3,11,True,False,False,V1_P0_C0,high,V1_P0_C0__high,train
001940,13,1,0,14,4,18,True,True,False,V1_P1_C0,high,V1_P1_C0__high,train
001941,11,0,0,11,2,13,True,False,False,V1_P0_C0,high,V1_P0_C0__high,train
001942,5,0,0,5,1,6,True,False,False,V1_P0_C0,medium,V1_P0_C0__medium,train
001943,3,0,0,3,1,4,True,False,False,V1_P0_C0,low,V1_P0_C0__low,val
001944,2,0,0,2,2,4,True,False,False,V1_P0_C0,low,V1_P0_C0__low,train
001945,2,0,2,4,2,6,True,False,True,V1_P0_C1,medium,V1_P0_C1__medium,train
001946,1,0,1,2,0,2,True,False,True,V1_P0_C1,low,V1_P0_C1__low,train
001947,8,0,0,8,1,9,True,False,False,V1_P0_C0,high,V1_P0_C0__high,train
001948,2,0,3,5,4,9,True,False,True,V1_P0_C1,medium,V1_P0_C1__medium,train
001949,2,0,0,2,2,4,True,False,False,V1_P0_C0,low,V1_P0_C0__low,val
001950,1,0,0,1,4,5,True,False,False,V1_P0_C0,low,V1_P0_C0__low,train
001951,8,0,1,9,1,10,True,False,True,V1_P0_C1,high,V1_P0_C1__high,train
001952,2,0,0,2,1,3,True,False,False,V1_P0_C0,low,V1_P0_C0__low,train
001953,3,0,0,3,0,3,True,False,False,V1_P0_C0,low,V1_P0_C0__low,train
001954,9,0,0,9,1,10,True,False,False,V1_P0_C0,high,V1_P0_C0__high,train
001955,15,0,0,15,2,17,True,False,False,V1_P0_C0,high,V1_P0_C0__high,train
001956,6,0,0,6,1,7,True,False,False,V1_P0_C0,medium,V1_P0_C0__medium,train
001957,1,0,1,2,0,2,True,False,True,V1_P0_C1,low,V1_P0_C1__low,train
001958,0,4,4,8,3,11,False,True,True,V0_P1_C1,high,V0_P1_C1__high,val
001959,8,0,0,8,5,13,True,False,False,V1_P0_C0,high,V1_P0_C0__high,train
001960,4,0,0,4,1,5,True,False,False,V1_P0_C0,medium,V1_P0_C0__medium,train
001961,1,0,0,1,1,2,True,False,False,V1_P0_C0,low,V1_P0_C0__low,train
001962,4,0,1,5,3,8,True,False,True,V1_P0_C1,medium,V1_P0_C1__medium,train
001963,9,0,1,10,0,10,True,False,True,V1_P0_C1,high,V1_P0_C1__high,train
001964,9,3,0,12,0,12,True,True,False,V1_P1_C0,high,V1_P1_C0__high,train
001965,6,0,0,6,1,7,True,False,False,V1_P0_C0,medium,V1_P0_C0__medium,val
001966,7,0,0,7,2,9,True,False,False,V1_P0_C0,high,V1_P0_C0__high,train
001967,8,0,0,8,0,8,True,False,False,V1_P0_C0,high,V1_P0_C0__high,train
001968,2,0,0,2,2,4,True,False,False,V1_P0_C0,low,V1_P0_C0__low,train
001969,8,0,0,8,1,9,True,False,False,V1_P0_C0,high,V1_P0_C0__high,train
001970,0,1,0,1,0,1,False,True,False,V0_P1_C0,low,V0_P1_C0__low,train
001971,0,3,0,3,4,7,False,True,False,V0_P1_C0,low,V0_P1_C0__low,val
001972,1,3,0,4,2,6,True,True,False,V1_P1_C0,medium,V1_P1_C0__medium,val
001973,4,0,0,4,2,6,True,False,False,V1_P0_C0,medium,V1_P0_C0__medium,val
001974,2,0,1,3,3,6,True,False,True,V1_P0_C1,low,V1_P0_C1__low,train
001975,1,0,0,1,1,2,True,False,False,V1_P0_C0,low,V1_P0_C0__low,train
001976,5,0,0,5,0,5,True,False,False,V1_P0_C0,medium,V1_P0_C0__medium,val
001977,5,0,0,5,1,6,True,False,False,V1_P0_C0,medium,V1_P0_C0__medium,train
001978,4,0,0,4,2,6,True,False,False,V1_P0_C0,medium,V1_P0_C0__medium,val
001979,6,1,0,7,0,7,True,True,False,V1_P1_C0,high,V1_P1_C0__high,train
001980,3,0,0,3,1,4,True,False,False,V1_P0_C0,low,V1_P0_C0__low,train
001981,1,3,1,5,3,8,True,True,True,V1_P1_C1,medium,V1_P1_C1__medium,train
001982,0,1,0,1,0,1,False,True,False,V0_P1_C0,low,V0_P1_C0__low,train
001983,1,0,0,1,0,1,True,False,False,V1_P0_C0,low,V1_P0_C0__low,train
001984,0,1,0,1,0,1,False,True,False,V0_P1_C0,low,V0_P1_C0__low,train
001985,2,0,0,2,1,3,True,False,False,V1_P0_C0,low,V1_P0_C0__low,train
001986,7,0,0,7,0,7,True,False,False,V1_P0_C0,high,V1_P0_C0__high,val
001987,3,1,0,4,5,9,True,True,False,V1_P1_C0,medium,V1_P1_C0__medium,train
001988,2,7,3,12,3,15,True,True,True,V1_P1_C1,high,V1_P1_C1__high,train
001989,5,0,0,5,0,5,True,False,False,V1_P0_C0,medium,V1_P0_C0__medium,train
001990,5,0,0,5,2,7,True,False,False,V1_P0_C0,medium,V1_P0_C0__medium,train
001991,8,0,0,8,1,9,True,False,False,V1_P0_C0,high,V1_P0_C0__high,train
001992,10,0,1,11,1,12,True,False,True,V1_P0_C1,high,V1_P0_C1__high,val
001993,2,0,0,2,2,4,True,False,False,V1_P0_C0,low,V1_P0_C0__low,train
001994,0,1,0,1,0,1,False,True,False,V0_P1_C0,low,V0_P1_C0__low,train
001995,1,0,0,1,1,2,True,False,False,V1_P0_C0,low,V1_P0_C0__low,train
001996,3,0,0,3,1,4,True,False,False,V1_P0_C0,low,V1_P0_C0__low,train
001997,2,0,1,3,3,6,True,False,True,V1_P0_C1,low,V1_P0_C1__low,train
001998,1,4,2,7,1,8,True,True,True,V1_P1_C1,high,V1_P1_C1__high,train
001999,19,0,1,20,1,21,True,False,True,V1_P0_C1,high,V1_P0_C1__high,train
002000,4,0,1,5,3,8,True,False,True,V1_P0_C1,medium,V1_P0_C1__medium,train
002001,2,0,0,2,0,2,True,False,False,V1_P0_C0,low,V1_P0_C0__low,train
002002,6,0,0,6,2,8,True,False,False,V1_P0_C0,medium,V1_P0_C0__medium,train
002003,10,1,0,11,2,13,True,True,False,V1_P1_C0,high,V1_P1_C0__high,train
002004,3,0,0,3,1,4,True,False,False,V1_P0_C0,low,V1_P0_C0__low,val
002005,0,3,0,3,8,11,False,True,False,V0_P1_C0,low,V0_P1_C0__low,train
002006,4,0,1,5,3,8,True,False,True,V1_P0_C1,medium,V1_P0_C1__medium,train
002007,0,5,1,6,2,8,False,True,True,V0_P1_C1,medium,V0_P1_C1__medium,train
002008,3,0,1,4,2,6,True,False,True,V1_P0_C1,medium,V1_P0_C1__medium,train
002009,3,0,0,3,1,4,True,False,False,V1_P0_C0,low,V1_P0_C0__low,train
002010,2,0,0,2,1,3,True,False,False,V1_P0_C0,low,V1_P0_C0__low,train
002011,2,0,0,2,2,4,True,False,False,V1_P0_C0,low,V1_P0_C0__low,train
002012,13,0,0,13,3,16,True,False,False,V1_P0_C0,high,V1_P0_C0__high,train
002013,1,0,0,1,0,1,True,False,False,V1_P0_C0,low,V1_P0_C0__low,train
002014,4,0,1,5,3,8,True,False,True,V1_P0_C1,medium,V1_P0_C1__medium,train
002015,0,5,1,6,4,10,False,True,True,V0_P1_C1,medium,V0_P1_C1__medium,train
002016,1,0,1,2,4,6,True,False,True,V1_P0_C1,low,V1_P0_C1__low,train
002017,2,0,1,3,2,5,True,False,True,V1_P0_C1,low,V1_P0_C1__low,train
002018,9,0,0,9,1,10,True,False,False,V1_P0_C0,high,V1_P0_C0__high,train
002019,1,0,0,1,1,2,True,False,False,V1_P0_C0,low,V1_P0_C0__low,train
002020,9,0,0,9,2,11,True,False,False,V1_P0_C0,high,V1_P0_C0__high,train
002021,4,0,0,4,2,6,True,False,False,V1_P0_C0,medium,V1_P0_C0__medium,train
002022,2,0,0,2,1,3,True,False,False,V1_P0_C0,low,V1_P0_C0__low,val
002023,0,1,0,1,0,1,False,True,False,V0_P1_C0,low,V0_P1_C0__low,train
002024,9,1,1,11,2,13,True,True,True,V1_P1_C1,high,V1_P1_C1__high,train
002025,1,0,1,2,3,5,True,False,True,V1_P0_C1,low,V1_P0_C1__low,train
002026,1,0,0,1,2,3,True,False,False,V1_P0_C0,low,V1_P0_C0__low,train
002027,4,0,0,4,2,6,True,False,False,V1_P0_C0,medium,V1_P0_C0__medium,train
002028,6,0,0,6,2,8,True,False,False,V1_P0_C0,medium,V1_P0_C0__medium,val
002029,5,0,0,5,3,8,True,False,False,V1_P0_C0,medium,V1_P0_C0__medium,val
002030,0,1,0,1,0,1,False,True,False,V0_P1_C0,low,V0_P1_C0__low,train
002031,1,0,0,1,4,5,True,False,False,V1_P0_C0,low,V1_P0_C0__low,train
002032,2,0,0,2,5,7,True,False,False,V1_P0_C0,low,V1_P0_C0__low,val
002033,3,0,0,3,1,4,True,False,False,V1_P0_C0,low,V1_P0_C0__low,val
002034,2,0,0,2,2,4,True,False,False,V1_P0_C0,low,V1_P0_C0__low,train
002035,7,1,0,8,4,12,True,True,False,V1_P1_C0,high,V1_P1_C0__high,train
002036,1,0,1,2,1,3,True,False,True,V1_P0_C1,low,V1_P0_C1__low,val
002037,2,0,0,2,4,6,True,False,False,V1_P0_C0,low,V1_P0_C0__low,train
002038,6,0,0,6,0,6,True,False,False,V1_P0_C0,medium,V1_P0_C0__medium,train
002039,4,0,0,4,1,5,True,False,False,V1_P0_C0,medium,V1_P0_C0__medium,train
002040,5,0,0,5,3,8,True,False,False,V1_P0_C0,medium,V1_P0_C0__medium,train
002041,7,0,0,7,1,8,True,False,False,V1_P0_C0,high,V1_P0_C0__high,train
002042,0,9,0,9,2,11,False,True,False,V0_P1_C0,high,V0_P1_C0__high,train
002043,3,0,0,3,3,6,True,False,False,V1_P0_C0,low,V1_P0_C0__low,val
002044,13,0,0,13,2,15,True,False,False,V1_P0_C0,high,V1_P0_C0__high,train
002045,1,5,0,6,1,7,True,True,False,V1_P1_C0,medium,V1_P1_C0__medium,train
002046,4,0,0,4,1,5,True,False,False,V1_P0_C0,medium,V1_P0_C0__medium,train
002047,3,0,0,3,2,5,True,False,False,V1_P0_C0,low,V1_P0_C0__low,val
002048,3,1,0,4,2,6,True,True,False,V1_P1_C0,medium,V1_P1_C0__medium,val
002049,4,0,1,5,1,6,True,False,True,V1_P0_C1,medium,V1_P0_C1__medium,train
002050,19,0,1,20,1,21,True,False,True,V1_P0_C1,high,V1_P0_C1__high,val
002051,5,0,0,5,1,6,True,False,False,V1_P0_C0,medium,V1_P0_C0__medium,train
002052,4,0,0,4,2,6,True,False,False,V1_P0_C0,medium,V1_P0_C0__medium,val
002053,1,0,0,1,1,2,True,False,False,V1_P0_C0,low,V1_P0_C0__low,val
002054,5,0,0,5,1,6,True,False,False,V1_P0_C0,medium,V1_P0_C0__medium,val
002055,1,0,0,1,0,1,True,False,False,V1_P0_C0,low,V1_P0_C0__low,train
002056,3,0,0,3,2,5,True,False,False,V1_P0_C0,low,V1_P0_C0__low,train
002057,5,0,0,5,2,7,True,False,False,V1_P0_C0,medium,V1_P0_C0__medium,train
002058,0,1,0,1,0,1,False,True,False,V0_P1_C0,low,V0_P1_C0__low,train
002059,0,1,0,1,0,1,False,True,False,V0_P1_C0,low,V0_P1_C0__low,train
002060,7,0,0,7,3,10,True,False,False,V1_P0_C0,high,V1_P0_C0__high,train
002061,2,0,0,2,0,2,True,False,False,V1_P0_C0,low,V1_P0_C0__low,train
002062,6,0,0,6,0,6,True,False,False,V1_P0_C0,medium,V1_P0_C0__medium,train
002063,1,6,4,11,3,14,True,True,True,V1_P1_C1,high,V1_P1_C1__high,train
002064,2,0,0,2,1,3,True,False,False,V1_P0_C0,low,V1_P0_C0__low,val
002065,0,2,0,2,6,8,False,True,False,V0_P1_C0,low,V0_P1_C0__low,train
002066,1,0,0,1,0,1,True,False,False,V1_P0_C0,low,V1_P0_C0__low,train
002067,14,0,0,14,1,15,True,False,False,V1_P0_C0,high,V1_P0_C0__high,train
002068,6,0,0,6,2,8,True,False,False,V1_P0_C0,medium,V1_P0_C0__medium,train
002069,2,0,0,2,1,3,True,False,False,V1_P0_C0,low,V1_P0_C0__low,train
002070,5,0,0,5,3,8,True,False,False,V1_P0_C0,medium,V1_P0_C0__medium,val
002071,1,7,0,8,2,10,True,True,False,V1_P1_C0,high,V1_P1_C0__high,train
002072,5,0,0,5,0,5,True,False,False,V1_P0_C0,medium,V1_P0_C0__medium,train
002073,1,3,0,4,3,7,True,True,False,V1_P1_C0,medium,V1_P1_C0__medium,train
002074,4,0,0,4,2,6,True,False,False,V1_P0_C0,medium,V1_P0_C0__medium,train
002075,0,1,0,1,1,2,False,True,False,V0_P1_C0,low,V0_P1_C0__low,train
002076,2,1,3,6,6,12,True,True,True,V1_P1_C1,medium,V1_P1_C1__medium,train
002077,10,0,0,10,2,12,True,False,False,V1_P0_C0,high,V1_P0_C0__high,val
002078,4,0,0,4,0,4,True,False,False,V1_P0_C0,medium,V1_P0_C0__medium,val
002079,5,0,0,5,1,6,True,False,False,V1_P0_C0,medium,V1_P0_C0__medium,train
002080,7,1,0,8,0,8,True,True,False,V1_P1_C0,high,V1_P1_C0__high,train
002081,6,0,0,6,0,6,True,False,False,V1_P0_C0,medium,V1_P0_C0__medium,train
002082,9,0,0,9,1,10,True,False,False,V1_P0_C0,high,V1_P0_C0__high,train
002083,4,0,0,4,2,6,True,False,False,V1_P0_C0,medium,V1_P0_C0__medium,train
002084,5,1,1,7,4,11,True,True,True,V1_P1_C1,high,V1_P1_C1__high,train
002085,9,0,0,9,1,10,True,False,False,V1_P0_C0,high,V1_P0_C0__high,train
002086,9,0,0,9,1,10,True,False,False,V1_P0_C0,high,V1_P0_C0__high,train
002087,3,0,0,3,1,4,True,False,False,V1_P0_C0,low,V1_P0_C0__low,train
002088,11,0,1,12,0,12,True,False,True,V1_P0_C1,high,V1_P0_C1__high,train
002089,2,0,0,2,1,3,True,False,False,V1_P0_C0,low,V1_P0_C0__low,train
002090,3,0,0,3,0,3,True,False,False,V1_P0_C0,low,V1_P0_C0__low,train
002091,1,1,0,2,2,4,True,True,False,V1_P1_C0,low,V1_P1_C0__low,train
002092,8,0,1,9,2,11,True,False,True,V1_P0_C1,high,V1_P0_C1__high,train
002093,4,0,0,4,2,6,True,False,False,V1_P0_C0,medium,V1_P0_C0__medium,train
002094,1,1,0,2,3,5,True,True,False,V1_P1_C0,low,V1_P1_C0__low,val
002095,4,7,3,14,3,17,True,True,True,V1_P1_C1,high,V1_P1_C1__high,train
002096,9,1,1,11,2,13,True,True,True,V1_P1_C1,high,V1_P1_C1__high,train
002097,6,0,0,6,2,8,True,False,False,V1_P0_C0,medium,V1_P0_C0__medium,val
002098,4,0,0,4,2,6,True,False,False,V1_P0_C0,medium,V1_P0_C0__medium,train
002099,2,0,0,2,2,4,True,False,False,V1_P0_C0,low,V1_P0_C0__low,train
002100,1,0,0,1,1,2,True,False,False,V1_P0_C0,low,V1_P0_C0__low,train
002101,6,1,0,7,1,8,True,True,False,V1_P1_C0,high,V1_P1_C0__high,val
002102,9,0,0,9,1,10,True,False,False,V1_P0_C0,high,V1_P0_C0__high,val
002103,5,0,0,5,2,7,True,False,False,V1_P0_C0,medium,V1_P0_C0__medium,train
002104,2,0,0,2,4,6,True,False,False,V1_P0_C0,low,V1_P0_C0__low,train
002105,13,0,0,13,1,14,True,False,False,V1_P0_C0,high,V1_P0_C0__high,train
002106,15,0,0,15,1,16,True,False,False,V1_P0_C0,high,V1_P0_C0__high,train
002107,11,0,0,11,3,14,True,False,False,V1_P0_C0,high,V1_P0_C0__high,train
002108,0,1,0,1,0,1,False,True,False,V0_P1_C0,low,V0_P1_C0__low,train
002109,3,0,0,3,0,3,True,False,False,V1_P0_C0,low,V1_P0_C0__low,train
002110,8,1,1,10,4,14,True,True,True,V1_P1_C1,high,V1_P1_C1__high,val
002111,3,0,0,3,2,5,True,False,False,V1_P0_C0,low,V1_P0_C0__low,train
002112,5,0,3,8,1,9,True,False,True,V1_P0_C1,high,V1_P0_C1__high,val
002113,4,0,0,4,3,7,True,False,False,V1_P0_C0,medium,V1_P0_C0__medium,val
002114,2,1,0,3,2,5,True,True,False,V1_P1_C0,low,V1_P1_C0__low,val
002115,3,0,0,3,5,8,True,False,False,V1_P0_C0,low,V1_P0_C0__low,val
002116,2,0,0,2,0,2,True,False,False,V1_P0_C0,low,V1_P0_C0__low,train
002117,0,1,0,1,0,1,False,True,False,V0_P1_C0,low,V0_P1_C0__low,train
002118,4,0,0,4,0,4,True,False,False,V1_P0_C0,medium,V1_P0_C0__medium,train
002119,6,0,0,6,3,9,True,False,False,V1_P0_C0,medium,V1_P0_C0__medium,train
002120,1,0,0,1,2,3,True,False,False,V1_P0_C0,low,V1_P0_C0__low,train
002121,2,0,0,2,1,3,True,False,False,V1_P0_C0,low,V1_P0_C0__low,train
002122,2,0,0,2,2,4,True,False,False,V1_P0_C0,low,V1_P0_C0__low,train
002123,3,0,0,3,4,7,True,False,False,V1_P0_C0,low,V1_P0_C0__low,train
002124,2,2,1,5,4,9,True,True,True,V1_P1_C1,medium,V1_P1_C1__medium,train
002125,2,0,0,2,3,5,True,False,False,V1_P0_C0,low,V1_P0_C0__low,train
002126,14,0,0,14,1,15,True,False,False,V1_P0_C0,high,V1_P0_C0__high,train
002127,2,0,0,2,1,3,True,False,False,V1_P0_C0,low,V1_P0_C0__low,train
002128,6,1,0,7,0,7,True,True,False,V1_P1_C0,high,V1_P1_C0__high,train
002129,13,0,0,13,0,13,True,False,False,V1_P0_C0,high,V1_P0_C0__high,train
002130,6,0,0,6,1,7,True,False,False,V1_P0_C0,medium,V1_P0_C0__medium,train
002131,4,0,0,4,3,7,True,False,False,V1_P0_C0,medium,V1_P0_C0__medium,train
002132,4,0,0,4,2,6,True,False,False,V1_P0_C0,medium,V1_P0_C0__medium,train
002133,0,3,0,3,6,9,False,True,False,V0_P1_C0,low,V0_P1_C0__low,train
002134,14,0,0,14,1,15,True,False,False,V1_P0_C0,high,V1_P0_C0__high,train
002135,14,0,1,15,2,17,True,False,True,V1_P0_C1,high,V1_P0_C1__high,train
002136,5,0,0,5,2,7,True,False,False,V1_P0_C0,medium,V1_P0_C0__medium,train
002137,4,0,0,4,1,5,True,False,False,V1_P0_C0,medium,V1_P0_C0__medium,val
002138,4,0,0,4,1,5,True,False,False,V1_P0_C0,medium,V1_P0_C0__medium,train
002139,9,0,0,9,1,10,True,False,False,V1_P0_C0,high,V1_P0_C0__high,train
002140,5,0,0,5,2,7,True,False,False,V1_P0_C0,medium,V1_P0_C0__medium,train
002141,2,0,0,2,0,2,True,False,False,V1_P0_C0,low,V1_P0_C0__low,train
002142,12,0,0,12,1,13,True,False,False,V1_P0_C0,high,V1_P0_C0__high,val
002143,2,0,0,2,2,4,True,False,False,V1_P0_C0,low,V1_P0_C0__low,val
002144,0,1,0,1,0,1,False,True,False,V0_P1_C0,low,V0_P1_C0__low,train
002145,6,0,0,6,0,6,True,False,False,V1_P0_C0,medium,V1_P0_C0__medium,train
002146,1,0,0,1,3,4,True,False,False,V1_P0_C0,low,V1_P0_C0__low,train
002147,14,1,0,15,2,17,True,True,False,V1_P1_C0,high,V1_P1_C0__high,train
002148,1,0,0,1,1,2,True,False,False,V1_P0_C0,low,V1_P0_C0__low,train
002149,0,4,2,6,4,10,False,True,True,V0_P1_C1,medium,V0_P1_C1__medium,train
002150,9,0,0,9,4,13,True,False,False,V1_P0_C0,high,V1_P0_C0__high,train
002151,4,0,0,4,3,7,True,False,False,V1_P0_C0,medium,V1_P0_C0__medium,train
002152,11,0,0,11,1,12,True,False,False,V1_P0_C0,high,V1_P0_C0__high,val
002153,8,0,2,10,1,11,True,False,True,V1_P0_C1,high,V1_P0_C1__high,train
002154,1,0,0,1,1,2,True,False,False,V1_P0_C0,low,V1_P0_C0__low,train
002155,15,0,0,15,2,17,True,False,False,V1_P0_C0,high,V1_P0_C0__high,train
002156,0,9,2,11,5,16,False,True,True,V0_P1_C1,high,V0_P1_C1__high,val
002157,10,1,0,11,0,11,True,True,False,V1_P1_C0,high,V1_P1_C0__high,train
002158,7,0,0,7,1,8,True,False,False,V1_P0_C0,high,V1_P0_C0__high,train
002159,0,1,0,1,0,1,False,True,False,V0_P1_C0,low,V0_P1_C0__low,val
002160,1,8,0,9,1,10,True,True,False,V1_P1_C0,high,V1_P1_C0__high,val
002161,7,2,0,9,2,11,True,True,False,V1_P1_C0,high,V1_P1_C0__high,train
002162,1,0,0,1,2,3,True,False,False,V1_P0_C0,low,V1_P0_C0__low,val
002163,4,0,0,4,1,5,True,False,False,V1_P0_C0,medium,V1_P0_C0__medium,train
002164,2,1,1,4,1,5,True,True,True,V1_P1_C1,medium,V1_P1_C1__medium,train
002165,2,0,0,2,2,4,True,False,False,V1_P0_C0,low,V1_P0_C0__low,val
002166,3,0,0,3,1,4,True,False,False,V1_P0_C0,low,V1_P0_C0__low,train
002167,5,0,1,6,3,9,True,False,True,V1_P0_C1,medium,V1_P0_C1__medium,val
002168,9,0,0,9,1,10,True,False,False,V1_P0_C0,high,V1_P0_C0__high,val
002169,9,0,0,9,1,10,True,False,False,V1_P0_C0,high,V1_P0_C0__high,train
002170,5,0,0,5,2,7,True,False,False,V1_P0_C0,medium,V1_P0_C0__medium,train
002171,4,9,1,14,1,15,True,True,True,V1_P1_C1,high,V1_P1_C1__high,train
002172,7,0,0,7,4,11,True,False,False,V1_P0_C0,high,V1_P0_C0__high,val
002173,9,0,0,9,1,10,True,False,False,V1_P0_C0,high,V1_P0_C0__high,train
002174,2,0,0,2,1,3,True,False,False,V1_P0_C0,low,V1_P0_C0__low,val
002175,4,12,0,16,4,20,True,True,False,V1_P1_C0,high,V1_P1_C0__high,train
002176,8,1,0,9,1,10,True,True,False,V1_P1_C0,high,V1_P1_C0__high,val
002177,10,0,0,10,1,11,True,False,False,V1_P0_C0,high,V1_P0_C0__high,train
002178,0,1,0,1,0,1,False,True,False,V0_P1_C0,low,V0_P1_C0__low,train
002179,1,0,0,1,0,1,True,False,False,V1_P0_C0,low,V1_P0_C0__low,train
002180,0,3,2,5,4,9,False,True,True,V0_P1_C1,medium,V0_P1_C1__medium,train
002181,12,1,0,13,2,15,True,True,False,V1_P1_C0,high,V1_P1_C0__high,train
002182,9,0,0,9,0,9,True,False,False,V1_P0_C0,high,V1_P0_C0__high,train
002183,7,0,0,7,0,7,True,False,False,V1_P0_C0,high,V1_P0_C0__high,train
002184,2,0,0,2,6,8,True,False,False,V1_P0_C0,low,V1_P0_C0__low,train
002185,7,0,0,7,1,8,True,False,False,V1_P0_C0,high,V1_P0_C0__high,train
002186,1,0,0,1,2,3,True,False,False,V1_P0_C0,low,V1_P0_C0__low,train
002187,10,0,0,10,3,13,True,False,False,V1_P0_C0,high,V1_P0_C0__high,train
002188,3,0,0,3,1,4,True,False,False,V1_P0_C0,low,V1_P0_C0__low,train
002189,0,5,0,5,4,9,False,True,False,V0_P1_C0,medium,V0_P1_C0__medium,train
002190,1,0,0,1,1,2,True,False,False,V1_P0_C0,low,V1_P0_C0__low,train
002191,2,0,0,2,3,5,True,False,False,V1_P0_C0,low,V1_P0_C0__low,val
002192,1,0,0,1,0,1,True,False,False,V1_P0_C0,low,V1_P0_C0__low,train
002193,5,0,0,5,1,6,True,False,False,V1_P0_C0,medium,V1_P0_C0__medium,train
002194,14,1,0,15,1,16,True,True,False,V1_P1_C0,high,V1_P1_C0__high,train
002195,5,0,0,5,0,5,True,False,False,V1_P0_C0,medium,V1_P0_C0__medium,val
002196,1,0,0,1,1,2,True,False,False,V1_P0_C0,low,V1_P0_C0__low,val
002197,1,0,0,1,1,2,True,False,False,V1_P0_C0,low,V1_P0_C0__low,val
002198,3,0,0,3,4,7,True,False,False,V1_P0_C0,low,V1_P0_C0__low,val
002199,6,0,2,8,1,9,True,False,True,V1_P0_C1,high,V1_P0_C1__high,train
002200,7,0,1,8,2,10,True,False,True,V1_P0_C1,high,V1_P0_C1__high,train
002201,7,0,0,7,0,7,True,False,False,V1_P0_C0,high,V1_P0_C0__high,train
002202,4,0,0,4,1,5,True,False,False,V1_P0_C0,medium,V1_P0_C0__medium,val
002203,1,0,0,1,3,4,True,False,False,V1_P0_C0,low,V1_P0_C0__low,train
002204,1,0,0,1,0,1,True,False,False,V1_P0_C0,low,V1_P0_C0__low,val
002205,13,0,0,13,2,15,True,False,False,V1_P0_C0,high,V1_P0_C0__high,val
002206,1,4,3,8,2,10,True,True,True,V1_P1_C1,high,V1_P1_C1__high,train
002207,3,0,0,3,0,3,True,False,False,V1_P0_C0,low,V1_P0_C0__low,train
002208,1,0,0,1,4,5,True,False,False,V1_P0_C0,low,V1_P0_C0__low,train
002209,9,0,0,9,2,11,True,False,False,V1_P0_C0,high,V1_P0_C0__high,val
002210,6,0,1,7,2,9,True,False,True,V1_P0_C1,high,V1_P0_C1__high,train
002211,5,0,1,6,0,6,True,False,True,V1_P0_C1,medium,V1_P0_C1__medium,train
002212,13,0,0,13,3,16,True,False,False,V1_P0_C0,high,V1_P0_C0__high,train
002213,1,0,0,1,2,3,True,False,False,V1_P0_C0,low,V1_P0_C0__low,train
002214,6,0,0,6,0,6,True,False,False,V1_P0_C0,medium,V1_P0_C0__medium,train
002215,4,0,0,4,0,4,True,False,False,V1_P0_C0,medium,V1_P0_C0__medium,train
002216,10,0,1,11,1,12,True,False,True,V1_P0_C1,high,V1_P0_C1__high,val
002217,1,0,0,1,6,7,True,False,False,V1_P0_C0,low,V1_P0_C0__low,val
002218,4,0,0,4,2,6,True,False,False,V1_P0_C0,medium,V1_P0_C0__medium,train
002219,9,0,0,9,1,10,True,False,False,V1_P0_C0,high,V1_P0_C0__high,train
002220,1,0,0,1,2,3,True,False,False,V1_P0_C0,low,V1_P0_C0__low,train
002221,5,0,0,5,3,8,True,False,False,V1_P0_C0,medium,V1_P0_C0__medium,train
002222,1,0,0,1,1,2,True,False,False,V1_P0_C0,low,V1_P0_C0__low,train
002223,7,0,0,7,2,9,True,False,False,V1_P0_C0,high,V1_P0_C0__high,train
002224,3,0,0,3,1,4,True,False,False,V1_P0_C0,low,V1_P0_C0__low,train
002225,9,0,0,9,2,11,True,False,False,V1_P0_C0,high,V1_P0_C0__high,train
002226,0,1,0,1,0,1,False,True,False,V0_P1_C0,low,V0_P1_C0__low,val
002227,4,0,2,6,4,10,True,False,True,V1_P0_C1,medium,V1_P0_C1__medium,train
002228,6,0,0,6,2,8,True,False,False,V1_P0_C0,medium,V1_P0_C0__medium,train
002229,5,0,0,5,2,7,True,False,False,V1_P0_C0,medium,V1_P0_C0__medium,train
002230,10,0,0,10,2,12,True,False,False,V1_P0_C0,high,V1_P0_C0__high,train
002231,1,0,0,1,2,3,True,False,False,V1_P0_C0,low,V1_P0_C0__low,train
002232,5,0,1,6,2,8,True,False,True,V1_P0_C1,medium,V1_P0_C1__medium,train
002233,4,0,1,5,1,6,True,False,True,V1_P0_C1,medium,V1_P0_C1__medium,train
002234,7,0,0,7,1,8,True,False,False,V1_P0_C0,high,V1_P0_C0__high,train
002235,2,0,0,2,3,5,True,False,False,V1_P0_C0,low,V1_P0_C0__low,train
002236,3,0,0,3,0,3,True,False,False,V1_P0_C0,low,V1_P0_C0__low,train
002237,5,0,0,5,1,6,True,False,False,V1_P0_C0,medium,V1_P0_C0__medium,train
002238,1,0,0,1,1,2,True,False,False,V1_P0_C0,low,V1_P0_C0__low,val
002239,4,0,0,4,2,6,True,False,False,V1_P0_C0,medium,V1_P0_C0__medium,train
002240,3,0,0,3,4,7,True,False,False,V1_P0_C0,low,V1_P0_C0__low,train
002241,6,0,0,6,3,9,True,False,False,V1_P0_C0,medium,V1_P0_C0__medium,train
002242,1,0,0,1,0,1,True,False,False,V1_P0_C0,low,V1_P0_C0__low,train
002243,1,2,0,3,4,7,True,True,False,V1_P1_C0,low,V1_P1_C0__low,train
002244,1,0,0,1,0,1,True,False,False,V1_P0_C0,low,V1_P0_C0__low,train
002245,2,2,1,5,7,12,True,True,True,V1_P1_C1,medium,V1_P1_C1__medium,val
002246,3,0,0,3,1,4,True,False,False,V1_P0_C0,low,V1_P0_C0__low,val
002247,0,1,0,1,0,1,False,True,False,V0_P1_C0,low,V0_P1_C0__low,train
002248,3,0,0,3,4,7,True,False,False,V1_P0_C0,low,V1_P0_C0__low,train
002249,0,1,0,1,0,1,False,True,False,V0_P1_C0,low,V0_P1_C0__low,train
002250,4,0,0,4,1,5,True,False,False,V1_P0_C0,medium,V1_P0_C0__medium,val
002251,1,0,0,1,0,1,True,False,False,V1_P0_C0,low,V1_P0_C0__low,val
002252,1,0,0,1,1,2,True,False,False,V1_P0_C0,low,V1_P0_C0__low,train
002253,7,0,0,7,3,10,True,False,False,V1_P0_C0,high,V1_P0_C0__high,train
002254,12,0,1,13,1,14,True,False,True,V1_P0_C1,high,V1_P0_C1__high,train
002255,4,0,0,4,1,5,True,False,False,V1_P0_C0,medium,V1_P0_C0__medium,train
002256,5,0,0,5,0,5,True,False,False,V1_P0_C0,medium,V1_P0_C0__medium,val
002257,15,0,1,16,1,17,True,False,True,V1_P0_C1,high,V1_P0_C1__high,train
002258,4,0,0,4,3,7,True,False,False,V1_P0_C0,medium,V1_P0_C0__medium,train
002259,3,0,0,3,4,7,True,False,False,V1_P0_C0,low,V1_P0_C0__low,train
002260,5,0,0,5,2,7,True,False,False,V1_P0_C0,medium,V1_P0_C0__medium,train
002261,1,0,0,1,3,4,True,False,False,V1_P0_C0,low,V1_P0_C0__low,train
002262,9,0,0,9,1,10,True,False,False,V1_P0_C0,high,V1_P0_C0__high,train
002263,9,0,0,9,4,13,True,False,False,V1_P0_C0,high,V1_P0_C0__high,train
002264,2,0,1,3,6,9,True,False,True,V1_P0_C1,low,V1_P0_C1__low,train
002265,2,0,0,2,2,4,True,False,False,V1_P0_C0,low,V1_P0_C0__low,train
002266,3,3,1,7,3,10,True,True,True,V1_P1_C1,high,V1_P1_C1__high,train
002267,0,1,0,1,0,1,False,True,False,V0_P1_C0,low,V0_P1_C0__low,train
002268,6,0,0,6,5,11,True,False,False,V1_P0_C0,medium,V1_P0_C0__medium,train
002269,2,0,1,3,1,4,True,False,True,V1_P0_C1,low,V1_P0_C1__low,train
002270,6,0,0,6,1,7,True,False,False,V1_P0_C0,medium,V1_P0_C0__medium,train
002271,0,1,0,1,0,1,False,True,False,V0_P1_C0,low,V0_P1_C0__low,train
002272,7,0,0,7,2,9,True,False,False,V1_P0_C0,high,V1_P0_C0__high,train
002273,1,0,0,1,6,7,True,False,False,V1_P0_C0,low,V1_P0_C0__low,train
002274,5,0,0,5,1,6,True,False,False,V1_P0_C0,medium,V1_P0_C0__medium,train
002275,9,0,1,10,1,11,True,False,True,V1_P0_C1,high,V1_P0_C1__high,train
002276,3,0,0,3,1,4,True,False,False,V1_P0_C0,low,V1_P0_C0__low,train
002277,4,0,0,4,2,6,True,False,False,V1_P0_C0,medium,V1_P0_C0__medium,train
002278,2,0,0,2,2,4,True,False,False,V1_P0_C0,low,V1_P0_C0__low,val
002279,0,1,2,3,5,8,False,True,True,V0_P1_C1,low,V0_P1_C1__low,train
002280,3,0,0,3,4,7,True,False,False,V1_P0_C0,low,V1_P0_C0__low,train
002281,15,0,0,15,2,17,True,False,False,V1_P0_C0,high,V1_P0_C0__high,val
002282,0,8,1,9,2,11,False,True,True,V0_P1_C1,high,V0_P1_C1__high,train
002283,1,1,1,3,7,10,True,True,True,V1_P1_C1,low,V1_P1_C1__low,train
002284,2,0,0,2,4,6,True,False,False,V1_P0_C0,low,V1_P0_C0__low,train
002285,5,2,1,8,1,9,True,True,True,V1_P1_C1,high,V1_P1_C1__high,val
002286,3,0,0,3,4,7,True,False,False,V1_P0_C0,low,V1_P0_C0__low,train
002287,0,1,0,1,0,1,False,True,False,V0_P1_C0,low,V0_P1_C0__low,train
002288,3,0,3,6,4,10,True,False,True,V1_P0_C1,medium,V1_P0_C1__medium,train
002289,0,5,3,8,3,11,False,True,True,V0_P1_C1,high,V0_P1_C1__high,train
002290,8,0,0,8,1,9,True,False,False,V1_P0_C0,high,V1_P0_C0__high,train
002291,3,0,0,3,0,3,True,False,False,V1_P0_C0,low,V1_P0_C0__low,val
002292,4,0,0,4,5,9,True,False,False,V1_P0_C0,medium,V1_P0_C0__medium,val
002293,9,0,0,9,3,12,True,False,False,V1_P0_C0,high,V1_P0_C0__high,train
002294,4,2,0,6,1,7,True,True,False,V1_P1_C0,medium,V1_P1_C0__medium,train
002295,13,0,0,13,2,15,True,False,False,V1_P0_C0,high,V1_P0_C0__high,train
002296,2,0,1,3,4,7,True,False,True,V1_P0_C1,low,V1_P0_C1__low,train
002297,3,0,0,3,3,6,True,False,False,V1_P0_C0,low,V1_P0_C0__low,val
002298,2,0,0,2,4,6,True,False,False,V1_P0_C0,low,V1_P0_C0__low,train
002299,0,1,0,1,0,1,False,True,False,V0_P1_C0,low,V0_P1_C0__low,train
002300,4,0,0,4,1,5,True,False,False,V1_P0_C0,medium,V1_P0_C0__medium,train
002301,4,1,0,5,1,6,True,True,False,V1_P1_C0,medium,V1_P1_C0__medium,val
002302,5,0,0,5,1,6,True,False,False,V1_P0_C0,medium,V1_P0_C0__medium,train
002303,8,0,0,8,2,10,True,False,False,V1_P0_C0,high,V1_P0_C0__high,val
002304,2,0,0,2,4,6,True,False,False,V1_P0_C0,low,V1_P0_C0__low,val
002305,8,0,0,8,3,11,True,False,False,V1_P0_C0,high,V1_P0_C0__high,val
002306,5,0,0,5,2,7,True,False,False,V1_P0_C0,medium,V1_P0_C0__medium,train
002307,3,1,0,4,5,9,True,True,False,V1_P1_C0,medium,V1_P1_C0__medium,train
002308,6,1,0,7,4,11,True,True,False,V1_P1_C0,high,V1_P1_C0__high,train
002309,1,1,0,2,4,6,True,True,False,V1_P1_C0,low,V1_P1_C0__low,train
002310,0,1,0,1,0,1,False,True,False,V0_P1_C0,low,V0_P1_C0__low,train
002311,6,0,0,6,2,8,True,False,False,V1_P0_C0,medium,V1_P0_C0__medium,val
002312,3,0,0,3,1,4,True,False,False,V1_P0_C0,low,V1_P0_C0__low,val
002313,6,0,0,6,5,11,True,False,False,V1_P0_C0,medium,V1_P0_C0__medium,train
002314,10,0,0,10,2,12,True,False,False,V1_P0_C0,high,V1_P0_C0__high,train
002315,1,11,0,12,1,13,True,True,False,V1_P1_C0,high,V1_P1_C0__high,train
002316,1,0,0,1,2,3,True,False,False,V1_P0_C0,low,V1_P0_C0__low,train
002317,16,1,0,17,2,19,True,True,False,V1_P1_C0,high,V1_P1_C0__high,val
002318,13,0,0,13,1,14,True,False,False,V1_P0_C0,high,V1_P0_C0__high,train
002319,3,0,0,3,1,4,True,False,False,V1_P0_C0,low,V1_P0_C0__low,train
002320,1,0,1,2,1,3,True,False,True,V1_P0_C1,low,V1_P0_C1__low,train
002321,1,0,0,1,5,6,True,False,False,V1_P0_C0,low,V1_P0_C0__low,train
002322,9,1,1,11,6,17,True,True,True,V1_P1_C1,high,V1_P1_C1__high,train
002323,1,0,0,1,5,6,True,False,False,V1_P0_C0,low,V1_P0_C0__low,train
002324,0,1,0,1,0,1,False,True,False,V0_P1_C0,low,V0_P1_C0__low,train
002325,2,0,0,2,2,4,True,False,False,V1_P0_C0,low,V1_P0_C0__low,val
002326,6,0,0,6,4,10,True,False,False,V1_P0_C0,medium,V1_P0_C0__medium,val
002327,1,3,0,4,1,5,True,True,False,V1_P1_C0,medium,V1_P1_C0__medium,train
002328,6,0,0,6,2,8,True,False,False,V1_P0_C0,medium,V1_P0_C0__medium,train
002329,1,0,0,1,2,3,True,False,False,V1_P0_C0,low,V1_P0_C0__low,train
002330,2,0,0,2,3,5,True,False,False,V1_P0_C0,low,V1_P0_C0__low,train
002331,7,0,0,7,8,15,True,False,False,V1_P0_C0,high,V1_P0_C0__high,train
002332,7,0,0,7,3,10,True,False,False,V1_P0_C0,high,V1_P0_C0__high,train
002333,11,0,0,11,1,12,True,False,False,V1_P0_C0,high,V1_P0_C0__high,train
002334,0,1,0,1,0,1,False,True,False,V0_P1_C0,low,V0_P1_C0__low,val
002335,4,0,0,4,4,8,True,False,False,V1_P0_C0,medium,V1_P0_C0__medium,train
002336,3,0,0,3,2,5,True,False,False,V1_P0_C0,low,V1_P0_C0__low,val
002337,2,0,0,2,2,4,True,False,False,V1_P0_C0,low,V1_P0_C0__low,train
002338,7,0,0,7,2,9,True,False,False,V1_P0_C0,high,V1_P0_C0__high,train
002339,7,3,2,12,1,13,True,True,True,V1_P1_C1,high,V1_P1_C1__high,train
002340,9,0,0,9,1,10,True,False,False,V1_P0_C0,high,V1_P0_C0__high,train
002341,10,0,0,10,2,12,True,False,False,V1_P0_C0,high,V1_P0_C0__high,train
002342,1,1,0,2,0,2,True,True,False,V1_P1_C0,low,V1_P1_C0__low,train
002343,1,0,0,1,1,2,True,False,False,V1_P0_C0,low,V1_P0_C0__low,train
002344,8,0,0,8,5,13,True,False,False,V1_P0_C0,high,V1_P0_C0__high,train
002345,7,1,0,8,3,11,True,True,False,V1_P1_C0,high,V1_P1_C0__high,train
002346,4,0,0,4,2,6,True,False,False,V1_P0_C0,medium,V1_P0_C0__medium,train
002347,3,0,0,3,0,3,True,False,False,V1_P0_C0,low,V1_P0_C0__low,train
002348,1,1,0,2,2,4,True,True,False,V1_P1_C0,low,V1_P1_C0__low,train
002349,13,0,0,13,3,16,True,False,False,V1_P0_C0,high,V1_P0_C0__high,train
002350,4,0,0,4,1,5,True,False,False,V1_P0_C0,medium,V1_P0_C0__medium,val
002351,0,2,0,2,5,7,False,True,False,V0_P1_C0,low,V0_P1_C0__low,val
002352,4,0,0,4,5,9,True,False,False,V1_P0_C0,medium,V1_P0_C0__medium,train
002353,3,0,0,3,2,5,True,False,False,V1_P0_C0,low,V1_P0_C0__low,train
002354,1,0,0,1,4,5,True,False,False,V1_P0_C0,low,V1_P0_C0__low,val
002355,2,0,0,2,3,5,True,False,False,V1_P0_C0,low,V1_P0_C0__low,train
002356,3,0,0,3,3,6,True,False,False,V1_P0_C0,low,V1_P0_C0__low,train
002357,11,0,1,12,1,13,True,False,True,V1_P0_C1,high,V1_P0_C1__high,train
002358,2,0,0,2,5,7,True,False,False,V1_P0_C0,low,V1_P0_C0__low,train
002359,4,0,0,4,1,5,True,False,False,V1_P0_C0,medium,V1_P0_C0__medium,train
002360,0,1,0,1,0,1,False,True,False,V0_P1_C0,low,V0_P1_C0__low,train
002361,4,0,0,4,2,6,True,False,False,V1_P0_C0,medium,V1_P0_C0__medium,train
002362,1,5,3,9,3,12,True,True,True,V1_P1_C1,high,V1_P1_C1__high,train
002363,1,0,0,1,1,2,True,False,False,V1_P0_C0,low,V1_P0_C0__low,val
002364,4,0,0,4,3,7,True,False,False,V1_P0_C0,medium,V1_P0_C0__medium,train
002365,2,0,0,2,1,3,True,False,False,V1_P0_C0,low,V1_P0_C0__low,train
002366,6,0,0,6,1,7,True,False,False,V1_P0_C0,medium,V1_P0_C0__medium,train
002367,8,0,1,9,4,13,True,False,True,V1_P0_C1,high,V1_P0_C1__high,train
002368,3,0,0,3,0,3,True,False,False,V1_P0_C0,low,V1_P0_C0__low,train
002369,0,3,0,3,5,8,False,True,False,V0_P1_C0,low,V0_P1_C0__low,train
002370,2,0,0,2,3,5,True,False,False,V1_P0_C0,low,V1_P0_C0__low,train
002371,6,0,0,6,6,12,True,False,False,V1_P0_C0,medium,V1_P0_C0__medium,train
002372,5,0,0,5,2,7,True,False,False,V1_P0_C0,medium,V1_P0_C0__medium,val
002373,4,0,0,4,1,5,True,False,False,V1_P0_C0,medium,V1_P0_C0__medium,val
002374,2,0,0,2,0,2,True,False,False,V1_P0_C0,low,V1_P0_C0__low,train
002375,13,1,0,14,1,15,True,True,False,V1_P1_C0,high,V1_P1_C0__high,train
002376,4,0,0,4,2,6,True,False,False,V1_P0_C0,medium,V1_P0_C0__medium,train
002377,4,0,0,4,3,7,True,False,False,V1_P0_C0,medium,V1_P0_C0__medium,train
002378,9,0,0,9,2,11,True,False,False,V1_P0_C0,high,V1_P0_C0__high,val
002379,0,4,2,6,4,10,False,True,True,V0_P1_C1,medium,V0_P1_C1__medium,train
002380,10,0,0,10,2,12,True,False,False,V1_P0_C0,high,V1_P0_C0__high,train
002381,5,0,0,5,4,9,True,False,False,V1_P0_C0,medium,V1_P0_C0__medium,train
002382,4,0,0,4,0,4,True,False,False,V1_P0_C0,medium,V1_P0_C0__medium,train
002383,5,0,0,5,1,6,True,False,False,V1_P0_C0,medium,V1_P0_C0__medium,train
002384,5,1,0,6,2,8,True,True,False,V1_P1_C0,medium,V1_P1_C0__medium,val
002385,10,0,0,10,2,12,True,False,False,V1_P0_C0,high,V1_P0_C0__high,train
002386,0,7,1,8,3,11,False,True,True,V0_P1_C1,high,V0_P1_C1__high,train
002387,6,0,0,6,1,7,True,False,False,V1_P0_C0,medium,V1_P0_C0__medium,train
002388,7,0,1,8,1,9,True,False,True,V1_P0_C1,high,V1_P0_C1__high,val
002389,9,0,0,9,3,12,True,False,False,V1_P0_C0,high,V1_P0_C0__high,train
002390,2,0,0,2,7,9,True,False,False,V1_P0_C0,low,V1_P0_C0__low,val
002391,1,0,1,2,4,6,True,False,True,V1_P0_C1,low,V1_P0_C1__low,train
002392,8,0,0,8,1,9,True,False,False,V1_P0_C0,high,V1_P0_C0__high,val
002393,1,7,0,8,2,10,True,True,False,V1_P1_C0,high,V1_P1_C0__high,val
002394,4,0,0,4,3,7,True,False,False,V1_P0_C0,medium,V1_P0_C0__medium,val
002395,9,0,0,9,2,11,True,False,False,V1_P0_C0,high,V1_P0_C0__high,train
002396,1,0,0,1,1,2,True,False,False,V1_P0_C0,low,V1_P0_C0__low,val
002397,5,0,0,5,2,7,True,False,False,V1_P0_C0,medium,V1_P0_C0__medium,train
002398,8,0,0,8,3,11,True,False,False,V1_P0_C0,high,V1_P0_C0__high,train
002399,13,0,1,14,3,17,True,False,True,V1_P0_C1,high,V1_P0_C1__high,train
002400,3,0,3,6,4,10,True,False,True,V1_P0_C1,medium,V1_P0_C1__medium,train
002401,2,0,0,2,0,2,True,False,False,V1_P0_C0,low,V1_P0_C0__low,train
002402,0,2,0,2,0,2,False,True,False,V0_P1_C0,low,V0_P1_C0__low,train
002403,1,1,0,2,0,2,True,True,False,V1_P1_C0,low,V1_P1_C0__low,train
002404,6,0,3,9,1,10,True,False,True,V1_P0_C1,high,V1_P0_C1__high,val
002405,7,3,0,10,2,12,True,True,False,V1_P1_C0,high,V1_P1_C0__high,train
002406,5,0,0,5,2,7,True,False,False,V1_P0_C0,medium,V1_P0_C0__medium,train
002407,9,0,0,9,0,9,True,False,False,V1_P0_C0,high,V1_P0_C0__high,train
002408,0,1,0,1,0,1,False,True,False,V0_P1_C0,low,V0_P1_C0__low,train
002409,12,0,0,12,1,13,True,False,False,V1_P0_C0,high,V1_P0_C0__high,train
002410,0,4,0,4,0,4,False,True,False,V0_P1_C0,medium,V0_P1_C0__medium,train
002411,1,0,0,1,1,2,True,False,False,V1_P0_C0,low,V1_P0_C0__low,train
002412,4,0,0,4,0,4,True,False,False,V1_P0_C0,medium,V1_P0_C0__medium,train
002413,10,0,0,10,2,12,True,False,False,V1_P0_C0,high,V1_P0_C0__high,train
002414,11,0,0,11,2,13,True,False,False,V1_P0_C0,high,V1_P0_C0__high,train
002415,6,0,0,6,0,6,True,False,False,V1_P0_C0,medium,V1_P0_C0__medium,val
002416,8,0,1,9,1,10,True,False,True,V1_P0_C1,high,V1_P0_C1__high,train
002417,1,0,0,1,0,1,True,False,False,V1_P0_C0,low,V1_P0_C0__low,train
002418,3,0,3,6,3,9,True,False,True,V1_P0_C1,medium,V1_P0_C1__medium,train
002419,9,0,0,9,1,10,True,False,False,V1_P0_C0,high,V1_P0_C0__high,train
002420,3,1,0,4,1,5,True,True,False,V1_P1_C0,medium,V1_P1_C0__medium,train
002421,3,0,0,3,1,4,True,False,False,V1_P0_C0,low,V1_P0_C0__low,train
002422,6,0,1,7,0,7,True,False,True,V1_P0_C1,high,V1_P0_C1__high,train
002423,5,0,0,5,1,6,True,False,False,V1_P0_C0,medium,V1_P0_C0__medium,train
002424,0,2,1,3,0,3,False,True,True,V0_P1_C1,low,V0_P1_C1__low,val
002425,1,0,0,1,4,5,True,False,False,V1_P0_C0,low,V1_P0_C0__low,train
002426,1,0,0,1,2,3,True,False,False,V1_P0_C0,low,V1_P0_C0__low,train
002427,6,0,0,6,2,8,True,False,False,V1_P0_C0,medium,V1_P0_C0__medium,train
002428,3,0,0,3,2,5,True,False,False,V1_P0_C0,low,V1_P0_C0__low,train
002429,1,0,0,1,0,1,True,False,False,V1_P0_C0,low,V1_P0_C0__low,train
002430,1,0,0,1,1,2,True,False,False,V1_P0_C0,low,V1_P0_C0__low,train
002431,1,0,0,1,1,2,True,False,False,V1_P0_C0,low,V1_P0_C0__low,train
002432,3,0,0,3,3,6,True,False,False,V1_P0_C0,low,V1_P0_C0__low,train
002433,7,0,0,7,3,10,True,False,False,V1_P0_C0,high,V1_P0_C0__high,train
002434,2,0,0,2,2,4,True,False,False,V1_P0_C0,low,V1_P0_C0__low,val
002435,10,1,0,11,2,13,True,True,False,V1_P1_C0,high,V1_P1_C0__high,train
002436,4,0,0,4,3,7,True,False,False,V1_P0_C0,medium,V1_P0_C0__medium,train
002437,5,0,0,5,0,5,True,False,False,V1_P0_C0,medium,V1_P0_C0__medium,val
002438,2,0,0,2,2,4,True,False,False,V1_P0_C0,low,V1_P0_C0__low,train
002439,4,0,0,4,1,5,True,False,False,V1_P0_C0,medium,V1_P0_C0__medium,val
002440,0,10,1,11,1,12,False,True,True,V0_P1_C1,high,V0_P1_C1__high,train
002441,13,0,0,13,2,15,True,False,False,V1_P0_C0,high,V1_P0_C0__high,train
002442,3,0,0,3,1,4,True,False,False,V1_P0_C0,low,V1_P0_C0__low,train
002443,5,0,0,5,3,8,True,False,False,V1_P0_C0,medium,V1_P0_C0__medium,train
002444,8,0,1,9,1,10,True,False,True,V1_P0_C1,high,V1_P0_C1__high,val
002445,3,0,0,3,0,3,True,False,False,V1_P0_C0,low,V1_P0_C0__low,train
002446,7,0,0,7,3,10,True,False,False,V1_P0_C0,high,V1_P0_C0__high,train
002447,1,0,0,1,1,2,True,False,False,V1_P0_C0,low,V1_P0_C0__low,val
002448,5,0,0,5,2,7,True,False,False,V1_P0_C0,medium,V1_P0_C0__medium,train
002449,13,0,0,13,2,15,True,False,False,V1_P0_C0,high,V1_P0_C0__high,train
002450,11,0,0,11,1,12,True,False,False,V1_P0_C0,high,V1_P0_C0__high,train
002451,3,0,0,3,1,4,True,False,False,V1_P0_C0,low,V1_P0_C0__low,train
002452,15,0,0,15,1,16,True,False,False,V1_P0_C0,high,V1_P0_C0__high,train
002453,1,0,0,1,3,4,True,False,False,V1_P0_C0,low,V1_P0_C0__low,train
002454,9,0,0,9,4,13,True,False,False,V1_P0_C0,high,V1_P0_C0__high,train
002455,8,0,0,8,1,9,True,False,False,V1_P0_C0,high,V1_P0_C0__high,train
002456,0,1,0,1,0,1,False,True,False,V0_P1_C0,low,V0_P1_C0__low,val
002457,0,1,0,1,1,2,False,True,False,V0_P1_C0,low,V0_P1_C0__low,train
002458,3,0,0,3,1,4,True,False,False,V1_P0_C0,low,V1_P0_C0__low,train
002459,15,0,0,15,2,17,True,False,False,V1_P0_C0,high,V1_P0_C0__high,train
002460,3,1,0,4,1,5,True,True,False,V1_P1_C0,medium,V1_P1_C0__medium,train
002461,7,0,0,7,2,9,True,False,False,V1_P0_C0,high,V1_P0_C0__high,train
002462,6,0,0,6,1,7,True,False,False,V1_P0_C0,medium,V1_P0_C0__medium,val
002463,1,0,0,1,2,3,True,False,False,V1_P0_C0,low,V1_P0_C0__low,val
002464,1,0,0,1,4,5,True,False,False,V1_P0_C0,low,V1_P0_C0__low,train
002465,8,3,2,13,1,14,True,True,True,V1_P1_C1,high,V1_P1_C1__high,train
002466,2,0,0,2,5,7,True,False,False,V1_P0_C0,low,V1_P0_C0__low,train
002467,1,0,0,1,1,2,True,False,False,V1_P0_C0,low,V1_P0_C0__low,val
002468,9,0,0,9,3,12,True,False,False,V1_P0_C0,high,V1_P0_C0__high,train
002469,1,0,0,1,0,1,True,False,False,V1_P0_C0,low,V1_P0_C0__low,train
002470,4,0,0,4,1,5,True,False,False,V1_P0_C0,medium,V1_P0_C0__medium,val
002471,13,3,0,16,2,18,True,True,False,V1_P1_C0,high,V1_P1_C0__high,train
002472,4,0,0,4,2,6,True,False,False,V1_P0_C0,medium,V1_P0_C0__medium,train
002473,7,0,0,7,3,10,True,False,False,V1_P0_C0,high,V1_P0_C0__high,train
002474,8,0,0,8,4,12,True,False,False,V1_P0_C0,high,V1_P0_C0__high,val
002475,1,0,0,1,1,2,True,False,False,V1_P0_C0,low,V1_P0_C0__low,train
002476,7,2,2,11,1,12,True,True,True,V1_P1_C1,high,V1_P1_C1__high,train
002477,3,10,0,13,2,15,True,True,False,V1_P1_C0,high,V1_P1_C0__high,train
002478,0,1,0,1,0,1,False,True,False,V0_P1_C0,low,V0_P1_C0__low,train
002479,6,0,0,6,2,8,True,False,False,V1_P0_C0,medium,V1_P0_C0__medium,train
002480,1,1,1,3,2,5,True,True,True,V1_P1_C1,low,V1_P1_C1__low,train
002481,6,0,0,6,3,9,True,False,False,V1_P0_C0,medium,V1_P0_C0__medium,train
002482,1,0,0,1,1,2,True,False,False,V1_P0_C0,low,V1_P0_C0__low,train
002483,4,0,0,4,1,5,True,False,False,V1_P0_C0,medium,V1_P0_C0__medium,train
002484,7,0,0,7,0,7,True,False,False,V1_P0_C0,high,V1_P0_C0__high,train
002485,0,1,0,1,0,1,False,True,False,V0_P1_C0,low,V0_P1_C0__low,val
002486,9,0,0,9,1,10,True,False,False,V1_P0_C0,high,V1_P0_C0__high,train
002487,4,13,2,19,3,22,True,True,True,V1_P1_C1,high,V1_P1_C1__high,train
002488,2,1,1,4,1,5,True,True,True,V1_P1_C1,medium,V1_P1_C1__medium,train
002489,5,0,0,5,1,6,True,False,False,V1_P0_C0,medium,V1_P0_C0__medium,train
002490,9,0,0,9,1,10,True,False,False,V1_P0_C0,high,V1_P0_C0__high,train
002491,2,0,0,2,0,2,True,False,False,V1_P0_C0,low,V1_P0_C0__low,val
002492,3,0,0,3,2,5,True,False,False,V1_P0_C0,low,V1_P0_C0__low,train
002493,0,1,0,1,0,1,False,True,False,V0_P1_C0,low,V0_P1_C0__low,train
002494,2,0,3,5,4,9,True,False,True,V1_P0_C1,medium,V1_P0_C1__medium,val
002495,7,0,0,7,3,10,True,False,False,V1_P0_C0,high,V1_P0_C0__high,train
002496,0,5,0,5,5,10,False,True,False,V0_P1_C0,medium,V0_P1_C0__medium,train
002497,4,0,3,7,2,9,True,False,True,V1_P0_C1,high,V1_P0_C1__high,train
002498,1,0,0,1,1,2,True,False,False,V1_P0_C0,low,V1_P0_C0__low,train
002499,2,0,0,2,1,3,True,False,False,V1_P0_C0,low,V1_P0_C0__low,train
002500,1,0,0,1,0,1,True,False,False,V1_P0_C0,low,V1_P0_C0__low,train
002501,5,2,1,8,2,10,True,True,True,V1_P1_C1,high,V1_P1_C1__high,train
002502,1,1,0,2,1,3,True,True,False,V1_P1_C0,low,V1_P1_C0__low,train
002503,8,0,0,8,1,9,True,False,False,V1_P0_C0,high,V1_P0_C0__high,train
002504,1,0,0,1,2,3,True,False,False,V1_P0_C0,low,V1_P0_C0__low,val
002505,5,1,0,6,0,6,True,True,False,V1_P1_C0,medium,V1_P1_C0__medium,train
002506,2,0,0,2,0,2,True,False,False,V1_P0_C0,low,V1_P0_C0__low,train
002507,0,1,0,1,0,1,False,True,False,V0_P1_C0,low,V0_P1_C0__low,train
002508,13,2,0,15,1,16,True,True,False,V1_P1_C0,high,V1_P1_C0__high,val
002509,4,0,0,4,1,5,True,False,False,V1_P0_C0,medium,V1_P0_C0__medium,train
002510,13,1,0,14,1,15,True,True,False,V1_P1_C0,high,V1_P1_C0__high,val
002511,3,0,0,3,2,5,True,False,False,V1_P0_C0,low,V1_P0_C0__low,train
002512,2,0,1,3,0,3,True,False,True,V1_P0_C1,low,V1_P0_C1__low,train
002513,3,0,0,3,2,5,True,False,False,V1_P0_C0,low,V1_P0_C0__low,train
002514,3,0,1,4,0,4,True,False,True,V1_P0_C1,medium,V1_P0_C1__medium,train
002515,2,0,0,2,0,2,True,False,False,V1_P0_C0,low,V1_P0_C0__low,train
002516,3,0,0,3,0,3,True,False,False,V1_P0_C0,low,V1_P0_C0__low,val
002517,10,1,2,13,1,14,True,True,True,V1_P1_C1,high,V1_P1_C1__high,train
002518,1,0,0,1,0,1,True,False,False,V1_P0_C0,low,V1_P0_C0__low,val
002519,3,0,0,3,4,7,True,False,False,V1_P0_C0,low,V1_P0_C0__low,val
002520,8,0,0,8,1,9,True,False,False,V1_P0_C0,high,V1_P0_C0__high,train
002521,2,0,0,2,3,5,True,False,False,V1_P0_C0,low,V1_P0_C0__low,train
002522,2,0,0,2,2,4,True,False,False,V1_P0_C0,low,V1_P0_C0__low,train
002523,4,0,0,4,2,6,True,False,False,V1_P0_C0,medium,V1_P0_C0__medium,train
002524,1,2,0,3,1,4,True,True,False,V1_P1_C0,low,V1_P1_C0__low,train
002525,3,0,0,3,2,5,True,False,False,V1_P0_C0,low,V1_P0_C0__low,train
002526,0,6,2,8,2,10,False,True,True,V0_P1_C1,high,V0_P1_C1__high,train
002527,15,0,0,15,0,15,True,False,False,V1_P0_C0,high,V1_P0_C0__high,train
002528,2,0,0,2,0,2,True,False,False,V1_P0_C0,low,V1_P0_C0__low,train
002529,0,1,0,1,0,1,False,True,False,V0_P1_C0,low,V0_P1_C0__low,train
002530,3,0,0,3,0,3,True,False,False,V1_P0_C0,low,V1_P0_C0__low,train
002531,2,1,3,6,4,10,True,True,True,V1_P1_C1,medium,V1_P1_C1__medium,train
002532,4,0,0,4,3,7,True,False,False,V1_P0_C0,medium,V1_P0_C0__medium,val
002533,7,0,0,7,3,10,True,False,False,V1_P0_C0,high,V1_P0_C0__high,train
002534,3,0,0,3,1,4,True,False,False,V1_P0_C0,low,V1_P0_C0__low,train
002535,10,0,1,11,1,12,True,False,True,V1_P0_C1,high,V1_P0_C1__high,train
002536,0,4,2,6,4,10,False,True,True,V0_P1_C1,medium,V0_P1_C1__medium,val
002537,2,1,0,3,2,5,True,True,False,V1_P1_C0,low,V1_P1_C0__low,val
002538,1,0,1,2,2,4,True,False,True,V1_P0_C1,low,V1_P0_C1__low,train
002539,4,0,0,4,0,4,True,False,False,V1_P0_C0,medium,V1_P0_C0__medium,val
002540,9,0,0,9,3,12,True,False,False,V1_P0_C0,high,V1_P0_C0__high,train
002541,5,1,0,6,1,7,True,True,False,V1_P1_C0,medium,V1_P1_C0__medium,train
002542,5,0,0,5,0,5,True,False,False,V1_P0_C0,medium,V1_P0_C0__medium,val
002543,5,0,0,5,1,6,True,False,False,V1_P0_C0,medium,V1_P0_C0__medium,train
002544,5,0,0,5,4,9,True,False,False,V1_P0_C0,medium,V1_P0_C0__medium,val
002545,2,0,0,2,0,2,True,False,False,V1_P0_C0,low,V1_P0_C0__low,train
002546,6,2,0,8,3,11,True,True,False,V1_P1_C0,high,V1_P1_C0__high,train
002547,6,0,0,6,5,11,True,False,False,V1_P0_C0,medium,V1_P0_C0__medium,train
002548,0,7,0,7,3,10,False,True,False,V0_P1_C0,high,V0_P1_C0__high,train
002549,7,0,1,8,4,12,True,False,True,V1_P0_C1,high,V1_P0_C1__high,train
002550,2,0,0,2,0,2,True,False,False,V1_P0_C0,low,V1_P0_C0__low,train
002551,2,1,1,4,2,6,True,True,True,V1_P1_C1,medium,V1_P1_C1__medium,train
002552,5,0,0,5,2,7,True,False,False,V1_P0_C0,medium,V1_P0_C0__medium,train
002553,4,0,0,4,1,5,True,False,False,V1_P0_C0,medium,V1_P0_C0__medium,train
002554,0,1,0,1,0,1,False,True,False,V0_P1_C0,low,V0_P1_C0__low,train
002555,5,0,0,5,1,6,True,False,False,V1_P0_C0,medium,V1_P0_C0__medium,val
002556,2,0,0,2,5,7,True,False,False,V1_P0_C0,low,V1_P0_C0__low,val
002557,0,2,3,5,5,10,False,True,True,V0_P1_C1,medium,V0_P1_C1__medium,train
002558,11,0,0,11,3,14,True,False,False,V1_P0_C0,high,V1_P0_C0__high,val
002559,8,0,0,8,1,9,True,False,False,V1_P0_C0,high,V1_P0_C0__high,train
002560,1,1,1,3,0,3,True,True,True,V1_P1_C1,low,V1_P1_C1__low,train
002561,5,0,0,5,2,7,True,False,False,V1_P0_C0,medium,V1_P0_C0__medium,train
002562,1,0,0,1,1,2,True,False,False,V1_P0_C0,low,V1_P0_C0__low,train
002563,3,0,0,3,1,4,True,False,False,V1_P0_C0,low,V1_P0_C0__low,val
002564,2,1,0,3,1,4,True,True,False,V1_P1_C0,low,V1_P1_C0__low,train
002565,3,6,3,12,2,14,True,True,True,V1_P1_C1,high,V1_P1_C1__high,train
002566,4,0,0,4,1,5,True,False,False,V1_P0_C0,medium,V1_P0_C0__medium,train
002567,6,0,0,6,2,8,True,False,False,V1_P0_C0,medium,V1_P0_C0__medium,train
002568,1,1,0,2,4,6,True,True,False,V1_P1_C0,low,V1_P1_C0__low,train
002569,7,1,0,8,3,11,True,True,False,V1_P1_C0,high,V1_P1_C0__high,train
002570,5,0,0,5,0,5,True,False,False,V1_P0_C0,medium,V1_P0_C0__medium,train
002571,7,1,1,9,2,11,True,True,True,V1_P1_C1,high,V1_P1_C1__high,train
002572,6,0,0,6,1,7,True,False,False,V1_P0_C0,medium,V1_P0_C0__medium,train
002573,6,0,0,6,1,7,True,False,False,V1_P0_C0,medium,V1_P0_C0__medium,train
002574,2,0,1,3,5,8,True,False,True,V1_P0_C1,low,V1_P0_C1__low,train
002575,6,0,0,6,2,8,True,False,False,V1_P0_C0,medium,V1_P0_C0__medium,train
002576,3,0,0,3,2,5,True,False,False,V1_P0_C0,low,V1_P0_C0__low,train
002577,3,0,0,3,3,6,True,False,False,V1_P0_C0,low,V1_P0_C0__low,train
002578,3,0,0,3,1,4,True,False,False,V1_P0_C0,low,V1_P0_C0__low,train
002579,7,0,0,7,3,10,True,False,False,V1_P0_C0,high,V1_P0_C0__high,train
002580,7,0,0,7,1,8,True,False,False,V1_P0_C0,high,V1_P0_C0__high,val
002581,3,0,0,3,0,3,True,False,False,V1_P0_C0,low,V1_P0_C0__low,train
002582,2,0,0,2,0,2,True,False,False,V1_P0_C0,low,V1_P0_C0__low,train
002583,1,9,0,10,3,13,True,True,False,V1_P1_C0,high,V1_P1_C0__high,val
002584,4,0,0,4,2,6,True,False,False,V1_P0_C0,medium,V1_P0_C0__medium,train
002585,1,0,1,2,1,3,True,False,True,V1_P0_C1,low,V1_P0_C1__low,train
002586,4,0,1,5,2,7,True,False,True,V1_P0_C1,medium,V1_P0_C1__medium,val
002587,3,0,0,3,2,5,True,False,False,V1_P0_C0,low,V1_P0_C0__low,val
002588,13,0,0,13,1,14,True,False,False,V1_P0_C0,high,V1_P0_C0__high,train
002589,1,0,0,1,4,5,True,False,False,V1_P0_C0,low,V1_P0_C0__low,train
002590,2,0,0,2,0,2,True,False,False,V1_P0_C0,low,V1_P0_C0__low,train
002591,2,0,0,2,0,2,True,False,False,V1_P0_C0,low,V1_P0_C0__low,train
002592,7,0,0,7,0,7,True,False,False,V1_P0_C0,high,V1_P0_C0__high,train
002593,1,0,0,1,3,4,True,False,False,V1_P0_C0,low,V1_P0_C0__low,train
002594,7,0,0,7,2,9,True,False,False,V1_P0_C0,high,V1_P0_C0__high,train
002595,5,4,0,9,1,10,True,True,False,V1_P1_C0,high,V1_P1_C0__high,train
002596,2,0,0,2,6,8,True,False,False,V1_P0_C0,low,V1_P0_C0__low,val
002597,6,0,0,6,0,6,True,False,False,V1_P0_C0,medium,V1_P0_C0__medium,train
002598,6,1,0,7,5,12,True,True,False,V1_P1_C0,high,V1_P1_C0__high,train
002599,8,0,0,8,0,8,True,False,False,V1_P0_C0,high,V1_P0_C0__high,train
002600,3,0,0,3,1,4,True,False,False,V1_P0_C0,low,V1_P0_C0__low,train
002601,6,1,0,7,6,13,True,True,False,V1_P1_C0,high,V1_P1_C0__high,train
002602,1,0,0,1,1,2,True,False,False,V1_P0_C0,low,V1_P0_C0__low,val
002603,2,0,0,2,3,5,True,False,False,V1_P0_C0,low,V1_P0_C0__low,train
002604,7,0,0,7,2,9,True,False,False,V1_P0_C0,high,V1_P0_C0__high,train
002605,0,3,0,3,4,7,False,True,False,V0_P1_C0,low,V0_P1_C0__low,val
002606,5,0,0,5,1,6,True,False,False,V1_P0_C0,medium,V1_P0_C0__medium,train
002607,2,0,0,2,3,5,True,False,False,V1_P0_C0,low,V1_P0_C0__low,train
002608,2,0,0,2,0,2,True,False,False,V1_P0_C0,low,V1_P0_C0__low,train
002609,1,6,2,9,3,12,True,True,True,V1_P1_C1,high,V1_P1_C1__high,val
002610,2,0,0,2,0,2,True,False,False,V1_P0_C0,low,V1_P0_C0__low,train
002611,6,0,0,6,4,10,True,False,False,V1_P0_C0,medium,V1_P0_C0__medium,val
002612,6,0,1,7,1,8,True,False,True,V1_P0_C1,high,V1_P0_C1__high,train
002613,0,3,0,3,5,8,False,True,False,V0_P1_C0,low,V0_P1_C0__low,train
002614,3,0,0,3,8,11,True,False,False,V1_P0_C0,low,V1_P0_C0__low,train
002615,18,0,1,19,2,21,True,False,True,V1_P0_C1,high,V1_P0_C1__high,train
002616,0,5,0,5,3,8,False,True,False,V0_P1_C0,medium,V0_P1_C0__medium,train
002617,0,1,0,1,0,1,False,True,False,V0_P1_C0,low,V0_P1_C0__low,train
002618,0,1,0,1,0,1,False,True,False,V0_P1_C0,low,V0_P1_C0__low,train
002619,1,0,0,1,5,6,True,False,False,V1_P0_C0,low,V1_P0_C0__low,train
002620,2,0,0,2,1,3,True,False,False,V1_P0_C0,low,V1_P0_C0__low,train
002621,3,0,0,3,1,4,True,False,False,V1_P0_C0,low,V1_P0_C0__low,train
002622,6,0,0,6,2,8,True,False,False,V1_P0_C0,medium,V1_P0_C0__medium,val
002623,5,0,0,5,2,7,True,False,False,V1_P0_C0,medium,V1_P0_C0__medium,train
002624,2,0,0,2,1,3,True,False,False,V1_P0_C0,low,V1_P0_C0__low,train
002625,4,0,0,4,2,6,True,False,False,V1_P0_C0,medium,V1_P0_C0__medium,train
002626,3,4,1,8,5,13,True,True,True,V1_P1_C1,high,V1_P1_C1__high,val
002627,15,0,0,15,1,16,True,False,False,V1_P0_C0,high,V1_P0_C0__high,train
002628,2,0,0,2,1,3,True,False,False,V1_P0_C0,low,V1_P0_C0__low,val
002629,11,0,0,11,4,15,True,False,False,V1_P0_C0,high,V1_P0_C0__high,train
002630,3,0,1,4,3,7,True,False,True,V1_P0_C1,medium,V1_P0_C1__medium,train
002631,7,0,0,7,1,8,True,False,False,V1_P0_C0,high,V1_P0_C0__high,train
002632,13,0,0,13,1,14,True,False,False,V1_P0_C0,high,V1_P0_C0__high,val
002633,4,0,0,4,1,5,True,False,False,V1_P0_C0,medium,V1_P0_C0__medium,train
002634,1,2,1,4,5,9,True,True,True,V1_P1_C1,medium,V1_P1_C1__medium,train
002635,8,0,0,8,1,9,True,False,False,V1_P0_C0,high,V1_P0_C0__high,train
002636,2,1,0,3,0,3,True,True,False,V1_P1_C0,low,V1_P1_C0__low,train
002637,6,0,0,6,3,9,True,False,False,V1_P0_C0,medium,V1_P0_C0__medium,train
002638,12,0,0,12,1,13,True,False,False,V1_P0_C0,high,V1_P0_C0__high,val
002639,5,0,0,5,2,7,True,False,False,V1_P0_C0,medium,V1_P0_C0__medium,train
002640,1,12,0,13,1,14,True,True,False,V1_P1_C0,high,V1_P1_C0__high,train
002641,5,0,1,6,2,8,True,False,True,V1_P0_C1,medium,V1_P0_C1__medium,train
002642,1,0,0,1,0,1,True,False,False,V1_P0_C0,low,V1_P0_C0__low,train
002643,0,1,0,1,0,1,False,True,False,V0_P1_C0,low,V0_P1_C0__low,train
002644,7,0,0,7,1,8,True,False,False,V1_P0_C0,high,V1_P0_C0__high,val
002645,4,0,0,4,5,9,True,False,False,V1_P0_C0,medium,V1_P0_C0__medium,train
002646,4,0,0,4,2,6,True,False,False,V1_P0_C0,medium,V1_P0_C0__medium,train
002647,4,0,0,4,0,4,True,False,False,V1_P0_C0,medium,V1_P0_C0__medium,train
002648,2,1,0,3,1,4,True,True,False,V1_P1_C0,low,V1_P1_C0__low,val
002649,0,1,0,1,4,5,False,True,False,V0_P1_C0,low,V0_P1_C0__low,train
002650,1,0,0,1,5,6,True,False,False,V1_P0_C0,low,V1_P0_C0__low,train
002651,0,1,0,1,0,1,False,True,False,V0_P1_C0,low,V0_P1_C0__low,train
002652,12,0,1,13,0,13,True,False,True,V1_P0_C1,high,V1_P0_C1__high,train
002653,2,0,0,2,1,3,True,False,False,V1_P0_C0,low,V1_P0_C0__low,train
002654,1,0,1,2,5,7,True,False,True,V1_P0_C1,low,V1_P0_C1__low,train
002655,2,0,0,2,1,3,True,False,False,V1_P0_C0,low,V1_P0_C0__low,train
002656,3,0,0,3,2,5,True,False,False,V1_P0_C0,low,V1_P0_C0__low,train
002657,2,0,0,2,1,3,True,False,False,V1_P0_C0,low,V1_P0_C0__low,train
002658,7,0,0,7,0,7,True,False,False,V1_P0_C0,high,V1_P0_C0__high,train
002659,1,0,0,1,0,1,True,False,False,V1_P0_C0,low,V1_P0_C0__low,train
002660,1,0,0,1,3,4,True,False,False,V1_P0_C0,low,V1_P0_C0__low,train
002661,4,0,0,4,2,6,True,False,False,V1_P0_C0,medium,V1_P0_C0__medium,train
002662,16,0,0,16,1,17,True,False,False,V1_P0_C0,high,V1_P0_C0__high,train
002663,1,14,0,15,3,18,True,True,False,V1_P1_C0,high,V1_P1_C0__high,train
002664,2,0,0,2,2,4,True,False,False,V1_P0_C0,low,V1_P0_C0__low,val
002665,1,0,0,1,1,2,True,False,False,V1_P0_C0,low,V1_P0_C0__low,train
002666,1,17,0,18,4,22,True,True,False,V1_P1_C0,high,V1_P1_C0__high,val
002667,7,0,0,7,2,9,True,False,False,V1_P0_C0,high,V1_P0_C0__high,train
002668,1,0,0,1,5,6,True,False,False,V1_P0_C0,low,V1_P0_C0__low,train
002669,1,0,0,1,1,2,True,False,False,V1_P0_C0,low,V1_P0_C0__low,train
002670,5,0,0,5,1,6,True,False,False,V1_P0_C0,medium,V1_P0_C0__medium,train
002671,0,1,0,1,0,1,False,True,False,V0_P1_C0,low,V0_P1_C0__low,train
002672,6,0,0,6,0,6,True,False,False,V1_P0_C0,medium,V1_P0_C0__medium,train
002673,6,0,0,6,0,6,True,False,False,V1_P0_C0,medium,V1_P0_C0__medium,train
002674,10,0,0,10,1,11,True,False,False,V1_P0_C0,high,V1_P0_C0__high,train
002675,1,0,0,1,3,4,True,False,False,V1_P0_C0,low,V1_P0_C0__low,train
002676,1,0,0,1,3,4,True,False,False,V1_P0_C0,low,V1_P0_C0__low,train
002677,5,0,1,6,1,7,True,False,True,V1_P0_C1,medium,V1_P0_C1__medium,val
002678,15,0,0,15,1,16,True,False,False,V1_P0_C0,high,V1_P0_C0__high,train
002679,4,0,0,4,2,6,True,False,False,V1_P0_C0,medium,V1_P0_C0__medium,train
002680,0,1,0,1,0,1,False,True,False,V0_P1_C0,low,V0_P1_C0__low,train
002681,6,1,0,7,4,11,True,True,False,V1_P1_C0,high,V1_P1_C0__high,val
002682,6,0,0,6,2,8,True,False,False,V1_P0_C0,medium,V1_P0_C0__medium,train
002683,15,0,0,15,1,16,True,False,False,V1_P0_C0,high,V1_P0_C0__high,train
002684,2,0,0,2,1,3,True,False,False,V1_P0_C0,low,V1_P0_C0__low,val
002685,6,0,1,7,3,10,True,False,True,V1_P0_C1,high,V1_P0_C1__high,val
002686,1,0,1,2,1,3,True,False,True,V1_P0_C1,low,V1_P0_C1__low,train
002687,6,0,0,6,5,11,True,False,False,V1_P0_C0,medium,V1_P0_C0__medium,val
002688,13,0,0,13,2,15,True,False,False,V1_P0_C0,high,V1_P0_C0__high,val
002689,0,1,0,1,0,1,False,True,False,V0_P1_C0,low,V0_P1_C0__low,train
002690,2,2,2,6,3,9,True,True,True,V1_P1_C1,medium,V1_P1_C1__medium,train
002691,15,1,0,16,2,18,True,True,False,V1_P1_C0,high,V1_P1_C0__high,val
002692,6,1,0,7,0,7,True,True,False,V1_P1_C0,high,V1_P1_C0__high,train
002693,0,1,0,1,0,1,False,True,False,V0_P1_C0,low,V0_P1_C0__low,train
002694,7,1,0,8,5,13,True,True,False,V1_P1_C0,high,V1_P1_C0__high,train
002695,1,0,0,1,1,2,True,False,False,V1_P0_C0,low,V1_P0_C0__low,train
002696,3,1,0,4,1,5,True,True,False,V1_P1_C0,medium,V1_P1_C0__medium,train
002697,12,0,0,12,0,12,True,False,False,V1_P0_C0,high,V1_P0_C0__high,train
002698,7,0,0,7,1,8,True,False,False,V1_P0_C0,high,V1_P0_C0__high,train
002699,2,2,0,4,4,8,True,True,False,V1_P1_C0,medium,V1_P1_C0__medium,train
002700,2,0,0,2,1,3,True,False,False,V1_P0_C0,low,V1_P0_C0__low,train
002701,2,0,0,2,2,4,True,False,False,V1_P0_C0,low,V1_P0_C0__low,train
002702,4,0,0,4,2,6,True,False,False,V1_P0_C0,medium,V1_P0_C0__medium,val
002703,1,1,0,2,1,3,True,True,False,V1_P1_C0,low,V1_P1_C0__low,train
002704,10,0,0,10,2,12,True,False,False,V1_P0_C0,high,V1_P0_C0__high,train
002705,7,0,0,7,4,11,True,False,False,V1_P0_C0,high,V1_P0_C0__high,val
002706,4,0,0,4,2,6,True,False,False,V1_P0_C0,medium,V1_P0_C0__medium,train
002707,1,18,0,19,2,21,True,True,False,V1_P1_C0,high,V1_P1_C0__high,train
002708,12,0,0,12,0,12,True,False,False,V1_P0_C0,high,V1_P0_C0__high,train
002709,2,1,0,3,1,4,True,True,False,V1_P1_C0,low,V1_P1_C0__low,train
002710,2,0,0,2,4,6,True,False,False,V1_P0_C0,low,V1_P0_C0__low,train
002711,10,0,0,10,3,13,True,False,False,V1_P0_C0,high,V1_P0_C0__high,train
002712,7,0,0,7,2,9,True,False,False,V1_P0_C0,high,V1_P0_C0__high,train
002713,1,1,1,3,3,6,True,True,True,V1_P1_C1,low,V1_P1_C1__low,val
002714,4,0,0,4,2,6,True,False,False,V1_P0_C0,medium,V1_P0_C0__medium,train
002715,2,1,0,3,6,9,True,True,False,V1_P1_C0,low,V1_P1_C0__low,train
002716,10,1,0,11,4,15,True,True,False,V1_P1_C0,high,V1_P1_C0__high,train
002717,3,0,0,3,1,4,True,False,False,V1_P0_C0,low,V1_P0_C0__low,val
002718,0,1,0,1,0,1,False,True,False,V0_P1_C0,low,V0_P1_C0__low,train
002719,5,0,0,5,0,5,True,False,False,V1_P0_C0,medium,V1_P0_C0__medium,train
002720,2,0,0,2,1,3,True,False,False,V1_P0_C0,low,V1_P0_C0__low,train
002721,6,1,0,7,3,10,True,True,False,V1_P1_C0,high,V1_P1_C0__high,train
002722,3,0,0,3,1,4,True,False,False,V1_P0_C0,low,V1_P0_C0__low,val
002723,2,1,0,3,2,5,True,True,False,V1_P1_C0,low,V1_P1_C0__low,train
002724,6,0,0,6,2,8,True,False,False,V1_P0_C0,medium,V1_P0_C0__medium,train
002725,3,9,0,12,2,14,True,True,False,V1_P1_C0,high,V1_P1_C0__high,train
002726,5,0,0,5,1,6,True,False,False,V1_P0_C0,medium,V1_P0_C0__medium,train
002727,6,0,1,7,1,8,True,False,True,V1_P0_C1,high,V1_P0_C1__high,val
002728,2,1,0,3,1,4,True,True,False,V1_P1_C0,low,V1_P1_C0__low,train
002729,5,0,0,5,0,5,True,False,False,V1_P0_C0,medium,V1_P0_C0__medium,val
002730,10,0,0,10,1,11,True,False,False,V1_P0_C0,high,V1_P0_C0__high,train
002731,13,1,0,14,0,14,True,True,False,V1_P1_C0,high,V1_P1_C0__high,train
002732,2,0,0,2,1,3,True,False,False,V1_P0_C0,low,V1_P0_C0__low,val
002733,5,0,0,5,3,8,True,False,False,V1_P0_C0,medium,V1_P0_C0__medium,val
002734,13,1,0,14,1,15,True,True,False,V1_P1_C0,high,V1_P1_C0__high,train
002735,0,1,0,1,0,1,False,True,False,V0_P1_C0,low,V0_P1_C0__low,train
002736,1,0,0,1,0,1,True,False,False,V1_P0_C0,low,V1_P0_C0__low,train
002737,6,1,0,7,7,14,True,True,False,V1_P1_C0,high,V1_P1_C0__high,train
002738,4,0,1,5,3,8,True,False,True,V1_P0_C1,medium,V1_P0_C1__medium,train
002739,0,1,0,1,0,1,False,True,False,V0_P1_C0,low,V0_P1_C0__low,val
002740,2,0,0,2,2,4,True,False,False,V1_P0_C0,low,V1_P0_C0__low,train
002741,3,0,0,3,1,4,True,False,False,V1_P0_C0,low,V1_P0_C0__low,val
002742,1,16,0,17,2,19,True,True,False,V1_P1_C0,high,V1_P1_C0__high,train
002743,10,0,0,10,2,12,True,False,False,V1_P0_C0,high,V1_P0_C0__high,train
002744,5,0,0,5,3,8,True,False,False,V1_P0_C0,medium,V1_P0_C0__medium,val
002745,3,0,3,6,3,9,True,False,True,V1_P0_C1,medium,V1_P0_C1__medium,train
002746,6,0,2,8,2,10,True,False,True,V1_P0_C1,high,V1_P0_C1__high,train
002747,7,0,0,7,3,10,True,False,False,V1_P0_C0,high,V1_P0_C0__high,train
002748,8,0,0,8,3,11,True,False,False,V1_P0_C0,high,V1_P0_C0__high,val
002749,1,0,1,2,2,4,True,False,True,V1_P0_C1,low,V1_P0_C1__low,val
002750,6,0,0,6,0,6,True,False,False,V1_P0_C0,medium,V1_P0_C0__medium,train
002751,5,0,0,5,0,5,True,False,False,V1_P0_C0,medium,V1_P0_C0__medium,val
002752,9,0,0,9,1,10,True,False,False,V1_P0_C0,high,V1_P0_C0__high,train
002753,10,0,0,10,3,13,True,False,False,V1_P0_C0,high,V1_P0_C0__high,train
002754,5,0,1,6,2,8,True,False,True,V1_P0_C1,medium,V1_P0_C1__medium,train
002755,1,0,1,2,3,5,True,False,True,V1_P0_C1,low,V1_P0_C1__low,train
002756,7,0,0,7,0,7,True,False,False,V1_P0_C0,high,V1_P0_C0__high,val
002757,1,0,0,1,0,1,True,False,False,V1_P0_C0,low,V1_P0_C0__low,train
002758,5,0,0,5,0,5,True,False,False,V1_P0_C0,medium,V1_P0_C0__medium,train
002759,1,0,0,1,1,2,True,False,False,V1_P0_C0,low,V1_P0_C0__low,val
002760,3,0,0,3,3,6,True,False,False,V1_P0_C0,low,V1_P0_C0__low,train
002761,1,0,0,1,1,2,True,False,False,V1_P0_C0,low,V1_P0_C0__low,train
002762,7,4,0,11,0,11,True,True,False,V1_P1_C0,high,V1_P1_C0__high,train
002763,0,1,0,1,0,1,False,True,False,V0_P1_C0,low,V0_P1_C0__low,train
002764,2,0,0,2,1,3,True,False,False,V1_P0_C0,low,V1_P0_C0__low,train
002765,4,0,0,4,3,7,True,False,False,V1_P0_C0,medium,V1_P0_C0__medium,train
002766,2,0,0,2,1,3,True,False,False,V1_P0_C0,low,V1_P0_C0__low,val
002767,0,1,0,1,0,1,False,True,False,V0_P1_C0,low,V0_P1_C0__low,val
002768,2,0,0,2,1,3,True,False,False,V1_P0_C0,low,V1_P0_C0__low,train
002769,0,1,0,1,0,1,False,True,False,V0_P1_C0,low,V0_P1_C0__low,val
002770,3,0,0,3,1,4,True,False,False,V1_P0_C0,low,V1_P0_C0__low,train
002771,3,0,1,4,2,6,True,False,True,V1_P0_C1,medium,V1_P0_C1__medium,train
002772,2,1,0,3,2,5,True,True,False,V1_P1_C0,low,V1_P1_C0__low,train
002773,7,0,0,7,1,8,True,False,False,V1_P0_C0,high,V1_P0_C0__high,train
002774,0,3,3,6,2,8,False,True,True,V0_P1_C1,medium,V0_P1_C1__medium,train
002775,1,11,0,12,2,14,True,True,False,V1_P1_C0,high,V1_P1_C0__high,train
002776,2,0,0,2,0,2,True,False,False,V1_P0_C0,low,V1_P0_C0__low,train
002777,5,0,0,5,0,5,True,False,False,V1_P0_C0,medium,V1_P0_C0__medium,val
002778,6,0,0,6,2,8,True,False,False,V1_P0_C0,medium,V1_P0_C0__medium,train
002779,4,0,0,4,5,9,True,False,False,V1_P0_C0,medium,V1_P0_C0__medium,train
002780,1,7,1,9,0,9,True,True,True,V1_P1_C1,high,V1_P1_C1__high,val
002781,2,1,0,3,1,4,True,True,False,V1_P1_C0,low,V1_P1_C0__low,val
002782,8,0,0,8,2,10,True,False,False,V1_P0_C0,high,V1_P0_C0__high,train
002783,2,0,0,2,2,4,True,False,False,V1_P0_C0,low,V1_P0_C0__low,train
002784,1,0,0,1,0,1,True,False,False,V1_P0_C0,low,V1_P0_C0__low,train
002785,9,0,0,9,1,10,True,False,False,V1_P0_C0,high,V1_P0_C0__high,val
002786,7,0,0,7,1,8,True,False,False,V1_P0_C0,high,V1_P0_C0__high,train
002787,5,1,0,6,1,7,True,True,False,V1_P1_C0,medium,V1_P1_C0__medium,train
002788,4,0,1,5,3,8,True,False,True,V1_P0_C1,medium,V1_P0_C1__medium,train
002789,5,0,0,5,1,6,True,False,False,V1_P0_C0,medium,V1_P0_C0__medium,val
002790,12,0,0,12,1,13,True,False,False,V1_P0_C0,high,V1_P0_C0__high,val
002791,2,0,0,2,5,7,True,False,False,V1_P0_C0,low,V1_P0_C0__low,train
002792,0,1,1,2,7,9,False,True,True,V0_P1_C1,low,V0_P1_C1__low,val
002793,9,0,0,9,2,11,True,False,False,V1_P0_C0,high,V1_P0_C0__high,train
002794,7,0,0,7,2,9,True,False,False,V1_P0_C0,high,V1_P0_C0__high,train
002795,4,0,0,4,0,4,True,False,False,V1_P0_C0,medium,V1_P0_C0__medium,train
002796,3,0,0,3,4,7,True,False,False,V1_P0_C0,low,V1_P0_C0__low,val
002797,4,0,0,4,0,4,True,False,False,V1_P0_C0,medium,V1_P0_C0__medium,train
002798,6,0,1,7,1,8,True,False,True,V1_P0_C1,high,V1_P0_C1__high,train
002799,0,1,0,1,0,1,False,True,False,V0_P1_C0,low,V0_P1_C0__low,val
002800,1,4,1,6,1,7,True,True,True,V1_P1_C1,medium,V1_P1_C1__medium,train
002801,3,0,0,3,1,4,True,False,False,V1_P0_C0,low,V1_P0_C0__low,val
002802,3,0,0,3,2,5,True,False,False,V1_P0_C0,low,V1_P0_C0__low,train
002803,4,0,0,4,3,7,True,False,False,V1_P0_C0,medium,V1_P0_C0__medium,train
002804,2,0,0,2,1,3,True,False,False,V1_P0_C0,low,V1_P0_C0__low,train
002805,4,0,0,4,1,5,True,False,False,V1_P0_C0,medium,V1_P0_C0__medium,train
002806,5,0,0,5,1,6,True,False,False,V1_P0_C0,medium,V1_P0_C0__medium,train
002807,13,0,0,13,0,13,True,False,False,V1_P0_C0,high,V1_P0_C0__high,train
002808,2,0,0,2,2,4,True,False,False,V1_P0_C0,low,V1_P0_C0__low,train
002809,4,0,0,4,2,6,True,False,False,V1_P0_C0,medium,V1_P0_C0__medium,train
002810,1,0,0,1,1,2,True,False,False,V1_P0_C0,low,V1_P0_C0__low,val
002811,0,1,0,1,0,1,False,True,False,V0_P1_C0,low,V0_P1_C0__low,train
002812,9,0,1,10,2,12,True,False,True,V1_P0_C1,high,V1_P0_C1__high,train
002813,2,0,2,4,2,6,True,False,True,V1_P0_C1,medium,V1_P0_C1__medium,train
002814,2,0,0,2,2,4,True,False,False,V1_P0_C0,low,V1_P0_C0__low,train
002815,15,0,0,15,1,16,True,False,False,V1_P0_C0,high,V1_P0_C0__high,train
002816,8,0,1,9,1,10,True,False,True,V1_P0_C1,high,V1_P0_C1__high,train
002817,11,0,0,11,2,13,True,False,False,V1_P0_C0,high,V1_P0_C0__high,train
002818,9,0,0,9,3,12,True,False,False,V1_P0_C0,high,V1_P0_C0__high,train
002819,3,0,0,3,4,7,True,False,False,V1_P0_C0,low,V1_P0_C0__low,train
002820,2,0,0,2,1,3,True,False,False,V1_P0_C0,low,V1_P0_C0__low,train
002821,6,0,0,6,2,8,True,False,False,V1_P0_C0,medium,V1_P0_C0__medium,train
002822,9,4,2,15,0,15,True,True,True,V1_P1_C1,high,V1_P1_C1__high,train
002823,5,0,0,5,1,6,True,False,False,V1_P0_C0,medium,V1_P0_C0__medium,train
002824,5,0,0,5,1,6,True,False,False,V1_P0_C0,medium,V1_P0_C0__medium,train
002825,6,0,0,6,3,9,True,False,False,V1_P0_C0,medium,V1_P0_C0__medium,train
002826,8,0,0,8,3,11,True,False,False,V1_P0_C0,high,V1_P0_C0__high,train
002827,4,0,0,4,1,5,True,False,False,V1_P0_C0,medium,V1_P0_C0__medium,train
002828,4,0,0,4,1,5,True,False,False,V1_P0_C0,medium,V1_P0_C0__medium,val
002829,2,0,1,3,2,5,True,False,True,V1_P0_C1,low,V1_P0_C1__low,train
002830,1,0,0,1,0,1,True,False,False,V1_P0_C0,low,V1_P0_C0__low,train
002831,7,0,0,7,0,7,True,False,False,V1_P0_C0,high,V1_P0_C0__high,train
002832,14,0,0,14,1,15,True,False,False,V1_P0_C0,high,V1_P0_C0__high,val
002833,4,0,0,4,2,6,True,False,False,V1_P0_C0,medium,V1_P0_C0__medium,val
002834,7,0,0,7,2,9,True,False,False,V1_P0_C0,high,V1_P0_C0__high,train
002835,1,0,0,1,0,1,True,False,False,V1_P0_C0,low,V1_P0_C0__low,train
002836,3,0,0,3,4,7,True,False,False,V1_P0_C0,low,V1_P0_C0__low,train
002837,0,2,0,2,1,3,False,True,False,V0_P1_C0,low,V0_P1_C0__low,train
002838,4,0,1,5,1,6,True,False,True,V1_P0_C1,medium,V1_P0_C1__medium,train
002839,7,1,0,8,1,9,True,True,False,V1_P1_C0,high,V1_P1_C0__high,train
002840,4,0,0,4,5,9,True,False,False,V1_P0_C0,medium,V1_P0_C0__medium,train
002841,12,0,0,12,1,13,True,False,False,V1_P0_C0,high,V1_P0_C0__high,train
002842,1,0,1,2,1,3,True,False,True,V1_P0_C1,low,V1_P0_C1__low,train
002843,4,0,1,5,2,7,True,False,True,V1_P0_C1,medium,V1_P0_C1__medium,train
002844,2,0,0,2,2,4,True,False,False,V1_P0_C0,low,V1_P0_C0__low,train
002845,6,0,0,6,1,7,True,False,False,V1_P0_C0,medium,V1_P0_C0__medium,train
002846,9,0,0,9,1,10,True,False,False,V1_P0_C0,high,V1_P0_C0__high,val
002847,7,0,0,7,5,12,True,False,False,V1_P0_C0,high,V1_P0_C0__high,train
002848,7,0,0,7,3,10,True,False,False,V1_P0_C0,high,V1_P0_C0__high,train
002849,3,0,0,3,1,4,True,False,False,V1_P0_C0,low,V1_P0_C0__low,train
002850,2,0,0,2,2,4,True,False,False,V1_P0_C0,low,V1_P0_C0__low,val
002851,0,3,0,3,5,8,False,True,False,V0_P1_C0,low,V0_P1_C0__low,train
002852,2,0,0,2,0,2,True,False,False,V1_P0_C0,low,V1_P0_C0__low,train
002853,10,0,0,10,1,11,True,False,False,V1_P0_C0,high,V1_P0_C0__high,train
002854,5,0,0,5,0,5,True,False,False,V1_P0_C0,medium,V1_P0_C0__medium,train
002855,2,0,0,2,5,7,True,False,False,V1_P0_C0,low,V1_P0_C0__low,val
002856,2,0,0,2,3,5,True,False,False,V1_P0_C0,low,V1_P0_C0__low,train
002857,0,1,0,1,0,1,False,True,False,V0_P1_C0,low,V0_P1_C0__low,train
002858,5,0,1,6,0,6,True,False,True,V1_P0_C1,medium,V1_P0_C1__medium,train
002859,9,0,0,9,3,12,True,False,False,V1_P0_C0,high,V1_P0_C0__high,train
002860,0,2,0,2,0,2,False,True,False,V0_P1_C0,low,V0_P1_C0__low,train
002861,5,0,0,5,0,5,True,False,False,V1_P0_C0,medium,V1_P0_C0__medium,val
002862,2,0,0,2,0,2,True,False,False,V1_P0_C0,low,V1_P0_C0__low,train
002863,0,1,0,1,2,3,False,True,False,V0_P1_C0,low,V0_P1_C0__low,train
002864,6,3,0,9,1,10,True,True,False,V1_P1_C0,high,V1_P1_C0__high,val
002865,3,0,0,3,3,6,True,False,False,V1_P0_C0,low,V1_P0_C0__low,train
002866,5,0,0,5,4,9,True,False,False,V1_P0_C0,medium,V1_P0_C0__medium,train
002867,6,1,0,7,7,14,True,True,False,V1_P1_C0,high,V1_P1_C0__high,train
002868,0,1,0,1,0,1,False,True,False,V0_P1_C0,low,V0_P1_C0__low,train
002869,5,0,0,5,0,5,True,False,False,V1_P0_C0,medium,V1_P0_C0__medium,train
002870,0,5,0,5,3,8,False,True,False,V0_P1_C0,medium,V0_P1_C0__medium,train
002871,5,0,0,5,3,8,True,False,False,V1_P0_C0,medium,V1_P0_C0__medium,train
002872,13,0,0,13,1,14,True,False,False,V1_P0_C0,high,V1_P0_C0__high,train
002873,15,0,0,15,0,15,True,False,False,V1_P0_C0,high,V1_P0_C0__high,train
002874,12,0,0,12,2,14,True,False,False,V1_P0_C0,high,V1_P0_C0__high,train
002875,0,1,0,1,0,1,False,True,False,V0_P1_C0,low,V0_P1_C0__low,train
002876,2,0,0,2,2,4,True,False,False,V1_P0_C0,low,V1_P0_C0__low,train
002877,2,0,0,2,0,2,True,False,False,V1_P0_C0,low,V1_P0_C0__low,train
002878,4,0,0,4,2,6,True,False,False,V1_P0_C0,medium,V1_P0_C0__medium,train
002879,7,0,0,7,1,8,True,False,False,V1_P0_C0,high,V1_P0_C0__high,train
002880,3,0,0,3,1,4,True,False,False,V1_P0_C0,low,V1_P0_C0__low,val
002881,0,1,0,1,0,1,False,True,False,V0_P1_C0,low,V0_P1_C0__low,train
002882,2,0,0,2,0,2,True,False,False,V1_P0_C0,low,V1_P0_C0__low,train
002883,4,0,1,5,4,9,True,False,True,V1_P0_C1,medium,V1_P0_C1__medium,val
002884,2,0,0,2,0,2,True,False,False,V1_P0_C0,low,V1_P0_C0__low,train
002885,0,1,2,3,5,8,False,True,True,V0_P1_C1,low,V0_P1_C1__low,train
002886,2,0,0,2,3,5,True,False,False,V1_P0_C0,low,V1_P0_C0__low,train
002887,5,0,0,5,1,6,True,False,False,V1_P0_C0,medium,V1_P0_C0__medium,train
002888,0,1,0,1,0,1,False,True,False,V0_P1_C0,low,V0_P1_C0__low,val
002889,0,2,0,2,5,7,False,True,False,V0_P1_C0,low,V0_P1_C0__low,train
002890,4,0,0,4,4,8,True,False,False,V1_P0_C0,medium,V1_P0_C0__medium,train
002891,3,0,0,3,1,4,True,False,False,V1_P0_C0,low,V1_P0_C0__low,train
002892,1,10,0,11,2,13,True,True,False,V1_P1_C0,high,V1_P1_C0__high,train
002893,3,1,0,4,1,5,True,True,False,V1_P1_C0,medium,V1_P1_C0__medium,val
002894,3,0,0,3,1,4,True,False,False,V1_P0_C0,low,V1_P0_C0__low,train
002895,8,0,0,8,2,10,True,False,False,V1_P0_C0,high,V1_P0_C0__high,train
002896,6,0,0,6,2,8,True,False,False,V1_P0_C0,medium,V1_P0_C0__medium,train
002897,6,2,0,8,5,13,True,True,False,V1_P1_C0,high,V1_P1_C0__high,train
002898,0,1,0,1,0,1,False,True,False,V0_P1_C0,low,V0_P1_C0__low,train
002899,9,0,0,9,2,11,True,False,False,V1_P0_C0,high,V1_P0_C0__high,train
002900,2,0,0,2,2,4,True,False,False,V1_P0_C0,low,V1_P0_C0__low,val
002901,2,0,1,3,3,6,True,False,True,V1_P0_C1,low,V1_P0_C1__low,train
002902,4,0,0,4,2,6,True,False,False,V1_P0_C0,medium,V1_P0_C0__medium,train
002903,1,0,0,1,1,2,True,False,False,V1_P0_C0,low,V1_P0_C0__low,train
002904,0,7,3,10,2,12,False,True,True,V0_P1_C1,high,V0_P1_C1__high,train
002905,5,0,0,5,1,6,True,False,False,V1_P0_C0,medium,V1_P0_C0__medium,val
002906,0,1,0,1,0,1,False,True,False,V0_P1_C0,low,V0_P1_C0__low,train
002907,4,0,0,4,1,5,True,False,False,V1_P0_C0,medium,V1_P0_C0__medium,val
002908,1,0,0,1,4,5,True,False,False,V1_P0_C0,low,V1_P0_C0__low,train
002909,1,0,0,1,1,2,True,False,False,V1_P0_C0,low,V1_P0_C0__low,train
002910,2,0,0,2,3,5,True,False,False,V1_P0_C0,low,V1_P0_C0__low,train
002911,7,0,1,8,1,9,True,False,True,V1_P0_C1,high,V1_P0_C1__high,train
002912,16,0,0,16,3,19,True,False,False,V1_P0_C0,high,V1_P0_C0__high,train
002913,2,0,0,2,3,5,True,False,False,V1_P0_C0,low,V1_P0_C0__low,train
002914,0,1,2,3,6,9,False,True,True,V0_P1_C1,low,V0_P1_C1__low,train
002915,2,5,1,8,1,9,True,True,True,V1_P1_C1,high,V1_P1_C1__high,train
002916,2,0,0,2,2,4,True,False,False,V1_P0_C0,low,V1_P0_C0__low,train
002917,0,2,2,4,5,9,False,True,True,V0_P1_C1,medium,V0_P1_C1__medium,train
002918,4,2,0,6,1,7,True,True,False,V1_P1_C0,medium,V1_P1_C0__medium,train
002919,2,0,0,2,2,4,True,False,False,V1_P0_C0,low,V1_P0_C0__low,val
002920,0,7,4,11,4,15,False,True,True,V0_P1_C1,high,V0_P1_C1__high,train
002921,1,0,0,1,1,2,True,False,False,V1_P0_C0,low,V1_P0_C0__low,train
002922,3,0,0,3,2,5,True,False,False,V1_P0_C0,low,V1_P0_C0__low,train
002923,7,0,1,8,1,9,True,False,True,V1_P0_C1,high,V1_P0_C1__high,train
002924,4,0,0,4,3,7,True,False,False,V1_P0_C0,medium,V1_P0_C0__medium,train
002925,6,0,0,6,1,7,True,False,False,V1_P0_C0,medium,V1_P0_C0__medium,train
002926,7,0,0,7,4,11,True,False,False,V1_P0_C0,high,V1_P0_C0__high,train
002927,0,1,0,1,0,1,False,True,False,V0_P1_C0,low,V0_P1_C0__low,val
002928,6,0,0,6,0,6,True,False,False,V1_P0_C0,medium,V1_P0_C0__medium,train
002929,9,0,0,9,1,10,True,False,False,V1_P0_C0,high,V1_P0_C0__high,train
002930,4,0,0,4,2,6,True,False,False,V1_P0_C0,medium,V1_P0_C0__medium,train
002931,2,0,0,2,0,2,True,False,False,V1_P0_C0,low,V1_P0_C0__low,train
002932,1,0,0,1,0,1,True,False,False,V1_P0_C0,low,V1_P0_C0__low,train
002933,9,2,0,11,0,11,True,True,False,V1_P1_C0,high,V1_P1_C0__high,train
002934,9,0,0,9,1,10,True,False,False,V1_P0_C0,high,V1_P0_C0__high,val
002935,9,1,0,10,1,11,True,True,False,V1_P1_C0,high,V1_P1_C0__high,train
002936,1,0,0,1,2,3,True,False,False,V1_P0_C0,low,V1_P0_C0__low,train
002937,4,1,0,5,2,7,True,True,False,V1_P1_C0,medium,V1_P1_C0__medium,train
002938,2,0,0,2,1,3,True,False,False,V1_P0_C0,low,V1_P0_C0__low,train
002939,3,1,0,4,2,6,True,True,False,V1_P1_C0,medium,V1_P1_C0__medium,train
002940,7,0,0,7,3,10,True,False,False,V1_P0_C0,high,V1_P0_C0__high,train
002941,2,0,0,2,0,2,True,False,False,V1_P0_C0,low,V1_P0_C0__low,val
002942,4,0,0,4,1,5,True,False,False,V1_P0_C0,medium,V1_P0_C0__medium,train
002943,0,3,1,4,2,6,False,True,True,V0_P1_C1,medium,V0_P1_C1__medium,train
002944,1,11,0,12,3,15,True,True,False,V1_P1_C0,high,V1_P1_C0__high,train
002945,2,1,0,3,2,5,True,True,False,V1_P1_C0,low,V1_P1_C0__low,train
002946,7,0,0,7,1,8,True,False,False,V1_P0_C0,high,V1_P0_C0__high,val
002947,11,0,0,11,2,13,True,False,False,V1_P0_C0,high,V1_P0_C0__high,train
002948,6,0,0,6,1,7,True,False,False,V1_P0_C0,medium,V1_P0_C0__medium,train
002949,2,0,0,2,5,7,True,False,False,V1_P0_C0,low,V1_P0_C0__low,train
002950,1,0,0,1,4,5,True,False,False,V1_P0_C0,low,V1_P0_C0__low,train
002951,3,0,0,3,2,5,True,False,False,V1_P0_C0,low,V1_P0_C0__low,train
002952,0,1,0,1,0,1,False,True,False,V0_P1_C0,low,V0_P1_C0__low,train
002953,6,1,0,7,2,9,True,True,False,V1_P1_C0,high,V1_P1_C0__high,train
002954,0,2,0,2,3,5,False,True,False,V0_P1_C0,low,V0_P1_C0__low,val
002955,3,0,0,3,0,3,True,False,False,V1_P0_C0,low,V1_P0_C0__low,train
002956,0,1,0,1,0,1,False,True,False,V0_P1_C0,low,V0_P1_C0__low,train
002957,5,0,0,5,1,6,True,False,False,V1_P0_C0,medium,V1_P0_C0__medium,train
002958,1,0,0,1,0,1,True,False,False,V1_P0_C0,low,V1_P0_C0__low,train
002959,8,0,0,8,1,9,True,False,False,V1_P0_C0,high,V1_P0_C0__high,train
002960,9,0,0,9,1,10,True,False,False,V1_P0_C0,high,V1_P0_C0__high,train
002961,6,0,0,6,2,8,True,False,False,V1_P0_C0,medium,V1_P0_C0__medium,train
002962,5,1,0,6,1,7,True,True,False,V1_P1_C0,medium,V1_P1_C0__medium,train
002963,8,0,0,8,2,10,True,False,False,V1_P0_C0,high,V1_P0_C0__high,train
002964,10,0,0,10,4,14,True,False,False,V1_P0_C0,high,V1_P0_C0__high,train
002965,5,0,0,5,1,6,True,False,False,V1_P0_C0,medium,V1_P0_C0__medium,train
002966,3,9,0,12,3,15,True,True,False,V1_P1_C0,high,V1_P1_C0__high,train
002967,7,0,0,7,1,8,True,False,False,V1_P0_C0,high,V1_P0_C0__high,train
002968,5,0,0,5,1,6,True,False,False,V1_P0_C0,medium,V1_P0_C0__medium,train
002969,1,0,0,1,2,3,True,False,False,V1_P0_C0,low,V1_P0_C0__low,train
002970,4,0,0,4,2,6,True,False,False,V1_P0_C0,medium,V1_P0_C0__medium,train
002971,3,0,0,3,1,4,True,False,False,V1_P0_C0,low,V1_P0_C0__low,train
002972,17,0,0,17,1,18,True,False,False,V1_P0_C0,high,V1_P0_C0__high,val
002973,7,1,1,9,2,11,True,True,True,V1_P1_C1,high,V1_P1_C1__high,train
002974,7,0,0,7,2,9,True,False,False,V1_P0_C0,high,V1_P0_C0__high,train
002975,7,0,0,7,1,8,True,False,False,V1_P0_C0,high,V1_P0_C0__high,train
002976,10,0,0,10,2,12,True,False,False,V1_P0_C0,high,V1_P0_C0__high,train
002977,2,0,0,2,3,5,True,False,False,V1_P0_C0,low,V1_P0_C0__low,train
002978,12,0,0,12,2,14,True,False,False,V1_P0_C0,high,V1_P0_C0__high,train
002979,1,14,0,15,5,20,True,True,False,V1_P1_C0,high,V1_P1_C0__high,train
002980,7,0,0,7,2,9,True,False,False,V1_P0_C0,high,V1_P0_C0__high,val
002981,4,0,0,4,0,4,True,False,False,V1_P0_C0,medium,V1_P0_C0__medium,train
002982,4,0,0,4,1,5,True,False,False,V1_P0_C0,medium,V1_P0_C0__medium,train
002983,6,0,0,6,3,9,True,False,False,V1_P0_C0,medium,V1_P0_C0__medium,val
002984,7,0,0,7,3,10,True,False,False,V1_P0_C0,high,V1_P0_C0__high,train
002985,5,0,0,5,4,9,True,False,False,V1_P0_C0,medium,V1_P0_C0__medium,train
002986,10,1,0,11,2,13,True,True,False,V1_P1_C0,high,V1_P1_C0__high,train
002987,6,0,0,6,3,9,True,False,False,V1_P0_C0,medium,V1_P0_C0__medium,train
002988,4,0,0,4,1,5,True,False,False,V1_P0_C0,medium,V1_P0_C0__medium,train
002989,13,0,0,13,0,13,True,False,False,V1_P0_C0,high,V1_P0_C0__high,val
002990,5,0,0,5,1,6,True,False,False,V1_P0_C0,medium,V1_P0_C0__medium,train
002991,4,0,1,5,1,6,True,False,True,V1_P0_C1,medium,V1_P0_C1__medium,train
002992,5,0,0,5,2,7,True,False,False,V1_P0_C0,medium,V1_P0_C0__medium,val
002993,5,0,0,5,1,6,True,False,False,V1_P0_C0,medium,V1_P0_C0__medium,train
002994,0,1,0,1,0,1,False,True,False,V0_P1_C0,low,V0_P1_C0__low,train
002995,1,0,0,1,1,2,True,False,False,V1_P0_C0,low,V1_P0_C0__low,val
002996,8,0,0,8,1,9,True,False,False,V1_P0_C0,high,V1_P0_C0__high,train
002997,1,0,0,1,3,4,True,False,False,V1_P0_C0,low,V1_P0_C0__low,train
002998,3,0,0,3,2,5,True,False,False,V1_P0_C0,low,V1_P0_C0__low,train
002999,2,2,1,5,3,8,True,True,True,V1_P1_C1,medium,V1_P1_C1__medium,val
003000,2,0,1,3,3,6,True,False,True,V1_P0_C1,low,V1_P0_C1__low,train
003001,9,0,0,9,2,11,True,False,False,V1_P0_C0,high,V1_P0_C0__high,train
003002,0,7,1,8,4,12,False,True,True,V0_P1_C1,high,V0_P1_C1__high,train
003003,3,0,0,3,1,4,True,False,False,V1_P0_C0,low,V1_P0_C0__low,train
003004,15,0,1,16,2,18,True,False,True,V1_P0_C1,high,V1_P0_C1__high,train
003005,3,0,0,3,4,7,True,False,False,V1_P0_C0,low,V1_P0_C0__low,train
003006,4,0,0,4,1,5,True,False,False,V1_P0_C0,medium,V1_P0_C0__medium,train
003007,3,0,0,3,1,4,True,False,False,V1_P0_C0,low,V1_P0_C0__low,train
003008,8,1,0,9,0,9,True,True,False,V1_P1_C0,high,V1_P1_C0__high,train
003009,2,10,2,14,3,17,True,True,True,V1_P1_C1,high,V1_P1_C1__high,train
003010,4,0,0,4,0,4,True,False,False,V1_P0_C0,medium,V1_P0_C0__medium,val
003011,2,1,0,3,1,4,True,True,False,V1_P1_C0,low,V1_P1_C0__low,train
003012,4,0,0,4,0,4,True,False,False,V1_P0_C0,medium,V1_P0_C0__medium,train
003013,5,1,0,6,5,11,True,True,False,V1_P1_C0,medium,V1_P1_C0__medium,train
003014,4,0,3,7,4,11,True,False,True,V1_P0_C1,high,V1_P0_C1__high,train
003015,9,0,1,10,3,13,True,False,True,V1_P0_C1,high,V1_P0_C1__high,train
003016,5,0,0,5,0,5,True,False,False,V1_P0_C0,medium,V1_P0_C0__medium,train
003017,8,0,1,9,1,10,True,False,True,V1_P0_C1,high,V1_P0_C1__high,val
003018,0,6,0,6,3,9,False,True,False,V0_P1_C0,medium,V0_P1_C0__medium,train
003019,7,0,0,7,2,9,True,False,False,V1_P0_C0,high,V1_P0_C0__high,train
003020,0,3,0,3,6,9,False,True,False,V0_P1_C0,low,V0_P1_C0__low,train
003021,9,0,0,9,3,12,True,False,False,V1_P0_C0,high,V1_P0_C0__high,train
003022,7,0,0,7,1,8,True,False,False,V1_P0_C0,high,V1_P0_C0__high,train
003023,3,0,0,3,1,4,True,False,False,V1_P0_C0,low,V1_P0_C0__low,val
003024,0,1,0,1,0,1,False,True,False,V0_P1_C0,low,V0_P1_C0__low,train
003025,3,0,0,3,0,3,True,False,False,V1_P0_C0,low,V1_P0_C0__low,train
003026,4,0,0,4,1,5,True,False,False,V1_P0_C0,medium,V1_P0_C0__medium,train
003027,3,0,1,4,2,6,True,False,True,V1_P0_C1,medium,V1_P0_C1__medium,train
003028,2,2,0,4,0,4,True,True,False,V1_P1_C0,medium,V1_P1_C0__medium,train
003029,2,0,0,2,1,3,True,False,False,V1_P0_C0,low,V1_P0_C0__low,val
003030,9,0,0,9,2,11,True,False,False,V1_P0_C0,high,V1_P0_C0__high,val
003031,2,0,0,2,2,4,True,False,False,V1_P0_C0,low,V1_P0_C0__low,train
003032,4,1,0,5,0,5,True,True,False,V1_P1_C0,medium,V1_P1_C0__medium,train
003033,6,1,0,7,3,10,True,True,False,V1_P1_C0,high,V1_P1_C0__high,train
003034,6,0,2,8,2,10,True,False,True,V1_P0_C1,high,V1_P0_C1__high,val
003035,3,0,0,3,1,4,True,False,False,V1_P0_C0,low,V1_P0_C0__low,train
003036,1,0,0,1,4,5,True,False,False,V1_P0_C0,low,V1_P0_C0__low,train
003037,7,0,0,7,1,8,True,False,False,V1_P0_C0,high,V1_P0_C0__high,train
003038,1,0,0,1,2,3,True,False,False,V1_P0_C0,low,V1_P0_C0__low,train
003039,7,0,0,7,4,11,True,False,False,V1_P0_C0,high,V1_P0_C0__high,val
003040,7,0,0,7,0,7,True,False,False,V1_P0_C0,high,V1_P0_C0__high,train
003041,14,0,0,14,3,17,True,False,False,V1_P0_C0,high,V1_P0_C0__high,train
003042,3,2,1,6,2,8,True,True,True,V1_P1_C1,medium,V1_P1_C1__medium,train
003043,8,0,0,8,1,9,True,False,False,V1_P0_C0,high,V1_P0_C0__high,train
003044,2,0,0,2,2,4,True,False,False,V1_P0_C0,low,V1_P0_C0__low,train
003045,2,0,0,2,1,3,True,False,False,V1_P0_C0,low,V1_P0_C0__low,train
003046,2,0,1,3,5,8,True,False,True,V1_P0_C1,low,V1_P0_C1__low,train
003047,1,13,0,14,3,17,True,True,False,V1_P1_C0,high,V1_P1_C0__high,train
003048,9,0,0,9,0,9,True,False,False,V1_P0_C0,high,V1_P0_C0__high,train
003049,1,0,0,1,5,6,True,False,False,V1_P0_C0,low,V1_P0_C0__low,train
003050,2,2,2,6,5,11,True,True,True,V1_P1_C1,medium,V1_P1_C1__medium,train
003051,14,0,0,14,0,14,True,False,False,V1_P0_C0,high,V1_P0_C0__high,train
003052,4,0,0,4,0,4,True,False,False,V1_P0_C0,medium,V1_P0_C0__medium,train
003053,5,0,0,5,3,8,True,False,False,V1_P0_C0,medium,V1_P0_C0__medium,train
003054,0,1,0,1,7,8,False,True,False,V0_P1_C0,low,V0_P1_C0__low,val
003055,10,0,0,10,0,10,True,False,False,V1_P0_C0,high,V1_P0_C0__high,train
003056,6,0,0,6,3,9,True,False,False,V1_P0_C0,medium,V1_P0_C0__medium,train
003057,6,1,0,7,2,9,True,True,False,V1_P1_C0,high,V1_P1_C0__high,val
003058,4,0,0,4,4,8,True,False,False,V1_P0_C0,medium,V1_P0_C0__medium,train
003059,1,1,0,2,0,2,True,True,False,V1_P1_C0,low,V1_P1_C0__low,train
003060,2,0,0,2,1,3,True,False,False,V1_P0_C0,low,V1_P0_C0__low,val
003061,4,0,2,6,2,8,True,False,True,V1_P0_C1,medium,V1_P0_C1__medium,train
003062,3,0,0,3,3,6,True,False,False,V1_P0_C0,low,V1_P0_C0__low,train
003063,2,0,0,2,1,3,True,False,False,V1_P0_C0,low,V1_P0_C0__low,train
003064,13,0,0,13,1,14,True,False,False,V1_P0_C0,high,V1_P0_C0__high,train
003065,2,2,1,5,2,7,True,True,True,V1_P1_C1,medium,V1_P1_C1__medium,train
003066,5,0,0,5,0,5,True,False,False,V1_P0_C0,medium,V1_P0_C0__medium,train
003067,4,0,0,4,1,5,True,False,False,V1_P0_C0,medium,V1_P0_C0__medium,train
003068,2,0,0,2,2,4,True,False,False,V1_P0_C0,low,V1_P0_C0__low,train
003069,1,0,0,1,1,2,True,False,False,V1_P0_C0,low,V1_P0_C0__low,train
003070,1,0,0,1,1,2,True,False,False,V1_P0_C0,low,V1_P0_C0__low,train
003071,2,1,0,3,2,5,True,True,False,V1_P1_C0,low,V1_P1_C0__low,train
003072,15,0,0,15,5,20,True,False,False,V1_P0_C0,high,V1_P0_C0__high,val
003073,4,0,0,4,2,6,True,False,False,V1_P0_C0,medium,V1_P0_C0__medium,val
003074,2,2,0,4,1,5,True,True,False,V1_P1_C0,medium,V1_P1_C0__medium,train
003075,3,0,0,3,0,3,True,False,False,V1_P0_C0,low,V1_P0_C0__low,train
003076,1,0,0,1,1,2,True,False,False,V1_P0_C0,low,V1_P0_C0__low,train
003077,2,0,0,2,1,3,True,False,False,V1_P0_C0,low,V1_P0_C0__low,train
003078,6,2,0,8,8,16,True,True,False,V1_P1_C0,high,V1_P1_C0__high,train
003079,2,0,0,2,1,3,True,False,False,V1_P0_C0,low,V1_P0_C0__low,train
003080,4,0,0,4,1,5,True,False,False,V1_P0_C0,medium,V1_P0_C0__medium,train
003081,2,0,0,2,1,3,True,False,False,V1_P0_C0,low,V1_P0_C0__low,train
003082,0,1,0,1,2,3,False,True,False,V0_P1_C0,low,V0_P1_C0__low,train
003083,4,0,0,4,0,4,True,False,False,V1_P0_C0,medium,V1_P0_C0__medium,train
003084,2,4,1,7,3,10,True,True,True,V1_P1_C1,high,V1_P1_C1__high,train
003085,0,1,0,1,0,1,False,True,False,V0_P1_C0,low,V0_P1_C0__low,val
003086,5,0,0,5,3,8,True,False,False,V1_P0_C0,medium,V1_P0_C0__medium,train
003087,7,0,1,8,1,9,True,False,True,V1_P0_C1,high,V1_P0_C1__high,train
003088,2,0,0,2,2,4,True,False,False,V1_P0_C0,low,V1_P0_C0__low,train
003089,2,0,0,2,2,4,True,False,False,V1_P0_C0,low,V1_P0_C0__low,train
003090,1,0,0,1,0,1,True,False,False,V1_P0_C0,low,V1_P0_C0__low,train
003091,5,0,0,5,3,8,True,False,False,V1_P0_C0,medium,V1_P0_C0__medium,train
003092,13,0,0,13,1,14,True,False,False,V1_P0_C0,high,V1_P0_C0__high,train
003093,12,0,0,12,4,16,True,False,False,V1_P0_C0,high,V1_P0_C0__high,train
003094,7,0,0,7,3,10,True,False,False,V1_P0_C0,high,V1_P0_C0__high,val
003095,10,1,1,12,3,15,True,True,True,V1_P1_C1,high,V1_P1_C1__high,train
003096,2,0,1,3,1,4,True,False,True,V1_P0_C1,low,V1_P0_C1__low,train
003097,15,0,0,15,1,16,True,False,False,V1_P0_C0,high,V1_P0_C0__high,train
003098,4,0,0,4,1,5,True,False,False,V1_P0_C0,medium,V1_P0_C0__medium,train
003099,2,1,0,3,2,5,True,True,False,V1_P1_C0,low,V1_P1_C0__low,val
003100,2,0,0,2,0,2,True,False,False,V1_P0_C0,low,V1_P0_C0__low,train
003101,6,0,0,6,1,7,True,False,False,V1_P0_C0,medium,V1_P0_C0__medium,train
003102,2,1,0,3,0,3,True,True,False,V1_P1_C0,low,V1_P1_C0__low,val
003103,7,0,1,8,1,9,True,False,True,V1_P0_C1,high,V1_P0_C1__high,train
003104,6,0,0,6,1,7,True,False,False,V1_P0_C0,medium,V1_P0_C0__medium,train
003105,5,0,1,6,0,6,True,False,True,V1_P0_C1,medium,V1_P0_C1__medium,train
003106,0,2,2,4,7,11,False,True,True,V0_P1_C1,medium,V0_P1_C1__medium,val
003107,10,0,0,10,3,13,True,False,False,V1_P0_C0,high,V1_P0_C0__high,train
003108,2,0,0,2,3,5,True,False,False,V1_P0_C0,low,V1_P0_C0__low,train
003109,2,1,0,3,0,3,True,True,False,V1_P1_C0,low,V1_P1_C0__low,train
003110,2,0,0,2,1,3,True,False,False,V1_P0_C0,low,V1_P0_C0__low,train
003111,2,0,0,2,3,5,True,False,False,V1_P0_C0,low,V1_P0_C0__low,train
003112,2,0,0,2,2,4,True,False,False,V1_P0_C0,low,V1_P0_C0__low,train
003113,13,0,0,13,2,15,True,False,False,V1_P0_C0,high,V1_P0_C0__high,val
003114,3,7,5,15,2,17,True,True,True,V1_P1_C1,high,V1_P1_C1__high,train
003115,4,0,3,7,2,9,True,False,True,V1_P0_C1,high,V1_P0_C1__high,train
003116,8,0,0,8,1,9,True,False,False,V1_P0_C0,high,V1_P0_C0__high,train
003117,2,0,0,2,0,2,True,False,False,V1_P0_C0,low,V1_P0_C0__low,train
003118,6,4,0,10,5,15,True,True,False,V1_P1_C0,high,V1_P1_C0__high,train
003119,4,0,0,4,0,4,True,False,False,V1_P0_C0,medium,V1_P0_C0__medium,train
003120,15,1,0,16,4,20,True,True,False,V1_P1_C0,high,V1_P1_C0__high,train
003121,0,1,0,1,0,1,False,True,False,V0_P1_C0,low,V0_P1_C0__low,train
003122,0,1,0,1,0,1,False,True,False,V0_P1_C0,low,V0_P1_C0__low,train
003123,1,0,0,1,3,4,True,False,False,V1_P0_C0,low,V1_P0_C0__low,val
003124,7,1,0,8,2,10,True,True,False,V1_P1_C0,high,V1_P1_C0__high,train
003125,1,0,0,1,1,2,True,False,False,V1_P0_C0,low,V1_P0_C0__low,train
003126,2,0,1,3,1,4,True,False,True,V1_P0_C1,low,V1_P0_C1__low,train
003127,4,0,0,4,1,5,True,False,False,V1_P0_C0,medium,V1_P0_C0__medium,train
003128,3,0,0,3,1,4,True,False,False,V1_P0_C0,low,V1_P0_C0__low,train
003129,2,0,0,2,5,7,True,False,False,V1_P0_C0,low,V1_P0_C0__low,train
003130,0,1,0,1,0,1,False,True,False,V0_P1_C0,low,V0_P1_C0__low,val
003131,9,0,0,9,6,15,True,False,False,V1_P0_C0,high,V1_P0_C0__high,val
003132,15,0,0,15,2,17,True,False,False,V1_P0_C0,high,V1_P0_C0__high,val
003133,1,3,0,4,1,5,True,True,False,V1_P1_C0,medium,V1_P1_C0__medium,train
003134,0,1,0,1,0,1,False,True,False,V0_P1_C0,low,V0_P1_C0__low,train
003135,5,0,2,7,2,9,True,False,True,V1_P0_C1,high,V1_P0_C1__high,val
003136,4,0,0,4,4,8,True,False,False,V1_P0_C0,medium,V1_P0_C0__medium,train
003137,3,0,0,3,0,3,True,False,False,V1_P0_C0,low,V1_P0_C0__low,val
003138,8,0,0,8,1,9,True,False,False,V1_P0_C0,high,V1_P0_C0__high,train
003139,5,0,0,5,2,7,True,False,False,V1_P0_C0,medium,V1_P0_C0__medium,train
003140,1,1,0,2,3,5,True,True,False,V1_P1_C0,low,V1_P1_C0__low,train
003141,6,2,0,8,2,10,True,True,False,V1_P1_C0,high,V1_P1_C0__high,train
003142,5,0,0,5,3,8,True,False,False,V1_P0_C0,medium,V1_P0_C0__medium,train
003143,4,0,0,4,3,7,True,False,False,V1_P0_C0,medium,V1_P0_C0__medium,train
003144,2,0,0,2,0,2,True,False,False,V1_P0_C0,low,V1_P0_C0__low,train
003145,1,0,0,1,0,1,True,False,False,V1_P0_C0,low,V1_P0_C0__low,train
003146,5,2,0,7,3,10,True,True,False,V1_P1_C0,high,V1_P1_C0__high,train
003147,8,1,0,9,7,16,True,True,False,V1_P1_C0,high,V1_P1_C0__high,train
003148,3,0,1,4,3,7,True,False,True,V1_P0_C1,medium,V1_P0_C1__medium,val
003149,0,3,0,3,2,5,False,True,False,V0_P1_C0,low,V0_P1_C0__low,train
003150,5,0,0,5,1,6,True,False,False,V1_P0_C0,medium,V1_P0_C0__medium,train
003151,6,0,0,6,2,8,True,False,False,V1_P0_C0,medium,V1_P0_C0__medium,train
003152,1,0,0,1,0,1,True,False,False,V1_P0_C0,low,V1_P0_C0__low,train
003153,1,0,0,1,2,3,True,False,False,V1_P0_C0,low,V1_P0_C0__low,train
003154,3,0,0,3,1,4,True,False,False,V1_P0_C0,low,V1_P0_C0__low,train
003155,2,1,0,3,1,4,True,True,False,V1_P1_C0,low,V1_P1_C0__low,val
003156,2,2,1,5,5,10,True,True,True,V1_P1_C1,medium,V1_P1_C1__medium,train
003157,3,0,1,4,1,5,True,False,True,V1_P0_C1,medium,V1_P0_C1__medium,train
003158,1,0,1,2,1,3,True,False,True,V1_P0_C1,low,V1_P0_C1__low,val
003159,7,2,0,9,3,12,True,True,False,V1_P1_C0,high,V1_P1_C0__high,val
003160,8,0,0,8,3,11,True,False,False,V1_P0_C0,high,V1_P0_C0__high,train
003161,1,0,0,1,2,3,True,False,False,V1_P0_C0,low,V1_P0_C0__low,train
003162,0,1,0,1,0,1,False,True,False,V0_P1_C0,low,V0_P1_C0__low,train
003163,13,1,0,14,1,15,True,True,False,V1_P1_C0,high,V1_P1_C0__high,val
003164,0,1,0,1,0,1,False,True,False,V0_P1_C0,low,V0_P1_C0__low,train
003165,3,0,0,3,1,4,True,False,False,V1_P0_C0,low,V1_P0_C0__low,train
003166,1,1,0,2,0,2,True,True,False,V1_P1_C0,low,V1_P1_C0__low,train
003167,7,0,0,7,2,9,True,False,False,V1_P0_C0,high,V1_P0_C0__high,val
003168,3,0,0,3,0,3,True,False,False,V1_P0_C0,low,V1_P0_C0__low,train
003169,13,0,0,13,0,13,True,False,False,V1_P0_C0,high,V1_P0_C0__high,train
003170,5,0,0,5,1,6,True,False,False,V1_P0_C0,medium,V1_P0_C0__medium,train
003171,0,2,0,2,0,2,False,True,False,V0_P1_C0,low,V0_P1_C0__low,train
003172,7,1,0,8,1,9,True,True,False,V1_P1_C0,high,V1_P1_C0__high,train
003173,5,0,0,5,1,6,True,False,False,V1_P0_C0,medium,V1_P0_C0__medium,train
003174,1,0,0,1,0,1,True,False,False,V1_P0_C0,low,V1_P0_C0__low,train
003175,3,0,0,3,0,3,True,False,False,V1_P0_C0,low,V1_P0_C0__low,train
003176,6,0,0,6,3,9,True,False,False,V1_P0_C0,medium,V1_P0_C0__medium,train
003177,0,1,0,1,0,1,False,True,False,V0_P1_C0,low,V0_P1_C0__low,train
003178,2,1,1,4,2,6,True,True,True,V1_P1_C1,medium,V1_P1_C1__medium,train
003179,3,0,1,4,4,8,True,False,True,V1_P0_C1,medium,V1_P0_C1__medium,train
003180,2,0,0,2,2,4,True,False,False,V1_P0_C0,low,V1_P0_C0__low,train
003181,4,0,0,4,3,7,True,False,False,V1_P0_C0,medium,V1_P0_C0__medium,train
003182,2,1,0,3,1,4,True,True,False,V1_P1_C0,low,V1_P1_C0__low,train
003183,2,1,0,3,2,5,True,True,False,V1_P1_C0,low,V1_P1_C0__low,train
003184,3,0,0,3,1,4,True,False,False,V1_P0_C0,low,V1_P0_C0__low,train
003185,0,1,0,1,0,1,False,True,False,V0_P1_C0,low,V0_P1_C0__low,train
003186,2,0,0,2,0,2,True,False,False,V1_P0_C0,low,V1_P0_C0__low,train
003187,6,0,0,6,1,7,True,False,False,V1_P0_C0,medium,V1_P0_C0__medium,train
003188,1,0,0,1,0,1,True,False,False,V1_P0_C0,low,V1_P0_C0__low,train
003189,1,0,0,1,1,2,True,False,False,V1_P0_C0,low,V1_P0_C0__low,train
003190,3,0,0,3,2,5,True,False,False,V1_P0_C0,low,V1_P0_C0__low,train
003191,2,0,0,2,1,3,True,False,False,V1_P0_C0,low,V1_P0_C0__low,train
003192,8,0,0,8,1,9,True,False,False,V1_P0_C0,high,V1_P0_C0__high,val
003193,0,1,0,1,0,1,False,True,False,V0_P1_C0,low,V0_P1_C0__low,train
003194,10,0,0,10,2,12,True,False,False,V1_P0_C0,high,V1_P0_C0__high,train
003195,4,1,0,5,3,8,True,True,False,V1_P1_C0,medium,V1_P1_C0__medium,train
003196,2,0,0,2,1,3,True,False,False,V1_P0_C0,low,V1_P0_C0__low,val
003197,13,0,1,14,2,16,True,False,True,V1_P0_C1,high,V1_P0_C1__high,train
003198,1,0,0,1,3,4,True,False,False,V1_P0_C0,low,V1_P0_C0__low,train
003199,1,14,0,15,3,18,True,True,False,V1_P1_C0,high,V1_P1_C0__high,train
003200,6,0,0,6,0,6,True,False,False,V1_P0_C0,medium,V1_P0_C0__medium,train
003201,2,0,0,2,3,5,True,False,False,V1_P0_C0,low,V1_P0_C0__low,train
003202,0,1,0,1,2,3,False,True,False,V0_P1_C0,low,V0_P1_C0__low,train
003203,8,0,0,8,5,13,True,False,False,V1_P0_C0,high,V1_P0_C0__high,train
003204,2,0,0,2,0,2,True,False,False,V1_P0_C0,low,V1_P0_C0__low,val
003205,2,0,0,2,0,2,True,False,False,V1_P0_C0,low,V1_P0_C0__low,train
003206,10,2,0,12,0,12,True,True,False,V1_P1_C0,high,V1_P1_C0__high,train
003207,1,1,0,2,3,5,True,True,False,V1_P1_C0,low,V1_P1_C0__low,val
003208,7,0,0,7,2,9,True,False,False,V1_P0_C0,high,V1_P0_C0__high,train
003209,7,0,0,7,6,13,True,False,False,V1_P0_C0,high,V1_P0_C0__high,train
003210,1,0,1,2,2,4,True,False,True,V1_P0_C1,low,V1_P0_C1__low,train
003211,9,0,0,9,1,10,True,False,False,V1_P0_C0,high,V1_P0_C0__high,train
003212,4,0,0,4,0,4,True,False,False,V1_P0_C0,medium,V1_P0_C0__medium,train
003213,7,0,0,7,1,8,True,False,False,V1_P0_C0,high,V1_P0_C0__high,train
003214,9,0,0,9,2,11,True,False,False,V1_P0_C0,high,V1_P0_C0__high,train
003215,5,0,0,5,0,5,True,False,False,V1_P0_C0,medium,V1_P0_C0__medium,train
003216,7,0,0,7,4,11,True,False,False,V1_P0_C0,high,V1_P0_C0__high,train
003217,2,0,0,2,2,4,True,False,False,V1_P0_C0,low,V1_P0_C0__low,train
003218,2,0,0,2,5,7,True,False,False,V1_P0_C0,low,V1_P0_C0__low,val
003219,20,0,1,21,1,22,True,False,True,V1_P0_C1,high,V1_P0_C1__high,train
003220,2,0,0,2,0,2,True,False,False,V1_P0_C0,low,V1_P0_C0__low,train
003221,0,1,0,1,0,1,False,True,False,V0_P1_C0,low,V0_P1_C0__low,train
003222,2,0,1,3,6,9,True,False,True,V1_P0_C1,low,V1_P0_C1__low,train
003223,2,0,0,2,0,2,True,False,False,V1_P0_C0,low,V1_P0_C0__low,val
003224,9,0,0,9,6,15,True,False,False,V1_P0_C0,high,V1_P0_C0__high,train
003225,6,0,0,6,1,7,True,False,False,V1_P0_C0,medium,V1_P0_C0__medium,train
003226,3,0,0,3,3,6,True,False,False,V1_P0_C0,low,V1_P0_C0__low,train
003227,7,0,0,7,1,8,True,False,False,V1_P0_C0,high,V1_P0_C0__high,train
003228,6,0,0,6,1,7,True,False,False,V1_P0_C0,medium,V1_P0_C0__medium,train
003229,2,9,0,11,4,15,True,True,False,V1_P1_C0,high,V1_P1_C0__high,train
003230,5,0,0,5,1,6,True,False,False,V1_P0_C0,medium,V1_P0_C0__medium,train
003231,7,0,0,7,2,9,True,False,False,V1_P0_C0,high,V1_P0_C0__high,train
003232,1,7,0,8,4,12,True,True,False,V1_P1_C0,high,V1_P1_C0__high,train
003233,1,6,0,7,3,10,True,True,False,V1_P1_C0,high,V1_P1_C0__high,train
003234,7,0,0,7,1,8,True,False,False,V1_P0_C0,high,V1_P0_C0__high,train
003235,0,3,1,4,3,7,False,True,True,V0_P1_C1,medium,V0_P1_C1__medium,train
003236,7,0,0,7,4,11,True,False,False,V1_P0_C0,high,V1_P0_C0__high,train
003237,11,1,1,13,3,16,True,True,True,V1_P1_C1,high,V1_P1_C1__high,train
003238,3,4,0,7,1,8,True,True,False,V1_P1_C0,high,V1_P1_C0__high,train
003239,5,0,0,5,0,5,True,False,False,V1_P0_C0,medium,V1_P0_C0__medium,train
003240,10,0,0,10,2,12,True,False,False,V1_P0_C0,high,V1_P0_C0__high,train
003241,4,0,0,4,2,6,True,False,False,V1_P0_C0,medium,V1_P0_C0__medium,train
003242,1,0,0,1,0,1,True,False,False,V1_P0_C0,low,V1_P0_C0__low,train
003243,1,0,0,1,1,2,True,False,False,V1_P0_C0,low,V1_P0_C0__low,train
003244,4,0,1,5,4,9,True,False,True,V1_P0_C1,medium,V1_P0_C1__medium,train
003245,2,0,0,2,6,8,True,False,False,V1_P0_C0,low,V1_P0_C0__low,val
003246,4,0,0,4,5,9,True,False,False,V1_P0_C0,medium,V1_P0_C0__medium,train
003247,0,1,0,1,0,1,False,True,False,V0_P1_C0,low,V0_P1_C0__low,train
003248,1,0,0,1,0,1,True,False,False,V1_P0_C0,low,V1_P0_C0__low,train
003249,0,7,0,7,3,10,False,True,False,V0_P1_C0,high,V0_P1_C0__high,train
003250,1,1,0,2,5,7,True,True,False,V1_P1_C0,low,V1_P1_C0__low,val
003251,1,0,1,2,2,4,True,False,True,V1_P0_C1,low,V1_P0_C1__low,train
003252,5,0,0,5,2,7,True,False,False,V1_P0_C0,medium,V1_P0_C0__medium,train
003253,3,0,0,3,3,6,True,False,False,V1_P0_C0,low,V1_P0_C0__low,train
003254,4,0,1,5,2,7,True,False,True,V1_P0_C1,medium,V1_P0_C1__medium,val
003255,4,0,0,4,2,6,True,False,False,V1_P0_C0,medium,V1_P0_C0__medium,val
003256,0,2,0,2,3,5,False,True,False,V0_P1_C0,low,V0_P1_C0__low,train
003257,4,2,0,6,0,6,True,True,False,V1_P1_C0,medium,V1_P1_C0__medium,train
003258,1,0,1,2,4,6,True,False,True,V1_P0_C1,low,V1_P0_C1__low,val
003259,1,0,0,1,3,4,True,False,False,V1_P0_C0,low,V1_P0_C0__low,train
003260,9,1,1,11,2,13,True,True,True,V1_P1_C1,high,V1_P1_C1__high,train
003261,2,0,0,2,4,6,True,False,False,V1_P0_C0,low,V1_P0_C0__low,train
003262,4,0,0,4,3,7,True,False,False,V1_P0_C0,medium,V1_P0_C0__medium,train
003263,3,0,0,3,0,3,True,False,False,V1_P0_C0,low,V1_P0_C0__low,train
003264,3,1,0,4,2,6,True,True,False,V1_P1_C0,medium,V1_P1_C0__medium,train
003265,5,0,0,5,0,5,True,False,False,V1_P0_C0,medium,V1_P0_C0__medium,val
003266,1,0,0,1,0,1,True,False,False,V1_P0_C0,low,V1_P0_C0__low,train
003267,6,2,0,8,5,13,True,True,False,V1_P1_C0,high,V1_P1_C0__high,train
003268,5,0,0,5,2,7,True,False,False,V1_P0_C0,medium,V1_P0_C0__medium,val
003269,0,1,0,1,0,1,False,True,False,V0_P1_C0,low,V0_P1_C0__low,train
003270,3,0,0,3,1,4,True,False,False,V1_P0_C0,low,V1_P0_C0__low,train
003271,3,0,0,3,1,4,True,False,False,V1_P0_C0,low,V1_P0_C0__low,train
003272,3,0,0,3,1,4,True,False,False,V1_P0_C0,low,V1_P0_C0__low,train
003273,6,0,0,6,2,8,True,False,False,V1_P0_C0,medium,V1_P0_C0__medium,train
003274,11,0,0,11,2,13,True,False,False,V1_P0_C0,high,V1_P0_C0__high,train
003275,5,0,0,5,2,7,True,False,False,V1_P0_C0,medium,V1_P0_C0__medium,train
003276,2,0,0,2,2,4,True,False,False,V1_P0_C0,low,V1_P0_C0__low,train
003277,0,1,0,1,0,1,False,True,False,V0_P1_C0,low,V0_P1_C0__low,train
003278,6,0,0,6,0,6,True,False,False,V1_P0_C0,medium,V1_P0_C0__medium,train
003279,3,0,0,3,0,3,True,False,False,V1_P0_C0,low,V1_P0_C0__low,train
003280,6,0,0,6,3,9,True,False,False,V1_P0_C0,medium,V1_P0_C0__medium,train
003281,5,0,0,5,0,5,True,False,False,V1_P0_C0,medium,V1_P0_C0__medium,train
003282,1,1,0,2,4,6,True,True,False,V1_P1_C0,low,V1_P1_C0__low,val
003283,9,0,1,10,1,11,True,False,True,V1_P0_C1,high,V1_P0_C1__high,train
003284,5,0,0,5,2,7,True,False,False,V1_P0_C0,medium,V1_P0_C0__medium,train
003285,4,0,0,4,1,5,True,False,False,V1_P0_C0,medium,V1_P0_C0__medium,val
003286,5,1,0,6,3,9,True,True,False,V1_P1_C0,medium,V1_P1_C0__medium,val
003287,3,0,1,4,0,4,True,False,True,V1_P0_C1,medium,V1_P0_C1__medium,train
003288,12,0,0,12,1,13,True,False,False,V1_P0_C0,high,V1_P0_C0__high,train
003289,6,2,1,9,3,12,True,True,True,V1_P1_C1,high,V1_P1_C1__high,train
003290,1,0,0,1,3,4,True,False,False,V1_P0_C0,low,V1_P0_C0__low,train
003291,5,0,0,5,2,7,True,False,False,V1_P0_C0,medium,V1_P0_C0__medium,train
003292,1,0,0,1,1,2,True,False,False,V1_P0_C0,low,V1_P0_C0__low,train
003293,4,0,0,4,2,6,True,False,False,V1_P0_C0,medium,V1_P0_C0__medium,train
003294,1,4,1,6,11,17,True,True,True,V1_P1_C1,medium,V1_P1_C1__medium,val
003295,0,1,0,1,0,1,False,True,False,V0_P1_C0,low,V0_P1_C0__low,train
003296,3,0,3,6,5,11,True,False,True,V1_P0_C1,medium,V1_P0_C1__medium,val
003297,1,0,0,1,1,2,True,False,False,V1_P0_C0,low,V1_P0_C0__low,train
003298,5,2,0,7,5,12,True,True,False,V1_P1_C0,high,V1_P1_C0__high,train
003299,12,0,0,12,1,13,True,False,False,V1_P0_C0,high,V1_P0_C0__high,train
003300,4,0,0,4,4,8,True,False,False,V1_P0_C0,medium,V1_P0_C0__medium,train
003301,13,0,0,13,3,16,True,False,False,V1_P0_C0,high,V1_P0_C0__high,train
003302,4,1,1,6,0,6,True,True,True,V1_P1_C1,medium,V1_P1_C1__medium,val
003303,5,0,0,5,1,6,True,False,False,V1_P0_C0,medium,V1_P0_C0__medium,train
003304,11,0,0,11,4,15,True,False,False,V1_P0_C0,high,V1_P0_C0__high,train
003305,4,0,0,4,0,4,True,False,False,V1_P0_C0,medium,V1_P0_C0__medium,val
003306,2,3,0,5,4,9,True,True,False,V1_P1_C0,medium,V1_P1_C0__medium,train
003307,0,1,0,1,0,1,False,True,False,V0_P1_C0,low,V0_P1_C0__low,train
003308,5,0,0,5,2,7,True,False,False,V1_P0_C0,medium,V1_P0_C0__medium,train
003309,16,2,0,18,2,20,True,True,False,V1_P1_C0,high,V1_P1_C0__high,train
003310,11,0,1,12,2,14,True,False,True,V1_P0_C1,high,V1_P0_C1__high,train
003311,8,1,1,10,3,13,True,True,True,V1_P1_C1,high,V1_P1_C1__high,train
003312,5,0,0,5,2,7,True,False,False,V1_P0_C0,medium,V1_P0_C0__medium,train
003313,4,0,2,6,2,8,True,False,True,V1_P0_C1,medium,V1_P0_C1__medium,train
003314,6,0,0,6,1,7,True,False,False,V1_P0_C0,medium,V1_P0_C0__medium,train
003315,0,1,0,1,0,1,False,True,False,V0_P1_C0,low,V0_P1_C0__low,train
003316,2,0,0,2,0,2,True,False,False,V1_P0_C0,low,V1_P0_C0__low,train
003317,10,0,0,10,2,12,True,False,False,V1_P0_C0,high,V1_P0_C0__high,train
003318,1,0,0,1,3,4,True,False,False,V1_P0_C0,low,V1_P0_C0__low,train
003319,4,0,0,4,0,4,True,False,False,V1_P0_C0,medium,V1_P0_C0__medium,train
003320,6,0,0,6,0,6,True,False,False,V1_P0_C0,medium,V1_P0_C0__medium,train
003321,0,1,0,1,0,1,False,True,False,V0_P1_C0,low,V0_P1_C0__low,val
003322,2,0,0,2,3,5,True,False,False,V1_P0_C0,low,V1_P0_C0__low,train
003323,7,2,0,9,2,11,True,True,False,V1_P1_C0,high,V1_P1_C0__high,train
003324,1,2,0,3,0,3,True,True,False,V1_P1_C0,low,V1_P1_C0__low,val
003325,5,0,0,5,2,7,True,False,False,V1_P0_C0,medium,V1_P0_C0__medium,val
003326,1,0,0,1,2,3,True,False,False,V1_P0_C0,low,V1_P0_C0__low,train
003327,3,0,0,3,0,3,True,False,False,V1_P0_C0,low,V1_P0_C0__low,train
003328,6,0,0,6,1,7,True,False,False,V1_P0_C0,medium,V1_P0_C0__medium,val
003329,1,2,1,4,6,10,True,True,True,V1_P1_C1,medium,V1_P1_C1__medium,val
003330,0,1,0,1,0,1,False,True,False,V0_P1_C0,low,V0_P1_C0__low,val
003331,0,1,0,1,0,1,False,True,False,V0_P1_C0,low,V0_P1_C0__low,train
003332,3,0,0,3,1,4,True,False,False,V1_P0_C0,low,V1_P0_C0__low,train
003333,0,1,0,1,0,1,False,True,False,V0_P1_C0,low,V0_P1_C0__low,train
003334,7,0,0,7,4,11,True,False,False,V1_P0_C0,high,V1_P0_C0__high,train
003335,12,0,0,12,0,12,True,False,False,V1_P0_C0,high,V1_P0_C0__high,train
003336,5,1,0,6,3,9,True,True,False,V1_P1_C0,medium,V1_P1_C0__medium,train
003337,7,0,0,7,2,9,True,False,False,V1_P0_C0,high,V1_P0_C0__high,train
003338,8,0,0,8,3,11,True,False,False,V1_P0_C0,high,V1_P0_C0__high,train
003339,0,1,0,1,0,1,False,True,False,V0_P1_C0,low,V0_P1_C0__low,train
003340,4,0,0,4,2,6,True,False,False,V1_P0_C0,medium,V1_P0_C0__medium,train
003341,10,0,0,10,2,12,True,False,False,V1_P0_C0,high,V1_P0_C0__high,train
003342,5,0,0,5,0,5,True,False,False,V1_P0_C0,medium,V1_P0_C0__medium,train
003343,4,0,0,4,3,7,True,False,False,V1_P0_C0,medium,V1_P0_C0__medium,train
003344,14,0,0,14,0,14,True,False,False,V1_P0_C0,high,V1_P0_C0__high,val
003345,5,0,0,5,2,7,True,False,False,V1_P0_C0,medium,V1_P0_C0__medium,train
003346,5,0,0,5,2,7,True,False,False,V1_P0_C0,medium,V1_P0_C0__medium,train
003347,4,0,0,4,5,9,True,False,False,V1_P0_C0,medium,V1_P0_C0__medium,train
003348,1,0,0,1,1,2,True,False,False,V1_P0_C0,low,V1_P0_C0__low,val
003349,0,1,0,1,0,1,False,True,False,V0_P1_C0,low,V0_P1_C0__low,train
003350,3,0,0,3,1,4,True,False,False,V1_P0_C0,low,V1_P0_C0__low,train
003351,3,0,0,3,1,4,True,False,False,V1_P0_C0,low,V1_P0_C0__low,val
003352,5,0,0,5,1,6,True,False,False,V1_P0_C0,medium,V1_P0_C0__medium,train
003353,9,0,0,9,3,12,True,False,False,V1_P0_C0,high,V1_P0_C0__high,train
003354,1,0,0,1,1,2,True,False,False,V1_P0_C0,low,V1_P0_C0__low,train
003355,7,0,0,7,1,8,True,False,False,V1_P0_C0,high,V1_P0_C0__high,train
003356,17,2,0,19,0,19,True,True,False,V1_P1_C0,high,V1_P1_C0__high,train
003357,7,0,0,7,1,8,True,False,False,V1_P0_C0,high,V1_P0_C0__high,train
003358,5,0,0,5,1,6,True,False,False,V1_P0_C0,medium,V1_P0_C0__medium,train
003359,1,3,0,4,4,8,True,True,False,V1_P1_C0,medium,V1_P1_C0__medium,val
003360,2,0,0,2,5,7,True,False,False,V1_P0_C0,low,V1_P0_C0__low,train
003361,5,0,0,5,3,8,True,False,False,V1_P0_C0,medium,V1_P0_C0__medium,train
003362,1,0,0,1,4,5,True,False,False,V1_P0_C0,low,V1_P0_C0__low,train
003363,1,0,0,1,5,6,True,False,False,V1_P0_C0,low,V1_P0_C0__low,train
003364,3,0,0,3,3,6,True,False,False,V1_P0_C0,low,V1_P0_C0__low,train
003365,1,0,0,1,4,5,True,False,False,V1_P0_C0,low,V1_P0_C0__low,train
003366,2,0,0,2,3,5,True,False,False,V1_P0_C0,low,V1_P0_C0__low,train
003367,2,2,2,6,5,11,True,True,True,V1_P1_C1,medium,V1_P1_C1__medium,train
003368,3,0,1,4,3,7,True,False,True,V1_P0_C1,medium,V1_P0_C1__medium,train
003369,5,4,0,9,0,9,True,True,False,V1_P1_C0,high,V1_P1_C0__high,train
003370,5,0,0,5,2,7,True,False,False,V1_P0_C0,medium,V1_P0_C0__medium,train
003371,6,0,0,6,3,9,True,False,False,V1_P0_C0,medium,V1_P0_C0__medium,train
003372,3,0,0,3,0,3,True,False,False,V1_P0_C0,low,V1_P0_C0__low,val
003373,2,1,0,3,1,4,True,True,False,V1_P1_C0,low,V1_P1_C0__low,train
003374,4,0,0,4,3,7,True,False,False,V1_P0_C0,medium,V1_P0_C0__medium,train
003375,9,0,0,9,3,12,True,False,False,V1_P0_C0,high,V1_P0_C0__high,val
003376,1,0,0,1,0,1,True,False,False,V1_P0_C0,low,V1_P0_C0__low,train
003377,0,5,1,6,2,8,False,True,True,V0_P1_C1,medium,V0_P1_C1__medium,train
003378,5,0,0,5,6,11,True,False,False,V1_P0_C0,medium,V1_P0_C0__medium,train
003379,0,2,3,5,6,11,False,True,True,V0_P1_C1,medium,V0_P1_C1__medium,val
003380,2,6,1,9,0,9,True,True,True,V1_P1_C1,high,V1_P1_C1__high,train
003381,9,0,0,9,3,12,True,False,False,V1_P0_C0,high,V1_P0_C0__high,train
003382,6,0,0,6,1,7,True,False,False,V1_P0_C0,medium,V1_P0_C0__medium,train
003383,2,0,0,2,0,2,True,False,False,V1_P0_C0,low,V1_P0_C0__low,train
003384,2,0,0,2,0,2,True,False,False,V1_P0_C0,low,V1_P0_C0__low,train
003385,2,0,0,2,1,3,True,False,False,V1_P0_C0,low,V1_P0_C0__low,val
003386,8,0,0,8,2,10,True,False,False,V1_P0_C0,high,V1_P0_C0__high,train
003387,2,2,0,4,1,5,True,True,False,V1_P1_C0,medium,V1_P1_C0__medium,train
003388,5,0,0,5,4,9,True,False,False,V1_P0_C0,medium,V1_P0_C0__medium,train
003389,2,0,0,2,0,2,True,False,False,V1_P0_C0,low,V1_P0_C0__low,train
003390,2,4,3,9,4,13,True,True,True,V1_P1_C1,high,V1_P1_C1__high,train
003391,7,1,1,9,2,11,True,True,True,V1_P1_C1,high,V1_P1_C1__high,train
003392,8,0,0,8,1,9,True,False,False,V1_P0_C0,high,V1_P0_C0__high,train
003393,0,4,2,6,3,9,False,True,True,V0_P1_C1,medium,V0_P1_C1__medium,train
003394,8,0,1,9,1,10,True,False,True,V1_P0_C1,high,V1_P0_C1__high,val
003395,5,0,0,5,2,7,True,False,False,V1_P0_C0,medium,V1_P0_C0__medium,train
003396,8,0,0,8,0,8,True,False,False,V1_P0_C0,high,V1_P0_C0__high,train
003397,3,0,0,3,1,4,True,False,False,V1_P0_C0,low,V1_P0_C0__low,train
003398,4,11,3,18,1,19,True,True,True,V1_P1_C1,high,V1_P1_C1__high,train
003399,3,0,0,3,1,4,True,False,False,V1_P0_C0,low,V1_P0_C0__low,val
003400,1,0,0,1,1,2,True,False,False,V1_P0_C0,low,V1_P0_C0__low,train
003401,3,0,0,3,1,4,True,False,False,V1_P0_C0,low,V1_P0_C0__low,train
003402,1,1,0,2,6,8,True,True,False,V1_P1_C0,low,V1_P1_C0__low,train
003403,3,0,1,4,3,7,True,False,True,V1_P0_C1,medium,V1_P0_C1__medium,val
003404,4,0,1,5,3,8,True,False,True,V1_P0_C1,medium,V1_P0_C1__medium,val
003405,5,0,0,5,3,8,True,False,False,V1_P0_C0,medium,V1_P0_C0__medium,train
003406,2,0,0,2,0,2,True,False,False,V1_P0_C0,low,V1_P0_C0__low,val
003407,8,0,1,9,1,10,True,False,True,V1_P0_C1,high,V1_P0_C1__high,train
003408,4,0,0,4,2,6,True,False,False,V1_P0_C0,medium,V1_P0_C0__medium,train
003409,14,0,0,14,3,17,True,False,False,V1_P0_C0,high,V1_P0_C0__high,train
003410,7,0,0,7,0,7,True,False,False,V1_P0_C0,high,V1_P0_C0__high,train
003411,1,0,0,1,0,1,True,False,False,V1_P0_C0,low,V1_P0_C0__low,train
003412,3,0,0,3,4,7,True,False,False,V1_P0_C0,low,V1_P0_C0__low,val
003413,2,0,0,2,0,2,True,False,False,V1_P0_C0,low,V1_P0_C0__low,train
003414,1,0,0,1,3,4,True,False,False,V1_P0_C0,low,V1_P0_C0__low,train
003415,3,0,0,3,1,4,True,False,False,V1_P0_C0,low,V1_P0_C0__low,train
003416,5,0,0,5,2,7,True,False,False,V1_P0_C0,medium,V1_P0_C0__medium,val
003417,5,1,0,6,2,8,True,True,False,V1_P1_C0,medium,V1_P1_C0__medium,train
003418,4,0,0,4,2,6,True,False,False,V1_P0_C0,medium,V1_P0_C0__medium,val
003419,2,0,0,2,3,5,True,False,False,V1_P0_C0,low,V1_P0_C0__low,val
003420,1,0,0,1,0,1,True,False,False,V1_P0_C0,low,V1_P0_C0__low,val
003421,0,1,0,1,0,1,False,True,False,V0_P1_C0,low,V0_P1_C0__low,val
003422,3,0,1,4,3,7,True,False,True,V1_P0_C1,medium,V1_P0_C1__medium,train
003423,5,0,0,5,0,5,True,False,False,V1_P0_C0,medium,V1_P0_C0__medium,val
003424,1,0,0,1,4,5,True,False,False,V1_P0_C0,low,V1_P0_C0__low,train
003425,2,0,0,2,1,3,True,False,False,V1_P0_C0,low,V1_P0_C0__low,val
003426,2,2,1,5,3,8,True,True,True,V1_P1_C1,medium,V1_P1_C1__medium,val
003427,2,0,0,2,0,2,True,False,False,V1_P0_C0,low,V1_P0_C0__low,train
003428,3,0,0,3,2,5,True,False,False,V1_P0_C0,low,V1_P0_C0__low,train
003429,4,0,0,4,2,6,True,False,False,V1_P0_C0,medium,V1_P0_C0__medium,train
003430,5,0,0,5,1,6,True,False,False,V1_P0_C0,medium,V1_P0_C0__medium,train
003431,2,0,0,2,0,2,True,False,False,V1_P0_C0,low,V1_P0_C0__low,val
003432,4,0,0,4,1,5,True,False,False,V1_P0_C0,medium,V1_P0_C0__medium,train
003433,2,0,0,2,0,2,True,False,False,V1_P0_C0,low,V1_P0_C0__low,val
003434,8,0,0,8,2,10,True,False,False,V1_P0_C0,high,V1_P0_C0__high,train
003435,0,1,0,1,0,1,False,True,False,V0_P1_C0,low,V0_P1_C0__low,train
003436,8,0,0,8,7,15,True,False,False,V1_P0_C0,high,V1_P0_C0__high,train
003437,0,7,2,9,1,10,False,True,True,V0_P1_C1,high,V0_P1_C1__high,train
003438,2,6,1,9,0,9,True,True,True,V1_P1_C1,high,V1_P1_C1__high,train
003439,3,0,0,3,0,3,True,False,False,V1_P0_C0,low,V1_P0_C0__low,train
003440,13,0,0,13,1,14,True,False,False,V1_P0_C0,high,V1_P0_C0__high,train
003441,9,0,0,9,2,11,True,False,False,V1_P0_C0,high,V1_P0_C0__high,train
003442,7,3,2,12,2,14,True,True,True,V1_P1_C1,high,V1_P1_C1__high,train
003443,7,0,0,7,2,9,True,False,False,V1_P0_C0,high,V1_P0_C0__high,train
003444,15,0,0,15,3,18,True,False,False,V1_P0_C0,high,V1_P0_C0__high,train
003445,1,0,0,1,1,2,True,False,False,V1_P0_C0,low,V1_P0_C0__low,train
003446,1,0,0,1,0,1,True,False,False,V1_P0_C0,low,V1_P0_C0__low,val
003447,1,0,0,1,3,4,True,False,False,V1_P0_C0,low,V1_P0_C0__low,train
003448,1,0,0,1,0,1,True,False,False,V1_P0_C0,low,V1_P0_C0__low,val
003449,1,0,0,1,0,1,True,False,False,V1_P0_C0,low,V1_P0_C0__low,train
003450,2,0,1,3,3,6,True,False,True,V1_P0_C1,low,V1_P0_C1__low,train
003451,2,0,0,2,0,2,True,False,False,V1_P0_C0,low,V1_P0_C0__low,train
003452,2,0,0,2,0,2,True,False,False,V1_P0_C0,low,V1_P0_C0__low,train
003453,3,0,0,3,3,6,True,False,False,V1_P0_C0,low,V1_P0_C0__low,val
003454,0,6,4,10,4,14,False,True,True,V0_P1_C1,high,V0_P1_C1__high,val
003455,0,6,0,6,2,8,False,True,False,V0_P1_C0,medium,V0_P1_C0__medium,train
003456,3,0,0,3,0,3,True,False,False,V1_P0_C0,low,V1_P0_C0__low,train
003457,4,0,0,4,2,6,True,False,False,V1_P0_C0,medium,V1_P0_C0__medium,train
003458,4,0,0,4,3,7,True,False,False,V1_P0_C0,medium,V1_P0_C0__medium,val
003459,12,1,0,13,5,18,True,True,False,V1_P1_C0,high,V1_P1_C0__high,train
003460,4,0,0,4,0,4,True,False,False,V1_P0_C0,medium,V1_P0_C0__medium,train
003461,4,0,0,4,1,5,True,False,False,V1_P0_C0,medium,V1_P0_C0__medium,train
003462,5,0,0,5,2,7,True,False,False,V1_P0_C0,medium,V1_P0_C0__medium,train
003463,3,0,0,3,1,4,True,False,False,V1_P0_C0,low,V1_P0_C0__low,train
003464,1,15,0,16,3,19,True,True,False,V1_P1_C0,high,V1_P1_C0__high,train
003465,6,1,0,7,0,7,True,True,False,V1_P1_C0,high,V1_P1_C0__high,train
003466,2,2,2,6,1,7,True,True,True,V1_P1_C1,medium,V1_P1_C1__medium,train
003467,2,0,0,2,1,3,True,False,False,V1_P0_C0,low,V1_P0_C0__low,val
003468,1,0,0,1,2,3,True,False,False,V1_P0_C0,low,V1_P0_C0__low,val
003469,1,0,1,2,3,5,True,False,True,V1_P0_C1,low,V1_P0_C1__low,train
003470,4,0,0,4,4,8,True,False,False,V1_P0_C0,medium,V1_P0_C0__medium,train
003471,6,0,0,6,2,8,True,False,False,V1_P0_C0,medium,V1_P0_C0__medium,train
003472,4,12,0,16,1,17,True,True,False,V1_P1_C0,high,V1_P1_C0__high,train
003473,13,0,0,13,1,14,True,False,False,V1_P0_C0,high,V1_P0_C0__high,train
003474,10,0,0,10,2,12,True,False,False,V1_P0_C0,high,V1_P0_C0__high,train
003475,1,0,0,1,1,2,True,False,False,V1_P0_C0,low,V1_P0_C0__low,train
003476,0,1,0,1,0,1,False,True,False,V0_P1_C0,low,V0_P1_C0__low,val
003477,4,0,0,4,3,7,True,False,False,V1_P0_C0,medium,V1_P0_C0__medium,train
003478,7,0,1,8,2,10,True,False,True,V1_P0_C1,high,V1_P0_C1__high,train
003479,5,0,0,5,2,7,True,False,False,V1_P0_C0,medium,V1_P0_C0__medium,val
003480,0,6,2,8,3,11,False,True,True,V0_P1_C1,high,V0_P1_C1__high,val
003481,0,1,0,1,0,1,False,True,False,V0_P1_C0,low,V0_P1_C0__low,train
003482,4,0,0,4,1,5,True,False,False,V1_P0_C0,medium,V1_P0_C0__medium,train
003483,4,0,0,4,3,7,True,False,False,V1_P0_C0,medium,V1_P0_C0__medium,val
003484,6,0,0,6,1,7,True,False,False,V1_P0_C0,medium,V1_P0_C0__medium,train
003485,1,0,0,1,3,4,True,False,False,V1_P0_C0,low,V1_P0_C0__low,train
003486,5,0,0,5,1,6,True,False,False,V1_P0_C0,medium,V1_P0_C0__medium,train
003487,3,8,0,11,1,12,True,True,False,V1_P1_C0,high,V1_P1_C0__high,val
003488,9,0,0,9,2,11,True,False,False,V1_P0_C0,high,V1_P0_C0__high,train
003489,2,5,2,9,3,12,True,True,True,V1_P1_C1,high,V1_P1_C1__high,train
003490,4,1,1,6,2,8,True,True,True,V1_P1_C1,medium,V1_P1_C1__medium,train
003491,0,1,0,1,0,1,False,True,False,V0_P1_C0,low,V0_P1_C0__low,train
003492,0,1,0,1,5,6,False,True,False,V0_P1_C0,low,V0_P1_C0__low,train
003493,5,0,0,5,3,8,True,False,False,V1_P0_C0,medium,V1_P0_C0__medium,train
003494,10,1,0,11,2,13,True,True,False,V1_P1_C0,high,V1_P1_C0__high,train
003495,2,0,0,2,3,5,True,False,False,V1_P0_C0,low,V1_P0_C0__low,train
003496,2,0,0,2,2,4,True,False,False,V1_P0_C0,low,V1_P0_C0__low,train
003497,7,0,0,7,0,7,True,False,False,V1_P0_C0,high,V1_P0_C0__high,train
003498,9,1,0,10,0,10,True,True,False,V1_P1_C0,high,V1_P1_C0__high,val
003499,5,0,0,5,2,7,True,False,False,V1_P0_C0,medium,V1_P0_C0__medium,train
003500,14,0,0,14,0,14,True,False,False,V1_P0_C0,high,V1_P0_C0__high,val
003501,5,0,0,5,1,6,True,False,False,V1_P0_C0,medium,V1_P0_C0__medium,train
003502,1,16,0,17,5,22,True,True,False,V1_P1_C0,high,V1_P1_C0__high,train
003503,5,0,0,5,1,6,True,False,False,V1_P0_C0,medium,V1_P0_C0__medium,train
003504,2,0,0,2,1,3,True,False,False,V1_P0_C0,low,V1_P0_C0__low,val
003505,5,0,0,5,1,6,True,False,False,V1_P0_C0,medium,V1_P0_C0__medium,train
003506,5,0,0,5,0,5,True,False,False,V1_P0_C0,medium,V1_P0_C0__medium,train
003507,13,0,0,13,1,14,True,False,False,V1_P0_C0,high,V1_P0_C0__high,train
003508,13,0,0,13,1,14,True,False,False,V1_P0_C0,high,V1_P0_C0__high,train
003509,3,0,0,3,1,4,True,False,False,V1_P0_C0,low,V1_P0_C0__low,train
003510,4,0,2,6,5,11,True,False,True,V1_P0_C1,medium,V1_P0_C1__medium,train
003511,2,2,0,4,1,5,True,True,False,V1_P1_C0,medium,V1_P1_C0__medium,val
003512,3,0,2,5,10,15,True,False,True,V1_P0_C1,medium,V1_P0_C1__medium,train
003513,9,0,0,9,2,11,True,False,False,V1_P0_C0,high,V1_P0_C0__high,train
003514,10,1,0,11,3,14,True,True,False,V1_P1_C0,high,V1_P1_C0__high,train
003515,5,0,0,5,0,5,True,False,False,V1_P0_C0,medium,V1_P0_C0__medium,train
003516,2,0,1,3,0,3,True,False,True,V1_P0_C1,low,V1_P0_C1__low,train
003517,5,0,0,5,0,5,True,False,False,V1_P0_C0,medium,V1_P0_C0__medium,val
003518,2,3,1,6,0,6,True,True,True,V1_P1_C1,medium,V1_P1_C1__medium,train
003519,5,0,0,5,0,5,True,False,False,V1_P0_C0,medium,V1_P0_C0__medium,train
003520,3,0,0,3,2,5,True,False,False,V1_P0_C0,low,V1_P0_C0__low,train
003521,8,0,0,8,1,9,True,False,False,V1_P0_C0,high,V1_P0_C0__high,train
003522,1,0,0,1,1,2,True,False,False,V1_P0_C0,low,V1_P0_C0__low,train
003523,1,0,0,1,5,6,True,False,False,V1_P0_C0,low,V1_P0_C0__low,train
003524,3,0,0,3,1,4,True,False,False,V1_P0_C0,low,V1_P0_C0__low,train
003525,4,0,0,4,6,10,True,False,False,V1_P0_C0,medium,V1_P0_C0__medium,val
003526,0,6,4,10,3,13,False,True,True,V0_P1_C1,high,V0_P1_C1__high,val
003527,2,0,1,3,5,8,True,False,True,V1_P0_C1,low,V1_P0_C1__low,train
003528,4,0,0,4,5,9,True,False,False,V1_P0_C0,medium,V1_P0_C0__medium,train
003529,9,0,0,9,1,10,True,False,False,V1_P0_C0,high,V1_P0_C0__high,train
003530,1,0,1,2,3,5,True,False,True,V1_P0_C1,low,V1_P0_C1__low,train
003531,11,0,0,11,4,15,True,False,False,V1_P0_C0,high,V1_P0_C0__high,train
003532,3,0,0,3,0,3,True,False,False,V1_P0_C0,low,V1_P0_C0__low,val
003533,1,0,1,2,3,5,True,False,True,V1_P0_C1,low,V1_P0_C1__low,train
003534,3,0,1,4,4,8,True,False,True,V1_P0_C1,medium,V1_P0_C1__medium,val
003535,3,0,0,3,3,6,True,False,False,V1_P0_C0,low,V1_P0_C0__low,train
003536,2,0,0,2,1,3,True,False,False,V1_P0_C0,low,V1_P0_C0__low,val
003537,14,0,0,14,1,15,True,False,False,V1_P0_C0,high,V1_P0_C0__high,train
003538,5,0,0,5,2,7,True,False,False,V1_P0_C0,medium,V1_P0_C0__medium,train
003539,4,0,0,4,3,7,True,False,False,V1_P0_C0,medium,V1_P0_C0__medium,train
003540,2,3,1,6,0,6,True,True,True,V1_P1_C1,medium,V1_P1_C1__medium,train
003541,11,0,0,11,1,12,True,False,False,V1_P0_C0,high,V1_P0_C0__high,train
003542,3,0,0,3,0,3,True,False,False,V1_P0_C0,low,V1_P0_C0__low,train
003543,4,0,0,4,2,6,True,False,False,V1_P0_C0,medium,V1_P0_C0__medium,train
003544,13,1,0,14,6,20,True,True,False,V1_P1_C0,high,V1_P1_C0__high,train
003545,5,0,0,5,5,10,True,False,False,V1_P0_C0,medium,V1_P0_C0__medium,train
003546,4,0,0,4,0,4,True,False,False,V1_P0_C0,medium,V1_P0_C0__medium,train
003547,4,0,0,4,2,6,True,False,False,V1_P0_C0,medium,V1_P0_C0__medium,train
003548,4,0,1,5,4,9,True,False,True,V1_P0_C1,medium,V1_P0_C1__medium,train
003549,7,0,0,7,1,8,True,False,False,V1_P0_C0,high,V1_P0_C0__high,val
003550,2,2,2,6,1,7,True,True,True,V1_P1_C1,medium,V1_P1_C1__medium,val
003551,6,0,0,6,2,8,True,False,False,V1_P0_C0,medium,V1_P0_C0__medium,train
003552,2,2,0,4,1,5,True,True,False,V1_P1_C0,medium,V1_P1_C0__medium,train
003553,3,0,0,3,4,7,True,False,False,V1_P0_C0,low,V1_P0_C0__low,train
003554,13,1,0,14,4,18,True,True,False,V1_P1_C0,high,V1_P1_C0__high,train
003555,7,2,0,9,7,16,True,True,False,V1_P1_C0,high,V1_P1_C0__high,train
003556,3,1,0,4,6,10,True,True,False,V1_P1_C0,medium,V1_P1_C0__medium,train
003557,2,0,0,2,1,3,True,False,False,V1_P0_C0,low,V1_P0_C0__low,train
003558,2,0,0,2,2,4,True,False,False,V1_P0_C0,low,V1_P0_C0__low,val
003559,2,0,0,2,1,3,True,False,False,V1_P0_C0,low,V1_P0_C0__low,val
003560,1,6,2,9,0,9,True,True,True,V1_P1_C1,high,V1_P1_C1__high,val
003561,4,0,0,4,3,7,True,False,False,V1_P0_C0,medium,V1_P0_C0__medium,train
003562,3,0,0,3,2,5,True,False,False,V1_P0_C0,low,V1_P0_C0__low,train
003563,8,0,0,8,3,11,True,False,False,V1_P0_C0,high,V1_P0_C0__high,train
003564,10,0,1,11,1,12,True,False,True,V1_P0_C1,high,V1_P0_C1__high,val
003565,9,0,0,9,1,10,True,False,False,V1_P0_C0,high,V1_P0_C0__high,train
003566,7,0,0,7,2,9,True,False,False,V1_P0_C0,high,V1_P0_C0__high,train
003567,6,0,0,6,2,8,True,False,False,V1_P0_C0,medium,V1_P0_C0__medium,train
003568,7,0,0,7,3,10,True,False,False,V1_P0_C0,high,V1_P0_C0__high,train
003569,6,0,0,6,1,7,True,False,False,V1_P0_C0,medium,V1_P0_C0__medium,train
003570,6,0,0,6,0,6,True,False,False,V1_P0_C0,medium,V1_P0_C0__medium,train
003571,0,1,0,1,0,1,False,True,False,V0_P1_C0,low,V0_P1_C0__low,train
003572,2,0,0,2,3,5,True,False,False,V1_P0_C0,low,V1_P0_C0__low,val
003573,1,0,1,2,1,3,True,False,True,V1_P0_C1,low,V1_P0_C1__low,train
003574,12,0,0,12,3,15,True,False,False,V1_P0_C0,high,V1_P0_C0__high,train
003575,2,0,0,2,2,4,True,False,False,V1_P0_C0,low,V1_P0_C0__low,train
003576,0,1,0,1,0,1,False,True,False,V0_P1_C0,low,V0_P1_C0__low,train
003577,16,0,0,16,1,17,True,False,False,V1_P0_C0,high,V1_P0_C0__high,train
003578,2,0,0,2,0,2,True,False,False,V1_P0_C0,low,V1_P0_C0__low,val
003579,6,0,0,6,0,6,True,False,False,V1_P0_C0,medium,V1_P0_C0__medium,train
003580,1,0,1,2,2,4,True,False,True,V1_P0_C1,low,V1_P0_C1__low,val
003581,4,0,0,4,0,4,True,False,False,V1_P0_C0,medium,V1_P0_C0__medium,train
003582,1,0,0,1,0,1,True,False,False,V1_P0_C0,low,V1_P0_C0__low,train
003583,3,0,1,4,2,6,True,False,True,V1_P0_C1,medium,V1_P0_C1__medium,train
003584,2,0,0,2,2,4,True,False,False,V1_P0_C0,low,V1_P0_C0__low,train
003585,9,0,1,10,2,12,True,False,True,V1_P0_C1,high,V1_P0_C1__high,train
003586,0,2,0,2,11,13,False,True,False,V0_P1_C0,low,V0_P1_C0__low,train
003587,0,1,0,1,0,1,False,True,False,V0_P1_C0,low,V0_P1_C0__low,train
003588,4,0,0,4,2,6,True,False,False,V1_P0_C0,medium,V1_P0_C0__medium,train
003589,0,5,2,7,5,12,False,True,True,V0_P1_C1,high,V0_P1_C1__high,train
003590,2,0,0,2,4,6,True,False,False,V1_P0_C0,low,V1_P0_C0__low,val
003591,0,1,0,1,0,1,False,True,False,V0_P1_C0,low,V0_P1_C0__low,val
003592,4,0,0,4,2,6,True,False,False,V1_P0_C0,medium,V1_P0_C0__medium,train
003593,1,0,0,1,5,6,True,False,False,V1_P0_C0,low,V1_P0_C0__low,val
003594,1,0,0,1,1,2,True,False,False,V1_P0_C0,low,V1_P0_C0__low,val
003595,4,0,0,4,1,5,True,False,False,V1_P0_C0,medium,V1_P0_C0__medium,val
003596,1,0,0,1,1,2,True,False,False,V1_P0_C0,low,V1_P0_C0__low,train
003597,1,0,0,1,7,8,True,False,False,V1_P0_C0,low,V1_P0_C0__low,val
003598,5,0,0,5,3,8,True,False,False,V1_P0_C0,medium,V1_P0_C0__medium,train
003599,14,0,0,14,0,14,True,False,False,V1_P0_C0,high,V1_P0_C0__high,train
003600,4,0,0,4,3,7,True,False,False,V1_P0_C0,medium,V1_P0_C0__medium,train
003601,4,0,0,4,2,6,True,False,False,V1_P0_C0,medium,V1_P0_C0__medium,train
003602,7,1,1,9,1,10,True,True,True,V1_P1_C1,high,V1_P1_C1__high,train
003603,10,1,0,11,0,11,True,True,False,V1_P1_C0,high,V1_P1_C0__high,train
003604,2,0,0,2,0,2,True,False,False,V1_P0_C0,low,V1_P0_C0__low,train
003605,12,0,0,12,3,15,True,False,False,V1_P0_C0,high,V1_P0_C0__high,train
003606,2,0,0,2,7,9,True,False,False,V1_P0_C0,low,V1_P0_C0__low,train
003607,2,0,0,2,1,3,True,False,False,V1_P0_C0,low,V1_P0_C0__low,train
003608,0,2,1,3,6,9,False,True,True,V0_P1_C1,low,V0_P1_C1__low,train
003609,10,0,0,10,2,12,True,False,False,V1_P0_C0,high,V1_P0_C0__high,val
003610,2,0,0,2,0,2,True,False,False,V1_P0_C0,low,V1_P0_C0__low,train
003611,1,0,1,2,2,4,True,False,True,V1_P0_C1,low,V1_P0_C1__low,val
003612,1,0,0,1,5,6,True,False,False,V1_P0_C0,low,V1_P0_C0__low,train
003613,2,0,0,2,2,4,True,False,False,V1_P0_C0,low,V1_P0_C0__low,train
003614,3,0,0,3,1,4,True,False,False,V1_P0_C0,low,V1_P0_C0__low,train
003615,2,0,1,3,1,4,True,False,True,V1_P0_C1,low,V1_P0_C1__low,train
003616,1,0,2,3,1,4,True,False,True,V1_P0_C1,low,V1_P0_C1__low,train
003617,0,1,0,1,0,1,False,True,False,V0_P1_C0,low,V0_P1_C0__low,val
003618,9,0,0,9,1,10,True,False,False,V1_P0_C0,high,V1_P0_C0__high,train
003619,3,0,1,4,1,5,True,False,True,V1_P0_C1,medium,V1_P0_C1__medium,train
003620,11,0,0,11,1,12,True,False,False,V1_P0_C0,high,V1_P0_C0__high,train
003621,13,0,1,14,1,15,True,False,True,V1_P0_C1,high,V1_P0_C1__high,train
003622,12,0,0,12,1,13,True,False,False,V1_P0_C0,high,V1_P0_C0__high,train
003623,1,0,0,1,2,3,True,False,False,V1_P0_C0,low,V1_P0_C0__low,val
003624,4,0,0,4,1,5,True,False,False,V1_P0_C0,medium,V1_P0_C0__medium,train
003625,9,0,0,9,1,10,True,False,False,V1_P0_C0,high,V1_P0_C0__high,train
003626,3,0,1,4,2,6,True,False,True,V1_P0_C1,medium,V1_P0_C1__medium,train
003627,2,0,0,2,3,5,True,False,False,V1_P0_C0,low,V1_P0_C0__low,train
003628,4,2,0,6,1,7,True,True,False,V1_P1_C0,medium,V1_P1_C0__medium,train
003629,2,0,0,2,3,5,True,False,False,V1_P0_C0,low,V1_P0_C0__low,val
003630,2,0,0,2,3,5,True,False,False,V1_P0_C0,low,V1_P0_C0__low,train
003631,1,0,0,1,2,3,True,False,False,V1_P0_C0,low,V1_P0_C0__low,train
003632,1,6,0,7,2,9,True,True,False,V1_P1_C0,high,V1_P1_C0__high,train
003633,12,0,1,13,1,14,True,False,True,V1_P0_C1,high,V1_P0_C1__high,train
003634,1,1,0,2,1,3,True,True,False,V1_P1_C0,low,V1_P1_C0__low,val
003635,1,0,0,1,1,2,True,False,False,V1_P0_C0,low,V1_P0_C0__low,train
003636,1,0,0,1,1,2,True,False,False,V1_P0_C0,low,V1_P0_C0__low,train
003637,3,0,0,3,1,4,True,False,False,V1_P0_C0,low,V1_P0_C0__low,train
003638,4,0,0,4,4,8,True,False,False,V1_P0_C0,medium,V1_P0_C0__medium,train
003639,6,0,0,6,3,9,True,False,False,V1_P0_C0,medium,V1_P0_C0__medium,val
003640,4,0,0,4,1,5,True,False,False,V1_P0_C0,medium,V1_P0_C0__medium,train
003641,9,1,1,11,2,13,True,True,True,V1_P1_C1,high,V1_P1_C1__high,train
003642,15,2,0,17,3,20,True,True,False,V1_P1_C0,high,V1_P1_C0__high,train
003643,1,0,2,3,2,5,True,False,True,V1_P0_C1,low,V1_P0_C1__low,train
003644,0,2,0,2,5,7,False,True,False,V0_P1_C0,low,V0_P1_C0__low,train
003645,3,0,0,3,4,7,True,False,False,V1_P0_C0,low,V1_P0_C0__low,train
003646,15,1,0,16,1,17,True,True,False,V1_P1_C0,high,V1_P1_C0__high,train
003647,6,0,0,6,1,7,True,False,False,V1_P0_C0,medium,V1_P0_C0__medium,val
003648,9,0,0,9,7,16,True,False,False,V1_P0_C0,high,V1_P0_C0__high,train
003649,1,1,0,2,1,3,True,True,False,V1_P1_C0,low,V1_P1_C0__low,train
003650,4,0,0,4,3,7,True,False,False,V1_P0_C0,medium,V1_P0_C0__medium,val
003651,7,0,0,7,1,8,True,False,False,V1_P0_C0,high,V1_P0_C0__high,train
003652,9,0,0,9,2,11,True,False,False,V1_P0_C0,high,V1_P0_C0__high,train
003653,12,0,1,13,0,13,True,False,True,V1_P0_C1,high,V1_P0_C1__high,train
003654,1,0,0,1,1,2,True,False,False,V1_P0_C0,low,V1_P0_C0__low,train
003655,3,0,0,3,1,4,True,False,False,V1_P0_C0,low,V1_P0_C0__low,train
003656,6,0,0,6,3,9,True,False,False,V1_P0_C0,medium,V1_P0_C0__medium,train
003657,12,0,0,12,2,14,True,False,False,V1_P0_C0,high,V1_P0_C0__high,train
003658,5,0,0,5,2,7,True,False,False,V1_P0_C0,medium,V1_P0_C0__medium,train
003659,9,0,0,9,1,10,True,False,False,V1_P0_C0,high,V1_P0_C0__high,train
003660,3,0,0,3,0,3,True,False,False,V1_P0_C0,low,V1_P0_C0__low,val
003661,12,0,1,13,0,13,True,False,True,V1_P0_C1,high,V1_P0_C1__high,train
003662,7,0,0,7,1,8,True,False,False,V1_P0_C0,high,V1_P0_C0__high,val
003663,8,1,1,10,3,13,True,True,True,V1_P1_C1,high,V1_P1_C1__high,train
003664,5,1,0,6,4,10,True,True,False,V1_P1_C0,medium,V1_P1_C0__medium,train
003665,1,0,0,1,1,2,True,False,False,V1_P0_C0,low,V1_P0_C0__low,train
003666,8,0,0,8,4,12,True,False,False,V1_P0_C0,high,V1_P0_C0__high,val
003667,1,3,0,4,3,7,True,True,False,V1_P1_C0,medium,V1_P1_C0__medium,train
003668,2,2,1,5,3,8,True,True,True,V1_P1_C1,medium,V1_P1_C1__medium,train
003669,4,0,0,4,2,6,True,False,False,V1_P0_C0,medium,V1_P0_C0__medium,train
003670,0,1,0,1,0,1,False,True,False,V0_P1_C0,low,V0_P1_C0__low,train
003671,2,0,0,2,1,3,True,False,False,V1_P0_C0,low,V1_P0_C0__low,train
003672,3,0,0,3,2,5,True,False,False,V1_P0_C0,low,V1_P0_C0__low,train
003673,1,0,0,1,2,3,True,False,False,V1_P0_C0,low,V1_P0_C0__low,train
003674,9,0,0,9,1,10,True,False,False,V1_P0_C0,high,V1_P0_C0__high,val
003675,0,1,0,1,0,1,False,True,False,V0_P1_C0,low,V0_P1_C0__low,train
003676,12,0,0,12,1,13,True,False,False,V1_P0_C0,high,V1_P0_C0__high,train
003677,5,0,3,8,3,11,True,False,True,V1_P0_C1,high,V1_P0_C1__high,train
003678,2,0,1,3,3,6,True,False,True,V1_P0_C1,low,V1_P0_C1__low,train
003679,3,0,0,3,3,6,True,False,False,V1_P0_C0,low,V1_P0_C0__low,train
003680,1,0,0,1,1,2,True,False,False,V1_P0_C0,low,V1_P0_C0__low,train
003681,8,0,0,8,3,11,True,False,False,V1_P0_C0,high,V1_P0_C0__high,train
003682,1,0,1,2,2,4,True,False,True,V1_P0_C1,low,V1_P0_C1__low,train
003683,1,12,0,13,1,14,True,True,False,V1_P1_C0,high,V1_P1_C0__high,val
003684,8,0,0,8,3,11,True,False,False,V1_P0_C0,high,V1_P0_C0__high,train
003685,2,0,0,2,2,4,True,False,False,V1_P0_C0,low,V1_P0_C0__low,train
003686,8,1,1,10,1,11,True,True,True,V1_P1_C1,high,V1_P1_C1__high,train
003687,5,4,0,9,1,10,True,True,False,V1_P1_C0,high,V1_P1_C0__high,train
003688,1,5,0,6,4,10,True,True,False,V1_P1_C0,medium,V1_P1_C0__medium,train
003689,1,0,0,1,3,4,True,False,False,V1_P0_C0,low,V1_P0_C0__low,train
003690,9,0,0,9,7,16,True,False,False,V1_P0_C0,high,V1_P0_C0__high,train
003691,10,0,1,11,0,11,True,False,True,V1_P0_C1,high,V1_P0_C1__high,train
003692,2,0,0,2,8,10,True,False,False,V1_P0_C0,low,V1_P0_C0__low,train
003693,2,0,0,2,0,2,True,False,False,V1_P0_C0,low,V1_P0_C0__low,train
003694,0,1,0,1,0,1,False,True,False,V0_P1_C0,low,V0_P1_C0__low,train
003695,14,0,0,14,0,14,True,False,False,V1_P0_C0,high,V1_P0_C0__high,train
003696,1,1,1,3,1,4,True,True,True,V1_P1_C1,low,V1_P1_C1__low,train
003697,6,0,0,6,2,8,True,False,False,V1_P0_C0,medium,V1_P0_C0__medium,train
003698,4,0,0,4,2,6,True,False,False,V1_P0_C0,medium,V1_P0_C0__medium,val
003699,2,0,0,2,2,4,True,False,False,V1_P0_C0,low,V1_P0_C0__low,train
003700,0,1,0,1,0,1,False,True,False,V0_P1_C0,low,V0_P1_C0__low,val
003701,8,0,0,8,0,8,True,False,False,V1_P0_C0,high,V1_P0_C0__high,train
003702,2,0,0,2,3,5,True,False,False,V1_P0_C0,low,V1_P0_C0__low,train
003703,0,1,0,1,0,1,False,True,False,V0_P1_C0,low,V0_P1_C0__low,train
003704,15,0,0,15,4,19,True,False,False,V1_P0_C0,high,V1_P0_C0__high,train
003705,3,0,0,3,2,5,True,False,False,V1_P0_C0,low,V1_P0_C0__low,train
003706,8,1,1,10,3,13,True,True,True,V1_P1_C1,high,V1_P1_C1__high,train
003707,1,0,0,1,1,2,True,False,False,V1_P0_C0,low,V1_P0_C0__low,val
003708,9,0,0,9,3,12,True,False,False,V1_P0_C0,high,V1_P0_C0__high,train
003709,1,6,2,9,1,10,True,True,True,V1_P1_C1,high,V1_P1_C1__high,val
003710,3,0,0,3,2,5,True,False,False,V1_P0_C0,low,V1_P0_C0__low,train
003711,3,0,0,3,0,3,True,False,False,V1_P0_C0,low,V1_P0_C0__low,train
003712,2,0,0,2,1,3,True,False,False,V1_P0_C0,low,V1_P0_C0__low,train
003713,5,0,1,6,3,9,True,False,True,V1_P0_C1,medium,V1_P0_C1__medium,train
003714,2,0,0,2,0,2,True,False,False,V1_P0_C0,low,V1_P0_C0__low,train
003715,7,0,0,7,0,7,True,False,False,V1_P0_C0,high,V1_P0_C0__high,val
003716,4,0,0,4,2,6,True,False,False,V1_P0_C0,medium,V1_P0_C0__medium,val
003717,8,0,0,8,1,9,True,False,False,V1_P0_C0,high,V1_P0_C0__high,train
003718,1,15,0,16,5,21,True,True,False,V1_P1_C0,high,V1_P1_C0__high,train
003719,8,0,0,8,1,9,True,False,False,V1_P0_C0,high,V1_P0_C0__high,train
003720,4,0,0,4,2,6,True,False,False,V1_P0_C0,medium,V1_P0_C0__medium,train
003721,5,0,0,5,0,5,True,False,False,V1_P0_C0,medium,V1_P0_C0__medium,train
003722,6,1,0,7,1,8,True,True,False,V1_P1_C0,high,V1_P1_C0__high,train
003723,1,1,0,2,4,6,True,True,False,V1_P1_C0,low,V1_P1_C0__low,train
003724,1,0,0,1,1,2,True,False,False,V1_P0_C0,low,V1_P0_C0__low,train
003725,9,1,0,10,1,11,True,True,False,V1_P1_C0,high,V1_P1_C0__high,val
003726,2,0,2,4,2,6,True,False,True,V1_P0_C1,medium,V1_P0_C1__medium,train
003727,1,0,0,1,1,2,True,False,False,V1_P0_C0,low,V1_P0_C0__low,train
003728,1,4,0,5,5,10,True,True,False,V1_P1_C0,medium,V1_P1_C0__medium,train
003729,2,0,0,2,1,3,True,False,False,V1_P0_C0,low,V1_P0_C0__low,train
003730,9,0,0,9,2,11,True,False,False,V1_P0_C0,high,V1_P0_C0__high,train
003731,6,0,0,6,0,6,True,False,False,V1_P0_C0,medium,V1_P0_C0__medium,val
003732,6,0,0,6,0,6,True,False,False,V1_P0_C0,medium,V1_P0_C0__medium,train
003733,2,0,0,2,1,3,True,False,False,V1_P0_C0,low,V1_P0_C0__low,train
003734,3,0,0,3,5,8,True,False,False,V1_P0_C0,low,V1_P0_C0__low,train
003735,7,0,0,7,3,10,True,False,False,V1_P0_C0,high,V1_P0_C0__high,train
003736,7,0,0,7,2,9,True,False,False,V1_P0_C0,high,V1_P0_C0__high,val
003737,0,1,0,1,0,1,False,True,False,V0_P1_C0,low,V0_P1_C0__low,val
003738,2,0,0,2,2,4,True,False,False,V1_P0_C0,low,V1_P0_C0__low,train
003739,2,2,0,4,2,6,True,True,False,V1_P1_C0,medium,V1_P1_C0__medium,val
003740,0,5,2,7,1,8,False,True,True,V0_P1_C1,high,V0_P1_C1__high,train
003741,2,0,0,2,2,4,True,False,False,V1_P0_C0,low,V1_P0_C0__low,train
003742,5,0,0,5,1,6,True,False,False,V1_P0_C0,medium,V1_P0_C0__medium,train
003743,1,0,0,1,4,5,True,False,False,V1_P0_C0,low,V1_P0_C0__low,train
003744,11,1,0,12,1,13,True,True,False,V1_P1_C0,high,V1_P1_C0__high,val
003745,6,0,0,6,1,7,True,False,False,V1_P0_C0,medium,V1_P0_C0__medium,train
003746,7,0,2,9,1,10,True,False,True,V1_P0_C1,high,V1_P0_C1__high,train
003747,4,0,0,4,1,5,True,False,False,V1_P0_C0,medium,V1_P0_C0__medium,val
003748,1,0,0,1,6,7,True,False,False,V1_P0_C0,low,V1_P0_C0__low,val
003749,10,0,0,10,4,14,True,False,False,V1_P0_C0,high,V1_P0_C0__high,train
003750,1,0,1,2,3,5,True,False,True,V1_P0_C1,low,V1_P0_C1__low,train
003751,3,0,0,3,2,5,True,False,False,V1_P0_C0,low,V1_P0_C0__low,train
003752,1,0,0,1,1,2,True,False,False,V1_P0_C0,low,V1_P0_C0__low,train
003753,1,14,1,16,2,18,True,True,True,V1_P1_C1,high,V1_P1_C1__high,train
003754,2,0,0,2,0,2,True,False,False,V1_P0_C0,low,V1_P0_C0__low,train
003755,9,0,0,9,1,10,True,False,False,V1_P0_C0,high,V1_P0_C0__high,train
003756,4,0,0,4,1,5,True,False,False,V1_P0_C0,medium,V1_P0_C0__medium,train
003757,3,0,0,3,3,6,True,False,False,V1_P0_C0,low,V1_P0_C0__low,train
003758,17,2,0,19,0,19,True,True,False,V1_P1_C0,high,V1_P1_C0__high,train
003759,0,5,2,7,2,9,False,True,True,V0_P1_C1,high,V0_P1_C1__high,train
003760,4,0,0,4,3,7,True,False,False,V1_P0_C0,medium,V1_P0_C0__medium,train
003761,2,0,0,2,6,8,True,False,False,V1_P0_C0,low,V1_P0_C0__low,train
003762,0,1,0,1,2,3,False,True,False,V0_P1_C0,low,V0_P1_C0__low,train
003763,1,4,1,6,2,8,True,True,True,V1_P1_C1,medium,V1_P1_C1__medium,train
003764,4,0,0,4,1,5,True,False,False,V1_P0_C0,medium,V1_P0_C0__medium,train
003765,1,6,3,10,7,17,True,True,True,V1_P1_C1,high,V1_P1_C1__high,train
003766,1,9,1,11,0,11,True,True,True,V1_P1_C1,high,V1_P1_C1__high,train
003767,5,0,0,5,2,7,True,False,False,V1_P0_C0,medium,V1_P0_C0__medium,train
003768,1,0,0,1,0,1,True,False,False,V1_P0_C0,low,V1_P0_C0__low,train
003769,2,0,0,2,1,3,True,False,False,V1_P0_C0,low,V1_P0_C0__low,train
003770,0,1,0,1,0,1,False,True,False,V0_P1_C0,low,V0_P1_C0__low,train
003771,2,0,0,2,1,3,True,False,False,V1_P0_C0,low,V1_P0_C0__low,train
003772,8,0,0,8,5,13,True,False,False,V1_P0_C0,high,V1_P0_C0__high,train
003773,1,0,0,1,3,4,True,False,False,V1_P0_C0,low,V1_P0_C0__low,train
003774,1,1,0,2,0,2,True,True,False,V1_P1_C0,low,V1_P1_C0__low,train
003775,5,1,0,6,4,10,True,True,False,V1_P1_C0,medium,V1_P1_C0__medium,train
003776,1,0,0,1,4,5,True,False,False,V1_P0_C0,low,V1_P0_C0__low,val
003777,0,1,0,1,2,3,False,True,False,V0_P1_C0,low,V0_P1_C0__low,train
003778,7,0,0,7,3,10,True,False,False,V1_P0_C0,high,V1_P0_C0__high,train
003779,9,0,1,10,1,11,True,False,True,V1_P0_C1,high,V1_P0_C1__high,val
003780,5,0,0,5,1,6,True,False,False,V1_P0_C0,medium,V1_P0_C0__medium,train
003781,9,0,0,9,1,10,True,False,False,V1_P0_C0,high,V1_P0_C0__high,train
003782,8,0,0,8,2,10,True,False,False,V1_P0_C0,high,V1_P0_C0__high,val
003783,3,0,0,3,0,3,True,False,False,V1_P0_C0,low,V1_P0_C0__low,train
003784,1,4,0,5,2,7,True,True,False,V1_P1_C0,medium,V1_P1_C0__medium,val
003785,11,0,0,11,1,12,True,False,False,V1_P0_C0,high,V1_P0_C0__high,val
003786,0,1,0,1,0,1,False,True,False,V0_P1_C0,low,V0_P1_C0__low,val
003787,0,1,0,1,0,1,False,True,False,V0_P1_C0,low,V0_P1_C0__low,val
003788,2,0,0,2,2,4,True,False,False,V1_P0_C0,low,V1_P0_C0__low,train
003789,1,0,0,1,0,1,True,False,False,V1_P0_C0,low,V1_P0_C0__low,train
003790,6,1,0,7,5,12,True,True,False,V1_P1_C0,high,V1_P1_C0__high,train
003791,1,0,0,1,1,2,True,False,False,V1_P0_C0,low,V1_P0_C0__low,val
003792,9,0,0,9,2,11,True,False,False,V1_P0_C0,high,V1_P0_C0__high,train
003793,2,3,1,6,1,7,True,True,True,V1_P1_C1,medium,V1_P1_C1__medium,val
003794,4,0,0,4,2,6,True,False,False,V1_P0_C0,medium,V1_P0_C0__medium,train
003795,2,0,0,2,0,2,True,False,False,V1_P0_C0,low,V1_P0_C0__low,train
003796,6,0,0,6,5,11,True,False,False,V1_P0_C0,medium,V1_P0_C0__medium,train
003797,0,1,0,1,0,1,False,True,False,V0_P1_C0,low,V0_P1_C0__low,train
003798,2,0,0,2,0,2,True,False,False,V1_P0_C0,low,V1_P0_C0__low,train
003799,5,0,0,5,0,5,True,False,False,V1_P0_C0,medium,V1_P0_C0__medium,train
003800,6,2,0,8,2,10,True,True,False,V1_P1_C0,high,V1_P1_C0__high,train
003801,13,1,0,14,1,15,True,True,False,V1_P1_C0,high,V1_P1_C0__high,train
003802,8,0,0,8,2,10,True,False,False,V1_P0_C0,high,V1_P0_C0__high,train
003803,6,0,0,6,2,8,True,False,False,V1_P0_C0,medium,V1_P0_C0__medium,train
003804,13,0,0,13,1,14,True,False,False,V1_P0_C0,high,V1_P0_C0__high,train
003805,3,10,0,13,1,14,True,True,False,V1_P1_C0,high,V1_P1_C0__high,train
003806,11,0,0,11,2,13,True,False,False,V1_P0_C0,high,V1_P0_C0__high,train
003807,8,0,0,8,2,10,True,False,False,V1_P0_C0,high,V1_P0_C0__high,train
003808,7,0,0,7,1,8,True,False,False,V1_P0_C0,high,V1_P0_C0__high,train
003809,3,0,1,4,1,5,True,False,True,V1_P0_C1,medium,V1_P0_C1__medium,val
003810,6,0,0,6,3,9,True,False,False,V1_P0_C0,medium,V1_P0_C0__medium,train
003811,7,0,0,7,2,9,True,False,False,V1_P0_C0,high,V1_P0_C0__high,train
003812,9,0,0,9,1,10,True,False,False,V1_P0_C0,high,V1_P0_C0__high,train
003813,16,0,0,16,0,16,True,False,False,V1_P0_C0,high,V1_P0_C0__high,train
003814,2,0,0,2,2,4,True,False,False,V1_P0_C0,low,V1_P0_C0__low,train
003815,1,0,0,1,1,2,True,False,False,V1_P0_C0,low,V1_P0_C0__low,train
003816,7,0,0,7,1,8,True,False,False,V1_P0_C0,high,V1_P0_C0__high,val
003817,2,0,0,2,0,2,True,False,False,V1_P0_C0,low,V1_P0_C0__low,train
003818,5,0,0,5,2,7,True,False,False,V1_P0_C0,medium,V1_P0_C0__medium,val
003819,0,1,0,1,0,1,False,True,False,V0_P1_C0,low,V0_P1_C0__low,train
003820,5,0,0,5,0,5,True,False,False,V1_P0_C0,medium,V1_P0_C0__medium,train
003821,2,0,0,2,1,3,True,False,False,V1_P0_C0,low,V1_P0_C0__low,train
003822,11,0,0,11,2,13,True,False,False,V1_P0_C0,high,V1_P0_C0__high,train
003823,0,1,0,1,0,1,False,True,False,V0_P1_C0,low,V0_P1_C0__low,train
003824,5,0,0,5,2,7,True,False,False,V1_P0_C0,medium,V1_P0_C0__medium,train
003825,1,0,0,1,2,3,True,False,False,V1_P0_C0,low,V1_P0_C0__low,val
003826,2,5,0,7,5,12,True,True,False,V1_P1_C0,high,V1_P1_C0__high,train
003827,3,0,0,3,3,6,True,False,False,V1_P0_C0,low,V1_P0_C0__low,train
003828,2,0,0,2,1,3,True,False,False,V1_P0_C0,low,V1_P0_C0__low,train
003829,5,0,0,5,1,6,True,False,False,V1_P0_C0,medium,V1_P0_C0__medium,train
003830,10,0,0,10,2,12,True,False,False,V1_P0_C0,high,V1_P0_C0__high,train
003831,11,0,0,11,2,13,True,False,False,V1_P0_C0,high,V1_P0_C0__high,train
003832,4,0,0,4,2,6,True,False,False,V1_P0_C0,medium,V1_P0_C0__medium,train
003833,6,0,0,6,3,9,True,False,False,V1_P0_C0,medium,V1_P0_C0__medium,train
003834,4,0,0,4,1,5,True,False,False,V1_P0_C0,medium,V1_P0_C0__medium,train
003835,1,0,0,1,1,2,True,False,False,V1_P0_C0,low,V1_P0_C0__low,train
003836,10,0,0,10,3,13,True,False,False,V1_P0_C0,high,V1_P0_C0__high,train
003837,3,0,0,3,1,4,True,False,False,V1_P0_C0,low,V1_P0_C0__low,train
003838,0,1,0,1,0,1,False,True,False,V0_P1_C0,low,V0_P1_C0__low,train
003839,7,0,0,7,2,9,True,False,False,V1_P0_C0,high,V1_P0_C0__high,train
003840,7,0,0,7,5,12,True,False,False,V1_P0_C0,high,V1_P0_C0__high,val
003841,2,0,0,2,2,4,True,False,False,V1_P0_C0,low,V1_P0_C0__low,val
003842,5,0,0,5,3,8,True,False,False,V1_P0_C0,medium,V1_P0_C0__medium,val
003843,1,0,0,1,3,4,True,False,False,V1_P0_C0,low,V1_P0_C0__low,train
003844,5,0,0,5,3,8,True,False,False,V1_P0_C0,medium,V1_P0_C0__medium,train
003845,5,0,0,5,3,8,True,False,False,V1_P0_C0,medium,V1_P0_C0__medium,train
003846,4,0,0,4,3,7,True,False,False,V1_P0_C0,medium,V1_P0_C0__medium,train
003847,5,0,0,5,2,7,True,False,False,V1_P0_C0,medium,V1_P0_C0__medium,train
003848,7,0,0,7,1,8,True,False,False,V1_P0_C0,high,V1_P0_C0__high,train
003849,0,1,0,1,0,1,False,True,False,V0_P1_C0,low,V0_P1_C0__low,val
003850,3,0,0,3,3,6,True,False,False,V1_P0_C0,low,V1_P0_C0__low,train
003851,5,0,0,5,0,5,True,False,False,V1_P0_C0,medium,V1_P0_C0__medium,train
003852,8,0,0,8,2,10,True,False,False,V1_P0_C0,high,V1_P0_C0__high,train
003853,4,0,0,4,1,5,True,False,False,V1_P0_C0,medium,V1_P0_C0__medium,val
003854,3,0,0,3,3,6,True,False,False,V1_P0_C0,low,V1_P0_C0__low,train
003855,11,0,0,11,2,13,True,False,False,V1_P0_C0,high,V1_P0_C0__high,train
003856,2,0,1,3,3,6,True,False,True,V1_P0_C1,low,V1_P0_C1__low,train
003857,13,0,0,13,0,13,True,False,False,V1_P0_C0,high,V1_P0_C0__high,val
003858,0,1,0,1,0,1,False,True,False,V0_P1_C0,low,V0_P1_C0__low,val
003859,5,0,0,5,1,6,True,False,False,V1_P0_C0,medium,V1_P0_C0__medium,train
003860,5,0,0,5,2,7,True,False,False,V1_P0_C0,medium,V1_P0_C0__medium,train
003861,3,1,0,4,3,7,True,True,False,V1_P1_C0,medium,V1_P1_C0__medium,train
003862,1,0,1,2,4,6,True,False,True,V1_P0_C1,low,V1_P0_C1__low,train
003863,13,0,0,13,1,14,True,False,False,V1_P0_C0,high,V1_P0_C0__high,val
003864,11,0,0,11,1,12,True,False,False,V1_P0_C0,high,V1_P0_C0__high,val
003865,5,0,0,5,2,7,True,False,False,V1_P0_C0,medium,V1_P0_C0__medium,train
003866,6,0,0,6,2,8,True,False,False,V1_P0_C0,medium,V1_P0_C0__medium,train
003867,2,0,0,2,0,2,True,False,False,V1_P0_C0,low,V1_P0_C0__low,val
003868,1,0,0,1,6,7,True,False,False,V1_P0_C0,low,V1_P0_C0__low,val
003869,1,0,1,2,3,5,True,False,True,V1_P0_C1,low,V1_P0_C1__low,train
003870,10,0,0,10,3,13,True,False,False,V1_P0_C0,high,V1_P0_C0__high,train
003871,3,0,0,3,2,5,True,False,False,V1_P0_C0,low,V1_P0_C0__low,train
003872,10,0,0,10,1,11,True,False,False,V1_P0_C0,high,V1_P0_C0__high,train
003873,3,0,0,3,5,8,True,False,False,V1_P0_C0,low,V1_P0_C0__low,train
003874,3,0,0,3,2,5,True,False,False,V1_P0_C0,low,V1_P0_C0__low,train
003875,2,0,0,2,2,4,True,False,False,V1_P0_C0,low,V1_P0_C0__low,train
003876,5,4,0,9,2,11,True,True,False,V1_P1_C0,high,V1_P1_C0__high,train
003877,2,0,0,2,4,6,True,False,False,V1_P0_C0,low,V1_P0_C0__low,train
003878,3,0,1,4,4,8,True,False,True,V1_P0_C1,medium,V1_P0_C1__medium,val
003879,6,0,0,6,1,7,True,False,False,V1_P0_C0,medium,V1_P0_C0__medium,train
003880,1,4,0,5,3,8,True,True,False,V1_P1_C0,medium,V1_P1_C0__medium,train
003881,4,0,0,4,2,6,True,False,False,V1_P0_C0,medium,V1_P0_C0__medium,train
003882,6,0,0,6,2,8,True,False,False,V1_P0_C0,medium,V1_P0_C0__medium,train
003883,4,0,0,4,1,5,True,False,False,V1_P0_C0,medium,V1_P0_C0__medium,train
003884,6,0,0,6,3,9,True,False,False,V1_P0_C0,medium,V1_P0_C0__medium,train
003885,7,0,1,8,1,9,True,False,True,V1_P0_C1,high,V1_P0_C1__high,val
003886,5,0,0,5,0,5,True,False,False,V1_P0_C0,medium,V1_P0_C0__medium,train
003887,9,1,0,10,1,11,True,True,False,V1_P1_C0,high,V1_P1_C0__high,train
003888,1,0,0,1,0,1,True,False,False,V1_P0_C0,low,V1_P0_C0__low,val
003889,2,0,0,2,1,3,True,False,False,V1_P0_C0,low,V1_P0_C0__low,val
003890,2,0,0,2,7,9,True,False,False,V1_P0_C0,low,V1_P0_C0__low,train
003891,7,0,0,7,4,11,True,False,False,V1_P0_C0,high,V1_P0_C0__high,train
003892,3,0,0,3,1,4,True,False,False,V1_P0_C0,low,V1_P0_C0__low,train
003893,2,0,0,2,1,3,True,False,False,V1_P0_C0,low,V1_P0_C0__low,train
003894,8,0,0,8,1,9,True,False,False,V1_P0_C0,high,V1_P0_C0__high,val
003895,1,0,0,1,1,2,True,False,False,V1_P0_C0,low,V1_P0_C0__low,train
003896,5,0,0,5,3,8,True,False,False,V1_P0_C0,medium,V1_P0_C0__medium,val
003897,2,0,1,3,2,5,True,False,True,V1_P0_C1,low,V1_P0_C1__low,val
003898,6,0,0,6,1,7,True,False,False,V1_P0_C0,medium,V1_P0_C0__medium,train
003899,2,0,1,3,2,5,True,False,True,V1_P0_C1,low,V1_P0_C1__low,train
003900,3,0,0,3,5,8,True,False,False,V1_P0_C0,low,V1_P0_C0__low,train
003901,9,0,0,9,2,11,True,False,False,V1_P0_C0,high,V1_P0_C0__high,train
003902,8,0,0,8,3,11,True,False,False,V1_P0_C0,high,V1_P0_C0__high,val
003903,11,0,0,11,2,13,True,False,False,V1_P0_C0,high,V1_P0_C0__high,train
003904,9,0,0,9,1,10,True,False,False,V1_P0_C0,high,V1_P0_C0__high,val
003905,0,1,0,1,0,1,False,True,False,V0_P1_C0,low,V0_P1_C0__low,train
003906,1,0,0,1,4,5,True,False,False,V1_P0_C0,low,V1_P0_C0__low,train
003907,3,0,0,3,0,3,True,False,False,V1_P0_C0,low,V1_P0_C0__low,val
003908,3,0,0,3,7,10,True,False,False,V1_P0_C0,low,V1_P0_C0__low,train
003909,4,0,0,4,3,7,True,False,False,V1_P0_C0,medium,V1_P0_C0__medium,train
003910,7,0,0,7,2,9,True,False,False,V1_P0_C0,high,V1_P0_C0__high,val
003911,6,0,0,6,4,10,True,False,False,V1_P0_C0,medium,V1_P0_C0__medium,train
003912,4,1,1,6,5,11,True,True,True,V1_P1_C1,medium,V1_P1_C1__medium,train
003913,1,0,0,1,1,2,True,False,False,V1_P0_C0,low,V1_P0_C0__low,train
003914,4,0,0,4,2,6,True,False,False,V1_P0_C0,medium,V1_P0_C0__medium,train
003915,10,0,0,10,1,11,True,False,False,V1_P0_C0,high,V1_P0_C0__high,train
003916,3,0,0,3,2,5,True,False,False,V1_P0_C0,low,V1_P0_C0__low,train
003917,15,0,0,15,0,15,True,False,False,V1_P0_C0,high,V1_P0_C0__high,train
003918,1,0,0,1,3,4,True,False,False,V1_P0_C0,low,V1_P0_C0__low,train
003919,3,0,0,3,1,4,True,False,False,V1_P0_C0,low,V1_P0_C0__low,val
003920,4,0,0,4,1,5,True,False,False,V1_P0_C0,medium,V1_P0_C0__medium,train
003921,0,2,0,2,6,8,False,True,False,V0_P1_C0,low,V0_P1_C0__low,train
003922,0,1,0,1,0,1,False,True,False,V0_P1_C0,low,V0_P1_C0__low,val
003923,9,0,0,9,1,10,True,False,False,V1_P0_C0,high,V1_P0_C0__high,train
003924,3,8,0,11,2,13,True,True,False,V1_P1_C0,high,V1_P1_C0__high,train
003925,2,0,0,2,5,7,True,False,False,V1_P0_C0,low,V1_P0_C0__low,train
003926,2,0,0,2,0,2,True,False,False,V1_P0_C0,low,V1_P0_C0__low,train
003927,0,1,0,1,0,1,False,True,False,V0_P1_C0,low,V0_P1_C0__low,train
003928,2,0,0,2,1,3,True,False,False,V1_P0_C0,low,V1_P0_C0__low,train
003929,10,0,1,11,1,12,True,False,True,V1_P0_C1,high,V1_P0_C1__high,val
003930,9,0,0,9,3,12,True,False,False,V1_P0_C0,high,V1_P0_C0__high,train
003931,9,0,0,9,1,10,True,False,False,V1_P0_C0,high,V1_P0_C0__high,val
003932,5,0,0,5,2,7,True,False,False,V1_P0_C0,medium,V1_P0_C0__medium,train
003933,7,0,0,7,3,10,True,False,False,V1_P0_C0,high,V1_P0_C0__high,train
003934,3,0,1,4,2,6,True,False,True,V1_P0_C1,medium,V1_P0_C1__medium,train
003935,5,0,0,5,3,8,True,False,False,V1_P0_C0,medium,V1_P0_C0__medium,train
003936,5,0,0,5,1,6,True,False,False,V1_P0_C0,medium,V1_P0_C0__medium,train
003937,6,0,0,6,1,7,True,False,False,V1_P0_C0,medium,V1_P0_C0__medium,train
003938,7,0,1,8,2,10,True,False,True,V1_P0_C1,high,V1_P0_C1__high,train
003939,4,0,1,5,4,9,True,False,True,V1_P0_C1,medium,V1_P0_C1__medium,train
003940,1,0,0,1,1,2,True,False,False,V1_P0_C0,low,V1_P0_C0__low,train
003941,6,0,0,6,5,11,True,False,False,V1_P0_C0,medium,V1_P0_C0__medium,train
003942,1,0,0,1,2,3,True,False,False,V1_P0_C0,low,V1_P0_C0__low,train
003943,4,0,0,4,3,7,True,False,False,V1_P0_C0,medium,V1_P0_C0__medium,train
003944,7,0,0,7,1,8,True,False,False,V1_P0_C0,high,V1_P0_C0__high,train
003945,3,0,2,5,1,6,True,False,True,V1_P0_C1,medium,V1_P0_C1__medium,train
003946,4,0,0,4,2,6,True,False,False,V1_P0_C0,medium,V1_P0_C0__medium,train
003947,0,1,0,1,0,1,False,True,False,V0_P1_C0,low,V0_P1_C0__low,train
003948,2,0,1,3,1,4,True,False,True,V1_P0_C1,low,V1_P0_C1__low,val
003949,5,0,0,5,1,6,True,False,False,V1_P0_C0,medium,V1_P0_C0__medium,train
003950,3,0,0,3,1,4,True,False,False,V1_P0_C0,low,V1_P0_C0__low,train
003951,8,0,0,8,1,9,True,False,False,V1_P0_C0,high,V1_P0_C0__high,val
003952,4,0,0,4,3,7,True,False,False,V1_P0_C0,medium,V1_P0_C0__medium,train
003953,1,0,0,1,5,6,True,False,False,V1_P0_C0,low,V1_P0_C0__low,train
003954,0,1,0,1,0,1,False,True,False,V0_P1_C0,low,V0_P1_C0__low,val
003955,0,2,0,2,4,6,False,True,False,V0_P1_C0,low,V0_P1_C0__low,train
003956,3,0,0,3,0,3,True,False,False,V1_P0_C0,low,V1_P0_C0__low,train
003957,1,0,0,1,1,2,True,False,False,V1_P0_C0,low,V1_P0_C0__low,train
003958,8,0,0,8,3,11,True,False,False,V1_P0_C0,high,V1_P0_C0__high,train
003959,14,0,0,14,1,15,True,False,False,V1_P0_C0,high,V1_P0_C0__high,train
003960,5,0,0,5,0,5,True,False,False,V1_P0_C0,medium,V1_P0_C0__medium,val
003961,5,0,0,5,1,6,True,False,False,V1_P0_C0,medium,V1_P0_C0__medium,train
003962,1,1,0,2,1,3,True,True,False,V1_P1_C0,low,V1_P1_C0__low,train
003963,1,1,0,2,4,6,True,True,False,V1_P1_C0,low,V1_P1_C0__low,train
003964,5,0,0,5,3,8,True,False,False,V1_P0_C0,medium,V1_P0_C0__medium,train
003965,3,1,0,4,2,6,True,True,False,V1_P1_C0,medium,V1_P1_C0__medium,train
003966,1,0,0,1,2,3,True,False,False,V1_P0_C0,low,V1_P0_C0__low,train
003967,0,1,0,1,0,1,False,True,False,V0_P1_C0,low,V0_P1_C0__low,train
003968,4,0,0,4,3,7,True,False,False,V1_P0_C0,medium,V1_P0_C0__medium,train
003969,0,1,1,2,0,2,False,True,True,V0_P1_C1,low,V0_P1_C1__low,train
003970,3,0,0,3,0,3,True,False,False,V1_P0_C0,low,V1_P0_C0__low,train
003971,0,7,2,9,2,11,False,True,True,V0_P1_C1,high,V0_P1_C1__high,train
003972,2,0,0,2,2,4,True,False,False,V1_P0_C0,low,V1_P0_C0__low,val
003973,14,0,0,14,0,14,True,False,False,V1_P0_C0,high,V1_P0_C0__high,train
003974,0,1,0,1,0,1,False,True,False,V0_P1_C0,low,V0_P1_C0__low,val
003975,9,0,0,9,1,10,True,False,False,V1_P0_C0,high,V1_P0_C0__high,val
003976,4,0,0,4,2,6,True,False,False,V1_P0_C0,medium,V1_P0_C0__medium,val
003977,3,0,0,3,6,9,True,False,False,V1_P0_C0,low,V1_P0_C0__low,val
003978,2,0,1,3,0,3,True,False,True,V1_P0_C1,low,V1_P0_C1__low,train
003979,9,1,0,10,0,10,True,True,False,V1_P1_C0,high,V1_P1_C0__high,val
003980,9,0,0,9,3,12,True,False,False,V1_P0_C0,high,V1_P0_C0__high,train
003981,0,1,0,1,0,1,False,True,False,V0_P1_C0,low,V0_P1_C0__low,train
003982,8,2,2,12,3,15,True,True,True,V1_P1_C1,high,V1_P1_C1__high,train
003983,8,0,0,8,1,9,True,False,False,V1_P0_C0,high,V1_P0_C0__high,train
003984,10,0,0,10,1,11,True,False,False,V1_P0_C0,high,V1_P0_C0__high,val
003985,1,0,0,1,4,5,True,False,False,V1_P0_C0,low,V1_P0_C0__low,train
003986,6,0,2,8,3,11,True,False,True,V1_P0_C1,high,V1_P0_C1__high,train
003987,1,0,0,1,1,2,True,False,False,V1_P0_C0,low,V1_P0_C0__low,val
003988,2,0,0,2,0,2,True,False,False,V1_P0_C0,low,V1_P0_C0__low,train
003989,0,1,0,1,0,1,False,True,False,V0_P1_C0,low,V0_P1_C0__low,train
003990,4,0,0,4,4,8,True,False,False,V1_P0_C0,medium,V1_P0_C0__medium,train
003991,14,0,0,14,0,14,True,False,False,V1_P0_C0,high,V1_P0_C0__high,train
003992,4,0,0,4,2,6,True,False,False,V1_P0_C0,medium,V1_P0_C0__medium,train
003993,15,1,0,16,0,16,True,True,False,V1_P1_C0,high,V1_P1_C0__high,val
003994,3,0,0,3,3,6,True,False,False,V1_P0_C0,low,V1_P0_C0__low,train
003995,0,3,0,3,4,7,False,True,False,V0_P1_C0,low,V0_P1_C0__low,train
003996,4,0,0,4,2,6,True,False,False,V1_P0_C0,medium,V1_P0_C0__medium,train
003997,0,2,0,2,1,3,False,True,False,V0_P1_C0,low,V0_P1_C0__low,train
003998,3,0,0,3,1,4,True,False,False,V1_P0_C0,low,V1_P0_C0__low,train
003999,7,0,0,7,1,8,True,False,False,V1_P0_C0,high,V1_P0_C0__high,train
004000,1,0,0,1,5,6,True,False,False,V1_P0_C0,low,V1_P0_C0__low,val
004001,4,0,0,4,0,4,True,False,False,V1_P0_C0,medium,V1_P0_C0__medium,val
004002,0,3,0,3,6,9,False,True,False,V0_P1_C0,low,V0_P1_C0__low,train
004003,2,0,0,2,2,4,True,False,False,V1_P0_C0,low,V1_P0_C0__low,train
004004,7,0,0,7,2,9,True,False,False,V1_P0_C0,high,V1_P0_C0__high,train
004005,2,0,0,2,0,2,True,False,False,V1_P0_C0,low,V1_P0_C0__low,train
004006,15,0,0,15,0,15,True,False,False,V1_P0_C0,high,V1_P0_C0__high,train
004007,9,0,0,9,4,13,True,False,False,V1_P0_C0,high,V1_P0_C0__high,train
004008,2,0,0,2,0,2,True,False,False,V1_P0_C0,low,V1_P0_C0__low,train
004009,5,0,0,5,2,7,True,False,False,V1_P0_C0,medium,V1_P0_C0__medium,val
004010,9,0,0,9,1,10,True,False,False,V1_P0_C0,high,V1_P0_C0__high,val
004011,4,0,1,5,2,7,True,False,True,V1_P0_C1,medium,V1_P0_C1__medium,train
004012,0,1,0,1,0,1,False,True,False,V0_P1_C0,low,V0_P1_C0__low,train
004013,2,0,0,2,2,4,True,False,False,V1_P0_C0,low,V1_P0_C0__low,train
004014,5,2,0,7,6,13,True,True,False,V1_P1_C0,high,V1_P1_C0__high,train
004015,2,0,0,2,3,5,True,False,False,V1_P0_C0,low,V1_P0_C0__low,train
004016,4,0,0,4,3,7,True,False,False,V1_P0_C0,medium,V1_P0_C0__medium,train
004017,6,0,0,6,2,8,True,False,False,V1_P0_C0,medium,V1_P0_C0__medium,train
004018,2,0,0,2,6,8,True,False,False,V1_P0_C0,low,V1_P0_C0__low,train
004019,3,0,1,4,4,8,True,False,True,V1_P0_C1,medium,V1_P0_C1__medium,train
004020,2,0,0,2,2,4,True,False,False,V1_P0_C0,low,V1_P0_C0__low,train
004021,0,1,0,1,0,1,False,True,False,V0_P1_C0,low,V0_P1_C0__low,train
004022,3,1,0,4,1,5,True,True,False,V1_P1_C0,medium,V1_P1_C0__medium,train
004023,5,0,0,5,2,7,True,False,False,V1_P0_C0,medium,V1_P0_C0__medium,train
004024,0,2,0,2,4,6,False,True,False,V0_P1_C0,low,V0_P1_C0__low,train
004025,4,0,0,4,1,5,True,False,False,V1_P0_C0,medium,V1_P0_C0__medium,train
004026,2,0,0,2,0,2,True,False,False,V1_P0_C0,low,V1_P0_C0__low,train
004027,0,3,1,4,4,8,False,True,True,V0_P1_C1,medium,V0_P1_C1__medium,train
004028,3,8,0,11,0,11,True,True,False,V1_P1_C0,high,V1_P1_C0__high,train
004029,13,0,0,13,1,14,True,False,False,V1_P0_C0,high,V1_P0_C0__high,val
004030,1,0,0,1,7,8,True,False,False,V1_P0_C0,low,V1_P0_C0__low,val
004031,8,0,0,8,1,9,True,False,False,V1_P0_C0,high,V1_P0_C0__high,train
004032,10,0,0,10,2,12,True,False,False,V1_P0_C0,high,V1_P0_C0__high,train
004033,3,0,0,3,0,3,True,False,False,V1_P0_C0,low,V1_P0_C0__low,val
004034,3,0,0,3,2,5,True,False,False,V1_P0_C0,low,V1_P0_C0__low,val
004035,13,1,0,14,2,16,True,True,False,V1_P1_C0,high,V1_P1_C0__high,train
004036,3,0,0,3,3,6,True,False,False,V1_P0_C0,low,V1_P0_C0__low,train
004037,4,0,0,4,0,4,True,False,False,V1_P0_C0,medium,V1_P0_C0__medium,val
004038,6,1,0,7,0,7,True,True,False,V1_P1_C0,high,V1_P1_C0__high,val
004039,0,5,2,7,4,11,False,True,True,V0_P1_C1,high,V0_P1_C1__high,train
004040,2,0,0,2,1,3,True,False,False,V1_P0_C0,low,V1_P0_C0__low,train
004041,2,0,2,4,3,7,True,False,True,V1_P0_C1,medium,V1_P0_C1__medium,train
004042,3,0,0,3,4,7,True,False,False,V1_P0_C0,low,V1_P0_C0__low,train
004043,2,0,0,2,0,2,True,False,False,V1_P0_C0,low,V1_P0_C0__low,train
004044,3,0,0,3,2,5,True,False,False,V1_P0_C0,low,V1_P0_C0__low,val
004045,13,0,0,13,3,16,True,False,False,V1_P0_C0,high,V1_P0_C0__high,train
004046,4,0,0,4,2,6,True,False,False,V1_P0_C0,medium,V1_P0_C0__medium,train
004047,2,0,0,2,3,5,True,False,False,V1_P0_C0,low,V1_P0_C0__low,train
004048,3,0,0,3,2,5,True,False,False,V1_P0_C0,low,V1_P0_C0__low,train
004049,0,1,0,1,0,1,False,True,False,V0_P1_C0,low,V0_P1_C0__low,train
004050,1,0,0,1,3,4,True,False,False,V1_P0_C0,low,V1_P0_C0__low,train
004051,12,0,1,13,1,14,True,False,True,V1_P0_C1,high,V1_P0_C1__high,train
004052,14,0,0,14,3,17,True,False,False,V1_P0_C0,high,V1_P0_C0__high,train
004053,0,1,0,1,0,1,False,True,False,V0_P1_C0,low,V0_P1_C0__low,train
004054,8,0,0,8,2,10,True,False,False,V1_P0_C0,high,V1_P0_C0__high,train
004055,0,3,1,4,7,11,False,True,True,V0_P1_C1,medium,V0_P1_C1__medium,train
004056,2,0,0,2,4,6,True,False,False,V1_P0_C0,low,V1_P0_C0__low,train
004057,5,1,0,6,4,10,True,True,False,V1_P1_C0,medium,V1_P1_C0__medium,train
004058,2,0,1,3,4,7,True,False,True,V1_P0_C1,low,V1_P0_C1__low,val
004059,1,0,0,1,1,2,True,False,False,V1_P0_C0,low,V1_P0_C0__low,train
004060,1,0,0,1,1,2,True,False,False,V1_P0_C0,low,V1_P0_C0__low,val
004061,4,0,0,4,2,6,True,False,False,V1_P0_C0,medium,V1_P0_C0__medium,train
004062,9,0,0,9,0,9,True,False,False,V1_P0_C0,high,V1_P0_C0__high,train
004063,9,0,0,9,4,13,True,False,False,V1_P0_C0,high,V1_P0_C0__high,train
004064,4,0,0,4,3,7,True,False,False,V1_P0_C0,medium,V1_P0_C0__medium,train
004065,3,7,5,15,2,17,True,True,True,V1_P1_C1,high,V1_P1_C1__high,train
004066,6,0,0,6,6,12,True,False,False,V1_P0_C0,medium,V1_P0_C0__medium,train
004067,6,0,0,6,4,10,True,False,False,V1_P0_C0,medium,V1_P0_C0__medium,val
004068,4,0,1,5,3,8,True,False,True,V1_P0_C1,medium,V1_P0_C1__medium,val
004069,5,0,0,5,1,6,True,False,False,V1_P0_C0,medium,V1_P0_C0__medium,train
004070,3,0,0,3,4,7,True,False,False,V1_P0_C0,low,V1_P0_C0__low,train
004071,13,0,0,13,1,14,True,False,False,V1_P0_C0,high,V1_P0_C0__high,train
004072,1,0,0,1,2,3,True,False,False,V1_P0_C0,low,V1_P0_C0__low,train
004073,0,1,0,1,0,1,False,True,False,V0_P1_C0,low,V0_P1_C0__low,train
004074,2,1,3,6,5,11,True,True,True,V1_P1_C1,medium,V1_P1_C1__medium,train
004075,1,0,0,1,1,2,True,False,False,V1_P0_C0,low,V1_P0_C0__low,val
004076,3,0,0,3,2,5,True,False,False,V1_P0_C0,low,V1_P0_C0__low,train
004077,2,0,1,3,1,4,True,False,True,V1_P0_C1,low,V1_P0_C1__low,train
004078,8,0,0,8,1,9,True,False,False,V1_P0_C0,high,V1_P0_C0__high,train
004079,1,0,0,1,0,1,True,False,False,V1_P0_C0,low,V1_P0_C0__low,train
004080,1,0,0,1,1,2,True,False,False,V1_P0_C0,low,V1_P0_C0__low,train
004081,2,0,1,3,6,9,True,False,True,V1_P0_C1,low,V1_P0_C1__low,val
004082,8,0,0,8,2,10,True,False,False,V1_P0_C0,high,V1_P0_C0__high,val
004083,5,0,0,5,3,8,True,False,False,V1_P0_C0,medium,V1_P0_C0__medium,train
004084,5,0,0,5,2,7,True,False,False,V1_P0_C0,medium,V1_P0_C0__medium,train
004085,1,4,0,5,0,5,True,True,False,V1_P1_C0,medium,V1_P1_C0__medium,train
004086,16,1,0,17,0,17,True,True,False,V1_P1_C0,high,V1_P1_C0__high,train
004087,2,0,0,2,0,2,True,False,False,V1_P0_C0,low,V1_P0_C0__low,train
004088,4,1,0,5,1,6,True,True,False,V1_P1_C0,medium,V1_P1_C0__medium,val
004089,2,0,0,2,1,3,True,False,False,V1_P0_C0,low,V1_P0_C0__low,train
004090,8,1,0,9,2,11,True,True,False,V1_P1_C0,high,V1_P1_C0__high,train
004091,4,0,0,4,1,5,True,False,False,V1_P0_C0,medium,V1_P0_C0__medium,val
004092,4,0,3,7,3,10,True,False,True,V1_P0_C1,high,V1_P0_C1__high,train
004093,0,1,0,1,0,1,False,True,False,V0_P1_C0,low,V0_P1_C0__low,train
004094,1,3,0,4,3,7,True,True,False,V1_P1_C0,medium,V1_P1_C0__medium,val
004095,8,0,0,8,5,13,True,False,False,V1_P0_C0,high,V1_P0_C0__high,train
004096,6,0,0,6,2,8,True,False,False,V1_P0_C0,medium,V1_P0_C0__medium,train
004097,2,0,0,2,2,4,True,False,False,V1_P0_C0,low,V1_P0_C0__low,train
004098,6,2,0,8,1,9,True,True,False,V1_P1_C0,high,V1_P1_C0__high,val
004099,5,0,1,6,2,8,True,False,True,V1_P0_C1,medium,V1_P0_C1__medium,train
004100,10,0,0,10,2,12,True,False,False,V1_P0_C0,high,V1_P0_C0__high,train
004101,5,0,0,5,3,8,True,False,False,V1_P0_C0,medium,V1_P0_C0__medium,train
004102,5,0,0,5,0,5,True,False,False,V1_P0_C0,medium,V1_P0_C0__medium,train
004103,0,1,0,1,0,1,False,True,False,V0_P1_C0,low,V0_P1_C0__low,train
004104,5,0,0,5,0,5,True,False,False,V1_P0_C0,medium,V1_P0_C0__medium,val
004105,4,0,0,4,4,8,True,False,False,V1_P0_C0,medium,V1_P0_C0__medium,train
004106,2,0,1,3,0,3,True,False,True,V1_P0_C1,low,V1_P0_C1__low,val
004107,4,0,0,4,1,5,True,False,False,V1_P0_C0,medium,V1_P0_C0__medium,val
004108,3,0,0,3,4,7,True,False,False,V1_P0_C0,low,V1_P0_C0__low,train
004109,1,3,0,4,2,6,True,True,False,V1_P1_C0,medium,V1_P1_C0__medium,train
004110,2,0,0,2,0,2,True,False,False,V1_P0_C0,low,V1_P0_C0__low,train
004111,1,1,0,2,0,2,True,True,False,V1_P1_C0,low,V1_P1_C0__low,train
004112,2,0,0,2,2,4,True,False,False,V1_P0_C0,low,V1_P0_C0__low,train
004113,3,0,0,3,0,3,True,False,False,V1_P0_C0,low,V1_P0_C0__low,train
004114,6,0,2,8,1,9,True,False,True,V1_P0_C1,high,V1_P0_C1__high,val
004115,2,0,0,2,4,6,True,False,False,V1_P0_C0,low,V1_P0_C0__low,val
004116,0,1,0,1,0,1,False,True,False,V0_P1_C0,low,V0_P1_C0__low,val
004117,2,0,1,3,1,4,True,False,True,V1_P0_C1,low,V1_P0_C1__low,train
004118,7,0,0,7,2,9,True,False,False,V1_P0_C0,high,V1_P0_C0__high,train
004119,6,1,0,7,0,7,True,True,False,V1_P1_C0,high,V1_P1_C0__high,train
004120,7,0,0,7,3,10,True,False,False,V1_P0_C0,high,V1_P0_C0__high,train
004121,4,0,0,4,2,6,True,False,False,V1_P0_C0,medium,V1_P0_C0__medium,train
004122,7,0,1,8,0,8,True,False,True,V1_P0_C1,high,V1_P0_C1__high,train
004123,5,0,0,5,0,5,True,False,False,V1_P0_C0,medium,V1_P0_C0__medium,train
004124,4,0,0,4,5,9,True,False,False,V1_P0_C0,medium,V1_P0_C0__medium,train
004125,0,1,0,1,0,1,False,True,False,V0_P1_C0,low,V0_P1_C0__low,train
004126,3,0,0,3,5,8,True,False,False,V1_P0_C0,low,V1_P0_C0__low,val
004127,14,2,0,16,1,17,True,True,False,V1_P1_C0,high,V1_P1_C0__high,train
004128,5,0,0,5,1,6,True,False,False,V1_P0_C0,medium,V1_P0_C0__medium,train
004129,3,0,0,3,4,7,True,False,False,V1_P0_C0,low,V1_P0_C0__low,train
004130,2,0,0,2,3,5,True,False,False,V1_P0_C0,low,V1_P0_C0__low,val
004131,4,0,0,4,3,7,True,False,False,V1_P0_C0,medium,V1_P0_C0__medium,val
004132,3,0,0,3,5,8,True,False,False,V1_P0_C0,low,V1_P0_C0__low,train
004133,2,0,0,2,1,3,True,False,False,V1_P0_C0,low,V1_P0_C0__low,train
004134,2,0,0,2,1,3,True,False,False,V1_P0_C0,low,V1_P0_C0__low,train
004135,6,0,0,6,0,6,True,False,False,V1_P0_C0,medium,V1_P0_C0__medium,train
004136,0,1,0,1,0,1,False,True,False,V0_P1_C0,low,V0_P1_C0__low,val
004137,10,0,0,10,1,11,True,False,False,V1_P0_C0,high,V1_P0_C0__high,val
004138,10,0,0,10,0,10,True,False,False,V1_P0_C0,high,V1_P0_C0__high,val
004139,5,16,1,22,2,24,True,True,True,V1_P1_C1,high,V1_P1_C1__high,train
004140,2,0,1,3,2,5,True,False,True,V1_P0_C1,low,V1_P0_C1__low,train
004141,6,0,0,6,1,7,True,False,False,V1_P0_C0,medium,V1_P0_C0__medium,train
004142,1,12,0,13,3,16,True,True,False,V1_P1_C0,high,V1_P1_C0__high,val
004143,1,0,0,1,2,3,True,False,False,V1_P0_C0,low,V1_P0_C0__low,train
004144,3,0,1,4,3,7,True,False,True,V1_P0_C1,medium,V1_P0_C1__medium,val
004145,6,0,0,6,2,8,True,False,False,V1_P0_C0,medium,V1_P0_C0__medium,train
004146,7,0,0,7,1,8,True,False,False,V1_P0_C0,high,V1_P0_C0__high,train
004147,1,1,0,2,0,2,True,True,False,V1_P1_C0,low,V1_P1_C0__low,train
004148,9,0,0,9,1,10,True,False,False,V1_P0_C0,high,V1_P0_C0__high,val
004149,1,2,2,5,1,6,True,True,True,V1_P1_C1,medium,V1_P1_C1__medium,train
004150,5,0,0,5,2,7,True,False,False,V1_P0_C0,medium,V1_P0_C0__medium,train
004151,1,0,0,1,0,1,True,False,False,V1_P0_C0,low,V1_P0_C0__low,train
004152,3,0,0,3,1,4,True,False,False,V1_P0_C0,low,V1_P0_C0__low,train
004153,4,0,0,4,0,4,True,False,False,V1_P0_C0,medium,V1_P0_C0__medium,train
004154,9,0,0,9,1,10,True,False,False,V1_P0_C0,high,V1_P0_C0__high,train
004155,8,0,0,8,4,12,True,False,False,V1_P0_C0,high,V1_P0_C0__high,val
004156,9,0,0,9,2,11,True,False,False,V1_P0_C0,high,V1_P0_C0__high,train
004157,5,0,0,5,0,5,True,False,False,V1_P0_C0,medium,V1_P0_C0__medium,train
004158,7,0,1,8,0,8,True,False,True,V1_P0_C1,high,V1_P0_C1__high,val
004159,2,0,0,2,0,2,True,False,False,V1_P0_C0,low,V1_P0_C0__low,val
004160,7,0,0,7,1,8,True,False,False,V1_P0_C0,high,V1_P0_C0__high,train
004161,3,0,0,3,3,6,True,False,False,V1_P0_C0,low,V1_P0_C0__low,train
004162,5,0,0,5,2,7,True,False,False,V1_P0_C0,medium,V1_P0_C0__medium,train
004163,10,0,0,10,2,12,True,False,False,V1_P0_C0,high,V1_P0_C0__high,train
004164,4,0,3,7,3,10,True,False,True,V1_P0_C1,high,V1_P0_C1__high,val
004165,0,1,0,1,0,1,False,True,False,V0_P1_C0,low,V0_P1_C0__low,train
004166,11,0,0,11,1,12,True,False,False,V1_P0_C0,high,V1_P0_C0__high,train
004167,1,0,0,1,4,5,True,False,False,V1_P0_C0,low,V1_P0_C0__low,val
004168,1,0,0,1,2,3,True,False,False,V1_P0_C0,low,V1_P0_C0__low,train
004169,5,0,0,5,7,12,True,False,False,V1_P0_C0,medium,V1_P0_C0__medium,train
004170,4,12,1,17,0,17,True,True,True,V1_P1_C1,high,V1_P1_C1__high,val
004171,4,0,0,4,2,6,True,False,False,V1_P0_C0,medium,V1_P0_C0__medium,train
004172,2,0,0,2,2,4,True,False,False,V1_P0_C0,low,V1_P0_C0__low,val
004173,3,1,0,4,3,7,True,True,False,V1_P1_C0,medium,V1_P1_C0__medium,train
004174,5,0,0,5,2,7,True,False,False,V1_P0_C0,medium,V1_P0_C0__medium,train
004175,6,0,0,6,2,8,True,False,False,V1_P0_C0,medium,V1_P0_C0__medium,train
004176,2,0,1,3,0,3,True,False,True,V1_P0_C1,low,V1_P0_C1__low,train
004177,0,2,0,2,4,6,False,True,False,V0_P1_C0,low,V0_P1_C0__low,train
004178,3,0,0,3,0,3,True,False,False,V1_P0_C0,low,V1_P0_C0__low,val
004179,11,1,0,12,0,12,True,True,False,V1_P1_C0,high,V1_P1_C0__high,train
004180,5,0,0,5,1,6,True,False,False,V1_P0_C0,medium,V1_P0_C0__medium,val
004181,9,0,0,9,0,9,True,False,False,V1_P0_C0,high,V1_P0_C0__high,train
004182,4,0,0,4,2,6,True,False,False,V1_P0_C0,medium,V1_P0_C0__medium,val
004183,2,0,0,2,1,3,True,False,False,V1_P0_C0,low,V1_P0_C0__low,val
004184,5,0,0,5,5,10,True,False,False,V1_P0_C0,medium,V1_P0_C0__medium,train
004185,3,0,1,4,3,7,True,False,True,V1_P0_C1,medium,V1_P0_C1__medium,train
004186,8,4,0,12,1,13,True,True,False,V1_P1_C0,high,V1_P1_C0__high,val
004187,2,0,1,3,3,6,True,False,True,V1_P0_C1,low,V1_P0_C1__low,train
004188,4,0,3,7,3,10,True,False,True,V1_P0_C1,high,V1_P0_C1__high,val
004189,2,0,0,2,0,2,True,False,False,V1_P0_C0,low,V1_P0_C0__low,val
004190,5,0,0,5,2,7,True,False,False,V1_P0_C0,medium,V1_P0_C0__medium,train
004191,3,0,0,3,1,4,True,False,False,V1_P0_C0,low,V1_P0_C0__low,train
004192,0,1,0,1,0,1,False,True,False,V0_P1_C0,low,V0_P1_C0__low,train
004193,14,0,0,14,0,14,True,False,False,V1_P0_C0,high,V1_P0_C0__high,train
004194,6,5,0,11,0,11,True,True,False,V1_P1_C0,high,V1_P1_C0__high,train
004195,3,0,0,3,2,5,True,False,False,V1_P0_C0,low,V1_P0_C0__low,train
004196,8,0,0,8,5,13,True,False,False,V1_P0_C0,high,V1_P0_C0__high,val
004197,3,0,1,4,2,6,True,False,True,V1_P0_C1,medium,V1_P0_C1__medium,train
004198,5,0,0,5,2,7,True,False,False,V1_P0_C0,medium,V1_P0_C0__medium,train
004199,2,0,0,2,3,5,True,False,False,V1_P0_C0,low,V1_P0_C0__low,train
004200,4,0,0,4,3,7,True,False,False,V1_P0_C0,medium,V1_P0_C0__medium,val
004201,1,0,0,1,0,1,True,False,False,V1_P0_C0,low,V1_P0_C0__low,train
004202,2,0,0,2,1,3,True,False,False,V1_P0_C0,low,V1_P0_C0__low,train
004203,2,0,0,2,0,2,True,False,False,V1_P0_C0,low,V1_P0_C0__low,val
004204,1,0,0,1,0,1,True,False,False,V1_P0_C0,low,V1_P0_C0__low,train
004205,4,0,0,4,2,6,True,False,False,V1_P0_C0,medium,V1_P0_C0__medium,val
004206,7,0,0,7,0,7,True,False,False,V1_P0_C0,high,V1_P0_C0__high,train
004207,9,0,0,9,1,10,True,False,False,V1_P0_C0,high,V1_P0_C0__high,train
004208,2,0,0,2,0,2,True,False,False,V1_P0_C0,low,V1_P0_C0__low,train
004209,5,0,0,5,1,6,True,False,False,V1_P0_C0,medium,V1_P0_C0__medium,train
004210,2,0,2,4,3,7,True,False,True,V1_P0_C1,medium,V1_P0_C1__medium,train
004211,2,0,0,2,0,2,True,False,False,V1_P0_C0,low,V1_P0_C0__low,train
004212,4,0,1,5,1,6,True,False,True,V1_P0_C1,medium,V1_P0_C1__medium,train
004213,10,0,0,10,1,11,True,False,False,V1_P0_C0,high,V1_P0_C0__high,train
004214,9,0,0,9,1,10,True,False,False,V1_P0_C0,high,V1_P0_C0__high,train
004215,7,4,0,11,3,14,True,True,False,V1_P1_C0,high,V1_P1_C0__high,train
004216,14,0,0,14,0,14,True,False,False,V1_P0_C0,high,V1_P0_C0__high,train
004217,7,0,0,7,1,8,True,False,False,V1_P0_C0,high,V1_P0_C0__high,val
004218,11,0,2,13,0,13,True,False,True,V1_P0_C1,high,V1_P0_C1__high,train
004219,0,1,0,1,0,1,False,True,False,V0_P1_C0,low,V0_P1_C0__low,train
004220,5,0,0,5,2,7,True,False,False,V1_P0_C0,medium,V1_P0_C0__medium,train
004221,7,0,0,7,2,9,True,False,False,V1_P0_C0,high,V1_P0_C0__high,train
004222,4,1,0,5,0,5,True,True,False,V1_P1_C0,medium,V1_P1_C0__medium,train
004223,1,1,0,2,1,3,True,True,False,V1_P1_C0,low,V1_P1_C0__low,train
004224,1,0,1,2,0,2,True,False,True,V1_P0_C1,low,V1_P0_C1__low,train
004225,2,0,0,2,1,3,True,False,False,V1_P0_C0,low,V1_P0_C0__low,train
004226,5,1,0,6,3,9,True,True,False,V1_P1_C0,medium,V1_P1_C0__medium,train
004227,1,0,0,1,0,1,True,False,False,V1_P0_C0,low,V1_P0_C0__low,val
004228,6,0,0,6,2,8,True,False,False,V1_P0_C0,medium,V1_P0_C0__medium,train
004229,0,7,2,9,3,12,False,True,True,V0_P1_C1,high,V0_P1_C1__high,train
004230,1,0,1,2,0,2,True,False,True,V1_P0_C1,low,V1_P0_C1__low,train
004231,2,0,0,2,1,3,True,False,False,V1_P0_C0,low,V1_P0_C0__low,train
004232,8,0,0,8,3,11,True,False,False,V1_P0_C0,high,V1_P0_C0__high,train
004233,2,0,1,3,1,4,True,False,True,V1_P0_C1,low,V1_P0_C1__low,train
004234,11,0,0,11,0,11,True,False,False,V1_P0_C0,high,V1_P0_C0__high,train
004235,0,6,0,6,6,12,False,True,False,V0_P1_C0,medium,V0_P1_C0__medium,train
004236,6,0,0,6,3,9,True,False,False,V1_P0_C0,medium,V1_P0_C0__medium,train
004237,0,1,0,1,0,1,False,True,False,V0_P1_C0,low,V0_P1_C0__low,train
004238,11,0,0,11,1,12,True,False,False,V1_P0_C0,high,V1_P0_C0__high,val
004239,4,0,0,4,0,4,True,False,False,V1_P0_C0,medium,V1_P0_C0__medium,val
004240,2,1,1,4,1,5,True,True,True,V1_P1_C1,medium,V1_P1_C1__medium,train
004241,5,0,0,5,2,7,True,False,False,V1_P0_C0,medium,V1_P0_C0__medium,train
004242,4,0,0,4,1,5,True,False,False,V1_P0_C0,medium,V1_P0_C0__medium,train
004243,10,0,0,10,3,13,True,False,False,V1_P0_C0,high,V1_P0_C0__high,train
004244,4,0,0,4,1,5,True,False,False,V1_P0_C0,medium,V1_P0_C0__medium,val
004245,5,0,0,5,6,11,True,False,False,V1_P0_C0,medium,V1_P0_C0__medium,train
004246,9,1,0,10,2,12,True,True,False,V1_P1_C0,high,V1_P1_C0__high,train
004247,0,1,0,1,0,1,False,True,False,V0_P1_C0,low,V0_P1_C0__low,train
004248,6,0,0,6,1,7,True,False,False,V1_P0_C0,medium,V1_P0_C0__medium,train
004249,7,0,0,7,1,8,True,False,False,V1_P0_C0,high,V1_P0_C0__high,val
004250,1,3,0,4,2,6,True,True,False,V1_P1_C0,medium,V1_P1_C0__medium,train
004251,4,1,0,5,0,5,True,True,False,V1_P1_C0,medium,V1_P1_C0__medium,train
004252,0,1,0,1,0,1,False,True,False,V0_P1_C0,low,V0_P1_C0__low,train
004253,2,0,0,2,3,5,True,False,False,V1_P0_C0,low,V1_P0_C0__low,train
004254,8,0,0,8,2,10,True,False,False,V1_P0_C0,high,V1_P0_C0__high,val
004255,3,0,0,3,3,6,True,False,False,V1_P0_C0,low,V1_P0_C0__low,val
004256,2,0,0,2,5,7,True,False,False,V1_P0_C0,low,V1_P0_C0__low,train
004257,10,0,0,10,1,11,True,False,False,V1_P0_C0,high,V1_P0_C0__high,val
004258,1,0,0,1,0,1,True,False,False,V1_P0_C0,low,V1_P0_C0__low,train
004259,9,0,0,9,5,14,True,False,False,V1_P0_C0,high,V1_P0_C0__high,train
004260,6,0,0,6,1,7,True,False,False,V1_P0_C0,medium,V1_P0_C0__medium,train
004261,0,7,3,10,2,12,False,True,True,V0_P1_C1,high,V0_P1_C1__high,val
004262,6,0,0,6,2,8,True,False,False,V1_P0_C0,medium,V1_P0_C0__medium,val
004263,12,0,0,12,4,16,True,False,False,V1_P0_C0,high,V1_P0_C0__high,train
004264,3,0,0,3,1,4,True,False,False,V1_P0_C0,low,V1_P0_C0__low,train
004265,7,4,0,11,0,11,True,True,False,V1_P1_C0,high,V1_P1_C0__high,train
004266,2,0,0,2,1,3,True,False,False,V1_P0_C0,low,V1_P0_C0__low,train
004267,7,0,0,7,2,9,True,False,False,V1_P0_C0,high,V1_P0_C0__high,train
004268,0,9,1,10,2,12,False,True,True,V0_P1_C1,high,V0_P1_C1__high,train
004269,11,0,0,11,4,15,True,False,False,V1_P0_C0,high,V1_P0_C0__high,train
004270,9,0,0,9,1,10,True,False,False,V1_P0_C0,high,V1_P0_C0__high,train
004271,1,3,0,4,1,5,True,True,False,V1_P1_C0,medium,V1_P1_C0__medium,val
004272,5,0,0,5,3,8,True,False,False,V1_P0_C0,medium,V1_P0_C0__medium,train
004273,1,1,0,2,2,4,True,True,False,V1_P1_C0,low,V1_P1_C0__low,train
004274,4,0,1,5,2,7,True,False,True,V1_P0_C1,medium,V1_P0_C1__medium,train
004275,9,0,0,9,1,10,True,False,False,V1_P0_C0,high,V1_P0_C0__high,train
004276,5,0,0,5,0,5,True,False,False,V1_P0_C0,medium,V1_P0_C0__medium,val
004277,4,0,0,4,3,7,True,False,False,V1_P0_C0,medium,V1_P0_C0__medium,train
004278,2,0,0,2,0,2,True,False,False,V1_P0_C0,low,V1_P0_C0__low,val
004279,1,0,0,1,0,1,True,False,False,V1_P0_C0,low,V1_P0_C0__low,train
004280,4,0,0,4,1,5,True,False,False,V1_P0_C0,medium,V1_P0_C0__medium,train
004281,4,1,0,5,3,8,True,True,False,V1_P1_C0,medium,V1_P1_C0__medium,val
004282,5,0,0,5,2,7,True,False,False,V1_P0_C0,medium,V1_P0_C0__medium,train
004283,4,8,3,15,2,17,True,True,True,V1_P1_C1,high,V1_P1_C1__high,val
004284,3,0,0,3,4,7,True,False,False,V1_P0_C0,low,V1_P0_C0__low,train
004285,3,0,0,3,5,8,True,False,False,V1_P0_C0,low,V1_P0_C0__low,train
004286,5,0,0,5,2,7,True,False,False,V1_P0_C0,medium,V1_P0_C0__medium,train
004287,5,0,1,6,3,9,True,False,True,V1_P0_C1,medium,V1_P0_C1__medium,train
004288,15,0,0,15,0,15,True,False,False,V1_P0_C0,high,V1_P0_C0__high,train
004289,9,0,0,9,4,13,True,False,False,V1_P0_C0,high,V1_P0_C0__high,val
004290,8,3,0,11,0,11,True,True,False,V1_P1_C0,high,V1_P1_C0__high,train
004291,2,1,0,3,4,7,True,True,False,V1_P1_C0,low,V1_P1_C0__low,train
004292,3,0,3,6,5,11,True,False,True,V1_P0_C1,medium,V1_P0_C1__medium,train
004293,3,0,0,3,2,5,True,False,False,V1_P0_C0,low,V1_P0_C0__low,train
004294,9,0,0,9,2,11,True,False,False,V1_P0_C0,high,V1_P0_C0__high,train
004295,9,0,0,9,0,9,True,False,False,V1_P0_C0,high,V1_P0_C0__high,val
004296,5,0,0,5,1,6,True,False,False,V1_P0_C0,medium,V1_P0_C0__medium,val
004297,9,0,1,10,2,12,True,False,True,V1_P0_C1,high,V1_P0_C1__high,train
004298,4,0,0,4,0,4,True,False,False,V1_P0_C0,medium,V1_P0_C0__medium,val
004299,3,0,0,3,0,3,True,False,False,V1_P0_C0,low,V1_P0_C0__low,train
004300,9,0,0,9,3,12,True,False,False,V1_P0_C0,high,V1_P0_C0__high,train
004301,7,3,0,10,1,11,True,True,False,V1_P1_C0,high,V1_P1_C0__high,train
004302,1,0,0,1,1,2,True,False,False,V1_P0_C0,low,V1_P0_C0__low,train
004303,5,0,0,5,1,6,True,False,False,V1_P0_C0,medium,V1_P0_C0__medium,train
004304,10,0,1,11,0,11,True,False,True,V1_P0_C1,high,V1_P0_C1__high,train
004305,0,1,0,1,3,4,False,True,False,V0_P1_C0,low,V0_P1_C0__low,val
004306,7,0,0,7,2,9,True,False,False,V1_P0_C0,high,V1_P0_C0__high,val
004307,6,0,0,6,2,8,True,False,False,V1_P0_C0,medium,V1_P0_C0__medium,val
004308,0,1,0,1,0,1,False,True,False,V0_P1_C0,low,V0_P1_C0__low,train
004309,2,0,0,2,1,3,True,False,False,V1_P0_C0,low,V1_P0_C0__low,train
004310,7,0,0,7,0,7,True,False,False,V1_P0_C0,high,V1_P0_C0__high,train
004311,7,0,0,7,1,8,True,False,False,V1_P0_C0,high,V1_P0_C0__high,train
004312,11,0,1,12,3,15,True,False,True,V1_P0_C1,high,V1_P0_C1__high,train
004313,4,0,0,4,3,7,True,False,False,V1_P0_C0,medium,V1_P0_C0__medium,train
004314,4,0,0,4,2,6,True,False,False,V1_P0_C0,medium,V1_P0_C0__medium,train
004315,2,0,0,2,1,3,True,False,False,V1_P0_C0,low,V1_P0_C0__low,train
004316,1,0,0,1,1,2,True,False,False,V1_P0_C0,low,V1_P0_C0__low,train
004317,4,0,0,4,8,12,True,False,False,V1_P0_C0,medium,V1_P0_C0__medium,train
004318,3,0,0,3,4,7,True,False,False,V1_P0_C0,low,V1_P0_C0__low,train
004319,4,0,0,4,2,6,True,False,False,V1_P0_C0,medium,V1_P0_C0__medium,val
004320,5,0,0,5,0,5,True,False,False,V1_P0_C0,medium,V1_P0_C0__medium,train
004321,3,7,0,10,1,11,True,True,False,V1_P1_C0,high,V1_P1_C0__high,train
004322,13,0,0,13,1,14,True,False,False,V1_P0_C0,high,V1_P0_C0__high,train
004323,0,1,0,1,0,1,False,True,False,V0_P1_C0,low,V0_P1_C0__low,train
004324,7,0,2,9,1,10,True,False,True,V1_P0_C1,high,V1_P0_C1__high,val
004325,2,0,1,3,0,3,True,False,True,V1_P0_C1,low,V1_P0_C1__low,train
004326,11,0,0,11,5,16,True,False,False,V1_P0_C0,high,V1_P0_C0__high,train
004327,2,4,0,6,3,9,True,True,False,V1_P1_C0,medium,V1_P1_C0__medium,train
004328,8,1,1,10,3,13,True,True,True,V1_P1_C1,high,V1_P1_C1__high,train
004329,4,0,0,4,2,6,True,False,False,V1_P0_C0,medium,V1_P0_C0__medium,train
004330,2,2,1,5,2,7,True,True,True,V1_P1_C1,medium,V1_P1_C1__medium,train
004331,13,0,0,13,1,14,True,False,False,V1_P0_C0,high,V1_P0_C0__high,train
004332,4,0,1,5,2,7,True,False,True,V1_P0_C1,medium,V1_P0_C1__medium,train
004333,10,0,0,10,2,12,True,False,False,V1_P0_C0,high,V1_P0_C0__high,train
004334,1,0,0,1,1,2,True,False,False,V1_P0_C0,low,V1_P0_C0__low,train
004335,2,0,1,3,5,8,True,False,True,V1_P0_C1,low,V1_P0_C1__low,train
004336,5,0,0,5,3,8,True,False,False,V1_P0_C0,medium,V1_P0_C0__medium,train
004337,5,1,0,6,0,6,True,True,False,V1_P1_C0,medium,V1_P1_C0__medium,train
004338,3,7,5,15,1,16,True,True,True,V1_P1_C1,high,V1_P1_C1__high,val
004339,2,0,0,2,2,4,True,False,False,V1_P0_C0,low,V1_P0_C0__low,train
004340,2,0,0,2,2,4,True,False,False,V1_P0_C0,low,V1_P0_C0__low,train
004341,6,0,0,6,2,8,True,False,False,V1_P0_C0,medium,V1_P0_C0__medium,train
004342,3,0,0,3,0,3,True,False,False,V1_P0_C0,low,V1_P0_C0__low,train
004343,0,2,0,2,5,7,False,True,False,V0_P1_C0,low,V0_P1_C0__low,val
004344,7,0,0,7,1,8,True,False,False,V1_P0_C0,high,V1_P0_C0__high,val
004345,1,0,0,1,1,2,True,False,False,V1_P0_C0,low,V1_P0_C0__low,train
004346,0,2,0,2,0,2,False,True,False,V0_P1_C0,low,V0_P1_C0__low,train
004347,4,0,1,5,0,5,True,False,True,V1_P0_C1,medium,V1_P0_C1__medium,train
004348,3,0,0,3,3,6,True,False,False,V1_P0_C0,low,V1_P0_C0__low,val
004349,1,2,0,3,3,6,True,True,False,V1_P1_C0,low,V1_P1_C0__low,train
004350,5,0,1,6,2,8,True,False,True,V1_P0_C1,medium,V1_P0_C1__medium,train
004351,9,0,1,10,1,11,True,False,True,V1_P0_C1,high,V1_P0_C1__high,train
004352,9,0,0,9,2,11,True,False,False,V1_P0_C0,high,V1_P0_C0__high,train
004353,5,0,0,5,1,6,True,False,False,V1_P0_C0,medium,V1_P0_C0__medium,train
004354,1,0,0,1,0,1,True,False,False,V1_P0_C0,low,V1_P0_C0__low,train
004355,5,0,0,5,5,10,True,False,False,V1_P0_C0,medium,V1_P0_C0__medium,train
004356,2,0,0,2,0,2,True,False,False,V1_P0_C0,low,V1_P0_C0__low,train
004357,1,0,0,1,0,1,True,False,False,V1_P0_C0,low,V1_P0_C0__low,train
004358,3,1,0,4,3,7,True,True,False,V1_P1_C0,medium,V1_P1_C0__medium,train
004359,1,0,0,1,5,6,True,False,False,V1_P0_C0,low,V1_P0_C0__low,train
004360,15,0,0,15,3,18,True,False,False,V1_P0_C0,high,V1_P0_C0__high,val
004361,0,1,0,1,0,1,False,True,False,V0_P1_C0,low,V0_P1_C0__low,val
004362,3,0,3,6,6,12,True,False,True,V1_P0_C1,medium,V1_P0_C1__medium,train
004363,7,0,0,7,3,10,True,False,False,V1_P0_C0,high,V1_P0_C0__high,train
004364,2,0,2,4,2,6,True,False,True,V1_P0_C1,medium,V1_P0_C1__medium,val
004365,1,0,0,1,1,2,True,False,False,V1_P0_C0,low,V1_P0_C0__low,train
004366,10,0,0,10,1,11,True,False,False,V1_P0_C0,high,V1_P0_C0__high,val
004367,1,2,0,3,0,3,True,True,False,V1_P1_C0,low,V1_P1_C0__low,val
004368,7,0,0,7,2,9,True,False,False,V1_P0_C0,high,V1_P0_C0__high,val
004369,10,0,0,10,3,13,True,False,False,V1_P0_C0,high,V1_P0_C0__high,train
004370,9,0,1,10,2,12,True,False,True,V1_P0_C1,high,V1_P0_C1__high,train
004371,8,0,1,9,2,11,True,False,True,V1_P0_C1,high,V1_P0_C1__high,val
004372,4,0,0,4,4,8,True,False,False,V1_P0_C0,medium,V1_P0_C0__medium,val
004373,2,0,0,2,0,2,True,False,False,V1_P0_C0,low,V1_P0_C0__low,val
004374,2,0,0,2,7,9,True,False,False,V1_P0_C0,low,V1_P0_C0__low,train
004375,5,0,0,5,1,6,True,False,False,V1_P0_C0,medium,V1_P0_C0__medium,train
004376,7,0,0,7,1,8,True,False,False,V1_P0_C0,high,V1_P0_C0__high,train
004377,2,0,2,4,4,8,True,False,True,V1_P0_C1,medium,V1_P0_C1__medium,train
004378,9,1,0,10,1,11,True,True,False,V1_P1_C0,high,V1_P1_C0__high,train
004379,0,3,0,3,11,14,False,True,False,V0_P1_C0,low,V0_P1_C0__low,val
004380,1,0,0,1,1,2,True,False,False,V1_P0_C0,low,V1_P0_C0__low,train
004381,7,0,0,7,1,8,True,False,False,V1_P0_C0,high,V1_P0_C0__high,val
004382,3,0,1,4,2,6,True,False,True,V1_P0_C1,medium,V1_P0_C1__medium,train
004383,4,0,1,5,1,6,True,False,True,V1_P0_C1,medium,V1_P0_C1__medium,train
004384,3,1,4,8,5,13,True,True,True,V1_P1_C1,high,V1_P1_C1__high,train
004385,4,0,0,4,1,5,True,False,False,V1_P0_C0,medium,V1_P0_C0__medium,train
004386,5,0,0,5,0,5,True,False,False,V1_P0_C0,medium,V1_P0_C0__medium,train
004387,10,0,0,10,2,12,True,False,False,V1_P0_C0,high,V1_P0_C0__high,train
004388,6,1,0,7,4,11,True,True,False,V1_P1_C0,high,V1_P1_C0__high,val
004389,1,4,2,7,2,9,True,True,True,V1_P1_C1,high,V1_P1_C1__high,train
004390,1,0,0,1,5,6,True,False,False,V1_P0_C0,low,V1_P0_C0__low,train
004391,12,0,1,13,1,14,True,False,True,V1_P0_C1,high,V1_P0_C1__high,train
004392,11,0,0,11,2,13,True,False,False,V1_P0_C0,high,V1_P0_C0__high,train
004393,2,0,0,2,0,2,True,False,False,V1_P0_C0,low,V1_P0_C0__low,train
004394,1,0,0,1,0,1,True,False,False,V1_P0_C0,low,V1_P0_C0__low,train
004395,2,0,0,2,1,3,True,False,False,V1_P0_C0,low,V1_P0_C0__low,train
004396,3,0,0,3,4,7,True,False,False,V1_P0_C0,low,V1_P0_C0__low,val
004397,2,0,0,2,4,6,True,False,False,V1_P0_C0,low,V1_P0_C0__low,train
004398,1,1,0,2,0,2,True,True,False,V1_P1_C0,low,V1_P1_C0__low,val
004399,1,0,0,1,0,1,True,False,False,V1_P0_C0,low,V1_P0_C0__low,train
004400,0,2,0,2,0,2,False,True,False,V0_P1_C0,low,V0_P1_C0__low,train
004401,9,0,0,9,3,12,True,False,False,V1_P0_C0,high,V1_P0_C0__high,train
004402,3,0,1,4,3,7,True,False,True,V1_P0_C1,medium,V1_P0_C1__medium,train
004403,4,0,0,4,0,4,True,False,False,V1_P0_C0,medium,V1_P0_C0__medium,train
004404,2,0,1,3,3,6,True,False,True,V1_P0_C1,low,V1_P0_C1__low,train
004405,4,0,0,4,0,4,True,False,False,V1_P0_C0,medium,V1_P0_C0__medium,train
004406,12,0,0,12,3,15,True,False,False,V1_P0_C0,high,V1_P0_C0__high,val
004407,3,0,0,3,3,6,True,False,False,V1_P0_C0,low,V1_P0_C0__low,train
004408,1,0,0,1,3,4,True,False,False,V1_P0_C0,low,V1_P0_C0__low,train
004409,9,0,0,9,2,11,True,False,False,V1_P0_C0,high,V1_P0_C0__high,train
004410,0,7,1,8,4,12,False,True,True,V0_P1_C1,high,V0_P1_C1__high,train
004411,11,1,1,13,3,16,True,True,True,V1_P1_C1,high,V1_P1_C1__high,train
004412,5,0,0,5,0,5,True,False,False,V1_P0_C0,medium,V1_P0_C0__medium,train
004413,2,0,0,2,2,4,True,False,False,V1_P0_C0,low,V1_P0_C0__low,train
004414,2,2,0,4,5,9,True,True,False,V1_P1_C0,medium,V1_P1_C0__medium,train
004415,2,0,1,3,2,5,True,False,True,V1_P0_C1,low,V1_P0_C1__low,train
004416,1,0,0,1,1,2,True,False,False,V1_P0_C0,low,V1_P0_C0__low,train
004417,4,9,1,14,3,17,True,True,True,V1_P1_C1,high,V1_P1_C1__high,val
004418,6,0,0,6,0,6,True,False,False,V1_P0_C0,medium,V1_P0_C0__medium,train
004419,1,0,1,2,5,7,True,False,True,V1_P0_C1,low,V1_P0_C1__low,train
004420,5,0,0,5,1,6,True,False,False,V1_P0_C0,medium,V1_P0_C0__medium,train
004421,5,0,0,5,2,7,True,False,False,V1_P0_C0,medium,V1_P0_C0__medium,train
004422,2,0,1,3,1,4,True,False,True,V1_P0_C1,low,V1_P0_C1__low,train
004423,3,0,0,3,1,4,True,False,False,V1_P0_C0,low,V1_P0_C0__low,train
004424,7,0,0,7,1,8,True,False,False,V1_P0_C0,high,V1_P0_C0__high,train
004425,2,2,2,6,1,7,True,True,True,V1_P1_C1,medium,V1_P1_C1__medium,train
004426,5,0,3,8,3,11,True,False,True,V1_P0_C1,high,V1_P0_C1__high,train
004427,2,0,0,2,1,3,True,False,False,V1_P0_C0,low,V1_P0_C0__low,train
004428,2,1,1,4,0,4,True,True,True,V1_P1_C1,medium,V1_P1_C1__medium,train
004429,2,0,0,2,1,3,True,False,False,V1_P0_C0,low,V1_P0_C0__low,val
004430,5,0,0,5,0,5,True,False,False,V1_P0_C0,medium,V1_P0_C0__medium,train
004431,4,1,0,5,4,9,True,True,False,V1_P1_C0,medium,V1_P1_C0__medium,train
004432,3,0,0,3,3,6,True,False,False,V1_P0_C0,low,V1_P0_C0__low,train
004433,6,1,0,7,3,10,True,True,False,V1_P1_C0,high,V1_P1_C0__high,val
004434,4,0,0,4,2,6,True,False,False,V1_P0_C0,medium,V1_P0_C0__medium,train
004435,5,0,0,5,4,9,True,False,False,V1_P0_C0,medium,V1_P0_C0__medium,train
004436,1,1,0,2,2,4,True,True,False,V1_P1_C0,low,V1_P1_C0__low,train
004437,1,0,0,1,0,1,True,False,False,V1_P0_C0,low,V1_P0_C0__low,val
004438,1,0,0,1,2,3,True,False,False,V1_P0_C0,low,V1_P0_C0__low,val
004439,3,0,0,3,1,4,True,False,False,V1_P0_C0,low,V1_P0_C0__low,train
004440,7,0,0,7,3,10,True,False,False,V1_P0_C0,high,V1_P0_C0__high,train
004441,2,0,0,2,0,2,True,False,False,V1_P0_C0,low,V1_P0_C0__low,train
004442,3,3,1,7,0,7,True,True,True,V1_P1_C1,high,V1_P1_C1__high,train
004443,1,8,1,10,0,10,True,True,True,V1_P1_C1,high,V1_P1_C1__high,train
004444,5,0,0,5,1,6,True,False,False,V1_P0_C0,medium,V1_P0_C0__medium,train
004445,2,0,0,2,0,2,True,False,False,V1_P0_C0,low,V1_P0_C0__low,train
004446,2,0,1,3,0,3,True,False,True,V1_P0_C1,low,V1_P0_C1__low,train
004447,11,0,0,11,1,12,True,False,False,V1_P0_C0,high,V1_P0_C0__high,train
004448,1,0,0,1,0,1,True,False,False,V1_P0_C0,low,V1_P0_C0__low,train
004449,0,1,0,1,0,1,False,True,False,V0_P1_C0,low,V0_P1_C0__low,train
004450,5,0,0,5,1,6,True,False,False,V1_P0_C0,medium,V1_P0_C0__medium,train
004451,2,0,0,2,2,4,True,False,False,V1_P0_C0,low,V1_P0_C0__low,val
004452,6,0,0,6,3,9,True,False,False,V1_P0_C0,medium,V1_P0_C0__medium,val
004453,1,0,0,1,1,2,True,False,False,V1_P0_C0,low,V1_P0_C0__low,train
004454,3,0,0,3,0,3,True,False,False,V1_P0_C0,low,V1_P0_C0__low,train
004455,4,0,0,4,3,7,True,False,False,V1_P0_C0,medium,V1_P0_C0__medium,val
004456,2,0,0,2,2,4,True,False,False,V1_P0_C0,low,V1_P0_C0__low,train
004457,2,0,0,2,1,3,True,False,False,V1_P0_C0,low,V1_P0_C0__low,val
004458,5,0,0,5,0,5,True,False,False,V1_P0_C0,medium,V1_P0_C0__medium,train
004459,2,0,1,3,4,7,True,False,True,V1_P0_C1,low,V1_P0_C1__low,train
004460,1,0,0,1,4,5,True,False,False,V1_P0_C0,low,V1_P0_C0__low,train
004461,2,0,0,2,3,5,True,False,False,V1_P0_C0,low,V1_P0_C0__low,train
004462,9,0,0,9,3,12,True,False,False,V1_P0_C0,high,V1_P0_C0__high,train
004463,5,0,0,5,0,5,True,False,False,V1_P0_C0,medium,V1_P0_C0__medium,train
004464,2,0,0,2,1,3,True,False,False,V1_P0_C0,low,V1_P0_C0__low,train
004465,1,0,0,1,2,3,True,False,False,V1_P0_C0,low,V1_P0_C0__low,train
004466,5,0,0,5,2,7,True,False,False,V1_P0_C0,medium,V1_P0_C0__medium,train
004467,5,0,0,5,0,5,True,False,False,V1_P0_C0,medium,V1_P0_C0__medium,train
004468,7,0,0,7,2,9,True,False,False,V1_P0_C0,high,V1_P0_C0__high,train
004469,0,1,0,1,0,1,False,True,False,V0_P1_C0,low,V0_P1_C0__low,train
004470,0,1,0,1,0,1,False,True,False,V0_P1_C0,low,V0_P1_C0__low,val
004471,4,0,0,4,3,7,True,False,False,V1_P0_C0,medium,V1_P0_C0__medium,train
004472,5,1,0,6,1,7,True,True,False,V1_P1_C0,medium,V1_P1_C0__medium,train
004473,5,0,0,5,1,6,True,False,False,V1_P0_C0,medium,V1_P0_C0__medium,val
004474,1,10,1,12,1,13,True,True,True,V1_P1_C1,high,V1_P1_C1__high,val
004475,4,0,0,4,5,9,True,False,False,V1_P0_C0,medium,V1_P0_C0__medium,val
004476,7,0,0,7,2,9,True,False,False,V1_P0_C0,high,V1_P0_C0__high,train
004477,4,0,0,4,3,7,True,False,False,V1_P0_C0,medium,V1_P0_C0__medium,train
004478,6,0,0,6,4,10,True,False,False,V1_P0_C0,medium,V1_P0_C0__medium,train
004479,7,0,0,7,6,13,True,False,False,V1_P0_C0,high,V1_P0_C0__high,train
004480,4,0,0,4,4,8,True,False,False,V1_P0_C0,medium,V1_P0_C0__medium,val
004481,8,0,0,8,1,9,True,False,False,V1_P0_C0,high,V1_P0_C0__high,train
004482,0,1,0,1,0,1,False,True,False,V0_P1_C0,low,V0_P1_C0__low,train
004483,4,1,1,6,0,6,True,True,True,V1_P1_C1,medium,V1_P1_C1__medium,val
004484,4,0,1,5,2,7,True,False,True,V1_P0_C1,medium,V1_P0_C1__medium,val
004485,1,0,1,2,3,5,True,False,True,V1_P0_C1,low,V1_P0_C1__low,train
004486,4,0,0,4,2,6,True,False,False,V1_P0_C0,medium,V1_P0_C0__medium,train
004487,1,5,0,6,1,7,True,True,False,V1_P1_C0,medium,V1_P1_C0__medium,train
004488,3,3,1,7,0,7,True,True,True,V1_P1_C1,high,V1_P1_C1__high,train
004489,2,0,0,2,0,2,True,False,False,V1_P0_C0,low,V1_P0_C0__low,train
004490,2,0,1,3,2,5,True,False,True,V1_P0_C1,low,V1_P0_C1__low,train
004491,5,0,0,5,1,6,True,False,False,V1_P0_C0,medium,V1_P0_C0__medium,train
004492,15,0,0,15,2,17,True,False,False,V1_P0_C0,high,V1_P0_C0__high,train
004493,9,0,0,9,4,13,True,False,False,V1_P0_C0,high,V1_P0_C0__high,train
004494,3,0,0,3,1,4,True,False,False,V1_P0_C0,low,V1_P0_C0__low,train
004495,1,0,0,1,0,1,True,False,False,V1_P0_C0,low,V1_P0_C0__low,train
004496,11,0,0,11,2,13,True,False,False,V1_P0_C0,high,V1_P0_C0__high,train
004497,1,0,0,1,5,6,True,False,False,V1_P0_C0,low,V1_P0_C0__low,train
004498,2,0,0,2,1,3,True,False,False,V1_P0_C0,low,V1_P0_C0__low,val
004499,8,1,1,10,1,11,True,True,True,V1_P1_C1,high,V1_P1_C1__high,train
004500,8,0,0,8,7,15,True,False,False,V1_P0_C0,high,V1_P0_C0__high,val
004501,2,0,1,3,3,6,True,False,True,V1_P0_C1,low,V1_P0_C1__low,val
004502,1,0,0,1,0,1,True,False,False,V1_P0_C0,low,V1_P0_C0__low,train
004503,4,2,0,6,1,7,True,True,False,V1_P1_C0,medium,V1_P1_C0__medium,train
004504,4,0,0,4,2,6,True,False,False,V1_P0_C0,medium,V1_P0_C0__medium,train
004505,1,0,0,1,1,2,True,False,False,V1_P0_C0,low,V1_P0_C0__low,val
004506,5,0,0,5,0,5,True,False,False,V1_P0_C0,medium,V1_P0_C0__medium,train
004507,2,0,0,2,2,4,True,False,False,V1_P0_C0,low,V1_P0_C0__low,train
004508,0,1,0,1,0,1,False,True,False,V0_P1_C0,low,V0_P1_C0__low,val
004509,0,1,0,1,0,1,False,True,False,V0_P1_C0,low,V0_P1_C0__low,train
004510,6,0,0,6,2,8,True,False,False,V1_P0_C0,medium,V1_P0_C0__medium,train
004511,8,0,0,8,2,10,True,False,False,V1_P0_C0,high,V1_P0_C0__high,val
004512,0,2,1,3,7,10,False,True,True,V0_P1_C1,low,V0_P1_C1__low,val
004513,10,1,0,11,2,13,True,True,False,V1_P1_C0,high,V1_P1_C0__high,train
004514,0,1,0,1,0,1,False,True,False,V0_P1_C0,low,V0_P1_C0__low,train
004515,5,0,1,6,2,8,True,False,True,V1_P0_C1,medium,V1_P0_C1__medium,train
004516,12,0,0,12,1,13,True,False,False,V1_P0_C0,high,V1_P0_C0__high,train
004517,8,0,0,8,1,9,True,False,False,V1_P0_C0,high,V1_P0_C0__high,train
004518,9,0,0,9,0,9,True,False,False,V1_P0_C0,high,V1_P0_C0__high,train
004519,12,0,0,12,1,13,True,False,False,V1_P0_C0,high,V1_P0_C0__high,train
004520,8,0,2,10,3,13,True,False,True,V1_P0_C1,high,V1_P0_C1__high,train
004521,0,1,0,1,0,1,False,True,False,V0_P1_C0,low,V0_P1_C0__low,train
004522,1,0,0,1,1,2,True,False,False,V1_P0_C0,low,V1_P0_C0__low,train
004523,1,0,0,1,0,1,True,False,False,V1_P0_C0,low,V1_P0_C0__low,train
004524,1,1,0,2,3,5,True,True,False,V1_P1_C0,low,V1_P1_C0__low,train
004525,7,0,0,7,1,8,True,False,False,V1_P0_C0,high,V1_P0_C0__high,train
004526,4,0,0,4,2,6,True,False,False,V1_P0_C0,medium,V1_P0_C0__medium,train
004527,1,13,0,14,2,16,True,True,False,V1_P1_C0,high,V1_P1_C0__high,val
004528,5,0,0,5,8,13,True,False,False,V1_P0_C0,medium,V1_P0_C0__medium,train
004529,2,1,0,3,0,3,True,True,False,V1_P1_C0,low,V1_P1_C0__low,val
004530,4,0,0,4,3,7,True,False,False,V1_P0_C0,medium,V1_P0_C0__medium,train
004531,2,0,0,2,0,2,True,False,False,V1_P0_C0,low,V1_P0_C0__low,train
004532,1,8,0,9,2,11,True,True,False,V1_P1_C0,high,V1_P1_C0__high,train
004533,13,0,0,13,1,14,True,False,False,V1_P0_C0,high,V1_P0_C0__high,train
004534,5,1,0,6,5,11,True,True,False,V1_P1_C0,medium,V1_P1_C0__medium,val
004535,1,0,0,1,0,1,True,False,False,V1_P0_C0,low,V1_P0_C0__low,train
004536,1,7,3,11,1,12,True,True,True,V1_P1_C1,high,V1_P1_C1__high,train
004537,9,0,1,10,2,12,True,False,True,V1_P0_C1,high,V1_P0_C1__high,train
004538,1,0,0,1,1,2,True,False,False,V1_P0_C0,low,V1_P0_C0__low,train
004539,1,0,0,1,1,2,True,False,False,V1_P0_C0,low,V1_P0_C0__low,val
004540,5,0,0,5,2,7,True,False,False,V1_P0_C0,medium,V1_P0_C0__medium,train
004541,8,0,0,8,4,12,True,False,False,V1_P0_C0,high,V1_P0_C0__high,train
004542,6,0,1,7,1,8,True,False,True,V1_P0_C1,high,V1_P0_C1__high,train
004543,0,1,0,1,0,1,False,True,False,V0_P1_C0,low,V0_P1_C0__low,val
004544,5,0,0,5,0,5,True,False,False,V1_P0_C0,medium,V1_P0_C0__medium,val
004545,4,0,0,4,0,4,True,False,False,V1_P0_C0,medium,V1_P0_C0__medium,train
004546,0,1,0,1,0,1,False,True,False,V0_P1_C0,low,V0_P1_C0__low,train
004547,2,0,0,2,4,6,True,False,False,V1_P0_C0,low,V1_P0_C0__low,train
004548,5,0,0,5,3,8,True,False,False,V1_P0_C0,medium,V1_P0_C0__medium,train
004549,7,0,2,9,4,13,True,False,True,V1_P0_C1,high,V1_P0_C1__high,train
004550,2,0,0,2,2,4,True,False,False,V1_P0_C0,low,V1_P0_C0__low,train
004551,5,0,3,8,1,9,True,False,True,V1_P0_C1,high,V1_P0_C1__high,val
004552,4,0,1,5,0,5,True,False,True,V1_P0_C1,medium,V1_P0_C1__medium,train
004553,9,1,0,10,0,10,True,True,False,V1_P1_C0,high,V1_P1_C0__high,train
004554,5,0,0,5,4,9,True,False,False,V1_P0_C0,medium,V1_P0_C0__medium,train
004555,9,0,0,9,0,9,True,False,False,V1_P0_C0,high,V1_P0_C0__high,train
004556,3,0,0,3,4,7,True,False,False,V1_P0_C0,low,V1_P0_C0__low,train
004557,4,0,0,4,2,6,True,False,False,V1_P0_C0,medium,V1_P0_C0__medium,train
004558,6,0,1,7,3,10,True,False,True,V1_P0_C1,high,V1_P0_C1__high,train
004559,1,0,0,1,1,2,True,False,False,V1_P0_C0,low,V1_P0_C0__low,train
004560,13,0,0,13,2,15,True,False,False,V1_P0_C0,high,V1_P0_C0__high,val
004561,5,1,0,6,3,9,True,True,False,V1_P1_C0,medium,V1_P1_C0__medium,val
004562,1,6,0,7,2,9,True,True,False,V1_P1_C0,high,V1_P1_C0__high,train
004563,6,0,0,6,3,9,True,False,False,V1_P0_C0,medium,V1_P0_C0__medium,train
004564,0,1,0,1,0,1,False,True,False,V0_P1_C0,low,V0_P1_C0__low,train
004565,1,0,0,1,6,7,True,False,False,V1_P0_C0,low,V1_P0_C0__low,train
004566,1,0,0,1,0,1,True,False,False,V1_P0_C0,low,V1_P0_C0__low,val
004567,2,2,2,6,4,10,True,True,True,V1_P1_C1,medium,V1_P1_C1__medium,train
004568,2,0,0,2,1,3,True,False,False,V1_P0_C0,low,V1_P0_C0__low,train
004569,2,2,1,5,4,9,True,True,True,V1_P1_C1,medium,V1_P1_C1__medium,val
004570,1,1,0,2,1,3,True,True,False,V1_P1_C0,low,V1_P1_C0__low,train
004571,6,0,0,6,0,6,True,False,False,V1_P0_C0,medium,V1_P0_C0__medium,train
004572,9,0,0,9,2,11,True,False,False,V1_P0_C0,high,V1_P0_C0__high,val
004573,2,0,0,2,4,6,True,False,False,V1_P0_C0,low,V1_P0_C0__low,train
004574,3,0,0,3,3,6,True,False,False,V1_P0_C0,low,V1_P0_C0__low,train
004575,2,0,0,2,1,3,True,False,False,V1_P0_C0,low,V1_P0_C0__low,train
004576,4,0,0,4,4,8,True,False,False,V1_P0_C0,medium,V1_P0_C0__medium,train
004577,3,0,0,3,2,5,True,False,False,V1_P0_C0,low,V1_P0_C0__low,val
004578,9,0,0,9,2,11,True,False,False,V1_P0_C0,high,V1_P0_C0__high,train
004579,2,0,0,2,2,4,True,False,False,V1_P0_C0,low,V1_P0_C0__low,train
004580,0,1,0,1,0,1,False,True,False,V0_P1_C0,low,V0_P1_C0__low,train
004581,3,0,0,3,1,4,True,False,False,V1_P0_C0,low,V1_P0_C0__low,train
004582,2,0,0,2,1,3,True,False,False,V1_P0_C0,low,V1_P0_C0__low,train
004583,0,7,3,10,2,12,False,True,True,V0_P1_C1,high,V0_P1_C1__high,val
004584,4,2,0,6,1,7,True,True,False,V1_P1_C0,medium,V1_P1_C0__medium,train
004585,4,0,0,4,1,5,True,False,False,V1_P0_C0,medium,V1_P0_C0__medium,train
004586,3,0,0,3,1,4,True,False,False,V1_P0_C0,low,V1_P0_C0__low,val
004587,8,0,0,8,2,10,True,False,False,V1_P0_C0,high,V1_P0_C0__high,val
004588,0,2,0,2,5,7,False,True,False,V0_P1_C0,low,V0_P1_C0__low,train
004589,1,0,0,1,0,1,True,False,False,V1_P0_C0,low,V1_P0_C0__low,val
004590,2,0,0,2,3,5,True,False,False,V1_P0_C0,low,V1_P0_C0__low,train
004591,1,0,0,1,2,3,True,False,False,V1_P0_C0,low,V1_P0_C0__low,train
004592,4,0,0,4,0,4,True,False,False,V1_P0_C0,medium,V1_P0_C0__medium,val
004593,7,0,0,7,1,8,True,False,False,V1_P0_C0,high,V1_P0_C0__high,val
004594,0,1,0,1,0,1,False,True,False,V0_P1_C0,low,V0_P1_C0__low,train
004595,0,1,0,1,0,1,False,True,False,V0_P1_C0,low,V0_P1_C0__low,train
004596,4,0,0,4,2,6,True,False,False,V1_P0_C0,medium,V1_P0_C0__medium,train
004597,1,1,0,2,0,2,True,True,False,V1_P1_C0,low,V1_P1_C0__low,train
004598,5,0,0,5,3,8,True,False,False,V1_P0_C0,medium,V1_P0_C0__medium,train
004599,4,0,0,4,2,6,True,False,False,V1_P0_C0,medium,V1_P0_C0__medium,val
004600,1,0,0,1,1,2,True,False,False,V1_P0_C0,low,V1_P0_C0__low,val
004601,5,0,0,5,5,10,True,False,False,V1_P0_C0,medium,V1_P0_C0__medium,train
004602,0,5,0,5,3,8,False,True,False,V0_P1_C0,medium,V0_P1_C0__medium,train
004603,10,0,0,10,2,12,True,False,False,V1_P0_C0,high,V1_P0_C0__high,train
004604,10,1,1,12,2,14,True,True,True,V1_P1_C1,high,V1_P1_C1__high,train
004605,0,1,0,1,0,1,False,True,False,V0_P1_C0,low,V0_P1_C0__low,train
004606,4,0,0,4,3,7,True,False,False,V1_P0_C0,medium,V1_P0_C0__medium,train
004607,4,0,0,4,2,6,True,False,False,V1_P0_C0,medium,V1_P0_C0__medium,train
004608,1,0,0,1,1,2,True,False,False,V1_P0_C0,low,V1_P0_C0__low,train
004609,6,0,0,6,2,8,True,False,False,V1_P0_C0,medium,V1_P0_C0__medium,train
004610,8,0,0,8,5,13,True,False,False,V1_P0_C0,high,V1_P0_C0__high,train
004611,3,0,0,3,4,7,True,False,False,V1_P0_C0,low,V1_P0_C0__low,train
004612,4,0,0,4,0,4,True,False,False,V1_P0_C0,medium,V1_P0_C0__medium,train
004613,2,0,1,3,1,4,True,False,True,V1_P0_C1,low,V1_P0_C1__low,train
004614,12,0,0,12,0,12,True,False,False,V1_P0_C0,high,V1_P0_C0__high,train
004615,2,0,0,2,2,4,True,False,False,V1_P0_C0,low,V1_P0_C0__low,train
004616,11,0,0,11,0,11,True,False,False,V1_P0_C0,high,V1_P0_C0__high,train
004617,8,0,0,8,2,10,True,False,False,V1_P0_C0,high,V1_P0_C0__high,train
004618,1,0,0,1,2,3,True,False,False,V1_P0_C0,low,V1_P0_C0__low,train
004619,0,4,0,4,5,9,False,True,False,V0_P1_C0,medium,V0_P1_C0__medium,train
004620,5,0,0,5,1,6,True,False,False,V1_P0_C0,medium,V1_P0_C0__medium,train
004621,13,0,0,13,0,13,True,False,False,V1_P0_C0,high,V1_P0_C0__high,val
004622,6,0,0,6,3,9,True,False,False,V1_P0_C0,medium,V1_P0_C0__medium,train
004623,1,0,0,1,1,2,True,False,False,V1_P0_C0,low,V1_P0_C0__low,train
004624,6,0,1,7,1,8,True,False,True,V1_P0_C1,high,V1_P0_C1__high,train
004625,4,0,0,4,0,4,True,False,False,V1_P0_C0,medium,V1_P0_C0__medium,train
004626,3,0,0,3,1,4,True,False,False,V1_P0_C0,low,V1_P0_C0__low,train
004627,0,2,0,2,0,2,False,True,False,V0_P1_C0,low,V0_P1_C0__low,train
004628,1,0,0,1,0,1,True,False,False,V1_P0_C0,low,V1_P0_C0__low,train
004629,2,0,0,2,3,5,True,False,False,V1_P0_C0,low,V1_P0_C0__low,train
004630,3,0,1,4,3,7,True,False,True,V1_P0_C1,medium,V1_P0_C1__medium,train
004631,14,0,0,14,0,14,True,False,False,V1_P0_C0,high,V1_P0_C0__high,train
004632,5,0,0,5,2,7,True,False,False,V1_P0_C0,medium,V1_P0_C0__medium,train
004633,13,0,0,13,2,15,True,False,False,V1_P0_C0,high,V1_P0_C0__high,val
004634,1,1,0,2,0,2,True,True,False,V1_P1_C0,low,V1_P1_C0__low,train
004635,6,0,0,6,3,9,True,False,False,V1_P0_C0,medium,V1_P0_C0__medium,train
004636,9,0,0,9,1,10,True,False,False,V1_P0_C0,high,V1_P0_C0__high,train
004637,9,1,0,10,0,10,True,True,False,V1_P1_C0,high,V1_P1_C0__high,train
004638,1,0,0,1,4,5,True,False,False,V1_P0_C0,low,V1_P0_C0__low,train
004639,5,1,0,6,3,9,True,True,False,V1_P1_C0,medium,V1_P1_C0__medium,train
004640,10,0,0,10,2,12,True,False,False,V1_P0_C0,high,V1_P0_C0__high,train
004641,1,0,0,1,5,6,True,False,False,V1_P0_C0,low,V1_P0_C0__low,val
004642,2,0,0,2,3,5,True,False,False,V1_P0_C0,low,V1_P0_C0__low,train
004643,9,0,0,9,2,11,True,False,False,V1_P0_C0,high,V1_P0_C0__high,train
004644,4,0,0,4,2,6,True,False,False,V1_P0_C0,medium,V1_P0_C0__medium,train
004645,3,0,0,3,1,4,True,False,False,V1_P0_C0,low,V1_P0_C0__low,val
004646,0,1,0,1,0,1,False,True,False,V0_P1_C0,low,V0_P1_C0__low,val
004647,0,1,2,3,6,9,False,True,True,V0_P1_C1,low,V0_P1_C1__low,train
004648,8,0,0,8,0,8,True,False,False,V1_P0_C0,high,V1_P0_C0__high,train
004649,2,0,0,2,5,7,True,False,False,V1_P0_C0,low,V1_P0_C0__low,val
004650,3,0,0,3,1,4,True,False,False,V1_P0_C0,low,V1_P0_C0__low,train
004651,3,2,0,5,0,5,True,True,False,V1_P1_C0,medium,V1_P1_C0__medium,train
004652,7,0,0,7,3,10,True,False,False,V1_P0_C0,high,V1_P0_C0__high,train
004653,8,0,0,8,3,11,True,False,False,V1_P0_C0,high,V1_P0_C0__high,val
004654,5,0,0,5,0,5,True,False,False,V1_P0_C0,medium,V1_P0_C0__medium,train
004655,1,0,0,1,0,1,True,False,False,V1_P0_C0,low,V1_P0_C0__low,train
004656,1,0,0,1,0,1,True,False,False,V1_P0_C0,low,V1_P0_C0__low,train
004657,2,2,1,5,1,6,True,True,True,V1_P1_C1,medium,V1_P1_C1__medium,train
004658,4,0,0,4,3,7,True,False,False,V1_P0_C0,medium,V1_P0_C0__medium,val
004659,8,0,0,8,1,9,True,False,False,V1_P0_C0,high,V1_P0_C0__high,train
004660,4,0,0,4,0,4,True,False,False,V1_P0_C0,medium,V1_P0_C0__medium,train
004661,6,0,0,6,2,8,True,False,False,V1_P0_C0,medium,V1_P0_C0__medium,train
004662,4,0,1,5,0,5,True,False,True,V1_P0_C1,medium,V1_P0_C1__medium,val
004663,7,0,0,7,3,10,True,False,False,V1_P0_C0,high,V1_P0_C0__high,train
004664,4,0,0,4,5,9,True,False,False,V1_P0_C0,medium,V1_P0_C0__medium,train
004665,1,6,2,9,1,10,True,True,True,V1_P1_C1,high,V1_P1_C1__high,val
004666,10,0,0,10,1,11,True,False,False,V1_P0_C0,high,V1_P0_C0__high,train
004667,4,0,0,4,0,4,True,False,False,V1_P0_C0,medium,V1_P0_C0__medium,train
004668,8,0,0,8,6,14,True,False,False,V1_P0_C0,high,V1_P0_C0__high,train
004669,2,0,0,2,3,5,True,False,False,V1_P0_C0,low,V1_P0_C0__low,train
004670,4,0,0,4,1,5,True,False,False,V1_P0_C0,medium,V1_P0_C0__medium,train
004671,1,0,0,1,4,5,True,False,False,V1_P0_C0,low,V1_P0_C0__low,train
004672,7,0,0,7,0,7,True,False,False,V1_P0_C0,high,V1_P0_C0__high,train
004673,8,0,0,8,1,9,True,False,False,V1_P0_C0,high,V1_P0_C0__high,train
004674,0,1,0,1,0,1,False,True,False,V0_P1_C0,low,V0_P1_C0__low,train
004675,2,0,0,2,2,4,True,False,False,V1_P0_C0,low,V1_P0_C0__low,train
004676,1,0,0,1,4,5,True,False,False,V1_P0_C0,low,V1_P0_C0__low,val
004677,6,0,0,6,2,8,True,False,False,V1_P0_C0,medium,V1_P0_C0__medium,train
004678,1,0,0,1,0,1,True,False,False,V1_P0_C0,low,V1_P0_C0__low,train
004679,0,1,0,1,0,1,False,True,False,V0_P1_C0,low,V0_P1_C0__low,val
004680,3,0,0,3,1,4,True,False,False,V1_P0_C0,low,V1_P0_C0__low,train
004681,3,0,0,3,2,5,True,False,False,V1_P0_C0,low,V1_P0_C0__low,train
004682,10,0,0,10,0,10,True,False,False,V1_P0_C0,high,V1_P0_C0__high,train
004683,2,0,0,2,1,3,True,False,False,V1_P0_C0,low,V1_P0_C0__low,train
004684,14,0,0,14,0,14,True,False,False,V1_P0_C0,high,V1_P0_C0__high,train
004685,9,1,0,10,1,11,True,True,False,V1_P1_C0,high,V1_P1_C0__high,train
004686,13,0,0,13,1,14,True,False,False,V1_P0_C0,high,V1_P0_C0__high,train
004687,1,0,0,1,3,4,True,False,False,V1_P0_C0,low,V1_P0_C0__low,train
004688,4,0,0,4,0,4,True,False,False,V1_P0_C0,medium,V1_P0_C0__medium,train
004689,9,0,0,9,1,10,True,False,False,V1_P0_C0,high,V1_P0_C0__high,train
004690,3,0,1,4,2,6,True,False,True,V1_P0_C1,medium,V1_P0_C1__medium,val
004691,9,0,0,9,3,12,True,False,False,V1_P0_C0,high,V1_P0_C0__high,val
004692,2,2,3,7,1,8,True,True,True,V1_P1_C1,high,V1_P1_C1__high,val
004693,1,0,1,2,5,7,True,False,True,V1_P0_C1,low,V1_P0_C1__low,train
004694,5,0,0,5,0,5,True,False,False,V1_P0_C0,medium,V1_P0_C0__medium,train
004695,1,0,0,1,1,2,True,False,False,V1_P0_C0,low,V1_P0_C0__low,val
004696,0,1,0,1,0,1,False,True,False,V0_P1_C0,low,V0_P1_C0__low,train
004697,3,0,0,3,2,5,True,False,False,V1_P0_C0,low,V1_P0_C0__low,train
004698,2,0,0,2,5,7,True,False,False,V1_P0_C0,low,V1_P0_C0__low,train
004699,2,0,0,2,4,6,True,False,False,V1_P0_C0,low,V1_P0_C0__low,train
004700,7,0,0,7,2,9,True,False,False,V1_P0_C0,high,V1_P0_C0__high,val
004701,10,0,0,10,4,14,True,False,False,V1_P0_C0,high,V1_P0_C0__high,train
004702,3,0,0,3,3,6,True,False,False,V1_P0_C0,low,V1_P0_C0__low,train
004703,5,0,0,5,0,5,True,False,False,V1_P0_C0,medium,V1_P0_C0__medium,train
004704,6,12,1,19,0,19,True,True,True,V1_P1_C1,high,V1_P1_C1__high,train
004705,3,0,0,3,3,6,True,False,False,V1_P0_C0,low,V1_P0_C0__low,train
004706,1,0,1,2,2,4,True,False,True,V1_P0_C1,low,V1_P0_C1__low,val
004707,12,0,0,12,3,15,True,False,False,V1_P0_C0,high,V1_P0_C0__high,train
004708,10,0,0,10,2,12,True,False,False,V1_P0_C0,high,V1_P0_C0__high,val
004709,1,0,0,1,0,1,True,False,False,V1_P0_C0,low,V1_P0_C0__low,train
004710,6,0,1,7,1,8,True,False,True,V1_P0_C1,high,V1_P0_C1__high,train
004711,6,0,0,6,3,9,True,False,False,V1_P0_C0,medium,V1_P0_C0__medium,train
004712,2,4,1,7,2,9,True,True,True,V1_P1_C1,high,V1_P1_C1__high,val
004713,11,0,1,12,2,14,True,False,True,V1_P0_C1,high,V1_P0_C1__high,train
004714,5,0,0,5,2,7,True,False,False,V1_P0_C0,medium,V1_P0_C0__medium,train
004715,8,0,0,8,1,9,True,False,False,V1_P0_C0,high,V1_P0_C0__high,train
004716,10,0,0,10,3,13,True,False,False,V1_P0_C0,high,V1_P0_C0__high,train
004717,3,2,0,5,0,5,True,True,False,V1_P1_C0,medium,V1_P1_C0__medium,train
004718,4,0,0,4,2,6,True,False,False,V1_P0_C0,medium,V1_P0_C0__medium,train
004719,7,0,0,7,0,7,True,False,False,V1_P0_C0,high,V1_P0_C0__high,train
004720,3,4,1,8,2,10,True,True,True,V1_P1_C1,high,V1_P1_C1__high,train
004721,5,0,0,5,2,7,True,False,False,V1_P0_C0,medium,V1_P0_C0__medium,train
004722,0,6,0,6,2,8,False,True,False,V0_P1_C0,medium,V0_P1_C0__medium,train
004723,0,1,0,1,0,1,False,True,False,V0_P1_C0,low,V0_P1_C0__low,train
004724,0,1,0,1,0,1,False,True,False,V0_P1_C0,low,V0_P1_C0__low,train
004725,4,0,0,4,4,8,True,False,False,V1_P0_C0,medium,V1_P0_C0__medium,val
004726,3,0,0,3,3,6,True,False,False,V1_P0_C0,low,V1_P0_C0__low,val
004727,2,0,0,2,0,2,True,False,False,V1_P0_C0,low,V1_P0_C0__low,train
004728,2,0,0,2,3,5,True,False,False,V1_P0_C0,low,V1_P0_C0__low,train
004729,0,2,0,2,9,11,False,True,False,V0_P1_C0,low,V0_P1_C0__low,train
004730,8,0,0,8,5,13,True,False,False,V1_P0_C0,high,V1_P0_C0__high,val
004731,0,1,0,1,0,1,False,True,False,V0_P1_C0,low,V0_P1_C0__low,train
004732,2,0,0,2,2,4,True,False,False,V1_P0_C0,low,V1_P0_C0__low,val
004733,0,1,0,1,0,1,False,True,False,V0_P1_C0,low,V0_P1_C0__low,train
004734,5,0,0,5,1,6,True,False,False,V1_P0_C0,medium,V1_P0_C0__medium,train
004735,10,0,0,10,5,15,True,False,False,V1_P0_C0,high,V1_P0_C0__high,train
004736,3,0,1,4,5,9,True,False,True,V1_P0_C1,medium,V1_P0_C1__medium,val
004737,1,0,1,2,2,4,True,False,True,V1_P0_C1,low,V1_P0_C1__low,train
004738,3,0,0,3,2,5,True,False,False,V1_P0_C0,low,V1_P0_C0__low,val
004739,7,0,0,7,4,11,True,False,False,V1_P0_C0,high,V1_P0_C0__high,train
004740,1,11,0,12,2,14,True,True,False,V1_P1_C0,high,V1_P1_C0__high,train
004741,2,0,0,2,0,2,True,False,False,V1_P0_C0,low,V1_P0_C0__low,train
004742,8,0,0,8,0,8,True,False,False,V1_P0_C0,high,V1_P0_C0__high,train
004743,11,0,0,11,1,12,True,False,False,V1_P0_C0,high,V1_P0_C0__high,train
004744,2,0,0,2,5,7,True,False,False,V1_P0_C0,low,V1_P0_C0__low,train
004745,2,2,0,4,2,6,True,True,False,V1_P1_C0,medium,V1_P1_C0__medium,train
004746,1,0,0,1,5,6,True,False,False,V1_P0_C0,low,V1_P0_C0__low,train
004747,4,13,3,20,0,20,True,True,True,V1_P1_C1,high,V1_P1_C1__high,train
004748,9,0,0,9,2,11,True,False,False,V1_P0_C0,high,V1_P0_C0__high,val
004749,3,0,3,6,3,9,True,False,True,V1_P0_C1,medium,V1_P0_C1__medium,train
004750,4,0,0,4,1,5,True,False,False,V1_P0_C0,medium,V1_P0_C0__medium,train
004751,5,0,0,5,0,5,True,False,False,V1_P0_C0,medium,V1_P0_C0__medium,train
004752,7,1,0,8,2,10,True,True,False,V1_P1_C0,high,V1_P1_C0__high,train
004753,6,1,0,7,0,7,True,True,False,V1_P1_C0,high,V1_P1_C0__high,train
004754,3,0,0,3,3,6,True,False,False,V1_P0_C0,low,V1_P0_C0__low,train
004755,6,0,2,8,0,8,True,False,True,V1_P0_C1,high,V1_P0_C1__high,val
004756,7,0,0,7,0,7,True,False,False,V1_P0_C0,high,V1_P0_C0__high,train
004757,0,3,0,3,3,6,False,True,False,V0_P1_C0,low,V0_P1_C0__low,val
004758,11,0,0,11,0,11,True,False,False,V1_P0_C0,high,V1_P0_C0__high,val
004759,2,0,0,2,0,2,True,False,False,V1_P0_C0,low,V1_P0_C0__low,train
004760,2,0,0,2,0,2,True,False,False,V1_P0_C0,low,V1_P0_C0__low,train
004761,1,0,0,1,0,1,True,False,False,V1_P0_C0,low,V1_P0_C0__low,train
004762,0,1,0,1,0,1,False,True,False,V0_P1_C0,low,V0_P1_C0__low,train
004763,4,0,0,4,1,5,True,False,False,V1_P0_C0,medium,V1_P0_C0__medium,train
004764,8,0,2,10,3,13,True,False,True,V1_P0_C1,high,V1_P0_C1__high,train
004765,2,0,0,2,1,3,True,False,False,V1_P0_C0,low,V1_P0_C0__low,train
004766,8,0,0,8,6,14,True,False,False,V1_P0_C0,high,V1_P0_C0__high,train
004767,4,0,0,4,2,6,True,False,False,V1_P0_C0,medium,V1_P0_C0__medium,train
004768,1,0,0,1,1,2,True,False,False,V1_P0_C0,low,V1_P0_C0__low,train
004769,10,0,0,10,1,11,True,False,False,V1_P0_C0,high,V1_P0_C0__high,train
004770,7,0,0,7,4,11,True,False,False,V1_P0_C0,high,V1_P0_C0__high,train
004771,3,0,0,3,2,5,True,False,False,V1_P0_C0,low,V1_P0_C0__low,train
004772,10,1,0,11,0,11,True,True,False,V1_P1_C0,high,V1_P1_C0__high,train
004773,0,1,0,1,1,2,False,True,False,V0_P1_C0,low,V0_P1_C0__low,val
004774,7,0,0,7,1,8,True,False,False,V1_P0_C0,high,V1_P0_C0__high,train
004775,2,0,0,2,6,8,True,False,False,V1_P0_C0,low,V1_P0_C0__low,train
004776,4,0,0,4,3,7,True,False,False,V1_P0_C0,medium,V1_P0_C0__medium,train
004777,5,0,0,5,1,6,True,False,False,V1_P0_C0,medium,V1_P0_C0__medium,train
004778,8,0,0,8,2,10,True,False,False,V1_P0_C0,high,V1_P0_C0__high,val
004779,10,0,0,10,0,10,True,False,False,V1_P0_C0,high,V1_P0_C0__high,train
004780,0,1,0,1,0,1,False,True,False,V0_P1_C0,low,V0_P1_C0__low,train
004781,9,0,0,9,1,10,True,False,False,V1_P0_C0,high,V1_P0_C0__high,train
004782,4,2,0,6,0,6,True,True,False,V1_P1_C0,medium,V1_P1_C0__medium,train
004783,2,0,0,2,0,2,True,False,False,V1_P0_C0,low,V1_P0_C0__low,val
004784,3,0,0,3,0,3,True,False,False,V1_P0_C0,low,V1_P0_C0__low,train
004785,2,0,0,2,1,3,True,False,False,V1_P0_C0,low,V1_P0_C0__low,train
004786,0,7,3,10,1,11,False,True,True,V0_P1_C1,high,V0_P1_C1__high,train
004787,14,0,1,15,4,19,True,False,True,V1_P0_C1,high,V1_P0_C1__high,train
004788,2,3,4,9,5,14,True,True,True,V1_P1_C1,high,V1_P1_C1__high,train
004789,5,0,0,5,0,5,True,False,False,V1_P0_C0,medium,V1_P0_C0__medium,train
004790,5,1,0,6,3,9,True,True,False,V1_P1_C0,medium,V1_P1_C0__medium,train
004791,2,0,0,2,1,3,True,False,False,V1_P0_C0,low,V1_P0_C0__low,train
004792,3,0,0,3,2,5,True,False,False,V1_P0_C0,low,V1_P0_C0__low,val
004793,9,1,0,10,3,13,True,True,False,V1_P1_C0,high,V1_P1_C0__high,train
004794,4,0,0,4,0,4,True,False,False,V1_P0_C0,medium,V1_P0_C0__medium,train
004795,2,0,0,2,0,2,True,False,False,V1_P0_C0,low,V1_P0_C0__low,train
004796,6,1,0,7,1,8,True,True,False,V1_P1_C0,high,V1_P1_C0__high,val
004797,0,1,0,1,0,1,False,True,False,V0_P1_C0,low,V0_P1_C0__low,train
004798,7,0,0,7,1,8,True,False,False,V1_P0_C0,high,V1_P0_C0__high,train
004799,3,0,0,3,2,5,True,False,False,V1_P0_C0,low,V1_P0_C0__low,train
004800,16,0,1,17,2,19,True,False,True,V1_P0_C1,high,V1_P0_C1__high,train
004801,6,0,0,6,1,7,True,False,False,V1_P0_C0,medium,V1_P0_C0__medium,train
004802,6,0,2,8,1,9,True,False,True,V1_P0_C1,high,V1_P0_C1__high,val
004803,5,0,0,5,0,5,True,False,False,V1_P0_C0,medium,V1_P0_C0__medium,train
004804,3,7,3,13,2,15,True,True,True,V1_P1_C1,high,V1_P1_C1__high,train
004805,1,0,0,1,1,2,True,False,False,V1_P0_C0,low,V1_P0_C0__low,train
004806,5,0,0,5,1,6,True,False,False,V1_P0_C0,medium,V1_P0_C0__medium,train
004807,2,0,0,2,0,2,True,False,False,V1_P0_C0,low,V1_P0_C0__low,val
004808,6,0,0,6,1,7,True,False,False,V1_P0_C0,medium,V1_P0_C0__medium,train
004809,8,0,0,8,1,9,True,False,False,V1_P0_C0,high,V1_P0_C0__high,val
004810,6,0,0,6,3,9,True,False,False,V1_P0_C0,medium,V1_P0_C0__medium,train
004811,6,0,2,8,1,9,True,False,True,V1_P0_C1,high,V1_P0_C1__high,train
004812,3,0,0,3,0,3,True,False,False,V1_P0_C0,low,V1_P0_C0__low,train
004813,4,1,0,5,0,5,True,True,False,V1_P1_C0,medium,V1_P1_C0__medium,train
004814,7,0,2,9,1,10,True,False,True,V1_P0_C1,high,V1_P0_C1__high,train
004815,1,0,0,1,0,1,True,False,False,V1_P0_C0,low,V1_P0_C0__low,val
004816,5,0,0,5,1,6,True,False,False,V1_P0_C0,medium,V1_P0_C0__medium,train
004817,6,1,0,7,0,7,True,True,False,V1_P1_C0,high,V1_P1_C0__high,train
004818,11,1,0,12,1,13,True,True,False,V1_P1_C0,high,V1_P1_C0__high,val
004819,6,0,0,6,3,9,True,False,False,V1_P0_C0,medium,V1_P0_C0__medium,val
004820,3,0,0,3,1,4,True,False,False,V1_P0_C0,low,V1_P0_C0__low,train
004821,7,0,0,7,3,10,True,False,False,V1_P0_C0,high,V1_P0_C0__high,val
004822,11,0,0,11,4,15,True,False,False,V1_P0_C0,high,V1_P0_C0__high,train
004823,4,0,0,4,1,5,True,False,False,V1_P0_C0,medium,V1_P0_C0__medium,val
004824,4,0,0,4,1,5,True,False,False,V1_P0_C0,medium,V1_P0_C0__medium,train
004825,1,9,0,10,2,12,True,True,False,V1_P1_C0,high,V1_P1_C0__high,train
004826,3,0,0,3,0,3,True,False,False,V1_P0_C0,low,V1_P0_C0__low,train
004827,0,3,0,3,2,5,False,True,False,V0_P1_C0,low,V0_P1_C0__low,train
004828,4,0,0,4,3,7,True,False,False,V1_P0_C0,medium,V1_P0_C0__medium,train
004829,1,0,0,1,1,2,True,False,False,V1_P0_C0,low,V1_P0_C0__low,train
004830,6,0,0,6,1,7,True,False,False,V1_P0_C0,medium,V1_P0_C0__medium,train
004831,4,0,0,4,0,4,True,False,False,V1_P0_C0,medium,V1_P0_C0__medium,train
004832,10,0,0,10,1,11,True,False,False,V1_P0_C0,high,V1_P0_C0__high,train
004833,4,0,0,4,2,6,True,False,False,V1_P0_C0,medium,V1_P0_C0__medium,train
004834,11,0,0,11,1,12,True,False,False,V1_P0_C0,high,V1_P0_C0__high,train
004835,3,0,1,4,4,8,True,False,True,V1_P0_C1,medium,V1_P0_C1__medium,train
004836,0,4,2,6,3,9,False,True,True,V0_P1_C1,medium,V0_P1_C1__medium,train
004837,10,2,0,12,0,12,True,True,False,V1_P1_C0,high,V1_P1_C0__high,val
004838,16,0,0,16,0,16,True,False,False,V1_P0_C0,high,V1_P0_C0__high,train
004839,6,0,0,6,0,6,True,False,False,V1_P0_C0,medium,V1_P0_C0__medium,val
004840,3,0,0,3,3,6,True,False,False,V1_P0_C0,low,V1_P0_C0__low,train
004841,6,0,0,6,4,10,True,False,False,V1_P0_C0,medium,V1_P0_C0__medium,train
004842,10,0,0,10,0,10,True,False,False,V1_P0_C0,high,V1_P0_C0__high,val
004843,7,0,0,7,1,8,True,False,False,V1_P0_C0,high,V1_P0_C0__high,train
004844,0,1,0,1,0,1,False,True,False,V0_P1_C0,low,V0_P1_C0__low,val
004845,6,0,0,6,3,9,True,False,False,V1_P0_C0,medium,V1_P0_C0__medium,train
004846,4,0,0,4,2,6,True,False,False,V1_P0_C0,medium,V1_P0_C0__medium,train
004847,2,0,0,2,2,4,True,False,False,V1_P0_C0,low,V1_P0_C0__low,val
004848,2,0,0,2,0,2,True,False,False,V1_P0_C0,low,V1_P0_C0__low,train
004849,2,0,0,2,0,2,True,False,False,V1_P0_C0,low,V1_P0_C0__low,train
004850,2,3,2,7,2,9,True,True,True,V1_P1_C1,high,V1_P1_C1__high,train
004851,9,0,0,9,4,13,True,False,False,V1_P0_C0,high,V1_P0_C0__high,train
004852,4,0,0,4,3,7,True,False,False,V1_P0_C0,medium,V1_P0_C0__medium,train
004853,1,0,0,1,1,2,True,False,False,V1_P0_C0,low,V1_P0_C0__low,val
004854,0,1,0,1,0,1,False,True,False,V0_P1_C0,low,V0_P1_C0__low,val
004855,2,1,1,4,1,5,True,True,True,V1_P1_C1,medium,V1_P1_C1__medium,train
004856,6,0,0,6,1,7,True,False,False,V1_P0_C0,medium,V1_P0_C0__medium,train
004857,15,1,0,16,0,16,True,True,False,V1_P1_C0,high,V1_P1_C0__high,train
004858,9,0,0,9,1,10,True,False,False,V1_P0_C0,high,V1_P0_C0__high,train
004859,7,0,0,7,3,10,True,False,False,V1_P0_C0,high,V1_P0_C0__high,train
004860,8,0,0,8,5,13,True,False,False,V1_P0_C0,high,V1_P0_C0__high,train
004861,1,0,0,1,2,3,True,False,False,V1_P0_C0,low,V1_P0_C0__low,train
004862,6,2,0,8,2,10,True,True,False,V1_P1_C0,high,V1_P1_C0__high,train
004863,3,0,0,3,2,5,True,False,False,V1_P0_C0,low,V1_P0_C0__low,train
004864,1,0,0,1,4,5,True,False,False,V1_P0_C0,low,V1_P0_C0__low,train
004865,2,0,0,2,1,3,True,False,False,V1_P0_C0,low,V1_P0_C0__low,train
004866,10,1,1,12,1,13,True,True,True,V1_P1_C1,high,V1_P1_C1__high,train
004867,5,0,0,5,3,8,True,False,False,V1_P0_C0,medium,V1_P0_C0__medium,train
004868,4,0,0,4,1,5,True,False,False,V1_P0_C0,medium,V1_P0_C0__medium,val
004869,0,1,0,1,0,1,False,True,False,V0_P1_C0,low,V0_P1_C0__low,val
004870,2,0,3,5,4,9,True,False,True,V1_P0_C1,medium,V1_P0_C1__medium,val
004871,10,0,0,10,3,13,True,False,False,V1_P0_C0,high,V1_P0_C0__high,val
004872,1,1,0,2,2,4,True,True,False,V1_P1_C0,low,V1_P1_C0__low,train
004873,1,0,0,1,0,1,True,False,False,V1_P0_C0,low,V1_P0_C0__low,train
004874,10,0,0,10,1,11,True,False,False,V1_P0_C0,high,V1_P0_C0__high,train
004875,4,0,0,4,0,4,True,False,False,V1_P0_C0,medium,V1_P0_C0__medium,train
004876,6,0,0,6,2,8,True,False,False,V1_P0_C0,medium,V1_P0_C0__medium,train
004877,5,0,1,6,0,6,True,False,True,V1_P0_C1,medium,V1_P0_C1__medium,val
004878,2,0,0,2,1,3,True,False,False,V1_P0_C0,low,V1_P0_C0__low,train
004879,1,0,0,1,1,2,True,False,False,V1_P0_C0,low,V1_P0_C0__low,train
004880,3,0,0,3,2,5,True,False,False,V1_P0_C0,low,V1_P0_C0__low,train
004881,7,0,0,7,0,7,True,False,False,V1_P0_C0,high,V1_P0_C0__high,train
004882,3,0,3,6,4,10,True,False,True,V1_P0_C1,medium,V1_P0_C1__medium,val
004883,4,0,0,4,1,5,True,False,False,V1_P0_C0,medium,V1_P0_C0__medium,train
004884,7,0,1,8,1,9,True,False,True,V1_P0_C1,high,V1_P0_C1__high,train
004885,10,0,0,10,2,12,True,False,False,V1_P0_C0,high,V1_P0_C0__high,train
004886,1,0,0,1,1,2,True,False,False,V1_P0_C0,low,V1_P0_C0__low,train
004887,7,0,0,7,1,8,True,False,False,V1_P0_C0,high,V1_P0_C0__high,train
004888,3,0,0,3,1,4,True,False,False,V1_P0_C0,low,V1_P0_C0__low,val
004889,2,0,0,2,2,4,True,False,False,V1_P0_C0,low,V1_P0_C0__low,val
004890,1,0,0,1,1,2,True,False,False,V1_P0_C0,low,V1_P0_C0__low,train
004891,4,0,0,4,1,5,True,False,False,V1_P0_C0,medium,V1_P0_C0__medium,train
004892,4,0,0,4,2,6,True,False,False,V1_P0_C0,medium,V1_P0_C0__medium,train
004893,3,0,0,3,3,6,True,False,False,V1_P0_C0,low,V1_P0_C0__low,train
004894,6,0,0,6,1,7,True,False,False,V1_P0_C0,medium,V1_P0_C0__medium,train
004895,3,0,0,3,0,3,True,False,False,V1_P0_C0,low,V1_P0_C0__low,train
004896,6,0,0,6,3,9,True,False,False,V1_P0_C0,medium,V1_P0_C0__medium,train
004897,0,3,0,3,6,9,False,True,False,V0_P1_C0,low,V0_P1_C0__low,train
004898,2,0,0,2,4,6,True,False,False,V1_P0_C0,low,V1_P0_C0__low,train
004899,2,0,0,2,3,5,True,False,False,V1_P0_C0,low,V1_P0_C0__low,train
004900,11,0,0,11,3,14,True,False,False,V1_P0_C0,high,V1_P0_C0__high,train
004901,1,1,0,2,0,2,True,True,False,V1_P1_C0,low,V1_P1_C0__low,val
004902,10,1,0,11,1,12,True,True,False,V1_P1_C0,high,V1_P1_C0__high,train
004903,1,1,0,2,0,2,True,True,False,V1_P1_C0,low,V1_P1_C0__low,train
004904,3,1,0,4,1,5,True,True,False,V1_P1_C0,medium,V1_P1_C0__medium,train
004905,5,0,0,5,1,6,True,False,False,V1_P0_C0,medium,V1_P0_C0__medium,val
004906,9,0,2,11,1,12,True,False,True,V1_P0_C1,high,V1_P0_C1__high,val
004907,2,0,0,2,0,2,True,False,False,V1_P0_C0,low,V1_P0_C0__low,val
004908,1,0,1,2,2,4,True,False,True,V1_P0_C1,low,V1_P0_C1__low,train
004909,14,0,1,15,3,18,True,False,True,V1_P0_C1,high,V1_P0_C1__high,train
004910,5,0,0,5,3,8,True,False,False,V1_P0_C0,medium,V1_P0_C0__medium,train
004911,9,0,0,9,2,11,True,False,False,V1_P0_C0,high,V1_P0_C0__high,train
004912,0,1,0,1,0,1,False,True,False,V0_P1_C0,low,V0_P1_C0__low,train
004913,5,0,0,5,0,5,True,False,False,V1_P0_C0,medium,V1_P0_C0__medium,train
004914,2,0,0,2,1,3,True,False,False,V1_P0_C0,low,V1_P0_C0__low,train
004915,0,1,0,1,0,1,False,True,False,V0_P1_C0,low,V0_P1_C0__low,train
004916,12,0,0,12,1,13,True,False,False,V1_P0_C0,high,V1_P0_C0__high,train
004917,4,0,0,4,1,5,True,False,False,V1_P0_C0,medium,V1_P0_C0__medium,train
004918,2,1,0,3,0,3,True,True,False,V1_P1_C0,low,V1_P1_C0__low,train
004919,7,0,0,7,3,10,True,False,False,V1_P0_C0,high,V1_P0_C0__high,train
004920,10,0,0,10,2,12,True,False,False,V1_P0_C0,high,V1_P0_C0__high,train
004921,3,0,1,4,1,5,True,False,True,V1_P0_C1,medium,V1_P0_C1__medium,train
004922,2,0,0,2,5,7,True,False,False,V1_P0_C0,low,V1_P0_C0__low,val
004923,8,1,0,9,4,13,True,True,False,V1_P1_C0,high,V1_P1_C0__high,train
004924,1,13,0,14,2,16,True,True,False,V1_P1_C0,high,V1_P1_C0__high,train
004925,2,0,0,2,2,4,True,False,False,V1_P0_C0,low,V1_P0_C0__low,train
004926,10,0,0,10,1,11,True,False,False,V1_P0_C0,high,V1_P0_C0__high,val
004927,2,0,0,2,3,5,True,False,False,V1_P0_C0,low,V1_P0_C0__low,train
004928,1,12,0,13,2,15,True,True,False,V1_P1_C0,high,V1_P1_C0__high,train
004929,9,0,0,9,1,10,True,False,False,V1_P0_C0,high,V1_P0_C0__high,train
004930,5,0,0,5,0,5,True,False,False,V1_P0_C0,medium,V1_P0_C0__medium,val
004931,0,1,0,1,2,3,False,True,False,V0_P1_C0,low,V0_P1_C0__low,train
004932,5,0,0,5,2,7,True,False,False,V1_P0_C0,medium,V1_P0_C0__medium,train
004933,1,0,0,1,2,3,True,False,False,V1_P0_C0,low,V1_P0_C0__low,train
004934,14,0,1,15,2,17,True,False,True,V1_P0_C1,high,V1_P0_C1__high,train
004935,6,0,0,6,2,8,True,False,False,V1_P0_C0,medium,V1_P0_C0__medium,train
004936,1,0,0,1,0,1,True,False,False,V1_P0_C0,low,V1_P0_C0__low,train
004937,2,0,0,2,3,5,True,False,False,V1_P0_C0,low,V1_P0_C0__low,val
004938,10,0,0,10,2,12,True,False,False,V1_P0_C0,high,V1_P0_C0__high,train
004939,2,0,1,3,1,4,True,False,True,V1_P0_C1,low,V1_P0_C1__low,train
004940,0,1,0,1,0,1,False,True,False,V0_P1_C0,low,V0_P1_C0__low,val
004941,3,0,1,4,4,8,True,False,True,V1_P0_C1,medium,V1_P0_C1__medium,train
004942,4,0,0,4,2,6,True,False,False,V1_P0_C0,medium,V1_P0_C0__medium,train
004943,6,1,0,7,7,14,True,True,False,V1_P1_C0,high,V1_P1_C0__high,train
004944,2,1,0,3,4,7,True,True,False,V1_P1_C0,low,V1_P1_C0__low,val
004945,9,1,1,11,4,15,True,True,True,V1_P1_C1,high,V1_P1_C1__high,train
004946,7,2,0,9,0,9,True,True,False,V1_P1_C0,high,V1_P1_C0__high,train
004947,1,0,1,2,3,5,True,False,True,V1_P0_C1,low,V1_P0_C1__low,val
004948,8,0,2,10,1,11,True,False,True,V1_P0_C1,high,V1_P0_C1__high,train
004949,0,2,1,3,0,3,False,True,True,V0_P1_C1,low,V0_P1_C1__low,train
004950,0,6,0,6,4,10,False,True,False,V0_P1_C0,medium,V0_P1_C0__medium,train
004951,1,0,0,1,0,1,True,False,False,V1_P0_C0,low,V1_P0_C0__low,train
004952,2,0,0,2,4,6,True,False,False,V1_P0_C0,low,V1_P0_C0__low,train
004953,5,0,3,8,2,10,True,False,True,V1_P0_C1,high,V1_P0_C1__high,train
004954,1,4,3,8,2,10,True,True,True,V1_P1_C1,high,V1_P1_C1__high,val
004955,0,5,0,5,4,9,False,True,False,V0_P1_C0,medium,V0_P1_C0__medium,train
004956,3,0,0,3,5,8,True,False,False,V1_P0_C0,low,V1_P0_C0__low,train
004957,4,0,0,4,1,5,True,False,False,V1_P0_C0,medium,V1_P0_C0__medium,train
004958,4,0,0,4,1,5,True,False,False,V1_P0_C0,medium,V1_P0_C0__medium,train
004959,8,0,0,8,2,10,True,False,False,V1_P0_C0,high,V1_P0_C0__high,train
004960,2,1,0,3,4,7,True,True,False,V1_P1_C0,low,V1_P1_C0__low,train
004961,5,0,0,5,1,6,True,False,False,V1_P0_C0,medium,V1_P0_C0__medium,val
004962,7,0,0,7,2,9,True,False,False,V1_P0_C0,high,V1_P0_C0__high,train
004963,3,10,0,13,2,15,True,True,False,V1_P1_C0,high,V1_P1_C0__high,train
004964,7,1,1,9,2,11,True,True,True,V1_P1_C1,high,V1_P1_C1__high,train
004965,13,1,1,15,2,17,True,True,True,V1_P1_C1,high,V1_P1_C1__high,train
004966,6,0,0,6,1,7,True,False,False,V1_P0_C0,medium,V1_P0_C0__medium,train
004967,0,1,0,1,0,1,False,True,False,V0_P1_C0,low,V0_P1_C0__low,train
004968,4,4,0,8,2,10,True,True,False,V1_P1_C0,high,V1_P1_C0__high,train
004969,1,0,0,1,0,1,True,False,False,V1_P0_C0,low,V1_P0_C0__low,val
004970,4,0,0,4,0,4,True,False,False,V1_P0_C0,medium,V1_P0_C0__medium,train
004971,10,0,0,10,3,13,True,False,False,V1_P0_C0,high,V1_P0_C0__high,train
004972,4,2,0,6,1,7,True,True,False,V1_P1_C0,medium,V1_P1_C0__medium,train
004973,0,1,0,1,0,1,False,True,False,V0_P1_C0,low,V0_P1_C0__low,train
004974,4,0,0,4,1,5,True,False,False,V1_P0_C0,medium,V1_P0_C0__medium,val
004975,7,0,0,7,0,7,True,False,False,V1_P0_C0,high,V1_P0_C0__high,train
004976,0,2,0,2,0,2,False,True,False,V0_P1_C0,low,V0_P1_C0__low,train
004977,2,1,0,3,1,4,True,True,False,V1_P1_C0,low,V1_P1_C0__low,train
004978,15,0,0,15,0,15,True,False,False,V1_P0_C0,high,V1_P0_C0__high,train
004979,5,0,0,5,1,6,True,False,False,V1_P0_C0,medium,V1_P0_C0__medium,train
004980,11,0,0,11,2,13,True,False,False,V1_P0_C0,high,V1_P0_C0__high,val
004981,10,0,0,10,1,11,True,False,False,V1_P0_C0,high,V1_P0_C0__high,train
004982,6,0,0,6,0,6,True,False,False,V1_P0_C0,medium,V1_P0_C0__medium,train
004983,1,12,0,13,1,14,True,True,False,V1_P1_C0,high,V1_P1_C0__high,val
004984,6,0,0,6,0,6,True,False,False,V1_P0_C0,medium,V1_P0_C0__medium,val
004985,13,0,0,13,3,16,True,False,False,V1_P0_C0,high,V1_P0_C0__high,train
004986,0,1,0,1,0,1,False,True,False,V0_P1_C0,low,V0_P1_C0__low,train
004987,1,0,0,1,1,2,True,False,False,V1_P0_C0,low,V1_P0_C0__low,train
004988,3,0,0,3,1,4,True,False,False,V1_P0_C0,low,V1_P0_C0__low,train
004989,0,3,1,4,8,12,False,True,True,V0_P1_C1,medium,V0_P1_C1__medium,train
004990,9,0,0,9,2,11,True,False,False,V1_P0_C0,high,V1_P0_C0__high,train
004991,1,0,0,1,1,2,True,False,False,V1_P0_C0,low,V1_P0_C0__low,val
004992,16,0,0,16,0,16,True,False,False,V1_P0_C0,high,V1_P0_C0__high,val
004993,9,0,0,9,2,11,True,False,False,V1_P0_C0,high,V1_P0_C0__high,train
004994,3,0,0,3,0,3,True,False,False,V1_P0_C0,low,V1_P0_C0__low,train
004995,4,0,0,4,2,6,True,False,False,V1_P0_C0,medium,V1_P0_C0__medium,train
004996,0,1,1,2,0,2,False,True,True,V0_P1_C1,low,V0_P1_C1__low,train
004997,5,0,0,5,0,5,True,False,False,V1_P0_C0,medium,V1_P0_C0__medium,train
004998,0,1,2,3,5,8,False,True,True,V0_P1_C1,low,V0_P1_C1__low,train
004999,10,0,0,10,2,12,True,False,False,V1_P0_C0,high,V1_P0_C0__high,val
005000,6,0,0,6,2,8,True,False,False,V1_P0_C0,medium,V1_P0_C0__medium,train
005001,3,0,0,3,0,3,True,False,False,V1_P0_C0,low,V1_P0_C0__low,train
005002,3,0,0,3,0,3,True,False,False,V1_P0_C0,low,V1_P0_C0__low,train
005003,1,0,0,1,1,2,True,False,False,V1_P0_C0,low,V1_P0_C0__low,train
005004,3,0,0,3,1,4,True,False,False,V1_P0_C0,low,V1_P0_C0__low,train
005005,1,1,0,2,0,2,True,True,False,V1_P1_C0,low,V1_P1_C0__low,train
005006,4,0,0,4,1,5,True,False,False,V1_P0_C0,medium,V1_P0_C0__medium,train
005007,0,1,0,1,0,1,False,True,False,V0_P1_C0,low,V0_P1_C0__low,train
005008,8,0,0,8,2,10,True,False,False,V1_P0_C0,high,V1_P0_C0__high,train
005009,1,0,0,1,2,3,True,False,False,V1_P0_C0,low,V1_P0_C0__low,train
005010,10,0,1,11,0,11,True,False,True,V1_P0_C1,high,V1_P0_C1__high,train
005011,7,1,0,8,2,10,True,True,False,V1_P1_C0,high,V1_P1_C0__high,train
005012,14,0,0,14,0,14,True,False,False,V1_P0_C0,high,V1_P0_C0__high,train
005013,9,0,0,9,1,10,True,False,False,V1_P0_C0,high,V1_P0_C0__high,train
005014,4,0,3,7,3,10,True,False,True,V1_P0_C1,high,V1_P0_C1__high,train
005015,3,0,0,3,1,4,True,False,False,V1_P0_C0,low,V1_P0_C0__low,train
005016,4,0,0,4,0,4,True,False,False,V1_P0_C0,medium,V1_P0_C0__medium,val
005017,0,1,0,1,0,1,False,True,False,V0_P1_C0,low,V0_P1_C0__low,train
005018,6,0,0,6,0,6,True,False,False,V1_P0_C0,medium,V1_P0_C0__medium,train
005019,9,0,0,9,1,10,True,False,False,V1_P0_C0,high,V1_P0_C0__high,train
005020,1,0,0,1,0,1,True,False,False,V1_P0_C0,low,V1_P0_C0__low,train
005021,2,1,0,3,0,3,True,True,False,V1_P1_C0,low,V1_P1_C0__low,train
005022,6,0,0,6,0,6,True,False,False,V1_P0_C0,medium,V1_P0_C0__medium,train
005023,6,1,0,7,6,13,True,True,False,V1_P1_C0,high,V1_P1_C0__high,train
005024,8,0,0,8,2,10,True,False,False,V1_P0_C0,high,V1_P0_C0__high,train
005025,3,0,0,3,1,4,True,False,False,V1_P0_C0,low,V1_P0_C0__low,val
005026,9,3,0,12,1,13,True,True,False,V1_P1_C0,high,V1_P1_C0__high,train
005027,6,12,0,18,0,18,True,True,False,V1_P1_C0,high,V1_P1_C0__high,train
005028,3,0,0,3,2,5,True,False,False,V1_P0_C0,low,V1_P0_C0__low,train
005029,13,0,0,13,5,18,True,False,False,V1_P0_C0,high,V1_P0_C0__high,train
005030,0,1,0,1,0,1,False,True,False,V0_P1_C0,low,V0_P1_C0__low,train
005031,0,7,2,9,0,9,False,True,True,V0_P1_C1,high,V0_P1_C1__high,val
005032,4,0,0,4,1,5,True,False,False,V1_P0_C0,medium,V1_P0_C0__medium,train
005033,5,0,0,5,2,7,True,False,False,V1_P0_C0,medium,V1_P0_C0__medium,train
005034,5,0,0,5,2,7,True,False,False,V1_P0_C0,medium,V1_P0_C0__medium,train
005035,2,0,1,3,5,8,True,False,True,V1_P0_C1,low,V1_P0_C1__low,train
005036,6,0,0,6,1,7,True,False,False,V1_P0_C0,medium,V1_P0_C0__medium,train
005037,1,3,0,4,1,5,True,True,False,V1_P1_C0,medium,V1_P1_C0__medium,train
005038,9,0,0,9,1,10,True,False,False,V1_P0_C0,high,V1_P0_C0__high,train
005039,4,0,1,5,1,6,True,False,True,V1_P0_C1,medium,V1_P0_C1__medium,train
005040,5,1,0,6,3,9,True,True,False,V1_P1_C0,medium,V1_P1_C0__medium,train
005041,3,0,1,4,1,5,True,False,True,V1_P0_C1,medium,V1_P0_C1__medium,train
005042,1,0,0,1,4,5,True,False,False,V1_P0_C0,low,V1_P0_C0__low,val
005043,7,1,0,8,1,9,True,True,False,V1_P1_C0,high,V1_P1_C0__high,train
005044,6,1,0,7,5,12,True,True,False,V1_P1_C0,high,V1_P1_C0__high,train
005045,6,1,0,7,0,7,True,True,False,V1_P1_C0,high,V1_P1_C0__high,train
005046,6,0,0,6,1,7,True,False,False,V1_P0_C0,medium,V1_P0_C0__medium,train
005047,1,0,0,1,0,1,True,False,False,V1_P0_C0,low,V1_P0_C0__low,train
005048,3,0,0,3,0,3,True,False,False,V1_P0_C0,low,V1_P0_C0__low,train
005049,10,0,0,10,1,11,True,False,False,V1_P0_C0,high,V1_P0_C0__high,train
005050,0,1,0,1,0,1,False,True,False,V0_P1_C0,low,V0_P1_C0__low,train
005051,4,0,0,4,2,6,True,False,False,V1_P0_C0,medium,V1_P0_C0__medium,train
005052,5,0,0,5,2,7,True,False,False,V1_P0_C0,medium,V1_P0_C0__medium,train
005053,9,0,0,9,0,9,True,False,False,V1_P0_C0,high,V1_P0_C0__high,train
005054,7,0,1,8,2,10,True,False,True,V1_P0_C1,high,V1_P0_C1__high,train
005055,3,0,2,5,3,8,True,False,True,V1_P0_C1,medium,V1_P0_C1__medium,val
005056,9,0,0,9,2,11,True,False,False,V1_P0_C0,high,V1_P0_C0__high,train
005057,10,0,0,10,2,12,True,False,False,V1_P0_C0,high,V1_P0_C0__high,train
005058,10,0,0,10,1,11,True,False,False,V1_P0_C0,high,V1_P0_C0__high,train
005059,0,9,2,11,2,13,False,True,True,V0_P1_C1,high,V0_P1_C1__high,train
005060,4,0,0,4,1,5,True,False,False,V1_P0_C0,medium,V1_P0_C0__medium,val
005061,6,5,0,11,0,11,True,True,False,V1_P1_C0,high,V1_P1_C0__high,train
005062,3,0,0,3,3,6,True,False,False,V1_P0_C0,low,V1_P0_C0__low,train
005063,5,0,0,5,3,8,True,False,False,V1_P0_C0,medium,V1_P0_C0__medium,train
005064,3,2,1,6,1,7,True,True,True,V1_P1_C1,medium,V1_P1_C1__medium,train
005065,1,4,0,5,3,8,True,True,False,V1_P1_C0,medium,V1_P1_C0__medium,val
005066,2,0,0,2,1,3,True,False,False,V1_P0_C0,low,V1_P0_C0__low,train
005067,5,0,0,5,0,5,True,False,False,V1_P0_C0,medium,V1_P0_C0__medium,train
005068,2,0,0,2,3,5,True,False,False,V1_P0_C0,low,V1_P0_C0__low,val
005069,8,0,0,8,2,10,True,False,False,V1_P0_C0,high,V1_P0_C0__high,train
005070,2,1,0,3,3,6,True,True,False,V1_P1_C0,low,V1_P1_C0__low,train
005071,6,0,0,6,1,7,True,False,False,V1_P0_C0,medium,V1_P0_C0__medium,train
005072,9,0,0,9,1,10,True,False,False,V1_P0_C0,high,V1_P0_C0__high,train
005073,11,0,0,11,0,11,True,False,False,V1_P0_C0,high,V1_P0_C0__high,train
005074,9,0,0,9,1,10,True,False,False,V1_P0_C0,high,V1_P0_C0__high,val
005075,2,3,4,9,3,12,True,True,True,V1_P1_C1,high,V1_P1_C1__high,train
005076,4,0,0,4,0,4,True,False,False,V1_P0_C0,medium,V1_P0_C0__medium,train
005077,3,1,0,4,2,6,True,True,False,V1_P1_C0,medium,V1_P1_C0__medium,train
005078,1,3,0,4,1,5,True,True,False,V1_P1_C0,medium,V1_P1_C0__medium,train
005079,2,0,0,2,1,3,True,False,False,V1_P0_C0,low,V1_P0_C0__low,train
005080,3,0,1,4,3,7,True,False,True,V1_P0_C1,medium,V1_P0_C1__medium,train
005081,2,0,0,2,0,2,True,False,False,V1_P0_C0,low,V1_P0_C0__low,train
005082,1,11,0,12,1,13,True,True,False,V1_P1_C0,high,V1_P1_C0__high,train
005083,9,0,1,10,2,12,True,False,True,V1_P0_C1,high,V1_P0_C1__high,train
005084,6,0,1,7,4,11,True,False,True,V1_P0_C1,high,V1_P0_C1__high,train
005085,2,2,1,5,0,5,True,True,True,V1_P1_C1,medium,V1_P1_C1__medium,train
005086,3,10,0,13,2,15,True,True,False,V1_P1_C0,high,V1_P1_C0__high,val
005087,10,0,0,10,0,10,True,False,False,V1_P0_C0,high,V1_P0_C0__high,val
005088,14,0,0,14,1,15,True,False,False,V1_P0_C0,high,V1_P0_C0__high,train
005089,6,0,0,6,0,6,True,False,False,V1_P0_C0,medium,V1_P0_C0__medium,train
005090,7,0,0,7,2,9,True,False,False,V1_P0_C0,high,V1_P0_C0__high,train
005091,2,0,0,2,0,2,True,False,False,V1_P0_C0,low,V1_P0_C0__low,train
005092,5,0,1,6,2,8,True,False,True,V1_P0_C1,medium,V1_P0_C1__medium,val
005093,3,0,0,3,2,5,True,False,False,V1_P0_C0,low,V1_P0_C0__low,val
005094,6,0,0,6,2,8,True,False,False,V1_P0_C0,medium,V1_P0_C0__medium,train
005095,6,0,0,6,1,7,True,False,False,V1_P0_C0,medium,V1_P0_C0__medium,val
005096,11,0,0,11,1,12,True,False,False,V1_P0_C0,high,V1_P0_C0__high,train
005097,7,1,1,9,0,9,True,True,True,V1_P1_C1,high,V1_P1_C1__high,val
005098,13,1,0,14,0,14,True,True,False,V1_P1_C0,high,V1_P1_C0__high,train
005099,5,0,0,5,3,8,True,False,False,V1_P0_C0,medium,V1_P0_C0__medium,train
005100,2,0,0,2,0,2,True,False,False,V1_P0_C0,low,V1_P0_C0__low,train
005101,4,0,0,4,1,5,True,False,False,V1_P0_C0,medium,V1_P0_C0__medium,train
005102,9,1,1,11,2,13,True,True,True,V1_P1_C1,high,V1_P1_C1__high,train
005103,8,0,0,8,1,9,True,False,False,V1_P0_C0,high,V1_P0_C0__high,train
005104,9,1,0,10,1,11,True,True,False,V1_P1_C0,high,V1_P1_C0__high,train
005105,4,0,0,4,0,4,True,False,False,V1_P0_C0,medium,V1_P0_C0__medium,train
005106,0,5,3,8,2,10,False,True,True,V0_P1_C1,high,V0_P1_C1__high,val
005107,0,1,0,1,0,1,False,True,False,V0_P1_C0,low,V0_P1_C0__low,val
005108,3,0,0,3,3,6,True,False,False,V1_P0_C0,low,V1_P0_C0__low,train
005109,6,0,0,6,1,7,True,False,False,V1_P0_C0,medium,V1_P0_C0__medium,val
005110,2,1,0,3,3,6,True,True,False,V1_P1_C0,low,V1_P1_C0__low,train
005111,13,0,0,13,0,13,True,False,False,V1_P0_C0,high,V1_P0_C0__high,train
005112,4,0,1,5,3,8,True,False,True,V1_P0_C1,medium,V1_P0_C1__medium,val
005113,3,0,0,3,1,4,True,False,False,V1_P0_C0,low,V1_P0_C0__low,train
005114,1,4,0,5,1,6,True,True,False,V1_P1_C0,medium,V1_P1_C0__medium,train
005115,4,2,0,6,0,6,True,True,False,V1_P1_C0,medium,V1_P1_C0__medium,train
005116,7,2,1,10,1,11,True,True,True,V1_P1_C1,high,V1_P1_C1__high,train
005117,4,0,0,4,1,5,True,False,False,V1_P0_C0,medium,V1_P0_C0__medium,train
005118,1,0,0,1,4,5,True,False,False,V1_P0_C0,low,V1_P0_C0__low,train
005119,11,1,0,12,0,12,True,True,False,V1_P1_C0,high,V1_P1_C0__high,train
005120,4,0,0,4,2,6,True,False,False,V1_P0_C0,medium,V1_P0_C0__medium,train
005121,1,0,0,1,1,2,True,False,False,V1_P0_C0,low,V1_P0_C0__low,train
005122,4,0,0,4,1,5,True,False,False,V1_P0_C0,medium,V1_P0_C0__medium,train
005123,5,0,0,5,1,6,True,False,False,V1_P0_C0,medium,V1_P0_C0__medium,train
005124,0,1,0,1,0,1,False,True,False,V0_P1_C0,low,V0_P1_C0__low,train
005125,7,0,0,7,5,12,True,False,False,V1_P0_C0,high,V1_P0_C0__high,train
005126,15,0,0,15,0,15,True,False,False,V1_P0_C0,high,V1_P0_C0__high,train
005127,5,0,0,5,0,5,True,False,False,V1_P0_C0,medium,V1_P0_C0__medium,val
005128,6,0,0,6,0,6,True,False,False,V1_P0_C0,medium,V1_P0_C0__medium,train
005129,4,0,0,4,1,5,True,False,False,V1_P0_C0,medium,V1_P0_C0__medium,train
005130,1,0,0,1,0,1,True,False,False,V1_P0_C0,low,V1_P0_C0__low,train
005131,1,8,2,11,0,11,True,True,True,V1_P1_C1,high,V1_P1_C1__high,val
005132,5,0,0,5,1,6,True,False,False,V1_P0_C0,medium,V1_P0_C0__medium,train
005133,2,3,2,7,3,10,True,True,True,V1_P1_C1,high,V1_P1_C1__high,train
005134,9,0,0,9,1,10,True,False,False,V1_P0_C0,high,V1_P0_C0__high,train
005135,6,0,0,6,2,8,True,False,False,V1_P0_C0,medium,V1_P0_C0__medium,train
005136,5,0,0,5,3,8,True,False,False,V1_P0_C0,medium,V1_P0_C0__medium,train
005137,10,1,2,13,0,13,True,True,True,V1_P1_C1,high,V1_P1_C1__high,val
005138,10,0,0,10,0,10,True,False,False,V1_P0_C0,high,V1_P0_C0__high,val
005139,4,0,0,4,1,5,True,False,False,V1_P0_C0,medium,V1_P0_C0__medium,train
005140,5,0,0,5,1,6,True,False,False,V1_P0_C0,medium,V1_P0_C0__medium,train
005141,2,0,0,2,3,5,True,False,False,V1_P0_C0,low,V1_P0_C0__low,train
005142,0,1,0,1,0,1,False,True,False,V0_P1_C0,low,V0_P1_C0__low,train
005143,5,0,0,5,2,7,True,False,False,V1_P0_C0,medium,V1_P0_C0__medium,train
005144,4,0,0,4,2,6,True,False,False,V1_P0_C0,medium,V1_P0_C0__medium,val
005145,13,0,0,13,3,16,True,False,False,V1_P0_C0,high,V1_P0_C0__high,train
005146,2,0,0,2,4,6,True,False,False,V1_P0_C0,low,V1_P0_C0__low,train
005147,0,1,0,1,4,5,False,True,False,V0_P1_C0,low,V0_P1_C0__low,train
005148,9,0,0,9,1,10,True,False,False,V1_P0_C0,high,V1_P0_C0__high,train
005149,6,1,0,7,0,7,True,True,False,V1_P1_C0,high,V1_P1_C0__high,train
005150,3,0,0,3,3,6,True,False,False,V1_P0_C0,low,V1_P0_C0__low,train
005151,4,0,0,4,1,5,True,False,False,V1_P0_C0,medium,V1_P0_C0__medium,train
005152,7,0,0,7,5,12,True,False,False,V1_P0_C0,high,V1_P0_C0__high,train
005153,5,0,0,5,2,7,True,False,False,V1_P0_C0,medium,V1_P0_C0__medium,train
005154,5,0,0,5,1,6,True,False,False,V1_P0_C0,medium,V1_P0_C0__medium,train
005155,4,0,0,4,3,7,True,False,False,V1_P0_C0,medium,V1_P0_C0__medium,train
005156,6,0,0,6,2,8,True,False,False,V1_P0_C0,medium,V1_P0_C0__medium,train
005157,7,0,2,9,1,10,True,False,True,V1_P0_C1,high,V1_P0_C1__high,train
005158,4,0,0,4,2,6,True,False,False,V1_P0_C0,medium,V1_P0_C0__medium,train
005159,6,0,0,6,1,7,True,False,False,V1_P0_C0,medium,V1_P0_C0__medium,train
005160,13,0,0,13,1,14,True,False,False,V1_P0_C0,high,V1_P0_C0__high,train
005161,5,0,0,5,1,6,True,False,False,V1_P0_C0,medium,V1_P0_C0__medium,train
005162,14,0,1,15,2,17,True,False,True,V1_P0_C1,high,V1_P0_C1__high,train
005163,7,0,0,7,3,10,True,False,False,V1_P0_C0,high,V1_P0_C0__high,train
005164,7,0,0,7,2,9,True,False,False,V1_P0_C0,high,V1_P0_C0__high,train
005165,0,4,4,8,2,10,False,True,True,V0_P1_C1,high,V0_P1_C1__high,train
005166,8,0,0,8,3,11,True,False,False,V1_P0_C0,high,V1_P0_C0__high,train
005167,4,0,0,4,3,7,True,False,False,V1_P0_C0,medium,V1_P0_C0__medium,train
005168,2,2,1,5,3,8,True,True,True,V1_P1_C1,medium,V1_P1_C1__medium,train
005169,1,0,0,1,3,4,True,False,False,V1_P0_C0,low,V1_P0_C0__low,train
005170,2,3,0,5,2,7,True,True,False,V1_P1_C0,medium,V1_P1_C0__medium,train
005171,16,1,0,17,0,17,True,True,False,V1_P1_C0,high,V1_P1_C0__high,train
005172,1,1,0,2,1,3,True,True,False,V1_P1_C0,low,V1_P1_C0__low,train
005173,7,0,0,7,2,9,True,False,False,V1_P0_C0,high,V1_P0_C0__high,train
005174,7,0,0,7,7,14,True,False,False,V1_P0_C0,high,V1_P0_C0__high,train
005175,4,0,0,4,1,5,True,False,False,V1_P0_C0,medium,V1_P0_C0__medium,train
005176,5,0,0,5,1,6,True,False,False,V1_P0_C0,medium,V1_P0_C0__medium,train
005177,5,0,0,5,1,6,True,False,False,V1_P0_C0,medium,V1_P0_C0__medium,val
005178,14,0,0,14,1,15,True,False,False,V1_P0_C0,high,V1_P0_C0__high,val
005179,6,0,0,6,0,6,True,False,False,V1_P0_C0,medium,V1_P0_C0__medium,train
005180,6,0,0,6,2,8,True,False,False,V1_P0_C0,medium,V1_P0_C0__medium,train
005181,3,0,0,3,5,8,True,False,False,V1_P0_C0,low,V1_P0_C0__low,train
005182,9,0,0,9,5,14,True,False,False,V1_P0_C0,high,V1_P0_C0__high,val
005183,2,0,0,2,1,3,True,False,False,V1_P0_C0,low,V1_P0_C0__low,train
005184,4,0,0,4,2,6,True,False,False,V1_P0_C0,medium,V1_P0_C0__medium,train
005185,4,2,0,6,0,6,True,True,False,V1_P1_C0,medium,V1_P1_C0__medium,train
005186,11,0,0,11,2,13,True,False,False,V1_P0_C0,high,V1_P0_C0__high,train
005187,2,0,0,2,1,3,True,False,False,V1_P0_C0,low,V1_P0_C0__low,train
005188,4,0,2,6,2,8,True,False,True,V1_P0_C1,medium,V1_P0_C1__medium,train
005189,9,0,0,9,1,10,True,False,False,V1_P0_C0,high,V1_P0_C0__high,train
005190,11,0,0,11,5,16,True,False,False,V1_P0_C0,high,V1_P0_C0__high,train
005191,12,0,0,12,0,12,True,False,False,V1_P0_C0,high,V1_P0_C0__high,train
005192,4,0,0,4,2,6,True,False,False,V1_P0_C0,medium,V1_P0_C0__medium,train
005193,3,0,0,3,1,4,True,False,False,V1_P0_C0,low,V1_P0_C0__low,train
005194,2,0,0,2,5,7,True,False,False,V1_P0_C0,low,V1_P0_C0__low,val
005195,3,0,0,3,1,4,True,False,False,V1_P0_C0,low,V1_P0_C0__low,train
005196,6,1,0,7,1,8,True,True,False,V1_P1_C0,high,V1_P1_C0__high,train
005197,1,0,0,1,2,3,True,False,False,V1_P0_C0,low,V1_P0_C0__low,train
005198,10,0,1,11,2,13,True,False,True,V1_P0_C1,high,V1_P0_C1__high,train
005199,3,0,0,3,0,3,True,False,False,V1_P0_C0,low,V1_P0_C0__low,train
005200,6,0,0,6,3,9,True,False,False,V1_P0_C0,medium,V1_P0_C0__medium,train
005201,7,0,0,7,2,9,True,False,False,V1_P0_C0,high,V1_P0_C0__high,val
005202,3,0,0,3,1,4,True,False,False,V1_P0_C0,low,V1_P0_C0__low,train
005203,11,1,0,12,0,12,True,True,False,V1_P1_C0,high,V1_P1_C0__high,train
005204,1,0,0,1,0,1,True,False,False,V1_P0_C0,low,V1_P0_C0__low,train
005205,1,0,0,1,2,3,True,False,False,V1_P0_C0,low,V1_P0_C0__low,train
005206,3,0,0,3,3,6,True,False,False,V1_P0_C0,low,V1_P0_C0__low,val
005207,2,1,0,3,1,4,True,True,False,V1_P1_C0,low,V1_P1_C0__low,train
005208,2,1,0,3,1,4,True,True,False,V1_P1_C0,low,V1_P1_C0__low,train
005209,15,0,0,15,0,15,True,False,False,V1_P0_C0,high,V1_P0_C0__high,train
005210,6,0,0,6,1,7,True,False,False,V1_P0_C0,medium,V1_P0_C0__medium,val
005211,5,0,1,6,0,6,True,False,True,V1_P0_C1,medium,V1_P0_C1__medium,val
005212,1,0,0,1,2,3,True,False,False,V1_P0_C0,low,V1_P0_C0__low,train
005213,3,3,2,8,2,10,True,True,True,V1_P1_C1,high,V1_P1_C1__high,train
005214,8,0,0,8,2,10,True,False,False,V1_P0_C0,high,V1_P0_C0__high,train
005215,2,0,0,2,4,6,True,False,False,V1_P0_C0,low,V1_P0_C0__low,train
005216,12,0,0,12,1,13,True,False,False,V1_P0_C0,high,V1_P0_C0__high,train
005217,5,1,0,6,1,7,True,True,False,V1_P1_C0,medium,V1_P1_C0__medium,train
005218,0,1,0,1,0,1,False,True,False,V0_P1_C0,low,V0_P1_C0__low,val
005219,2,0,0,2,0,2,True,False,False,V1_P0_C0,low,V1_P0_C0__low,train
005220,11,0,0,11,3,14,True,False,False,V1_P0_C0,high,V1_P0_C0__high,val
005221,4,0,0,4,2,6,True,False,False,V1_P0_C0,medium,V1_P0_C0__medium,train
005222,3,0,0,3,3,6,True,False,False,V1_P0_C0,low,V1_P0_C0__low,train
005223,2,0,0,2,0,2,True,False,False,V1_P0_C0,low,V1_P0_C0__low,train
005224,1,0,0,1,3,4,True,False,False,V1_P0_C0,low,V1_P0_C0__low,train
005225,1,0,0,1,0,1,True,False,False,V1_P0_C0,low,V1_P0_C0__low,val
005226,1,15,0,16,2,18,True,True,False,V1_P1_C0,high,V1_P1_C0__high,train
005227,3,0,0,3,0,3,True,False,False,V1_P0_C0,low,V1_P0_C0__low,train
005228,4,0,1,5,2,7,True,False,True,V1_P0_C1,medium,V1_P0_C1__medium,train
005229,9,0,0,9,2,11,True,False,False,V1_P0_C0,high,V1_P0_C0__high,train
005230,0,1,0,1,1,2,False,True,False,V0_P1_C0,low,V0_P1_C0__low,train
005231,0,1,0,1,0,1,False,True,False,V0_P1_C0,low,V0_P1_C0__low,train
005232,2,0,0,2,5,7,True,False,False,V1_P0_C0,low,V1_P0_C0__low,train
005233,2,0,0,2,2,4,True,False,False,V1_P0_C0,low,V1_P0_C0__low,val
005234,6,1,0,7,0,7,True,True,False,V1_P1_C0,high,V1_P1_C0__high,train
005235,4,1,0,5,2,7,True,True,False,V1_P1_C0,medium,V1_P1_C0__medium,train
005236,4,0,0,4,3,7,True,False,False,V1_P0_C0,medium,V1_P0_C0__medium,train
005237,3,0,0,3,4,7,True,False,False,V1_P0_C0,low,V1_P0_C0__low,train
005238,4,0,0,4,1,5,True,False,False,V1_P0_C0,medium,V1_P0_C0__medium,val
005239,5,3,0,8,2,10,True,True,False,V1_P1_C0,high,V1_P1_C0__high,train
005240,2,0,1,3,3,6,True,False,True,V1_P0_C1,low,V1_P0_C1__low,train
005241,10,1,0,11,1,12,True,True,False,V1_P1_C0,high,V1_P1_C0__high,val
005242,4,0,0,4,1,5,True,False,False,V1_P0_C0,medium,V1_P0_C0__medium,val
005243,2,0,0,2,1,3,True,False,False,V1_P0_C0,low,V1_P0_C0__low,val
005244,2,0,2,4,3,7,True,False,True,V1_P0_C1,medium,V1_P0_C1__medium,train
005245,13,3,0,16,2,18,True,True,False,V1_P1_C0,high,V1_P1_C0__high,train
005246,5,0,0,5,2,7,True,False,False,V1_P0_C0,medium,V1_P0_C0__medium,train
005247,7,0,0,7,2,9,True,False,False,V1_P0_C0,high,V1_P0_C0__high,train
005248,3,4,0,7,0,7,True,True,False,V1_P1_C0,high,V1_P1_C0__high,train
005249,4,0,0,4,2,6,True,False,False,V1_P0_C0,medium,V1_P0_C0__medium,train
005250,9,0,0,9,1,10,True,False,False,V1_P0_C0,high,V1_P0_C0__high,train
005251,11,0,0,11,3,14,True,False,False,V1_P0_C0,high,V1_P0_C0__high,train
005252,2,0,0,2,0,2,True,False,False,V1_P0_C0,low,V1_P0_C0__low,val
005253,10,0,0,10,2,12,True,False,False,V1_P0_C0,high,V1_P0_C0__high,train
005254,2,0,0,2,0,2,True,False,False,V1_P0_C0,low,V1_P0_C0__low,train
005255,7,0,0,7,2,9,True,False,False,V1_P0_C0,high,V1_P0_C0__high,train
005256,3,0,0,3,2,5,True,False,False,V1_P0_C0,low,V1_P0_C0__low,train
005257,4,0,0,4,0,4,True,False,False,V1_P0_C0,medium,V1_P0_C0__medium,train
005258,0,4,0,4,3,7,False,True,False,V0_P1_C0,medium,V0_P1_C0__medium,train
005259,4,2,0,6,1,7,True,True,False,V1_P1_C0,medium,V1_P1_C0__medium,train
005260,9,0,0,9,1,10,True,False,False,V1_P0_C0,high,V1_P0_C0__high,train
005261,5,0,0,5,4,9,True,False,False,V1_P0_C0,medium,V1_P0_C0__medium,val
005262,1,0,0,1,4,5,True,False,False,V1_P0_C0,low,V1_P0_C0__low,train
005263,2,1,0,3,1,4,True,True,False,V1_P1_C0,low,V1_P1_C0__low,train
005264,6,0,0,6,0,6,True,False,False,V1_P0_C0,medium,V1_P0_C0__medium,train
005265,5,0,0,5,0,5,True,False,False,V1_P0_C0,medium,V1_P0_C0__medium,train
005266,5,0,0,5,4,9,True,False,False,V1_P0_C0,medium,V1_P0_C0__medium,val
005267,2,1,0,3,0,3,True,True,False,V1_P1_C0,low,V1_P1_C0__low,train
005268,2,0,0,2,3,5,True,False,False,V1_P0_C0,low,V1_P0_C0__low,train
005269,6,0,0,6,3,9,True,False,False,V1_P0_C0,medium,V1_P0_C0__medium,train
005270,1,1,0,2,2,4,True,True,False,V1_P1_C0,low,V1_P1_C0__low,train
005271,3,0,1,4,1,5,True,False,True,V1_P0_C1,medium,V1_P0_C1__medium,val
005272,5,0,0,5,0,5,True,False,False,V1_P0_C0,medium,V1_P0_C0__medium,train
005273,4,0,1,5,2,7,True,False,True,V1_P0_C1,medium,V1_P0_C1__medium,val
005274,9,0,0,9,2,11,True,False,False,V1_P0_C0,high,V1_P0_C0__high,train
005275,5,0,0,5,3,8,True,False,False,V1_P0_C0,medium,V1_P0_C0__medium,val
005276,6,0,1,7,1,8,True,False,True,V1_P0_C1,high,V1_P0_C1__high,train
005277,3,0,0,3,0,3,True,False,False,V1_P0_C0,low,V1_P0_C0__low,train
005278,2,5,1,8,1,9,True,True,True,V1_P1_C1,high,V1_P1_C1__high,train
005279,2,0,0,2,2,4,True,False,False,V1_P0_C0,low,V1_P0_C0__low,train
005280,13,0,1,14,2,16,True,False,True,V1_P0_C1,high,V1_P0_C1__high,val
005281,0,3,0,3,5,8,False,True,False,V0_P1_C0,low,V0_P1_C0__low,val
005282,3,0,2,5,2,7,True,False,True,V1_P0_C1,medium,V1_P0_C1__medium,val
005283,4,0,0,4,0,4,True,False,False,V1_P0_C0,medium,V1_P0_C0__medium,train
005284,3,0,0,3,1,4,True,False,False,V1_P0_C0,low,V1_P0_C0__low,train
005285,4,0,0,4,0,4,True,False,False,V1_P0_C0,medium,V1_P0_C0__medium,val
005286,6,2,0,8,4,12,True,True,False,V1_P1_C0,high,V1_P1_C0__high,train
005287,6,2,0,8,2,10,True,True,False,V1_P1_C0,high,V1_P1_C0__high,train
005288,7,0,0,7,1,8,True,False,False,V1_P0_C0,high,V1_P0_C0__high,train
005289,4,0,1,5,3,8,True,False,True,V1_P0_C1,medium,V1_P0_C1__medium,train
005290,3,0,0,3,0,3,True,False,False,V1_P0_C0,low,V1_P0_C0__low,train
005291,8,0,0,8,1,9,True,False,False,V1_P0_C0,high,V1_P0_C0__high,train
005292,1,0,0,1,0,1,True,False,False,V1_P0_C0,low,V1_P0_C0__low,val
005293,3,0,0,3,0,3,True,False,False,V1_P0_C0,low,V1_P0_C0__low,train
005294,5,4,0,9,1,10,True,True,False,V1_P1_C0,high,V1_P1_C0__high,train
005295,4,0,0,4,2,6,True,False,False,V1_P0_C0,medium,V1_P0_C0__medium,val
005296,2,0,0,2,0,2,True,False,False,V1_P0_C0,low,V1_P0_C0__low,train
005297,4,0,0,4,1,5,True,False,False,V1_P0_C0,medium,V1_P0_C0__medium,train
005298,4,0,0,4,2,6,True,False,False,V1_P0_C0,medium,V1_P0_C0__medium,val
005299,3,0,0,3,3,6,True,False,False,V1_P0_C0,low,V1_P0_C0__low,val
005300,6,0,1,7,0,7,True,False,True,V1_P0_C1,high,V1_P0_C1__high,train
005301,0,1,0,1,0,1,False,True,False,V0_P1_C0,low,V0_P1_C0__low,train
005302,1,0,0,1,0,1,True,False,False,V1_P0_C0,low,V1_P0_C0__low,train
005303,2,0,0,2,2,4,True,False,False,V1_P0_C0,low,V1_P0_C0__low,train
005304,1,0,0,1,0,1,True,False,False,V1_P0_C0,low,V1_P0_C0__low,train
005305,1,0,0,1,1,2,True,False,False,V1_P0_C0,low,V1_P0_C0__low,train
005306,7,0,0,7,1,8,True,False,False,V1_P0_C0,high,V1_P0_C0__high,train
005307,1,0,0,1,0,1,True,False,False,V1_P0_C0,low,V1_P0_C0__low,train
005308,5,0,0,5,6,11,True,False,False,V1_P0_C0,medium,V1_P0_C0__medium,val
005309,1,1,0,2,3,5,True,True,False,V1_P1_C0,low,V1_P1_C0__low,val
005310,3,0,0,3,1,4,True,False,False,V1_P0_C0,low,V1_P0_C0__low,train
005311,13,2,0,15,2,17,True,True,False,V1_P1_C0,high,V1_P1_C0__high,train
005312,6,1,0,7,0,7,True,True,False,V1_P1_C0,high,V1_P1_C0__high,train
005313,4,0,0,4,3,7,True,False,False,V1_P0_C0,medium,V1_P0_C0__medium,train
005314,12,1,0,13,0,13,True,True,False,V1_P1_C0,high,V1_P1_C0__high,train
005315,4,0,0,4,1,5,True,False,False,V1_P0_C0,medium,V1_P0_C0__medium,train
005316,6,1,0,7,5,12,True,True,False,V1_P1_C0,high,V1_P1_C0__high,train
005317,0,1,0,1,0,1,False,True,False,V0_P1_C0,low,V0_P1_C0__low,train
005318,8,0,0,8,2,10,True,False,False,V1_P0_C0,high,V1_P0_C0__high,train
005319,6,0,0,6,2,8,True,False,False,V1_P0_C0,medium,V1_P0_C0__medium,val
005320,13,0,0,13,1,14,True,False,False,V1_P0_C0,high,V1_P0_C0__high,train
005321,11,0,0,11,0,11,True,False,False,V1_P0_C0,high,V1_P0_C0__high,train
005322,4,0,0,4,2,6,True,False,False,V1_P0_C0,medium,V1_P0_C0__medium,val
005323,1,0,1,2,1,3,True,False,True,V1_P0_C1,low,V1_P0_C1__low,train
005324,0,1,0,1,0,1,False,True,False,V0_P1_C0,low,V0_P1_C0__low,train
005325,4,0,0,4,0,4,True,False,False,V1_P0_C0,medium,V1_P0_C0__medium,train
005326,8,0,0,8,1,9,True,False,False,V1_P0_C0,high,V1_P0_C0__high,train
005327,7,0,0,7,1,8,True,False,False,V1_P0_C0,high,V1_P0_C0__high,train
005328,2,0,0,2,2,4,True,False,False,V1_P0_C0,low,V1_P0_C0__low,val
005329,0,1,0,1,0,1,False,True,False,V0_P1_C0,low,V0_P1_C0__low,train
005330,6,0,0,6,2,8,True,False,False,V1_P0_C0,medium,V1_P0_C0__medium,train
005331,1,0,0,1,0,1,True,False,False,V1_P0_C0,low,V1_P0_C0__low,train
005332,7,0,0,7,3,10,True,False,False,V1_P0_C0,high,V1_P0_C0__high,train
005333,7,0,1,8,0,8,True,False,True,V1_P0_C1,high,V1_P0_C1__high,train
005334,4,0,0,4,0,4,True,False,False,V1_P0_C0,medium,V1_P0_C0__medium,train
005335,3,1,0,4,1,5,True,True,False,V1_P1_C0,medium,V1_P1_C0__medium,train
005336,1,5,1,7,1,8,True,True,True,V1_P1_C1,high,V1_P1_C1__high,train
005337,3,0,0,3,1,4,True,False,False,V1_P0_C0,low,V1_P0_C0__low,train
005338,0,1,0,1,3,4,False,True,False,V0_P1_C0,low,V0_P1_C0__low,train
005339,4,0,0,4,1,5,True,False,False,V1_P0_C0,medium,V1_P0_C0__medium,train
005340,5,0,0,5,4,9,True,False,False,V1_P0_C0,medium,V1_P0_C0__medium,train
005341,0,1,0,1,1,2,False,True,False,V0_P1_C0,low,V0_P1_C0__low,val
005342,4,0,0,4,2,6,True,False,False,V1_P0_C0,medium,V1_P0_C0__medium,val
005343,2,0,0,2,3,5,True,False,False,V1_P0_C0,low,V1_P0_C0__low,val
005344,1,0,0,1,1,2,True,False,False,V1_P0_C0,low,V1_P0_C0__low,train
005345,5,0,0,5,0,5,True,False,False,V1_P0_C0,medium,V1_P0_C0__medium,val
005346,3,0,0,3,2,5,True,False,False,V1_P0_C0,low,V1_P0_C0__low,train
005347,5,0,0,5,0,5,True,False,False,V1_P0_C0,medium,V1_P0_C0__medium,val
005348,9,1,0,10,0,10,True,True,False,V1_P1_C0,high,V1_P1_C0__high,train
005349,3,0,0,3,0,3,True,False,False,V1_P0_C0,low,V1_P0_C0__low,train
005350,7,0,0,7,0,7,True,False,False,V1_P0_C0,high,V1_P0_C0__high,val
005351,2,0,0,2,1,3,True,False,False,V1_P0_C0,low,V1_P0_C0__low,train
005352,15,0,0,15,0,15,True,False,False,V1_P0_C0,high,V1_P0_C0__high,train
005353,1,1,0,2,1,3,True,True,False,V1_P1_C0,low,V1_P1_C0__low,train
005354,9,0,0,9,1,10,True,False,False,V1_P0_C0,high,V1_P0_C0__high,train
005355,1,0,0,1,3,4,True,False,False,V1_P0_C0,low,V1_P0_C0__low,train
005356,13,3,0,16,2,18,True,True,False,V1_P1_C0,high,V1_P1_C0__high,train
005357,6,0,0,6,0,6,True,False,False,V1_P0_C0,medium,V1_P0_C0__medium,train
005358,1,1,1,3,0,3,True,True,True,V1_P1_C1,low,V1_P1_C1__low,train
005359,3,0,0,3,2,5,True,False,False,V1_P0_C0,low,V1_P0_C0__low,train
005360,8,1,0,9,0,9,True,True,False,V1_P1_C0,high,V1_P1_C0__high,train
005361,5,0,0,5,0,5,True,False,False,V1_P0_C0,medium,V1_P0_C0__medium,train
005362,7,0,0,7,2,9,True,False,False,V1_P0_C0,high,V1_P0_C0__high,train
005363,3,0,0,3,2,5,True,False,False,V1_P0_C0,low,V1_P0_C0__low,train
005364,3,0,0,3,1,4,True,False,False,V1_P0_C0,low,V1_P0_C0__low,val
005365,4,0,0,4,1,5,True,False,False,V1_P0_C0,medium,V1_P0_C0__medium,val
005366,12,0,0,12,1,13,True,False,False,V1_P0_C0,high,V1_P0_C0__high,train
005367,7,0,0,7,4,11,True,False,False,V1_P0_C0,high,V1_P0_C0__high,train
005368,3,0,0,3,0,3,True,False,False,V1_P0_C0,low,V1_P0_C0__low,train
005369,1,1,0,2,2,4,True,True,False,V1_P1_C0,low,V1_P1_C0__low,train
005370,1,1,0,2,2,4,True,True,False,V1_P1_C0,low,V1_P1_C0__low,train
005371,6,0,2,8,2,10,True,False,True,V1_P0_C1,high,V1_P0_C1__high,train
005372,1,1,0,2,0,2,True,True,False,V1_P1_C0,low,V1_P1_C0__low,val
005373,3,0,0,3,2,5,True,False,False,V1_P0_C0,low,V1_P0_C0__low,val
005374,4,0,0,4,1,5,True,False,False,V1_P0_C0,medium,V1_P0_C0__medium,train
005375,2,0,0,2,3,5,True,False,False,V1_P0_C0,low,V1_P0_C0__low,train
005376,4,0,0,4,0,4,True,False,False,V1_P0_C0,medium,V1_P0_C0__medium,val
005377,3,0,0,3,1,4,True,False,False,V1_P0_C0,low,V1_P0_C0__low,val
005378,2,0,1,3,1,4,True,False,True,V1_P0_C1,low,V1_P0_C1__low,train
005379,7,0,0,7,2,9,True,False,False,V1_P0_C0,high,V1_P0_C0__high,train
005380,0,2,0,2,8,10,False,True,False,V0_P1_C0,low,V0_P1_C0__low,train
005381,10,0,0,10,2,12,True,False,False,V1_P0_C0,high,V1_P0_C0__high,train
005382,9,0,0,9,2,11,True,False,False,V1_P0_C0,high,V1_P0_C0__high,train
005383,15,1,0,16,0,16,True,True,False,V1_P1_C0,high,V1_P1_C0__high,train
005384,6,0,0,6,1,7,True,False,False,V1_P0_C0,medium,V1_P0_C0__medium,train
005385,4,0,0,4,0,4,True,False,False,V1_P0_C0,medium,V1_P0_C0__medium,train
005386,13,0,1,14,2,16,True,False,True,V1_P0_C1,high,V1_P0_C1__high,val
005387,2,0,0,2,2,4,True,False,False,V1_P0_C0,low,V1_P0_C0__low,val
005388,4,0,0,4,0,4,True,False,False,V1_P0_C0,medium,V1_P0_C0__medium,train
005389,4,0,0,4,1,5,True,False,False,V1_P0_C0,medium,V1_P0_C0__medium,train
005390,2,0,0,2,2,4,True,False,False,V1_P0_C0,low,V1_P0_C0__low,train
005391,3,6,3,12,2,14,True,True,True,V1_P1_C1,high,V1_P1_C1__high,train
005392,8,0,0,8,2,10,True,False,False,V1_P0_C0,high,V1_P0_C0__high,train
005393,2,0,0,2,0,2,True,False,False,V1_P0_C0,low,V1_P0_C0__low,train
005394,2,0,0,2,4,6,True,False,False,V1_P0_C0,low,V1_P0_C0__low,train
005395,6,0,1,7,0,7,True,False,True,V1_P0_C1,high,V1_P0_C1__high,train
005396,2,0,0,2,2,4,True,False,False,V1_P0_C0,low,V1_P0_C0__low,val
005397,1,0,0,1,5,6,True,False,False,V1_P0_C0,low,V1_P0_C0__low,train
005398,6,0,0,6,3,9,True,False,False,V1_P0_C0,medium,V1_P0_C0__medium,train
005399,6,0,0,6,1,7,True,False,False,V1_P0_C0,medium,V1_P0_C0__medium,val
005400,4,0,0,4,1,5,True,False,False,V1_P0_C0,medium,V1_P0_C0__medium,val
005401,6,0,0,6,0,6,True,False,False,V1_P0_C0,medium,V1_P0_C0__medium,train
005402,1,0,0,1,0,1,True,False,False,V1_P0_C0,low,V1_P0_C0__low,train
005403,14,1,0,15,1,16,True,True,False,V1_P1_C0,high,V1_P1_C0__high,val
005404,2,0,0,2,3,5,True,False,False,V1_P0_C0,low,V1_P0_C0__low,train
005405,4,0,0,4,2,6,True,False,False,V1_P0_C0,medium,V1_P0_C0__medium,val
005406,5,0,0,5,1,6,True,False,False,V1_P0_C0,medium,V1_P0_C0__medium,val
005407,8,0,0,8,0,8,True,False,False,V1_P0_C0,high,V1_P0_C0__high,train
005408,1,9,1,11,0,11,True,True,True,V1_P1_C1,high,V1_P1_C1__high,train
005409,4,0,0,4,2,6,True,False,False,V1_P0_C0,medium,V1_P0_C0__medium,train
005410,8,0,0,8,3,11,True,False,False,V1_P0_C0,high,V1_P0_C0__high,train
005411,9,0,0,9,0,9,True,False,False,V1_P0_C0,high,V1_P0_C0__high,val
005412,2,0,0,2,4,6,True,False,False,V1_P0_C0,low,V1_P0_C0__low,train
005413,3,0,0,3,3,6,True,False,False,V1_P0_C0,low,V1_P0_C0__low,train
005414,9,0,0,9,2,11,True,False,False,V1_P0_C0,high,V1_P0_C0__high,train
005415,5,0,0,5,1,6,True,False,False,V1_P0_C0,medium,V1_P0_C0__medium,train
005416,5,0,0,5,0,5,True,False,False,V1_P0_C0,medium,V1_P0_C0__medium,train
005417,3,0,1,4,3,7,True,False,True,V1_P0_C1,medium,V1_P0_C1__medium,train
005418,0,7,2,9,2,11,False,True,True,V0_P1_C1,high,V0_P1_C1__high,train
005419,8,4,0,12,0,12,True,True,False,V1_P1_C0,high,V1_P1_C0__high,train
005420,5,0,0,5,0,5,True,False,False,V1_P0_C0,medium,V1_P0_C0__medium,train
005421,2,0,0,2,1,3,True,False,False,V1_P0_C0,low,V1_P0_C0__low,train
005422,0,1,0,1,0,1,False,True,False,V0_P1_C0,low,V0_P1_C0__low,train
005423,5,0,0,5,1,6,True,False,False,V1_P0_C0,medium,V1_P0_C0__medium,train
005424,1,0,0,1,0,1,True,False,False,V1_P0_C0,low,V1_P0_C0__low,val
005425,3,0,0,3,2,5,True,False,False,V1_P0_C0,low,V1_P0_C0__low,train
005426,13,0,1,14,2,16,True,False,True,V1_P0_C1,high,V1_P0_C1__high,val
005427,10,0,0,10,3,13,True,False,False,V1_P0_C0,high,V1_P0_C0__high,train
005428,4,0,1,5,3,8,True,False,True,V1_P0_C1,medium,V1_P0_C1__medium,train
005429,0,1,0,1,0,1,False,True,False,V0_P1_C0,low,V0_P1_C0__low,train
005430,6,2,0,8,2,10,True,True,False,V1_P1_C0,high,V1_P1_C0__high,train
005431,13,0,0,13,0,13,True,False,False,V1_P0_C0,high,V1_P0_C0__high,train
005432,3,0,0,3,1,4,True,False,False,V1_P0_C0,low,V1_P0_C0__low,train
005433,0,8,1,9,1,10,False,True,True,V0_P1_C1,high,V0_P1_C1__high,train
005434,0,3,0,3,3,6,False,True,False,V0_P1_C0,low,V0_P1_C0__low,train
005435,1,0,0,1,4,5,True,False,False,V1_P0_C0,low,V1_P0_C0__low,train
005436,10,1,2,13,0,13,True,True,True,V1_P1_C1,high,V1_P1_C1__high,train
005437,2,0,0,2,3,5,True,False,False,V1_P0_C0,low,V1_P0_C0__low,train
005438,9,0,0,9,2,11,True,False,False,V1_P0_C0,high,V1_P0_C0__high,train
005439,0,1,0,1,0,1,False,True,False,V0_P1_C0,low,V0_P1_C0__low,train
005440,2,0,0,2,1,3,True,False,False,V1_P0_C0,low,V1_P0_C0__low,val
005441,2,0,0,2,0,2,True,False,False,V1_P0_C0,low,V1_P0_C0__low,train
005442,4,0,0,4,1,5,True,False,False,V1_P0_C0,medium,V1_P0_C0__medium,train
005443,10,0,0,10,2,12,True,False,False,V1_P0_C0,high,V1_P0_C0__high,train
005444,3,0,0,3,1,4,True,False,False,V1_P0_C0,low,V1_P0_C0__low,val
005445,1,0,0,1,0,1,True,False,False,V1_P0_C0,low,V1_P0_C0__low,train
005446,1,0,0,1,1,2,True,False,False,V1_P0_C0,low,V1_P0_C0__low,train
005447,2,0,0,2,1,3,True,False,False,V1_P0_C0,low,V1_P0_C0__low,train
005448,2,3,2,7,1,8,True,True,True,V1_P1_C1,high,V1_P1_C1__high,train
005449,8,0,0,8,2,10,True,False,False,V1_P0_C0,high,V1_P0_C0__high,train
005450,2,1,0,3,0,3,True,True,False,V1_P1_C0,low,V1_P1_C0__low,train
005451,2,0,0,2,3,5,True,False,False,V1_P0_C0,low,V1_P0_C0__low,val
005452,3,0,0,3,1,4,True,False,False,V1_P0_C0,low,V1_P0_C0__low,train
005453,8,1,0,9,0,9,True,True,False,V1_P1_C0,high,V1_P1_C0__high,train
005454,6,0,0,6,1,7,True,False,False,V1_P0_C0,medium,V1_P0_C0__medium,train
005455,6,0,0,6,0,6,True,False,False,V1_P0_C0,medium,V1_P0_C0__medium,train
005456,1,0,0,1,1,2,True,False,False,V1_P0_C0,low,V1_P0_C0__low,train
005457,5,0,0,5,1,6,True,False,False,V1_P0_C0,medium,V1_P0_C0__medium,train
005458,3,0,0,3,1,4,True,False,False,V1_P0_C0,low,V1_P0_C0__low,train
005459,4,0,0,4,1,5,True,False,False,V1_P0_C0,medium,V1_P0_C0__medium,train
005460,2,0,0,2,2,4,True,False,False,V1_P0_C0,low,V1_P0_C0__low,train
005461,8,0,0,8,2,10,True,False,False,V1_P0_C0,high,V1_P0_C0__high,train
005462,1,0,1,2,3,5,True,False,True,V1_P0_C1,low,V1_P0_C1__low,train
005463,1,0,0,1,1,2,True,False,False,V1_P0_C0,low,V1_P0_C0__low,val
005464,4,0,0,4,1,5,True,False,False,V1_P0_C0,medium,V1_P0_C0__medium,train
005465,7,0,0,7,3,10,True,False,False,V1_P0_C0,high,V1_P0_C0__high,train
005466,7,0,0,7,1,8,True,False,False,V1_P0_C0,high,V1_P0_C0__high,val
005467,2,6,0,8,1,9,True,True,False,V1_P1_C0,high,V1_P1_C0__high,train
005468,3,0,0,3,3,6,True,False,False,V1_P0_C0,low,V1_P0_C0__low,train
005469,7,0,1,8,1,9,True,False,True,V1_P0_C1,high,V1_P0_C1__high,train
005470,2,0,0,2,1,3,True,False,False,V1_P0_C0,low,V1_P0_C0__low,train
005471,1,0,1,2,4,6,True,False,True,V1_P0_C1,low,V1_P0_C1__low,train
005472,1,10,0,11,1,12,True,True,False,V1_P1_C0,high,V1_P1_C0__high,train
005473,5,1,0,6,4,10,True,True,False,V1_P1_C0,medium,V1_P1_C0__medium,train
005474,2,0,0,2,1,3,True,False,False,V1_P0_C0,low,V1_P0_C0__low,train
005475,2,0,0,2,1,3,True,False,False,V1_P0_C0,low,V1_P0_C0__low,train
005476,5,0,0,5,7,12,True,False,False,V1_P0_C0,medium,V1_P0_C0__medium,val
005477,2,0,0,2,0,2,True,False,False,V1_P0_C0,low,V1_P0_C0__low,train
005478,4,0,0,4,0,4,True,False,False,V1_P0_C0,medium,V1_P0_C0__medium,train
005479,8,0,0,8,0,8,True,False,False,V1_P0_C0,high,V1_P0_C0__high,train
005480,7,0,0,7,2,9,True,False,False,V1_P0_C0,high,V1_P0_C0__high,train
005481,10,0,0,10,1,11,True,False,False,V1_P0_C0,high,V1_P0_C0__high,val
005482,2,2,1,5,3,8,True,True,True,V1_P1_C1,medium,V1_P1_C1__medium,val
005483,2,0,0,2,3,5,True,False,False,V1_P0_C0,low,V1_P0_C0__low,train
005484,3,0,0,3,4,7,True,False,False,V1_P0_C0,low,V1_P0_C0__low,train
005485,2,0,1,3,0,3,True,False,True,V1_P0_C1,low,V1_P0_C1__low,train
005486,7,0,0,7,1,8,True,False,False,V1_P0_C0,high,V1_P0_C0__high,val
005487,8,0,0,8,3,11,True,False,False,V1_P0_C0,high,V1_P0_C0__high,train
005488,13,0,0,13,1,14,True,False,False,V1_P0_C0,high,V1_P0_C0__high,train
005489,4,0,0,4,1,5,True,False,False,V1_P0_C0,medium,V1_P0_C0__medium,val
005490,3,0,0,3,0,3,True,False,False,V1_P0_C0,low,V1_P0_C0__low,train
005491,1,0,0,1,0,1,True,False,False,V1_P0_C0,low,V1_P0_C0__low,train
005492,7,0,0,7,2,9,True,False,False,V1_P0_C0,high,V1_P0_C0__high,train
005493,3,0,0,3,0,3,True,False,False,V1_P0_C0,low,V1_P0_C0__low,train
005494,3,1,0,4,0,4,True,True,False,V1_P1_C0,medium,V1_P1_C0__medium,train
005495,3,3,1,7,2,9,True,True,True,V1_P1_C1,high,V1_P1_C1__high,train
005496,9,1,0,10,0,10,True,True,False,V1_P1_C0,high,V1_P1_C0__high,train
005497,1,0,0,1,2,3,True,False,False,V1_P0_C0,low,V1_P0_C0__low,train
005498,9,0,0,9,2,11,True,False,False,V1_P0_C0,high,V1_P0_C0__high,train
005499,8,0,0,8,2,10,True,False,False,V1_P0_C0,high,V1_P0_C0__high,train
005500,6,0,0,6,0,6,True,False,False,V1_P0_C0,medium,V1_P0_C0__medium,train
005501,5,0,0,5,1,6,True,False,False,V1_P0_C0,medium,V1_P0_C0__medium,val
005502,1,0,0,1,1,2,True,False,False,V1_P0_C0,low,V1_P0_C0__low,train
005503,5,0,0,5,2,7,True,False,False,V1_P0_C0,medium,V1_P0_C0__medium,train
005504,1,1,2,4,1,5,True,True,True,V1_P1_C1,medium,V1_P1_C1__medium,train
005505,7,0,0,7,7,14,True,False,False,V1_P0_C0,high,V1_P0_C0__high,train
005506,2,0,0,2,5,7,True,False,False,V1_P0_C0,low,V1_P0_C0__low,val
005507,6,0,0,6,1,7,True,False,False,V1_P0_C0,medium,V1_P0_C0__medium,train
005508,8,0,0,8,0,8,True,False,False,V1_P0_C0,high,V1_P0_C0__high,train
005509,1,0,0,1,3,4,True,False,False,V1_P0_C0,low,V1_P0_C0__low,train
005510,1,12,0,13,1,14,True,True,False,V1_P1_C0,high,V1_P1_C0__high,val
005511,2,2,2,6,3,9,True,True,True,V1_P1_C1,medium,V1_P1_C1__medium,train
005512,5,0,0,5,3,8,True,False,False,V1_P0_C0,medium,V1_P0_C0__medium,train
005513,2,0,0,2,1,3,True,False,False,V1_P0_C0,low,V1_P0_C0__low,val
005514,6,0,0,6,2,8,True,False,False,V1_P0_C0,medium,V1_P0_C0__medium,train
005515,4,2,0,6,0,6,True,True,False,V1_P1_C0,medium,V1_P1_C0__medium,val
005516,15,0,0,15,0,15,True,False,False,V1_P0_C0,high,V1_P0_C0__high,train
005517,3,1,0,4,3,7,True,True,False,V1_P1_C0,medium,V1_P1_C0__medium,train
005518,1,1,0,2,2,4,True,True,False,V1_P1_C0,low,V1_P1_C0__low,train
005519,4,1,0,5,0,5,True,True,False,V1_P1_C0,medium,V1_P1_C0__medium,train
005520,1,0,0,1,3,4,True,False,False,V1_P0_C0,low,V1_P0_C0__low,train
005521,1,0,0,1,4,5,True,False,False,V1_P0_C0,low,V1_P0_C0__low,train
005522,1,0,0,1,0,1,True,False,False,V1_P0_C0,low,V1_P0_C0__low,val
005523,6,2,0,8,2,10,True,True,False,V1_P1_C0,high,V1_P1_C0__high,train
005524,0,4,3,7,4,11,False,True,True,V0_P1_C1,high,V0_P1_C1__high,train
005525,2,0,0,2,2,4,True,False,False,V1_P0_C0,low,V1_P0_C0__low,train
005526,0,1,0,1,0,1,False,True,False,V0_P1_C0,low,V0_P1_C0__low,train
005527,3,0,0,3,5,8,True,False,False,V1_P0_C0,low,V1_P0_C0__low,train
005528,4,3,2,9,2,11,True,True,True,V1_P1_C1,high,V1_P1_C1__high,train
005529,3,0,0,3,0,3,True,False,False,V1_P0_C0,low,V1_P0_C0__low,train
005530,11,0,0,11,4,15,True,False,False,V1_P0_C0,high,V1_P0_C0__high,train
005531,3,0,0,3,1,4,True,False,False,V1_P0_C0,low,V1_P0_C0__low,train
005532,1,13,0,14,2,16,True,True,False,V1_P1_C0,high,V1_P1_C0__high,val
005533,2,0,1,3,4,7,True,False,True,V1_P0_C1,low,V1_P0_C1__low,train
005534,7,0,0,7,2,9,True,False,False,V1_P0_C0,high,V1_P0_C0__high,train
005535,2,0,0,2,1,3,True,False,False,V1_P0_C0,low,V1_P0_C0__low,train
005536,0,2,3,5,4,9,False,True,True,V0_P1_C1,medium,V0_P1_C1__medium,val
005537,12,0,0,12,1,13,True,False,False,V1_P0_C0,high,V1_P0_C0__high,train
005538,2,0,0,2,2,4,True,False,False,V1_P0_C0,low,V1_P0_C0__low,train
005539,3,0,2,5,4,9,True,False,True,V1_P0_C1,medium,V1_P0_C1__medium,train
005540,0,2,1,3,0,3,False,True,True,V0_P1_C1,low,V0_P1_C1__low,val
005541,3,0,3,6,5,11,True,False,True,V1_P0_C1,medium,V1_P0_C1__medium,train
005542,10,0,0,10,1,11,True,False,False,V1_P0_C0,high,V1_P0_C0__high,val
005543,2,0,0,2,2,4,True,False,False,V1_P0_C0,low,V1_P0_C0__low,train
005544,6,1,0,7,3,10,True,True,False,V1_P1_C0,high,V1_P1_C0__high,train
005545,2,2,2,6,1,7,True,True,True,V1_P1_C1,medium,V1_P1_C1__medium,train
005546,15,0,1,16,2,18,True,False,True,V1_P0_C1,high,V1_P0_C1__high,val
005547,2,0,0,2,2,4,True,False,False,V1_P0_C0,low,V1_P0_C0__low,train
005548,1,0,0,1,3,4,True,False,False,V1_P0_C0,low,V1_P0_C0__low,train
005549,2,0,0,2,0,2,True,False,False,V1_P0_C0,low,V1_P0_C0__low,train
005550,1,0,0,1,0,1,True,False,False,V1_P0_C0,low,V1_P0_C0__low,train
005551,1,1,0,2,1,3,True,True,False,V1_P1_C0,low,V1_P1_C0__low,val
005552,13,0,0,13,2,15,True,False,False,V1_P0_C0,high,V1_P0_C0__high,train
005553,7,1,0,8,2,10,True,True,False,V1_P1_C0,high,V1_P1_C0__high,train
005554,1,0,1,2,3,5,True,False,True,V1_P0_C1,low,V1_P0_C1__low,train
005555,1,0,1,2,3,5,True,False,True,V1_P0_C1,low,V1_P0_C1__low,val
005556,7,0,0,7,2,9,True,False,False,V1_P0_C0,high,V1_P0_C0__high,train
005557,7,0,0,7,2,9,True,False,False,V1_P0_C0,high,V1_P0_C0__high,train
005558,4,0,0,4,3,7,True,False,False,V1_P0_C0,medium,V1_P0_C0__medium,train
005559,0,1,0,1,0,1,False,True,False,V0_P1_C0,low,V0_P1_C0__low,train
005560,6,0,2,8,2,10,True,False,True,V1_P0_C1,high,V1_P0_C1__high,train
005561,6,0,0,6,2,8,True,False,False,V1_P0_C0,medium,V1_P0_C0__medium,val
005562,3,0,0,3,1,4,True,False,False,V1_P0_C0,low,V1_P0_C0__low,train
005563,2,0,0,2,0,2,True,False,False,V1_P0_C0,low,V1_P0_C0__low,train
005564,6,0,0,6,2,8,True,False,False,V1_P0_C0,medium,V1_P0_C0__medium,train
005565,2,0,1,3,1,4,True,False,True,V1_P0_C1,low,V1_P0_C1__low,train
005566,4,0,0,4,0,4,True,False,False,V1_P0_C0,medium,V1_P0_C0__medium,train
005567,0,1,0,1,0,1,False,True,False,V0_P1_C0,low,V0_P1_C0__low,train
005568,6,12,0,18,0,18,True,True,False,V1_P1_C0,high,V1_P1_C0__high,train
005569,4,0,0,4,2,6,True,False,False,V1_P0_C0,medium,V1_P0_C0__medium,val
005570,7,0,0,7,2,9,True,False,False,V1_P0_C0,high,V1_P0_C0__high,train
005571,3,3,2,8,2,10,True,True,True,V1_P1_C1,high,V1_P1_C1__high,train
005572,7,0,0,7,2,9,True,False,False,V1_P0_C0,high,V1_P0_C0__high,train
005573,10,0,0,10,0,10,True,False,False,V1_P0_C0,high,V1_P0_C0__high,val
005574,5,0,0,5,0,5,True,False,False,V1_P0_C0,medium,V1_P0_C0__medium,train
005575,6,0,0,6,4,10,True,False,False,V1_P0_C0,medium,V1_P0_C0__medium,train
005576,3,0,0,3,2,5,True,False,False,V1_P0_C0,low,V1_P0_C0__low,train
005577,4,0,0,4,0,4,True,False,False,V1_P0_C0,medium,V1_P0_C0__medium,train
005578,11,0,0,11,2,13,True,False,False,V1_P0_C0,high,V1_P0_C0__high,train
005579,7,1,1,9,1,10,True,True,True,V1_P1_C1,high,V1_P1_C1__high,train
005580,10,0,0,10,2,12,True,False,False,V1_P0_C0,high,V1_P0_C0__high,train
005581,5,0,0,5,2,7,True,False,False,V1_P0_C0,medium,V1_P0_C0__medium,val
005582,2,0,1,3,1,4,True,False,True,V1_P0_C1,low,V1_P0_C1__low,train
005583,6,0,0,6,1,7,True,False,False,V1_P0_C0,medium,V1_P0_C0__medium,train
005584,0,1,0,1,2,3,False,True,False,V0_P1_C0,low,V0_P1_C0__low,train
005585,5,0,0,5,1,6,True,False,False,V1_P0_C0,medium,V1_P0_C0__medium,train
005586,4,0,0,4,1,5,True,False,False,V1_P0_C0,medium,V1_P0_C0__medium,train
005587,1,1,1,3,2,5,True,True,True,V1_P1_C1,low,V1_P1_C1__low,train
005588,9,0,0,9,2,11,True,False,False,V1_P0_C0,high,V1_P0_C0__high,train
005589,7,0,0,7,2,9,True,False,False,V1_P0_C0,high,V1_P0_C0__high,train
005590,3,0,0,3,0,3,True,False,False,V1_P0_C0,low,V1_P0_C0__low,train
005591,7,0,0,7,4,11,True,False,False,V1_P0_C0,high,V1_P0_C0__high,train
005592,2,0,0,2,4,6,True,False,False,V1_P0_C0,low,V1_P0_C0__low,train
005593,2,0,0,2,0,2,True,False,False,V1_P0_C0,low,V1_P0_C0__low,val
005594,7,0,0,7,2,9,True,False,False,V1_P0_C0,high,V1_P0_C0__high,train
005595,10,0,0,10,3,13,True,False,False,V1_P0_C0,high,V1_P0_C0__high,val
005596,3,0,0,3,1,4,True,False,False,V1_P0_C0,low,V1_P0_C0__low,train
005597,1,0,0,1,0,1,True,False,False,V1_P0_C0,low,V1_P0_C0__low,train
005598,11,2,0,13,2,15,True,True,False,V1_P1_C0,high,V1_P1_C0__high,train
005599,6,0,0,6,0,6,True,False,False,V1_P0_C0,medium,V1_P0_C0__medium,train
005600,4,0,0,4,1,5,True,False,False,V1_P0_C0,medium,V1_P0_C0__medium,train
005601,0,1,0,1,2,3,False,True,False,V0_P1_C0,low,V0_P1_C0__low,train
005602,7,0,1,8,1,9,True,False,True,V1_P0_C1,high,V1_P0_C1__high,train
005603,2,0,0,2,1,3,True,False,False,V1_P0_C0,low,V1_P0_C0__low,train
005604,1,6,3,10,4,14,True,True,True,V1_P1_C1,high,V1_P1_C1__high,val
005605,5,0,0,5,1,6,True,False,False,V1_P0_C0,medium,V1_P0_C0__medium,val
005606,5,0,0,5,3,8,True,False,False,V1_P0_C0,medium,V1_P0_C0__medium,train
005607,2,0,0,2,1,3,True,False,False,V1_P0_C0,low,V1_P0_C0__low,train
005608,4,8,1,13,2,15,True,True,True,V1_P1_C1,high,V1_P1_C1__high,val
005609,11,0,0,11,1,12,True,False,False,V1_P0_C0,high,V1_P0_C0__high,train
005610,6,0,0,6,2,8,True,False,False,V1_P0_C0,medium,V1_P0_C0__medium,train
005611,1,0,0,1,2,3,True,False,False,V1_P0_C0,low,V1_P0_C0__low,train
005612,4,0,1,5,1,6,True,False,True,V1_P0_C1,medium,V1_P0_C1__medium,train
005613,5,0,0,5,2,7,True,False,False,V1_P0_C0,medium,V1_P0_C0__medium,train
005614,1,0,0,1,1,2,True,False,False,V1_P0_C0,low,V1_P0_C0__low,val
005615,3,0,0,3,4,7,True,False,False,V1_P0_C0,low,V1_P0_C0__low,train
005616,4,0,0,4,1,5,True,False,False,V1_P0_C0,medium,V1_P0_C0__medium,val
005617,1,11,0,12,0,12,True,True,False,V1_P1_C0,high,V1_P1_C0__high,val
005618,7,0,0,7,1,8,True,False,False,V1_P0_C0,high,V1_P0_C0__high,train
005619,2,1,0,3,2,5,True,True,False,V1_P1_C0,low,V1_P1_C0__low,val
005620,7,0,0,7,0,7,True,False,False,V1_P0_C0,high,V1_P0_C0__high,train
005621,6,0,1,7,1,8,True,False,True,V1_P0_C1,high,V1_P0_C1__high,train
005622,7,2,0,9,4,13,True,True,False,V1_P1_C0,high,V1_P1_C0__high,train
005623,7,0,0,7,2,9,True,False,False,V1_P0_C0,high,V1_P0_C0__high,train
005624,5,0,0,5,0,5,True,False,False,V1_P0_C0,medium,V1_P0_C0__medium,train
005625,16,0,1,17,1,18,True,False,True,V1_P0_C1,high,V1_P0_C1__high,train
005626,5,0,0,5,1,6,True,False,False,V1_P0_C0,medium,V1_P0_C0__medium,train
005627,6,0,0,6,2,8,True,False,False,V1_P0_C0,medium,V1_P0_C0__medium,val
005628,11,0,0,11,2,13,True,False,False,V1_P0_C0,high,V1_P0_C0__high,train
005629,4,0,0,4,0,4,True,False,False,V1_P0_C0,medium,V1_P0_C0__medium,train
005630,8,0,0,8,2,10,True,False,False,V1_P0_C0,high,V1_P0_C0__high,train
005631,8,0,1,9,0,9,True,False,True,V1_P0_C1,high,V1_P0_C1__high,val
005632,10,0,0,10,1,11,True,False,False,V1_P0_C0,high,V1_P0_C0__high,train
005633,3,4,1,8,2,10,True,True,True,V1_P1_C1,high,V1_P1_C1__high,train
005634,7,0,0,7,3,10,True,False,False,V1_P0_C0,high,V1_P0_C0__high,train
005635,5,0,0,5,2,7,True,False,False,V1_P0_C0,medium,V1_P0_C0__medium,train
005636,6,0,0,6,0,6,True,False,False,V1_P0_C0,medium,V1_P0_C0__medium,train
005637,0,1,0,1,0,1,False,True,False,V0_P1_C0,low,V0_P1_C0__low,train
005638,2,0,0,2,4,6,True,False,False,V1_P0_C0,low,V1_P0_C0__low,train
005639,9,0,0,9,2,11,True,False,False,V1_P0_C0,high,V1_P0_C0__high,train
005640,4,0,0,4,1,5,True,False,False,V1_P0_C0,medium,V1_P0_C0__medium,train
005641,2,0,0,2,1,3,True,False,False,V1_P0_C0,low,V1_P0_C0__low,train
005642,4,0,0,4,3,7,True,False,False,V1_P0_C0,medium,V1_P0_C0__medium,train
005643,5,0,0,5,0,5,True,False,False,V1_P0_C0,medium,V1_P0_C0__medium,train
005644,2,0,0,2,0,2,True,False,False,V1_P0_C0,low,V1_P0_C0__low,train
005645,6,0,0,6,1,7,True,False,False,V1_P0_C0,medium,V1_P0_C0__medium,train
005646,5,0,0,5,0,5,True,False,False,V1_P0_C0,medium,V1_P0_C0__medium,train
005647,0,1,0,1,0,1,False,True,False,V0_P1_C0,low,V0_P1_C0__low,train
005648,13,0,0,13,0,13,True,False,False,V1_P0_C0,high,V1_P0_C0__high,train
005649,3,0,0,3,4,7,True,False,False,V1_P0_C0,low,V1_P0_C0__low,train
005650,3,0,0,3,3,6,True,False,False,V1_P0_C0,low,V1_P0_C0__low,train
005651,2,0,0,2,1,3,True,False,False,V1_P0_C0,low,V1_P0_C0__low,train
005652,8,0,0,8,1,9,True,False,False,V1_P0_C0,high,V1_P0_C0__high,train
005653,4,0,0,4,2,6,True,False,False,V1_P0_C0,medium,V1_P0_C0__medium,train
005654,11,1,0,12,0,12,True,True,False,V1_P1_C0,high,V1_P1_C0__high,train
005655,1,0,0,1,0,1,True,False,False,V1_P0_C0,low,V1_P0_C0__low,val
005656,2,1,0,3,3,6,True,True,False,V1_P1_C0,low,V1_P1_C0__low,train
005657,2,0,0,2,0,2,True,False,False,V1_P0_C0,low,V1_P0_C0__low,train
005658,3,0,0,3,1,4,True,False,False,V1_P0_C0,low,V1_P0_C0__low,train
005659,4,0,0,4,2,6,True,False,False,V1_P0_C0,medium,V1_P0_C0__medium,val
005660,7,0,0,7,2,9,True,False,False,V1_P0_C0,high,V1_P0_C0__high,train
005661,13,1,0,14,1,15,True,True,False,V1_P1_C0,high,V1_P1_C0__high,train
005662,2,0,0,2,0,2,True,False,False,V1_P0_C0,low,V1_P0_C0__low,train
005663,4,13,4,21,1,22,True,True,True,V1_P1_C1,high,V1_P1_C1__high,train
005664,7,0,0,7,2,9,True,False,False,V1_P0_C0,high,V1_P0_C0__high,train
005665,0,7,3,10,2,12,False,True,True,V0_P1_C1,high,V0_P1_C1__high,train
005666,7,3,0,10,1,11,True,True,False,V1_P1_C0,high,V1_P1_C0__high,train
005667,6,0,0,6,2,8,True,False,False,V1_P0_C0,medium,V1_P0_C0__medium,train
005668,8,0,0,8,1,9,True,False,False,V1_P0_C0,high,V1_P0_C0__high,train
005669,4,0,1,5,2,7,True,False,True,V1_P0_C1,medium,V1_P0_C1__medium,val
005670,0,4,0,4,4,8,False,True,False,V0_P1_C0,medium,V0_P1_C0__medium,train
005671,0,1,0,1,5,6,False,True,False,V0_P1_C0,low,V0_P1_C0__low,val
005672,4,0,0,4,2,6,True,False,False,V1_P0_C0,medium,V1_P0_C0__medium,val
005673,2,1,0,3,0,3,True,True,False,V1_P1_C0,low,V1_P1_C0__low,train
005674,16,0,0,16,0,16,True,False,False,V1_P0_C0,high,V1_P0_C0__high,train
005675,6,0,0,6,3,9,True,False,False,V1_P0_C0,medium,V1_P0_C0__medium,train
005676,2,0,0,2,1,3,True,False,False,V1_P0_C0,low,V1_P0_C0__low,train
005677,6,0,1,7,2,9,True,False,True,V1_P0_C1,high,V1_P0_C1__high,train
005678,2,0,0,2,0,2,True,False,False,V1_P0_C0,low,V1_P0_C0__low,train
005679,2,0,0,2,3,5,True,False,False,V1_P0_C0,low,V1_P0_C0__low,train
005680,9,0,0,9,0,9,True,False,False,V1_P0_C0,high,V1_P0_C0__high,train
005681,1,0,0,1,1,2,True,False,False,V1_P0_C0,low,V1_P0_C0__low,val
005682,14,1,0,15,0,15,True,True,False,V1_P1_C0,high,V1_P1_C0__high,train
005683,0,1,0,1,0,1,False,True,False,V0_P1_C0,low,V0_P1_C0__low,train
005684,3,0,0,3,3,6,True,False,False,V1_P0_C0,low,V1_P0_C0__low,val
005685,6,0,0,6,2,8,True,False,False,V1_P0_C0,medium,V1_P0_C0__medium,val
005686,0,1,0,1,0,1,False,True,False,V0_P1_C0,low,V0_P1_C0__low,val
005687,6,0,1,7,1,8,True,False,True,V1_P0_C1,high,V1_P0_C1__high,train
005688,1,4,0,5,1,6,True,True,False,V1_P1_C0,medium,V1_P1_C0__medium,train
005689,4,0,0,4,1,5,True,False,False,V1_P0_C0,medium,V1_P0_C0__medium,val
005690,1,1,1,3,0,3,True,True,True,V1_P1_C1,low,V1_P1_C1__low,val
005691,14,0,0,14,0,14,True,False,False,V1_P0_C0,high,V1_P0_C0__high,train
005692,2,9,3,14,2,16,True,True,True,V1_P1_C1,high,V1_P1_C1__high,train
005693,6,0,1,7,1,8,True,False,True,V1_P0_C1,high,V1_P0_C1__high,train
005694,3,0,0,3,1,4,True,False,False,V1_P0_C0,low,V1_P0_C0__low,train
005695,11,0,0,11,2,13,True,False,False,V1_P0_C0,high,V1_P0_C0__high,train
005696,0,5,4,9,3,12,False,True,True,V0_P1_C1,high,V0_P1_C1__high,train
005697,4,0,0,4,0,4,True,False,False,V1_P0_C0,medium,V1_P0_C0__medium,train
005698,3,0,0,3,2,5,True,False,False,V1_P0_C0,low,V1_P0_C0__low,train
005699,0,1,0,1,2,3,False,True,False,V0_P1_C0,low,V0_P1_C0__low,train
005700,10,0,0,10,2,12,True,False,False,V1_P0_C0,high,V1_P0_C0__high,val
005701,2,0,0,2,1,3,True,False,False,V1_P0_C0,low,V1_P0_C0__low,val
005702,1,0,0,1,1,2,True,False,False,V1_P0_C0,low,V1_P0_C0__low,train
005703,3,0,0,3,1,4,True,False,False,V1_P0_C0,low,V1_P0_C0__low,train
005704,5,0,0,5,0,5,True,False,False,V1_P0_C0,medium,V1_P0_C0__medium,train
005705,7,0,0,7,2,9,True,False,False,V1_P0_C0,high,V1_P0_C0__high,train
005706,4,0,0,4,3,7,True,False,False,V1_P0_C0,medium,V1_P0_C0__medium,train
005707,5,0,0,5,2,7,True,False,False,V1_P0_C0,medium,V1_P0_C0__medium,train
005708,3,0,0,3,1,4,True,False,False,V1_P0_C0,low,V1_P0_C0__low,train
005709,4,0,0,4,1,5,True,False,False,V1_P0_C0,medium,V1_P0_C0__medium,train
005710,2,0,0,2,1,3,True,False,False,V1_P0_C0,low,V1_P0_C0__low,train
005711,0,1,0,1,0,1,False,True,False,V0_P1_C0,low,V0_P1_C0__low,val
005712,4,0,0,4,3,7,True,False,False,V1_P0_C0,medium,V1_P0_C0__medium,train
005713,1,0,1,2,3,5,True,False,True,V1_P0_C1,low,V1_P0_C1__low,val
005714,1,10,0,11,0,11,True,True,False,V1_P1_C0,high,V1_P1_C0__high,train
005715,2,0,0,2,5,7,True,False,False,V1_P0_C0,low,V1_P0_C0__low,train
005716,4,0,0,4,0,4,True,False,False,V1_P0_C0,medium,V1_P0_C0__medium,train
005717,9,0,0,9,5,14,True,False,False,V1_P0_C0,high,V1_P0_C0__high,train
005718,6,3,0,9,1,10,True,True,False,V1_P1_C0,high,V1_P1_C0__high,train
005719,6,0,1,7,2,9,True,False,True,V1_P0_C1,high,V1_P0_C1__high,train
005720,5,0,0,5,2,7,True,False,False,V1_P0_C0,medium,V1_P0_C0__medium,train
005721,7,0,0,7,3,10,True,False,False,V1_P0_C0,high,V1_P0_C0__high,train
005722,6,0,0,6,0,6,True,False,False,V1_P0_C0,medium,V1_P0_C0__medium,train
005723,3,0,0,3,1,4,True,False,False,V1_P0_C0,low,V1_P0_C0__low,val
005724,0,1,0,1,0,1,False,True,False,V0_P1_C0,low,V0_P1_C0__low,train
005725,5,0,0,5,2,7,True,False,False,V1_P0_C0,medium,V1_P0_C0__medium,val
005726,1,0,0,1,0,1,True,False,False,V1_P0_C0,low,V1_P0_C0__low,train
005727,3,0,0,3,2,5,True,False,False,V1_P0_C0,low,V1_P0_C0__low,val
005728,10,0,0,10,1,11,True,False,False,V1_P0_C0,high,V1_P0_C0__high,val
005729,12,0,0,12,2,14,True,False,False,V1_P0_C0,high,V1_P0_C0__high,train
005730,7,0,0,7,2,9,True,False,False,V1_P0_C0,high,V1_P0_C0__high,train
005731,1,0,0,1,0,1,True,False,False,V1_P0_C0,low,V1_P0_C0__low,train
005732,11,0,0,11,1,12,True,False,False,V1_P0_C0,high,V1_P0_C0__high,train
005733,2,1,0,3,0,3,True,True,False,V1_P1_C0,low,V1_P1_C0__low,train
005734,5,0,0,5,0,5,True,False,False,V1_P0_C0,medium,V1_P0_C0__medium,train
005735,0,1,0,1,0,1,False,True,False,V0_P1_C0,low,V0_P1_C0__low,train
005736,4,0,0,4,0,4,True,False,False,V1_P0_C0,medium,V1_P0_C0__medium,val
005737,7,0,0,7,1,8,True,False,False,V1_P0_C0,high,V1_P0_C0__high,train
005738,3,0,0,3,2,5,True,False,False,V1_P0_C0,low,V1_P0_C0__low,train
005739,5,0,0,5,1,6,True,False,False,V1_P0_C0,medium,V1_P0_C0__medium,train
005740,1,0,0,1,0,1,True,False,False,V1_P0_C0,low,V1_P0_C0__low,train
005741,4,0,0,4,2,6,True,False,False,V1_P0_C0,medium,V1_P0_C0__medium,train
005742,3,0,0,3,0,3,True,False,False,V1_P0_C0,low,V1_P0_C0__low,val
005743,0,7,0,7,3,10,False,True,False,V0_P1_C0,high,V0_P1_C0__high,val
005744,0,1,0,1,0,1,False,True,False,V0_P1_C0,low,V0_P1_C0__low,train
005745,1,0,0,1,1,2,True,False,False,V1_P0_C0,low,V1_P0_C0__low,train
005746,0,1,0,1,0,1,False,True,False,V0_P1_C0,low,V0_P1_C0__low,train
005747,2,0,0,2,0,2,True,False,False,V1_P0_C0,low,V1_P0_C0__low,train
005748,14,0,0,14,1,15,True,False,False,V1_P0_C0,high,V1_P0_C0__high,train
005749,1,0,0,1,1,2,True,False,False,V1_P0_C0,low,V1_P0_C0__low,train
005750,1,0,1,2,4,6,True,False,True,V1_P0_C1,low,V1_P0_C1__low,val
005751,7,0,0,7,5,12,True,False,False,V1_P0_C0,high,V1_P0_C0__high,train
005752,4,0,0,4,1,5,True,False,False,V1_P0_C0,medium,V1_P0_C0__medium,train
005753,1,0,0,1,0,1,True,False,False,V1_P0_C0,low,V1_P0_C0__low,train
005754,11,0,0,11,1,12,True,False,False,V1_P0_C0,high,V1_P0_C0__high,val
005755,5,0,0,5,0,5,True,False,False,V1_P0_C0,medium,V1_P0_C0__medium,val
005756,1,0,0,1,0,1,True,False,False,V1_P0_C0,low,V1_P0_C0__low,train
005757,10,0,0,10,3,13,True,False,False,V1_P0_C0,high,V1_P0_C0__high,train
005758,3,0,0,3,3,6,True,False,False,V1_P0_C0,low,V1_P0_C0__low,train
005759,5,0,0,5,1,6,True,False,False,V1_P0_C0,medium,V1_P0_C0__medium,train
005760,0,1,0,1,0,1,False,True,False,V0_P1_C0,low,V0_P1_C0__low,train
005761,11,0,0,11,2,13,True,False,False,V1_P0_C0,high,V1_P0_C0__high,val
005762,13,0,1,14,2,16,True,False,True,V1_P0_C1,high,V1_P0_C1__high,train
005763,2,0,1,3,2,5,True,False,True,V1_P0_C1,low,V1_P0_C1__low,val
005764,14,0,0,14,1,15,True,False,False,V1_P0_C0,high,V1_P0_C0__high,train
005765,4,0,0,4,1,5,True,False,False,V1_P0_C0,medium,V1_P0_C0__medium,train
005766,4,0,3,7,3,10,True,False,True,V1_P0_C1,high,V1_P0_C1__high,train
005767,1,0,0,1,1,2,True,False,False,V1_P0_C0,low,V1_P0_C0__low,val
005768,1,0,0,1,1,2,True,False,False,V1_P0_C0,low,V1_P0_C0__low,val
005769,2,0,1,3,4,7,True,False,True,V1_P0_C1,low,V1_P0_C1__low,train
005770,4,0,1,5,1,6,True,False,True,V1_P0_C1,medium,V1_P0_C1__medium,train
005771,7,2,0,9,3,12,True,True,False,V1_P1_C0,high,V1_P1_C0__high,val
005772,4,0,0,4,1,5,True,False,False,V1_P0_C0,medium,V1_P0_C0__medium,train
005773,9,1,1,11,2,13,True,True,True,V1_P1_C1,high,V1_P1_C1__high,train
005774,8,0,0,8,0,8,True,False,False,V1_P0_C0,high,V1_P0_C0__high,val
005775,3,0,0,3,0,3,True,False,False,V1_P0_C0,low,V1_P0_C0__low,train
005776,1,0,0,1,5,6,True,False,False,V1_P0_C0,low,V1_P0_C0__low,val
005777,9,0,0,9,1,10,True,False,False,V1_P0_C0,high,V1_P0_C0__high,val
005778,5,0,1,6,0,6,True,False,True,V1_P0_C1,medium,V1_P0_C1__medium,val
005779,0,1,0,1,0,1,False,True,False,V0_P1_C0,low,V0_P1_C0__low,train
005780,7,0,0,7,2,9,True,False,False,V1_P0_C0,high,V1_P0_C0__high,train
005781,6,0,0,6,0,6,True,False,False,V1_P0_C0,medium,V1_P0_C0__medium,train
005782,3,0,0,3,2,5,True,False,False,V1_P0_C0,low,V1_P0_C0__low,train
005783,2,0,0,2,0,2,True,False,False,V1_P0_C0,low,V1_P0_C0__low,train
005784,4,1,1,6,0,6,True,True,True,V1_P1_C1,medium,V1_P1_C1__medium,train
005785,3,0,0,3,4,7,True,False,False,V1_P0_C0,low,V1_P0_C0__low,train
005786,2,0,0,2,3,5,True,False,False,V1_P0_C0,low,V1_P0_C0__low,train
005787,4,0,0,4,2,6,True,False,False,V1_P0_C0,medium,V1_P0_C0__medium,train
005788,6,0,0,6,0,6,True,False,False,V1_P0_C0,medium,V1_P0_C0__medium,val
005789,1,0,0,1,2,3,True,False,False,V1_P0_C0,low,V1_P0_C0__low,train
005790,2,0,1,3,2,5,True,False,True,V1_P0_C1,low,V1_P0_C1__low,train
005791,10,1,0,11,0,11,True,True,False,V1_P1_C0,high,V1_P1_C0__high,val
005792,2,0,0,2,2,4,True,False,False,V1_P0_C0,low,V1_P0_C0__low,train
005793,4,1,0,5,0,5,True,True,False,V1_P1_C0,medium,V1_P1_C0__medium,train
005794,4,0,0,4,0,4,True,False,False,V1_P0_C0,medium,V1_P0_C0__medium,train
005795,6,0,0,6,3,9,True,False,False,V1_P0_C0,medium,V1_P0_C0__medium,train
005796,3,0,1,4,1,5,True,False,True,V1_P0_C1,medium,V1_P0_C1__medium,train
005797,6,0,0,6,3,9,True,False,False,V1_P0_C0,medium,V1_P0_C0__medium,val
005798,5,0,0,5,1,6,True,False,False,V1_P0_C0,medium,V1_P0_C0__medium,train
005799,2,0,0,2,0,2,True,False,False,V1_P0_C0,low,V1_P0_C0__low,train
005800,7,0,1,8,2,10,True,False,True,V1_P0_C1,high,V1_P0_C1__high,train
005801,0,1,0,1,0,1,False,True,False,V0_P1_C0,low,V0_P1_C0__low,train
005802,5,0,0,5,4,9,True,False,False,V1_P0_C0,medium,V1_P0_C0__medium,train
005803,14,0,0,14,2,16,True,False,False,V1_P0_C0,high,V1_P0_C0__high,train
005804,1,1,0,2,0,2,True,True,False,V1_P1_C0,low,V1_P1_C0__low,train
005805,1,0,0,1,1,2,True,False,False,V1_P0_C0,low,V1_P0_C0__low,train
005806,0,1,0,1,0,1,False,True,False,V0_P1_C0,low,V0_P1_C0__low,train
005807,4,0,0,4,3,7,True,False,False,V1_P0_C0,medium,V1_P0_C0__medium,train
005808,1,1,0,2,0,2,True,True,False,V1_P1_C0,low,V1_P1_C0__low,train
005809,1,0,0,1,1,2,True,False,False,V1_P0_C0,low,V1_P0_C0__low,train
005810,1,0,0,1,5,6,True,False,False,V1_P0_C0,low,V1_P0_C0__low,train
005811,6,0,0,6,2,8,True,False,False,V1_P0_C0,medium,V1_P0_C0__medium,val
005812,0,5,0,5,4,9,False,True,False,V0_P1_C0,medium,V0_P1_C0__medium,val
005813,0,4,0,4,5,9,False,True,False,V0_P1_C0,medium,V0_P1_C0__medium,train
005814,5,0,0,5,2,7,True,False,False,V1_P0_C0,medium,V1_P0_C0__medium,train
005815,4,0,0,4,1,5,True,False,False,V1_P0_C0,medium,V1_P0_C0__medium,train
005816,1,0,0,1,0,1,True,False,False,V1_P0_C0,low,V1_P0_C0__low,train
005817,0,1,0,1,0,1,False,True,False,V0_P1_C0,low,V0_P1_C0__low,train
005818,0,1,0,1,2,3,False,True,False,V0_P1_C0,low,V0_P1_C0__low,train
005819,6,0,0,6,0,6,True,False,False,V1_P0_C0,medium,V1_P0_C0__medium,train
005820,5,0,0,5,1,6,True,False,False,V1_P0_C0,medium,V1_P0_C0__medium,val
005821,3,0,0,3,0,3,True,False,False,V1_P0_C0,low,V1_P0_C0__low,train
005822,6,0,1,7,2,9,True,False,True,V1_P0_C1,high,V1_P0_C1__high,train
005823,2,0,1,3,0,3,True,False,True,V1_P0_C1,low,V1_P0_C1__low,train
005824,0,4,0,4,3,7,False,True,False,V0_P1_C0,medium,V0_P1_C0__medium,val
005825,1,5,2,8,0,8,True,True,True,V1_P1_C1,high,V1_P1_C1__high,train
005826,1,0,0,1,1,2,True,False,False,V1_P0_C0,low,V1_P0_C0__low,train
005827,3,0,0,3,4,7,True,False,False,V1_P0_C0,low,V1_P0_C0__low,val
005828,2,0,0,2,0,2,True,False,False,V1_P0_C0,low,V1_P0_C0__low,train
005829,5,1,0,6,0,6,True,True,False,V1_P1_C0,medium,V1_P1_C0__medium,train
005830,6,0,0,6,1,7,True,False,False,V1_P0_C0,medium,V1_P0_C0__medium,train
005831,9,0,0,9,2,11,True,False,False,V1_P0_C0,high,V1_P0_C0__high,train
005832,6,0,0,6,1,7,True,False,False,V1_P0_C0,medium,V1_P0_C0__medium,val
005833,7,0,0,7,0,7,True,False,False,V1_P0_C0,high,V1_P0_C0__high,val
005834,9,0,0,9,2,11,True,False,False,V1_P0_C0,high,V1_P0_C0__high,train
005835,0,1,0,1,0,1,False,True,False,V0_P1_C0,low,V0_P1_C0__low,train
005836,2,2,0,4,1,5,True,True,False,V1_P1_C0,medium,V1_P1_C0__medium,train
005837,0,5,0,5,3,8,False,True,False,V0_P1_C0,medium,V0_P1_C0__medium,train
005838,4,3,1,8,3,11,True,True,True,V1_P1_C1,high,V1_P1_C1__high,train
005839,3,0,0,3,4,7,True,False,False,V1_P0_C0,low,V1_P0_C0__low,val
005840,3,4,2,9,1,10,True,True,True,V1_P1_C1,high,V1_P1_C1__high,train
005841,3,0,0,3,1,4,True,False,False,V1_P0_C0,low,V1_P0_C0__low,train
005842,6,0,0,6,1,7,True,False,False,V1_P0_C0,medium,V1_P0_C0__medium,train
005843,8,0,2,10,2,12,True,False,True,V1_P0_C1,high,V1_P0_C1__high,train
005844,6,0,0,6,3,9,True,False,False,V1_P0_C0,medium,V1_P0_C0__medium,val
005845,2,0,0,2,1,3,True,False,False,V1_P0_C0,low,V1_P0_C0__low,train
005846,2,4,2,8,2,10,True,True,True,V1_P1_C1,high,V1_P1_C1__high,train
005847,4,0,1,5,0,5,True,False,True,V1_P0_C1,medium,V1_P0_C1__medium,train
005848,9,0,0,9,1,10,True,False,False,V1_P0_C0,high,V1_P0_C0__high,train
005849,7,0,1,8,1,9,True,False,True,V1_P0_C1,high,V1_P0_C1__high,train
005850,2,0,0,2,3,5,True,False,False,V1_P0_C0,low,V1_P0_C0__low,val
005851,2,0,0,2,0,2,True,False,False,V1_P0_C0,low,V1_P0_C0__low,train
005852,3,0,1,4,1,5,True,False,True,V1_P0_C1,medium,V1_P0_C1__medium,train
005853,14,1,0,15,0,15,True,True,False,V1_P1_C0,high,V1_P1_C0__high,train
005854,2,0,0,2,2,4,True,False,False,V1_P0_C0,low,V1_P0_C0__low,val
005855,9,0,0,9,1,10,True,False,False,V1_P0_C0,high,V1_P0_C0__high,val
005856,0,1,0,1,5,6,False,True,False,V0_P1_C0,low,V0_P1_C0__low,val
005857,2,0,0,2,2,4,True,False,False,V1_P0_C0,low,V1_P0_C0__low,val
005858,13,0,0,13,2,15,True,False,False,V1_P0_C0,high,V1_P0_C0__high,train
005859,3,0,0,3,2,5,True,False,False,V1_P0_C0,low,V1_P0_C0__low,train
005860,6,0,0,6,3,9,True,False,False,V1_P0_C0,medium,V1_P0_C0__medium,train
005861,4,0,0,4,1,5,True,False,False,V1_P0_C0,medium,V1_P0_C0__medium,train
005862,2,0,0,2,3,5,True,False,False,V1_P0_C0,low,V1_P0_C0__low,train
005863,3,0,0,3,1,4,True,False,False,V1_P0_C0,low,V1_P0_C0__low,train
005864,8,1,0,9,2,11,True,True,False,V1_P1_C0,high,V1_P1_C0__high,train
005865,4,0,0,4,0,4,True,False,False,V1_P0_C0,medium,V1_P0_C0__medium,train
005866,13,2,1,16,2,18,True,True,True,V1_P1_C1,high,V1_P1_C1__high,train
005867,1,0,0,1,3,4,True,False,False,V1_P0_C0,low,V1_P0_C0__low,train
005868,10,0,0,10,1,11,True,False,False,V1_P0_C0,high,V1_P0_C0__high,train
005869,1,0,0,1,2,3,True,False,False,V1_P0_C0,low,V1_P0_C0__low,train
005870,5,0,0,5,0,5,True,False,False,V1_P0_C0,medium,V1_P0_C0__medium,val
005871,6,0,0,6,0,6,True,False,False,V1_P0_C0,medium,V1_P0_C0__medium,train
005872,5,0,0,5,3,8,True,False,False,V1_P0_C0,medium,V1_P0_C0__medium,train
005873,3,0,1,4,2,6,True,False,True,V1_P0_C1,medium,V1_P0_C1__medium,train
005874,4,0,0,4,0,4,True,False,False,V1_P0_C0,medium,V1_P0_C0__medium,train
005875,1,0,0,1,1,2,True,False,False,V1_P0_C0,low,V1_P0_C0__low,train
005876,4,1,1,6,0,6,True,True,True,V1_P1_C1,medium,V1_P1_C1__medium,train
005877,6,0,0,6,0,6,True,False,False,V1_P0_C0,medium,V1_P0_C0__medium,train
005878,3,1,0,4,6,10,True,True,False,V1_P1_C0,medium,V1_P1_C0__medium,train
005879,3,0,0,3,1,4,True,False,False,V1_P0_C0,low,V1_P0_C0__low,train
005880,2,3,1,6,1,7,True,True,True,V1_P1_C1,medium,V1_P1_C1__medium,train
005881,7,3,0,10,1,11,True,True,False,V1_P1_C0,high,V1_P1_C0__high,train
005882,2,0,1,3,2,5,True,False,True,V1_P0_C1,low,V1_P0_C1__low,train
005883,1,0,0,1,1,2,True,False,False,V1_P0_C0,low,V1_P0_C0__low,val
005884,4,0,0,4,1,5,True,False,False,V1_P0_C0,medium,V1_P0_C0__medium,train
005885,6,0,0,6,2,8,True,False,False,V1_P0_C0,medium,V1_P0_C0__medium,train
005886,7,0,0,7,2,9,True,False,False,V1_P0_C0,high,V1_P0_C0__high,train
005887,1,0,0,1,1,2,True,False,False,V1_P0_C0,low,V1_P0_C0__low,train
005888,0,1,0,1,0,1,False,True,False,V0_P1_C0,low,V0_P1_C0__low,train
005889,4,0,0,4,2,6,True,False,False,V1_P0_C0,medium,V1_P0_C0__medium,train
005890,7,1,0,8,0,8,True,True,False,V1_P1_C0,high,V1_P1_C0__high,train
005891,6,4,0,10,0,10,True,True,False,V1_P1_C0,high,V1_P1_C0__high,train
005892,10,0,0,10,1,11,True,False,False,V1_P0_C0,high,V1_P0_C0__high,train
005893,6,0,0,6,1,7,True,False,False,V1_P0_C0,medium,V1_P0_C0__medium,train
005894,2,0,0,2,0,2,True,False,False,V1_P0_C0,low,V1_P0_C0__low,train
005895,2,0,1,3,0,3,True,False,True,V1_P0_C1,low,V1_P0_C1__low,train
005896,1,0,0,1,1,2,True,False,False,V1_P0_C0,low,V1_P0_C0__low,val
005897,4,0,0,4,0,4,True,False,False,V1_P0_C0,medium,V1_P0_C0__medium,train
005898,2,0,1,3,1,4,True,False,True,V1_P0_C1,low,V1_P0_C1__low,train
005899,1,1,0,2,0,2,True,True,False,V1_P1_C0,low,V1_P1_C0__low,val
005900,8,0,0,8,4,12,True,False,False,V1_P0_C0,high,V1_P0_C0__high,train
005901,11,0,0,11,2,13,True,False,False,V1_P0_C0,high,V1_P0_C0__high,train
005902,2,2,2,6,0,6,True,True,True,V1_P1_C1,medium,V1_P1_C1__medium,val
005903,10,0,0,10,2,12,True,False,False,V1_P0_C0,high,V1_P0_C0__high,train
005904,3,0,0,3,1,4,True,False,False,V1_P0_C0,low,V1_P0_C0__low,train
005905,0,6,0,6,3,9,False,True,False,V0_P1_C0,medium,V0_P1_C0__medium,val
005906,3,0,0,3,0,3,True,False,False,V1_P0_C0,low,V1_P0_C0__low,train
005907,1,0,0,1,1,2,True,False,False,V1_P0_C0,low,V1_P0_C0__low,train
005908,8,0,0,8,0,8,True,False,False,V1_P0_C0,high,V1_P0_C0__high,val
005909,7,0,0,7,4,11,True,False,False,V1_P0_C0,high,V1_P0_C0__high,train
005910,0,4,2,6,4,10,False,True,True,V0_P1_C1,medium,V0_P1_C1__medium,train
005911,5,0,0,5,1,6,True,False,False,V1_P0_C0,medium,V1_P0_C0__medium,train
005912,1,0,1,2,2,4,True,False,True,V1_P0_C1,low,V1_P0_C1__low,train
005913,5,0,0,5,1,6,True,False,False,V1_P0_C0,medium,V1_P0_C0__medium,train
005914,3,0,2,5,3,8,True,False,True,V1_P0_C1,medium,V1_P0_C1__medium,train
005915,10,1,1,12,2,14,True,True,True,V1_P1_C1,high,V1_P1_C1__high,train
005916,2,0,0,2,2,4,True,False,False,V1_P0_C0,low,V1_P0_C0__low,val
005917,9,0,0,9,2,11,True,False,False,V1_P0_C0,high,V1_P0_C0__high,train
005918,5,1,0,6,5,11,True,True,False,V1_P1_C0,medium,V1_P1_C0__medium,val
005919,9,0,0,9,1,10,True,False,False,V1_P0_C0,high,V1_P0_C0__high,val
005920,4,2,1,7,1,8,True,True,True,V1_P1_C1,high,V1_P1_C1__high,train
005921,4,0,0,4,2,6,True,False,False,V1_P0_C0,medium,V1_P0_C0__medium,train
005922,5,0,0,5,2,7,True,False,False,V1_P0_C0,medium,V1_P0_C0__medium,train
005923,4,0,0,4,3,7,True,False,False,V1_P0_C0,medium,V1_P0_C0__medium,train
005924,0,1,0,1,0,1,False,True,False,V0_P1_C0,low,V0_P1_C0__low,train
005925,2,0,0,2,1,3,True,False,False,V1_P0_C0,low,V1_P0_C0__low,val
005926,4,0,0,4,4,8,True,False,False,V1_P0_C0,medium,V1_P0_C0__medium,train
005927,9,0,0,9,7,16,True,False,False,V1_P0_C0,high,V1_P0_C0__high,train
005928,7,0,1,8,0,8,True,False,True,V1_P0_C1,high,V1_P0_C1__high,train
005929,16,0,0,16,0,16,True,False,False,V1_P0_C0,high,V1_P0_C0__high,train
005930,1,0,0,1,0,1,True,False,False,V1_P0_C0,low,V1_P0_C0__low,train
005931,0,1,0,1,0,1,False,True,False,V0_P1_C0,low,V0_P1_C0__low,train
005932,6,0,0,6,2,8,True,False,False,V1_P0_C0,medium,V1_P0_C0__medium,train
005933,2,1,0,3,1,4,True,True,False,V1_P1_C0,low,V1_P1_C0__low,train
005934,2,1,2,5,0,5,True,True,True,V1_P1_C1,medium,V1_P1_C1__medium,train
005935,11,0,0,11,2,13,True,False,False,V1_P0_C0,high,V1_P0_C0__high,train
005936,10,0,0,10,2,12,True,False,False,V1_P0_C0,high,V1_P0_C0__high,train
005937,0,1,0,1,0,1,False,True,False,V0_P1_C0,low,V0_P1_C0__low,train
005938,2,0,0,2,3,5,True,False,False,V1_P0_C0,low,V1_P0_C0__low,train
005939,2,0,0,2,3,5,True,False,False,V1_P0_C0,low,V1_P0_C0__low,train
005940,11,0,0,11,4,15,True,False,False,V1_P0_C0,high,V1_P0_C0__high,train
005941,1,0,0,1,1,2,True,False,False,V1_P0_C0,low,V1_P0_C0__low,train
005942,4,0,0,4,0,4,True,False,False,V1_P0_C0,medium,V1_P0_C0__medium,train
005943,4,0,0,4,0,4,True,False,False,V1_P0_C0,medium,V1_P0_C0__medium,train
005944,1,0,1,2,4,6,True,False,True,V1_P0_C1,low,V1_P0_C1__low,train
005945,0,2,0,2,5,7,False,True,False,V0_P1_C0,low,V0_P1_C0__low,train
005946,14,0,0,14,3,17,True,False,False,V1_P0_C0,high,V1_P0_C0__high,train
005947,4,0,0,4,1,5,True,False,False,V1_P0_C0,medium,V1_P0_C0__medium,train
005948,17,0,1,18,1,19,True,False,True,V1_P0_C1,high,V1_P0_C1__high,train
005949,8,1,0,9,3,12,True,True,False,V1_P1_C0,high,V1_P1_C0__high,train
005950,9,1,0,10,0,10,True,True,False,V1_P1_C0,high,V1_P1_C0__high,val
005951,2,0,0,2,1,3,True,False,False,V1_P0_C0,low,V1_P0_C0__low,train
005952,8,0,0,8,1,9,True,False,False,V1_P0_C0,high,V1_P0_C0__high,train
005953,4,0,0,4,0,4,True,False,False,V1_P0_C0,medium,V1_P0_C0__medium,train
005954,0,1,0,1,0,1,False,True,False,V0_P1_C0,low,V0_P1_C0__low,train
005955,4,0,0,4,2,6,True,False,False,V1_P0_C0,medium,V1_P0_C0__medium,train
005956,1,0,0,1,1,2,True,False,False,V1_P0_C0,low,V1_P0_C0__low,train
005957,9,0,0,9,1,10,True,False,False,V1_P0_C0,high,V1_P0_C0__high,train
005958,0,1,0,1,0,1,False,True,False,V0_P1_C0,low,V0_P1_C0__low,train
005959,9,1,0,10,0,10,True,True,False,V1_P1_C0,high,V1_P1_C0__high,train
005960,2,0,0,2,5,7,True,False,False,V1_P0_C0,low,V1_P0_C0__low,train
005961,1,0,0,1,0,1,True,False,False,V1_P0_C0,low,V1_P0_C0__low,val
005962,4,0,0,4,2,6,True,False,False,V1_P0_C0,medium,V1_P0_C0__medium,train
005963,8,0,0,8,0,8,True,False,False,V1_P0_C0,high,V1_P0_C0__high,train
005964,2,0,1,3,4,7,True,False,True,V1_P0_C1,low,V1_P0_C1__low,train
005965,2,2,2,6,3,9,True,True,True,V1_P1_C1,medium,V1_P1_C1__medium,val
005966,1,0,0,1,1,2,True,False,False,V1_P0_C0,low,V1_P0_C0__low,train
005967,5,0,0,5,4,9,True,False,False,V1_P0_C0,medium,V1_P0_C0__medium,train
005968,3,0,0,3,2,5,True,False,False,V1_P0_C0,low,V1_P0_C0__low,val
005969,1,0,0,1,1,2,True,False,False,V1_P0_C0,low,V1_P0_C0__low,train
005970,10,0,0,10,2,12,True,False,False,V1_P0_C0,high,V1_P0_C0__high,train
005971,4,0,0,4,2,6,True,False,False,V1_P0_C0,medium,V1_P0_C0__medium,train
005972,4,0,0,4,0,4,True,False,False,V1_P0_C0,medium,V1_P0_C0__medium,train
005973,6,0,0,6,1,7,True,False,False,V1_P0_C0,medium,V1_P0_C0__medium,train
005974,2,0,0,2,1,3,True,False,False,V1_P0_C0,low,V1_P0_C0__low,val
005975,5,0,0,5,2,7,True,False,False,V1_P0_C0,medium,V1_P0_C0__medium,val
005976,1,0,0,1,3,4,True,False,False,V1_P0_C0,low,V1_P0_C0__low,train
005977,5,0,0,5,0,5,True,False,False,V1_P0_C0,medium,V1_P0_C0__medium,train
005978,1,0,0,1,0,1,True,False,False,V1_P0_C0,low,V1_P0_C0__low,train
005979,5,0,0,5,0,5,True,False,False,V1_P0_C0,medium,V1_P0_C0__medium,train
005980,2,3,1,6,0,6,True,True,True,V1_P1_C1,medium,V1_P1_C1__medium,val
005981,7,0,0,7,2,9,True,False,False,V1_P0_C0,high,V1_P0_C0__high,train
005982,8,0,2,10,1,11,True,False,True,V1_P0_C1,high,V1_P0_C1__high,train
005983,15,0,0,15,1,16,True,False,False,V1_P0_C0,high,V1_P0_C0__high,train
005984,8,1,0,9,3,12,True,True,False,V1_P1_C0,high,V1_P1_C0__high,train
005985,0,2,2,4,8,12,False,True,True,V0_P1_C1,medium,V0_P1_C1__medium,train
005986,6,0,0,6,1,7,True,False,False,V1_P0_C0,medium,V1_P0_C0__medium,val
005987,5,0,0,5,1,6,True,False,False,V1_P0_C0,medium,V1_P0_C0__medium,train
005988,1,16,0,17,2,19,True,True,False,V1_P1_C0,high,V1_P1_C0__high,val
005989,1,0,0,1,3,4,True,False,False,V1_P0_C0,low,V1_P0_C0__low,train
005990,2,0,0,2,0,2,True,False,False,V1_P0_C0,low,V1_P0_C0__low,train
005991,4,1,0,5,3,8,True,True,False,V1_P1_C0,medium,V1_P1_C0__medium,train
005992,5,0,0,5,0,5,True,False,False,V1_P0_C0,medium,V1_P0_C0__medium,train
005993,1,0,0,1,0,1,True,False,False,V1_P0_C0,low,V1_P0_C0__low,train
005994,1,3,0,4,1,5,True,True,False,V1_P1_C0,medium,V1_P1_C0__medium,val
005995,1,0,0,1,1,2,True,False,False,V1_P0_C0,low,V1_P0_C0__low,train
005996,10,0,0,10,2,12,True,False,False,V1_P0_C0,high,V1_P0_C0__high,val
005997,3,0,2,5,2,7,True,False,True,V1_P0_C1,medium,V1_P0_C1__medium,train
005998,5,0,0,5,0,5,True,False,False,V1_P0_C0,medium,V1_P0_C0__medium,train
005999,7,0,0,7,1,8,True,False,False,V1_P0_C0,high,V1_P0_C0__high,val
006000,5,0,0,5,0,5,True,False,False,V1_P0_C0,medium,V1_P0_C0__medium,train
006001,3,0,0,3,1,4,True,False,False,V1_P0_C0,low,V1_P0_C0__low,train
006002,5,0,0,5,1,6,True,False,False,V1_P0_C0,medium,V1_P0_C0__medium,train
006003,9,0,0,9,5,14,True,False,False,V1_P0_C0,high,V1_P0_C0__high,train
006004,5,0,0,5,1,6,True,False,False,V1_P0_C0,medium,V1_P0_C0__medium,train
006005,9,0,0,9,2,11,True,False,False,V1_P0_C0,high,V1_P0_C0__high,train
006006,0,7,3,10,3,13,False,True,True,V0_P1_C1,high,V0_P1_C1__high,train
006007,15,0,0,15,0,15,True,False,False,V1_P0_C0,high,V1_P0_C0__high,train
006008,8,0,0,8,0,8,True,False,False,V1_P0_C0,high,V1_P0_C0__high,train
006009,4,0,0,4,1,5,True,False,False,V1_P0_C0,medium,V1_P0_C0__medium,train
006010,1,0,1,2,2,4,True,False,True,V1_P0_C1,low,V1_P0_C1__low,train
006011,9,3,0,12,0,12,True,True,False,V1_P1_C0,high,V1_P1_C0__high,train
006012,1,0,0,1,4,5,True,False,False,V1_P0_C0,low,V1_P0_C0__low,val
006013,3,0,0,3,2,5,True,False,False,V1_P0_C0,low,V1_P0_C0__low,train
006014,4,0,0,4,1,5,True,False,False,V1_P0_C0,medium,V1_P0_C0__medium,val
006015,5,0,0,5,0,5,True,False,False,V1_P0_C0,medium,V1_P0_C0__medium,train
006016,8,0,1,9,2,11,True,False,True,V1_P0_C1,high,V1_P0_C1__high,train
006017,2,0,0,2,0,2,True,False,False,V1_P0_C0,low,V1_P0_C0__low,train
006018,7,0,0,7,1,8,True,False,False,V1_P0_C0,high,V1_P0_C0__high,train
006019,2,0,1,3,0,3,True,False,True,V1_P0_C1,low,V1_P0_C1__low,train
006020,2,0,0,2,3,5,True,False,False,V1_P0_C0,low,V1_P0_C0__low,train
006021,3,0,1,4,0,4,True,False,True,V1_P0_C1,medium,V1_P0_C1__medium,train
006022,3,0,0,3,0,3,True,False,False,V1_P0_C0,low,V1_P0_C0__low,train
006023,2,0,1,3,1,4,True,False,True,V1_P0_C1,low,V1_P0_C1__low,train
006024,2,2,1,5,1,6,True,True,True,V1_P1_C1,medium,V1_P1_C1__medium,val
006025,5,0,0,5,3,8,True,False,False,V1_P0_C0,medium,V1_P0_C0__medium,train
006026,6,0,2,8,2,10,True,False,True,V1_P0_C1,high,V1_P0_C1__high,train
006027,6,0,2,8,1,9,True,False,True,V1_P0_C1,high,V1_P0_C1__high,train
006028,1,0,0,1,1,2,True,False,False,V1_P0_C0,low,V1_P0_C0__low,train
006029,0,1,0,1,0,1,False,True,False,V0_P1_C0,low,V0_P1_C0__low,train
006030,4,0,0,4,1,5,True,False,False,V1_P0_C0,medium,V1_P0_C0__medium,train
006031,5,0,0,5,2,7,True,False,False,V1_P0_C0,medium,V1_P0_C0__medium,train
006032,3,0,0,3,0,3,True,False,False,V1_P0_C0,low,V1_P0_C0__low,train
006033,6,0,0,6,5,11,True,False,False,V1_P0_C0,medium,V1_P0_C0__medium,train
006034,15,0,1,16,2,18,True,False,True,V1_P0_C1,high,V1_P0_C1__high,train
006035,0,1,0,1,0,1,False,True,False,V0_P1_C0,low,V0_P1_C0__low,train
006036,3,0,0,3,3,6,True,False,False,V1_P0_C0,low,V1_P0_C0__low,train
006037,5,0,0,5,1,6,True,False,False,V1_P0_C0,medium,V1_P0_C0__medium,train
006038,2,0,0,2,4,6,True,False,False,V1_P0_C0,low,V1_P0_C0__low,train
006039,7,0,1,8,1,9,True,False,True,V1_P0_C1,high,V1_P0_C1__high,train
006040,5,0,0,5,1,6,True,False,False,V1_P0_C0,medium,V1_P0_C0__medium,train
006041,6,0,0,6,1,7,True,False,False,V1_P0_C0,medium,V1_P0_C0__medium,train
006042,4,0,0,4,1,5,True,False,False,V1_P0_C0,medium,V1_P0_C0__medium,train
006043,3,0,0,3,0,3,True,False,False,V1_P0_C0,low,V1_P0_C0__low,train
006044,3,0,0,3,2,5,True,False,False,V1_P0_C0,low,V1_P0_C0__low,train
006045,7,0,0,7,1,8,True,False,False,V1_P0_C0,high,V1_P0_C0__high,val
006046,5,0,0,5,7,12,True,False,False,V1_P0_C0,medium,V1_P0_C0__medium,train
006047,6,0,0,6,5,11,True,False,False,V1_P0_C0,medium,V1_P0_C0__medium,train
006048,7,0,0,7,1,8,True,False,False,V1_P0_C0,high,V1_P0_C0__high,train
006049,2,0,0,2,4,6,True,False,False,V1_P0_C0,low,V1_P0_C0__low,val
006050,7,0,0,7,2,9,True,False,False,V1_P0_C0,high,V1_P0_C0__high,train
006051,4,2,0,6,1,7,True,True,False,V1_P1_C0,medium,V1_P1_C0__medium,val
006052,6,1,0,7,4,11,True,True,False,V1_P1_C0,high,V1_P1_C0__high,train
006053,0,1,0,1,0,1,False,True,False,V0_P1_C0,low,V0_P1_C0__low,train
006054,8,0,0,8,1,9,True,False,False,V1_P0_C0,high,V1_P0_C0__high,train
006055,13,0,0,13,0,13,True,False,False,V1_P0_C0,high,V1_P0_C0__high,train
006056,3,0,0,3,1,4,True,False,False,V1_P0_C0,low,V1_P0_C0__low,train
006057,2,0,0,2,0,2,True,False,False,V1_P0_C0,low,V1_P0_C0__low,train
006058,3,0,0,3,2,5,True,False,False,V1_P0_C0,low,V1_P0_C0__low,train
006059,6,0,0,6,0,6,True,False,False,V1_P0_C0,medium,V1_P0_C0__medium,train
006060,10,0,0,10,2,12,True,False,False,V1_P0_C0,high,V1_P0_C0__high,val
006061,2,0,0,2,0,2,True,False,False,V1_P0_C0,low,V1_P0_C0__low,val
006062,2,1,0,3,1,4,True,True,False,V1_P1_C0,low,V1_P1_C0__low,train
006063,9,0,0,9,1,10,True,False,False,V1_P0_C0,high,V1_P0_C0__high,train
006064,15,0,0,15,1,16,True,False,False,V1_P0_C0,high,V1_P0_C0__high,train
006065,4,2,0,6,1,7,True,True,False,V1_P1_C0,medium,V1_P1_C0__medium,train
006066,8,0,0,8,2,10,True,False,False,V1_P0_C0,high,V1_P0_C0__high,val
006067,6,1,0,7,0,7,True,True,False,V1_P1_C0,high,V1_P1_C0__high,train
006068,5,1,0,6,0,6,True,True,False,V1_P1_C0,medium,V1_P1_C0__medium,val
006069,6,0,0,6,1,7,True,False,False,V1_P0_C0,medium,V1_P0_C0__medium,train
006070,1,4,3,8,3,11,True,True,True,V1_P1_C1,high,V1_P1_C1__high,train
006071,1,2,2,5,1,6,True,True,True,V1_P1_C1,medium,V1_P1_C1__medium,train
006072,3,0,0,3,3,6,True,False,False,V1_P0_C0,low,V1_P0_C0__low,train
006073,7,0,0,7,2,9,True,False,False,V1_P0_C0,high,V1_P0_C0__high,train
006074,4,0,0,4,2,6,True,False,False,V1_P0_C0,medium,V1_P0_C0__medium,train
006075,1,3,0,4,1,5,True,True,False,V1_P1_C0,medium,V1_P1_C0__medium,train
006076,1,1,0,2,0,2,True,True,False,V1_P1_C0,low,V1_P1_C0__low,train
006077,11,0,0,11,1,12,True,False,False,V1_P0_C0,high,V1_P0_C0__high,val
006078,8,0,0,8,6,14,True,False,False,V1_P0_C0,high,V1_P0_C0__high,train
006079,3,0,0,3,3,6,True,False,False,V1_P0_C0,low,V1_P0_C0__low,train
006080,5,0,0,5,0,5,True,False,False,V1_P0_C0,medium,V1_P0_C0__medium,train
006081,7,0,0,7,0,7,True,False,False,V1_P0_C0,high,V1_P0_C0__high,train
006082,7,4,0,11,0,11,True,True,False,V1_P1_C0,high,V1_P1_C0__high,train
006083,1,2,2,5,1,6,True,True,True,V1_P1_C1,medium,V1_P1_C1__medium,train
006084,14,0,0,14,1,15,True,False,False,V1_P0_C0,high,V1_P0_C0__high,train
006085,2,0,0,2,0,2,True,False,False,V1_P0_C0,low,V1_P0_C0__low,train
006086,2,0,0,2,0,2,True,False,False,V1_P0_C0,low,V1_P0_C0__low,val
006087,1,3,0,4,2,6,True,True,False,V1_P1_C0,medium,V1_P1_C0__medium,train
006088,1,6,1,8,2,10,True,True,True,V1_P1_C1,high,V1_P1_C1__high,train
006089,0,1,0,1,0,1,False,True,False,V0_P1_C0,low,V0_P1_C0__low,train
006090,8,0,0,8,1,9,True,False,False,V1_P0_C0,high,V1_P0_C0__high,train
006091,1,0,0,1,2,3,True,False,False,V1_P0_C0,low,V1_P0_C0__low,val
006092,4,0,1,5,3,8,True,False,True,V1_P0_C1,medium,V1_P0_C1__medium,train
006093,3,1,0,4,1,5,True,True,False,V1_P1_C0,medium,V1_P1_C0__medium,train
006094,1,1,1,3,0,3,True,True,True,V1_P1_C1,low,V1_P1_C1__low,train
006095,3,1,0,4,1,5,True,True,False,V1_P1_C0,medium,V1_P1_C0__medium,val
006096,3,0,0,3,1,4,True,False,False,V1_P0_C0,low,V1_P0_C0__low,train
006097,7,0,0,7,3,10,True,False,False,V1_P0_C0,high,V1_P0_C0__high,train
006098,4,0,0,4,2,6,True,False,False,V1_P0_C0,medium,V1_P0_C0__medium,train
006099,3,0,0,3,0,3,True,False,False,V1_P0_C0,low,V1_P0_C0__low,val
006100,2,0,1,3,2,5,True,False,True,V1_P0_C1,low,V1_P0_C1__low,train
006101,1,0,0,1,1,2,True,False,False,V1_P0_C0,low,V1_P0_C0__low,train
006102,5,1,0,6,0,6,True,True,False,V1_P1_C0,medium,V1_P1_C0__medium,train
006103,5,0,0,5,2,7,True,False,False,V1_P0_C0,medium,V1_P0_C0__medium,train
006104,1,0,0,1,0,1,True,False,False,V1_P0_C0,low,V1_P0_C0__low,train
006105,2,0,0,2,0,2,True,False,False,V1_P0_C0,low,V1_P0_C0__low,train
006106,9,0,0,9,1,10,True,False,False,V1_P0_C0,high,V1_P0_C0__high,train
006107,2,0,0,2,0,2,True,False,False,V1_P0_C0,low,V1_P0_C0__low,val
006108,6,0,0,6,2,8,True,False,False,V1_P0_C0,medium,V1_P0_C0__medium,train
006109,5,1,0,6,3,9,True,True,False,V1_P1_C0,medium,V1_P1_C0__medium,train
006110,9,0,0,9,1,10,True,False,False,V1_P0_C0,high,V1_P0_C0__high,train
006111,4,0,0,4,2,6,True,False,False,V1_P0_C0,medium,V1_P0_C0__medium,train
006112,2,0,0,2,5,7,True,False,False,V1_P0_C0,low,V1_P0_C0__low,train
006113,8,0,0,8,1,9,True,False,False,V1_P0_C0,high,V1_P0_C0__high,train
006114,6,0,0,6,1,7,True,False,False,V1_P0_C0,medium,V1_P0_C0__medium,train
006115,3,0,0,3,1,4,True,False,False,V1_P0_C0,low,V1_P0_C0__low,train
006116,5,0,0,5,4,9,True,False,False,V1_P0_C0,medium,V1_P0_C0__medium,train
006117,7,0,0,7,2,9,True,False,False,V1_P0_C0,high,V1_P0_C0__high,val
006118,2,2,0,4,4,8,True,True,False,V1_P1_C0,medium,V1_P1_C0__medium,train
006119,1,0,0,1,4,5,True,False,False,V1_P0_C0,low,V1_P0_C0__low,train
006120,1,0,0,1,1,2,True,False,False,V1_P0_C0,low,V1_P0_C0__low,train
006121,1,15,0,16,3,19,True,True,False,V1_P1_C0,high,V1_P1_C0__high,val
006122,0,4,2,6,3,9,False,True,True,V0_P1_C1,medium,V0_P1_C1__medium,train
006123,6,1,0,7,0,7,True,True,False,V1_P1_C0,high,V1_P1_C0__high,val
006124,2,0,0,2,1,3,True,False,False,V1_P0_C0,low,V1_P0_C0__low,train
006125,4,0,0,4,1,5,True,False,False,V1_P0_C0,medium,V1_P0_C0__medium,val
006126,5,0,0,5,1,6,True,False,False,V1_P0_C0,medium,V1_P0_C0__medium,train
006127,13,0,0,13,2,15,True,False,False,V1_P0_C0,high,V1_P0_C0__high,train
006128,2,0,0,2,1,3,True,False,False,V1_P0_C0,low,V1_P0_C0__low,val
006129,8,0,0,8,1,9,True,False,False,V1_P0_C0,high,V1_P0_C0__high,train
006130,0,8,1,9,2,11,False,True,True,V0_P1_C1,high,V0_P1_C1__high,train
006131,1,0,0,1,3,4,True,False,False,V1_P0_C0,low,V1_P0_C0__low,val
006132,2,0,0,2,3,5,True,False,False,V1_P0_C0,low,V1_P0_C0__low,val
006133,3,0,0,3,2,5,True,False,False,V1_P0_C0,low,V1_P0_C0__low,train
006134,4,0,0,4,2,6,True,False,False,V1_P0_C0,medium,V1_P0_C0__medium,train
006135,6,0,0,6,1,7,True,False,False,V1_P0_C0,medium,V1_P0_C0__medium,train
006136,6,0,0,6,2,8,True,False,False,V1_P0_C0,medium,V1_P0_C0__medium,train
006137,7,0,0,7,2,9,True,False,False,V1_P0_C0,high,V1_P0_C0__high,train
006138,6,0,0,6,0,6,True,False,False,V1_P0_C0,medium,V1_P0_C0__medium,train
006139,1,18,0,19,2,21,True,True,False,V1_P1_C0,high,V1_P1_C0__high,train
006140,2,0,0,2,1,3,True,False,False,V1_P0_C0,low,V1_P0_C0__low,val
006141,8,0,0,8,1,9,True,False,False,V1_P0_C0,high,V1_P0_C0__high,train
006142,1,0,0,1,1,2,True,False,False,V1_P0_C0,low,V1_P0_C0__low,train
006143,14,0,0,14,1,15,True,False,False,V1_P0_C0,high,V1_P0_C0__high,train
006144,3,0,0,3,2,5,True,False,False,V1_P0_C0,low,V1_P0_C0__low,train
006145,12,0,0,12,2,14,True,False,False,V1_P0_C0,high,V1_P0_C0__high,train
006146,5,0,0,5,1,6,True,False,False,V1_P0_C0,medium,V1_P0_C0__medium,train
006147,5,0,0,5,3,8,True,False,False,V1_P0_C0,medium,V1_P0_C0__medium,train
006148,2,2,1,5,3,8,True,True,True,V1_P1_C1,medium,V1_P1_C1__medium,train
006149,7,0,0,7,2,9,True,False,False,V1_P0_C0,high,V1_P0_C0__high,val
006150,9,0,0,9,1,10,True,False,False,V1_P0_C0,high,V1_P0_C0__high,val
006151,0,1,0,1,0,1,False,True,False,V0_P1_C0,low,V0_P1_C0__low,val
006152,0,1,0,1,0,1,False,True,False,V0_P1_C0,low,V0_P1_C0__low,train
006153,7,0,0,7,2,9,True,False,False,V1_P0_C0,high,V1_P0_C0__high,train
006154,6,0,0,6,0,6,True,False,False,V1_P0_C0,medium,V1_P0_C0__medium,train
006155,5,0,0,5,3,8,True,False,False,V1_P0_C0,medium,V1_P0_C0__medium,train
006156,12,0,0,12,2,14,True,False,False,V1_P0_C0,high,V1_P0_C0__high,train
006157,16,0,0,16,1,17,True,False,False,V1_P0_C0,high,V1_P0_C0__high,train
006158,0,1,0,1,0,1,False,True,False,V0_P1_C0,low,V0_P1_C0__low,train
006159,5,1,0,6,0,6,True,True,False,V1_P1_C0,medium,V1_P1_C0__medium,train
006160,5,0,1,6,2,8,True,False,True,V1_P0_C1,medium,V1_P0_C1__medium,train
006161,7,0,0,7,3,10,True,False,False,V1_P0_C0,high,V1_P0_C0__high,train
006162,5,0,0,5,2,7,True,False,False,V1_P0_C0,medium,V1_P0_C0__medium,val
006163,16,0,1,17,3,20,True,False,True,V1_P0_C1,high,V1_P0_C1__high,train
006164,0,1,0,1,0,1,False,True,False,V0_P1_C0,low,V0_P1_C0__low,train
006165,3,0,0,3,3,6,True,False,False,V1_P0_C0,low,V1_P0_C0__low,train
006166,6,1,0,7,0,7,True,True,False,V1_P1_C0,high,V1_P1_C0__high,train
006167,4,0,0,4,2,6,True,False,False,V1_P0_C0,medium,V1_P0_C0__medium,train
006168,2,0,0,2,2,4,True,False,False,V1_P0_C0,low,V1_P0_C0__low,train
006169,7,0,1,8,1,9,True,False,True,V1_P0_C1,high,V1_P0_C1__high,train
006170,2,0,0,2,1,3,True,False,False,V1_P0_C0,low,V1_P0_C0__low,train
006171,1,0,0,1,1,2,True,False,False,V1_P0_C0,low,V1_P0_C0__low,val
006172,9,0,0,9,2,11,True,False,False,V1_P0_C0,high,V1_P0_C0__high,val
006173,5,0,0,5,3,8,True,False,False,V1_P0_C0,medium,V1_P0_C0__medium,train
006174,1,2,0,3,3,6,True,True,False,V1_P1_C0,low,V1_P1_C0__low,train
006175,5,0,0,5,3,8,True,False,False,V1_P0_C0,medium,V1_P0_C0__medium,val
006176,1,4,3,8,3,11,True,True,True,V1_P1_C1,high,V1_P1_C1__high,val
006177,3,0,1,4,2,6,True,False,True,V1_P0_C1,medium,V1_P0_C1__medium,train
006178,2,0,0,2,0,2,True,False,False,V1_P0_C0,low,V1_P0_C0__low,train
006179,10,2,0,12,0,12,True,True,False,V1_P1_C0,high,V1_P1_C0__high,train
006180,15,0,0,15,1,16,True,False,False,V1_P0_C0,high,V1_P0_C0__high,train
006181,3,0,0,3,1,4,True,False,False,V1_P0_C0,low,V1_P0_C0__low,train
006182,3,0,0,3,1,4,True,False,False,V1_P0_C0,low,V1_P0_C0__low,train
006183,2,0,0,2,0,2,True,False,False,V1_P0_C0,low,V1_P0_C0__low,train
006184,1,1,1,3,0,3,True,True,True,V1_P1_C1,low,V1_P1_C1__low,train
006185,2,1,0,3,0,3,True,True,False,V1_P1_C0,low,V1_P1_C0__low,train
006186,7,0,0,7,1,8,True,False,False,V1_P0_C0,high,V1_P0_C0__high,val
006187,10,0,0,10,2,12,True,False,False,V1_P0_C0,high,V1_P0_C0__high,train
006188,1,0,0,1,4,5,True,False,False,V1_P0_C0,low,V1_P0_C0__low,val
006189,12,3,0,15,2,17,True,True,False,V1_P1_C0,high,V1_P1_C0__high,train
006190,0,2,2,4,6,10,False,True,True,V0_P1_C1,medium,V0_P1_C1__medium,train
006191,10,0,0,10,2,12,True,False,False,V1_P0_C0,high,V1_P0_C0__high,train
006192,11,0,0,11,1,12,True,False,False,V1_P0_C0,high,V1_P0_C0__high,train
006193,1,0,0,1,1,2,True,False,False,V1_P0_C0,low,V1_P0_C0__low,train
006194,0,1,0,1,0,1,False,True,False,V0_P1_C0,low,V0_P1_C0__low,train
006195,4,0,0,4,3,7,True,False,False,V1_P0_C0,medium,V1_P0_C0__medium,train
006196,3,0,1,4,2,6,True,False,True,V1_P0_C1,medium,V1_P0_C1__medium,train
006197,2,0,0,2,4,6,True,False,False,V1_P0_C0,low,V1_P0_C0__low,train
006198,7,3,0,10,1,11,True,True,False,V1_P1_C0,high,V1_P1_C0__high,train
006199,7,0,0,7,5,12,True,False,False,V1_P0_C0,high,V1_P0_C0__high,train
006200,2,0,0,2,4,6,True,False,False,V1_P0_C0,low,V1_P0_C0__low,train
006201,0,1,0,1,0,1,False,True,False,V0_P1_C0,low,V0_P1_C0__low,train
006202,11,0,0,11,2,13,True,False,False,V1_P0_C0,high,V1_P0_C0__high,val
006203,3,0,0,3,1,4,True,False,False,V1_P0_C0,low,V1_P0_C0__low,train
006204,2,0,0,2,0,2,True,False,False,V1_P0_C0,low,V1_P0_C0__low,train
006205,5,0,0,5,2,7,True,False,False,V1_P0_C0,medium,V1_P0_C0__medium,train
006206,1,0,0,1,1,2,True,False,False,V1_P0_C0,low,V1_P0_C0__low,train
006207,1,0,0,1,0,1,True,False,False,V1_P0_C0,low,V1_P0_C0__low,val
006208,8,0,0,8,4,12,True,False,False,V1_P0_C0,high,V1_P0_C0__high,train
006209,1,0,0,1,1,2,True,False,False,V1_P0_C0,low,V1_P0_C0__low,train
006210,1,3,0,4,4,8,True,True,False,V1_P1_C0,medium,V1_P1_C0__medium,train
006211,14,1,0,15,0,15,True,True,False,V1_P1_C0,high,V1_P1_C0__high,train
006212,1,0,0,1,1,2,True,False,False,V1_P0_C0,low,V1_P0_C0__low,train
006213,13,2,0,15,2,17,True,True,False,V1_P1_C0,high,V1_P1_C0__high,train
006214,2,0,1,3,0,3,True,False,True,V1_P0_C1,low,V1_P0_C1__low,val
006215,0,1,0,1,0,1,False,True,False,V0_P1_C0,low,V0_P1_C0__low,val
006216,2,0,0,2,1,3,True,False,False,V1_P0_C0,low,V1_P0_C0__low,train
006217,1,0,0,1,1,2,True,False,False,V1_P0_C0,low,V1_P0_C0__low,train
006218,2,0,0,2,1,3,True,False,False,V1_P0_C0,low,V1_P0_C0__low,val
006219,2,0,0,2,4,6,True,False,False,V1_P0_C0,low,V1_P0_C0__low,train
006220,3,0,0,3,2,5,True,False,False,V1_P0_C0,low,V1_P0_C0__low,train
006221,3,3,1,7,0,7,True,True,True,V1_P1_C1,high,V1_P1_C1__high,val
006222,0,1,0,1,0,1,False,True,False,V0_P1_C0,low,V0_P1_C0__low,train
006223,1,0,0,1,0,1,True,False,False,V1_P0_C0,low,V1_P0_C0__low,train
006224,13,1,0,14,1,15,True,True,False,V1_P1_C0,high,V1_P1_C0__high,train
006225,6,0,0,6,1,7,True,False,False,V1_P0_C0,medium,V1_P0_C0__medium,train
006226,2,1,0,3,1,4,True,True,False,V1_P1_C0,low,V1_P1_C0__low,train
006227,2,0,0,2,0,2,True,False,False,V1_P0_C0,low,V1_P0_C0__low,val
006228,0,1,0,1,0,1,False,True,False,V0_P1_C0,low,V0_P1_C0__low,train
006229,0,2,2,4,6,10,False,True,True,V0_P1_C1,medium,V0_P1_C1__medium,val
006230,1,0,0,1,2,3,True,False,False,V1_P0_C0,low,V1_P0_C0__low,train
006231,5,0,1,6,0,6,True,False,True,V1_P0_C1,medium,V1_P0_C1__medium,train
006232,6,1,0,7,0,7,True,True,False,V1_P1_C0,high,V1_P1_C0__high,train
006233,5,0,0,5,1,6,True,False,False,V1_P0_C0,medium,V1_P0_C0__medium,train
006234,1,0,1,2,1,3,True,False,True,V1_P0_C1,low,V1_P0_C1__low,val
006235,3,0,0,3,0,3,True,False,False,V1_P0_C0,low,V1_P0_C0__low,train
006236,13,1,0,14,1,15,True,True,False,V1_P1_C0,high,V1_P1_C0__high,train
006237,4,0,0,4,4,8,True,False,False,V1_P0_C0,medium,V1_P0_C0__medium,train
006238,9,0,0,9,1,10,True,False,False,V1_P0_C0,high,V1_P0_C0__high,train
006239,1,0,0,1,0,1,True,False,False,V1_P0_C0,low,V1_P0_C0__low,train
006240,0,1,0,1,0,1,False,True,False,V0_P1_C0,low,V0_P1_C0__low,train
006241,4,0,0,4,1,5,True,False,False,V1_P0_C0,medium,V1_P0_C0__medium,train
006242,5,0,1,6,0,6,True,False,True,V1_P0_C1,medium,V1_P0_C1__medium,train
006243,3,0,0,3,0,3,True,False,False,V1_P0_C0,low,V1_P0_C0__low,train
006244,1,0,0,1,0,1,True,False,False,V1_P0_C0,low,V1_P0_C0__low,train
006245,6,0,0,6,2,8,True,False,False,V1_P0_C0,medium,V1_P0_C0__medium,train
006246,5,0,0,5,0,5,True,False,False,V1_P0_C0,medium,V1_P0_C0__medium,train
006247,2,0,1,3,2,5,True,False,True,V1_P0_C1,low,V1_P0_C1__low,train
006248,4,0,0,4,3,7,True,False,False,V1_P0_C0,medium,V1_P0_C0__medium,train
006249,4,0,0,4,5,9,True,False,False,V1_P0_C0,medium,V1_P0_C0__medium,train
006250,4,0,0,4,1,5,True,False,False,V1_P0_C0,medium,V1_P0_C0__medium,train
006251,14,0,0,14,0,14,True,False,False,V1_P0_C0,high,V1_P0_C0__high,train
006252,1,0,0,1,1,2,True,False,False,V1_P0_C0,low,V1_P0_C0__low,train
006253,6,0,0,6,0,6,True,False,False,V1_P0_C0,medium,V1_P0_C0__medium,val
006254,6,0,0,6,1,7,True,False,False,V1_P0_C0,medium,V1_P0_C0__medium,train
006255,2,0,0,2,5,7,True,False,False,V1_P0_C0,low,V1_P0_C0__low,train
006256,8,4,0,12,0,12,True,True,False,V1_P1_C0,high,V1_P1_C0__high,val
006257,3,0,1,4,2,6,True,False,True,V1_P0_C1,medium,V1_P0_C1__medium,val
006258,0,1,0,1,0,1,False,True,False,V0_P1_C0,low,V0_P1_C0__low,train
006259,2,0,0,2,3,5,True,False,False,V1_P0_C0,low,V1_P0_C0__low,train
006260,14,0,0,14,0,14,True,False,False,V1_P0_C0,high,V1_P0_C0__high,train
006261,6,0,1,7,0,7,True,False,True,V1_P0_C1,high,V1_P0_C1__high,train
006262,7,1,1,9,0,9,True,True,True,V1_P1_C1,high,V1_P1_C1__high,train
006263,6,0,0,6,5,11,True,False,False,V1_P0_C0,medium,V1_P0_C0__medium,val
006264,4,0,0,4,1,5,True,False,False,V1_P0_C0,medium,V1_P0_C0__medium,train
006265,2,0,1,3,2,5,True,False,True,V1_P0_C1,low,V1_P0_C1__low,train
006266,6,0,0,6,0,6,True,False,False,V1_P0_C0,medium,V1_P0_C0__medium,train
006267,3,0,0,3,4,7,True,False,False,V1_P0_C0,low,V1_P0_C0__low,val
006268,0,7,0,7,3,10,False,True,False,V0_P1_C0,high,V0_P1_C0__high,train
006269,4,0,0,4,2,6,True,False,False,V1_P0_C0,medium,V1_P0_C0__medium,train
006270,2,0,0,2,0,2,True,False,False,V1_P0_C0,low,V1_P0_C0__low,train
006271,5,0,0,5,4,9,True,False,False,V1_P0_C0,medium,V1_P0_C0__medium,train
006272,10,0,0,10,3,13,True,False,False,V1_P0_C0,high,V1_P0_C0__high,train
006273,6,0,1,7,1,8,True,False,True,V1_P0_C1,high,V1_P0_C1__high,train
006274,2,1,0,3,0,3,True,True,False,V1_P1_C0,low,V1_P1_C0__low,train
006275,4,0,0,4,2,6,True,False,False,V1_P0_C0,medium,V1_P0_C0__medium,train
006276,2,3,4,9,4,13,True,True,True,V1_P1_C1,high,V1_P1_C1__high,train
006277,0,1,0,1,7,8,False,True,False,V0_P1_C0,low,V0_P1_C0__low,train
006278,6,0,0,6,1,7,True,False,False,V1_P0_C0,medium,V1_P0_C0__medium,val
006279,2,0,0,2,0,2,True,False,False,V1_P0_C0,low,V1_P0_C0__low,train
006280,2,0,1,3,2,5,True,False,True,V1_P0_C1,low,V1_P0_C1__low,train
006281,15,0,0,15,0,15,True,False,False,V1_P0_C0,high,V1_P0_C0__high,train
006282,3,0,0,3,2,5,True,False,False,V1_P0_C0,low,V1_P0_C0__low,train
006283,2,0,0,2,1,3,True,False,False,V1_P0_C0,low,V1_P0_C0__low,train
006284,0,7,1,8,2,10,False,True,True,V0_P1_C1,high,V0_P1_C1__high,train
006285,7,0,0,7,4,11,True,False,False,V1_P0_C0,high,V1_P0_C0__high,train
006286,4,0,0,4,4,8,True,False,False,V1_P0_C0,medium,V1_P0_C0__medium,train
006287,2,0,0,2,2,4,True,False,False,V1_P0_C0,low,V1_P0_C0__low,train
006288,1,0,0,1,4,5,True,False,False,V1_P0_C0,low,V1_P0_C0__low,train
006289,1,0,0,1,1,2,True,False,False,V1_P0_C0,low,V1_P0_C0__low,train
006290,4,0,0,4,2,6,True,False,False,V1_P0_C0,medium,V1_P0_C0__medium,train
006291,14,0,0,14,2,16,True,False,False,V1_P0_C0,high,V1_P0_C0__high,train
006292,0,1,0,1,0,1,False,True,False,V0_P1_C0,low,V0_P1_C0__low,train
006293,4,1,1,6,3,9,True,True,True,V1_P1_C1,medium,V1_P1_C1__medium,train
006294,0,1,0,1,0,1,False,True,False,V0_P1_C0,low,V0_P1_C0__low,train
006295,13,0,0,13,1,14,True,False,False,V1_P0_C0,high,V1_P0_C0__high,train
006296,5,0,0,5,2,7,True,False,False,V1_P0_C0,medium,V1_P0_C0__medium,train
006297,4,0,0,4,2,6,True,False,False,V1_P0_C0,medium,V1_P0_C0__medium,train
006298,6,1,0,7,2,9,True,True,False,V1_P1_C0,high,V1_P1_C0__high,val
006299,0,1,0,1,0,1,False,True,False,V0_P1_C0,low,V0_P1_C0__low,val
006300,11,0,0,11,5,16,True,False,False,V1_P0_C0,high,V1_P0_C0__high,train
006301,7,1,0,8,1,9,True,True,False,V1_P1_C0,high,V1_P1_C0__high,train
006302,3,0,0,3,1,4,True,False,False,V1_P0_C0,low,V1_P0_C0__low,train
006303,6,2,0,8,4,12,True,True,False,V1_P1_C0,high,V1_P1_C0__high,train
006304,2,0,0,2,2,4,True,False,False,V1_P0_C0,low,V1_P0_C0__low,train
006305,4,0,0,4,2,6,True,False,False,V1_P0_C0,medium,V1_P0_C0__medium,val
006306,11,0,0,11,1,12,True,False,False,V1_P0_C0,high,V1_P0_C0__high,train
006307,7,0,0,7,2,9,True,False,False,V1_P0_C0,high,V1_P0_C0__high,train
006308,0,1,0,1,0,1,False,True,False,V0_P1_C0,low,V0_P1_C0__low,train
006309,1,0,0,1,1,2,True,False,False,V1_P0_C0,low,V1_P0_C0__low,train
006310,7,0,0,7,1,8,True,False,False,V1_P0_C0,high,V1_P0_C0__high,train
006311,1,0,0,1,0,1,True,False,False,V1_P0_C0,low,V1_P0_C0__low,train
006312,9,0,0,9,0,9,True,False,False,V1_P0_C0,high,V1_P0_C0__high,val
006313,1,1,0,2,4,6,True,True,False,V1_P1_C0,low,V1_P1_C0__low,train
006314,10,0,0,10,3,13,True,False,False,V1_P0_C0,high,V1_P0_C0__high,train
006315,3,0,0,3,2,5,True,False,False,V1_P0_C0,low,V1_P0_C0__low,train
006316,1,0,0,1,0,1,True,False,False,V1_P0_C0,low,V1_P0_C0__low,train
006317,3,0,0,3,1,4,True,False,False,V1_P0_C0,low,V1_P0_C0__low,train
006318,1,0,0,1,6,7,True,False,False,V1_P0_C0,low,V1_P0_C0__low,val
006319,4,0,0,4,0,4,True,False,False,V1_P0_C0,medium,V1_P0_C0__medium,train
006320,8,0,0,8,1,9,True,False,False,V1_P0_C0,high,V1_P0_C0__high,train
006321,1,0,0,1,1,2,True,False,False,V1_P0_C0,low,V1_P0_C0__low,train
006322,8,0,0,8,2,10,True,False,False,V1_P0_C0,high,V1_P0_C0__high,train
006323,2,0,0,2,4,6,True,False,False,V1_P0_C0,low,V1_P0_C0__low,train
006324,5,0,0,5,3,8,True,False,False,V1_P0_C0,medium,V1_P0_C0__medium,train
006325,2,0,0,2,3,5,True,False,False,V1_P0_C0,low,V1_P0_C0__low,val
006326,5,0,0,5,1,6,True,False,False,V1_P0_C0,medium,V1_P0_C0__medium,train
006327,1,0,0,1,1,2,True,False,False,V1_P0_C0,low,V1_P0_C0__low,val
006328,7,1,0,8,3,11,True,True,False,V1_P1_C0,high,V1_P1_C0__high,train
006329,5,0,0,5,0,5,True,False,False,V1_P0_C0,medium,V1_P0_C0__medium,train
006330,7,0,0,7,1,8,True,False,False,V1_P0_C0,high,V1_P0_C0__high,train
006331,2,0,0,2,2,4,True,False,False,V1_P0_C0,low,V1_P0_C0__low,train
006332,3,0,0,3,1,4,True,False,False,V1_P0_C0,low,V1_P0_C0__low,train
006333,3,0,2,5,3,8,True,False,True,V1_P0_C1,medium,V1_P0_C1__medium,train
006334,6,2,0,8,2,10,True,True,False,V1_P1_C0,high,V1_P1_C0__high,train
006335,4,0,0,4,2,6,True,False,False,V1_P0_C0,medium,V1_P0_C0__medium,train
006336,7,0,0,7,6,13,True,False,False,V1_P0_C0,high,V1_P0_C0__high,train
006337,0,1,0,1,0,1,False,True,False,V0_P1_C0,low,V0_P1_C0__low,train
006338,8,0,0,8,2,10,True,False,False,V1_P0_C0,high,V1_P0_C0__high,train
006339,1,0,1,2,1,3,True,False,True,V1_P0_C1,low,V1_P0_C1__low,train
006340,2,0,0,2,3,5,True,False,False,V1_P0_C0,low,V1_P0_C0__low,train
006341,0,4,1,5,4,9,False,True,True,V0_P1_C1,medium,V0_P1_C1__medium,train
006342,11,0,0,11,2,13,True,False,False,V1_P0_C0,high,V1_P0_C0__high,val
006343,2,0,0,2,2,4,True,False,False,V1_P0_C0,low,V1_P0_C0__low,train
006344,10,0,0,10,1,11,True,False,False,V1_P0_C0,high,V1_P0_C0__high,train
006345,13,0,0,13,0,13,True,False,False,V1_P0_C0,high,V1_P0_C0__high,val
006346,3,0,0,3,4,7,True,False,False,V1_P0_C0,low,V1_P0_C0__low,train
006347,1,0,0,1,1,2,True,False,False,V1_P0_C0,low,V1_P0_C0__low,train
006348,1,0,0,1,2,3,True,False,False,V1_P0_C0,low,V1_P0_C0__low,train
006349,1,0,0,1,1,2,True,False,False,V1_P0_C0,low,V1_P0_C0__low,train
006350,4,0,0,4,0,4,True,False,False,V1_P0_C0,medium,V1_P0_C0__medium,train
006351,2,0,0,2,0,2,True,False,False,V1_P0_C0,low,V1_P0_C0__low,train
006352,1,0,1,2,3,5,True,False,True,V1_P0_C1,low,V1_P0_C1__low,train
006353,2,0,0,2,0,2,True,False,False,V1_P0_C0,low,V1_P0_C0__low,val
006354,0,1,0,1,0,1,False,True,False,V0_P1_C0,low,V0_P1_C0__low,val
006355,3,0,0,3,2,5,True,False,False,V1_P0_C0,low,V1_P0_C0__low,train
006356,8,0,0,8,2,10,True,False,False,V1_P0_C0,high,V1_P0_C0__high,train
006357,2,0,0,2,0,2,True,False,False,V1_P0_C0,low,V1_P0_C0__low,train
006358,3,0,1,4,3,7,True,False,True,V1_P0_C1,medium,V1_P0_C1__medium,train
006359,1,0,0,1,1,2,True,False,False,V1_P0_C0,low,V1_P0_C0__low,train
006360,3,0,0,3,2,5,True,False,False,V1_P0_C0,low,V1_P0_C0__low,train
006361,10,1,0,11,0,11,True,True,False,V1_P1_C0,high,V1_P1_C0__high,train
006362,5,3,0,8,1,9,True,True,False,V1_P1_C0,high,V1_P1_C0__high,train
006363,5,0,0,5,2,7,True,False,False,V1_P0_C0,medium,V1_P0_C0__medium,val
006364,1,1,0,2,6,8,True,True,False,V1_P1_C0,low,V1_P1_C0__low,train
006365,12,0,0,12,3,15,True,False,False,V1_P0_C0,high,V1_P0_C0__high,val
006366,9,0,0,9,2,11,True,False,False,V1_P0_C0,high,V1_P0_C0__high,train
006367,4,0,0,4,2,6,True,False,False,V1_P0_C0,medium,V1_P0_C0__medium,train
006368,9,0,0,9,1,10,True,False,False,V1_P0_C0,high,V1_P0_C0__high,train
006369,4,0,1,5,2,7,True,False,True,V1_P0_C1,medium,V1_P0_C1__medium,train
006370,6,0,0,6,1,7,True,False,False,V1_P0_C0,medium,V1_P0_C0__medium,val
006371,7,0,1,8,0,8,True,False,True,V1_P0_C1,high,V1_P0_C1__high,train
006372,7,0,0,7,1,8,True,False,False,V1_P0_C0,high,V1_P0_C0__high,train
006373,2,0,0,2,3,5,True,False,False,V1_P0_C0,low,V1_P0_C0__low,train
006374,2,0,0,2,2,4,True,False,False,V1_P0_C0,low,V1_P0_C0__low,train
006375,1,0,0,1,1,2,True,False,False,V1_P0_C0,low,V1_P0_C0__low,train
006376,16,0,0,16,0,16,True,False,False,V1_P0_C0,high,V1_P0_C0__high,train
006377,2,0,0,2,3,5,True,False,False,V1_P0_C0,low,V1_P0_C0__low,val
006378,2,0,3,5,4,9,True,False,True,V1_P0_C1,medium,V1_P0_C1__medium,train
006379,13,0,0,13,2,15,True,False,False,V1_P0_C0,high,V1_P0_C0__high,train
006380,1,0,1,2,5,7,True,False,True,V1_P0_C1,low,V1_P0_C1__low,train
006381,5,1,0,6,0,6,True,True,False,V1_P1_C0,medium,V1_P1_C0__medium,train
006382,2,1,1,4,0,4,True,True,True,V1_P1_C1,medium,V1_P1_C1__medium,train
006383,1,0,0,1,1,2,True,False,False,V1_P0_C0,low,V1_P0_C0__low,train
006384,1,0,0,1,1,2,True,False,False,V1_P0_C0,low,V1_P0_C0__low,train
006385,4,0,0,4,1,5,True,False,False,V1_P0_C0,medium,V1_P0_C0__medium,val
006386,5,0,0,5,1,6,True,False,False,V1_P0_C0,medium,V1_P0_C0__medium,train
006387,2,0,0,2,4,6,True,False,False,V1_P0_C0,low,V1_P0_C0__low,train
006388,4,0,0,4,3,7,True,False,False,V1_P0_C0,medium,V1_P0_C0__medium,train
006389,14,0,0,14,0,14,True,False,False,V1_P0_C0,high,V1_P0_C0__high,train
006390,14,1,0,15,1,16,True,True,False,V1_P1_C0,high,V1_P1_C0__high,train
006391,6,0,0,6,1,7,True,False,False,V1_P0_C0,medium,V1_P0_C0__medium,train
006392,1,0,0,1,1,2,True,False,False,V1_P0_C0,low,V1_P0_C0__low,train
006393,1,0,0,1,0,1,True,False,False,V1_P0_C0,low,V1_P0_C0__low,train
006394,7,0,0,7,1,8,True,False,False,V1_P0_C0,high,V1_P0_C0__high,train
006395,0,8,1,9,1,10,False,True,True,V0_P1_C1,high,V0_P1_C1__high,val
006396,3,7,4,14,2,16,True,True,True,V1_P1_C1,high,V1_P1_C1__high,train
006397,2,0,0,2,5,7,True,False,False,V1_P0_C0,low,V1_P0_C0__low,train
006398,3,0,0,3,1,4,True,False,False,V1_P0_C0,low,V1_P0_C0__low,train
006399,14,0,0,14,1,15,True,False,False,V1_P0_C0,high,V1_P0_C0__high,train
006400,0,6,0,6,3,9,False,True,False,V0_P1_C0,medium,V0_P1_C0__medium,train
006401,14,0,0,14,1,15,True,False,False,V1_P0_C0,high,V1_P0_C0__high,val
006402,5,0,0,5,0,5,True,False,False,V1_P0_C0,medium,V1_P0_C0__medium,train
006403,6,0,0,6,2,8,True,False,False,V1_P0_C0,medium,V1_P0_C0__medium,train
006404,10,0,0,10,1,11,True,False,False,V1_P0_C0,high,V1_P0_C0__high,train
006405,3,0,0,3,2,5,True,False,False,V1_P0_C0,low,V1_P0_C0__low,train
006406,1,0,1,2,1,3,True,False,True,V1_P0_C1,low,V1_P0_C1__low,train
006407,3,0,3,6,5,11,True,False,True,V1_P0_C1,medium,V1_P0_C1__medium,train
006408,7,0,0,7,1,8,True,False,False,V1_P0_C0,high,V1_P0_C0__high,val
006409,3,0,0,3,1,4,True,False,False,V1_P0_C0,low,V1_P0_C0__low,val
006410,7,0,0,7,2,9,True,False,False,V1_P0_C0,high,V1_P0_C0__high,val
006411,0,1,0,1,0,1,False,True,False,V0_P1_C0,low,V0_P1_C0__low,train
006412,0,4,0,4,3,7,False,True,False,V0_P1_C0,medium,V0_P1_C0__medium,train
006413,4,0,0,4,2,6,True,False,False,V1_P0_C0,medium,V1_P0_C0__medium,train
006414,1,0,1,2,4,6,True,False,True,V1_P0_C1,low,V1_P0_C1__low,val
006415,2,0,2,4,2,6,True,False,True,V1_P0_C1,medium,V1_P0_C1__medium,val
006416,11,0,0,11,2,13,True,False,False,V1_P0_C0,high,V1_P0_C0__high,train
006417,5,0,0,5,5,10,True,False,False,V1_P0_C0,medium,V1_P0_C0__medium,val
006418,6,0,0,6,2,8,True,False,False,V1_P0_C0,medium,V1_P0_C0__medium,val
006419,3,0,0,3,2,5,True,False,False,V1_P0_C0,low,V1_P0_C0__low,train
006420,5,0,0,5,1,6,True,False,False,V1_P0_C0,medium,V1_P0_C0__medium,train
006421,5,0,0,5,3,8,True,False,False,V1_P0_C0,medium,V1_P0_C0__medium,train
006422,5,14,1,20,0,20,True,True,True,V1_P1_C1,high,V1_P1_C1__high,train
006423,9,0,0,9,0,9,True,False,False,V1_P0_C0,high,V1_P0_C0__high,val
006424,3,9,0,12,1,13,True,True,False,V1_P1_C0,high,V1_P1_C0__high,val
006425,4,0,0,4,0,4,True,False,False,V1_P0_C0,medium,V1_P0_C0__medium,train
006426,12,0,0,12,3,15,True,False,False,V1_P0_C0,high,V1_P0_C0__high,train
006427,1,9,0,10,1,11,True,True,False,V1_P1_C0,high,V1_P1_C0__high,train
006428,1,0,0,1,5,6,True,False,False,V1_P0_C0,low,V1_P0_C0__low,train
006429,10,0,0,10,1,11,True,False,False,V1_P0_C0,high,V1_P0_C0__high,train
006430,5,0,0,5,0,5,True,False,False,V1_P0_C0,medium,V1_P0_C0__medium,train
006431,10,4,2,16,0,16,True,True,True,V1_P1_C1,high,V1_P1_C1__high,train
006432,6,0,0,6,3,9,True,False,False,V1_P0_C0,medium,V1_P0_C0__medium,train
006433,2,2,1,5,3,8,True,True,True,V1_P1_C1,medium,V1_P1_C1__medium,train
006434,0,1,0,1,0,1,False,True,False,V0_P1_C0,low,V0_P1_C0__low,train
006435,2,0,0,2,0,2,True,False,False,V1_P0_C0,low,V1_P0_C0__low,train
006436,3,0,0,3,2,5,True,False,False,V1_P0_C0,low,V1_P0_C0__low,train
006437,4,0,0,4,0,4,True,False,False,V1_P0_C0,medium,V1_P0_C0__medium,train
006438,6,0,0,6,3,9,True,False,False,V1_P0_C0,medium,V1_P0_C0__medium,train
006439,4,0,0,4,3,7,True,False,False,V1_P0_C0,medium,V1_P0_C0__medium,train
006440,2,1,0,3,0,3,True,True,False,V1_P1_C0,low,V1_P1_C0__low,train
006441,2,2,0,4,1,5,True,True,False,V1_P1_C0,medium,V1_P1_C0__medium,train
006442,3,0,0,3,4,7,True,False,False,V1_P0_C0,low,V1_P0_C0__low,train
006443,4,0,0,4,3,7,True,False,False,V1_P0_C0,medium,V1_P0_C0__medium,train
006444,2,9,0,11,1,12,True,True,False,V1_P1_C0,high,V1_P1_C0__high,train
006445,7,0,0,7,2,9,True,False,False,V1_P0_C0,high,V1_P0_C0__high,train
006446,1,0,1,2,3,5,True,False,True,V1_P0_C1,low,V1_P0_C1__low,train
006447,6,0,0,6,0,6,True,False,False,V1_P0_C0,medium,V1_P0_C0__medium,val
006448,5,0,0,5,4,9,True,False,False,V1_P0_C0,medium,V1_P0_C0__medium,val
006449,7,1,1,9,1,10,True,True,True,V1_P1_C1,high,V1_P1_C1__high,train
006450,6,0,0,6,2,8,True,False,False,V1_P0_C0,medium,V1_P0_C0__medium,train
006451,0,1,0,1,0,1,False,True,False,V0_P1_C0,low,V0_P1_C0__low,train
006452,4,0,0,4,0,4,True,False,False,V1_P0_C0,medium,V1_P0_C0__medium,train
006453,0,3,0,3,7,10,False,True,False,V0_P1_C0,low,V0_P1_C0__low,train
006454,4,0,0,4,2,6,True,False,False,V1_P0_C0,medium,V1_P0_C0__medium,val
006455,1,0,0,1,1,2,True,False,False,V1_P0_C0,low,V1_P0_C0__low,train
006456,1,0,0,1,0,1,True,False,False,V1_P0_C0,low,V1_P0_C0__low,train
006457,6,0,0,6,1,7,True,False,False,V1_P0_C0,medium,V1_P0_C0__medium,train
006458,0,1,0,1,0,1,False,True,False,V0_P1_C0,low,V0_P1_C0__low,train
006459,3,0,0,3,2,5,True,False,False,V1_P0_C0,low,V1_P0_C0__low,train
006460,2,0,1,3,3,6,True,False,True,V1_P0_C1,low,V1_P0_C1__low,val
006461,5,0,0,5,3,8,True,False,False,V1_P0_C0,medium,V1_P0_C0__medium,train
006462,3,0,0,3,2,5,True,False,False,V1_P0_C0,low,V1_P0_C0__low,train
006463,5,0,0,5,3,8,True,False,False,V1_P0_C0,medium,V1_P0_C0__medium,val
006464,0,1,1,2,4,6,False,True,True,V0_P1_C1,low,V0_P1_C1__low,train
006465,4,0,0,4,1,5,True,False,False,V1_P0_C0,medium,V1_P0_C0__medium,train
006466,1,0,0,1,2,3,True,False,False,V1_P0_C0,low,V1_P0_C0__low,train
006467,5,3,0,8,1,9,True,True,False,V1_P1_C0,high,V1_P1_C0__high,train
006468,8,0,0,8,2,10,True,False,False,V1_P0_C0,high,V1_P0_C0__high,train
006469,6,0,0,6,1,7,True,False,False,V1_P0_C0,medium,V1_P0_C0__medium,train
006470,5,0,0,5,1,6,True,False,False,V1_P0_C0,medium,V1_P0_C0__medium,val
006471,0,1,0,1,0,1,False,True,False,V0_P1_C0,low,V0_P1_C0__low,train
006472,0,1,0,1,0,1,False,True,False,V0_P1_C0,low,V0_P1_C0__low,train
006473,1,0,1,2,5,7,True,False,True,V1_P0_C1,low,V1_P0_C1__low,train
006474,7,1,0,8,8,16,True,True,False,V1_P1_C0,high,V1_P1_C0__high,train
006475,1,10,1,12,1,13,True,True,True,V1_P1_C1,high,V1_P1_C1__high,val
006476,1,1,0,2,2,4,True,True,False,V1_P1_C0,low,V1_P1_C0__low,train
006477,4,0,0,4,4,8,True,False,False,V1_P0_C0,medium,V1_P0_C0__medium,train
006478,2,4,0,6,2,8,True,True,False,V1_P1_C0,medium,V1_P1_C0__medium,train
006479,2,0,1,3,4,7,True,False,True,V1_P0_C1,low,V1_P0_C1__low,val
006480,0,1,0,1,0,1,False,True,False,V0_P1_C0,low,V0_P1_C0__low,train
006481,3,0,0,3,2,5,True,False,False,V1_P0_C0,low,V1_P0_C0__low,train
006482,4,0,0,4,2,6,True,False,False,V1_P0_C0,medium,V1_P0_C0__medium,train
006483,5,0,0,5,1,6,True,False,False,V1_P0_C0,medium,V1_P0_C0__medium,train
006484,1,0,1,2,3,5,True,False,True,V1_P0_C1,low,V1_P0_C1__low,val
006485,1,0,0,1,1,2,True,False,False,V1_P0_C0,low,V1_P0_C0__low,train
006486,0,2,0,2,0,2,False,True,False,V0_P1_C0,low,V0_P1_C0__low,train
006487,3,0,0,3,1,4,True,False,False,V1_P0_C0,low,V1_P0_C0__low,val
006488,1,9,0,10,1,11,True,True,False,V1_P1_C0,high,V1_P1_C0__high,train
006489,12,0,0,12,1,13,True,False,False,V1_P0_C0,high,V1_P0_C0__high,train
006490,7,0,0,7,1,8,True,False,False,V1_P0_C0,high,V1_P0_C0__high,train
006491,3,0,0,3,3,6,True,False,False,V1_P0_C0,low,V1_P0_C0__low,train
006492,4,0,1,5,2,7,True,False,True,V1_P0_C1,medium,V1_P0_C1__medium,train
006493,6,0,0,6,2,8,True,False,False,V1_P0_C0,medium,V1_P0_C0__medium,train
006494,7,0,0,7,3,10,True,False,False,V1_P0_C0,high,V1_P0_C0__high,train
006495,6,0,0,6,1,7,True,False,False,V1_P0_C0,medium,V1_P0_C0__medium,train
006496,3,5,2,10,0,10,True,True,True,V1_P1_C1,high,V1_P1_C1__high,val
006497,11,0,0,11,0,11,True,False,False,V1_P0_C0,high,V1_P0_C0__high,train
006498,7,1,0,8,0,8,True,True,False,V1_P1_C0,high,V1_P1_C0__high,train
006499,2,0,0,2,0,2,True,False,False,V1_P0_C0,low,V1_P0_C0__low,val
006500,4,0,1,5,3,8,True,False,True,V1_P0_C1,medium,V1_P0_C1__medium,train
006501,4,0,0,4,1,5,True,False,False,V1_P0_C0,medium,V1_P0_C0__medium,train
006502,0,1,0,1,0,1,False,True,False,V0_P1_C0,low,V0_P1_C0__low,train
006503,4,0,1,5,1,6,True,False,True,V1_P0_C1,medium,V1_P0_C1__medium,train
006504,4,0,0,4,0,4,True,False,False,V1_P0_C0,medium,V1_P0_C0__medium,train
006505,2,0,0,2,3,5,True,False,False,V1_P0_C0,low,V1_P0_C0__low,train
006506,5,0,0,5,1,6,True,False,False,V1_P0_C0,medium,V1_P0_C0__medium,train
006507,4,0,0,4,2,6,True,False,False,V1_P0_C0,medium,V1_P0_C0__medium,train
006508,6,1,0,7,0,7,True,True,False,V1_P1_C0,high,V1_P1_C0__high,val
006509,4,0,0,4,0,4,True,False,False,V1_P0_C0,medium,V1_P0_C0__medium,train
006510,1,0,0,1,1,2,True,False,False,V1_P0_C0,low,V1_P0_C0__low,val
006511,4,4,0,8,2,10,True,True,False,V1_P1_C0,high,V1_P1_C0__high,train
006512,3,0,0,3,2,5,True,False,False,V1_P0_C0,low,V1_P0_C0__low,val
006513,6,0,0,6,2,8,True,False,False,V1_P0_C0,medium,V1_P0_C0__medium,val
006514,4,0,0,4,1,5,True,False,False,V1_P0_C0,medium,V1_P0_C0__medium,train
006515,4,0,0,4,1,5,True,False,False,V1_P0_C0,medium,V1_P0_C0__medium,val
006516,2,0,0,2,2,4,True,False,False,V1_P0_C0,low,V1_P0_C0__low,train
006517,0,1,1,2,4,6,False,True,True,V0_P1_C1,low,V0_P1_C1__low,train
006518,2,0,0,2,1,3,True,False,False,V1_P0_C0,low,V1_P0_C0__low,train
006519,8,3,0,11,1,12,True,True,False,V1_P1_C0,high,V1_P1_C0__high,val
006520,8,0,0,8,2,10,True,False,False,V1_P0_C0,high,V1_P0_C0__high,train
006521,1,0,0,1,0,1,True,False,False,V1_P0_C0,low,V1_P0_C0__low,train
006522,4,2,0,6,1,7,True,True,False,V1_P1_C0,medium,V1_P1_C0__medium,train
006523,12,0,0,12,2,14,True,False,False,V1_P0_C0,high,V1_P0_C0__high,train
006524,4,0,0,4,0,4,True,False,False,V1_P0_C0,medium,V1_P0_C0__medium,train
006525,6,1,0,7,1,8,True,True,False,V1_P1_C0,high,V1_P1_C0__high,train
006526,6,0,0,6,2,8,True,False,False,V1_P0_C0,medium,V1_P0_C0__medium,train
006527,9,0,0,9,4,13,True,False,False,V1_P0_C0,high,V1_P0_C0__high,train
006528,2,7,3,12,2,14,True,True,True,V1_P1_C1,high,V1_P1_C1__high,val
006529,2,0,0,2,4,6,True,False,False,V1_P0_C0,low,V1_P0_C0__low,train
006530,7,0,0,7,0,7,True,False,False,V1_P0_C0,high,V1_P0_C0__high,train
006531,5,0,0,5,2,7,True,False,False,V1_P0_C0,medium,V1_P0_C0__medium,train
006532,8,0,0,8,2,10,True,False,False,V1_P0_C0,high,V1_P0_C0__high,train
006533,4,0,0,4,2,6,True,False,False,V1_P0_C0,medium,V1_P0_C0__medium,train
006534,4,1,0,5,0,5,True,True,False,V1_P1_C0,medium,V1_P1_C0__medium,val
006535,9,0,0,9,2,11,True,False,False,V1_P0_C0,high,V1_P0_C0__high,val
006536,6,1,0,7,2,9,True,True,False,V1_P1_C0,high,V1_P1_C0__high,train
006537,2,0,0,2,2,4,True,False,False,V1_P0_C0,low,V1_P0_C0__low,train
006538,6,0,0,6,4,10,True,False,False,V1_P0_C0,medium,V1_P0_C0__medium,val
006539,0,4,1,5,4,9,False,True,True,V0_P1_C1,medium,V0_P1_C1__medium,train
006540,4,0,0,4,0,4,True,False,False,V1_P0_C0,medium,V1_P0_C0__medium,train
006541,1,0,0,1,2,3,True,False,False,V1_P0_C0,low,V1_P0_C0__low,train
006542,5,0,0,5,2,7,True,False,False,V1_P0_C0,medium,V1_P0_C0__medium,train
006543,6,0,0,6,2,8,True,False,False,V1_P0_C0,medium,V1_P0_C0__medium,val
006544,4,0,0,4,1,5,True,False,False,V1_P0_C0,medium,V1_P0_C0__medium,val
006545,1,0,0,1,4,5,True,False,False,V1_P0_C0,low,V1_P0_C0__low,train
006546,1,1,0,2,1,3,True,True,False,V1_P1_C0,low,V1_P1_C0__low,train
006547,2,0,0,2,3,5,True,False,False,V1_P0_C0,low,V1_P0_C0__low,val
006548,4,0,0,4,2,6,True,False,False,V1_P0_C0,medium,V1_P0_C0__medium,val
006549,14,0,0,14,2,16,True,False,False,V1_P0_C0,high,V1_P0_C0__high,train
006550,2,0,0,2,1,3,True,False,False,V1_P0_C0,low,V1_P0_C0__low,train
006551,3,0,0,3,3,6,True,False,False,V1_P0_C0,low,V1_P0_C0__low,train
006552,0,4,0,4,0,4,False,True,False,V0_P1_C0,medium,V0_P1_C0__medium,train
006553,2,0,0,2,2,4,True,False,False,V1_P0_C0,low,V1_P0_C0__low,train
006554,2,0,0,2,1,3,True,False,False,V1_P0_C0,low,V1_P0_C0__low,val
006555,2,0,0,2,1,3,True,False,False,V1_P0_C0,low,V1_P0_C0__low,train
006556,3,1,0,4,0,4,True,True,False,V1_P1_C0,medium,V1_P1_C0__medium,train
006557,6,0,0,6,2,8,True,False,False,V1_P0_C0,medium,V1_P0_C0__medium,train
006558,2,0,0,2,0,2,True,False,False,V1_P0_C0,low,V1_P0_C0__low,train
006559,15,0,0,15,0,15,True,False,False,V1_P0_C0,high,V1_P0_C0__high,train
006560,4,0,0,4,2,6,True,False,False,V1_P0_C0,medium,V1_P0_C0__medium,train
006561,3,0,0,3,4,7,True,False,False,V1_P0_C0,low,V1_P0_C0__low,val
006562,15,0,0,15,1,16,True,False,False,V1_P0_C0,high,V1_P0_C0__high,train
006563,2,0,0,2,2,4,True,False,False,V1_P0_C0,low,V1_P0_C0__low,train
006564,9,1,1,11,1,12,True,True,True,V1_P1_C1,high,V1_P1_C1__high,train
006565,2,0,0,2,3,5,True,False,False,V1_P0_C0,low,V1_P0_C0__low,val
006566,1,0,0,1,1,2,True,False,False,V1_P0_C0,low,V1_P0_C0__low,train
006567,8,0,0,8,0,8,True,False,False,V1_P0_C0,high,V1_P0_C0__high,train
006568,10,0,0,10,1,11,True,False,False,V1_P0_C0,high,V1_P0_C0__high,val
006569,5,0,0,5,3,8,True,False,False,V1_P0_C0,medium,V1_P0_C0__medium,train
006570,6,1,0,7,0,7,True,True,False,V1_P1_C0,high,V1_P1_C0__high,train
006571,6,0,0,6,1,7,True,False,False,V1_P0_C0,medium,V1_P0_C0__medium,train
006572,2,1,0,3,0,3,True,True,False,V1_P1_C0,low,V1_P1_C0__low,val
006573,0,1,0,1,0,1,False,True,False,V0_P1_C0,low,V0_P1_C0__low,train
006574,2,0,1,3,0,3,True,False,True,V1_P0_C1,low,V1_P0_C1__low,val
006575,0,1,0,1,0,1,False,True,False,V0_P1_C0,low,V0_P1_C0__low,train
006576,4,0,0,4,1,5,True,False,False,V1_P0_C0,medium,V1_P0_C0__medium,train
006577,4,0,0,4,0,4,True,False,False,V1_P0_C0,medium,V1_P0_C0__medium,train
006578,0,9,1,10,1,11,False,True,True,V0_P1_C1,high,V0_P1_C1__high,train
006579,0,1,0,1,0,1,False,True,False,V0_P1_C0,low,V0_P1_C0__low,val
006580,1,0,0,1,0,1,True,False,False,V1_P0_C0,low,V1_P0_C0__low,val
006581,4,0,0,4,0,4,True,False,False,V1_P0_C0,medium,V1_P0_C0__medium,val
006582,2,0,0,2,0,2,True,False,False,V1_P0_C0,low,V1_P0_C0__low,train
006583,1,18,0,19,1,20,True,True,False,V1_P1_C0,high,V1_P1_C0__high,train
006584,1,0,0,1,0,1,True,False,False,V1_P0_C0,low,V1_P0_C0__low,train
006585,0,1,0,1,0,1,False,True,False,V0_P1_C0,low,V0_P1_C0__low,train
006586,2,0,0,2,3,5,True,False,False,V1_P0_C0,low,V1_P0_C0__low,train
006587,7,0,0,7,2,9,True,False,False,V1_P0_C0,high,V1_P0_C0__high,train
006588,7,0,0,7,1,8,True,False,False,V1_P0_C0,high,V1_P0_C0__high,val
006589,18,2,0,20,0,20,True,True,False,V1_P1_C0,high,V1_P1_C0__high,train
006590,6,0,0,6,0,6,True,False,False,V1_P0_C0,medium,V1_P0_C0__medium,train
006591,3,0,0,3,0,3,True,False,False,V1_P0_C0,low,V1_P0_C0__low,train
006592,2,0,0,2,0,2,True,False,False,V1_P0_C0,low,V1_P0_C0__low,train
006593,5,0,0,5,1,6,True,False,False,V1_P0_C0,medium,V1_P0_C0__medium,val
006594,11,0,0,11,1,12,True,False,False,V1_P0_C0,high,V1_P0_C0__high,train
006595,9,0,0,9,5,14,True,False,False,V1_P0_C0,high,V1_P0_C0__high,train
006596,1,0,0,1,2,3,True,False,False,V1_P0_C0,low,V1_P0_C0__low,val
006597,5,0,3,8,3,11,True,False,True,V1_P0_C1,high,V1_P0_C1__high,train
006598,11,0,0,11,3,14,True,False,False,V1_P0_C0,high,V1_P0_C0__high,train
006599,4,0,0,4,1,5,True,False,False,V1_P0_C0,medium,V1_P0_C0__medium,val
006600,3,1,0,4,0,4,True,True,False,V1_P1_C0,medium,V1_P1_C0__medium,train
006601,2,0,0,2,2,4,True,False,False,V1_P0_C0,low,V1_P0_C0__low,train
006602,12,0,0,12,1,13,True,False,False,V1_P0_C0,high,V1_P0_C0__high,train
006603,1,0,1,2,2,4,True,False,True,V1_P0_C1,low,V1_P0_C1__low,train
006604,3,0,1,4,1,5,True,False,True,V1_P0_C1,medium,V1_P0_C1__medium,train
006605,0,5,2,7,2,9,False,True,True,V0_P1_C1,high,V0_P1_C1__high,train
006606,1,0,0,1,1,2,True,False,False,V1_P0_C0,low,V1_P0_C0__low,train
006607,1,0,0,1,1,2,True,False,False,V1_P0_C0,low,V1_P0_C0__low,train
006608,2,10,3,15,3,18,True,True,True,V1_P1_C1,high,V1_P1_C1__high,train
006609,1,0,0,1,0,1,True,False,False,V1_P0_C0,low,V1_P0_C0__low,train
006610,2,0,0,2,2,4,True,False,False,V1_P0_C0,low,V1_P0_C0__low,train
006611,6,0,2,8,1,9,True,False,True,V1_P0_C1,high,V1_P0_C1__high,train
006612,7,0,2,9,3,12,True,False,True,V1_P0_C1,high,V1_P0_C1__high,train
006613,1,7,0,8,1,9,True,True,False,V1_P1_C0,high,V1_P1_C0__high,train
006614,4,0,0,4,2,6,True,False,False,V1_P0_C0,medium,V1_P0_C0__medium,train
006615,1,0,0,1,1,2,True,False,False,V1_P0_C0,low,V1_P0_C0__low,train
006616,6,0,0,6,1,7,True,False,False,V1_P0_C0,medium,V1_P0_C0__medium,train
006617,4,2,0,6,1,7,True,True,False,V1_P1_C0,medium,V1_P1_C0__medium,val
006618,4,0,0,4,1,5,True,False,False,V1_P0_C0,medium,V1_P0_C0__medium,val
006619,5,0,0,5,1,6,True,False,False,V1_P0_C0,medium,V1_P0_C0__medium,train
006620,3,0,0,3,4,7,True,False,False,V1_P0_C0,low,V1_P0_C0__low,train
006621,3,0,0,3,4,7,True,False,False,V1_P0_C0,low,V1_P0_C0__low,train
006622,11,0,0,11,1,12,True,False,False,V1_P0_C0,high,V1_P0_C0__high,train
006623,3,3,1,7,2,9,True,True,True,V1_P1_C1,high,V1_P1_C1__high,train
006624,8,0,0,8,1,9,True,False,False,V1_P0_C0,high,V1_P0_C0__high,train
006625,10,0,0,10,4,14,True,False,False,V1_P0_C0,high,V1_P0_C0__high,train
006626,2,0,0,2,1,3,True,False,False,V1_P0_C0,low,V1_P0_C0__low,train
006627,3,4,0,7,1,8,True,True,False,V1_P1_C0,high,V1_P1_C0__high,train
006628,7,0,1,8,0,8,True,False,True,V1_P0_C1,high,V1_P0_C1__high,val
006629,7,1,0,8,1,9,True,True,False,V1_P1_C0,high,V1_P1_C0__high,train
006630,6,0,0,6,4,10,True,False,False,V1_P0_C0,medium,V1_P0_C0__medium,train
006631,4,0,0,4,2,6,True,False,False,V1_P0_C0,medium,V1_P0_C0__medium,train
006632,7,0,1,8,1,9,True,False,True,V1_P0_C1,high,V1_P0_C1__high,val
006633,4,0,0,4,2,6,True,False,False,V1_P0_C0,medium,V1_P0_C0__medium,train
006634,3,0,0,3,2,5,True,False,False,V1_P0_C0,low,V1_P0_C0__low,train
006635,4,0,1,5,3,8,True,False,True,V1_P0_C1,medium,V1_P0_C1__medium,train
006636,1,0,0,1,4,5,True,False,False,V1_P0_C0,low,V1_P0_C0__low,val
006637,10,0,0,10,1,11,True,False,False,V1_P0_C0,high,V1_P0_C0__high,train
006638,8,0,0,8,2,10,True,False,False,V1_P0_C0,high,V1_P0_C0__high,val
006639,13,1,0,14,1,15,True,True,False,V1_P1_C0,high,V1_P1_C0__high,train
006640,8,0,0,8,0,8,True,False,False,V1_P0_C0,high,V1_P0_C0__high,train
006641,1,0,0,1,0,1,True,False,False,V1_P0_C0,low,V1_P0_C0__low,train
006642,9,1,0,10,0,10,True,True,False,V1_P1_C0,high,V1_P1_C0__high,val
006643,4,0,0,4,2,6,True,False,False,V1_P0_C0,medium,V1_P0_C0__medium,train
006644,4,0,0,4,1,5,True,False,False,V1_P0_C0,medium,V1_P0_C0__medium,train
006645,0,3,0,3,3,6,False,True,False,V0_P1_C0,low,V0_P1_C0__low,val
006646,4,0,0,4,0,4,True,False,False,V1_P0_C0,medium,V1_P0_C0__medium,train
006647,4,0,1,5,2,7,True,False,True,V1_P0_C1,medium,V1_P0_C1__medium,train
006648,12,0,0,12,5,17,True,False,False,V1_P0_C0,high,V1_P0_C0__high,train
006649,7,1,0,8,2,10,True,True,False,V1_P1_C0,high,V1_P1_C0__high,val
006650,0,2,1,3,2,5,False,True,True,V0_P1_C1,low,V0_P1_C1__low,train
006651,1,0,1,2,4,6,True,False,True,V1_P0_C1,low,V1_P0_C1__low,train
006652,0,1,0,1,0,1,False,True,False,V0_P1_C0,low,V0_P1_C0__low,train
006653,0,1,0,1,0,1,False,True,False,V0_P1_C0,low,V0_P1_C0__low,train
006654,2,0,0,2,0,2,True,False,False,V1_P0_C0,low,V1_P0_C0__low,val
006655,9,0,0,9,4,13,True,False,False,V1_P0_C0,high,V1_P0_C0__high,train
006656,0,1,0,1,0,1,False,True,False,V0_P1_C0,low,V0_P1_C0__low,val
006657,2,1,2,5,0,5,True,True,True,V1_P1_C1,medium,V1_P1_C1__medium,train
006658,4,0,0,4,2,6,True,False,False,V1_P0_C0,medium,V1_P0_C0__medium,train
006659,5,0,1,6,2,8,True,False,True,V1_P0_C1,medium,V1_P0_C1__medium,train
006660,12,0,0,12,2,14,True,False,False,V1_P0_C0,high,V1_P0_C0__high,val
006661,0,1,0,1,0,1,False,True,False,V0_P1_C0,low,V0_P1_C0__low,train
006662,9,0,0,9,3,12,True,False,False,V1_P0_C0,high,V1_P0_C0__high,train
006663,8,0,0,8,2,10,True,False,False,V1_P0_C0,high,V1_P0_C0__high,val
006664,5,0,0,5,1,6,True,False,False,V1_P0_C0,medium,V1_P0_C0__medium,train
006665,7,0,0,7,0,7,True,False,False,V1_P0_C0,high,V1_P0_C0__high,train
006666,0,1,0,1,0,1,False,True,False,V0_P1_C0,low,V0_P1_C0__low,train
006667,5,0,0,5,2,7,True,False,False,V1_P0_C0,medium,V1_P0_C0__medium,val
006668,2,0,0,2,0,2,True,False,False,V1_P0_C0,low,V1_P0_C0__low,train
006669,5,0,0,5,1,6,True,False,False,V1_P0_C0,medium,V1_P0_C0__medium,train
006670,3,0,0,3,4,7,True,False,False,V1_P0_C0,low,V1_P0_C0__low,train
006671,2,0,0,2,1,3,True,False,False,V1_P0_C0,low,V1_P0_C0__low,train
006672,6,0,0,6,3,9,True,False,False,V1_P0_C0,medium,V1_P0_C0__medium,train
006673,9,0,0,9,1,10,True,False,False,V1_P0_C0,high,V1_P0_C0__high,train
006674,3,0,0,3,0,3,True,False,False,V1_P0_C0,low,V1_P0_C0__low,train
006675,3,0,0,3,0,3,True,False,False,V1_P0_C0,low,V1_P0_C0__low,val
006676,0,1,0,1,0,1,False,True,False,V0_P1_C0,low,V0_P1_C0__low,train
006677,1,0,0,1,2,3,True,False,False,V1_P0_C0,low,V1_P0_C0__low,val
006678,10,0,0,10,2,12,True,False,False,V1_P0_C0,high,V1_P0_C0__high,val
006679,8,0,0,8,1,9,True,False,False,V1_P0_C0,high,V1_P0_C0__high,train
006680,2,0,0,2,2,4,True,False,False,V1_P0_C0,low,V1_P0_C0__low,train
006681,3,0,0,3,0,3,True,False,False,V1_P0_C0,low,V1_P0_C0__low,val
006682,3,7,5,15,1,16,True,True,True,V1_P1_C1,high,V1_P1_C1__high,train
006683,2,0,0,2,0,2,True,False,False,V1_P0_C0,low,V1_P0_C0__low,train
006684,7,0,0,7,1,8,True,False,False,V1_P0_C0,high,V1_P0_C0__high,train
006685,0,1,0,1,0,1,False,True,False,V0_P1_C0,low,V0_P1_C0__low,val
006686,4,0,0,4,0,4,True,False,False,V1_P0_C0,medium,V1_P0_C0__medium,val
006687,5,0,0,5,0,5,True,False,False,V1_P0_C0,medium,V1_P0_C0__medium,train
006688,2,0,0,2,3,5,True,False,False,V1_P0_C0,low,V1_P0_C0__low,train
006689,6,0,0,6,1,7,True,False,False,V1_P0_C0,medium,V1_P0_C0__medium,train
006690,2,0,1,3,3,6,True,False,True,V1_P0_C1,low,V1_P0_C1__low,val
006691,1,0,0,1,0,1,True,False,False,V1_P0_C0,low,V1_P0_C0__low,val
006692,7,0,0,7,3,10,True,False,False,V1_P0_C0,high,V1_P0_C0__high,train
006693,2,0,0,2,3,5,True,False,False,V1_P0_C0,low,V1_P0_C0__low,train
006694,6,0,0,6,2,8,True,False,False,V1_P0_C0,medium,V1_P0_C0__medium,train
006695,8,0,2,10,2,12,True,False,True,V1_P0_C1,high,V1_P0_C1__high,train
006696,2,0,1,3,2,5,True,False,True,V1_P0_C1,low,V1_P0_C1__low,train
006697,1,0,0,1,1,2,True,False,False,V1_P0_C0,low,V1_P0_C0__low,train
006698,1,0,0,1,4,5,True,False,False,V1_P0_C0,low,V1_P0_C0__low,train
006699,5,0,0,5,1,6,True,False,False,V1_P0_C0,medium,V1_P0_C0__medium,val
006700,1,1,0,2,3,5,True,True,False,V1_P1_C0,low,V1_P1_C0__low,train
006701,1,0,0,1,2,3,True,False,False,V1_P0_C0,low,V1_P0_C0__low,train
006702,3,0,0,3,0,3,True,False,False,V1_P0_C0,low,V1_P0_C0__low,train
006703,1,7,0,8,2,10,True,True,False,V1_P1_C0,high,V1_P1_C0__high,val
006704,0,5,1,6,4,10,False,True,True,V0_P1_C1,medium,V0_P1_C1__medium,train
006705,2,0,0,2,1,3,True,False,False,V1_P0_C0,low,V1_P0_C0__low,train
006706,2,0,0,2,0,2,True,False,False,V1_P0_C0,low,V1_P0_C0__low,val
006707,6,0,0,6,3,9,True,False,False,V1_P0_C0,medium,V1_P0_C0__medium,train
006708,3,0,0,3,0,3,True,False,False,V1_P0_C0,low,V1_P0_C0__low,val
006709,1,0,0,1,0,1,True,False,False,V1_P0_C0,low,V1_P0_C0__low,train
006710,7,0,0,7,2,9,True,False,False,V1_P0_C0,high,V1_P0_C0__high,train
006711,1,0,0,1,3,4,True,False,False,V1_P0_C0,low,V1_P0_C0__low,val
006712,3,0,0,3,1,4,True,False,False,V1_P0_C0,low,V1_P0_C0__low,train
006713,4,0,0,4,1,5,True,False,False,V1_P0_C0,medium,V1_P0_C0__medium,train
006714,4,0,0,4,2,6,True,False,False,V1_P0_C0,medium,V1_P0_C0__medium,train
006715,2,0,0,2,5,7,True,False,False,V1_P0_C0,low,V1_P0_C0__low,train
006716,2,0,0,2,1,3,True,False,False,V1_P0_C0,low,V1_P0_C0__low,train
006717,4,0,1,5,0,5,True,False,True,V1_P0_C1,medium,V1_P0_C1__medium,train
006718,8,0,0,8,1,9,True,False,False,V1_P0_C0,high,V1_P0_C0__high,train
006719,3,0,0,3,0,3,True,False,False,V1_P0_C0,low,V1_P0_C0__low,val
006720,3,0,0,3,2,5,True,False,False,V1_P0_C0,low,V1_P0_C0__low,val
006721,14,0,0,14,0,14,True,False,False,V1_P0_C0,high,V1_P0_C0__high,val
006722,0,1,0,1,0,1,False,True,False,V0_P1_C0,low,V0_P1_C0__low,train
006723,5,0,0,5,0,5,True,False,False,V1_P0_C0,medium,V1_P0_C0__medium,train
006724,4,0,0,4,1,5,True,False,False,V1_P0_C0,medium,V1_P0_C0__medium,train
006725,7,0,0,7,2,9,True,False,False,V1_P0_C0,high,V1_P0_C0__high,train
006726,7,0,0,7,1,8,True,False,False,V1_P0_C0,high,V1_P0_C0__high,train
006727,2,0,0,2,1,3,True,False,False,V1_P0_C0,low,V1_P0_C0__low,train
006728,6,4,0,10,0,10,True,True,False,V1_P1_C0,high,V1_P1_C0__high,val
006729,3,0,0,3,1,4,True,False,False,V1_P0_C0,low,V1_P0_C0__low,train
006730,1,0,0,1,1,2,True,False,False,V1_P0_C0,low,V1_P0_C0__low,train
006731,8,0,0,8,1,9,True,False,False,V1_P0_C0,high,V1_P0_C0__high,train
006732,1,0,0,1,0,1,True,False,False,V1_P0_C0,low,V1_P0_C0__low,train
006733,11,0,0,11,6,17,True,False,False,V1_P0_C0,high,V1_P0_C0__high,train
006734,3,0,3,6,3,9,True,False,True,V1_P0_C1,medium,V1_P0_C1__medium,train
006735,4,0,0,4,1,5,True,False,False,V1_P0_C0,medium,V1_P0_C0__medium,train
006736,6,0,0,6,1,7,True,False,False,V1_P0_C0,medium,V1_P0_C0__medium,train
006737,3,0,1,4,1,5,True,False,True,V1_P0_C1,medium,V1_P0_C1__medium,train
006738,4,0,0,4,2,6,True,False,False,V1_P0_C0,medium,V1_P0_C0__medium,train
006739,2,0,0,2,0,2,True,False,False,V1_P0_C0,low,V1_P0_C0__low,train
006740,3,0,0,3,0,3,True,False,False,V1_P0_C0,low,V1_P0_C0__low,train
006741,2,0,1,3,2,5,True,False,True,V1_P0_C1,low,V1_P0_C1__low,train
006742,3,0,0,3,1,4,True,False,False,V1_P0_C0,low,V1_P0_C0__low,train
006743,6,0,0,6,0,6,True,False,False,V1_P0_C0,medium,V1_P0_C0__medium,train
006744,2,2,0,4,2,6,True,True,False,V1_P1_C0,medium,V1_P1_C0__medium,val
006745,2,2,1,5,1,6,True,True,True,V1_P1_C1,medium,V1_P1_C1__medium,train
006746,8,0,0,8,0,8,True,False,False,V1_P0_C0,high,V1_P0_C0__high,val
006747,3,0,0,3,1,4,True,False,False,V1_P0_C0,low,V1_P0_C0__low,train
006748,2,0,0,2,0,2,True,False,False,V1_P0_C0,low,V1_P0_C0__low,train
006749,1,8,2,11,1,12,True,True,True,V1_P1_C1,high,V1_P1_C1__high,train
006750,3,0,1,4,0,4,True,False,True,V1_P0_C1,medium,V1_P0_C1__medium,train
006751,5,0,0,5,3,8,True,False,False,V1_P0_C0,medium,V1_P0_C0__medium,val
006752,7,3,0,10,1,11,True,True,False,V1_P1_C0,high,V1_P1_C0__high,train
006753,7,0,0,7,2,9,True,False,False,V1_P0_C0,high,V1_P0_C0__high,train
006754,7,0,0,7,3,10,True,False,False,V1_P0_C0,high,V1_P0_C0__high,train
006755,6,0,0,6,2,8,True,False,False,V1_P0_C0,medium,V1_P0_C0__medium,train
006756,6,0,0,6,2,8,True,False,False,V1_P0_C0,medium,V1_P0_C0__medium,val
006757,6,0,0,6,1,7,True,False,False,V1_P0_C0,medium,V1_P0_C0__medium,train
006758,5,0,0,5,0,5,True,False,False,V1_P0_C0,medium,V1_P0_C0__medium,train
006759,1,0,0,1,3,4,True,False,False,V1_P0_C0,low,V1_P0_C0__low,train
006760,1,0,1,2,2,4,True,False,True,V1_P0_C1,low,V1_P0_C1__low,train
006761,3,3,2,8,2,10,True,True,True,V1_P1_C1,high,V1_P1_C1__high,train
006762,3,1,0,4,1,5,True,True,False,V1_P1_C0,medium,V1_P1_C0__medium,train
006763,2,0,0,2,0,2,True,False,False,V1_P0_C0,low,V1_P0_C0__low,train
006764,6,0,0,6,2,8,True,False,False,V1_P0_C0,medium,V1_P0_C0__medium,train
006765,8,3,0,11,1,12,True,True,False,V1_P1_C0,high,V1_P1_C0__high,train
006766,7,1,0,8,3,11,True,True,False,V1_P1_C0,high,V1_P1_C0__high,train
006767,3,0,0,3,1,4,True,False,False,V1_P0_C0,low,V1_P0_C0__low,train
006768,2,6,0,8,4,12,True,True,False,V1_P1_C0,high,V1_P1_C0__high,val
006769,7,0,0,7,4,11,True,False,False,V1_P0_C0,high,V1_P0_C0__high,val
006770,6,0,0,6,5,11,True,False,False,V1_P0_C0,medium,V1_P0_C0__medium,train
006771,2,0,2,4,2,6,True,False,True,V1_P0_C1,medium,V1_P0_C1__medium,train
006772,6,0,0,6,2,8,True,False,False,V1_P0_C0,medium,V1_P0_C0__medium,train
006773,3,0,0,3,1,4,True,False,False,V1_P0_C0,low,V1_P0_C0__low,val
006774,2,0,0,2,1,3,True,False,False,V1_P0_C0,low,V1_P0_C0__low,train
006775,7,0,0,7,3,10,True,False,False,V1_P0_C0,high,V1_P0_C0__high,val
006776,1,0,1,2,0,2,True,False,True,V1_P0_C1,low,V1_P0_C1__low,train
006777,1,1,0,2,4,6,True,True,False,V1_P1_C0,low,V1_P1_C0__low,val
006778,4,0,1,5,1,6,True,False,True,V1_P0_C1,medium,V1_P0_C1__medium,train
006779,10,1,0,11,0,11,True,True,False,V1_P1_C0,high,V1_P1_C0__high,train
006780,13,0,0,13,1,14,True,False,False,V1_P0_C0,high,V1_P0_C0__high,val
006781,8,0,0,8,0,8,True,False,False,V1_P0_C0,high,V1_P0_C0__high,train
006782,5,0,0,5,2,7,True,False,False,V1_P0_C0,medium,V1_P0_C0__medium,train
006783,15,0,1,16,1,17,True,False,True,V1_P0_C1,high,V1_P0_C1__high,train
006784,1,0,0,1,1,2,True,False,False,V1_P0_C0,low,V1_P0_C0__low,train
006785,2,3,2,7,1,8,True,True,True,V1_P1_C1,high,V1_P1_C1__high,train
006786,1,0,0,1,4,5,True,False,False,V1_P0_C0,low,V1_P0_C0__low,train
006787,6,0,0,6,1,7,True,False,False,V1_P0_C0,medium,V1_P0_C0__medium,val
006788,7,0,0,7,4,11,True,False,False,V1_P0_C0,high,V1_P0_C0__high,train
006789,8,0,0,8,2,10,True,False,False,V1_P0_C0,high,V1_P0_C0__high,train
006790,1,0,0,1,0,1,True,False,False,V1_P0_C0,low,V1_P0_C0__low,train
006791,6,0,0,6,5,11,True,False,False,V1_P0_C0,medium,V1_P0_C0__medium,val
006792,2,0,0,2,2,4,True,False,False,V1_P0_C0,low,V1_P0_C0__low,val
006793,2,0,0,2,4,6,True,False,False,V1_P0_C0,low,V1_P0_C0__low,val
006794,1,0,0,1,3,4,True,False,False,V1_P0_C0,low,V1_P0_C0__low,train
006795,0,1,0,1,0,1,False,True,False,V0_P1_C0,low,V0_P1_C0__low,train
006796,4,0,0,4,1,5,True,False,False,V1_P0_C0,medium,V1_P0_C0__medium,train
006797,1,0,0,1,1,2,True,False,False,V1_P0_C0,low,V1_P0_C0__low,train
006798,9,1,0,10,1,11,True,True,False,V1_P1_C0,high,V1_P1_C0__high,train
006799,0,1,0,1,0,1,False,True,False,V0_P1_C0,low,V0_P1_C0__low,train
006800,2,5,0,7,3,10,True,True,False,V1_P1_C0,high,V1_P1_C0__high,train
006801,4,12,1,17,1,18,True,True,True,V1_P1_C1,high,V1_P1_C1__high,train
006802,2,0,1,3,0,3,True,False,True,V1_P0_C1,low,V1_P0_C1__low,train
006803,2,0,0,2,2,4,True,False,False,V1_P0_C0,low,V1_P0_C0__low,train
006804,0,1,0,1,0,1,False,True,False,V0_P1_C0,low,V0_P1_C0__low,train
006805,9,0,0,9,2,11,True,False,False,V1_P0_C0,high,V1_P0_C0__high,train
006806,3,0,0,3,2,5,True,False,False,V1_P0_C0,low,V1_P0_C0__low,train
006807,0,1,0,1,0,1,False,True,False,V0_P1_C0,low,V0_P1_C0__low,train
006808,4,0,0,4,2,6,True,False,False,V1_P0_C0,medium,V1_P0_C0__medium,train
006809,1,1,0,2,0,2,True,True,False,V1_P1_C0,low,V1_P1_C0__low,train
006810,8,1,0,9,0,9,True,True,False,V1_P1_C0,high,V1_P1_C0__high,val
006811,3,0,0,3,3,6,True,False,False,V1_P0_C0,low,V1_P0_C0__low,train
006812,3,0,0,3,1,4,True,False,False,V1_P0_C0,low,V1_P0_C0__low,train
006813,2,7,4,13,2,15,True,True,True,V1_P1_C1,high,V1_P1_C1__high,train
006814,9,2,0,11,0,11,True,True,False,V1_P1_C0,high,V1_P1_C0__high,train
006815,2,0,0,2,1,3,True,False,False,V1_P0_C0,low,V1_P0_C0__low,train
006816,1,0,0,1,1,2,True,False,False,V1_P0_C0,low,V1_P0_C0__low,train
006817,7,0,0,7,1,8,True,False,False,V1_P0_C0,high,V1_P0_C0__high,train
006818,2,2,0,4,1,5,True,True,False,V1_P1_C0,medium,V1_P1_C0__medium,val
006819,1,0,1,2,0,2,True,False,True,V1_P0_C1,low,V1_P0_C1__low,train
006820,11,0,0,11,0,11,True,False,False,V1_P0_C0,high,V1_P0_C0__high,val
006821,2,0,0,2,0,2,True,False,False,V1_P0_C0,low,V1_P0_C0__low,train
006822,6,1,0,7,1,8,True,True,False,V1_P1_C0,high,V1_P1_C0__high,train
006823,3,0,0,3,1,4,True,False,False,V1_P0_C0,low,V1_P0_C0__low,train
006824,5,0,0,5,1,6,True,False,False,V1_P0_C0,medium,V1_P0_C0__medium,train
006825,0,3,0,3,4,7,False,True,False,V0_P1_C0,low,V0_P1_C0__low,val
006826,4,0,0,4,2,6,True,False,False,V1_P0_C0,medium,V1_P0_C0__medium,val
006827,1,1,0,2,1,3,True,True,False,V1_P1_C0,low,V1_P1_C0__low,train
006828,0,6,2,8,2,10,False,True,True,V0_P1_C1,high,V0_P1_C1__high,train
006829,4,0,0,4,1,5,True,False,False,V1_P0_C0,medium,V1_P0_C0__medium,train
006830,0,1,0,1,0,1,False,True,False,V0_P1_C0,low,V0_P1_C0__low,val
006831,7,0,0,7,1,8,True,False,False,V1_P0_C0,high,V1_P0_C0__high,train
006832,0,5,0,5,4,9,False,True,False,V0_P1_C0,medium,V0_P1_C0__medium,train
006833,19,0,1,20,1,21,True,False,True,V1_P0_C1,high,V1_P0_C1__high,val
006834,7,0,0,7,1,8,True,False,False,V1_P0_C0,high,V1_P0_C0__high,train
006835,2,3,1,6,1,7,True,True,True,V1_P1_C1,medium,V1_P1_C1__medium,train
006836,4,0,0,4,2,6,True,False,False,V1_P0_C0,medium,V1_P0_C0__medium,train
006837,3,0,2,5,1,6,True,False,True,V1_P0_C1,medium,V1_P0_C1__medium,train
006838,6,0,1,7,0,7,True,False,True,V1_P0_C1,high,V1_P0_C1__high,train
006839,2,0,0,2,0,2,True,False,False,V1_P0_C0,low,V1_P0_C0__low,train
006840,4,0,0,4,2,6,True,False,False,V1_P0_C0,medium,V1_P0_C0__medium,train
006841,3,0,0,3,2,5,True,False,False,V1_P0_C0,low,V1_P0_C0__low,val
006842,9,1,1,11,2,13,True,True,True,V1_P1_C1,high,V1_P1_C1__high,val
006843,7,0,2,9,1,10,True,False,True,V1_P0_C1,high,V1_P0_C1__high,val
006844,9,0,0,9,3,12,True,False,False,V1_P0_C0,high,V1_P0_C0__high,train
006845,10,0,0,10,2,12,True,False,False,V1_P0_C0,high,V1_P0_C0__high,val
006846,7,0,0,7,0,7,True,False,False,V1_P0_C0,high,V1_P0_C0__high,val
006847,0,6,0,6,2,8,False,True,False,V0_P1_C0,medium,V0_P1_C0__medium,train
006848,4,0,0,4,1,5,True,False,False,V1_P0_C0,medium,V1_P0_C0__medium,train
006849,3,0,1,4,2,6,True,False,True,V1_P0_C1,medium,V1_P0_C1__medium,val
006850,2,0,0,2,0,2,True,False,False,V1_P0_C0,low,V1_P0_C0__low,train
006851,4,0,0,4,0,4,True,False,False,V1_P0_C0,medium,V1_P0_C0__medium,train
006852,3,0,0,3,0,3,True,False,False,V1_P0_C0,low,V1_P0_C0__low,train
006853,8,0,0,8,1,9,True,False,False,V1_P0_C0,high,V1_P0_C0__high,train
006854,5,0,0,5,1,6,True,False,False,V1_P0_C0,medium,V1_P0_C0__medium,train
006855,3,0,0,3,1,4,True,False,False,V1_P0_C0,low,V1_P0_C0__low,train
006856,5,0,0,5,1,6,True,False,False,V1_P0_C0,medium,V1_P0_C0__medium,train
006857,5,0,0,5,3,8,True,False,False,V1_P0_C0,medium,V1_P0_C0__medium,train
006858,5,0,0,5,0,5,True,False,False,V1_P0_C0,medium,V1_P0_C0__medium,train
006859,7,1,1,9,2,11,True,True,True,V1_P1_C1,high,V1_P1_C1__high,val
006860,1,0,0,1,2,3,True,False,False,V1_P0_C0,low,V1_P0_C0__low,train
006861,0,1,0,1,0,1,False,True,False,V0_P1_C0,low,V0_P1_C0__low,train
006862,9,0,0,9,1,10,True,False,False,V1_P0_C0,high,V1_P0_C0__high,train
006863,5,0,0,5,3,8,True,False,False,V1_P0_C0,medium,V1_P0_C0__medium,train
006864,10,0,0,10,3,13,True,False,False,V1_P0_C0,high,V1_P0_C0__high,val
006865,1,0,0,1,0,1,True,False,False,V1_P0_C0,low,V1_P0_C0__low,train
006866,6,0,0,6,2,8,True,False,False,V1_P0_C0,medium,V1_P0_C0__medium,train
006867,7,0,0,7,2,9,True,False,False,V1_P0_C0,high,V1_P0_C0__high,train
006868,6,0,0,6,2,8,True,False,False,V1_P0_C0,medium,V1_P0_C0__medium,train
006869,4,0,0,4,0,4,True,False,False,V1_P0_C0,medium,V1_P0_C0__medium,train
006870,8,0,0,8,3,11,True,False,False,V1_P0_C0,high,V1_P0_C0__high,val
006871,5,0,0,5,4,9,True,False,False,V1_P0_C0,medium,V1_P0_C0__medium,train
006872,1,6,0,7,2,9,True,True,False,V1_P1_C0,high,V1_P1_C0__high,train
006873,0,1,0,1,0,1,False,True,False,V0_P1_C0,low,V0_P1_C0__low,train
006874,3,0,0,3,1,4,True,False,False,V1_P0_C0,low,V1_P0_C0__low,train
006875,2,0,0,2,0,2,True,False,False,V1_P0_C0,low,V1_P0_C0__low,train
006876,3,0,0,3,5,8,True,False,False,V1_P0_C0,low,V1_P0_C0__low,train
006877,6,0,0,6,1,7,True,False,False,V1_P0_C0,medium,V1_P0_C0__medium,train
006878,0,4,1,5,3,8,False,True,True,V0_P1_C1,medium,V0_P1_C1__medium,train
006879,8,0,1,9,1,10,True,False,True,V1_P0_C1,high,V1_P0_C1__high,train
006880,2,0,0,2,0,2,True,False,False,V1_P0_C0,low,V1_P0_C0__low,train
006881,4,2,0,6,0,6,True,True,False,V1_P1_C0,medium,V1_P1_C0__medium,train
006882,4,0,1,5,1,6,True,False,True,V1_P0_C1,medium,V1_P0_C1__medium,train
006883,3,0,0,3,2,5,True,False,False,V1_P0_C0,low,V1_P0_C0__low,val
006884,1,0,0,1,4,5,True,False,False,V1_P0_C0,low,V1_P0_C0__low,val
006885,7,0,0,7,2,9,True,False,False,V1_P0_C0,high,V1_P0_C0__high,train
006886,8,1,1,10,2,12,True,True,True,V1_P1_C1,high,V1_P1_C1__high,train
006887,3,0,1,4,2,6,True,False,True,V1_P0_C1,medium,V1_P0_C1__medium,train
006888,2,0,0,2,4,6,True,False,False,V1_P0_C0,low,V1_P0_C0__low,train
006889,9,0,0,9,0,9,True,False,False,V1_P0_C0,high,V1_P0_C0__high,train
006890,2,0,0,2,0,2,True,False,False,V1_P0_C0,low,V1_P0_C0__low,train
006891,3,0,0,3,2,5,True,False,False,V1_P0_C0,low,V1_P0_C0__low,train
006892,0,1,0,1,0,1,False,True,False,V0_P1_C0,low,V0_P1_C0__low,train
006893,1,0,0,1,4,5,True,False,False,V1_P0_C0,low,V1_P0_C0__low,val
006894,0,9,2,11,2,13,False,True,True,V0_P1_C1,high,V0_P1_C1__high,train
006895,5,0,0,5,2,7,True,False,False,V1_P0_C0,medium,V1_P0_C0__medium,val
006896,2,0,0,2,2,4,True,False,False,V1_P0_C0,low,V1_P0_C0__low,train
006897,9,0,0,9,2,11,True,False,False,V1_P0_C0,high,V1_P0_C0__high,train
006898,1,0,0,1,0,1,True,False,False,V1_P0_C0,low,V1_P0_C0__low,train
006899,3,0,0,3,2,5,True,False,False,V1_P0_C0,low,V1_P0_C0__low,train
006900,1,0,0,1,2,3,True,False,False,V1_P0_C0,low,V1_P0_C0__low,train
006901,1,0,0,1,1,2,True,False,False,V1_P0_C0,low,V1_P0_C0__low,val
006902,11,0,0,11,1,12,True,False,False,V1_P0_C0,high,V1_P0_C0__high,train
006903,0,1,0,1,0,1,False,True,False,V0_P1_C0,low,V0_P1_C0__low,val
006904,10,1,0,11,1,12,True,True,False,V1_P1_C0,high,V1_P1_C0__high,train
006905,2,0,0,2,0,2,True,False,False,V1_P0_C0,low,V1_P0_C0__low,train
006906,3,0,0,3,1,4,True,False,False,V1_P0_C0,low,V1_P0_C0__low,train
006907,5,0,0,5,2,7,True,False,False,V1_P0_C0,medium,V1_P0_C0__medium,train
006908,1,7,1,9,1,10,True,True,True,V1_P1_C1,high,V1_P1_C1__high,val
006909,5,0,0,5,1,6,True,False,False,V1_P0_C0,medium,V1_P0_C0__medium,val
006910,7,2,0,9,2,11,True,True,False,V1_P1_C0,high,V1_P1_C0__high,train
006911,7,1,0,8,3,11,True,True,False,V1_P1_C0,high,V1_P1_C0__high,val
006912,2,0,1,3,3,6,True,False,True,V1_P0_C1,low,V1_P0_C1__low,train
006913,4,0,0,4,3,7,True,False,False,V1_P0_C0,medium,V1_P0_C0__medium,val
006914,4,0,0,4,0,4,True,False,False,V1_P0_C0,medium,V1_P0_C0__medium,train
006915,3,0,0,3,0,3,True,False,False,V1_P0_C0,low,V1_P0_C0__low,train
006916,2,1,1,4,0,4,True,True,True,V1_P1_C1,medium,V1_P1_C1__medium,train
006917,5,0,0,5,2,7,True,False,False,V1_P0_C0,medium,V1_P0_C0__medium,val
006918,1,0,0,1,2,3,True,False,False,V1_P0_C0,low,V1_P0_C0__low,train
006919,2,0,3,5,4,9,True,False,True,V1_P0_C1,medium,V1_P0_C1__medium,train
006920,6,0,0,6,2,8,True,False,False,V1_P0_C0,medium,V1_P0_C0__medium,train
006921,2,0,0,2,1,3,True,False,False,V1_P0_C0,low,V1_P0_C0__low,train
006922,10,0,0,10,2,12,True,False,False,V1_P0_C0,high,V1_P0_C0__high,train
006923,5,0,1,6,0,6,True,False,True,V1_P0_C1,medium,V1_P0_C1__medium,train
006924,1,0,0,1,2,3,True,False,False,V1_P0_C0,low,V1_P0_C0__low,train
006925,1,8,0,9,2,11,True,True,False,V1_P1_C0,high,V1_P1_C0__high,train
006926,13,2,0,15,2,17,True,True,False,V1_P1_C0,high,V1_P1_C0__high,train
006927,7,0,0,7,3,10,True,False,False,V1_P0_C0,high,V1_P0_C0__high,val
006928,9,0,0,9,0,9,True,False,False,V1_P0_C0,high,V1_P0_C0__high,train
006929,10,1,0,11,1,12,True,True,False,V1_P1_C0,high,V1_P1_C0__high,train
006930,2,0,0,2,0,2,True,False,False,V1_P0_C0,low,V1_P0_C0__low,train
006931,1,0,0,1,0,1,True,False,False,V1_P0_C0,low,V1_P0_C0__low,val
006932,15,1,0,16,1,17,True,True,False,V1_P1_C0,high,V1_P1_C0__high,val
006933,3,0,0,3,1,4,True,False,False,V1_P0_C0,low,V1_P0_C0__low,train
006934,1,0,0,1,1,2,True,False,False,V1_P0_C0,low,V1_P0_C0__low,val
006935,0,3,0,3,0,3,False,True,False,V0_P1_C0,low,V0_P1_C0__low,train
006936,6,0,0,6,2,8,True,False,False,V1_P0_C0,medium,V1_P0_C0__medium,train
006937,2,8,0,10,3,13,True,True,False,V1_P1_C0,high,V1_P1_C0__high,train
006938,2,0,0,2,1,3,True,False,False,V1_P0_C0,low,V1_P0_C0__low,train
006939,5,0,0,5,1,6,True,False,False,V1_P0_C0,medium,V1_P0_C0__medium,val
006940,3,0,0,3,0,3,True,False,False,V1_P0_C0,low,V1_P0_C0__low,train
006941,0,1,0,1,0,1,False,True,False,V0_P1_C0,low,V0_P1_C0__low,train
006942,12,0,1,13,2,15,True,False,True,V1_P0_C1,high,V1_P0_C1__high,train
006943,8,0,0,8,0,8,True,False,False,V1_P0_C0,high,V1_P0_C0__high,train
006944,6,0,0,6,4,10,True,False,False,V1_P0_C0,medium,V1_P0_C0__medium,train
006945,6,0,0,6,1,7,True,False,False,V1_P0_C0,medium,V1_P0_C0__medium,train
006946,2,0,0,2,5,7,True,False,False,V1_P0_C0,low,V1_P0_C0__low,val
006947,1,0,0,1,2,3,True,False,False,V1_P0_C0,low,V1_P0_C0__low,train
006948,8,0,0,8,7,15,True,False,False,V1_P0_C0,high,V1_P0_C0__high,val
006949,2,0,0,2,1,3,True,False,False,V1_P0_C0,low,V1_P0_C0__low,train
006950,7,0,0,7,5,12,True,False,False,V1_P0_C0,high,V1_P0_C0__high,train
006951,0,1,0,1,0,1,False,True,False,V0_P1_C0,low,V0_P1_C0__low,val
006952,13,1,0,14,1,15,True,True,False,V1_P1_C0,high,V1_P1_C0__high,train
006953,8,0,0,8,3,11,True,False,False,V1_P0_C0,high,V1_P0_C0__high,train
006954,4,0,0,4,4,8,True,False,False,V1_P0_C0,medium,V1_P0_C0__medium,train
006955,0,1,0,1,0,1,False,True,False,V0_P1_C0,low,V0_P1_C0__low,train
006956,5,0,0,5,3,8,True,False,False,V1_P0_C0,medium,V1_P0_C0__medium,train
006957,3,4,0,7,2,9,True,True,False,V1_P1_C0,high,V1_P1_C0__high,train
006958,6,0,0,6,6,12,True,False,False,V1_P0_C0,medium,V1_P0_C0__medium,train
006959,4,0,0,4,1,5,True,False,False,V1_P0_C0,medium,V1_P0_C0__medium,train
006960,8,0,0,8,5,13,True,False,False,V1_P0_C0,high,V1_P0_C0__high,train
006961,6,0,0,6,2,8,True,False,False,V1_P0_C0,medium,V1_P0_C0__medium,train
006962,2,0,2,4,2,6,True,False,True,V1_P0_C1,medium,V1_P0_C1__medium,val
006963,6,0,0,6,1,7,True,False,False,V1_P0_C0,medium,V1_P0_C0__medium,train
006964,4,0,0,4,2,6,True,False,False,V1_P0_C0,medium,V1_P0_C0__medium,train
006965,2,0,0,2,0,2,True,False,False,V1_P0_C0,low,V1_P0_C0__low,train
006966,2,0,0,2,1,3,True,False,False,V1_P0_C0,low,V1_P0_C0__low,train
006967,6,0,0,6,4,10,True,False,False,V1_P0_C0,medium,V1_P0_C0__medium,train
006968,7,1,0,8,1,9,True,True,False,V1_P1_C0,high,V1_P1_C0__high,train
006969,0,3,0,3,4,7,False,True,False,V0_P1_C0,low,V0_P1_C0__low,train
006970,7,0,0,7,1,8,True,False,False,V1_P0_C0,high,V1_P0_C0__high,train
006971,0,2,2,4,5,9,False,True,True,V0_P1_C1,medium,V0_P1_C1__medium,train
006972,5,0,0,5,0,5,True,False,False,V1_P0_C0,medium,V1_P0_C0__medium,train
006973,5,0,0,5,3,8,True,False,False,V1_P0_C0,medium,V1_P0_C0__medium,train
006974,2,0,0,2,1,3,True,False,False,V1_P0_C0,low,V1_P0_C0__low,train
006975,3,0,0,3,4,7,True,False,False,V1_P0_C0,low,V1_P0_C0__low,train
006976,1,0,0,1,3,4,True,False,False,V1_P0_C0,low,V1_P0_C0__low,train
006977,2,0,0,2,0,2,True,False,False,V1_P0_C0,low,V1_P0_C0__low,train
006978,5,0,0,5,2,7,True,False,False,V1_P0_C0,medium,V1_P0_C0__medium,train
006979,7,0,0,7,1,8,True,False,False,V1_P0_C0,high,V1_P0_C0__high,train
006980,0,13,1,14,2,16,False,True,True,V0_P1_C1,high,V0_P1_C1__high,train
006981,1,0,0,1,1,2,True,False,False,V1_P0_C0,low,V1_P0_C0__low,train
006982,6,0,0,6,1,7,True,False,False,V1_P0_C0,medium,V1_P0_C0__medium,train
006983,5,0,0,5,4,9,True,False,False,V1_P0_C0,medium,V1_P0_C0__medium,train
006984,6,0,0,6,2,8,True,False,False,V1_P0_C0,medium,V1_P0_C0__medium,train
006985,6,1,0,7,2,9,True,True,False,V1_P1_C0,high,V1_P1_C0__high,train
006986,1,0,0,1,2,3,True,False,False,V1_P0_C0,low,V1_P0_C0__low,train
006987,6,0,0,6,2,8,True,False,False,V1_P0_C0,medium,V1_P0_C0__medium,train
006988,2,0,0,2,0,2,True,False,False,V1_P0_C0,low,V1_P0_C0__low,train
006989,5,0,0,5,2,7,True,False,False,V1_P0_C0,medium,V1_P0_C0__medium,train
006990,7,0,0,7,0,7,True,False,False,V1_P0_C0,high,V1_P0_C0__high,val
006991,6,0,0,6,1,7,True,False,False,V1_P0_C0,medium,V1_P0_C0__medium,train
006992,13,0,0,13,1,14,True,False,False,V1_P0_C0,high,V1_P0_C0__high,val
006993,7,0,0,7,1,8,True,False,False,V1_P0_C0,high,V1_P0_C0__high,train
006994,1,3,0,4,1,5,True,True,False,V1_P1_C0,medium,V1_P1_C0__medium,train
006995,6,0,0,6,1,7,True,False,False,V1_P0_C0,medium,V1_P0_C0__medium,train
006996,5,0,0,5,0,5,True,False,False,V1_P0_C0,medium,V1_P0_C0__medium,val
006997,3,1,1,5,4,9,True,True,True,V1_P1_C1,medium,V1_P1_C1__medium,train
006998,5,0,0,5,1,6,True,False,False,V1_P0_C0,medium,V1_P0_C0__medium,train
006999,2,0,0,2,2,4,True,False,False,V1_P0_C0,low,V1_P0_C0__low,train
007000,7,0,2,9,2,11,True,False,True,V1_P0_C1,high,V1_P0_C1__high,train
007001,4,0,0,4,2,6,True,False,False,V1_P0_C0,medium,V1_P0_C0__medium,train
007002,3,0,0,3,0,3,True,False,False,V1_P0_C0,low,V1_P0_C0__low,train
007003,9,0,0,9,1,10,True,False,False,V1_P0_C0,high,V1_P0_C0__high,val
007004,4,2,0,6,1,7,True,True,False,V1_P1_C0,medium,V1_P1_C0__medium,val
007005,9,0,0,9,0,9,True,False,False,V1_P0_C0,high,V1_P0_C0__high,train
007006,2,0,1,3,2,5,True,False,True,V1_P0_C1,low,V1_P0_C1__low,train
007007,7,0,0,7,2,9,True,False,False,V1_P0_C0,high,V1_P0_C0__high,train
007008,3,0,0,3,1,4,True,False,False,V1_P0_C0,low,V1_P0_C0__low,train
007009,1,0,0,1,1,2,True,False,False,V1_P0_C0,low,V1_P0_C0__low,train
007010,4,0,0,4,1,5,True,False,False,V1_P0_C0,medium,V1_P0_C0__medium,train
007011,10,0,0,10,1,11,True,False,False,V1_P0_C0,high,V1_P0_C0__high,train
007012,5,0,0,5,3,8,True,False,False,V1_P0_C0,medium,V1_P0_C0__medium,train
007013,6,0,0,6,8,14,True,False,False,V1_P0_C0,medium,V1_P0_C0__medium,train
007014,9,0,0,9,5,14,True,False,False,V1_P0_C0,high,V1_P0_C0__high,val
007015,10,0,0,10,3,13,True,False,False,V1_P0_C0,high,V1_P0_C0__high,train
007016,3,2,2,7,4,11,True,True,True,V1_P1_C1,high,V1_P1_C1__high,train
007017,0,1,0,1,0,1,False,True,False,V0_P1_C0,low,V0_P1_C0__low,train
007018,0,4,2,6,3,9,False,True,True,V0_P1_C1,medium,V0_P1_C1__medium,train
007019,8,0,0,8,3,11,True,False,False,V1_P0_C0,high,V1_P0_C0__high,train
007020,4,0,0,4,4,8,True,False,False,V1_P0_C0,medium,V1_P0_C0__medium,val
007021,4,0,3,7,3,10,True,False,True,V1_P0_C1,high,V1_P0_C1__high,val
007022,6,0,0,6,1,7,True,False,False,V1_P0_C0,medium,V1_P0_C0__medium,train
007023,0,1,0,1,0,1,False,True,False,V0_P1_C0,low,V0_P1_C0__low,train
007024,2,0,0,2,0,2,True,False,False,V1_P0_C0,low,V1_P0_C0__low,val
007025,2,0,0,2,1,3,True,False,False,V1_P0_C0,low,V1_P0_C0__low,val
007026,9,0,0,9,3,12,True,False,False,V1_P0_C0,high,V1_P0_C0__high,val
007027,6,0,0,6,1,7,True,False,False,V1_P0_C0,medium,V1_P0_C0__medium,train
007028,5,0,0,5,2,7,True,False,False,V1_P0_C0,medium,V1_P0_C0__medium,train
007029,6,0,0,6,1,7,True,False,False,V1_P0_C0,medium,V1_P0_C0__medium,train
007030,2,0,0,2,1,3,True,False,False,V1_P0_C0,low,V1_P0_C0__low,train
007031,9,0,0,9,3,12,True,False,False,V1_P0_C0,high,V1_P0_C0__high,train
007032,5,0,0,5,2,7,True,False,False,V1_P0_C0,medium,V1_P0_C0__medium,train
007033,5,0,1,6,2,8,True,False,True,V1_P0_C1,medium,V1_P0_C1__medium,train
007034,4,1,0,5,0,5,True,True,False,V1_P1_C0,medium,V1_P1_C0__medium,val
007035,6,0,0,6,5,11,True,False,False,V1_P0_C0,medium,V1_P0_C0__medium,train
007036,0,1,0,1,0,1,False,True,False,V0_P1_C0,low,V0_P1_C0__low,train
007037,3,0,0,3,0,3,True,False,False,V1_P0_C0,low,V1_P0_C0__low,train
007038,4,0,0,4,0,4,True,False,False,V1_P0_C0,medium,V1_P0_C0__medium,train
007039,6,0,0,6,4,10,True,False,False,V1_P0_C0,medium,V1_P0_C0__medium,train
007040,1,0,0,1,0,1,True,False,False,V1_P0_C0,low,V1_P0_C0__low,train
007041,6,0,0,6,2,8,True,False,False,V1_P0_C0,medium,V1_P0_C0__medium,train
007042,6,0,0,6,4,10,True,False,False,V1_P0_C0,medium,V1_P0_C0__medium,train
007043,6,0,0,6,2,8,True,False,False,V1_P0_C0,medium,V1_P0_C0__medium,train
007044,4,0,0,4,1,5,True,False,False,V1_P0_C0,medium,V1_P0_C0__medium,val
007045,4,0,3,7,4,11,True,False,True,V1_P0_C1,high,V1_P0_C1__high,train
007046,13,1,0,14,1,15,True,True,False,V1_P1_C0,high,V1_P1_C0__high,train
007047,10,0,0,10,1,11,True,False,False,V1_P0_C0,high,V1_P0_C0__high,train
007048,2,0,0,2,1,3,True,False,False,V1_P0_C0,low,V1_P0_C0__low,train
007049,1,0,1,2,2,4,True,False,True,V1_P0_C1,low,V1_P0_C1__low,train
007050,7,0,0,7,2,9,True,False,False,V1_P0_C0,high,V1_P0_C0__high,train
007051,6,0,0,6,4,10,True,False,False,V1_P0_C0,medium,V1_P0_C0__medium,train
007052,6,1,0,7,3,10,True,True,False,V1_P1_C0,high,V1_P1_C0__high,train
007053,5,0,2,7,1,8,True,False,True,V1_P0_C1,high,V1_P0_C1__high,train
007054,1,0,0,1,3,4,True,False,False,V1_P0_C0,low,V1_P0_C0__low,train
007055,3,0,0,3,2,5,True,False,False,V1_P0_C0,low,V1_P0_C0__low,train
007056,6,1,0,7,3,10,True,True,False,V1_P1_C0,high,V1_P1_C0__high,val
007057,3,0,0,3,1,4,True,False,False,V1_P0_C0,low,V1_P0_C0__low,train
007058,1,0,0,1,4,5,True,False,False,V1_P0_C0,low,V1_P0_C0__low,train
007059,5,0,0,5,1,6,True,False,False,V1_P0_C0,medium,V1_P0_C0__medium,train
007060,5,0,0,5,1,6,True,False,False,V1_P0_C0,medium,V1_P0_C0__medium,train
007061,6,0,0,6,1,7,True,False,False,V1_P0_C0,medium,V1_P0_C0__medium,val
007062,2,0,0,2,2,4,True,False,False,V1_P0_C0,low,V1_P0_C0__low,train
007063,4,0,0,4,1,5,True,False,False,V1_P0_C0,medium,V1_P0_C0__medium,train
007064,6,0,0,6,2,8,True,False,False,V1_P0_C0,medium,V1_P0_C0__medium,train
007065,6,0,0,6,0,6,True,False,False,V1_P0_C0,medium,V1_P0_C0__medium,val
007066,6,0,0,6,5,11,True,False,False,V1_P0_C0,medium,V1_P0_C0__medium,val
007067,8,0,2,10,1,11,True,False,True,V1_P0_C1,high,V1_P0_C1__high,train
007068,4,0,0,4,0,4,True,False,False,V1_P0_C0,medium,V1_P0_C0__medium,train
007069,9,0,0,9,1,10,True,False,False,V1_P0_C0,high,V1_P0_C0__high,val
007070,5,2,1,8,1,9,True,True,True,V1_P1_C1,high,V1_P1_C1__high,train
007071,9,0,0,9,4,13,True,False,False,V1_P0_C0,high,V1_P0_C0__high,train
007072,0,1,0,1,1,2,False,True,False,V0_P1_C0,low,V0_P1_C0__low,train
007073,0,1,0,1,0,1,False,True,False,V0_P1_C0,low,V0_P1_C0__low,train
007074,2,0,0,2,0,2,True,False,False,V1_P0_C0,low,V1_P0_C0__low,train
007075,0,1,0,1,0,1,False,True,False,V0_P1_C0,low,V0_P1_C0__low,val
007076,1,0,0,1,2,3,True,False,False,V1_P0_C0,low,V1_P0_C0__low,val
007077,1,1,0,2,0,2,True,True,False,V1_P1_C0,low,V1_P1_C0__low,train
007078,2,0,0,2,2,4,True,False,False,V1_P0_C0,low,V1_P0_C0__low,val
007079,2,0,0,2,1,3,True,False,False,V1_P0_C0,low,V1_P0_C0__low,train
007080,0,1,0,1,1,2,False,True,False,V0_P1_C0,low,V0_P1_C0__low,val
007081,9,0,0,9,1,10,True,False,False,V1_P0_C0,high,V1_P0_C0__high,train
007082,1,0,0,1,0,1,True,False,False,V1_P0_C0,low,V1_P0_C0__low,val
007083,2,0,0,2,1,3,True,False,False,V1_P0_C0,low,V1_P0_C0__low,train
007084,0,1,0,1,0,1,False,True,False,V0_P1_C0,low,V0_P1_C0__low,val
007085,5,0,0,5,0,5,True,False,False,V1_P0_C0,medium,V1_P0_C0__medium,train
007086,1,0,0,1,0,1,True,False,False,V1_P0_C0,low,V1_P0_C0__low,val
007087,9,0,0,9,1,10,True,False,False,V1_P0_C0,high,V1_P0_C0__high,val
007088,5,0,0,5,1,6,True,False,False,V1_P0_C0,medium,V1_P0_C0__medium,train
007089,3,0,0,3,1,4,True,False,False,V1_P0_C0,low,V1_P0_C0__low,train
007090,1,0,0,1,3,4,True,False,False,V1_P0_C0,low,V1_P0_C0__low,train
007091,6,0,0,6,1,7,True,False,False,V1_P0_C0,medium,V1_P0_C0__medium,train
007092,0,2,0,2,3,5,False,True,False,V0_P1_C0,low,V0_P1_C0__low,train
007093,5,0,0,5,1,6,True,False,False,V1_P0_C0,medium,V1_P0_C0__medium,train
007094,0,8,0,8,0,8,False,True,False,V0_P1_C0,high,V0_P1_C0__high,train
007095,4,0,0,4,2,6,True,False,False,V1_P0_C0,medium,V1_P0_C0__medium,train
007096,6,0,0,6,1,7,True,False,False,V1_P0_C0,medium,V1_P0_C0__medium,val
007097,5,0,0,5,0,5,True,False,False,V1_P0_C0,medium,V1_P0_C0__medium,train
007098,3,0,0,3,3,6,True,False,False,V1_P0_C0,low,V1_P0_C0__low,train
007099,14,1,0,15,1,16,True,True,False,V1_P1_C0,high,V1_P1_C0__high,train
007100,3,0,0,3,3,6,True,False,False,V1_P0_C0,low,V1_P0_C0__low,train
007101,15,0,0,15,2,17,True,False,False,V1_P0_C0,high,V1_P0_C0__high,val
007102,14,0,0,14,1,15,True,False,False,V1_P0_C0,high,V1_P0_C0__high,train
007103,1,0,1,2,3,5,True,False,True,V1_P0_C1,low,V1_P0_C1__low,val
007104,5,0,0,5,1,6,True,False,False,V1_P0_C0,medium,V1_P0_C0__medium,train
007105,2,0,0,2,2,4,True,False,False,V1_P0_C0,low,V1_P0_C0__low,train
007106,2,0,0,2,2,4,True,False,False,V1_P0_C0,low,V1_P0_C0__low,train
007107,12,0,0,12,0,12,True,False,False,V1_P0_C0,high,V1_P0_C0__high,train
007108,5,0,0,5,1,6,True,False,False,V1_P0_C0,medium,V1_P0_C0__medium,train
007109,1,12,0,13,2,15,True,True,False,V1_P1_C0,high,V1_P1_C0__high,train
007110,0,1,0,1,0,1,False,True,False,V0_P1_C0,low,V0_P1_C0__low,train
007111,2,0,0,2,0,2,True,False,False,V1_P0_C0,low,V1_P0_C0__low,train
007112,1,0,0,1,0,1,True,False,False,V1_P0_C0,low,V1_P0_C0__low,train
007113,1,0,0,1,1,2,True,False,False,V1_P0_C0,low,V1_P0_C0__low,train
007114,12,0,0,12,0,12,True,False,False,V1_P0_C0,high,V1_P0_C0__high,train
007115,0,1,0,1,1,2,False,True,False,V0_P1_C0,low,V0_P1_C0__low,val
007116,4,0,0,4,2,6,True,False,False,V1_P0_C0,medium,V1_P0_C0__medium,val
007117,6,0,0,6,2,8,True,False,False,V1_P0_C0,medium,V1_P0_C0__medium,train
007118,0,2,0,2,2,4,False,True,False,V0_P1_C0,low,V0_P1_C0__low,train
007119,4,0,0,4,2,6,True,False,False,V1_P0_C0,medium,V1_P0_C0__medium,train
007120,5,0,0,5,1,6,True,False,False,V1_P0_C0,medium,V1_P0_C0__medium,train
007121,10,1,0,11,0,11,True,True,False,V1_P1_C0,high,V1_P1_C0__high,val
007122,5,1,0,6,1,7,True,True,False,V1_P1_C0,medium,V1_P1_C0__medium,train
007123,6,1,0,7,1,8,True,True,False,V1_P1_C0,high,V1_P1_C0__high,train
007124,7,0,0,7,0,7,True,False,False,V1_P0_C0,high,V1_P0_C0__high,val
007125,2,0,0,2,2,4,True,False,False,V1_P0_C0,low,V1_P0_C0__low,train
007126,0,1,0,1,0,1,False,True,False,V0_P1_C0,low,V0_P1_C0__low,train
007127,1,0,0,1,1,2,True,False,False,V1_P0_C0,low,V1_P0_C0__low,train
007128,6,0,0,6,2,8,True,False,False,V1_P0_C0,medium,V1_P0_C0__medium,val
007129,0,5,2,7,3,10,False,True,True,V0_P1_C1,high,V0_P1_C1__high,val
007130,1,0,1,2,3,5,True,False,True,V1_P0_C1,low,V1_P0_C1__low,val
007131,9,0,0,9,1,10,True,False,False,V1_P0_C0,high,V1_P0_C0__high,val
007132,9,0,1,10,1,11,True,False,True,V1_P0_C1,high,V1_P0_C1__high,train
007133,2,0,0,2,1,3,True,False,False,V1_P0_C0,low,V1_P0_C0__low,train
007134,6,0,0,6,1,7,True,False,False,V1_P0_C0,medium,V1_P0_C0__medium,train
007135,6,1,0,7,0,7,True,True,False,V1_P1_C0,high,V1_P1_C0__high,train
007136,1,7,0,8,2,10,True,True,False,V1_P1_C0,high,V1_P1_C0__high,train
007137,11,0,0,11,0,11,True,False,False,V1_P0_C0,high,V1_P0_C0__high,train
007138,7,0,0,7,1,8,True,False,False,V1_P0_C0,high,V1_P0_C0__high,train
007139,6,0,0,6,0,6,True,False,False,V1_P0_C0,medium,V1_P0_C0__medium,train
007140,5,0,0,5,0,5,True,False,False,V1_P0_C0,medium,V1_P0_C0__medium,train
007141,2,0,0,2,1,3,True,False,False,V1_P0_C0,low,V1_P0_C0__low,train
007142,7,0,0,7,1,8,True,False,False,V1_P0_C0,high,V1_P0_C0__high,train
007143,2,0,0,2,3,5,True,False,False,V1_P0_C0,low,V1_P0_C0__low,train
007144,4,0,0,4,0,4,True,False,False,V1_P0_C0,medium,V1_P0_C0__medium,train
007145,6,0,0,6,2,8,True,False,False,V1_P0_C0,medium,V1_P0_C0__medium,train
007146,3,0,0,3,1,4,True,False,False,V1_P0_C0,low,V1_P0_C0__low,train
007147,3,0,1,4,0,4,True,False,True,V1_P0_C1,medium,V1_P0_C1__medium,train
007148,5,0,0,5,0,5,True,False,False,V1_P0_C0,medium,V1_P0_C0__medium,val
007149,7,1,0,8,1,9,True,True,False,V1_P1_C0,high,V1_P1_C0__high,train
007150,0,1,0,1,0,1,False,True,False,V0_P1_C0,low,V0_P1_C0__low,val
007151,11,0,0,11,0,11,True,False,False,V1_P0_C0,high,V1_P0_C0__high,train
007152,3,0,0,3,2,5,True,False,False,V1_P0_C0,low,V1_P0_C0__low,train
007153,6,0,0,6,2,8,True,False,False,V1_P0_C0,medium,V1_P0_C0__medium,train
007154,0,1,0,1,0,1,False,True,False,V0_P1_C0,low,V0_P1_C0__low,train
007155,1,0,0,1,0,1,True,False,False,V1_P0_C0,low,V1_P0_C0__low,train
007156,10,2,0,12,1,13,True,True,False,V1_P1_C0,high,V1_P1_C0__high,train
007157,3,1,0,4,1,5,True,True,False,V1_P1_C0,medium,V1_P1_C0__medium,val
007158,2,0,0,2,0,2,True,False,False,V1_P0_C0,low,V1_P0_C0__low,train
007159,0,2,0,2,0,2,False,True,False,V0_P1_C0,low,V0_P1_C0__low,train
007160,8,0,0,8,0,8,True,False,False,V1_P0_C0,high,V1_P0_C0__high,train
007161,1,4,0,5,2,7,True,True,False,V1_P1_C0,medium,V1_P1_C0__medium,train
007162,8,0,0,8,1,9,True,False,False,V1_P0_C0,high,V1_P0_C0__high,val
007163,8,0,0,8,3,11,True,False,False,V1_P0_C0,high,V1_P0_C0__high,train
007164,3,0,0,3,1,4,True,False,False,V1_P0_C0,low,V1_P0_C0__low,train
007165,5,0,0,5,1,6,True,False,False,V1_P0_C0,medium,V1_P0_C0__medium,val
007166,9,0,0,9,1,10,True,False,False,V1_P0_C0,high,V1_P0_C0__high,train
007167,4,0,0,4,3,7,True,False,False,V1_P0_C0,medium,V1_P0_C0__medium,train
007168,2,0,1,3,3,6,True,False,True,V1_P0_C1,low,V1_P0_C1__low,train
007169,8,0,0,8,1,9,True,False,False,V1_P0_C0,high,V1_P0_C0__high,val
007170,4,0,0,4,0,4,True,False,False,V1_P0_C0,medium,V1_P0_C0__medium,train
007171,7,0,0,7,5,12,True,False,False,V1_P0_C0,high,V1_P0_C0__high,val
007172,3,0,0,3,2,5,True,False,False,V1_P0_C0,low,V1_P0_C0__low,val
007173,2,0,0,2,0,2,True,False,False,V1_P0_C0,low,V1_P0_C0__low,train
007174,8,0,0,8,5,13,True,False,False,V1_P0_C0,high,V1_P0_C0__high,train
007175,1,0,0,1,0,1,True,False,False,V1_P0_C0,low,V1_P0_C0__low,train
007176,3,0,0,3,2,5,True,False,False,V1_P0_C0,low,V1_P0_C0__low,train
007177,6,0,2,8,1,9,True,False,True,V1_P0_C1,high,V1_P0_C1__high,val
007178,7,1,0,8,1,9,True,True,False,V1_P1_C0,high,V1_P1_C0__high,train
007179,0,4,0,4,2,6,False,True,False,V0_P1_C0,medium,V0_P1_C0__medium,train
007180,4,0,0,4,0,4,True,False,False,V1_P0_C0,medium,V1_P0_C0__medium,train
007181,2,0,0,2,0,2,True,False,False,V1_P0_C0,low,V1_P0_C0__low,train
007182,8,3,0,11,0,11,True,True,False,V1_P1_C0,high,V1_P1_C0__high,val
007183,7,0,0,7,2,9,True,False,False,V1_P0_C0,high,V1_P0_C0__high,train
007184,3,0,0,3,1,4,True,False,False,V1_P0_C0,low,V1_P0_C0__low,train
007185,9,1,0,10,2,12,True,True,False,V1_P1_C0,high,V1_P1_C0__high,train
007186,1,0,0,1,3,4,True,False,False,V1_P0_C0,low,V1_P0_C0__low,train
007187,1,0,0,1,0,1,True,False,False,V1_P0_C0,low,V1_P0_C0__low,val
007188,0,1,0,1,0,1,False,True,False,V0_P1_C0,low,V0_P1_C0__low,train
007189,0,5,0,5,2,7,False,True,False,V0_P1_C0,medium,V0_P1_C0__medium,val
007190,2,0,0,2,0,2,True,False,False,V1_P0_C0,low,V1_P0_C0__low,train
007191,3,0,0,3,1,4,True,False,False,V1_P0_C0,low,V1_P0_C0__low,train
007192,6,3,0,9,2,11,True,True,False,V1_P1_C0,high,V1_P1_C0__high,train
007193,4,0,0,4,1,5,True,False,False,V1_P0_C0,medium,V1_P0_C0__medium,train
007194,4,0,0,4,1,5,True,False,False,V1_P0_C0,medium,V1_P0_C0__medium,train
007195,10,0,0,10,2,12,True,False,False,V1_P0_C0,high,V1_P0_C0__high,train
007196,7,0,0,7,1,8,True,False,False,V1_P0_C0,high,V1_P0_C0__high,train
007197,2,0,0,2,3,5,True,False,False,V1_P0_C0,low,V1_P0_C0__low,val
007198,3,0,0,3,2,5,True,False,False,V1_P0_C0,low,V1_P0_C0__low,train
007199,0,1,1,2,4,6,False,True,True,V0_P1_C1,low,V0_P1_C1__low,train
007200,10,0,0,10,1,11,True,False,False,V1_P0_C0,high,V1_P0_C0__high,train
007201,0,4,0,4,5,9,False,True,False,V0_P1_C0,medium,V0_P1_C0__medium,train
007202,0,12,1,13,2,15,False,True,True,V0_P1_C1,high,V0_P1_C1__high,train
007203,6,4,0,10,0,10,True,True,False,V1_P1_C0,high,V1_P1_C0__high,train
007204,7,0,0,7,1,8,True,False,False,V1_P0_C0,high,V1_P0_C0__high,train
007205,3,0,0,3,2,5,True,False,False,V1_P0_C0,low,V1_P0_C0__low,train
007206,5,0,1,6,1,7,True,False,True,V1_P0_C1,medium,V1_P0_C1__medium,val
007207,2,0,1,3,1,4,True,False,True,V1_P0_C1,low,V1_P0_C1__low,train
007208,10,0,0,10,1,11,True,False,False,V1_P0_C0,high,V1_P0_C0__high,train
007209,13,0,0,13,0,13,True,False,False,V1_P0_C0,high,V1_P0_C0__high,val
007210,9,0,0,9,3,12,True,False,False,V1_P0_C0,high,V1_P0_C0__high,val
007211,4,0,0,4,2,6,True,False,False,V1_P0_C0,medium,V1_P0_C0__medium,val
007212,1,0,0,1,1,2,True,False,False,V1_P0_C0,low,V1_P0_C0__low,train
007213,3,0,0,3,2,5,True,False,False,V1_P0_C0,low,V1_P0_C0__low,val
007214,4,0,0,4,1,5,True,False,False,V1_P0_C0,medium,V1_P0_C0__medium,train
007215,2,0,0,2,1,3,True,False,False,V1_P0_C0,low,V1_P0_C0__low,train
007216,6,0,0,6,1,7,True,False,False,V1_P0_C0,medium,V1_P0_C0__medium,val
007217,3,0,0,3,0,3,True,False,False,V1_P0_C0,low,V1_P0_C0__low,train
007218,5,0,0,5,6,11,True,False,False,V1_P0_C0,medium,V1_P0_C0__medium,train
007219,4,0,0,4,2,6,True,False,False,V1_P0_C0,medium,V1_P0_C0__medium,train
007220,1,0,0,1,0,1,True,False,False,V1_P0_C0,low,V1_P0_C0__low,train
007221,2,0,1,3,2,5,True,False,True,V1_P0_C1,low,V1_P0_C1__low,train
007222,5,0,0,5,5,10,True,False,False,V1_P0_C0,medium,V1_P0_C0__medium,train
007223,0,1,0,1,0,1,False,True,False,V0_P1_C0,low,V0_P1_C0__low,train
007224,3,0,0,3,0,3,True,False,False,V1_P0_C0,low,V1_P0_C0__low,train
007225,6,0,0,6,1,7,True,False,False,V1_P0_C0,medium,V1_P0_C0__medium,train
007226,4,0,0,4,3,7,True,False,False,V1_P0_C0,medium,V1_P0_C0__medium,train
007227,2,0,0,2,1,3,True,False,False,V1_P0_C0,low,V1_P0_C0__low,val
007228,13,0,0,13,1,14,True,False,False,V1_P0_C0,high,V1_P0_C0__high,val
007229,2,0,1,3,2,5,True,False,True,V1_P0_C1,low,V1_P0_C1__low,train
007230,5,0,0,5,1,6,True,False,False,V1_P0_C0,medium,V1_P0_C0__medium,val
007231,0,1,0,1,0,1,False,True,False,V0_P1_C0,low,V0_P1_C0__low,train
007232,4,0,1,5,1,6,True,False,True,V1_P0_C1,medium,V1_P0_C1__medium,train
007233,11,0,0,11,1,12,True,False,False,V1_P0_C0,high,V1_P0_C0__high,val
007234,4,0,0,4,1,5,True,False,False,V1_P0_C0,medium,V1_P0_C0__medium,train
007235,4,0,0,4,2,6,True,False,False,V1_P0_C0,medium,V1_P0_C0__medium,train
007236,6,0,0,6,2,8,True,False,False,V1_P0_C0,medium,V1_P0_C0__medium,train
007237,0,1,0,1,0,1,False,True,False,V0_P1_C0,low,V0_P1_C0__low,train
007238,2,0,0,2,3,5,True,False,False,V1_P0_C0,low,V1_P0_C0__low,train
007239,4,0,0,4,3,7,True,False,False,V1_P0_C0,medium,V1_P0_C0__medium,train
007240,4,0,1,5,2,7,True,False,True,V1_P0_C1,medium,V1_P0_C1__medium,train
007241,4,0,0,4,1,5,True,False,False,V1_P0_C0,medium,V1_P0_C0__medium,val
007242,7,0,0,7,5,12,True,False,False,V1_P0_C0,high,V1_P0_C0__high,train
007243,13,0,0,13,0,13,True,False,False,V1_P0_C0,high,V1_P0_C0__high,val
007244,4,0,0,4,2,6,True,False,False,V1_P0_C0,medium,V1_P0_C0__medium,train
007245,2,0,0,2,1,3,True,False,False,V1_P0_C0,low,V1_P0_C0__low,train
007246,4,0,0,4,1,5,True,False,False,V1_P0_C0,medium,V1_P0_C0__medium,train
007247,4,0,0,4,4,8,True,False,False,V1_P0_C0,medium,V1_P0_C0__medium,train
007248,13,0,0,13,1,14,True,False,False,V1_P0_C0,high,V1_P0_C0__high,train
007249,6,0,0,6,1,7,True,False,False,V1_P0_C0,medium,V1_P0_C0__medium,val
007250,5,0,0,5,1,6,True,False,False,V1_P0_C0,medium,V1_P0_C0__medium,train
007251,1,0,0,1,0,1,True,False,False,V1_P0_C0,low,V1_P0_C0__low,train
007252,3,0,0,3,2,5,True,False,False,V1_P0_C0,low,V1_P0_C0__low,val
007253,0,1,0,1,1,2,False,True,False,V0_P1_C0,low,V0_P1_C0__low,val
007254,0,3,0,3,0,3,False,True,False,V0_P1_C0,low,V0_P1_C0__low,train
007255,2,2,1,5,4,9,True,True,True,V1_P1_C1,medium,V1_P1_C1__medium,train
007256,12,0,0,12,1,13,True,False,False,V1_P0_C0,high,V1_P0_C0__high,train
007257,1,0,0,1,1,2,True,False,False,V1_P0_C0,low,V1_P0_C0__low,val
007258,3,0,0,3,1,4,True,False,False,V1_P0_C0,low,V1_P0_C0__low,val
007259,7,0,0,7,1,8,True,False,False,V1_P0_C0,high,V1_P0_C0__high,val
007260,7,3,0,10,2,12,True,True,False,V1_P1_C0,high,V1_P1_C0__high,val
007261,4,0,0,4,1,5,True,False,False,V1_P0_C0,medium,V1_P0_C0__medium,train
007262,1,0,0,1,4,5,True,False,False,V1_P0_C0,low,V1_P0_C0__low,train
007263,15,0,0,15,1,16,True,False,False,V1_P0_C0,high,V1_P0_C0__high,val
007264,5,0,1,6,0,6,True,False,True,V1_P0_C1,medium,V1_P0_C1__medium,train
007265,1,6,0,7,1,8,True,True,False,V1_P1_C0,high,V1_P1_C0__high,train
007266,7,0,0,7,3,10,True,False,False,V1_P0_C0,high,V1_P0_C0__high,train
007267,4,0,0,4,0,4,True,False,False,V1_P0_C0,medium,V1_P0_C0__medium,val
007268,2,0,0,2,5,7,True,False,False,V1_P0_C0,low,V1_P0_C0__low,val
007269,0,1,0,1,0,1,False,True,False,V0_P1_C0,low,V0_P1_C0__low,val
007270,2,0,0,2,0,2,True,False,False,V1_P0_C0,low,V1_P0_C0__low,train
007271,2,0,0,2,1,3,True,False,False,V1_P0_C0,low,V1_P0_C0__low,train
007272,0,1,0,1,0,1,False,True,False,V0_P1_C0,low,V0_P1_C0__low,val
007273,9,0,0,9,1,10,True,False,False,V1_P0_C0,high,V1_P0_C0__high,val
007274,3,0,0,3,0,3,True,False,False,V1_P0_C0,low,V1_P0_C0__low,train
007275,1,0,0,1,0,1,True,False,False,V1_P0_C0,low,V1_P0_C0__low,val
007276,1,0,0,1,3,4,True,False,False,V1_P0_C0,low,V1_P0_C0__low,train
007277,6,0,2,8,1,9,True,False,True,V1_P0_C1,high,V1_P0_C1__high,train
007278,0,1,0,1,0,1,False,True,False,V0_P1_C0,low,V0_P1_C0__low,train
007279,2,0,0,2,1,3,True,False,False,V1_P0_C0,low,V1_P0_C0__low,val
007280,3,0,3,6,2,8,True,False,True,V1_P0_C1,medium,V1_P0_C1__medium,train
007281,5,0,0,5,2,7,True,False,False,V1_P0_C0,medium,V1_P0_C0__medium,train
007282,1,0,0,1,1,2,True,False,False,V1_P0_C0,low,V1_P0_C0__low,val
007283,8,0,0,8,1,9,True,False,False,V1_P0_C0,high,V1_P0_C0__high,train
007284,3,0,1,4,3,7,True,False,True,V1_P0_C1,medium,V1_P0_C1__medium,train
007285,1,0,1,2,0,2,True,False,True,V1_P0_C1,low,V1_P0_C1__low,train
007286,2,6,1,9,1,10,True,True,True,V1_P1_C1,high,V1_P1_C1__high,train
007287,2,0,0,2,7,9,True,False,False,V1_P0_C0,low,V1_P0_C0__low,train
007288,0,1,0,1,0,1,False,True,False,V0_P1_C0,low,V0_P1_C0__low,val
007289,13,1,0,14,4,18,True,True,False,V1_P1_C0,high,V1_P1_C0__high,train
007290,1,5,0,6,0,6,True,True,False,V1_P1_C0,medium,V1_P1_C0__medium,val
007291,4,0,0,4,1,5,True,False,False,V1_P0_C0,medium,V1_P0_C0__medium,train
007292,3,0,0,3,3,6,True,False,False,V1_P0_C0,low,V1_P0_C0__low,train
007293,1,0,0,1,1,2,True,False,False,V1_P0_C0,low,V1_P0_C0__low,val
007294,6,0,1,7,1,8,True,False,True,V1_P0_C1,high,V1_P0_C1__high,train
007295,2,0,0,2,1,3,True,False,False,V1_P0_C0,low,V1_P0_C0__low,train
007296,5,0,0,5,6,11,True,False,False,V1_P0_C0,medium,V1_P0_C0__medium,train
007297,3,0,0,3,1,4,True,False,False,V1_P0_C0,low,V1_P0_C0__low,val
007298,2,0,0,2,2,4,True,False,False,V1_P0_C0,low,V1_P0_C0__low,train
007299,6,0,0,6,2,8,True,False,False,V1_P0_C0,medium,V1_P0_C0__medium,train
007300,0,1,0,1,4,5,False,True,False,V0_P1_C0,low,V0_P1_C0__low,train
007301,10,1,2,13,1,14,True,True,True,V1_P1_C1,high,V1_P1_C1__high,train
007302,3,0,0,3,1,4,True,False,False,V1_P0_C0,low,V1_P0_C0__low,val
007303,3,0,0,3,1,4,True,False,False,V1_P0_C0,low,V1_P0_C0__low,train
007304,1,0,0,1,1,2,True,False,False,V1_P0_C0,low,V1_P0_C0__low,train
007305,2,0,0,2,0,2,True,False,False,V1_P0_C0,low,V1_P0_C0__low,train
007306,4,0,0,4,2,6,True,False,False,V1_P0_C0,medium,V1_P0_C0__medium,train
007307,1,0,0,1,0,1,True,False,False,V1_P0_C0,low,V1_P0_C0__low,train
007308,0,1,0,1,0,1,False,True,False,V0_P1_C0,low,V0_P1_C0__low,train
007309,9,0,0,9,1,10,True,False,False,V1_P0_C0,high,V1_P0_C0__high,val
007310,0,1,0,1,0,1,False,True,False,V0_P1_C0,low,V0_P1_C0__low,train
007311,4,0,0,4,2,6,True,False,False,V1_P0_C0,medium,V1_P0_C0__medium,train
007312,3,0,0,3,2,5,True,False,False,V1_P0_C0,low,V1_P0_C0__low,train
007313,15,0,0,15,0,15,True,False,False,V1_P0_C0,high,V1_P0_C0__high,train
007314,13,0,0,13,1,14,True,False,False,V1_P0_C0,high,V1_P0_C0__high,train
007315,13,0,1,14,1,15,True,False,True,V1_P0_C1,high,V1_P0_C1__high,train
007316,5,0,0,5,3,8,True,False,False,V1_P0_C0,medium,V1_P0_C0__medium,train
007317,4,0,0,4,3,7,True,False,False,V1_P0_C0,medium,V1_P0_C0__medium,train
007318,0,4,3,7,3,10,False,True,True,V0_P1_C1,high,V0_P1_C1__high,val
007319,1,6,0,7,3,10,True,True,False,V1_P1_C0,high,V1_P1_C0__high,train
007320,0,1,0,1,0,1,False,True,False,V0_P1_C0,low,V0_P1_C0__low,train
007321,1,2,0,3,0,3,True,True,False,V1_P1_C0,low,V1_P1_C0__low,train
007322,1,0,0,1,0,1,True,False,False,V1_P0_C0,low,V1_P0_C0__low,train
007323,8,0,0,8,2,10,True,False,False,V1_P0_C0,high,V1_P0_C0__high,train
007324,2,0,3,5,4,9,True,False,True,V1_P0_C1,medium,V1_P0_C1__medium,val
007325,10,0,0,10,1,11,True,False,False,V1_P0_C0,high,V1_P0_C0__high,train
007326,2,0,1,3,2,5,True,False,True,V1_P0_C1,low,V1_P0_C1__low,val
007327,0,1,0,1,0,1,False,True,False,V0_P1_C0,low,V0_P1_C0__low,train
007328,3,0,0,3,1,4,True,False,False,V1_P0_C0,low,V1_P0_C0__low,val
007329,7,0,0,7,2,9,True,False,False,V1_P0_C0,high,V1_P0_C0__high,train
007330,6,0,0,6,0,6,True,False,False,V1_P0_C0,medium,V1_P0_C0__medium,train
007331,1,1,0,2,4,6,True,True,False,V1_P1_C0,low,V1_P1_C0__low,train
007332,1,0,0,1,0,1,True,False,False,V1_P0_C0,low,V1_P0_C0__low,train
007333,0,7,0,7,3,10,False,True,False,V0_P1_C0,high,V0_P1_C0__high,train
007334,4,1,0,5,3,8,True,True,False,V1_P1_C0,medium,V1_P1_C0__medium,train
007335,2,0,0,2,0,2,True,False,False,V1_P0_C0,low,V1_P0_C0__low,train
007336,3,0,0,3,0,3,True,False,False,V1_P0_C0,low,V1_P0_C0__low,train
007337,7,0,0,7,0,7,True,False,False,V1_P0_C0,high,V1_P0_C0__high,train
007338,0,1,1,2,0,2,False,True,True,V0_P1_C1,low,V0_P1_C1__low,train
007339,8,0,0,8,2,10,True,False,False,V1_P0_C0,high,V1_P0_C0__high,train
007340,2,0,0,2,2,4,True,False,False,V1_P0_C0,low,V1_P0_C0__low,train
007341,7,0,0,7,1,8,True,False,False,V1_P0_C0,high,V1_P0_C0__high,val
007342,9,0,0,9,2,11,True,False,False,V1_P0_C0,high,V1_P0_C0__high,train
007343,3,0,0,3,1,4,True,False,False,V1_P0_C0,low,V1_P0_C0__low,train
007344,0,1,0,1,0,1,False,True,False,V0_P1_C0,low,V0_P1_C0__low,train
007345,2,0,0,2,1,3,True,False,False,V1_P0_C0,low,V1_P0_C0__low,train
007346,5,0,0,5,0,5,True,False,False,V1_P0_C0,medium,V1_P0_C0__medium,train
007347,2,2,1,5,4,9,True,True,True,V1_P1_C1,medium,V1_P1_C1__medium,train
007348,1,0,0,1,1,2,True,False,False,V1_P0_C0,low,V1_P0_C0__low,val
007349,5,0,1,6,1,7,True,False,True,V1_P0_C1,medium,V1_P0_C1__medium,train
007350,10,0,0,10,1,11,True,False,False,V1_P0_C0,high,V1_P0_C0__high,train
007351,0,1,0,1,0,1,False,True,False,V0_P1_C0,low,V0_P1_C0__low,train
007352,3,0,0,3,3,6,True,False,False,V1_P0_C0,low,V1_P0_C0__low,train
007353,8,0,0,8,2,10,True,False,False,V1_P0_C0,high,V1_P0_C0__high,train
007354,1,0,0,1,2,3,True,False,False,V1_P0_C0,low,V1_P0_C0__low,train
007355,6,1,0,7,1,8,True,True,False,V1_P1_C0,high,V1_P1_C0__high,train
007356,5,0,0,5,2,7,True,False,False,V1_P0_C0,medium,V1_P0_C0__medium,train
007357,5,0,0,5,2,7,True,False,False,V1_P0_C0,medium,V1_P0_C0__medium,train
007358,3,0,0,3,0,3,True,False,False,V1_P0_C0,low,V1_P0_C0__low,val
007359,3,0,1,4,2,6,True,False,True,V1_P0_C1,medium,V1_P0_C1__medium,val
007360,9,0,0,9,3,12,True,False,False,V1_P0_C0,high,V1_P0_C0__high,train
007361,4,0,0,4,6,10,True,False,False,V1_P0_C0,medium,V1_P0_C0__medium,train
007362,1,1,0,2,0,2,True,True,False,V1_P1_C0,low,V1_P1_C0__low,train
007363,4,0,1,5,2,7,True,False,True,V1_P0_C1,medium,V1_P0_C1__medium,train
007364,8,0,0,8,0,8,True,False,False,V1_P0_C0,high,V1_P0_C0__high,train
007365,7,0,0,7,1,8,True,False,False,V1_P0_C0,high,V1_P0_C0__high,val
007366,7,0,1,8,3,11,True,False,True,V1_P0_C1,high,V1_P0_C1__high,train
007367,1,0,0,1,0,1,True,False,False,V1_P0_C0,low,V1_P0_C0__low,train
007368,0,2,0,2,5,7,False,True,False,V0_P1_C0,low,V0_P1_C0__low,val
007369,0,1,0,1,5,6,False,True,False,V0_P1_C0,low,V0_P1_C0__low,train
007370,2,0,0,2,0,2,True,False,False,V1_P0_C0,low,V1_P0_C0__low,train
007371,3,0,0,3,2,5,True,False,False,V1_P0_C0,low,V1_P0_C0__low,train
007372,0,1,0,1,0,1,False,True,False,V0_P1_C0,low,V0_P1_C0__low,val
007373,1,0,0,1,1,2,True,False,False,V1_P0_C0,low,V1_P0_C0__low,train
007374,1,0,1,2,2,4,True,False,True,V1_P0_C1,low,V1_P0_C1__low,train
007375,0,1,0,1,5,6,False,True,False,V0_P1_C0,low,V0_P1_C0__low,train
007376,5,0,0,5,1,6,True,False,False,V1_P0_C0,medium,V1_P0_C0__medium,train
007377,1,0,1,2,2,4,True,False,True,V1_P0_C1,low,V1_P0_C1__low,val
007378,3,0,0,3,2,5,True,False,False,V1_P0_C0,low,V1_P0_C0__low,train
007379,5,0,0,5,1,6,True,False,False,V1_P0_C0,medium,V1_P0_C0__medium,val
007380,3,0,0,3,0,3,True,False,False,V1_P0_C0,low,V1_P0_C0__low,train
007381,2,0,0,2,1,3,True,False,False,V1_P0_C0,low,V1_P0_C0__low,train
007382,5,0,0,5,2,7,True,False,False,V1_P0_C0,medium,V1_P0_C0__medium,train
007383,7,0,0,7,2,9,True,False,False,V1_P0_C0,high,V1_P0_C0__high,train
007384,4,0,0,4,2,6,True,False,False,V1_P0_C0,medium,V1_P0_C0__medium,train
007385,3,1,0,4,1,5,True,True,False,V1_P1_C0,medium,V1_P1_C0__medium,train
007386,9,0,0,9,0,9,True,False,False,V1_P0_C0,high,V1_P0_C0__high,train
007387,0,1,0,1,0,1,False,True,False,V0_P1_C0,low,V0_P1_C0__low,train
007388,12,0,0,12,3,15,True,False,False,V1_P0_C0,high,V1_P0_C0__high,train
007389,3,0,0,3,3,6,True,False,False,V1_P0_C0,low,V1_P0_C0__low,train
007390,2,0,0,2,2,4,True,False,False,V1_P0_C0,low,V1_P0_C0__low,train
007391,3,0,0,3,3,6,True,False,False,V1_P0_C0,low,V1_P0_C0__low,train
007392,7,0,0,7,3,10,True,False,False,V1_P0_C0,high,V1_P0_C0__high,train
007393,13,1,0,14,1,15,True,True,False,V1_P1_C0,high,V1_P1_C0__high,val
007394,14,0,0,14,1,15,True,False,False,V1_P0_C0,high,V1_P0_C0__high,train
007395,2,1,0,3,0,3,True,True,False,V1_P1_C0,low,V1_P1_C0__low,train
007396,7,0,0,7,2,9,True,False,False,V1_P0_C0,high,V1_P0_C0__high,train
007397,2,0,0,2,1,3,True,False,False,V1_P0_C0,low,V1_P0_C0__low,train
007398,5,0,1,6,3,9,True,False,True,V1_P0_C1,medium,V1_P0_C1__medium,train
007399,1,0,0,1,1,2,True,False,False,V1_P0_C0,low,V1_P0_C0__low,train
007400,11,0,0,11,4,15,True,False,False,V1_P0_C0,high,V1_P0_C0__high,train
007401,8,0,0,8,1,9,True,False,False,V1_P0_C0,high,V1_P0_C0__high,train
007402,9,0,0,9,1,10,True,False,False,V1_P0_C0,high,V1_P0_C0__high,train
007403,6,0,0,6,1,7,True,False,False,V1_P0_C0,medium,V1_P0_C0__medium,val
007404,12,0,0,12,0,12,True,False,False,V1_P0_C0,high,V1_P0_C0__high,train
007405,3,0,0,3,2,5,True,False,False,V1_P0_C0,low,V1_P0_C0__low,val
007406,3,4,0,7,2,9,True,True,False,V1_P1_C0,high,V1_P1_C0__high,train
007407,4,0,2,6,1,7,True,False,True,V1_P0_C1,medium,V1_P0_C1__medium,train
007408,0,1,0,1,0,1,False,True,False,V0_P1_C0,low,V0_P1_C0__low,train
007409,1,0,0,1,0,1,True,False,False,V1_P0_C0,low,V1_P0_C0__low,train
007410,2,2,2,6,4,10,True,True,True,V1_P1_C1,medium,V1_P1_C1__medium,train
007411,5,0,0,5,1,6,True,False,False,V1_P0_C0,medium,V1_P0_C0__medium,train
007412,0,7,1,8,2,10,False,True,True,V0_P1_C1,high,V0_P1_C1__high,train
007413,2,0,0,2,0,2,True,False,False,V1_P0_C0,low,V1_P0_C0__low,train
007414,10,1,1,12,1,13,True,True,True,V1_P1_C1,high,V1_P1_C1__high,train
007415,4,0,0,4,4,8,True,False,False,V1_P0_C0,medium,V1_P0_C0__medium,train
007416,1,0,1,2,1,3,True,False,True,V1_P0_C1,low,V1_P0_C1__low,train
007417,1,0,0,1,0,1,True,False,False,V1_P0_C0,low,V1_P0_C0__low,train
007418,1,0,0,1,2,3,True,False,False,V1_P0_C0,low,V1_P0_C0__low,val
007419,3,0,0,3,1,4,True,False,False,V1_P0_C0,low,V1_P0_C0__low,train
007420,1,15,0,16,3,19,True,True,False,V1_P1_C0,high,V1_P1_C0__high,train
007421,12,0,0,12,2,14,True,False,False,V1_P0_C0,high,V1_P0_C0__high,train
007422,10,0,0,10,4,14,True,False,False,V1_P0_C0,high,V1_P0_C0__high,train
007423,5,0,0,5,1,6,True,False,False,V1_P0_C0,medium,V1_P0_C0__medium,train
007424,11,0,0,11,1,12,True,False,False,V1_P0_C0,high,V1_P0_C0__high,train
007425,2,0,0,2,3,5,True,False,False,V1_P0_C0,low,V1_P0_C0__low,val
007426,4,0,0,4,2,6,True,False,False,V1_P0_C0,medium,V1_P0_C0__medium,train
007427,0,1,0,1,0,1,False,True,False,V0_P1_C0,low,V0_P1_C0__low,train
007428,5,0,0,5,0,5,True,False,False,V1_P0_C0,medium,V1_P0_C0__medium,train
007429,6,0,0,6,1,7,True,False,False,V1_P0_C0,medium,V1_P0_C0__medium,train
007430,9,0,0,9,1,10,True,False,False,V1_P0_C0,high,V1_P0_C0__high,train
007431,0,1,0,1,0,1,False,True,False,V0_P1_C0,low,V0_P1_C0__low,train
007432,1,0,0,1,2,3,True,False,False,V1_P0_C0,low,V1_P0_C0__low,train
007433,6,0,0,6,1,7,True,False,False,V1_P0_C0,medium,V1_P0_C0__medium,train
007434,1,0,1,2,2,4,True,False,True,V1_P0_C1,low,V1_P0_C1__low,val
007435,7,0,0,7,2,9,True,False,False,V1_P0_C0,high,V1_P0_C0__high,train
007436,0,1,0,1,0,1,False,True,False,V0_P1_C0,low,V0_P1_C0__low,val
007437,5,0,0,5,1,6,True,False,False,V1_P0_C0,medium,V1_P0_C0__medium,train
007438,1,0,0,1,1,2,True,False,False,V1_P0_C0,low,V1_P0_C0__low,train
007439,2,0,0,2,2,4,True,False,False,V1_P0_C0,low,V1_P0_C0__low,train
007440,9,0,0,9,2,11,True,False,False,V1_P0_C0,high,V1_P0_C0__high,train
007441,1,0,0,1,1,2,True,False,False,V1_P0_C0,low,V1_P0_C0__low,val
007442,7,0,0,7,1,8,True,False,False,V1_P0_C0,high,V1_P0_C0__high,train
007443,3,0,0,3,1,4,True,False,False,V1_P0_C0,low,V1_P0_C0__low,train
007444,4,0,0,4,1,5,True,False,False,V1_P0_C0,medium,V1_P0_C0__medium,train
007445,7,0,0,7,2,9,True,False,False,V1_P0_C0,high,V1_P0_C0__high,train
007446,1,1,0,2,1,3,True,True,False,V1_P1_C0,low,V1_P1_C0__low,train
007447,3,1,0,4,1,5,True,True,False,V1_P1_C0,medium,V1_P1_C0__medium,train
007448,0,1,0,1,0,1,False,True,False,V0_P1_C0,low,V0_P1_C0__low,train
007449,3,0,0,3,0,3,True,False,False,V1_P0_C0,low,V1_P0_C0__low,train
007450,1,0,0,1,1,2,True,False,False,V1_P0_C0,low,V1_P0_C0__low,val
007451,6,3,0,9,1,10,True,True,False,V1_P1_C0,high,V1_P1_C0__high,val
007452,3,2,0,5,3,8,True,True,False,V1_P1_C0,medium,V1_P1_C0__medium,train
007453,4,0,0,4,3,7,True,False,False,V1_P0_C0,medium,V1_P0_C0__medium,val
007454,6,0,0,6,0,6,True,False,False,V1_P0_C0,medium,V1_P0_C0__medium,train
007455,1,0,0,1,0,1,True,False,False,V1_P0_C0,low,V1_P0_C0__low,val
007456,5,0,0,5,1,6,True,False,False,V1_P0_C0,medium,V1_P0_C0__medium,train
007457,2,0,0,2,6,8,True,False,False,V1_P0_C0,low,V1_P0_C0__low,train
007458,19,0,1,20,1,21,True,False,True,V1_P0_C1,high,V1_P0_C1__high,train
007459,5,0,0,5,1,6,True,False,False,V1_P0_C0,medium,V1_P0_C0__medium,train
007460,1,0,0,1,1,2,True,False,False,V1_P0_C0,low,V1_P0_C0__low,train
007461,1,0,0,1,0,1,True,False,False,V1_P0_C0,low,V1_P0_C0__low,train
007462,9,0,0,9,1,10,True,False,False,V1_P0_C0,high,V1_P0_C0__high,train
007463,6,0,1,7,1,8,True,False,True,V1_P0_C1,high,V1_P0_C1__high,train
007464,1,4,0,5,1,6,True,True,False,V1_P1_C0,medium,V1_P1_C0__medium,train
007465,7,0,1,8,0,8,True,False,True,V1_P0_C1,high,V1_P0_C1__high,train
007466,4,0,0,4,2,6,True,False,False,V1_P0_C0,medium,V1_P0_C0__medium,val
007467,3,0,0,3,2,5,True,False,False,V1_P0_C0,low,V1_P0_C0__low,train
007468,4,0,0,4,2,6,True,False,False,V1_P0_C0,medium,V1_P0_C0__medium,val
007469,2,2,2,6,1,7,True,True,True,V1_P1_C1,medium,V1_P1_C1__medium,train
007470,9,0,0,9,1,10,True,False,False,V1_P0_C0,high,V1_P0_C0__high,train
007471,1,0,0,1,0,1,True,False,False,V1_P0_C0,low,V1_P0_C0__low,val
007472,1,0,0,1,1,2,True,False,False,V1_P0_C0,low,V1_P0_C0__low,train
007473,2,0,1,3,2,5,True,False,True,V1_P0_C1,low,V1_P0_C1__low,val
007474,7,0,0,7,0,7,True,False,False,V1_P0_C0,high,V1_P0_C0__high,train
007475,7,0,0,7,1,8,True,False,False,V1_P0_C0,high,V1_P0_C0__high,val
007476,4,0,1,5,0,5,True,False,True,V1_P0_C1,medium,V1_P0_C1__medium,val
007477,0,1,0,1,0,1,False,True,False,V0_P1_C0,low,V0_P1_C0__low,train
007478,4,0,0,4,1,5,True,False,False,V1_P0_C0,medium,V1_P0_C0__medium,val
007479,7,0,0,7,1,8,True,False,False,V1_P0_C0,high,V1_P0_C0__high,train
007480,14,0,1,15,1,16,True,False,True,V1_P0_C1,high,V1_P0_C1__high,val
