image_id,split,image_width,image_height,original_annotation_count,target_box_count,ignored_box_count,vehicle_count,pedestrian_count,cyclist_count,contains_vehicle,contains_pedestrian,contains_cyclist,target_empty,ignored_only,presence_signature,density_group,stratification_group
000000,train,1224,370,1,1,0,0,1,0,False,True,False,False,False,V0_P1_C0,low,V0_P1_C0__low
000001,train,1242,375,7,3,4,2,0,1,True,False,True,False,False,V1_P0_C1,low,V1_P0_C1__low
000002,train,1242,375,2,1,1,1,0,0,True,False,False,False,False,V1_P0_C0,low,V1_P0_C0__low
000003,val,1242,375,3,1,2,1,0,0,True,False,False,False,False,V1_P0_C0,low,V1_P0_C0__low
000004,train,1242,375,7,2,5,2,0,0,True,False,False,False,False,V1_P0_C0,low,V1_P0_C0__low
000005,val,1242,375,5,1,4,0,1,0,False,True,False,False,False,V0_P1_C0,low,V0_P1_C0__low
000006,train,1238,374,6,4,2,4,0,0,True,False,False,False,False,V1_P0_C0,medium,V1_P0_C0__medium
000007,train,1242,375,6,4,2,3,0,1,True,False,True,False,False,V1_P0_C1,medium,V1_P0_C1__medium
000008,train,1242,375,10,6,4,6,0,0,True,False,False,False,False,V1_P0_C0,medium,V1_P0_C0__medium
000009,train,1242,375,5,3,2,3,0,0,True,False,False,False,False,V1_P0_C0,low,V1_P0_C0__low
000010,val,1242,375,13,9,4,8,1,0,True,True,False,False,False,V1_P1_C0,high,V1_P1_C0__high
000011,train,1242,375,9,6,3,2,4,0,True,True,False,False,False,V1_P1_C0,medium,V1_P1_C0__medium
000012,train,1242,375,5,2,3,2,0,0,True,False,False,False,False,V1_P0_C0,low,V1_P0_C0__low
000013,train,1242,375,2,1,1,1,0,0,True,False,False,False,False,V1_P0_C0,low,V1_P0_C0__low
000014,train,1242,375,3,1,2,1,0,0,True,False,False,False,False,V1_P0_C0,low,V1_P0_C0__low
000015,train,1238,374,10,5,5,1,4,0,True,True,False,False,False,V1_P1_C0,medium,V1_P1_C0__medium
000016,train,1242,375,22,5,17,5,0,0,True,False,False,False,False,V1_P0_C0,medium,V1_P0_C0__medium
000017,train,1242,375,2,1,1,1,0,0,True,False,False,False,False,V1_P0_C0,low,V1_P0_C0__low
000018,train,1242,375,20,2,18,2,0,0,True,False,False,False,False,V1_P0_C0,low,V1_P0_C0__low
000019,train,1242,375,6,4,2,4,0,0,True,False,False,False,False,V1_P0_C0,medium,V1_P0_C0__medium
000020,val,1242,375,1,1,0,1,0,0,True,False,False,False,False,V1_P0_C0,low,V1_P0_C0__low
000021,train,1242,375,10,8,2,7,0,1,True,False,True,False,False,V1_P0_C1,high,V1_P0_C1__high
000022,train,1242,375,3,2,1,2,0,0,True,False,False,False,False,V1_P0_C0,low,V1_P0_C0__low
000023,train,1242,375,6,3,3,2,0,1,True,False,True,False,False,V1_P0_C1,low,V1_P0_C1__low
000024,val,1241,376,7,3,4,3,0,0,True,False,False,False,False,V1_P0_C0,low,V1_P0_C0__low
000025,val,1242,375,9,6,3,5,0,1,True,False,True,False,False,V1_P0_C1,medium,V1_P0_C1__medium
000026,train,1242,375,2,2,0,2,0,0,True,False,False,False,False,V1_P0_C0,low,V1_P0_C0__low
000027,train,1242,375,3,2,1,2,0,0,True,False,False,False,False,V1_P0_C0,low,V1_P0_C0__low
000028,train,1224,370,1,1,0,0,1,0,False,True,False,False,False,V0_P1_C0,low,V0_P1_C0__low
000029,train,1242,375,4,1,3,1,0,0,True,False,False,False,False,V1_P0_C0,low,V1_P0_C0__low
000030,train,1242,375,2,1,1,1,0,0,True,False,False,False,False,V1_P0_C0,low,V1_P0_C0__low
000031,train,1242,375,9,6,3,6,0,0,True,False,False,False,False,V1_P0_C0,medium,V1_P0_C0__medium
000032,val,1242,375,12,10,2,10,0,0,True,False,False,False,False,V1_P0_C0,high,V1_P0_C0__high
000033,train,1242,375,3,2,1,2,0,0,True,False,False,False,False,V1_P0_C0,low,V1_P0_C0__low
000034,train,1242,375,6,2,4,2,0,0,True,False,False,False,False,V1_P0_C0,low,V1_P0_C0__low
000035,val,1242,375,11,5,6,3,1,1,True,True,True,False,False,V1_P1_C1,medium,V1_P1_C1__medium
000036,train,1242,375,9,7,2,7,0,0,True,False,False,False,False,V1_P0_C0,high,V1_P0_C0__high
000037,val,1241,376,3,3,0,3,0,0,True,False,False,False,False,V1_P0_C0,low,V1_P0_C0__low
000038,train,1242,375,13,12,1,12,0,0,True,False,False,False,False,V1_P0_C0,high,V1_P0_C0__high
000039,train,1242,375,8,6,2,6,0,0,True,False,False,False,False,V1_P0_C0,medium,V1_P0_C0__medium
000040,train,1242,375,3,2,1,1,1,0,True,True,False,False,False,V1_P1_C0,low,V1_P1_C0__low
000041,train,1242,375,5,1,4,1,0,0,True,False,False,False,False,V1_P0_C0,low,V1_P0_C0__low
000042,val,1242,375,6,1,5,1,0,0,True,False,False,False,False,V1_P0_C0,low,V1_P0_C0__low
000043,train,1242,375,9,4,5,0,4,0,False,True,False,False,False,V0_P1_C0,medium,V0_P1_C0__medium
000044,train,1242,375,3,2,1,2,0,0,True,False,False,False,False,V1_P0_C0,low,V1_P0_C0__low
000045,train,1242,375,12,6,6,6,0,0,True,False,False,False,False,V1_P0_C0,medium,V1_P0_C0__medium
000046,train,1242,375,7,6,1,6,0,0,True,False,False,False,False,V1_P0_C0,medium,V1_P0_C0__medium
000047,val,1241,376,9,9,0,9,0,0,True,False,False,False,False,V1_P0_C0,high,V1_P0_C0__high
000048,train,1238,374,10,4,6,0,3,1,False,True,True,False,False,V0_P1_C1,medium,V0_P1_C1__medium
000049,train,1242,375,19,18,1,16,2,0,True,True,False,False,False,V1_P1_C0,high,V1_P1_C0__high
000050,train,1242,375,5,5,0,5,0,0,True,False,False,False,False,V1_P0_C0,medium,V1_P0_C0__medium
000051,train,1242,375,11,2,9,1,0,1,True,False,True,False,False,V1_P0_C1,low,V1_P0_C1__low
000052,val,1242,375,9,6,3,6,0,0,True,False,False,False,False,V1_P0_C0,medium,V1_P0_C0__medium
000053,train,1242,375,9,7,2,7,0,0,True,False,False,False,False,V1_P0_C0,high,V1_P0_C0__high
000054,train,1224,370,1,1,0,0,1,0,False,True,False,False,False,V0_P1_C0,low,V0_P1_C0__low
000055,train,1242,375,7,5,2,5,0,0,True,False,False,False,False,V1_P0_C0,medium,V1_P0_C0__medium
000056,train,1242,375,2,1,1,1,0,0,True,False,False,False,False,V1_P0_C0,low,V1_P0_C0__low
000057,train,1242,375,5,3,2,3,0,0,True,False,False,False,False,V1_P0_C0,low,V1_P0_C0__low
000058,train,1224,370,1,1,0,0,1,0,False,True,False,False,False,V0_P1_C0,low,V0_P1_C0__low
000059,train,1242,375,6,5,1,5,0,0,True,False,False,False,False,V1_P0_C0,medium,V1_P0_C0__medium
000060,val,1242,375,9,4,5,3,0,1,True,False,True,False,False,V1_P0_C1,medium,V1_P0_C1__medium
000061,train,1242,375,8,5,3,5,0,0,True,False,False,False,False,V1_P0_C0,medium,V1_P0_C0__medium
000062,train,1242,375,6,5,1,4,0,1,True,False,True,False,False,V1_P0_C1,medium,V1_P0_C1__medium
000063,train,1242,375,4,4,0,3,1,0,True,True,False,False,False,V1_P1_C0,medium,V1_P1_C0__medium
000064,train,1242,375,6,4,2,4,0,0,True,False,False,False,False,V1_P0_C0,medium,V1_P0_C0__medium
000065,val,1238,374,9,6,3,0,6,0,False,True,False,False,False,V0_P1_C0,medium,V0_P1_C0__medium
000066,train,1242,375,5,2,3,2,0,0,True,False,False,False,False,V1_P0_C0,low,V1_P0_C0__low
000067,train,1242,375,9,6,3,6,0,0,True,False,False,False,False,V1_P0_C0,medium,V1_P0_C0__medium
000068,train,1242,375,12,12,0,10,0,2,True,False,True,False,False,V1_P0_C1,high,V1_P0_C1__high
000069,train,1242,375,5,2,3,2,0,0,True,False,False,False,False,V1_P0_C0,low,V1_P0_C0__low
000070,train,1224,370,1,1,0,0,1,0,False,True,False,False,False,V0_P1_C0,low,V0_P1_C0__low
000071,train,1242,375,3,1,2,1,0,0,True,False,False,False,False,V1_P0_C0,low,V1_P0_C0__low
000072,train,1242,375,4,3,1,3,0,0,True,False,False,False,False,V1_P0_C0,low,V1_P0_C0__low
000073,train,1242,375,8,7,1,0,5,2,False,True,True,False,False,V0_P1_C1,high,V0_P1_C1__high
000074,train,1224,370,5,3,2,0,3,0,False,True,False,False,False,V0_P1_C0,low,V0_P1_C0__low
000075,train,1242,375,7,5,2,5,0,0,True,False,False,False,False,V1_P0_C0,medium,V1_P0_C0__medium
000076,train,1238,374,10,9,1,0,8,1,False,True,True,False,False,V0_P1_C1,high,V0_P1_C1__high
000077,train,1242,375,3,1,2,1,0,0,True,False,False,False,False,V1_P0_C0,low,V1_P0_C0__low
000078,val,1242,375,6,4,2,4,0,0,True,False,False,False,False,V1_P0_C0,medium,V1_P0_C0__medium
000079,train,1242,375,10,6,4,6,0,0,True,False,False,False,False,V1_P0_C0,medium,V1_P0_C0__medium
000080,val,1242,375,5,4,1,4,0,0,True,False,False,False,False,V1_P0_C0,medium,V1_P0_C0__medium
000081,train,1242,375,7,2,5,2,0,0,True,False,False,False,False,V1_P0_C0,low,V1_P0_C0__low
000082,train,1242,375,3,2,1,2,0,0,True,False,False,False,False,V1_P0_C0,low,V1_P0_C0__low
000083,val,1238,374,6,6,0,6,0,0,True,False,False,False,False,V1_P0_C0,medium,V1_P0_C0__medium
000084,train,1242,375,2,2,0,2,0,0,True,False,False,False,False,V1_P0_C0,low,V1_P0_C0__low
000085,train,1242,375,6,4,2,2,1,1,True,True,True,False,False,V1_P1_C1,medium,V1_P1_C1__medium
000086,val,1242,375,8,7,1,7,0,0,True,False,False,False,False,V1_P0_C0,high,V1_P0_C0__high
000087,train,1242,375,11,6,5,5,1,0,True,True,False,False,False,V1_P1_C0,medium,V1_P1_C0__medium
000088,train,1242,375,5,1,4,1,0,0,True,False,False,False,False,V1_P0_C0,low,V1_P0_C0__low
000089,train,1242,375,6,6,0,6,0,0,True,False,False,False,False,V1_P0_C0,medium,V1_P0_C0__medium
000090,train,1242,375,1,1,0,1,0,0,True,False,False,False,False,V1_P0_C0,low,V1_P0_C0__low
000091,train,1242,375,6,2,4,1,0,1,True,False,True,False,False,V1_P0_C1,low,V1_P0_C1__low
000092,val,1242,375,7,6,1,6,0,0,True,False,False,False,False,V1_P0_C0,medium,V1_P0_C0__medium
000093,train,1242,375,8,6,2,6,0,0,True,False,False,False,False,V1_P0_C0,medium,V1_P0_C0__medium
000094,train,1242,375,1,1,0,1,0,0,True,False,False,False,False,V1_P0_C0,low,V1_P0_C0__low
000095,train,1242,375,15,15,0,15,0,0,True,False,False,False,False,V1_P0_C0,high,V1_P0_C0__high
000096,train,1242,375,9,5,4,5,0,0,True,False,False,False,False,V1_P0_C0,medium,V1_P0_C0__medium
000097,val,1242,375,8,2,6,2,0,0,True,False,False,False,False,V1_P0_C0,low,V1_P0_C0__low
000098,val,1241,376,8,5,3,5,0,0,True,False,False,False,False,V1_P0_C0,medium,V1_P0_C0__medium
000099,val,1242,375,14,10,4,10,0,0,True,False,False,False,False,V1_P0_C0,high,V1_P0_C0__high
000100,train,1242,375,5,4,1,2,1,1,True,True,True,False,False,V1_P1_C1,medium,V1_P1_C1__medium
000101,train,1242,375,7,3,4,3,0,0,True,False,False,False,False,V1_P0_C0,low,V1_P0_C0__low
000102,train,1242,375,3,2,1,2,0,0,True,False,False,False,False,V1_P0_C0,low,V1_P0_C0__low
000103,train,1224,370,1,1,0,0,1,0,False,True,False,False,False,V0_P1_C0,low,V0_P1_C0__low
000104,train,1242,375,8,7,1,7,0,0,True,False,False,False,False,V1_P0_C0,high,V1_P0_C0__high
000105,train,1242,375,7,2,5,1,0,1,True,False,True,False,False,V1_P0_C1,low,V1_P0_C1__low
000106,train,1242,375,7,4,3,4,0,0,True,False,False,False,False,V1_P0_C0,medium,V1_P0_C0__medium
000107,val,1242,375,10,7,3,7,0,0,True,False,False,False,False,V1_P0_C0,high,V1_P0_C0__high
000108,train,1242,375,4,2,2,1,0,1,True,False,True,False,False,V1_P0_C1,low,V1_P0_C1__low
000109,train,1224,370,1,1,0,0,1,0,False,True,False,False,False,V0_P1_C0,low,V0_P1_C0__low
000110,train,1242,375,12,12,0,12,0,0,True,False,False,False,False,V1_P0_C0,high,V1_P0_C0__high
000111,train,1242,375,14,14,0,14,0,0,True,False,False,False,False,V1_P0_C0,high,V1_P0_C0__high
000112,train,1242,375,11,10,1,10,0,0,True,False,False,False,False,V1_P0_C0,high,V1_P0_C0__high
000113,train,1242,375,18,15,3,15,0,0,True,False,False,False,False,V1_P0_C0,high,V1_P0_C0__high
000114,train,1242,375,14,12,2,10,1,1,True,True,True,False,False,V1_P1_C1,high,V1_P1_C1__high
000115,train,1242,375,5,1,4,1,0,0,True,False,False,False,False,V1_P0_C0,low,V1_P0_C0__low
000116,train,1242,375,5,4,1,4,0,0,True,False,False,False,False,V1_P0_C0,medium,V1_P0_C0__medium
000117,train,1242,375,11,8,3,8,0,0,True,False,False,False,False,V1_P0_C0,high,V1_P0_C0__high
000118,train,1238,374,7,5,2,0,5,0,False,True,False,False,False,V0_P1_C0,medium,V0_P1_C0__medium
000119,train,1242,375,6,5,1,4,0,1,True,False,True,False,False,V1_P0_C1,medium,V1_P0_C1__medium
000120,train,1242,375,11,10,1,10,0,0,True,False,False,False,False,V1_P0_C0,high,V1_P0_C0__high
000121,train,1242,375,12,4,8,4,0,0,True,False,False,False,False,V1_P0_C0,medium,V1_P0_C0__medium
000122,train,1242,375,4,2,2,1,0,1,True,False,True,False,False,V1_P0_C1,low,V1_P0_C1__low
000123,train,1242,375,2,1,1,1,0,0,True,False,False,False,False,V1_P0_C0,low,V1_P0_C0__low
000124,val,1224,370,10,5,5,2,2,1,True,True,True,False,False,V1_P1_C1,medium,V1_P1_C1__medium
000125,train,1242,375,9,7,2,7,0,0,True,False,False,False,False,V1_P0_C0,high,V1_P0_C0__high
000126,train,1242,375,4,2,2,2,0,0,True,False,False,False,False,V1_P0_C0,low,V1_P0_C0__low
000127,train,1242,375,14,11,3,9,1,1,True,True,True,False,False,V1_P1_C1,high,V1_P1_C1__high
000128,val,1242,375,6,2,4,2,0,0,True,False,False,False,False,V1_P0_C0,low,V1_P0_C0__low
000129,train,1242,375,10,6,4,6,0,0,True,False,False,False,False,V1_P0_C0,medium,V1_P0_C0__medium
000130,train,1224,370,1,1,0,0,1,0,False,True,False,False,False,V0_P1_C0,low,V0_P1_C0__low
000131,train,1242,375,11,7,4,7,0,0,True,False,False,False,False,V1_P0_C0,high,V1_P0_C0__high
000132,val,1241,376,3,3,0,3,0,0,True,False,False,False,False,V1_P0_C0,low,V1_P0_C0__low
000133,train,1242,375,4,1,3,1,0,0,True,False,False,False,False,V1_P0_C0,low,V1_P0_C0__low
000134,train,1224,370,17,15,2,3,7,5,True,True,True,False,False,V1_P1_C1,high,V1_P1_C1__high
000135,train,1242,375,15,8,7,8,0,0,True,False,False,False,False,V1_P0_C0,high,V1_P0_C0__high
000136,train,1242,375,8,6,2,6,0,0,True,False,False,False,False,V1_P0_C0,medium,V1_P0_C0__medium
000137,train,1242,375,10,5,5,5,0,0,True,False,False,False,False,V1_P0_C0,medium,V1_P0_C0__medium
000138,train,1242,375,7,7,0,7,0,0,True,False,False,False,False,V1_P0_C0,high,V1_P0_C0__high
000139,train,1242,375,8,3,5,3,0,0,True,False,False,False,False,V1_P0_C0,low,V1_P0_C0__low
000140,val,1242,375,4,4,0,4,0,0,True,False,False,False,False,V1_P0_C0,medium,V1_P0_C0__medium
000141,train,1242,375,2,1,1,1,0,0,True,False,False,False,False,V1_P0_C0,low,V1_P0_C0__low
000142,train,1242,375,14,14,0,9,4,1,True,True,True,False,False,V1_P1_C1,high,V1_P1_C1__high
000143,train,1242,375,9,4,5,4,0,0,True,False,False,False,False,V1_P0_C0,medium,V1_P0_C0__medium
000144,train,1242,375,9,7,2,3,4,0,True,True,False,False,False,V1_P1_C0,high,V1_P1_C0__high
000145,train,1224,370,17,15,2,4,9,2,True,True,True,False,False,V1_P1_C1,high,V1_P1_C1__high
000146,val,1242,375,18,17,1,16,1,0,True,True,False,False,False,V1_P1_C0,high,V1_P1_C0__high
000147,val,1238,374,4,2,2,1,1,0,True,True,False,False,False,V1_P1_C0,low,V1_P1_C0__low
000148,train,1242,375,1,1,0,1,0,0,True,False,False,False,False,V1_P0_C0,low,V1_P0_C0__low
000149,train,1242,375,11,11,0,10,1,0,True,True,False,False,False,V1_P1_C0,high,V1_P1_C0__high
000150,train,1242,375,6,4,2,3,0,1,True,False,True,False,False,V1_P0_C1,medium,V1_P0_C1__medium
000151,train,1224,370,7,4,3,2,1,1,True,True,True,False,False,V1_P1_C1,medium,V1_P1_C1__medium
000152,train,1242,375,11,7,4,7,0,0,True,False,False,False,False,V1_P0_C0,high,V1_P0_C0__high
000153,train,1224,370,4,4,0,1,3,0,True,True,False,False,False,V1_P1_C0,medium,V1_P1_C0__medium
000154,train,1242,375,10,9,1,7,1,1,True,True,True,False,False,V1_P1_C1,high,V1_P1_C1__high
000155,train,1242,375,11,4,7,4,0,0,True,False,False,False,False,V1_P0_C0,medium,V1_P0_C0__medium
000156,train,1224,370,2,2,0,1,1,0,True,True,False,False,False,V1_P1_C0,low,V1_P1_C0__low
000157,train,1242,375,15,8,7,7,0,1,True,False,True,False,False,V1_P0_C1,high,V1_P0_C1__high
000158,train,1242,375,1,1,0,1,0,0,True,False,False,False,False,V1_P0_C0,low,V1_P0_C0__low
000159,train,1242,375,11,8,3,8,0,0,True,False,False,False,False,V1_P0_C0,high,V1_P0_C0__high
000160,train,1242,375,6,4,2,4,0,0,True,False,False,False,False,V1_P0_C0,medium,V1_P0_C0__medium
000161,train,1242,375,17,13,4,13,0,0,True,False,False,False,False,V1_P0_C0,high,V1_P0_C0__high
000162,train,1242,375,9,5,4,4,0,1,True,False,True,False,False,V1_P0_C1,medium,V1_P0_C1__medium
000163,train,1242,375,12,7,5,7,0,0,True,False,False,False,False,V1_P0_C0,high,V1_P0_C0__high
000164,train,1242,375,7,4,3,3,0,1,True,False,True,False,False,V1_P0_C1,medium,V1_P0_C1__medium
000165,val,1242,375,11,10,1,10,0,0,True,False,False,False,False,V1_P0_C0,high,V1_P0_C0__high
000166,train,1242,375,6,4,2,4,0,0,True,False,False,False,False,V1_P0_C0,medium,V1_P0_C0__medium
000167,train,1242,375,8,3,5,0,1,2,False,True,True,False,False,V0_P1_C1,low,V0_P1_C1__low
000168,train,1242,375,6,5,1,5,0,0,True,False,False,False,False,V1_P0_C0,medium,V1_P0_C0__medium
000169,val,1242,375,20,16,4,15,0,1,True,False,True,False,False,V1_P0_C1,high,V1_P0_C1__high
000170,train,1241,376,3,3,0,3,0,0,True,False,False,False,False,V1_P0_C0,low,V1_P0_C0__low
000171,train,1242,375,7,4,3,4,0,0,True,False,False,False,False,V1_P0_C0,medium,V1_P0_C0__medium
000172,train,1242,375,9,9,0,9,0,0,True,False,False,False,False,V1_P0_C0,high,V1_P0_C0__high
000173,train,1242,375,10,7,3,7,0,0,True,False,False,False,False,V1_P0_C0,high,V1_P0_C0__high
000174,val,1242,375,5,2,3,2,0,0,True,False,False,False,False,V1_P0_C0,low,V1_P0_C0__low
000175,val,1242,375,4,3,1,3,0,0,True,False,False,False,False,V1_P0_C0,low,V1_P0_C0__low
000176,train,1242,375,7,5,2,5,0,0,True,False,False,False,False,V1_P0_C0,medium,V1_P0_C0__medium
000177,train,1242,375,10,8,2,2,4,2,True,True,True,False,False,V1_P1_C1,high,V1_P1_C1__high
000178,val,1242,375,9,8,1,8,0,0,True,False,False,False,False,V1_P0_C0,high,V1_P0_C0__high
000179,train,1242,375,5,2,3,1,1,0,True,True,False,False,False,V1_P1_C0,low,V1_P1_C0__low
000180,train,1242,375,4,2,2,2,0,0,True,False,False,False,False,V1_P0_C0,low,V1_P0_C0__low
000181,train,1242,375,14,13,1,13,0,0,True,False,False,False,False,V1_P0_C0,high,V1_P0_C0__high
000182,train,1242,375,5,3,2,3,0,0,True,False,False,False,False,V1_P0_C0,low,V1_P0_C0__low
000183,train,1242,375,8,7,1,7,0,0,True,False,False,False,False,V1_P0_C0,high,V1_P0_C0__high
000184,val,1242,375,7,5,2,5,0,0,True,False,False,False,False,V1_P0_C0,medium,V1_P0_C0__medium
000185,train,1242,375,7,6,1,6,0,0,True,False,False,False,False,V1_P0_C0,medium,V1_P0_C0__medium
000186,train,1242,375,10,9,1,8,1,0,True,True,False,False,False,V1_P1_C0,high,V1_P1_C0__high
000187,train,1242,375,3,1,2,0,1,0,False,True,False,False,False,V0_P1_C0,low,V0_P1_C0__low
000188,train,1242,375,6,4,2,4,0,0,True,False,False,False,False,V1_P0_C0,medium,V1_P0_C0__medium
000189,train,1224,370,8,5,3,0,4,1,False,True,True,False,False,V0_P1_C1,medium,V0_P1_C1__medium
000190,train,1238,374,5,4,1,2,2,0,True,True,False,False,False,V1_P1_C0,medium,V1_P1_C0__medium
000191,train,1241,376,11,10,1,10,0,0,True,False,False,False,False,V1_P0_C0,high,V1_P0_C0__high
000192,train,1241,376,9,7,2,7,0,0,True,False,False,False,False,V1_P0_C0,high,V1_P0_C0__high
000193,train,1224,370,1,1,0,0,1,0,False,True,False,False,False,V0_P1_C0,low,V0_P1_C0__low
000194,train,1242,375,3,3,0,2,1,0,True,True,False,False,False,V1_P1_C0,low,V1_P1_C0__low
000195,train,1242,375,7,2,5,0,1,1,False,True,True,False,False,V0_P1_C1,low,V0_P1_C1__low
000196,train,1242,375,3,1,2,1,0,0,True,False,False,False,False,V1_P0_C0,low,V1_P0_C0__low
000197,val,1242,375,13,6,7,6,0,0,True,False,False,False,False,V1_P0_C0,medium,V1_P0_C0__medium
000198,val,1242,375,3,3,0,3,0,0,True,False,False,False,False,V1_P0_C0,low,V1_P0_C0__low
000199,train,1224,370,1,1,0,0,1,0,False,True,False,False,False,V0_P1_C0,low,V0_P1_C0__low
000200,train,1242,375,4,3,1,2,1,0,True,True,False,False,False,V1_P1_C0,low,V1_P1_C0__low
000201,val,1242,375,13,12,1,8,2,2,True,True,True,False,False,V1_P1_C1,high,V1_P1_C1__high
000202,train,1242,375,1,1,0,1,0,0,True,False,False,False,False,V1_P0_C0,low,V1_P0_C0__low
000203,train,1242,375,5,3,2,2,0,1,True,False,True,False,False,V1_P0_C1,low,V1_P0_C1__low
000204,train,1242,375,7,4,3,4,0,0,True,False,False,False,False,V1_P0_C0,medium,V1_P0_C0__medium
000205,train,1242,375,6,2,4,2,0,0,True,False,False,False,False,V1_P0_C0,low,V1_P0_C0__low
000206,val,1224,370,4,4,0,2,2,0,True,True,False,False,False,V1_P1_C0,medium,V1_P1_C0__medium
000207,train,1242,375,10,4,6,3,1,0,True,True,False,False,False,V1_P1_C0,medium,V1_P1_C0__medium
000208,train,1242,375,3,3,0,2,1,0,True,True,False,False,False,V1_P1_C0,low,V1_P1_C0__low
000209,val,1224,370,1,1,0,0,1,0,False,True,False,False,False,V0_P1_C0,low,V0_P1_C0__low
000210,train,1242,375,9,6,3,6,0,0,True,False,False,False,False,V1_P0_C0,medium,V1_P0_C0__medium
000211,train,1242,375,11,8,3,5,0,3,True,False,True,False,False,V1_P0_C1,high,V1_P0_C1__high
000212,val,1242,375,7,4,3,4,0,0,True,False,False,False,False,V1_P0_C0,medium,V1_P0_C0__medium
000213,train,1242,375,14,10,4,10,0,0,True,False,False,False,False,V1_P0_C0,high,V1_P0_C0__high
000214,val,1242,375,10,6,4,3,0,3,True,False,True,False,False,V1_P0_C1,medium,V1_P0_C1__medium
000215,val,1242,375,2,2,0,2,0,0,True,False,False,False,False,V1_P0_C0,low,V1_P0_C0__low
000216,train,1242,375,7,5,2,5,0,0,True,False,False,False,False,V1_P0_C0,medium,V1_P0_C0__medium
000217,train,1242,375,8,8,0,6,0,2,True,False,True,False,False,V1_P0_C1,high,V1_P0_C1__high
000218,val,1242,375,12,7,5,7,0,0,True,False,False,False,False,V1_P0_C0,high,V1_P0_C0__high
000219,train,1242,375,7,4,3,4,0,0,True,False,False,False,False,V1_P0_C0,medium,V1_P0_C0__medium
000220,train,1242,375,8,2,6,2,0,0,True,False,False,False,False,V1_P0_C0,low,V1_P0_C0__low
000221,train,1242,375,4,3,1,2,1,0,True,True,False,False,False,V1_P1_C0,low,V1_P1_C0__low
000222,train,1242,375,8,7,1,7,0,0,True,False,False,False,False,V1_P0_C0,high,V1_P0_C0__high
000223,val,1242,375,6,4,2,3,1,0,True,True,False,False,False,V1_P1_C0,medium,V1_P1_C0__medium
000224,train,1242,375,6,1,5,1,0,0,True,False,False,False,False,V1_P0_C0,low,V1_P0_C0__low
000225,train,1242,375,6,5,1,5,0,0,True,False,False,False,False,V1_P0_C0,medium,V1_P0_C0__medium
000226,train,1242,375,11,9,2,9,0,0,True,False,False,False,False,V1_P0_C0,high,V1_P0_C0__high
000227,val,1242,375,6,6,0,6,0,0,True,False,False,False,False,V1_P0_C0,medium,V1_P0_C0__medium
000228,train,1242,375,10,5,5,4,1,0,True,True,False,False,False,V1_P1_C0,medium,V1_P1_C0__medium
000229,train,1242,375,6,1,5,1,0,0,True,False,False,False,False,V1_P0_C0,low,V1_P0_C0__low
000230,train,1242,375,6,3,3,3,0,0,True,False,False,False,False,V1_P0_C0,low,V1_P0_C0__low
000231,train,1242,375,8,5,3,5,0,0,True,False,False,False,False,V1_P0_C0,medium,V1_P0_C0__medium
000232,train,1242,375,6,2,4,1,0,1,True,False,True,False,False,V1_P0_C1,low,V1_P0_C1__low
000233,train,1242,375,4,2,2,2,0,0,True,False,False,False,False,V1_P0_C0,low,V1_P0_C0__low
000234,train,1242,375,13,7,6,7,0,0,True,False,False,False,False,V1_P0_C0,high,V1_P0_C0__high
000235,train,1242,375,7,4,3,4,0,0,True,False,False,False,False,V1_P0_C0,medium,V1_P0_C0__medium
000236,train,1241,376,9,9,0,9,0,0,True,False,False,False,False,V1_P0_C0,high,V1_P0_C0__high
000237,train,1242,375,6,3,3,3,0,0,True,False,False,False,False,V1_P0_C0,low,V1_P0_C0__low
000238,train,1242,375,7,3,4,3,0,0,True,False,False,False,False,V1_P0_C0,low,V1_P0_C0__low
000239,train,1242,375,3,2,1,2,0,0,True,False,False,False,False,V1_P0_C0,low,V1_P0_C0__low
000240,val,1242,375,2,1,1,1,0,0,True,False,False,False,False,V1_P0_C0,low,V1_P0_C0__low
000241,train,1242,375,3,2,1,2,0,0,True,False,False,False,False,V1_P0_C0,low,V1_P0_C0__low
000242,train,1242,375,5,3,2,3,0,0,True,False,False,False,False,V1_P0_C0,low,V1_P0_C0__low
000243,train,1242,375,11,5,6,5,0,0,True,False,False,False,False,V1_P0_C0,medium,V1_P0_C0__medium
000244,train,1242,375,11,10,1,10,0,0,True,False,False,False,False,V1_P0_C0,high,V1_P0_C0__high
000245,train,1242,375,5,5,0,4,0,1,True,False,True,False,False,V1_P0_C1,medium,V1_P0_C1__medium
000246,train,1241,376,9,7,2,7,0,0,True,False,False,False,False,V1_P0_C0,high,V1_P0_C0__high
000247,train,1242,375,1,1,0,1,0,0,True,False,False,False,False,V1_P0_C0,low,V1_P0_C0__low
000248,val,1241,376,11,9,2,9,0,0,True,False,False,False,False,V1_P0_C0,high,V1_P0_C0__high
000249,train,1241,376,9,8,1,8,0,0,True,False,False,False,False,V1_P0_C0,high,V1_P0_C0__high
000250,train,1242,375,4,3,1,3,0,0,True,False,False,False,False,V1_P0_C0,low,V1_P0_C0__low
000251,train,1238,374,6,2,4,0,2,0,False,True,False,False,False,V0_P1_C0,low,V0_P1_C0__low
000252,train,1242,375,4,4,0,4,0,0,True,False,False,False,False,V1_P0_C0,medium,V1_P0_C0__medium
000253,train,1242,375,4,3,1,3,0,0,True,False,False,False,False,V1_P0_C0,low,V1_P0_C0__low
000254,train,1242,375,11,11,0,9,0,2,True,False,True,False,False,V1_P0_C1,high,V1_P0_C1__high
000255,val,1242,375,2,2,0,2,0,0,True,False,False,False,False,V1_P0_C0,low,V1_P0_C0__low
000256,train,1242,375,6,3,3,3,0,0,True,False,False,False,False,V1_P0_C0,low,V1_P0_C0__low
000257,train,1242,375,6,2,4,2,0,0,True,False,False,False,False,V1_P0_C0,low,V1_P0_C0__low
000258,train,1242,375,5,5,0,5,0,0,True,False,False,False,False,V1_P0_C0,medium,V1_P0_C0__medium
000259,train,1238,374,5,4,1,4,0,0,True,False,False,False,False,V1_P0_C0,medium,V1_P0_C0__medium
000260,train,1242,375,4,2,2,2,0,0,True,False,False,False,False,V1_P0_C0,low,V1_P0_C0__low
000261,train,1242,375,7,4,3,4,0,0,True,False,False,False,False,V1_P0_C0,medium,V1_P0_C0__medium
000262,val,1242,375,9,7,2,7,0,0,True,False,False,False,False,V1_P0_C0,high,V1_P0_C0__high
000263,train,1224,370,1,1,0,0,1,0,False,True,False,False,False,V0_P1_C0,low,V0_P1_C0__low
000264,train,1242,375,18,17,1,16,1,0,True,True,False,False,False,V1_P1_C0,high,V1_P1_C0__high
000265,train,1242,375,12,5,7,0,2,3,False,True,True,False,False,V0_P1_C1,medium,V0_P1_C1__medium
000266,train,1242,375,14,11,3,7,2,2,True,True,True,False,False,V1_P1_C1,high,V1_P1_C1__high
000267,train,1242,375,6,3,3,3,0,0,True,False,False,False,False,V1_P0_C0,low,V1_P0_C0__low
000268,train,1242,375,6,3,3,2,0,1,True,False,True,False,False,V1_P0_C1,low,V1_P0_C1__low
000269,train,1242,375,8,7,1,7,0,0,True,False,False,False,False,V1_P0_C0,high,V1_P0_C0__high
000270,train,1242,375,7,3,4,3,0,0,True,False,False,False,False,V1_P0_C0,low,V1_P0_C0__low
000271,val,1242,375,7,5,2,4,0,1,True,False,True,False,False,V1_P0_C1,medium,V1_P0_C1__medium
000272,train,1242,375,3,1,2,1,0,0,True,False,False,False,False,V1_P0_C0,low,V1_P0_C0__low
000273,train,1242,375,17,14,3,13,1,0,True,True,False,False,False,V1_P1_C0,high,V1_P1_C0__high
000274,val,1242,375,16,14,2,12,1,1,True,True,True,False,False,V1_P1_C1,high,V1_P1_C1__high
000275,val,1242,375,10,9,1,6,3,0,True,True,False,False,False,V1_P1_C0,high,V1_P1_C0__high
000276,train,1242,375,5,5,0,5,0,0,True,False,False,False,False,V1_P0_C0,medium,V1_P0_C0__medium
000277,train,1242,375,17,10,7,1,8,1,True,True,True,False,False,V1_P1_C1,high,V1_P1_C1__high
000278,train,1242,375,2,2,0,2,0,0,True,False,False,False,False,V1_P0_C0,low,V1_P0_C0__low
000279,train,1242,375,8,7,1,7,0,0,True,False,False,False,False,V1_P0_C0,high,V1_P0_C0__high
000280,train,1242,375,2,2,0,2,0,0,True,False,False,False,False,V1_P0_C0,low,V1_P0_C0__low
000281,train,1242,375,7,3,4,3,0,0,True,False,False,False,False,V1_P0_C0,low,V1_P0_C0__low
000282,train,1242,375,4,2,2,2,0,0,True,False,False,False,False,V1_P0_C0,low,V1_P0_C0__low
000283,train,1242,375,3,3,0,3,0,0,True,False,False,False,False,V1_P0_C0,low,V1_P0_C0__low
000284,train,1242,375,10,9,1,9,0,0,True,False,False,False,False,V1_P0_C0,high,V1_P0_C0__high
000285,val,1242,375,14,14,0,14,0,0,True,False,False,False,False,V1_P0_C0,high,V1_P0_C0__high
000286,val,1242,375,13,12,1,11,1,0,True,True,False,False,False,V1_P1_C0,high,V1_P1_C0__high
000287,train,1242,375,4,2,2,0,2,0,False,True,False,False,False,V0_P1_C0,low,V0_P1_C0__low
000288,train,1224,370,1,1,0,0,1,0,False,True,False,False,False,V0_P1_C0,low,V0_P1_C0__low
000289,val,1241,376,3,3,0,3,0,0,True,False,False,False,False,V1_P0_C0,low,V1_P0_C0__low
000290,train,1224,370,1,1,0,0,1,0,False,True,False,False,False,V0_P1_C0,low,V0_P1_C0__low
000291,train,1242,375,6,4,2,4,0,0,True,False,False,False,False,V1_P0_C0,medium,V1_P0_C0__medium
000292,train,1242,375,4,2,2,1,1,0,True,True,False,False,False,V1_P1_C0,low,V1_P1_C0__low
000293,val,1242,375,3,3,0,3,0,0,True,False,False,False,False,V1_P0_C0,low,V1_P0_C0__low
000294,train,1224,370,1,1,0,0,1,0,False,True,False,False,False,V0_P1_C0,low,V0_P1_C0__low
000295,val,1242,375,8,3,5,2,0,1,True,False,True,False,False,V1_P0_C1,low,V1_P0_C1__low
000296,train,1242,375,9,5,4,5,0,0,True,False,False,False,False,V1_P0_C0,medium,V1_P0_C0__medium
000297,train,1242,375,9,6,3,6,0,0,True,False,False,False,False,V1_P0_C0,medium,V1_P0_C0__medium
000298,val,1224,370,1,1,0,0,1,0,False,True,False,False,False,V0_P1_C0,low,V0_P1_C0__low
000299,train,1242,375,2,1,1,1,0,0,True,False,False,False,False,V1_P0_C0,low,V1_P0_C0__low
000300,train,1242,375,6,2,4,2,0,0,True,False,False,False,False,V1_P0_C0,low,V1_P0_C0__low
000301,val,1241,376,7,7,0,7,0,0,True,False,False,False,False,V1_P0_C0,high,V1_P0_C0__high
000302,train,1238,374,4,3,1,3,0,0,True,False,False,False,False,V1_P0_C0,low,V1_P0_C0__low
000303,train,1242,375,9,7,2,3,4,0,True,True,False,False,False,V1_P1_C0,high,V1_P1_C0__high
000304,val,1242,375,2,1,1,1,0,0,True,False,False,False,False,V1_P0_C0,low,V1_P0_C0__low
000305,train,1238,374,6,5,1,5,0,0,True,False,False,False,False,V1_P0_C0,medium,V1_P0_C0__medium
000306,val,1242,375,7,3,4,2,0,1,True,False,True,False,False,V1_P0_C1,low,V1_P0_C1__low
000307,train,1242,375,7,4,3,2,0,2,True,False,True,False,False,V1_P0_C1,medium,V1_P0_C1__medium
000308,train,1224,370,10,5,5,2,2,1,True,True,True,False,False,V1_P1_C1,medium,V1_P1_C1__medium
000309,train,1242,375,5,4,1,4,0,0,True,False,False,False,False,V1_P0_C0,medium,V1_P0_C0__medium
000310,train,1242,375,12,10,2,9,0,1,True,False,True,False,False,V1_P0_C1,high,V1_P0_C1__high
000311,train,1242,375,11,10,1,7,3,0,True,True,False,False,False,V1_P1_C0,high,V1_P1_C0__high
000312,train,1242,375,6,5,1,4,1,0,True,True,False,False,False,V1_P1_C0,medium,V1_P1_C0__medium
000313,train,1242,375,7,1,6,1,0,0,True,False,False,False,False,V1_P0_C0,low,V1_P0_C0__low
000314,train,1242,375,7,4,3,4,0,0,True,False,False,False,False,V1_P0_C0,medium,V1_P0_C0__medium
000315,train,1242,375,4,3,1,3,0,0,True,False,False,False,False,V1_P0_C0,low,V1_P0_C0__low
000316,train,1242,375,12,12,0,11,1,0,True,True,False,False,False,V1_P1_C0,high,V1_P1_C0__high
000317,train,1224,370,14,10,4,0,6,4,False,True,True,False,False,V0_P1_C1,high,V0_P1_C1__high
000318,val,1242,375,7,5,2,5,0,0,True,False,False,False,False,V1_P0_C0,medium,V1_P0_C0__medium
000319,train,1242,375,4,4,0,4,0,0,True,False,False,False,False,V1_P0_C0,medium,V1_P0_C0__medium
000320,train,1242,375,7,5,2,4,0,1,True,False,True,False,False,V1_P0_C1,medium,V1_P0_C1__medium
000321,train,1242,375,5,4,1,4,0,0,True,False,False,False,False,V1_P0_C0,medium,V1_P0_C0__medium
000322,train,1242,375,3,2,1,2,0,0,True,False,False,False,False,V1_P0_C0,low,V1_P0_C0__low
000323,train,1242,375,7,6,1,6,0,0,True,False,False,False,False,V1_P0_C0,medium,V1_P0_C0__medium
000324,val,1224,370,1,1,0,0,1,0,False,True,False,False,False,V0_P1_C0,low,V0_P1_C0__low
000325,train,1242,375,8,8,0,7,0,1,True,False,True,False,False,V1_P0_C1,high,V1_P0_C1__high
000326,train,1242,375,5,2,3,2,0,0,True,False,False,False,False,V1_P0_C0,low,V1_P0_C0__low
000327,train,1224,370,1,1,0,0,1,0,False,True,False,False,False,V0_P1_C0,low,V0_P1_C0__low
000328,train,1242,375,11,11,0,10,0,1,True,False,True,False,False,V1_P0_C1,high,V1_P0_C1__high
000329,val,1242,375,8,3,5,2,1,0,True,True,False,False,False,V1_P1_C0,low,V1_P1_C0__low
000330,train,1242,375,10,10,0,9,1,0,True,True,False,False,False,V1_P1_C0,high,V1_P1_C0__high
000331,train,1242,375,3,3,0,2,0,1,True,False,True,False,False,V1_P0_C1,low,V1_P0_C1__low
000332,val,1238,374,13,12,1,1,11,0,True,True,False,False,False,V1_P1_C0,high,V1_P1_C0__high
000333,train,1224,370,6,4,2,3,0,1,True,False,True,False,False,V1_P0_C1,medium,V1_P0_C1__medium
000334,train,1242,375,3,2,1,2,0,0,True,False,False,False,False,V1_P0_C0,low,V1_P0_C0__low
000335,train,1242,375,8,7,1,6,0,1,True,False,True,False,False,V1_P0_C1,high,V1_P0_C1__high
000336,val,1238,374,16,13,3,3,10,0,True,True,False,False,False,V1_P1_C0,high,V1_P1_C0__high
000337,train,1224,370,1,1,0,0,1,0,False,True,False,False,False,V0_P1_C0,low,V0_P1_C0__low
000338,train,1224,370,9,8,1,8,0,0,True,False,False,False,False,V1_P0_C0,high,V1_P0_C0__high
000339,train,1242,375,14,11,3,9,1,1,True,True,True,False,False,V1_P1_C1,high,V1_P1_C1__high
000340,train,1242,375,7,4,3,4,0,0,True,False,False,False,False,V1_P0_C0,medium,V1_P0_C0__medium
000341,train,1238,374,9,7,2,1,6,0,True,True,False,False,False,V1_P1_C0,high,V1_P1_C0__high
000342,train,1242,375,9,4,5,0,4,0,False,True,False,False,False,V0_P1_C0,medium,V0_P1_C0__medium
000343,train,1242,375,6,4,2,4,0,0,True,False,False,False,False,V1_P0_C0,medium,V1_P0_C0__medium
000344,train,1242,375,7,5,2,5,0,0,True,False,False,False,False,V1_P0_C0,medium,V1_P0_C0__medium
000345,train,1241,376,7,6,1,6,0,0,True,False,False,False,False,V1_P0_C0,medium,V1_P0_C0__medium
000346,train,1242,375,12,9,3,9,0,0,True,False,False,False,False,V1_P0_C0,high,V1_P0_C0__high
000347,val,1242,375,6,4,2,2,0,2,True,False,True,False,False,V1_P0_C1,medium,V1_P0_C1__medium
000348,train,1242,375,10,10,0,9,1,0,True,True,False,False,False,V1_P1_C0,high,V1_P1_C0__high
000349,train,1242,375,4,3,1,3,0,0,True,False,False,False,False,V1_P0_C0,low,V1_P0_C0__low
000350,val,1242,375,12,9,3,9,0,0,True,False,False,False,False,V1_P0_C0,high,V1_P0_C0__high
000351,train,1241,376,9,8,1,8,0,0,True,False,False,False,False,V1_P0_C0,high,V1_P0_C0__high
000352,val,1242,375,12,11,1,11,0,0,True,False,False,False,False,V1_P0_C0,high,V1_P0_C0__high
000353,train,1242,375,2,2,0,2,0,0,True,False,False,False,False,V1_P0_C0,low,V1_P0_C0__low
000354,train,1242,375,10,6,4,5,0,1,True,False,True,False,False,V1_P0_C1,medium,V1_P0_C1__medium
000355,train,1242,375,4,3,1,3,0,0,True,False,False,False,False,V1_P0_C0,low,V1_P0_C0__low
000356,train,1242,375,10,8,2,8,0,0,True,False,False,False,False,V1_P0_C0,high,V1_P0_C0__high
000357,train,1241,376,11,10,1,10,0,0,True,False,False,False,False,V1_P0_C0,high,V1_P0_C0__high
000358,val,1242,375,6,4,2,4,0,0,True,False,False,False,False,V1_P0_C0,medium,V1_P0_C0__medium
000359,train,1242,375,8,3,5,3,0,0,True,False,False,False,False,V1_P0_C0,low,V1_P0_C0__low
000360,train,1242,375,6,5,1,4,0,1,True,False,True,False,False,V1_P0_C1,medium,V1_P0_C1__medium
000361,val,1242,375,12,7,5,7,0,0,True,False,False,False,False,V1_P0_C0,high,V1_P0_C0__high
000362,train,1242,375,14,10,4,8,0,2,True,False,True,False,False,V1_P0_C1,high,V1_P0_C1__high
000363,train,1242,375,7,4,3,4,0,0,True,False,False,False,False,V1_P0_C0,medium,V1_P0_C0__medium
000364,train,1242,375,6,3,3,0,3,0,False,True,False,False,False,V0_P1_C0,low,V0_P1_C0__low
000365,train,1224,370,1,1,0,0,1,0,False,True,False,False,False,V0_P1_C0,low,V0_P1_C0__low
000366,train,1224,370,10,6,4,2,2,2,True,True,True,False,False,V1_P1_C1,medium,V1_P1_C1__medium
000367,train,1242,375,5,1,4,1,0,0,True,False,False,False,False,V1_P0_C0,low,V1_P0_C0__low
000368,train,1224,370,1,1,0,0,1,0,False,True,False,False,False,V0_P1_C0,low,V0_P1_C0__low
000369,train,1241,376,15,13,2,13,0,0,True,False,False,False,False,V1_P0_C0,high,V1_P0_C0__high
000370,train,1242,375,9,9,0,9,0,0,True,False,False,False,False,V1_P0_C0,high,V1_P0_C0__high
000371,val,1242,375,13,12,1,11,1,0,True,True,False,False,False,V1_P1_C0,high,V1_P1_C0__high
000372,train,1242,375,7,3,4,3,0,0,True,False,False,False,False,V1_P0_C0,low,V1_P0_C0__low
000373,train,1242,375,6,5,1,5,0,0,True,False,False,False,False,V1_P0_C0,medium,V1_P0_C0__medium
000374,train,1242,375,7,5,2,5,0,0,True,False,False,False,False,V1_P0_C0,medium,V1_P0_C0__medium
000375,val,1238,374,3,1,2,1,0,0,True,False,False,False,False,V1_P0_C0,low,V1_P0_C0__low
000376,val,1242,375,7,4,3,3,0,1,True,False,True,False,False,V1_P0_C1,medium,V1_P0_C1__medium
000377,train,1242,375,7,5,2,5,0,0,True,False,False,False,False,V1_P0_C0,medium,V1_P0_C0__medium
000378,train,1242,375,4,3,1,3,0,0,True,False,False,False,False,V1_P0_C0,low,V1_P0_C0__low
000379,train,1242,375,7,4,3,3,0,1,True,False,True,False,False,V1_P0_C1,medium,V1_P0_C1__medium
000380,train,1242,375,11,9,2,6,2,1,True,True,True,False,False,V1_P1_C1,high,V1_P1_C1__high
000381,train,1224,370,1,1,0,0,1,0,False,True,False,False,False,V0_P1_C0,low,V0_P1_C0__low
000382,train,1242,375,9,8,1,7,0,1,True,False,True,False,False,V1_P0_C1,high,V1_P0_C1__high
000383,val,1224,370,13,12,1,3,6,3,True,True,True,False,False,V1_P1_C1,high,V1_P1_C1__high
000384,train,1224,370,17,16,1,4,12,0,True,True,False,False,False,V1_P1_C0,high,V1_P1_C0__high
000385,val,1242,375,8,5,3,5,0,0,True,False,False,False,False,V1_P0_C0,medium,V1_P0_C0__medium
000386,train,1241,376,9,9,0,9,0,0,True,False,False,False,False,V1_P0_C0,high,V1_P0_C0__high
000387,train,1242,375,5,4,1,4,0,0,True,False,False,False,False,V1_P0_C0,medium,V1_P0_C0__medium
000388,train,1242,375,4,2,2,2,0,0,True,False,False,False,False,V1_P0_C0,low,V1_P0_C0__low
000389,train,1242,375,9,9,0,9,0,0,True,False,False,False,False,V1_P0_C0,high,V1_P0_C0__high
000390,train,1242,375,2,2,0,2,0,0,True,False,False,False,False,V1_P0_C0,low,V1_P0_C0__low
000391,train,1241,376,6,4,2,4,0,0,True,False,False,False,False,V1_P0_C0,medium,V1_P0_C0__medium
000392,val,1242,375,15,11,4,11,0,0,True,False,False,False,False,V1_P0_C0,high,V1_P0_C0__high
000393,train,1242,375,12,9,3,9,0,0,True,False,False,False,False,V1_P0_C0,high,V1_P0_C0__high
000394,train,1242,375,9,3,6,2,1,0,True,True,False,False,False,V1_P1_C0,low,V1_P1_C0__low
000395,val,1242,375,14,12,2,12,0,0,True,False,False,False,False,V1_P0_C0,high,V1_P0_C0__high
000396,val,1242,375,2,2,0,2,0,0,True,False,False,False,False,V1_P0_C0,low,V1_P0_C0__low
000397,val,1242,375,16,7,9,6,1,0,True,True,False,False,False,V1_P1_C0,high,V1_P1_C0__high
000398,train,1224,370,1,1,0,0,1,0,False,True,False,False,False,V0_P1_C0,low,V0_P1_C0__low
000399,train,1242,375,4,3,1,3,0,0,True,False,False,False,False,V1_P0_C0,low,V1_P0_C0__low
000400,train,1242,375,7,5,2,5,0,0,True,False,False,False,False,V1_P0_C0,medium,V1_P0_C0__medium
000401,train,1242,375,11,10,1,7,3,0,True,True,False,False,False,V1_P1_C0,high,V1_P1_C0__high
000402,train,1242,375,7,4,3,4,0,0,True,False,False,False,False,V1_P0_C0,medium,V1_P0_C0__medium
000403,val,1242,375,8,5,3,5,0,0,True,False,False,False,False,V1_P0_C0,medium,V1_P0_C0__medium
000404,train,1241,376,13,12,1,12,0,0,True,False,False,False,False,V1_P0_C0,high,V1_P0_C0__high
000405,val,1242,375,9,6,3,6,0,0,True,False,False,False,False,V1_P0_C0,medium,V1_P0_C0__medium
000406,train,1242,375,2,1,1,1,0,0,True,False,False,False,False,V1_P0_C0,low,V1_P0_C0__low
000407,train,1224,370,1,1,0,0,1,0,False,True,False,False,False,V0_P1_C0,low,V0_P1_C0__low
000408,train,1242,375,9,8,1,7,0,1,True,False,True,False,False,V1_P0_C1,high,V1_P0_C1__high
000409,train,1242,375,3,3,0,2,0,1,True,False,True,False,False,V1_P0_C1,low,V1_P0_C1__low
000410,train,1242,375,8,7,1,7,0,0,True,False,False,False,False,V1_P0_C0,high,V1_P0_C0__high
000411,train,1242,375,3,2,1,2,0,0,True,False,False,False,False,V1_P0_C0,low,V1_P0_C0__low
000412,train,1242,375,8,7,1,3,4,0,True,True,False,False,False,V1_P1_C0,high,V1_P1_C0__high
000413,train,1242,375,6,3,3,3,0,0,True,False,False,False,False,V1_P0_C0,low,V1_P0_C0__low
000414,train,1242,375,1,1,0,1,0,0,True,False,False,False,False,V1_P0_C0,low,V1_P0_C0__low
000415,train,1242,375,13,11,2,11,0,0,True,False,False,False,False,V1_P0_C0,high,V1_P0_C0__high
000416,train,1242,375,4,2,2,2,0,0,True,False,False,False,False,V1_P0_C0,low,V1_P0_C0__low
000417,train,1242,375,11,2,9,2,0,0,True,False,False,False,False,V1_P0_C0,low,V1_P0_C0__low
000418,val,1242,375,5,3,2,3,0,0,True,False,False,False,False,V1_P0_C0,low,V1_P0_C0__low
000419,train,1241,376,3,3,0,3,0,0,True,False,False,False,False,V1_P0_C0,low,V1_P0_C0__low
000420,train,1242,375,5,5,0,5,0,0,True,False,False,False,False,V1_P0_C0,medium,V1_P0_C0__medium
000421,val,1242,375,9,7,2,7,0,0,True,False,False,False,False,V1_P0_C0,high,V1_P0_C0__high
000422,train,1238,374,9,8,1,1,6,1,True,True,True,False,False,V1_P1_C1,high,V1_P1_C1__high
000423,train,1242,375,15,14,1,13,1,0,True,True,False,False,False,V1_P1_C0,high,V1_P1_C0__high
000424,train,1242,375,15,8,7,7,0,1,True,False,True,False,False,V1_P0_C1,high,V1_P0_C1__high
000425,train,1242,375,15,7,8,7,0,0,True,False,False,False,False,V1_P0_C0,high,V1_P0_C0__high
000426,train,1242,375,7,4,3,4,0,0,True,False,False,False,False,V1_P0_C0,medium,V1_P0_C0__medium
000427,val,1241,376,11,7,4,7,0,0,True,False,False,False,False,V1_P0_C0,high,V1_P0_C0__high
000428,train,1224,370,6,4,2,1,3,0,True,True,False,False,False,V1_P1_C0,medium,V1_P1_C0__medium
000429,train,1242,375,12,10,2,10,0,0,True,False,False,False,False,V1_P0_C0,high,V1_P0_C0__high
000430,train,1242,375,6,4,2,4,0,0,True,False,False,False,False,V1_P0_C0,medium,V1_P0_C0__medium
000431,val,1242,375,7,2,5,2,0,0,True,False,False,False,False,V1_P0_C0,low,V1_P0_C0__low
000432,train,1242,375,16,15,1,15,0,0,True,False,False,False,False,V1_P0_C0,high,V1_P0_C0__high
000433,train,1242,375,7,4,3,4,0,0,True,False,False,False,False,V1_P0_C0,medium,V1_P0_C0__medium
000434,train,1242,375,1,1,0,1,0,0,True,False,False,False,False,V1_P0_C0,low,V1_P0_C0__low
000435,train,1242,375,5,5,0,4,0,1,True,False,True,False,False,V1_P0_C1,medium,V1_P0_C1__medium
000436,val,1242,375,13,11,2,8,3,0,True,True,False,False,False,V1_P1_C0,high,V1_P1_C0__high
000437,train,1242,375,3,2,1,2,0,0,True,False,False,False,False,V1_P0_C0,low,V1_P0_C0__low
000438,train,1242,375,6,2,4,2,0,0,True,False,False,False,False,V1_P0_C0,low,V1_P0_C0__low
000439,train,1224,370,9,7,2,7,0,0,True,False,False,False,False,V1_P0_C0,high,V1_P0_C0__high
000440,train,1242,375,8,2,6,2,0,0,True,False,False,False,False,V1_P0_C0,low,V1_P0_C0__low
000441,train,1242,375,13,7,6,7,0,0,True,False,False,False,False,V1_P0_C0,high,V1_P0_C0__high
000442,train,1242,375,12,7,5,6,1,0,True,True,False,False,False,V1_P1_C0,high,V1_P1_C0__high
000443,train,1242,375,11,8,3,8,0,0,True,False,False,False,False,V1_P0_C0,high,V1_P0_C0__high
000444,train,1242,375,2,1,1,1,0,0,True,False,False,False,False,V1_P0_C0,low,V1_P0_C0__low
000445,train,1242,375,18,17,1,16,1,0,True,True,False,False,False,V1_P1_C0,high,V1_P1_C0__high
000446,train,1242,375,3,2,1,1,0,1,True,False,True,False,False,V1_P0_C1,low,V1_P0_C1__low
000447,train,1242,375,8,6,2,6,0,0,True,False,False,False,False,V1_P0_C0,medium,V1_P0_C0__medium
000448,train,1224,370,10,7,3,2,2,3,True,True,True,False,False,V1_P1_C1,high,V1_P1_C1__high
000449,train,1242,375,10,6,4,5,0,1,True,False,True,False,False,V1_P0_C1,medium,V1_P0_C1__medium
000450,train,1242,375,4,3,1,3,0,0,True,False,False,False,False,V1_P0_C0,low,V1_P0_C0__low
000451,train,1242,375,3,2,1,2,0,0,True,False,False,False,False,V1_P0_C0,low,V1_P0_C0__low
000452,train,1242,375,8,3,5,3,0,0,True,False,False,False,False,V1_P0_C0,low,V1_P0_C0__low
000453,val,1224,370,8,5,3,4,0,1,True,False,True,False,False,V1_P0_C1,medium,V1_P0_C1__medium
000454,train,1242,375,5,3,2,3,0,0,True,False,False,False,False,V1_P0_C0,low,V1_P0_C0__low
000455,val,1242,375,10,8,2,8,0,0,True,False,False,False,False,V1_P0_C0,high,V1_P0_C0__high
000456,train,1242,375,3,2,1,2,0,0,True,False,False,False,False,V1_P0_C0,low,V1_P0_C0__low
000457,train,1242,375,4,3,1,3,0,0,True,False,False,False,False,V1_P0_C0,low,V1_P0_C0__low
000458,train,1242,375,5,5,0,5,0,0,True,False,False,False,False,V1_P0_C0,medium,V1_P0_C0__medium
000459,train,1242,375,5,4,1,4,0,0,True,False,False,False,False,V1_P0_C0,medium,V1_P0_C0__medium
000460,train,1224,370,7,5,2,1,2,2,True,True,True,False,False,V1_P1_C1,medium,V1_P1_C1__medium
000461,train,1242,375,9,3,6,2,0,1,True,False,True,False,False,V1_P0_C1,low,V1_P0_C1__low
000462,train,1242,375,13,12,1,8,4,0,True,True,False,False,False,V1_P1_C0,high,V1_P1_C0__high
000463,val,1242,375,10,9,1,8,0,1,True,False,True,False,False,V1_P0_C1,high,V1_P0_C1__high
000464,train,1242,375,7,7,0,3,3,1,True,True,True,False,False,V1_P1_C1,high,V1_P1_C1__high
000465,train,1224,370,1,1,0,0,1,0,False,True,False,False,False,V0_P1_C0,low,V0_P1_C0__low
000466,train,1242,375,4,3,1,3,0,0,True,False,False,False,False,V1_P0_C0,low,V1_P0_C0__low
000467,train,1242,375,2,1,1,1,0,0,True,False,False,False,False,V1_P0_C0,low,V1_P0_C0__low
000468,train,1242,375,9,5,4,4,0,1,True,False,True,False,False,V1_P0_C1,medium,V1_P0_C1__medium
000469,train,1224,370,18,13,5,1,12,0,True,True,False,False,False,V1_P1_C0,high,V1_P1_C0__high
000470,train,1242,375,17,10,7,10,0,0,True,False,False,False,False,V1_P0_C0,high,V1_P0_C0__high
000471,val,1242,375,11,9,2,7,1,1,True,True,True,False,False,V1_P1_C1,high,V1_P1_C1__high
000472,val,1242,375,8,7,1,6,1,0,True,True,False,False,False,V1_P1_C0,high,V1_P1_C0__high
000473,train,1242,375,3,1,2,1,0,0,True,False,False,False,False,V1_P0_C0,low,V1_P0_C0__low
000474,train,1242,375,5,2,3,2,0,0,True,False,False,False,False,V1_P0_C0,low,V1_P0_C0__low
000475,train,1242,375,11,8,3,8,0,0,True,False,False,False,False,V1_P0_C0,high,V1_P0_C0__high
000476,train,1242,375,3,1,2,1,0,0,True,False,False,False,False,V1_P0_C0,low,V1_P0_C0__low
000477,train,1224,370,1,1,0,0,1,0,False,True,False,False,False,V0_P1_C0,low,V0_P1_C0__low
000478,train,1238,374,5,4,1,4,0,0,True,False,False,False,False,V1_P0_C0,medium,V1_P0_C0__medium
000479,train,1242,375,8,5,3,5,0,0,True,False,False,False,False,V1_P0_C0,medium,V1_P0_C0__medium
000480,train,1242,375,8,4,4,4,0,0,True,False,False,False,False,V1_P0_C0,medium,V1_P0_C0__medium
000481,train,1242,375,6,3,3,2,0,1,True,False,True,False,False,V1_P0_C1,low,V1_P0_C1__low
000482,train,1242,375,4,2,2,2,0,0,True,False,False,False,False,V1_P0_C0,low,V1_P0_C0__low
000483,val,1242,375,11,9,2,9,0,0,True,False,False,False,False,V1_P0_C0,high,V1_P0_C0__high
000484,train,1242,375,9,7,2,6,1,0,True,True,False,False,False,V1_P1_C0,high,V1_P1_C0__high
000485,train,1242,375,7,4,3,4,0,0,True,False,False,False,False,V1_P0_C0,medium,V1_P0_C0__medium
000486,train,1242,375,10,8,2,6,2,0,True,True,False,False,False,V1_P1_C0,high,V1_P1_C0__high
000487,train,1242,375,7,3,4,0,3,0,False,True,False,False,False,V0_P1_C0,low,V0_P1_C0__low
000488,train,1242,375,12,9,3,9,0,0,True,False,False,False,False,V1_P0_C0,high,V1_P0_C0__high
000489,train,1242,375,5,2,3,2,0,0,True,False,False,False,False,V1_P0_C0,low,V1_P0_C0__low
000490,train,1242,375,15,9,6,8,1,0,True,True,False,False,False,V1_P1_C0,high,V1_P1_C0__high
000491,train,1242,375,7,5,2,5,0,0,True,False,False,False,False,V1_P0_C0,medium,V1_P0_C0__medium
000492,train,1241,376,11,11,0,11,0,0,True,False,False,False,False,V1_P0_C0,high,V1_P0_C0__high
000493,train,1242,375,8,4,4,4,0,0,True,False,False,False,False,V1_P0_C0,medium,V1_P0_C0__medium
000494,val,1242,375,8,6,2,6,0,0,True,False,False,False,False,V1_P0_C0,medium,V1_P0_C0__medium
000495,train,1224,370,7,5,2,4,0,1,True,False,True,False,False,V1_P0_C1,medium,V1_P0_C1__medium
000496,train,1238,374,9,3,6,0,3,0,False,True,False,False,False,V0_P1_C0,low,V0_P1_C0__low
000497,val,1242,375,12,9,3,9,0,0,True,False,False,False,False,V1_P0_C0,high,V1_P0_C0__high
000498,val,1224,370,1,1,0,0,1,0,False,True,False,False,False,V0_P1_C0,low,V0_P1_C0__low
000499,train,1242,375,3,1,2,0,1,0,False,True,False,False,False,V0_P1_C0,low,V0_P1_C0__low
000500,train,1242,375,16,14,2,14,0,0,True,False,False,False,False,V1_P0_C0,high,V1_P0_C0__high
000501,train,1242,375,8,3,5,2,0,1,True,False,True,False,False,V1_P0_C1,low,V1_P0_C1__low
000502,val,1242,375,12,11,1,8,3,0,True,True,False,False,False,V1_P1_C0,high,V1_P1_C0__high
000503,train,1242,375,5,4,1,4,0,0,True,False,False,False,False,V1_P0_C0,medium,V1_P0_C0__medium
000504,train,1242,375,2,2,0,2,0,0,True,False,False,False,False,V1_P0_C0,low,V1_P0_C0__low
000505,val,1224,370,7,5,2,2,1,2,True,True,True,False,False,V1_P1_C1,medium,V1_P1_C1__medium
000506,val,1242,375,8,4,4,4,0,0,True,False,False,False,False,V1_P0_C0,medium,V1_P0_C0__medium
000507,train,1242,375,3,3,0,3,0,0,True,False,False,False,False,V1_P0_C0,low,V1_P0_C0__low
000508,train,1242,375,4,3,1,3,0,0,True,False,False,False,False,V1_P0_C0,low,V1_P0_C0__low
000509,train,1224,370,1,1,0,0,1,0,False,True,False,False,False,V0_P1_C0,low,V0_P1_C0__low
000510,val,1242,375,8,7,1,7,0,0,True,False,False,False,False,V1_P0_C0,high,V1_P0_C0__high
000511,train,1242,375,9,6,3,6,0,0,True,False,False,False,False,V1_P0_C0,medium,V1_P0_C0__medium
000512,train,1242,375,5,2,3,2,0,0,True,False,False,False,False,V1_P0_C0,low,V1_P0_C0__low
000513,train,1242,375,14,14,0,14,0,0,True,False,False,False,False,V1_P0_C0,high,V1_P0_C0__high
000514,val,1242,375,7,2,5,1,0,1,True,False,True,False,False,V1_P0_C1,low,V1_P0_C1__low
000515,train,1241,376,9,9,0,9,0,0,True,False,False,False,False,V1_P0_C0,high,V1_P0_C0__high
000516,train,1242,375,6,4,2,4,0,0,True,False,False,False,False,V1_P0_C0,medium,V1_P0_C0__medium
000517,train,1238,374,5,4,1,4,0,0,True,False,False,False,False,V1_P0_C0,medium,V1_P0_C0__medium
000518,train,1242,375,15,9,6,1,6,2,True,True,True,False,False,V1_P1_C1,high,V1_P1_C1__high
000519,val,1242,375,15,12,3,11,0,1,True,False,True,False,False,V1_P0_C1,high,V1_P0_C1__high
000520,train,1224,370,1,1,0,0,1,0,False,True,False,False,False,V0_P1_C0,low,V0_P1_C0__low
000521,val,1242,375,7,4,3,4,0,0,True,False,False,False,False,V1_P0_C0,medium,V1_P0_C0__medium
000522,val,1242,375,10,8,2,4,4,0,True,True,False,False,False,V1_P1_C0,high,V1_P1_C0__high
000523,train,1242,375,5,2,3,2,0,0,True,False,False,False,False,V1_P0_C0,low,V1_P0_C0__low
000524,train,1242,375,4,3,1,3,0,0,True,False,False,False,False,V1_P0_C0,low,V1_P0_C0__low
000525,val,1242,375,2,1,1,1,0,0,True,False,False,False,False,V1_P0_C0,low,V1_P0_C0__low
000526,train,1238,374,2,1,1,1,0,0,True,False,False,False,False,V1_P0_C0,low,V1_P0_C0__low
000527,val,1241,376,8,7,1,7,0,0,True,False,False,False,False,V1_P0_C0,high,V1_P0_C0__high
000528,val,1242,375,6,5,1,4,0,1,True,False,True,False,False,V1_P0_C1,medium,V1_P0_C1__medium
000529,train,1242,375,11,7,4,4,0,3,True,False,True,False,False,V1_P0_C1,high,V1_P0_C1__high
000530,train,1224,370,6,4,2,1,3,0,True,True,False,False,False,V1_P1_C0,medium,V1_P1_C0__medium
000531,train,1242,375,14,12,2,12,0,0,True,False,False,False,False,V1_P0_C0,high,V1_P0_C0__high
000532,train,1224,370,1,1,0,0,1,0,False,True,False,False,False,V0_P1_C0,low,V0_P1_C0__low
000533,val,1242,375,5,1,4,1,0,0,True,False,False,False,False,V1_P0_C0,low,V1_P0_C0__low
000534,train,1242,375,2,1,1,1,0,0,True,False,False,False,False,V1_P0_C0,low,V1_P0_C0__low
000535,val,1224,370,18,17,1,4,12,1,True,True,True,False,False,V1_P1_C1,high,V1_P1_C1__high
000536,val,1242,375,3,3,0,2,0,1,True,False,True,False,False,V1_P0_C1,low,V1_P0_C1__low
000537,train,1242,375,3,3,0,3,0,0,True,False,False,False,False,V1_P0_C0,low,V1_P0_C0__low
000538,val,1242,375,6,1,5,1,0,0,True,False,False,False,False,V1_P0_C0,low,V1_P0_C0__low
000539,train,1242,375,11,8,3,8,0,0,True,False,False,False,False,V1_P0_C0,high,V1_P0_C0__high
000540,train,1242,375,15,14,1,14,0,0,True,False,False,False,False,V1_P0_C0,high,V1_P0_C0__high
000541,val,1242,375,7,7,0,7,0,0,True,False,False,False,False,V1_P0_C0,high,V1_P0_C0__high
000542,train,1242,375,6,5,1,5,0,0,True,False,False,False,False,V1_P0_C0,medium,V1_P0_C0__medium
000543,train,1242,375,4,3,1,3,0,0,True,False,False,False,False,V1_P0_C0,low,V1_P0_C0__low
000544,train,1242,375,9,2,7,2,0,0,True,False,False,False,False,V1_P0_C0,low,V1_P0_C0__low
000545,train,1242,375,6,4,2,4,0,0,True,False,False,False,False,V1_P0_C0,medium,V1_P0_C0__medium
000546,val,1242,375,1,1,0,1,0,0,True,False,False,False,False,V1_P0_C0,low,V1_P0_C0__low
000547,train,1242,375,2,2,0,2,0,0,True,False,False,False,False,V1_P0_C0,low,V1_P0_C0__low
000548,train,1242,375,10,8,2,5,0,3,True,False,True,False,False,V1_P0_C1,high,V1_P0_C1__high
000549,train,1242,375,15,7,8,7,0,0,True,False,False,False,False,V1_P0_C0,high,V1_P0_C0__high
000550,train,1242,375,4,2,2,2,0,0,True,False,False,False,False,V1_P0_C0,low,V1_P0_C0__low
000551,train,1241,376,7,5,2,5,0,0,True,False,False,False,False,V1_P0_C0,medium,V1_P0_C0__medium
000552,val,1242,375,2,1,1,1,0,0,True,False,False,False,False,V1_P0_C0,low,V1_P0_C0__low
000553,train,1242,375,16,16,0,15,1,0,True,True,False,False,False,V1_P1_C0,high,V1_P1_C0__high
000554,train,1242,375,17,8,9,8,0,0,True,False,False,False,False,V1_P0_C0,high,V1_P0_C0__high
000555,train,1242,375,5,4,1,4,0,0,True,False,False,False,False,V1_P0_C0,medium,V1_P0_C0__medium
000556,train,1242,375,5,2,3,2,0,0,True,False,False,False,False,V1_P0_C0,low,V1_P0_C0__low
000557,val,1238,374,6,6,0,6,0,0,True,False,False,False,False,V1_P0_C0,medium,V1_P0_C0__medium
000558,val,1241,376,10,9,1,9,0,0,True,False,False,False,False,V1_P0_C0,high,V1_P0_C0__high
000559,train,1238,374,11,9,2,1,6,2,True,True,True,False,False,V1_P1_C1,high,V1_P1_C1__high
000560,train,1242,375,4,2,2,1,0,1,True,False,True,False,False,V1_P0_C1,low,V1_P0_C1__low
000561,train,1242,375,4,2,2,2,0,0,True,False,False,False,False,V1_P0_C0,low,V1_P0_C0__low
000562,train,1242,375,8,5,3,5,0,0,True,False,False,False,False,V1_P0_C0,medium,V1_P0_C0__medium
000563,train,1242,375,2,1,1,1,0,0,True,False,False,False,False,V1_P0_C0,low,V1_P0_C0__low
000564,train,1242,375,4,3,1,2,1,0,True,True,False,False,False,V1_P1_C0,low,V1_P1_C0__low
000565,train,1242,375,2,1,1,1,0,0,True,False,False,False,False,V1_P0_C0,low,V1_P0_C0__low
000566,train,1242,375,4,3,1,3,0,0,True,False,False,False,False,V1_P0_C0,low,V1_P0_C0__low
000567,train,1242,375,7,6,1,5,1,0,True,True,False,False,False,V1_P1_C0,medium,V1_P1_C0__medium
000568,train,1242,375,3,1,2,1,0,0,True,False,False,False,False,V1_P0_C0,low,V1_P0_C0__low
000569,val,1242,375,7,2,5,2,0,0,True,False,False,False,False,V1_P0_C0,low,V1_P0_C0__low
000570,val,1242,375,2,1,1,1,0,0,True,False,False,False,False,V1_P0_C0,low,V1_P0_C0__low
000571,train,1238,374,14,12,2,1,11,0,True,True,False,False,False,V1_P1_C0,high,V1_P1_C0__high
000572,train,1241,376,10,9,1,9,0,0,True,False,False,False,False,V1_P0_C0,high,V1_P0_C0__high
000573,val,1242,375,16,10,6,10,0,0,True,False,False,False,False,V1_P0_C0,high,V1_P0_C0__high
000574,train,1242,375,4,1,3,1,0,0,True,False,False,False,False,V1_P0_C0,low,V1_P0_C0__low
000575,train,1242,375,7,6,1,5,0,1,True,False,True,False,False,V1_P0_C1,medium,V1_P0_C1__medium
000576,train,1242,375,11,3,8,3,0,0,True,False,False,False,False,V1_P0_C0,low,V1_P0_C0__low
000577,train,1242,375,6,5,1,5,0,0,True,False,False,False,False,V1_P0_C0,medium,V1_P0_C0__medium
000578,train,1242,375,9,7,2,7,0,0,True,False,False,False,False,V1_P0_C0,high,V1_P0_C0__high
000579,train,1242,375,13,12,1,12,0,0,True,False,False,False,False,V1_P0_C0,high,V1_P0_C0__high
000580,train,1242,375,5,1,4,1,0,0,True,False,False,False,False,V1_P0_C0,low,V1_P0_C0__low
000581,train,1242,375,3,1,2,1,0,0,True,False,False,False,False,V1_P0_C0,low,V1_P0_C0__low
000582,val,1242,375,5,5,0,5,0,0,True,False,False,False,False,V1_P0_C0,medium,V1_P0_C0__medium
000583,train,1242,375,6,4,2,3,0,1,True,False,True,False,False,V1_P0_C1,medium,V1_P0_C1__medium
000584,train,1242,375,2,1,1,1,0,0,True,False,False,False,False,V1_P0_C0,low,V1_P0_C0__low
000585,train,1242,375,5,4,1,3,0,1,True,False,True,False,False,V1_P0_C1,medium,V1_P0_C1__medium
000586,val,1242,375,14,13,1,13,0,0,True,False,False,False,False,V1_P0_C0,high,V1_P0_C0__high
000587,train,1242,375,3,2,1,2,0,0,True,False,False,False,False,V1_P0_C0,low,V1_P0_C0__low
000588,val,1242,375,7,4,3,4,0,0,True,False,False,False,False,V1_P0_C0,medium,V1_P0_C0__medium
000589,train,1242,375,6,4,2,4,0,0,True,False,False,False,False,V1_P0_C0,medium,V1_P0_C0__medium
000590,train,1242,375,20,19,1,18,0,1,True,False,True,False,False,V1_P0_C1,high,V1_P0_C1__high
000591,train,1242,375,9,7,2,7,0,0,True,False,False,False,False,V1_P0_C0,high,V1_P0_C0__high
000592,train,1242,375,10,7,3,7,0,0,True,False,False,False,False,V1_P0_C0,high,V1_P0_C0__high
000593,train,1242,375,2,1,1,1,0,0,True,False,False,False,False,V1_P0_C0,low,V1_P0_C0__low
000594,train,1242,375,6,4,2,4,0,0,True,False,False,False,False,V1_P0_C0,medium,V1_P0_C0__medium
000595,val,1238,374,9,4,5,2,2,0,True,True,False,False,False,V1_P1_C0,medium,V1_P1_C0__medium
000596,train,1242,375,16,10,6,1,8,1,True,True,True,False,False,V1_P1_C1,high,V1_P1_C1__high
000597,train,1242,375,13,12,1,12,0,0,True,False,False,False,False,V1_P0_C0,high,V1_P0_C0__high
000598,train,1224,370,1,1,0,0,1,0,False,True,False,False,False,V0_P1_C0,low,V0_P1_C0__low
000599,val,1242,375,11,9,2,8,1,0,True,True,False,False,False,V1_P1_C0,high,V1_P1_C0__high
000600,train,1241,376,9,9,0,9,0,0,True,False,False,False,False,V1_P0_C0,high,V1_P0_C0__high
000601,train,1242,375,7,4,3,4,0,0,True,False,False,False,False,V1_P0_C0,medium,V1_P0_C0__medium
000602,train,1242,375,5,1,4,1,0,0,True,False,False,False,False,V1_P0_C0,low,V1_P0_C0__low
000603,val,1224,370,9,7,2,7,0,0,True,False,False,False,False,V1_P0_C0,high,V1_P0_C0__high
000604,train,1224,370,2,2,0,1,1,0,True,True,False,False,False,V1_P1_C0,low,V1_P1_C0__low
000605,train,1242,375,4,4,0,4,0,0,True,False,False,False,False,V1_P0_C0,medium,V1_P0_C0__medium
000606,train,1242,375,4,1,3,1,0,0,True,False,False,False,False,V1_P0_C0,low,V1_P0_C0__low
000607,train,1242,375,2,1,1,1,0,0,True,False,False,False,False,V1_P0_C0,low,V1_P0_C0__low
000608,train,1242,375,7,7,0,3,3,1,True,True,True,False,False,V1_P1_C1,high,V1_P1_C1__high
000609,train,1242,375,3,3,0,3,0,0,True,False,False,False,False,V1_P0_C0,low,V1_P0_C0__low
000610,train,1242,375,5,2,3,2,0,0,True,False,False,False,False,V1_P0_C0,low,V1_P0_C0__low
000611,train,1242,375,5,3,2,3,0,0,True,False,False,False,False,V1_P0_C0,low,V1_P0_C0__low
000612,train,1242,375,14,12,2,12,0,0,True,False,False,False,False,V1_P0_C0,high,V1_P0_C0__high
000613,val,1242,375,18,14,4,13,1,0,True,True,False,False,False,V1_P1_C0,high,V1_P1_C0__high
000614,train,1242,375,10,8,2,5,0,3,True,False,True,False,False,V1_P0_C1,high,V1_P0_C1__high
000615,train,1242,375,9,7,2,6,0,1,True,False,True,False,False,V1_P0_C1,high,V1_P0_C1__high
000616,train,1242,375,4,3,1,3,0,0,True,False,False,False,False,V1_P0_C0,low,V1_P0_C0__low
000617,train,1242,375,6,3,3,3,0,0,True,False,False,False,False,V1_P0_C0,low,V1_P0_C0__low
000618,train,1242,375,4,2,2,1,0,1,True,False,True,False,False,V1_P0_C1,low,V1_P0_C1__low
000619,val,1242,375,7,4,3,4,0,0,True,False,False,False,False,V1_P0_C0,medium,V1_P0_C0__medium
000620,train,1242,375,8,6,2,6,0,0,True,False,False,False,False,V1_P0_C0,medium,V1_P0_C0__medium
000621,train,1242,375,4,3,1,3,0,0,True,False,False,False,False,V1_P0_C0,low,V1_P0_C0__low
000622,train,1242,375,5,3,2,2,1,0,True,True,False,False,False,V1_P1_C0,low,V1_P1_C0__low
000623,val,1242,375,12,8,4,8,0,0,True,False,False,False,False,V1_P0_C0,high,V1_P0_C0__high
000624,train,1242,375,5,3,2,3,0,0,True,False,False,False,False,V1_P0_C0,low,V1_P0_C0__low
000625,train,1224,370,15,11,4,1,10,0,True,True,False,False,False,V1_P1_C0,high,V1_P1_C0__high
000626,train,1242,375,7,5,2,5,0,0,True,False,False,False,False,V1_P0_C0,medium,V1_P0_C0__medium
000627,train,1242,375,3,3,0,3,0,0,True,False,False,False,False,V1_P0_C0,low,V1_P0_C0__low
000628,train,1242,375,18,14,4,14,0,0,True,False,False,False,False,V1_P0_C0,high,V1_P0_C0__high
000629,train,1242,375,3,2,1,2,0,0,True,False,False,False,False,V1_P0_C0,low,V1_P0_C0__low
000630,train,1242,375,7,3,4,3,0,0,True,False,False,False,False,V1_P0_C0,low,V1_P0_C0__low
000631,train,1242,375,7,6,1,6,0,0,True,False,False,False,False,V1_P0_C0,medium,V1_P0_C0__medium
000632,train,1242,375,13,11,2,9,1,1,True,True,True,False,False,V1_P1_C1,high,V1_P1_C1__high
000633,train,1224,370,1,1,0,0,1,0,False,True,False,False,False,V0_P1_C0,low,V0_P1_C0__low
000634,train,1242,375,7,5,2,5,0,0,True,False,False,False,False,V1_P0_C0,medium,V1_P0_C0__medium
000635,train,1242,375,6,4,2,4,0,0,True,False,False,False,False,V1_P0_C0,medium,V1_P0_C0__medium
000636,train,1242,375,3,2,1,2,0,0,True,False,False,False,False,V1_P0_C0,low,V1_P0_C0__low
000637,val,1224,370,10,8,2,8,0,0,True,False,False,False,False,V1_P0_C0,high,V1_P0_C0__high
000638,train,1242,375,12,10,2,6,4,0,True,True,False,False,False,V1_P1_C0,high,V1_P1_C0__high
000639,train,1242,375,11,8,3,6,0,2,True,False,True,False,False,V1_P0_C1,high,V1_P0_C1__high
000640,train,1238,374,5,4,1,4,0,0,True,False,False,False,False,V1_P0_C0,medium,V1_P0_C0__medium
000641,train,1242,375,8,7,1,7,0,0,True,False,False,False,False,V1_P0_C0,high,V1_P0_C0__high
000642,train,1242,375,7,4,3,4,0,0,True,False,False,False,False,V1_P0_C0,medium,V1_P0_C0__medium
000643,val,1242,375,14,14,0,14,0,0,True,False,False,False,False,V1_P0_C0,high,V1_P0_C0__high
000644,train,1242,375,3,3,0,2,1,0,True,True,False,False,False,V1_P1_C0,low,V1_P1_C0__low
000645,train,1238,374,4,4,0,4,0,0,True,False,False,False,False,V1_P0_C0,medium,V1_P0_C0__medium
000646,train,1224,370,1,1,0,0,1,0,False,True,False,False,False,V0_P1_C0,low,V0_P1_C0__low
000647,train,1241,376,8,6,2,6,0,0,True,False,False,False,False,V1_P0_C0,medium,V1_P0_C0__medium
000648,train,1242,375,5,3,2,3,0,0,True,False,False,False,False,V1_P0_C0,low,V1_P0_C0__low
000649,val,1242,375,11,6,5,6,0,0,True,False,False,False,False,V1_P0_C0,medium,V1_P0_C0__medium
000650,train,1242,375,7,2,5,2,0,0,True,False,False,False,False,V1_P0_C0,low,V1_P0_C0__low
000651,train,1242,375,9,9,0,9,0,0,True,False,False,False,False,V1_P0_C0,high,V1_P0_C0__high
000652,train,1242,375,6,4,2,4,0,0,True,False,False,False,False,V1_P0_C0,medium,V1_P0_C0__medium
000653,train,1242,375,2,1,1,1,0,0,True,False,False,False,False,V1_P0_C0,low,V1_P0_C0__low
000654,train,1242,375,2,1,1,1,0,0,True,False,False,False,False,V1_P0_C0,low,V1_P0_C0__low
000655,train,1242,375,9,5,4,5,0,0,True,False,False,False,False,V1_P0_C0,medium,V1_P0_C0__medium
000656,train,1238,374,3,2,1,2,0,0,True,False,False,False,False,V1_P0_C0,low,V1_P0_C0__low
000657,train,1242,375,4,2,2,2,0,0,True,False,False,False,False,V1_P0_C0,low,V1_P0_C0__low
000658,train,1242,375,5,2,3,2,0,0,True,False,False,False,False,V1_P0_C0,low,V1_P0_C0__low
000659,train,1242,375,10,3,7,2,0,1,True,False,True,False,False,V1_P0_C1,low,V1_P0_C1__low
000660,train,1242,375,3,2,1,2,0,0,True,False,False,False,False,V1_P0_C0,low,V1_P0_C0__low
000661,train,1242,375,3,2,1,2,0,0,True,False,False,False,False,V1_P0_C0,low,V1_P0_C0__low
000662,train,1242,375,2,2,0,2,0,0,True,False,False,False,False,V1_P0_C0,low,V1_P0_C0__low
000663,train,1242,375,5,2,3,0,2,0,False,True,False,False,False,V0_P1_C0,low,V0_P1_C0__low
000664,train,1238,374,5,5,0,5,0,0,True,False,False,False,False,V1_P0_C0,medium,V1_P0_C0__medium
000665,train,1242,375,2,1,1,1,0,0,True,False,False,False,False,V1_P0_C0,low,V1_P0_C0__low
000666,val,1242,375,12,7,5,7,0,0,True,False,False,False,False,V1_P0_C0,high,V1_P0_C0__high
000667,train,1242,375,8,7,1,7,0,0,True,False,False,False,False,V1_P0_C0,high,V1_P0_C0__high
000668,val,1242,375,11,6,5,6,0,0,True,False,False,False,False,V1_P0_C0,medium,V1_P0_C0__medium
000669,train,1241,376,11,11,0,11,0,0,True,False,False,False,False,V1_P0_C0,high,V1_P0_C0__high
000670,train,1242,375,3,1,2,1,0,0,True,False,False,False,False,V1_P0_C0,low,V1_P0_C0__low
000671,val,1224,370,1,1,0,0,1,0,False,True,False,False,False,V0_P1_C0,low,V0_P1_C0__low
000672,train,1242,375,4,2,2,2,0,0,True,False,False,False,False,V1_P0_C0,low,V1_P0_C0__low
000673,train,1242,375,4,2,2,2,0,0,True,False,False,False,False,V1_P0_C0,low,V1_P0_C0__low
000674,val,1242,375,12,8,4,6,2,0,True,True,False,False,False,V1_P1_C0,high,V1_P1_C0__high
000675,train,1242,375,9,5,4,0,5,0,False,True,False,False,False,V0_P1_C0,medium,V0_P1_C0__medium
000676,train,1238,374,5,4,1,4,0,0,True,False,False,False,False,V1_P0_C0,medium,V1_P0_C0__medium
000677,train,1242,375,14,12,2,12,0,0,True,False,False,False,False,V1_P0_C0,high,V1_P0_C0__high
000678,train,1242,375,2,2,0,2,0,0,True,False,False,False,False,V1_P0_C0,low,V1_P0_C0__low
000679,train,1238,374,5,4,1,2,2,0,True,True,False,False,False,V1_P1_C0,medium,V1_P1_C0__medium
000680,train,1242,375,6,4,2,4,0,0,True,False,False,False,False,V1_P0_C0,medium,V1_P0_C0__medium
000681,train,1242,375,5,1,4,1,0,0,True,False,False,False,False,V1_P0_C0,low,V1_P0_C0__low
000682,train,1242,375,3,2,1,2,0,0,True,False,False,False,False,V1_P0_C0,low,V1_P0_C0__low
000683,train,1242,375,6,4,2,4,0,0,True,False,False,False,False,V1_P0_C0,medium,V1_P0_C0__medium
000684,train,1242,375,12,7,5,7,0,0,True,False,False,False,False,V1_P0_C0,high,V1_P0_C0__high
000685,train,1242,375,15,12,3,10,1,1,True,True,True,False,False,V1_P1_C1,high,V1_P1_C1__high
000686,train,1242,375,7,6,1,6,0,0,True,False,False,False,False,V1_P0_C0,medium,V1_P0_C0__medium
000687,train,1242,375,1,1,0,1,0,0,True,False,False,False,False,V1_P0_C0,low,V1_P0_C0__low
000688,train,1242,375,9,7,2,7,0,0,True,False,False,False,False,V1_P0_C0,high,V1_P0_C0__high
000689,train,1242,375,4,1,3,1,0,0,True,False,False,False,False,V1_P0_C0,low,V1_P0_C0__low
000690,train,1242,375,2,2,0,2,0,0,True,False,False,False,False,V1_P0_C0,low,V1_P0_C0__low
000691,train,1242,375,12,8,4,7,0,1,True,False,True,False,False,V1_P0_C1,high,V1_P0_C1__high
000692,train,1242,375,12,10,2,10,0,0,True,False,False,False,False,V1_P0_C0,high,V1_P0_C0__high
000693,train,1242,375,1,1,0,1,0,0,True,False,False,False,False,V1_P0_C0,low,V1_P0_C0__low
000694,val,1242,375,11,9,2,9,0,0,True,False,False,False,False,V1_P0_C0,high,V1_P0_C0__high
000695,train,1224,370,1,1,0,0,1,0,False,True,False,False,False,V0_P1_C0,low,V0_P1_C0__low
000696,train,1242,375,8,6,2,6,0,0,True,False,False,False,False,V1_P0_C0,medium,V1_P0_C0__medium
000697,train,1242,375,6,5,1,5,0,0,True,False,False,False,False,V1_P0_C0,medium,V1_P0_C0__medium
000698,train,1242,375,5,4,1,2,1,1,True,True,True,False,False,V1_P1_C1,medium,V1_P1_C1__medium
000699,train,1242,375,7,3,4,3,0,0,True,False,False,False,False,V1_P0_C0,low,V1_P0_C0__low
000700,train,1242,375,5,2,3,2,0,0,True,False,False,False,False,V1_P0_C0,low,V1_P0_C0__low
000701,train,1224,370,1,1,0,0,1,0,False,True,False,False,False,V0_P1_C0,low,V0_P1_C0__low
000702,train,1242,375,6,3,3,3,0,0,True,False,False,False,False,V1_P0_C0,low,V1_P0_C0__low
000703,train,1224,370,1,1,0,0,1,0,False,True,False,False,False,V0_P1_C0,low,V0_P1_C0__low
000704,train,1242,375,4,4,0,4,0,0,True,False,False,False,False,V1_P0_C0,medium,V1_P0_C0__medium
000705,val,1242,375,6,5,1,4,1,0,True,True,False,False,False,V1_P1_C0,medium,V1_P1_C0__medium
000706,val,1242,375,6,4,2,4,0,0,True,False,False,False,False,V1_P0_C0,medium,V1_P0_C0__medium
000707,train,1242,375,2,2,0,2,0,0,True,False,False,False,False,V1_P0_C0,low,V1_P0_C0__low
000708,train,1242,375,11,9,2,9,0,0,True,False,False,False,False,V1_P0_C0,high,V1_P0_C0__high
000709,train,1242,375,4,3,1,3,0,0,True,False,False,False,False,V1_P0_C0,low,V1_P0_C0__low
000710,val,1242,375,3,2,1,2,0,0,True,False,False,False,False,V1_P0_C0,low,V1_P0_C0__low
000711,train,1242,375,3,2,1,2,0,0,True,False,False,False,False,V1_P0_C0,low,V1_P0_C0__low
000712,train,1242,375,14,8,6,7,1,0,True,True,False,False,False,V1_P1_C0,high,V1_P1_C0__high
000713,train,1242,375,11,6,5,5,1,0,True,True,False,False,False,V1_P1_C0,medium,V1_P1_C0__medium
000714,train,1242,375,12,9,3,9,0,0,True,False,False,False,False,V1_P0_C0,high,V1_P0_C0__high
000715,train,1242,375,6,2,4,2,0,0,True,False,False,False,False,V1_P0_C0,low,V1_P0_C0__low
000716,train,1242,375,5,3,2,3,0,0,True,False,False,False,False,V1_P0_C0,low,V1_P0_C0__low
000717,train,1242,375,4,2,2,2,0,0,True,False,False,False,False,V1_P0_C0,low,V1_P0_C0__low
000718,train,1238,374,14,12,2,1,11,0,True,True,False,False,False,V1_P1_C0,high,V1_P1_C0__high
000719,train,1242,375,12,10,2,10,0,0,True,False,False,False,False,V1_P0_C0,high,V1_P0_C0__high
000720,train,1242,375,12,3,9,0,3,0,False,True,False,False,False,V0_P1_C0,low,V0_P1_C0__low
000721,val,1224,370,1,1,0,0,1,0,False,True,False,False,False,V0_P1_C0,low,V0_P1_C0__low
000722,val,1242,375,9,4,5,0,2,2,False,True,True,False,False,V0_P1_C1,medium,V0_P1_C1__medium
000723,train,1242,375,2,2,0,2,0,0,True,False,False,False,False,V1_P0_C0,low,V1_P0_C0__low
000724,train,1242,375,6,4,2,4,0,0,True,False,False,False,False,V1_P0_C0,medium,V1_P0_C0__medium
000725,train,1241,376,9,8,1,8,0,0,True,False,False,False,False,V1_P0_C0,high,V1_P0_C0__high
000726,val,1224,370,1,1,0,0,1,0,False,True,False,False,False,V0_P1_C0,low,V0_P1_C0__low
000727,val,1238,374,11,8,3,2,6,0,True,True,False,False,False,V1_P1_C0,high,V1_P1_C0__high
000728,train,1242,375,5,3,2,3,0,0,True,False,False,False,False,V1_P0_C0,low,V1_P0_C0__low
000729,train,1242,375,12,8,4,8,0,0,True,False,False,False,False,V1_P0_C0,high,V1_P0_C0__high
000730,train,1242,375,2,1,1,1,0,0,True,False,False,False,False,V1_P0_C0,low,V1_P0_C0__low
000731,val,1238,374,8,4,4,1,3,0,True,True,False,False,False,V1_P1_C0,medium,V1_P1_C0__medium
000732,train,1242,375,12,10,2,10,0,0,True,False,False,False,False,V1_P0_C0,high,V1_P0_C0__high
000733,train,1242,375,7,5,2,5,0,0,True,False,False,False,False,V1_P0_C0,medium,V1_P0_C0__medium
000734,train,1242,375,11,9,2,7,2,0,True,True,False,False,False,V1_P1_C0,high,V1_P1_C0__high
000735,train,1242,375,8,4,4,4,0,0,True,False,False,False,False,V1_P0_C0,medium,V1_P0_C0__medium
000736,train,1242,375,11,10,1,8,0,2,True,False,True,False,False,V1_P0_C1,high,V1_P0_C1__high
000737,train,1242,375,11,8,3,8,0,0,True,False,False,False,False,V1_P0_C0,high,V1_P0_C0__high
000738,train,1242,375,3,1,2,1,0,0,True,False,False,False,False,V1_P0_C0,low,V1_P0_C0__low
000739,train,1242,375,4,4,0,4,0,0,True,False,False,False,False,V1_P0_C0,medium,V1_P0_C0__medium
000740,train,1242,375,2,2,0,2,0,0,True,False,False,False,False,V1_P0_C0,low,V1_P0_C0__low
000741,val,1241,376,7,7,0,7,0,0,True,False,False,False,False,V1_P0_C0,high,V1_P0_C0__high
000742,train,1242,375,10,10,0,9,1,0,True,True,False,False,False,V1_P1_C0,high,V1_P1_C0__high
000743,train,1242,375,8,5,3,4,0,1,True,False,True,False,False,V1_P0_C1,medium,V1_P0_C1__medium
000744,val,1224,370,1,1,0,0,1,0,False,True,False,False,False,V0_P1_C0,low,V0_P1_C0__low
000745,train,1241,376,8,8,0,8,0,0,True,False,False,False,False,V1_P0_C0,high,V1_P0_C0__high
000746,train,1224,370,1,1,0,0,1,0,False,True,False,False,False,V0_P1_C0,low,V0_P1_C0__low
000747,train,1242,375,7,5,2,5,0,0,True,False,False,False,False,V1_P0_C0,medium,V1_P0_C0__medium
000748,train,1242,375,6,3,3,3,0,0,True,False,False,False,False,V1_P0_C0,low,V1_P0_C0__low
000749,train,1242,375,8,6,2,6,0,0,True,False,False,False,False,V1_P0_C0,medium,V1_P0_C0__medium
000750,train,1242,375,5,5,0,5,0,0,True,False,False,False,False,V1_P0_C0,medium,V1_P0_C0__medium
000751,val,1242,375,8,6,2,6,0,0,True,False,False,False,False,V1_P0_C0,medium,V1_P0_C0__medium
000752,train,1241,376,11,11,0,11,0,0,True,False,False,False,False,V1_P0_C0,high,V1_P0_C0__high
000753,train,1242,375,9,4,5,4,0,0,True,False,False,False,False,V1_P0_C0,medium,V1_P0_C0__medium
000754,train,1242,375,11,8,3,7,0,1,True,False,True,False,False,V1_P0_C1,high,V1_P0_C1__high
000755,train,1242,375,12,10,2,8,1,1,True,True,True,False,False,V1_P1_C1,high,V1_P1_C1__high
000756,train,1241,376,9,8,1,8,0,0,True,False,False,False,False,V1_P0_C0,high,V1_P0_C0__high
000757,train,1242,375,17,14,3,14,0,0,True,False,False,False,False,V1_P0_C0,high,V1_P0_C0__high
000758,train,1242,375,6,3,3,3,0,0,True,False,False,False,False,V1_P0_C0,low,V1_P0_C0__low
000759,train,1242,375,7,2,5,2,0,0,True,False,False,False,False,V1_P0_C0,low,V1_P0_C0__low
000760,val,1242,375,8,8,0,7,1,0,True,True,False,False,False,V1_P1_C0,high,V1_P1_C0__high
000761,val,1242,375,5,3,2,2,1,0,True,True,False,False,False,V1_P1_C0,low,V1_P1_C0__low
000762,train,1242,375,7,7,0,7,0,0,True,False,False,False,False,V1_P0_C0,high,V1_P0_C0__high
000763,train,1242,375,9,7,2,5,1,1,True,True,True,False,False,V1_P1_C1,high,V1_P1_C1__high
000764,train,1224,370,18,17,1,4,12,1,True,True,True,False,False,V1_P1_C1,high,V1_P1_C1__high
000765,train,1224,370,5,4,1,3,0,1,True,False,True,False,False,V1_P0_C1,medium,V1_P0_C1__medium
000766,train,1242,375,3,3,0,3,0,0,True,False,False,False,False,V1_P0_C0,low,V1_P0_C0__low
000767,train,1242,375,5,2,3,2,0,0,True,False,False,False,False,V1_P0_C0,low,V1_P0_C0__low
000768,train,1241,376,10,10,0,10,0,0,True,False,False,False,False,V1_P0_C0,high,V1_P0_C0__high
000769,val,1242,375,3,1,2,0,1,0,False,True,False,False,False,V0_P1_C0,low,V0_P1_C0__low
000770,train,1224,370,13,9,4,0,7,2,False,True,True,False,False,V0_P1_C1,high,V0_P1_C1__high
000771,train,1224,370,5,4,1,3,0,1,True,False,True,False,False,V1_P0_C1,medium,V1_P0_C1__medium
000772,train,1242,375,4,4,0,4,0,0,True,False,False,False,False,V1_P0_C0,medium,V1_P0_C0__medium
000773,train,1242,375,6,2,4,1,0,1,True,False,True,False,False,V1_P0_C1,low,V1_P0_C1__low
000774,train,1242,375,2,2,0,1,0,1,True,False,True,False,False,V1_P0_C1,low,V1_P0_C1__low
000775,train,1242,375,3,2,1,2,0,0,True,False,False,False,False,V1_P0_C0,low,V1_P0_C0__low
000776,train,1242,375,7,6,1,6,0,0,True,False,False,False,False,V1_P0_C0,medium,V1_P0_C0__medium
000777,train,1242,375,3,2,1,2,0,0,True,False,False,False,False,V1_P0_C0,low,V1_P0_C0__low
000778,train,1242,375,8,6,2,6,0,0,True,False,False,False,False,V1_P0_C0,medium,V1_P0_C0__medium
000779,train,1242,375,1,1,0,1,0,0,True,False,False,False,False,V1_P0_C0,low,V1_P0_C0__low
000780,train,1242,375,15,15,0,10,4,1,True,True,True,False,False,V1_P1_C1,high,V1_P1_C1__high
000781,train,1242,375,6,1,5,1,0,0,True,False,False,False,False,V1_P0_C0,low,V1_P0_C0__low
000782,train,1242,375,10,7,3,6,1,0,True,True,False,False,False,V1_P1_C0,high,V1_P1_C0__high
000783,train,1242,375,3,2,1,2,0,0,True,False,False,False,False,V1_P0_C0,low,V1_P0_C0__low
000784,val,1224,370,1,1,0,0,1,0,False,True,False,False,False,V0_P1_C0,low,V0_P1_C0__low
000785,val,1242,375,17,14,3,14,0,0,True,False,False,False,False,V1_P0_C0,high,V1_P0_C0__high
000786,train,1242,375,2,2,0,2,0,0,True,False,False,False,False,V1_P0_C0,low,V1_P0_C0__low
000787,train,1242,375,9,7,2,6,0,1,True,False,True,False,False,V1_P0_C1,high,V1_P0_C1__high
000788,train,1242,375,5,4,1,1,3,0,True,True,False,False,False,V1_P1_C0,medium,V1_P1_C0__medium
000789,val,1224,370,1,1,0,0,1,0,False,True,False,False,False,V0_P1_C0,low,V0_P1_C0__low
000790,train,1242,375,5,3,2,3,0,0,True,False,False,False,False,V1_P0_C0,low,V1_P0_C0__low
000791,train,1242,375,14,11,3,11,0,0,True,False,False,False,False,V1_P0_C0,high,V1_P0_C0__high
000792,val,1242,375,6,4,2,4,0,0,True,False,False,False,False,V1_P0_C0,medium,V1_P0_C0__medium
000793,val,1238,374,5,5,0,5,0,0,True,False,False,False,False,V1_P0_C0,medium,V1_P0_C0__medium
000794,train,1242,375,6,2,4,2,0,0,True,False,False,False,False,V1_P0_C0,low,V1_P0_C0__low
000795,train,1242,375,12,9,3,9,0,0,True,False,False,False,False,V1_P0_C0,high,V1_P0_C0__high
000796,train,1242,375,14,13,1,11,0,2,True,False,True,False,False,V1_P0_C1,high,V1_P0_C1__high
000797,val,1242,375,6,2,4,1,1,0,True,True,False,False,False,V1_P1_C0,low,V1_P1_C0__low
000798,train,1242,375,13,9,4,9,0,0,True,False,False,False,False,V1_P0_C0,high,V1_P0_C0__high
000799,val,1242,375,5,3,2,2,0,1,True,False,True,False,False,V1_P0_C1,low,V1_P0_C1__low
000800,train,1241,376,7,5,2,5,0,0,True,False,False,False,False,V1_P0_C0,medium,V1_P0_C0__medium
000801,train,1242,375,3,3,0,2,1,0,True,True,False,False,False,V1_P1_C0,low,V1_P1_C0__low
000802,train,1242,375,12,9,3,9,0,0,True,False,False,False,False,V1_P0_C0,high,V1_P0_C0__high
000803,train,1242,375,7,5,2,4,0,1,True,False,True,False,False,V1_P0_C1,medium,V1_P0_C1__medium
000804,train,1242,375,7,6,1,4,1,1,True,True,True,False,False,V1_P1_C1,medium,V1_P1_C1__medium
000805,val,1241,376,10,8,2,8,0,0,True,False,False,False,False,V1_P0_C0,high,V1_P0_C0__high
000806,train,1242,375,3,1,2,0,1,0,False,True,False,False,False,V0_P1_C0,low,V0_P1_C0__low
000807,train,1242,375,6,3,3,3,0,0,True,False,False,False,False,V1_P0_C0,low,V1_P0_C0__low
000808,train,1242,375,10,8,2,5,2,1,True,True,True,False,False,V1_P1_C1,high,V1_P1_C1__high
000809,train,1242,375,13,11,2,8,3,0,True,True,False,False,False,V1_P1_C0,high,V1_P1_C0__high
000810,train,1242,375,1,1,0,1,0,0,True,False,False,False,False,V1_P0_C0,low,V1_P0_C0__low
000811,train,1242,375,9,3,6,0,1,2,False,True,True,False,False,V0_P1_C1,low,V0_P1_C1__low
000812,train,1242,375,4,2,2,1,0,1,True,False,True,False,False,V1_P0_C1,low,V1_P0_C1__low
000813,train,1242,375,7,2,5,2,0,0,True,False,False,False,False,V1_P0_C0,low,V1_P0_C0__low
000814,train,1242,375,16,13,3,13,0,0,True,False,False,False,False,V1_P0_C0,high,V1_P0_C0__high
000815,train,1242,375,1,1,0,1,0,0,True,False,False,False,False,V1_P0_C0,low,V1_P0_C0__low
000816,train,1238,374,5,4,1,2,2,0,True,True,False,False,False,V1_P1_C0,medium,V1_P1_C0__medium
000817,train,1242,375,4,4,0,4,0,0,True,False,False,False,False,V1_P0_C0,medium,V1_P0_C0__medium
000818,train,1242,375,3,2,1,2,0,0,True,False,False,False,False,V1_P0_C0,low,V1_P0_C0__low
000819,train,1241,376,9,7,2,7,0,0,True,False,False,False,False,V1_P0_C0,high,V1_P0_C0__high
000820,train,1242,375,3,1,2,1,0,0,True,False,False,False,False,V1_P0_C0,low,V1_P0_C0__low
000821,val,1242,375,3,2,1,2,0,0,True,False,False,False,False,V1_P0_C0,low,V1_P0_C0__low
000822,train,1238,374,4,3,1,3,0,0,True,False,False,False,False,V1_P0_C0,low,V1_P0_C0__low
000823,train,1242,375,5,5,0,5,0,0,True,False,False,False,False,V1_P0_C0,medium,V1_P0_C0__medium
000824,train,1242,375,2,1,1,1,0,0,True,False,False,False,False,V1_P0_C0,low,V1_P0_C0__low
000825,train,1224,370,1,1,0,0,1,0,False,True,False,False,False,V0_P1_C0,low,V0_P1_C0__low
000826,train,1238,374,9,6,3,0,6,0,False,True,False,False,False,V0_P1_C0,medium,V0_P1_C0__medium
000827,train,1224,370,1,1,0,0,1,0,False,True,False,False,False,V0_P1_C0,low,V0_P1_C0__low
000828,train,1242,375,1,1,0,1,0,0,True,False,False,False,False,V1_P0_C0,low,V1_P0_C0__low
000829,train,1242,375,3,2,1,2,0,0,True,False,False,False,False,V1_P0_C0,low,V1_P0_C0__low
000830,train,1242,375,8,5,3,4,1,0,True,True,False,False,False,V1_P1_C0,medium,V1_P1_C0__medium
000831,train,1242,375,17,13,4,13,0,0,True,False,False,False,False,V1_P0_C0,high,V1_P0_C0__high
000832,val,1242,375,7,3,4,3,0,0,True,False,False,False,False,V1_P0_C0,low,V1_P0_C0__low
000833,train,1242,375,14,13,1,13,0,0,True,False,False,False,False,V1_P0_C0,high,V1_P0_C0__high
000834,train,1242,375,1,1,0,1,0,0,True,False,False,False,False,V1_P0_C0,low,V1_P0_C0__low
000835,val,1242,375,2,1,1,1,0,0,True,False,False,False,False,V1_P0_C0,low,V1_P0_C0__low
000836,train,1242,375,5,3,2,3,0,0,True,False,False,False,False,V1_P0_C0,low,V1_P0_C0__low
000837,train,1241,376,11,11,0,11,0,0,True,False,False,False,False,V1_P0_C0,high,V1_P0_C0__high
000838,train,1242,375,3,1,2,1,0,0,True,False,False,False,False,V1_P0_C0,low,V1_P0_C0__low
000839,train,1242,375,1,1,0,1,0,0,True,False,False,False,False,V1_P0_C0,low,V1_P0_C0__low
000840,train,1238,374,11,9,2,1,8,0,True,True,False,False,False,V1_P1_C0,high,V1_P1_C0__high
000841,val,1224,370,1,1,0,0,1,0,False,True,False,False,False,V0_P1_C0,low,V0_P1_C0__low
000842,train,1242,375,4,3,1,3,0,0,True,False,False,False,False,V1_P0_C0,low,V1_P0_C0__low
000843,train,1242,375,13,9,4,9,0,0,True,False,False,False,False,V1_P0_C0,high,V1_P0_C0__high
000844,train,1242,375,4,3,1,3,0,0,True,False,False,False,False,V1_P0_C0,low,V1_P0_C0__low
000845,val,1242,375,17,12,5,12,0,0,True,False,False,False,False,V1_P0_C0,high,V1_P0_C0__high
000846,train,1242,375,14,10,4,8,1,1,True,True,True,False,False,V1_P1_C1,high,V1_P1_C1__high
000847,val,1242,375,12,7,5,7,0,0,True,False,False,False,False,V1_P0_C0,high,V1_P0_C0__high
000848,train,1242,375,4,4,0,4,0,0,True,False,False,False,False,V1_P0_C0,medium,V1_P0_C0__medium
000849,train,1242,375,6,5,1,5,0,0,True,False,False,False,False,V1_P0_C0,medium,V1_P0_C0__medium
000850,train,1241,376,8,7,1,7,0,0,True,False,False,False,False,V1_P0_C0,high,V1_P0_C0__high
000851,train,1242,375,4,2,2,2,0,0,True,False,False,False,False,V1_P0_C0,low,V1_P0_C0__low
000852,train,1242,375,4,3,1,3,0,0,True,False,False,False,False,V1_P0_C0,low,V1_P0_C0__low
000853,train,1242,375,6,4,2,4,0,0,True,False,False,False,False,V1_P0_C0,medium,V1_P0_C0__medium
000854,train,1242,375,7,3,4,3,0,0,True,False,False,False,False,V1_P0_C0,low,V1_P0_C0__low
000855,train,1242,375,4,2,2,1,1,0,True,True,False,False,False,V1_P1_C0,low,V1_P1_C0__low
000856,train,1242,375,8,7,1,7,0,0,True,False,False,False,False,V1_P0_C0,high,V1_P0_C0__high
000857,train,1242,375,11,6,5,6,0,0,True,False,False,False,False,V1_P0_C0,medium,V1_P0_C0__medium
000858,train,1242,375,4,2,2,2,0,0,True,False,False,False,False,V1_P0_C0,low,V1_P0_C0__low
000859,train,1242,375,7,7,0,6,0,1,True,False,True,False,False,V1_P0_C1,high,V1_P0_C1__high
000860,train,1242,375,5,4,1,2,0,2,True,False,True,False,False,V1_P0_C1,medium,V1_P0_C1__medium
000861,train,1242,375,9,6,3,0,6,0,False,True,False,False,False,V0_P1_C0,medium,V0_P1_C0__medium
000862,train,1224,370,2,2,0,0,2,0,False,True,False,False,False,V0_P1_C0,low,V0_P1_C0__low
000863,train,1242,375,5,3,2,3,0,0,True,False,False,False,False,V1_P0_C0,low,V1_P0_C0__low
000864,val,1242,375,5,5,0,5,0,0,True,False,False,False,False,V1_P0_C0,medium,V1_P0_C0__medium
000865,train,1242,375,3,2,1,2,0,0,True,False,False,False,False,V1_P0_C0,low,V1_P0_C0__low
000866,train,1242,375,5,2,3,2,0,0,True,False,False,False,False,V1_P0_C0,low,V1_P0_C0__low
000867,train,1242,375,16,14,2,14,0,0,True,False,False,False,False,V1_P0_C0,high,V1_P0_C0__high
000868,train,1242,375,13,11,2,9,1,1,True,True,True,False,False,V1_P1_C1,high,V1_P1_C1__high
000869,train,1241,376,7,4,3,4,0,0,True,False,False,False,False,V1_P0_C0,medium,V1_P0_C0__medium
000870,val,1242,375,12,10,2,7,2,1,True,True,True,False,False,V1_P1_C1,high,V1_P1_C1__high
000871,train,1242,375,6,5,1,5,0,0,True,False,False,False,False,V1_P0_C0,medium,V1_P0_C0__medium
000872,train,1242,375,2,2,0,2,0,0,True,False,False,False,False,V1_P0_C0,low,V1_P0_C0__low
000873,train,1242,375,5,3,2,3,0,0,True,False,False,False,False,V1_P0_C0,low,V1_P0_C0__low
000874,train,1224,370,19,17,2,1,16,0,True,True,False,False,False,V1_P1_C0,high,V1_P1_C0__high
000875,train,1242,375,6,4,2,4,0,0,True,False,False,False,False,V1_P0_C0,medium,V1_P0_C0__medium
000876,train,1241,376,3,3,0,3,0,0,True,False,False,False,False,V1_P0_C0,low,V1_P0_C0__low
000877,val,1242,375,8,6,2,6,0,0,True,False,False,False,False,V1_P0_C0,medium,V1_P0_C0__medium
000878,train,1242,375,7,2,5,2,0,0,True,False,False,False,False,V1_P0_C0,low,V1_P0_C0__low
000879,train,1242,375,7,3,4,3,0,0,True,False,False,False,False,V1_P0_C0,low,V1_P0_C0__low
000880,val,1242,375,4,3,1,3,0,0,True,False,False,False,False,V1_P0_C0,low,V1_P0_C0__low
000881,val,1242,375,6,1,5,1,0,0,True,False,False,False,False,V1_P0_C0,low,V1_P0_C0__low
000882,train,1242,375,9,9,0,9,0,0,True,False,False,False,False,V1_P0_C0,high,V1_P0_C0__high
000883,train,1242,375,7,7,0,6,1,0,True,True,False,False,False,V1_P1_C0,high,V1_P1_C0__high
000884,val,1242,375,6,4,2,4,0,0,True,False,False,False,False,V1_P0_C0,medium,V1_P0_C0__medium
000885,train,1242,375,9,5,4,5,0,0,True,False,False,False,False,V1_P0_C0,medium,V1_P0_C0__medium
000886,train,1242,375,8,5,3,4,0,1,True,False,True,False,False,V1_P0_C1,medium,V1_P0_C1__medium
000887,train,1242,375,7,6,1,6,0,0,True,False,False,False,False,V1_P0_C0,medium,V1_P0_C0__medium
000888,train,1242,375,2,1,1,1,0,0,True,False,False,False,False,V1_P0_C0,low,V1_P0_C0__low
000889,train,1224,370,6,5,1,1,3,1,True,True,True,False,False,V1_P1_C1,medium,V1_P1_C1__medium
000890,train,1242,375,8,6,2,6,0,0,True,False,False,False,False,V1_P0_C0,medium,V1_P0_C0__medium
000891,train,1242,375,1,1,0,1,0,0,True,False,False,False,False,V1_P0_C0,low,V1_P0_C0__low
000892,train,1242,375,10,7,3,0,5,2,False,True,True,False,False,V0_P1_C1,high,V0_P1_C1__high
000893,train,1242,375,6,2,4,2,0,0,True,False,False,False,False,V1_P0_C0,low,V1_P0_C0__low
000894,train,1242,375,4,3,1,3,0,0,True,False,False,False,False,V1_P0_C0,low,V1_P0_C0__low
000895,train,1242,375,2,1,1,1,0,0,True,False,False,False,False,V1_P0_C0,low,V1_P0_C0__low
000896,train,1242,375,6,1,5,1,0,0,True,False,False,False,False,V1_P0_C0,low,V1_P0_C0__low
000897,train,1242,375,8,4,4,4,0,0,True,False,False,False,False,V1_P0_C0,medium,V1_P0_C0__medium
000898,train,1242,375,8,3,5,3,0,0,True,False,False,False,False,V1_P0_C0,low,V1_P0_C0__low
000899,train,1242,375,5,3,2,3,0,0,True,False,False,False,False,V1_P0_C0,low,V1_P0_C0__low
000900,train,1242,375,2,1,1,1,0,0,True,False,False,False,False,V1_P0_C0,low,V1_P0_C0__low
000901,train,1242,375,2,1,1,1,0,0,True,False,False,False,False,V1_P0_C0,low,V1_P0_C0__low
000902,train,1242,375,9,9,0,7,1,1,True,True,True,False,False,V1_P1_C1,high,V1_P1_C1__high
000903,train,1242,375,6,6,0,6,0,0,True,False,False,False,False,V1_P0_C0,medium,V1_P0_C0__medium
000904,train,1242,375,4,4,0,4,0,0,True,False,False,False,False,V1_P0_C0,medium,V1_P0_C0__medium
000905,train,1242,375,1,1,0,1,0,0,True,False,False,False,False,V1_P0_C0,low,V1_P0_C0__low
000906,train,1242,375,8,6,2,5,0,1,True,False,True,False,False,V1_P0_C1,medium,V1_P0_C1__medium
000907,train,1242,375,9,4,5,4,0,0,True,False,False,False,False,V1_P0_C0,medium,V1_P0_C0__medium
000908,train,1242,375,6,2,4,2,0,0,True,False,False,False,False,V1_P0_C0,low,V1_P0_C0__low
000909,val,1242,375,8,6,2,6,0,0,True,False,False,False,False,V1_P0_C0,medium,V1_P0_C0__medium
000910,train,1242,375,13,13,0,10,1,2,True,True,True,False,False,V1_P1_C1,high,V1_P1_C1__high
000911,train,1238,374,6,3,3,2,1,0,True,True,False,False,False,V1_P1_C0,low,V1_P1_C0__low
000912,val,1242,375,8,6,2,6,0,0,True,False,False,False,False,V1_P0_C0,medium,V1_P0_C0__medium
000913,train,1242,375,9,6,3,4,0,2,True,False,True,False,False,V1_P0_C1,medium,V1_P0_C1__medium
000914,train,1242,375,5,4,1,4,0,0,True,False,False,False,False,V1_P0_C0,medium,V1_P0_C0__medium
000915,train,1242,375,9,6,3,3,0,3,True,False,True,False,False,V1_P0_C1,medium,V1_P0_C1__medium
000916,train,1242,375,7,4,3,4,0,0,True,False,False,False,False,V1_P0_C0,medium,V1_P0_C0__medium
000917,train,1242,375,4,4,0,4,0,0,True,False,False,False,False,V1_P0_C0,medium,V1_P0_C0__medium
000918,train,1242,375,8,7,1,7,0,0,True,False,False,False,False,V1_P0_C0,high,V1_P0_C0__high
000919,train,1242,375,10,9,1,8,0,1,True,False,True,False,False,V1_P0_C1,high,V1_P0_C1__high
000920,train,1242,375,8,4,4,4,0,0,True,False,False,False,False,V1_P0_C0,medium,V1_P0_C0__medium
000921,train,1242,375,3,2,1,2,0,0,True,False,False,False,False,V1_P0_C0,low,V1_P0_C0__low
000922,val,1242,375,9,6,3,6,0,0,True,False,False,False,False,V1_P0_C0,medium,V1_P0_C0__medium
000923,train,1238,374,9,7,2,1,6,0,True,True,False,False,False,V1_P1_C0,high,V1_P1_C0__high
000924,train,1242,375,6,5,1,4,0,1,True,False,True,False,False,V1_P0_C1,medium,V1_P0_C1__medium
000925,train,1224,370,7,5,2,3,2,0,True,True,False,False,False,V1_P1_C0,medium,V1_P1_C0__medium
000926,train,1242,375,3,2,1,2,0,0,True,False,False,False,False,V1_P0_C0,low,V1_P0_C0__low
000927,train,1242,375,9,7,2,7,0,0,True,False,False,False,False,V1_P0_C0,high,V1_P0_C0__high
000928,train,1224,370,19,16,3,1,15,0,True,True,False,False,False,V1_P1_C0,high,V1_P1_C0__high
000929,train,1242,375,3,3,0,3,0,0,True,False,False,False,False,V1_P0_C0,low,V1_P0_C0__low
000930,train,1242,375,6,4,2,4,0,0,True,False,False,False,False,V1_P0_C0,medium,V1_P0_C0__medium
000931,train,1242,375,10,4,6,0,2,2,False,True,True,False,False,V0_P1_C1,medium,V0_P1_C1__medium
000932,train,1242,375,4,3,1,3,0,0,True,False,False,False,False,V1_P0_C0,low,V1_P0_C0__low
000933,train,1242,375,1,1,0,1,0,0,True,False,False,False,False,V1_P0_C0,low,V1_P0_C0__low
000934,train,1242,375,2,1,1,1,0,0,True,False,False,False,False,V1_P0_C0,low,V1_P0_C0__low
000935,train,1242,375,14,14,0,14,0,0,True,False,False,False,False,V1_P0_C0,high,V1_P0_C0__high
000936,train,1242,375,17,16,1,15,1,0,True,True,False,False,False,V1_P1_C0,high,V1_P1_C0__high
000937,train,1242,375,7,6,1,0,6,0,False,True,False,False,False,V0_P1_C0,medium,V0_P1_C0__medium
000938,val,1242,375,8,4,4,4,0,0,True,False,False,False,False,V1_P0_C0,medium,V1_P0_C0__medium
000939,train,1242,375,6,3,3,3,0,0,True,False,False,False,False,V1_P0_C0,low,V1_P0_C0__low
000940,train,1242,375,9,4,5,3,0,1,True,False,True,False,False,V1_P0_C1,medium,V1_P0_C1__medium
000941,train,1242,375,4,3,1,3,0,0,True,False,False,False,False,V1_P0_C0,low,V1_P0_C0__low
000942,val,1242,375,10,7,3,7,0,0,True,False,False,False,False,V1_P0_C0,high,V1_P0_C0__high
000943,train,1242,375,7,4,3,3,0,1,True,False,True,False,False,V1_P0_C1,medium,V1_P0_C1__medium
000944,train,1242,375,13,11,2,11,0,0,True,False,False,False,False,V1_P0_C0,high,V1_P0_C0__high
000945,train,1242,375,12,11,1,11,0,0,True,False,False,False,False,V1_P0_C0,high,V1_P0_C0__high
000946,train,1242,375,6,5,1,5,0,0,True,False,False,False,False,V1_P0_C0,medium,V1_P0_C0__medium
000947,train,1224,370,3,2,1,0,2,0,False,True,False,False,False,V0_P1_C0,low,V0_P1_C0__low
000948,train,1242,375,7,3,4,3,0,0,True,False,False,False,False,V1_P0_C0,low,V1_P0_C0__low
000949,train,1242,375,8,4,4,4,0,0,True,False,False,False,False,V1_P0_C0,medium,V1_P0_C0__medium
000950,train,1242,375,2,1,1,1,0,0,True,False,False,False,False,V1_P0_C0,low,V1_P0_C0__low
000951,train,1242,375,12,11,1,11,0,0,True,False,False,False,False,V1_P0_C0,high,V1_P0_C0__high
000952,val,1242,375,3,3,0,3,0,0,True,False,False,False,False,V1_P0_C0,low,V1_P0_C0__low
000953,train,1242,375,7,5,2,5,0,0,True,False,False,False,False,V1_P0_C0,medium,V1_P0_C0__medium
000954,val,1242,375,2,1,1,1,0,0,True,False,False,False,False,V1_P0_C0,low,V1_P0_C0__low
000955,train,1242,375,10,6,4,3,0,3,True,False,True,False,False,V1_P0_C1,medium,V1_P0_C1__medium
000956,train,1241,376,12,10,2,10,0,0,True,False,False,False,False,V1_P0_C0,high,V1_P0_C0__high
000957,train,1224,370,1,1,0,0,1,0,False,True,False,False,False,V0_P1_C0,low,V0_P1_C0__low
000958,train,1242,375,6,4,2,3,0,1,True,False,True,False,False,V1_P0_C1,medium,V1_P0_C1__medium
000959,train,1242,375,11,11,0,10,1,0,True,True,False,False,False,V1_P1_C0,high,V1_P1_C0__high
000960,val,1242,375,1,1,0,1,0,0,True,False,False,False,False,V1_P0_C0,low,V1_P0_C0__low
000961,val,1238,374,10,7,3,1,6,0,True,True,False,False,False,V1_P1_C0,high,V1_P1_C0__high
000962,train,1242,375,8,6,2,6,0,0,True,False,False,False,False,V1_P0_C0,medium,V1_P0_C0__medium
000963,train,1242,375,7,5,2,5,0,0,True,False,False,False,False,V1_P0_C0,medium,V1_P0_C0__medium
000964,train,1238,374,13,11,2,1,10,0,True,True,False,False,False,V1_P1_C0,high,V1_P1_C0__high
000965,train,1242,375,12,12,0,10,0,2,True,False,True,False,False,V1_P0_C1,high,V1_P0_C1__high
000966,train,1224,370,20,18,2,1,17,0,True,True,False,False,False,V1_P1_C0,high,V1_P1_C0__high
000967,train,1241,376,7,3,4,3,0,0,True,False,False,False,False,V1_P0_C0,low,V1_P0_C0__low
000968,train,1242,375,2,1,1,1,0,0,True,False,False,False,False,V1_P0_C0,low,V1_P0_C0__low
000969,val,1242,375,4,3,1,3,0,0,True,False,False,False,False,V1_P0_C0,low,V1_P0_C0__low
000970,train,1242,375,12,7,5,7,0,0,True,False,False,False,False,V1_P0_C0,high,V1_P0_C0__high
000971,train,1238,374,9,5,4,0,5,0,False,True,False,False,False,V0_P1_C0,medium,V0_P1_C0__medium
000972,train,1242,375,7,3,4,2,0,1,True,False,True,False,False,V1_P0_C1,low,V1_P0_C1__low
000973,train,1242,375,3,2,1,2,0,0,True,False,False,False,False,V1_P0_C0,low,V1_P0_C0__low
000974,train,1242,375,7,3,4,3,0,0,True,False,False,False,False,V1_P0_C0,low,V1_P0_C0__low
000975,val,1242,375,6,5,1,5,0,0,True,False,False,False,False,V1_P0_C0,medium,V1_P0_C0__medium
000976,train,1242,375,8,6,2,6,0,0,True,False,False,False,False,V1_P0_C0,medium,V1_P0_C0__medium
000977,train,1242,375,14,14,0,14,0,0,True,False,False,False,False,V1_P0_C0,high,V1_P0_C0__high
000978,train,1242,375,2,2,0,2,0,0,True,False,False,False,False,V1_P0_C0,low,V1_P0_C0__low
000979,train,1242,375,6,2,4,2,0,0,True,False,False,False,False,V1_P0_C0,low,V1_P0_C0__low
000980,train,1242,375,10,6,4,6,0,0,True,False,False,False,False,V1_P0_C0,medium,V1_P0_C0__medium
000981,val,1242,375,5,5,0,5,0,0,True,False,False,False,False,V1_P0_C0,medium,V1_P0_C0__medium
000982,val,1242,375,12,11,1,6,3,2,True,True,True,False,False,V1_P1_C1,high,V1_P1_C1__high
000983,val,1242,375,8,7,1,6,0,1,True,False,True,False,False,V1_P0_C1,high,V1_P0_C1__high
000984,train,1242,375,10,3,7,3,0,0,True,False,False,False,False,V1_P0_C0,low,V1_P0_C0__low
000985,train,1241,376,14,12,2,12,0,0,True,False,False,False,False,V1_P0_C0,high,V1_P0_C0__high
000986,train,1242,375,12,12,0,12,0,0,True,False,False,False,False,V1_P0_C0,high,V1_P0_C0__high
000987,train,1242,375,6,5,1,4,1,0,True,True,False,False,False,V1_P1_C0,medium,V1_P1_C0__medium
000988,train,1242,375,9,4,5,3,0,1,True,False,True,False,False,V1_P0_C1,medium,V1_P0_C1__medium
000989,train,1238,374,2,1,1,1,0,0,True,False,False,False,False,V1_P0_C0,low,V1_P0_C0__low
000990,val,1242,375,6,2,4,2,0,0,True,False,False,False,False,V1_P0_C0,low,V1_P0_C0__low
000991,val,1242,375,6,5,1,5,0,0,True,False,False,False,False,V1_P0_C0,medium,V1_P0_C0__medium
000992,train,1242,375,14,13,1,8,3,2,True,True,True,False,False,V1_P1_C1,high,V1_P1_C1__high
000993,train,1242,375,1,1,0,1,0,0,True,False,False,False,False,V1_P0_C0,low,V1_P0_C0__low
000994,train,1242,375,8,7,1,7,0,0,True,False,False,False,False,V1_P0_C0,high,V1_P0_C0__high
000995,train,1238,374,6,6,0,6,0,0,True,False,False,False,False,V1_P0_C0,medium,V1_P0_C0__medium
000996,train,1242,375,14,12,2,12,0,0,True,False,False,False,False,V1_P0_C0,high,V1_P0_C0__high
000997,train,1242,375,6,2,4,2,0,0,True,False,False,False,False,V1_P0_C0,low,V1_P0_C0__low
000998,train,1242,375,9,9,0,8,1,0,True,True,False,False,False,V1_P1_C0,high,V1_P1_C0__high
000999,train,1238,374,20,14,6,3,11,0,True,True,False,False,False,V1_P1_C0,high,V1_P1_C0__high
001000,train,1242,375,4,3,1,3,0,0,True,False,False,False,False,V1_P0_C0,low,V1_P0_C0__low
001001,val,1242,375,2,1,1,1,0,0,True,False,False,False,False,V1_P0_C0,low,V1_P0_C0__low
001002,train,1242,375,6,5,1,5,0,0,True,False,False,False,False,V1_P0_C0,medium,V1_P0_C0__medium
001003,train,1242,375,8,7,1,6,1,0,True,True,False,False,False,V1_P1_C0,high,V1_P1_C0__high
001004,val,1242,375,2,1,1,1,0,0,True,False,False,False,False,V1_P0_C0,low,V1_P0_C0__low
001005,val,1242,375,2,1,1,1,0,0,True,False,False,False,False,V1_P0_C0,low,V1_P0_C0__low
001006,val,1242,375,2,1,1,1,0,0,True,False,False,False,False,V1_P0_C0,low,V1_P0_C0__low
001007,train,1242,375,9,8,1,8,0,0,True,False,False,False,False,V1_P0_C0,high,V1_P0_C0__high
001008,train,1238,374,7,5,2,2,2,1,True,True,True,False,False,V1_P1_C1,medium,V1_P1_C1__medium
001009,train,1238,374,6,5,1,5,0,0,True,False,False,False,False,V1_P0_C0,medium,V1_P0_C0__medium
001010,val,1242,375,14,12,2,12,0,0,True,False,False,False,False,V1_P0_C0,high,V1_P0_C0__high
001011,train,1242,375,9,9,0,9,0,0,True,False,False,False,False,V1_P0_C0,high,V1_P0_C0__high
001012,val,1242,375,7,6,1,6,0,0,True,False,False,False,False,V1_P0_C0,medium,V1_P0_C0__medium
001013,train,1241,376,12,10,2,10,0,0,True,False,False,False,False,V1_P0_C0,high,V1_P0_C0__high
001014,train,1242,375,2,2,0,2,0,0,True,False,False,False,False,V1_P0_C0,low,V1_P0_C0__low
001015,train,1242,375,10,8,2,6,2,0,True,True,False,False,False,V1_P1_C0,high,V1_P1_C0__high
001016,train,1242,375,8,7,1,7,0,0,True,False,False,False,False,V1_P0_C0,high,V1_P0_C0__high
001017,train,1242,375,4,3,1,3,0,0,True,False,False,False,False,V1_P0_C0,low,V1_P0_C0__low
001018,train,1242,375,1,1,0,1,0,0,True,False,False,False,False,V1_P0_C0,low,V1_P0_C0__low
001019,train,1242,375,3,1,2,0,1,0,False,True,False,False,False,V0_P1_C0,low,V0_P1_C0__low
001020,train,1238,374,5,5,0,5,0,0,True,False,False,False,False,V1_P0_C0,medium,V1_P0_C0__medium
001021,train,1242,375,7,7,0,6,1,0,True,True,False,False,False,V1_P1_C0,high,V1_P1_C0__high
001022,train,1224,370,6,5,1,4,0,1,True,False,True,False,False,V1_P0_C1,medium,V1_P0_C1__medium
001023,val,1242,375,6,4,2,4,0,0,True,False,False,False,False,V1_P0_C0,medium,V1_P0_C0__medium
001024,train,1242,375,9,7,2,7,0,0,True,False,False,False,False,V1_P0_C0,high,V1_P0_C0__high
001025,train,1242,375,3,2,1,2,0,0,True,False,False,False,False,V1_P0_C0,low,V1_P0_C0__low
001026,train,1242,375,3,3,0,2,1,0,True,True,False,False,False,V1_P1_C0,low,V1_P1_C0__low
001027,train,1242,375,4,2,2,1,0,1,True,False,True,False,False,V1_P0_C1,low,V1_P0_C1__low
001028,train,1224,370,9,8,1,8,0,0,True,False,False,False,False,V1_P0_C0,high,V1_P0_C0__high
001029,train,1224,370,1,1,0,0,1,0,False,True,False,False,False,V0_P1_C0,low,V0_P1_C0__low
001030,train,1242,375,4,1,3,1,0,0,True,False,False,False,False,V1_P0_C0,low,V1_P0_C0__low
001031,train,1224,370,1,1,0,0,1,0,False,True,False,False,False,V0_P1_C0,low,V0_P1_C0__low
001032,train,1242,375,7,5,2,5,0,0,True,False,False,False,False,V1_P0_C0,medium,V1_P0_C0__medium
001033,train,1224,370,1,1,0,0,1,0,False,True,False,False,False,V0_P1_C0,low,V0_P1_C0__low
001034,train,1242,375,7,5,2,3,0,2,True,False,True,False,False,V1_P0_C1,medium,V1_P0_C1__medium
001035,train,1242,375,12,11,1,10,1,0,True,True,False,False,False,V1_P1_C0,high,V1_P1_C0__high
001036,train,1224,370,1,1,0,0,1,0,False,True,False,False,False,V0_P1_C0,low,V0_P1_C0__low
001037,train,1224,370,1,1,0,0,1,0,False,True,False,False,False,V0_P1_C0,low,V0_P1_C0__low
001038,train,1242,375,13,12,1,12,0,0,True,False,False,False,False,V1_P0_C0,high,V1_P0_C0__high
001039,train,1242,375,7,5,2,5,0,0,True,False,False,False,False,V1_P0_C0,medium,V1_P0_C0__medium
001040,train,1242,375,8,4,4,3,0,1,True,False,True,False,False,V1_P0_C1,medium,V1_P0_C1__medium
001041,val,1242,375,3,2,1,2,0,0,True,False,False,False,False,V1_P0_C0,low,V1_P0_C0__low
001042,train,1242,375,6,5,1,4,0,1,True,False,True,False,False,V1_P0_C1,medium,V1_P0_C1__medium
001043,val,1242,375,16,9,7,9,0,0,True,False,False,False,False,V1_P0_C0,high,V1_P0_C0__high
001044,train,1242,375,14,13,1,13,0,0,True,False,False,False,False,V1_P0_C0,high,V1_P0_C0__high
001045,train,1242,375,10,9,1,8,0,1,True,False,True,False,False,V1_P0_C1,high,V1_P0_C1__high
001046,train,1238,374,13,11,2,1,10,0,True,True,False,False,False,V1_P1_C0,high,V1_P1_C0__high
001047,val,1242,375,2,1,1,1,0,0,True,False,False,False,False,V1_P0_C0,low,V1_P0_C0__low
001048,val,1242,375,9,6,3,6,0,0,True,False,False,False,False,V1_P0_C0,medium,V1_P0_C0__medium
001049,train,1224,370,16,14,2,4,10,0,True,True,False,False,False,V1_P1_C0,high,V1_P1_C0__high
001050,val,1242,375,19,14,5,13,1,0,True,True,False,False,False,V1_P1_C0,high,V1_P1_C0__high
001051,train,1242,375,3,1,2,1,0,0,True,False,False,False,False,V1_P0_C0,low,V1_P0_C0__low
001052,train,1242,375,11,9,2,9,0,0,True,False,False,False,False,V1_P0_C0,high,V1_P0_C0__high
001053,train,1242,375,4,2,2,2,0,0,True,False,False,False,False,V1_P0_C0,low,V1_P0_C0__low
001054,train,1241,376,13,12,1,12,0,0,True,False,False,False,False,V1_P0_C0,high,V1_P0_C0__high
001055,val,1242,375,8,8,0,7,0,1,True,False,True,False,False,V1_P0_C1,high,V1_P0_C1__high
001056,train,1242,375,6,5,1,5,0,0,True,False,False,False,False,V1_P0_C0,medium,V1_P0_C0__medium
001057,train,1224,370,1,1,0,0,1,0,False,True,False,False,False,V0_P1_C0,low,V0_P1_C0__low
001058,train,1242,375,7,5,2,5,0,0,True,False,False,False,False,V1_P0_C0,medium,V1_P0_C0__medium
001059,train,1242,375,6,4,2,4,0,0,True,False,False,False,False,V1_P0_C0,medium,V1_P0_C0__medium
001060,val,1242,375,10,6,4,6,0,0,True,False,False,False,False,V1_P0_C0,medium,V1_P0_C0__medium
001061,train,1242,375,5,4,1,2,1,1,True,True,True,False,False,V1_P1_C1,medium,V1_P1_C1__medium
001062,val,1242,375,14,11,3,10,1,0,True,True,False,False,False,V1_P1_C0,high,V1_P1_C0__high
001063,train,1242,375,4,3,1,3,0,0,True,False,False,False,False,V1_P0_C0,low,V1_P0_C0__low
001064,train,1242,375,4,2,2,2,0,0,True,False,False,False,False,V1_P0_C0,low,V1_P0_C0__low
001065,train,1242,375,14,11,3,10,0,1,True,False,True,False,False,V1_P0_C1,high,V1_P0_C1__high
001066,train,1242,375,1,1,0,1,0,0,True,False,False,False,False,V1_P0_C0,low,V1_P0_C0__low
001067,train,1242,375,2,2,0,2,0,0,True,False,False,False,False,V1_P0_C0,low,V1_P0_C0__low
001068,val,1238,374,11,8,3,1,6,1,True,True,True,False,False,V1_P1_C1,high,V1_P1_C1__high
001069,val,1224,370,11,8,3,3,1,4,True,True,True,False,False,V1_P1_C1,high,V1_P1_C1__high
001070,train,1238,374,14,11,3,2,9,0,True,True,False,False,False,V1_P1_C0,high,V1_P1_C0__high
001071,val,1242,375,14,11,3,11,0,0,True,False,False,False,False,V1_P0_C0,high,V1_P0_C0__high
001072,train,1242,375,6,4,2,4,0,0,True,False,False,False,False,V1_P0_C0,medium,V1_P0_C0__medium
001073,train,1242,375,4,1,3,1,0,0,True,False,False,False,False,V1_P0_C0,low,V1_P0_C0__low
001074,train,1242,375,2,1,1,1,0,0,True,False,False,False,False,V1_P0_C0,low,V1_P0_C0__low
001075,val,1242,375,6,4,2,4,0,0,True,False,False,False,False,V1_P0_C0,medium,V1_P0_C0__medium
001076,val,1242,375,4,3,1,3,0,0,True,False,False,False,False,V1_P0_C0,low,V1_P0_C0__low
001077,train,1242,375,16,14,2,13,0,1,True,False,True,False,False,V1_P0_C1,high,V1_P0_C1__high
001078,train,1242,375,10,8,2,8,0,0,True,False,False,False,False,V1_P0_C0,high,V1_P0_C0__high
001079,train,1242,375,3,1,2,1,0,0,True,False,False,False,False,V1_P0_C0,low,V1_P0_C0__low
001080,train,1242,375,5,3,2,3,0,0,True,False,False,False,False,V1_P0_C0,low,V1_P0_C0__low
001081,val,1242,375,5,3,2,3,0,0,True,False,False,False,False,V1_P0_C0,low,V1_P0_C0__low
001082,train,1242,375,14,14,0,14,0,0,True,False,False,False,False,V1_P0_C0,high,V1_P0_C0__high
001083,train,1242,375,14,9,5,9,0,0,True,False,False,False,False,V1_P0_C0,high,V1_P0_C0__high
001084,train,1242,375,8,7,1,7,0,0,True,False,False,False,False,V1_P0_C0,high,V1_P0_C0__high
001085,train,1238,374,5,5,0,5,0,0,True,False,False,False,False,V1_P0_C0,medium,V1_P0_C0__medium
001086,train,1242,375,10,8,2,7,0,1,True,False,True,False,False,V1_P0_C1,high,V1_P0_C1__high
001087,train,1242,375,5,5,0,5,0,0,True,False,False,False,False,V1_P0_C0,medium,V1_P0_C0__medium
001088,train,1224,370,1,1,0,0,1,0,False,True,False,False,False,V0_P1_C0,low,V0_P1_C0__low
001089,train,1242,375,8,7,1,7,0,0,True,False,False,False,False,V1_P0_C0,high,V1_P0_C0__high
001090,train,1242,375,2,1,1,1,0,0,True,False,False,False,False,V1_P0_C0,low,V1_P0_C0__low
001091,train,1224,370,1,1,0,0,1,0,False,True,False,False,False,V0_P1_C0,low,V0_P1_C0__low
001092,train,1242,375,3,2,1,2,0,0,True,False,False,False,False,V1_P0_C0,low,V1_P0_C0__low
001093,train,1242,375,4,2,2,2,0,0,True,False,False,False,False,V1_P0_C0,low,V1_P0_C0__low
001094,val,1242,375,6,3,3,3,0,0,True,False,False,False,False,V1_P0_C0,low,V1_P0_C0__low
001095,train,1242,375,5,3,2,3,0,0,True,False,False,False,False,V1_P0_C0,low,V1_P0_C0__low
001096,train,1242,375,8,6,2,6,0,0,True,False,False,False,False,V1_P0_C0,medium,V1_P0_C0__medium
001097,val,1242,375,5,5,0,5,0,0,True,False,False,False,False,V1_P0_C0,medium,V1_P0_C0__medium
001098,train,1242,375,4,1,3,1,0,0,True,False,False,False,False,V1_P0_C0,low,V1_P0_C0__low
001099,train,1242,375,3,2,1,2,0,0,True,False,False,False,False,V1_P0_C0,low,V1_P0_C0__low
001100,train,1242,375,14,13,1,10,1,2,True,True,True,False,False,V1_P1_C1,high,V1_P1_C1__high
001101,train,1238,374,13,11,2,1,10,0,True,True,False,False,False,V1_P1_C0,high,V1_P1_C0__high
001102,train,1242,375,12,9,3,9,0,0,True,False,False,False,False,V1_P0_C0,high,V1_P0_C0__high
001103,val,1242,375,8,4,4,4,0,0,True,False,False,False,False,V1_P0_C0,medium,V1_P0_C0__medium
001104,val,1241,376,8,7,1,7,0,0,True,False,False,False,False,V1_P0_C0,high,V1_P0_C0__high
001105,train,1242,375,2,1,1,1,0,0,True,False,False,False,False,V1_P0_C0,low,V1_P0_C0__low
001106,train,1238,374,12,9,3,1,8,0,True,True,False,False,False,V1_P1_C0,high,V1_P1_C0__high
001107,train,1242,375,7,6,1,6,0,0,True,False,False,False,False,V1_P0_C0,medium,V1_P0_C0__medium
001108,train,1242,375,11,10,1,10,0,0,True,False,False,False,False,V1_P0_C0,high,V1_P0_C0__high
001109,train,1242,375,2,1,1,1,0,0,True,False,False,False,False,V1_P0_C0,low,V1_P0_C0__low
001110,train,1242,375,5,2,3,2,0,0,True,False,False,False,False,V1_P0_C0,low,V1_P0_C0__low
001111,train,1242,375,3,2,1,1,0,1,True,False,True,False,False,V1_P0_C1,low,V1_P0_C1__low
001112,train,1242,375,8,5,3,3,0,2,True,False,True,False,False,V1_P0_C1,medium,V1_P0_C1__medium
001113,train,1224,370,1,1,0,0,1,0,False,True,False,False,False,V0_P1_C0,low,V0_P1_C0__low
001114,train,1242,375,5,4,1,3,1,0,True,True,False,False,False,V1_P1_C0,medium,V1_P1_C0__medium
001115,train,1242,375,6,2,4,2,0,0,True,False,False,False,False,V1_P0_C0,low,V1_P0_C0__low
001116,val,1242,375,6,5,1,5,0,0,True,False,False,False,False,V1_P0_C0,medium,V1_P0_C0__medium
001117,train,1242,375,7,5,2,5,0,0,True,False,False,False,False,V1_P0_C0,medium,V1_P0_C0__medium
001118,train,1242,375,7,5,2,5,0,0,True,False,False,False,False,V1_P0_C0,medium,V1_P0_C0__medium
001119,val,1242,375,5,5,0,5,0,0,True,False,False,False,False,V1_P0_C0,medium,V1_P0_C0__medium
001120,train,1242,375,10,8,2,8,0,0,True,False,False,False,False,V1_P0_C0,high,V1_P0_C0__high
001121,val,1242,375,3,3,0,3,0,0,True,False,False,False,False,V1_P0_C0,low,V1_P0_C0__low
001122,train,1242,375,4,3,1,3,0,0,True,False,False,False,False,V1_P0_C0,low,V1_P0_C0__low
001123,train,1242,375,10,7,3,4,0,3,True,False,True,False,False,V1_P0_C1,high,V1_P0_C1__high
001124,train,1224,370,1,1,0,0,1,0,False,True,False,False,False,V0_P1_C0,low,V0_P1_C0__low
001125,train,1242,375,10,9,1,9,0,0,True,False,False,False,False,V1_P0_C0,high,V1_P0_C0__high
001126,train,1242,375,2,2,0,2,0,0,True,False,False,False,False,V1_P0_C0,low,V1_P0_C0__low
001127,train,1242,375,9,7,2,7,0,0,True,False,False,False,False,V1_P0_C0,high,V1_P0_C0__high
001128,val,1242,375,7,5,2,5,0,0,True,False,False,False,False,V1_P0_C0,medium,V1_P0_C0__medium
001129,train,1238,374,5,4,1,4,0,0,True,False,False,False,False,V1_P0_C0,medium,V1_P0_C0__medium
001130,train,1242,375,3,2,1,2,0,0,True,False,False,False,False,V1_P0_C0,low,V1_P0_C0__low
001131,train,1242,375,4,3,1,3,0,0,True,False,False,False,False,V1_P0_C0,low,V1_P0_C0__low
001132,train,1238,374,9,7,2,1,6,0,True,True,False,False,False,V1_P1_C0,high,V1_P1_C0__high
001133,val,1242,375,7,3,4,3,0,0,True,False,False,False,False,V1_P0_C0,low,V1_P0_C0__low
001134,train,1242,375,7,6,1,4,0,2,True,False,True,False,False,V1_P0_C1,medium,V1_P0_C1__medium
001135,val,1242,375,1,1,0,1,0,0,True,False,False,False,False,V1_P0_C0,low,V1_P0_C0__low
001136,train,1242,375,12,9,3,9,0,0,True,False,False,False,False,V1_P0_C0,high,V1_P0_C0__high
001137,val,1242,375,3,2,1,2,0,0,True,False,False,False,False,V1_P0_C0,low,V1_P0_C0__low
001138,train,1241,376,12,10,2,10,0,0,True,False,False,False,False,V1_P0_C0,high,V1_P0_C0__high
001139,train,1242,375,10,7,3,7,0,0,True,False,False,False,False,V1_P0_C0,high,V1_P0_C0__high
001140,val,1242,375,10,6,4,6,0,0,True,False,False,False,False,V1_P0_C0,medium,V1_P0_C0__medium
001141,train,1242,375,6,5,1,4,0,1,True,False,True,False,False,V1_P0_C1,medium,V1_P0_C1__medium
001142,train,1242,375,16,15,1,15,0,0,True,False,False,False,False,V1_P0_C0,high,V1_P0_C0__high
001143,train,1242,375,6,4,2,4,0,0,True,False,False,False,False,V1_P0_C0,medium,V1_P0_C0__medium
001144,train,1242,375,3,1,2,1,0,0,True,False,False,False,False,V1_P0_C0,low,V1_P0_C0__low
001145,train,1242,375,6,5,1,4,0,1,True,False,True,False,False,V1_P0_C1,medium,V1_P0_C1__medium
001146,train,1242,375,5,5,0,5,0,0,True,False,False,False,False,V1_P0_C0,medium,V1_P0_C0__medium
001147,train,1242,375,8,7,1,6,0,1,True,False,True,False,False,V1_P0_C1,high,V1_P0_C1__high
001148,val,1242,375,6,5,1,4,1,0,True,True,False,False,False,V1_P1_C0,medium,V1_P1_C0__medium
001149,train,1242,375,8,3,5,0,1,2,False,True,True,False,False,V0_P1_C1,low,V0_P1_C1__low
001150,train,1242,375,8,6,2,6,0,0,True,False,False,False,False,V1_P0_C0,medium,V1_P0_C0__medium
001151,train,1238,374,6,6,0,6,0,0,True,False,False,False,False,V1_P0_C0,medium,V1_P0_C0__medium
001152,val,1242,375,4,3,1,3,0,0,True,False,False,False,False,V1_P0_C0,low,V1_P0_C0__low
001153,train,1242,375,7,6,1,6,0,0,True,False,False,False,False,V1_P0_C0,medium,V1_P0_C0__medium
001154,train,1242,375,5,4,1,4,0,0,True,False,False,False,False,V1_P0_C0,medium,V1_P0_C0__medium
001155,train,1242,375,1,1,0,1,0,0,True,False,False,False,False,V1_P0_C0,low,V1_P0_C0__low
001156,train,1242,375,3,3,0,3,0,0,True,False,False,False,False,V1_P0_C0,low,V1_P0_C0__low
001157,train,1242,375,5,4,1,4,0,0,True,False,False,False,False,V1_P0_C0,medium,V1_P0_C0__medium
001158,train,1241,376,8,6,2,6,0,0,True,False,False,False,False,V1_P0_C0,medium,V1_P0_C0__medium
001159,val,1242,375,8,6,2,6,0,0,True,False,False,False,False,V1_P0_C0,medium,V1_P0_C0__medium
001160,train,1224,370,2,2,0,1,1,0,True,True,False,False,False,V1_P1_C0,low,V1_P1_C0__low
001161,train,1224,370,1,1,0,0,1,0,False,True,False,False,False,V0_P1_C0,low,V0_P1_C0__low
001162,train,1242,375,10,9,1,9,0,0,True,False,False,False,False,V1_P0_C0,high,V1_P0_C0__high
001163,val,1242,375,11,9,2,9,0,0,True,False,False,False,False,V1_P0_C0,high,V1_P0_C0__high
001164,train,1238,374,6,5,1,5,0,0,True,False,False,False,False,V1_P0_C0,medium,V1_P0_C0__medium
001165,val,1242,375,4,3,1,3,0,0,True,False,False,False,False,V1_P0_C0,low,V1_P0_C0__low
001166,train,1242,375,3,2,1,2,0,0,True,False,False,False,False,V1_P0_C0,low,V1_P0_C0__low
001167,val,1242,375,8,2,6,1,1,0,True,True,False,False,False,V1_P1_C0,low,V1_P1_C0__low
001168,train,1242,375,5,4,1,3,0,1,True,False,True,False,False,V1_P0_C1,medium,V1_P0_C1__medium
001169,train,1224,370,13,9,4,0,7,2,False,True,True,False,False,V0_P1_C1,high,V0_P1_C1__high
001170,train,1242,375,7,6,1,6,0,0,True,False,False,False,False,V1_P0_C0,medium,V1_P0_C0__medium
001171,train,1242,375,5,2,3,1,1,0,True,True,False,False,False,V1_P1_C0,low,V1_P1_C0__low
001172,train,1242,375,7,6,1,6,0,0,True,False,False,False,False,V1_P0_C0,medium,V1_P0_C0__medium
001173,val,1242,375,5,3,2,3,0,0,True,False,False,False,False,V1_P0_C0,low,V1_P0_C0__low
001174,train,1224,370,1,1,0,0,1,0,False,True,False,False,False,V0_P1_C0,low,V0_P1_C0__low
001175,train,1242,375,16,15,1,15,0,0,True,False,False,False,False,V1_P0_C0,high,V1_P0_C0__high
001176,train,1242,375,2,2,0,2,0,0,True,False,False,False,False,V1_P0_C0,low,V1_P0_C0__low
001177,train,1242,375,4,3,1,2,0,1,True,False,True,False,False,V1_P0_C1,low,V1_P0_C1__low
001178,train,1242,375,4,4,0,4,0,0,True,False,False,False,False,V1_P0_C0,medium,V1_P0_C0__medium
001179,train,1242,375,7,4,3,3,0,1,True,False,True,False,False,V1_P0_C1,medium,V1_P0_C1__medium
001180,val,1242,375,14,12,2,9,3,0,True,True,False,False,False,V1_P1_C0,high,V1_P1_C0__high
001181,train,1224,370,8,5,3,5,0,0,True,False,False,False,False,V1_P0_C0,medium,V1_P0_C0__medium
001182,train,1242,375,7,5,2,5,0,0,True,False,False,False,False,V1_P0_C0,medium,V1_P0_C0__medium
001183,train,1242,375,7,6,1,6,0,0,True,False,False,False,False,V1_P0_C0,medium,V1_P0_C0__medium
001184,train,1242,375,8,7,1,6,1,0,True,True,False,False,False,V1_P1_C0,high,V1_P1_C0__high
001185,train,1224,370,7,5,2,5,0,0,True,False,False,False,False,V1_P0_C0,medium,V1_P0_C0__medium
001186,train,1242,375,2,1,1,1,0,0,True,False,False,False,False,V1_P0_C0,low,V1_P0_C0__low
001187,train,1242,375,7,6,1,6,0,0,True,False,False,False,False,V1_P0_C0,medium,V1_P0_C0__medium
001188,train,1224,370,4,3,1,2,1,0,True,True,False,False,False,V1_P1_C0,low,V1_P1_C0__low
001189,train,1224,370,1,1,0,0,1,0,False,True,False,False,False,V0_P1_C0,low,V0_P1_C0__low
001190,train,1242,375,8,7,1,7,0,0,True,False,False,False,False,V1_P0_C0,high,V1_P0_C0__high
001191,train,1224,370,1,1,0,0,1,0,False,True,False,False,False,V0_P1_C0,low,V0_P1_C0__low
001192,train,1242,375,6,4,2,4,0,0,True,False,False,False,False,V1_P0_C0,medium,V1_P0_C0__medium
001193,train,1238,374,11,8,3,2,6,0,True,True,False,False,False,V1_P1_C0,high,V1_P1_C0__high
001194,val,1242,375,3,2,1,2,0,0,True,False,False,False,False,V1_P0_C0,low,V1_P0_C0__low
001195,train,1241,376,10,10,0,10,0,0,True,False,False,False,False,V1_P0_C0,high,V1_P0_C0__high
001196,train,1242,375,7,7,0,3,3,1,True,True,True,False,False,V1_P1_C1,high,V1_P1_C1__high
001197,val,1242,375,1,1,0,1,0,0,True,False,False,False,False,V1_P0_C0,low,V1_P0_C0__low
001198,train,1238,374,9,7,2,1,6,0,True,True,False,False,False,V1_P1_C0,high,V1_P1_C0__high
001199,train,1242,375,18,11,7,11,0,0,True,False,False,False,False,V1_P0_C0,high,V1_P0_C0__high
001200,train,1242,375,6,5,1,5,0,0,True,False,False,False,False,V1_P0_C0,medium,V1_P0_C0__medium
001201,train,1242,375,9,7,2,7,0,0,True,False,False,False,False,V1_P0_C0,high,V1_P0_C0__high
001202,train,1242,375,1,1,0,1,0,0,True,False,False,False,False,V1_P0_C0,low,V1_P0_C0__low
001203,train,1242,375,6,5,1,4,0,1,True,False,True,False,False,V1_P0_C1,medium,V1_P0_C1__medium
001204,train,1242,375,9,8,1,7,0,1,True,False,True,False,False,V1_P0_C1,high,V1_P0_C1__high
001205,train,1224,370,1,1,0,0,1,0,False,True,False,False,False,V0_P1_C0,low,V0_P1_C0__low
001206,train,1242,375,9,8,1,8,0,0,True,False,False,False,False,V1_P0_C0,high,V1_P0_C0__high
001207,val,1238,374,9,6,3,0,4,2,False,True,True,False,False,V0_P1_C1,medium,V0_P1_C1__medium
001208,train,1224,370,1,1,0,0,1,0,False,True,False,False,False,V0_P1_C0,low,V0_P1_C0__low
001209,train,1242,375,15,14,1,14,0,0,True,False,False,False,False,V1_P0_C0,high,V1_P0_C0__high
001210,train,1242,375,2,1,1,1,0,0,True,False,False,False,False,V1_P0_C0,low,V1_P0_C0__low
001211,train,1242,375,6,3,3,0,3,0,False,True,False,False,False,V0_P1_C0,low,V0_P1_C0__low
001212,train,1242,375,2,2,0,2,0,0,True,False,False,False,False,V1_P0_C0,low,V1_P0_C0__low
001213,train,1242,375,3,2,1,1,0,1,True,False,True,False,False,V1_P0_C1,low,V1_P0_C1__low
001214,train,1242,375,5,4,1,4,0,0,True,False,False,False,False,V1_P0_C0,medium,V1_P0_C0__medium
001215,train,1242,375,2,1,1,1,0,0,True,False,False,False,False,V1_P0_C0,low,V1_P0_C0__low
001216,val,1242,375,7,4,3,3,0,1,True,False,True,False,False,V1_P0_C1,medium,V1_P0_C1__medium
001217,train,1242,375,8,5,3,5,0,0,True,False,False,False,False,V1_P0_C0,medium,V1_P0_C0__medium
001218,train,1242,375,4,3,1,2,0,1,True,False,True,False,False,V1_P0_C1,low,V1_P0_C1__low
001219,train,1242,375,3,2,1,2,0,0,True,False,False,False,False,V1_P0_C0,low,V1_P0_C0__low
001220,train,1224,370,12,11,1,1,9,1,True,True,True,False,False,V1_P1_C1,high,V1_P1_C1__high
001221,train,1242,375,12,11,1,7,2,2,True,True,True,False,False,V1_P1_C1,high,V1_P1_C1__high
001222,train,1242,375,11,10,1,9,0,1,True,False,True,False,False,V1_P0_C1,high,V1_P0_C1__high
001223,train,1242,375,14,13,1,13,0,0,True,False,False,False,False,V1_P0_C0,high,V1_P0_C0__high
001224,train,1242,375,10,9,1,9,0,0,True,False,False,False,False,V1_P0_C0,high,V1_P0_C0__high
001225,train,1242,375,6,6,0,5,1,0,True,True,False,False,False,V1_P1_C0,medium,V1_P1_C0__medium
001226,train,1242,375,7,6,1,6,0,0,True,False,False,False,False,V1_P0_C0,medium,V1_P0_C0__medium
001227,train,1242,375,15,15,0,15,0,0,True,False,False,False,False,V1_P0_C0,high,V1_P0_C0__high
001228,val,1224,370,1,1,0,0,1,0,False,True,False,False,False,V0_P1_C0,low,V0_P1_C0__low
001229,val,1242,375,7,5,2,5,0,0,True,False,False,False,False,V1_P0_C0,medium,V1_P0_C0__medium
001230,val,1242,375,15,13,2,13,0,0,True,False,False,False,False,V1_P0_C0,high,V1_P0_C0__high
001231,train,1242,375,4,2,2,2,0,0,True,False,False,False,False,V1_P0_C0,low,V1_P0_C0__low
001232,train,1242,375,11,8,3,8,0,0,True,False,False,False,False,V1_P0_C0,high,V1_P0_C0__high
001233,train,1224,370,1,1,0,0,1,0,False,True,False,False,False,V0_P1_C0,low,V0_P1_C0__low
001234,val,1242,375,3,2,1,2,0,0,True,False,False,False,False,V1_P0_C0,low,V1_P0_C0__low
001235,train,1242,375,2,1,1,1,0,0,True,False,False,False,False,V1_P0_C0,low,V1_P0_C0__low
001236,train,1242,375,3,2,1,2,0,0,True,False,False,False,False,V1_P0_C0,low,V1_P0_C0__low
001237,train,1242,375,11,10,1,10,0,0,True,False,False,False,False,V1_P0_C0,high,V1_P0_C0__high
001238,val,1242,375,7,7,0,2,3,2,True,True,True,False,False,V1_P1_C1,high,V1_P1_C1__high
001239,val,1242,375,1,1,0,1,0,0,True,False,False,False,False,V1_P0_C0,low,V1_P0_C0__low
001240,train,1238,374,6,6,0,6,0,0,True,False,False,False,False,V1_P0_C0,medium,V1_P0_C0__medium
001241,train,1242,375,7,6,1,6,0,0,True,False,False,False,False,V1_P0_C0,medium,V1_P0_C0__medium
001242,train,1242,375,3,2,1,1,0,1,True,False,True,False,False,V1_P0_C1,low,V1_P0_C1__low
001243,train,1242,375,7,6,1,6,0,0,True,False,False,False,False,V1_P0_C0,medium,V1_P0_C0__medium
001244,train,1241,376,11,11,0,11,0,0,True,False,False,False,False,V1_P0_C0,high,V1_P0_C0__high
001245,train,1242,375,6,4,2,3,0,1,True,False,True,False,False,V1_P0_C1,medium,V1_P0_C1__medium
001246,train,1242,375,12,10,2,10,0,0,True,False,False,False,False,V1_P0_C0,high,V1_P0_C0__high
001247,train,1242,375,8,6,2,6,0,0,True,False,False,False,False,V1_P0_C0,medium,V1_P0_C0__medium
001248,train,1242,375,15,12,3,12,0,0,True,False,False,False,False,V1_P0_C0,high,V1_P0_C0__high
001249,train,1224,370,1,1,0,0,1,0,False,True,False,False,False,V0_P1_C0,low,V0_P1_C0__low
001250,train,1242,375,7,2,5,2,0,0,True,False,False,False,False,V1_P0_C0,low,V1_P0_C0__low
001251,train,1242,375,3,2,1,2,0,0,True,False,False,False,False,V1_P0_C0,low,V1_P0_C0__low
001252,val,1238,374,8,6,2,0,4,2,False,True,True,False,False,V0_P1_C1,medium,V0_P1_C1__medium
001253,train,1238,374,4,4,0,4,0,0,True,False,False,False,False,V1_P0_C0,medium,V1_P0_C0__medium
001254,val,1242,375,12,10,2,8,0,2,True,False,True,False,False,V1_P0_C1,high,V1_P0_C1__high
001255,train,1242,375,6,4,2,4,0,0,True,False,False,False,False,V1_P0_C0,medium,V1_P0_C0__medium
001256,train,1224,370,1,1,0,0,1,0,False,True,False,False,False,V0_P1_C0,low,V0_P1_C0__low
001257,train,1242,375,4,3,1,3,0,0,True,False,False,False,False,V1_P0_C0,low,V1_P0_C0__low
001258,train,1242,375,2,1,1,1,0,0,True,False,False,False,False,V1_P0_C0,low,V1_P0_C0__low
001259,train,1242,375,2,2,0,2,0,0,True,False,False,False,False,V1_P0_C0,low,V1_P0_C0__low
001260,train,1242,375,2,2,0,2,0,0,True,False,False,False,False,V1_P0_C0,low,V1_P0_C0__low
001261,train,1242,375,5,5,0,5,0,0,True,False,False,False,False,V1_P0_C0,medium,V1_P0_C0__medium
001262,val,1242,375,17,14,3,12,2,0,True,True,False,False,False,V1_P1_C0,high,V1_P1_C0__high
001263,train,1242,375,7,4,3,3,1,0,True,True,False,False,False,V1_P1_C0,medium,V1_P1_C0__medium
001264,train,1242,375,6,4,2,4,0,0,True,False,False,False,False,V1_P0_C0,medium,V1_P0_C0__medium
001265,train,1242,375,3,2,1,2,0,0,True,False,False,False,False,V1_P0_C0,low,V1_P0_C0__low
001266,train,1224,370,6,3,3,2,0,1,True,False,True,False,False,V1_P0_C1,low,V1_P0_C1__low
001267,train,1238,374,8,7,1,1,6,0,True,True,False,False,False,V1_P1_C0,high,V1_P1_C0__high
001268,train,1242,375,8,6,2,5,0,1,True,False,True,False,False,V1_P0_C1,medium,V1_P0_C1__medium
001269,train,1242,375,3,2,1,2,0,0,True,False,False,False,False,V1_P0_C0,low,V1_P0_C0__low
001270,val,1242,375,9,6,3,6,0,0,True,False,False,False,False,V1_P0_C0,medium,V1_P0_C0__medium
001271,val,1242,375,3,2,1,2,0,0,True,False,False,False,False,V1_P0_C0,low,V1_P0_C0__low
001272,train,1224,370,1,1,0,0,1,0,False,True,False,False,False,V0_P1_C0,low,V0_P1_C0__low
001273,train,1242,375,5,3,2,3,0,0,True,False,False,False,False,V1_P0_C0,low,V1_P0_C0__low
001274,train,1242,375,10,9,1,7,0,2,True,False,True,False,False,V1_P0_C1,high,V1_P0_C1__high
001275,train,1242,375,5,4,1,4,0,0,True,False,False,False,False,V1_P0_C0,medium,V1_P0_C0__medium
001276,train,1242,375,6,6,0,6,0,0,True,False,False,False,False,V1_P0_C0,medium,V1_P0_C0__medium
001277,train,1242,375,9,8,1,8,0,0,True,False,False,False,False,V1_P0_C0,high,V1_P0_C0__high
001278,train,1242,375,6,5,1,5,0,0,True,False,False,False,False,V1_P0_C0,medium,V1_P0_C0__medium
001279,train,1224,370,1,1,0,0,1,0,False,True,False,False,False,V0_P1_C0,low,V0_P1_C0__low
001280,train,1242,375,9,8,1,8,0,0,True,False,False,False,False,V1_P0_C0,high,V1_P0_C0__high
001281,train,1242,375,7,5,2,3,0,2,True,False,True,False,False,V1_P0_C1,medium,V1_P0_C1__medium
001282,train,1242,375,2,1,1,1,0,0,True,False,False,False,False,V1_P0_C0,low,V1_P0_C0__low
001283,train,1242,375,4,3,1,2,0,1,True,False,True,False,False,V1_P0_C1,low,V1_P0_C1__low
001284,val,1242,375,5,5,0,5,0,0,True,False,False,False,False,V1_P0_C0,medium,V1_P0_C0__medium
001285,train,1242,375,2,2,0,2,0,0,True,False,False,False,False,V1_P0_C0,low,V1_P0_C0__low
001286,val,1224,370,6,3,3,2,1,0,True,True,False,False,False,V1_P1_C0,low,V1_P1_C0__low
001287,train,1241,376,14,12,2,12,0,0,True,False,False,False,False,V1_P0_C0,high,V1_P0_C0__high
001288,val,1242,375,8,7,1,7,0,0,True,False,False,False,False,V1_P0_C0,high,V1_P0_C0__high
001289,train,1224,370,7,4,3,3,0,1,True,False,True,False,False,V1_P0_C1,medium,V1_P0_C1__medium
001290,val,1242,375,11,10,1,9,0,1,True,False,True,False,False,V1_P0_C1,high,V1_P0_C1__high
001291,train,1241,376,4,3,1,3,0,0,True,False,False,False,False,V1_P0_C0,low,V1_P0_C0__low
001292,val,1242,375,5,3,2,3,0,0,True,False,False,False,False,V1_P0_C0,low,V1_P0_C0__low
001293,train,1242,375,12,10,2,10,0,0,True,False,False,False,False,V1_P0_C0,high,V1_P0_C0__high
001294,train,1242,375,9,8,1,8,0,0,True,False,False,False,False,V1_P0_C0,high,V1_P0_C0__high
001295,train,1224,370,10,7,3,2,2,3,True,True,True,False,False,V1_P1_C1,high,V1_P1_C1__high
001296,train,1242,375,8,4,4,4,0,0,True,False,False,False,False,V1_P0_C0,medium,V1_P0_C0__medium
001297,train,1242,375,3,1,2,1,0,0,True,False,False,False,False,V1_P0_C0,low,V1_P0_C0__low
001298,train,1242,375,2,1,1,1,0,0,True,False,False,False,False,V1_P0_C0,low,V1_P0_C0__low
001299,val,1242,375,3,3,0,3,0,0,True,False,False,False,False,V1_P0_C0,low,V1_P0_C0__low
001300,train,1224,370,1,1,0,0,1,0,False,True,False,False,False,V0_P1_C0,low,V0_P1_C0__low
001301,train,1242,375,13,12,1,12,0,0,True,False,False,False,False,V1_P0_C0,high,V1_P0_C0__high
001302,train,1242,375,2,2,0,2,0,0,True,False,False,False,False,V1_P0_C0,low,V1_P0_C0__low
001303,train,1242,375,3,3,0,3,0,0,True,False,False,False,False,V1_P0_C0,low,V1_P0_C0__low
001304,train,1242,375,6,4,2,4,0,0,True,False,False,False,False,V1_P0_C0,medium,V1_P0_C0__medium
001305,train,1242,375,7,5,2,5,0,0,True,False,False,False,False,V1_P0_C0,medium,V1_P0_C0__medium
001306,train,1241,376,12,10,2,10,0,0,True,False,False,False,False,V1_P0_C0,high,V1_P0_C0__high
001307,train,1238,374,6,4,2,2,2,0,True,True,False,False,False,V1_P1_C0,medium,V1_P1_C0__medium
001308,train,1224,370,7,4,3,3,0,1,True,False,True,False,False,V1_P0_C1,medium,V1_P0_C1__medium
001309,val,1238,374,6,5,1,5,0,0,True,False,False,False,False,V1_P0_C0,medium,V1_P0_C0__medium
001310,train,1242,375,6,3,3,2,0,1,True,False,True,False,False,V1_P0_C1,low,V1_P0_C1__low
001311,train,1242,375,13,11,2,10,1,0,True,True,False,False,False,V1_P1_C0,high,V1_P1_C0__high
001312,train,1242,375,3,2,1,2,0,0,True,False,False,False,False,V1_P0_C0,low,V1_P0_C0__low
001313,train,1242,375,5,2,3,2,0,0,True,False,False,False,False,V1_P0_C0,low,V1_P0_C0__low
001314,val,1224,370,2,2,0,0,2,0,False,True,False,False,False,V0_P1_C0,low,V0_P1_C0__low
001315,train,1242,375,2,1,1,1,0,0,True,False,False,False,False,V1_P0_C0,low,V1_P0_C0__low
001316,train,1242,375,4,1,3,1,0,0,True,False,False,False,False,V1_P0_C0,low,V1_P0_C0__low
001317,train,1242,375,8,6,2,6,0,0,True,False,False,False,False,V1_P0_C0,medium,V1_P0_C0__medium
001318,train,1242,375,5,4,1,4,0,0,True,False,False,False,False,V1_P0_C0,medium,V1_P0_C0__medium
001319,train,1242,375,6,6,0,2,3,1,True,True,True,False,False,V1_P1_C1,medium,V1_P1_C1__medium
001320,train,1242,375,6,4,2,4,0,0,True,False,False,False,False,V1_P0_C0,medium,V1_P0_C0__medium
001321,train,1242,375,1,1,0,1,0,0,True,False,False,False,False,V1_P0_C0,low,V1_P0_C0__low
001322,train,1242,375,9,8,1,5,3,0,True,True,False,False,False,V1_P1_C0,high,V1_P1_C0__high
001323,val,1224,370,1,1,0,0,1,0,False,True,False,False,False,V0_P1_C0,low,V0_P1_C0__low
001324,train,1242,375,2,2,0,2,0,0,True,False,False,False,False,V1_P0_C0,low,V1_P0_C0__low
001325,val,1242,375,4,3,1,2,0,1,True,False,True,False,False,V1_P0_C1,low,V1_P0_C1__low
001326,val,1242,375,7,4,3,4,0,0,True,False,False,False,False,V1_P0_C0,medium,V1_P0_C0__medium
001327,train,1242,375,3,2,1,2,0,0,True,False,False,False,False,V1_P0_C0,low,V1_P0_C0__low
001328,train,1242,375,6,4,2,2,0,2,True,False,True,False,False,V1_P0_C1,medium,V1_P0_C1__medium
001329,train,1242,375,4,1,3,1,0,0,True,False,False,False,False,V1_P0_C0,low,V1_P0_C0__low
001330,train,1242,375,7,7,0,6,1,0,True,True,False,False,False,V1_P1_C0,high,V1_P1_C0__high
001331,train,1242,375,7,3,4,3,0,0,True,False,False,False,False,V1_P0_C0,low,V1_P0_C0__low
001332,train,1238,374,6,5,1,5,0,0,True,False,False,False,False,V1_P0_C0,medium,V1_P0_C0__medium
001333,train,1242,375,8,7,1,6,0,1,True,False,True,False,False,V1_P0_C1,high,V1_P0_C1__high
001334,train,1242,375,10,4,6,0,2,2,False,True,True,False,False,V0_P1_C1,medium,V0_P1_C1__medium
001335,train,1242,375,4,2,2,2,0,0,True,False,False,False,False,V1_P0_C0,low,V1_P0_C0__low
001336,val,1242,375,10,8,2,5,0,3,True,False,True,False,False,V1_P0_C1,high,V1_P0_C1__high
001337,train,1242,375,6,6,0,6,0,0,True,False,False,False,False,V1_P0_C0,medium,V1_P0_C0__medium
001338,train,1242,375,3,1,2,1,0,0,True,False,False,False,False,V1_P0_C0,low,V1_P0_C0__low
001339,train,1242,375,2,2,0,2,0,0,True,False,False,False,False,V1_P0_C0,low,V1_P0_C0__low
001340,train,1242,375,6,3,3,0,3,0,False,True,False,False,False,V0_P1_C0,low,V0_P1_C0__low
001341,train,1242,375,1,1,0,1,0,0,True,False,False,False,False,V1_P0_C0,low,V1_P0_C0__low
001342,val,1242,375,2,1,1,1,0,0,True,False,False,False,False,V1_P0_C0,low,V1_P0_C0__low
001343,train,1242,375,3,2,1,2,0,0,True,False,False,False,False,V1_P0_C0,low,V1_P0_C0__low
001344,train,1242,375,6,4,2,4,0,0,True,False,False,False,False,V1_P0_C0,medium,V1_P0_C0__medium
001345,val,1242,375,5,2,3,1,0,1,True,False,True,False,False,V1_P0_C1,low,V1_P0_C1__low
001346,train,1242,375,7,5,2,5,0,0,True,False,False,False,False,V1_P0_C0,medium,V1_P0_C0__medium
001347,val,1241,376,5,3,2,3,0,0,True,False,False,False,False,V1_P0_C0,low,V1_P0_C0__low
001348,train,1224,370,1,1,0,0,1,0,False,True,False,False,False,V0_P1_C0,low,V0_P1_C0__low
001349,train,1242,375,14,13,1,13,0,0,True,False,False,False,False,V1_P0_C0,high,V1_P0_C0__high
001350,train,1242,375,4,2,2,2,0,0,True,False,False,False,False,V1_P0_C0,low,V1_P0_C0__low
001351,train,1242,375,7,6,1,5,0,1,True,False,True,False,False,V1_P0_C1,medium,V1_P0_C1__medium
001352,train,1242,375,4,3,1,3,0,0,True,False,False,False,False,V1_P0_C0,low,V1_P0_C0__low
001353,train,1242,375,3,1,2,1,0,0,True,False,False,False,False,V1_P0_C0,low,V1_P0_C0__low
001354,train,1224,370,10,6,4,0,5,1,False,True,True,False,False,V0_P1_C1,medium,V0_P1_C1__medium
001355,train,1238,374,14,13,1,1,12,0,True,True,False,False,False,V1_P1_C0,high,V1_P1_C0__high
001356,val,1242,375,7,5,2,5,0,0,True,False,False,False,False,V1_P0_C0,medium,V1_P0_C0__medium
001357,train,1224,370,11,8,3,0,5,3,False,True,True,False,False,V0_P1_C1,high,V0_P1_C1__high
001358,train,1224,370,7,6,1,2,2,2,True,True,True,False,False,V1_P1_C1,medium,V1_P1_C1__medium
001359,train,1242,375,5,2,3,2,0,0,True,False,False,False,False,V1_P0_C0,low,V1_P0_C0__low
001360,train,1242,375,7,7,0,3,3,1,True,True,True,False,False,V1_P1_C1,high,V1_P1_C1__high
001361,val,1238,374,6,4,2,4,0,0,True,False,False,False,False,V1_P0_C0,medium,V1_P0_C0__medium
001362,train,1242,375,3,1,2,1,0,0,True,False,False,False,False,V1_P0_C0,low,V1_P0_C0__low
001363,train,1242,375,6,5,1,5,0,0,True,False,False,False,False,V1_P0_C0,medium,V1_P0_C0__medium
001364,train,1242,375,3,1,2,1,0,0,True,False,False,False,False,V1_P0_C0,low,V1_P0_C0__low
001365,train,1242,375,4,4,0,4,0,0,True,False,False,False,False,V1_P0_C0,medium,V1_P0_C0__medium
001366,train,1224,370,16,13,3,4,6,3,True,True,True,False,False,V1_P1_C1,high,V1_P1_C1__high
001367,train,1242,375,13,9,4,9,0,0,True,False,False,False,False,V1_P0_C0,high,V1_P0_C0__high
001368,train,1242,375,18,15,3,14,1,0,True,True,False,False,False,V1_P1_C0,high,V1_P1_C0__high
001369,train,1242,375,9,6,3,6,0,0,True,False,False,False,False,V1_P0_C0,medium,V1_P0_C0__medium
001370,train,1242,375,16,15,1,13,2,0,True,True,False,False,False,V1_P1_C0,high,V1_P1_C0__high
001371,train,1242,375,8,7,1,6,1,0,True,True,False,False,False,V1_P1_C0,high,V1_P1_C0__high
001372,train,1242,375,6,5,1,4,0,1,True,False,True,False,False,V1_P0_C1,medium,V1_P0_C1__medium
001373,train,1242,375,4,4,0,4,0,0,True,False,False,False,False,V1_P0_C0,medium,V1_P0_C0__medium
001374,val,1224,370,1,1,0,0,1,0,False,True,False,False,False,V0_P1_C0,low,V0_P1_C0__low
001375,val,1242,375,3,1,2,1,0,0,True,False,False,False,False,V1_P0_C0,low,V1_P0_C0__low
001376,train,1242,375,8,6,2,6,0,0,True,False,False,False,False,V1_P0_C0,medium,V1_P0_C0__medium
001377,train,1242,375,5,4,1,4,0,0,True,False,False,False,False,V1_P0_C0,medium,V1_P0_C0__medium
001378,val,1242,375,9,8,1,7,1,0,True,True,False,False,False,V1_P1_C0,high,V1_P1_C0__high
001379,val,1242,375,2,1,1,1,0,0,True,False,False,False,False,V1_P0_C0,low,V1_P0_C0__low
001380,train,1242,375,9,7,2,4,0,3,True,False,True,False,False,V1_P0_C1,high,V1_P0_C1__high
001381,train,1242,375,3,1,2,1,0,0,True,False,False,False,False,V1_P0_C0,low,V1_P0_C0__low
001382,train,1242,375,2,2,0,2,0,0,True,False,False,False,False,V1_P0_C0,low,V1_P0_C0__low
001383,train,1242,375,12,12,0,12,0,0,True,False,False,False,False,V1_P0_C0,high,V1_P0_C0__high
001384,train,1224,370,2,2,0,1,1,0,True,True,False,False,False,V1_P1_C0,low,V1_P1_C0__low
001385,train,1242,375,1,1,0,1,0,0,True,False,False,False,False,V1_P0_C0,low,V1_P0_C0__low
001386,train,1242,375,2,2,0,2,0,0,True,False,False,False,False,V1_P0_C0,low,V1_P0_C0__low
001387,train,1242,375,4,3,1,3,0,0,True,False,False,False,False,V1_P0_C0,low,V1_P0_C0__low
001388,train,1242,375,11,7,4,7,0,0,True,False,False,False,False,V1_P0_C0,high,V1_P0_C0__high
001389,train,1242,375,8,7,1,7,0,0,True,False,False,False,False,V1_P0_C0,high,V1_P0_C0__high
001390,val,1242,375,5,4,1,4,0,0,True,False,False,False,False,V1_P0_C0,medium,V1_P0_C0__medium
001391,val,1242,375,13,10,3,10,0,0,True,False,False,False,False,V1_P0_C0,high,V1_P0_C0__high
001392,train,1242,375,4,4,0,4,0,0,True,False,False,False,False,V1_P0_C0,medium,V1_P0_C0__medium
001393,train,1242,375,9,6,3,6,0,0,True,False,False,False,False,V1_P0_C0,medium,V1_P0_C0__medium
001394,train,1224,370,1,1,0,0,1,0,False,True,False,False,False,V0_P1_C0,low,V0_P1_C0__low
001395,train,1242,375,3,1,2,1,0,0,True,False,False,False,False,V1_P0_C0,low,V1_P0_C0__low
001396,train,1242,375,9,7,2,4,2,1,True,True,True,False,False,V1_P1_C1,high,V1_P1_C1__high
001397,train,1224,370,1,1,0,0,1,0,False,True,False,False,False,V0_P1_C0,low,V0_P1_C0__low
001398,train,1242,375,7,6,1,6,0,0,True,False,False,False,False,V1_P0_C0,medium,V1_P0_C0__medium
001399,train,1242,375,1,1,0,1,0,0,True,False,False,False,False,V1_P0_C0,low,V1_P0_C0__low
001400,train,1242,375,2,1,1,1,0,0,True,False,False,False,False,V1_P0_C0,low,V1_P0_C0__low
001401,train,1242,375,4,1,3,1,0,0,True,False,False,False,False,V1_P0_C0,low,V1_P0_C0__low
001402,train,1242,375,6,2,4,2,0,0,True,False,False,False,False,V1_P0_C0,low,V1_P0_C0__low
001403,val,1242,375,8,6,2,6,0,0,True,False,False,False,False,V1_P0_C0,medium,V1_P0_C0__medium
001404,train,1242,375,16,16,0,10,4,2,True,True,True,False,False,V1_P1_C1,high,V1_P1_C1__high
001405,train,1242,375,5,3,2,0,3,0,False,True,False,False,False,V0_P1_C0,low,V0_P1_C0__low
001406,train,1224,370,1,1,0,0,1,0,False,True,False,False,False,V0_P1_C0,low,V0_P1_C0__low
001407,train,1242,375,18,14,4,13,1,0,True,True,False,False,False,V1_P1_C0,high,V1_P1_C0__high
001408,train,1242,375,1,1,0,1,0,0,True,False,False,False,False,V1_P0_C0,low,V1_P0_C0__low
001409,train,1242,375,5,4,1,1,3,0,True,True,False,False,False,V1_P1_C0,medium,V1_P1_C0__medium
001410,train,1242,375,15,12,3,12,0,0,True,False,False,False,False,V1_P0_C0,high,V1_P0_C0__high
001411,val,1242,375,4,3,1,3,0,0,True,False,False,False,False,V1_P0_C0,low,V1_P0_C0__low
001412,train,1242,375,14,13,1,12,0,1,True,False,True,False,False,V1_P0_C1,high,V1_P0_C1__high
001413,val,1242,375,5,5,0,5,0,0,True,False,False,False,False,V1_P0_C0,medium,V1_P0_C0__medium
001414,train,1242,375,7,5,2,5,0,0,True,False,False,False,False,V1_P0_C0,medium,V1_P0_C0__medium
001415,train,1242,375,7,6,1,6,0,0,True,False,False,False,False,V1_P0_C0,medium,V1_P0_C0__medium
001416,train,1242,375,6,5,1,5,0,0,True,False,False,False,False,V1_P0_C0,medium,V1_P0_C0__medium
001417,train,1242,375,11,10,1,10,0,0,True,False,False,False,False,V1_P0_C0,high,V1_P0_C0__high
001418,train,1242,375,5,3,2,3,0,0,True,False,False,False,False,V1_P0_C0,low,V1_P0_C0__low
001419,train,1238,374,12,9,3,2,7,0,True,True,False,False,False,V1_P1_C0,high,V1_P1_C0__high
001420,train,1242,375,6,2,4,2,0,0,True,False,False,False,False,V1_P0_C0,low,V1_P0_C0__low
001421,train,1224,370,1,1,0,0,1,0,False,True,False,False,False,V0_P1_C0,low,V0_P1_C0__low
001422,val,1224,370,11,10,1,1,8,1,True,True,True,False,False,V1_P1_C1,high,V1_P1_C1__high
001423,train,1224,370,1,1,0,0,1,0,False,True,False,False,False,V0_P1_C0,low,V0_P1_C0__low
001424,train,1242,375,12,7,5,6,1,0,True,True,False,False,False,V1_P1_C0,high,V1_P1_C0__high
001425,train,1242,375,8,5,3,2,0,3,True,False,True,False,False,V1_P0_C1,medium,V1_P0_C1__medium
001426,train,1242,375,21,17,4,14,3,0,True,True,False,False,False,V1_P1_C0,high,V1_P1_C0__high
001427,train,1242,375,6,1,5,1,0,0,True,False,False,False,False,V1_P0_C0,low,V1_P0_C0__low
001428,train,1224,370,10,8,2,0,5,3,False,True,True,False,False,V0_P1_C1,high,V0_P1_C1__high
001429,train,1242,375,11,11,0,11,0,0,True,False,False,False,False,V1_P0_C0,high,V1_P0_C0__high
001430,train,1242,375,5,2,3,2,0,0,True,False,False,False,False,V1_P0_C0,low,V1_P0_C0__low
001431,train,1224,370,1,1,0,0,1,0,False,True,False,False,False,V0_P1_C0,low,V0_P1_C0__low
001432,train,1242,375,2,1,1,1,0,0,True,False,False,False,False,V1_P0_C0,low,V1_P0_C0__low
001433,train,1224,370,7,6,1,4,2,0,True,True,False,False,False,V1_P1_C0,medium,V1_P1_C0__medium
001434,train,1242,375,5,4,1,4,0,0,True,False,False,False,False,V1_P0_C0,medium,V1_P0_C0__medium
001435,val,1242,375,7,6,1,6,0,0,True,False,False,False,False,V1_P0_C0,medium,V1_P0_C0__medium
001436,val,1242,375,6,4,2,4,0,0,True,False,False,False,False,V1_P0_C0,medium,V1_P0_C0__medium
001437,val,1242,375,3,1,2,1,0,0,True,False,False,False,False,V1_P0_C0,low,V1_P0_C0__low
001438,train,1242,375,9,8,1,7,1,0,True,True,False,False,False,V1_P1_C0,high,V1_P1_C0__high
001439,train,1242,375,6,3,3,2,0,1,True,False,True,False,False,V1_P0_C1,low,V1_P0_C1__low
001440,train,1242,375,5,1,4,1,0,0,True,False,False,False,False,V1_P0_C0,low,V1_P0_C0__low
001441,val,1224,370,1,1,0,0,1,0,False,True,False,False,False,V0_P1_C0,low,V0_P1_C0__low
001442,train,1242,375,6,5,1,5,0,0,True,False,False,False,False,V1_P0_C0,medium,V1_P0_C0__medium
001443,train,1242,375,6,5,1,5,0,0,True,False,False,False,False,V1_P0_C0,medium,V1_P0_C0__medium
001444,train,1224,370,1,1,0,0,1,0,False,True,False,False,False,V0_P1_C0,low,V0_P1_C0__low
001445,train,1242,375,6,5,1,5,0,0,True,False,False,False,False,V1_P0_C0,medium,V1_P0_C0__medium
001446,val,1241,376,10,7,3,7,0,0,True,False,False,False,False,V1_P0_C0,high,V1_P0_C0__high
001447,train,1242,375,8,5,3,5,0,0,True,False,False,False,False,V1_P0_C0,medium,V1_P0_C0__medium
001448,train,1238,374,5,4,1,4,0,0,True,False,False,False,False,V1_P0_C0,medium,V1_P0_C0__medium
001449,train,1224,370,1,1,0,0,1,0,False,True,False,False,False,V0_P1_C0,low,V0_P1_C0__low
001450,train,1242,375,5,2,3,1,0,1,True,False,True,False,False,V1_P0_C1,low,V1_P0_C1__low
001451,val,1242,375,3,2,1,2,0,0,True,False,False,False,False,V1_P0_C0,low,V1_P0_C0__low
001452,train,1242,375,7,6,1,6,0,0,True,False,False,False,False,V1_P0_C0,medium,V1_P0_C0__medium
001453,train,1242,375,5,4,1,4,0,0,True,False,False,False,False,V1_P0_C0,medium,V1_P0_C0__medium
001454,val,1242,375,7,6,1,0,6,0,False,True,False,False,False,V0_P1_C0,medium,V0_P1_C0__medium
001455,train,1242,375,6,4,2,3,0,1,True,False,True,False,False,V1_P0_C1,medium,V1_P0_C1__medium
001456,train,1242,375,4,4,0,4,0,0,True,False,False,False,False,V1_P0_C0,medium,V1_P0_C0__medium
001457,val,1242,375,17,16,1,16,0,0,True,False,False,False,False,V1_P0_C0,high,V1_P0_C0__high
001458,train,1242,375,10,9,1,8,1,0,True,True,False,False,False,V1_P1_C0,high,V1_P1_C0__high
001459,val,1242,375,5,3,2,3,0,0,True,False,False,False,False,V1_P0_C0,low,V1_P0_C0__low
001460,train,1242,375,7,5,2,5,0,0,True,False,False,False,False,V1_P0_C0,medium,V1_P0_C0__medium
001461,train,1242,375,12,5,7,5,0,0,True,False,False,False,False,V1_P0_C0,medium,V1_P0_C0__medium
001462,train,1242,375,3,3,0,3,0,0,True,False,False,False,False,V1_P0_C0,low,V1_P0_C0__low
001463,val,1242,375,7,5,2,5,0,0,True,False,False,False,False,V1_P0_C0,medium,V1_P0_C0__medium
001464,train,1242,375,22,21,1,19,2,0,True,True,False,False,False,V1_P1_C0,high,V1_P1_C0__high
001465,train,1242,375,10,6,4,6,0,0,True,False,False,False,False,V1_P0_C0,medium,V1_P0_C0__medium
001466,train,1224,370,9,5,4,2,2,1,True,True,True,False,False,V1_P1_C1,medium,V1_P1_C1__medium
001467,train,1242,375,7,6,1,0,6,0,False,True,False,False,False,V0_P1_C0,medium,V0_P1_C0__medium
001468,train,1242,375,18,18,0,16,2,0,True,True,False,False,False,V1_P1_C0,high,V1_P1_C0__high
001469,train,1241,376,10,8,2,8,0,0,True,False,False,False,False,V1_P0_C0,high,V1_P0_C0__high
001470,train,1242,375,9,4,5,4,0,0,True,False,False,False,False,V1_P0_C0,medium,V1_P0_C0__medium
001471,train,1242,375,5,2,3,2,0,0,True,False,False,False,False,V1_P0_C0,low,V1_P0_C0__low
001472,train,1242,375,8,5,3,5,0,0,True,False,False,False,False,V1_P0_C0,medium,V1_P0_C0__medium
001473,train,1242,375,4,2,2,2,0,0,True,False,False,False,False,V1_P0_C0,low,V1_P0_C0__low
001474,train,1242,375,6,5,1,5,0,0,True,False,False,False,False,V1_P0_C0,medium,V1_P0_C0__medium
001475,train,1242,375,15,12,3,12,0,0,True,False,False,False,False,V1_P0_C0,high,V1_P0_C0__high
001476,train,1242,375,13,10,3,10,0,0,True,False,False,False,False,V1_P0_C0,high,V1_P0_C0__high
001477,train,1224,370,1,1,0,0,1,0,False,True,False,False,False,V0_P1_C0,low,V0_P1_C0__low
001478,train,1242,375,3,2,1,2,0,0,True,False,False,False,False,V1_P0_C0,low,V1_P0_C0__low
001479,train,1242,375,4,3,1,3,0,0,True,False,False,False,False,V1_P0_C0,low,V1_P0_C0__low
001480,train,1242,375,4,3,1,3,0,0,True,False,False,False,False,V1_P0_C0,low,V1_P0_C0__low
001481,val,1241,376,10,9,1,9,0,0,True,False,False,False,False,V1_P0_C0,high,V1_P0_C0__high
001482,train,1242,375,5,2,3,2,0,0,True,False,False,False,False,V1_P0_C0,low,V1_P0_C0__low
001483,train,1242,375,9,7,2,7,0,0,True,False,False,False,False,V1_P0_C0,high,V1_P0_C0__high
001484,train,1242,375,5,3,2,3,0,0,True,False,False,False,False,V1_P0_C0,low,V1_P0_C0__low
001485,train,1242,375,6,4,2,2,0,2,True,False,True,False,False,V1_P0_C1,medium,V1_P0_C1__medium
001486,val,1238,374,5,5,0,5,0,0,True,False,False,False,False,V1_P0_C0,medium,V1_P0_C0__medium
001487,train,1224,370,3,3,0,1,2,0,True,True,False,False,False,V1_P1_C0,low,V1_P1_C0__low
001488,train,1238,374,4,2,2,1,1,0,True,True,False,False,False,V1_P1_C0,low,V1_P1_C0__low
001489,train,1242,375,3,2,1,2,0,0,True,False,False,False,False,V1_P0_C0,low,V1_P0_C0__low
001490,train,1242,375,7,6,1,6,0,0,True,False,False,False,False,V1_P0_C0,medium,V1_P0_C0__medium
001491,train,1242,375,8,6,2,6,0,0,True,False,False,False,False,V1_P0_C0,medium,V1_P0_C0__medium
001492,train,1242,375,2,2,0,2,0,0,True,False,False,False,False,V1_P0_C0,low,V1_P0_C0__low
001493,train,1242,375,8,6,2,6,0,0,True,False,False,False,False,V1_P0_C0,medium,V1_P0_C0__medium
001494,train,1242,375,12,11,1,11,0,0,True,False,False,False,False,V1_P0_C0,high,V1_P0_C0__high
001495,val,1242,375,7,6,1,6,0,0,True,False,False,False,False,V1_P0_C0,medium,V1_P0_C0__medium
001496,val,1224,370,13,9,4,1,5,3,True,True,True,False,False,V1_P1_C1,high,V1_P1_C1__high
001497,val,1242,375,10,8,2,8,0,0,True,False,False,False,False,V1_P0_C0,high,V1_P0_C0__high
001498,train,1242,375,7,5,2,5,0,0,True,False,False,False,False,V1_P0_C0,medium,V1_P0_C0__medium
001499,train,1242,375,6,4,2,4,0,0,True,False,False,False,False,V1_P0_C0,medium,V1_P0_C0__medium
001500,val,1238,374,4,4,0,4,0,0,True,False,False,False,False,V1_P0_C0,medium,V1_P0_C0__medium
001501,train,1242,375,3,2,1,2,0,0,True,False,False,False,False,V1_P0_C0,low,V1_P0_C0__low
001502,val,1242,375,3,2,1,1,0,1,True,False,True,False,False,V1_P0_C1,low,V1_P0_C1__low
001503,train,1242,375,4,2,2,2,0,0,True,False,False,False,False,V1_P0_C0,low,V1_P0_C0__low
001504,train,1242,375,8,5,3,0,3,2,False,True,True,False,False,V0_P1_C1,medium,V0_P1_C1__medium
001505,train,1242,375,13,9,4,9,0,0,True,False,False,False,False,V1_P0_C0,high,V1_P0_C0__high
001506,train,1242,375,8,8,0,8,0,0,True,False,False,False,False,V1_P0_C0,high,V1_P0_C0__high
001507,train,1242,375,7,4,3,4,0,0,True,False,False,False,False,V1_P0_C0,medium,V1_P0_C0__medium
001508,val,1242,375,7,7,0,7,0,0,True,False,False,False,False,V1_P0_C0,high,V1_P0_C0__high
001509,train,1224,370,1,1,0,0,1,0,False,True,False,False,False,V0_P1_C0,low,V0_P1_C0__low
001510,train,1242,375,8,6,2,6,0,0,True,False,False,False,False,V1_P0_C0,medium,V1_P0_C0__medium
001511,val,1242,375,4,3,1,3,0,0,True,False,False,False,False,V1_P0_C0,low,V1_P0_C0__low
001512,train,1242,375,13,12,1,12,0,0,True,False,False,False,False,V1_P0_C0,high,V1_P0_C0__high
001513,train,1242,375,10,8,2,8,0,0,True,False,False,False,False,V1_P0_C0,high,V1_P0_C0__high
001514,train,1241,376,11,11,0,11,0,0,True,False,False,False,False,V1_P0_C0,high,V1_P0_C0__high
001515,train,1242,375,7,5,2,5,0,0,True,False,False,False,False,V1_P0_C0,medium,V1_P0_C0__medium
001516,val,1242,375,3,3,0,2,0,1,True,False,True,False,False,V1_P0_C1,low,V1_P0_C1__low
001517,train,1242,375,6,4,2,4,0,0,True,False,False,False,False,V1_P0_C0,medium,V1_P0_C0__medium
001518,train,1242,375,5,1,4,1,0,0,True,False,False,False,False,V1_P0_C0,low,V1_P0_C0__low
001519,train,1224,370,1,1,0,0,1,0,False,True,False,False,False,V0_P1_C0,low,V0_P1_C0__low
001520,train,1242,375,6,5,1,5,0,0,True,False,False,False,False,V1_P0_C0,medium,V1_P0_C0__medium
001521,train,1242,375,4,3,1,3,0,0,True,False,False,False,False,V1_P0_C0,low,V1_P0_C0__low
001522,val,1242,375,17,13,4,13,0,0,True,False,False,False,False,V1_P0_C0,high,V1_P0_C0__high
001523,val,1242,375,10,6,4,4,1,1,True,True,True,False,False,V1_P1_C1,medium,V1_P1_C1__medium
001524,train,1242,375,3,2,1,2,0,0,True,False,False,False,False,V1_P0_C0,low,V1_P0_C0__low
001525,train,1238,374,7,4,3,1,3,0,True,True,False,False,False,V1_P1_C0,medium,V1_P1_C0__medium
001526,val,1242,375,3,2,1,2,0,0,True,False,False,False,False,V1_P0_C0,low,V1_P0_C0__low
001527,val,1242,375,6,3,3,3,0,0,True,False,False,False,False,V1_P0_C0,low,V1_P0_C0__low
001528,train,1242,375,6,5,1,5,0,0,True,False,False,False,False,V1_P0_C0,medium,V1_P0_C0__medium
001529,train,1224,370,11,11,0,1,9,1,True,True,True,False,False,V1_P1_C1,high,V1_P1_C1__high
001530,train,1242,375,11,9,2,9,0,0,True,False,False,False,False,V1_P0_C0,high,V1_P0_C0__high
001531,train,1242,375,4,4,0,3,1,0,True,True,False,False,False,V1_P1_C0,medium,V1_P1_C0__medium
001532,train,1242,375,7,2,5,2,0,0,True,False,False,False,False,V1_P0_C0,low,V1_P0_C0__low
001533,train,1241,376,11,10,1,10,0,0,True,False,False,False,False,V1_P0_C0,high,V1_P0_C0__high
001534,train,1242,375,4,3,1,3,0,0,True,False,False,False,False,V1_P0_C0,low,V1_P0_C0__low
001535,train,1242,375,11,9,2,9,0,0,True,False,False,False,False,V1_P0_C0,high,V1_P0_C0__high
001536,train,1242,375,7,4,3,4,0,0,True,False,False,False,False,V1_P0_C0,medium,V1_P0_C0__medium
001537,train,1242,375,7,4,3,4,0,0,True,False,False,False,False,V1_P0_C0,medium,V1_P0_C0__medium
001538,val,1242,375,7,6,1,6,0,0,True,False,False,False,False,V1_P0_C0,medium,V1_P0_C0__medium
001539,train,1242,375,7,6,1,6,0,0,True,False,False,False,False,V1_P0_C0,medium,V1_P0_C0__medium
001540,train,1224,370,2,2,0,1,1,0,True,True,False,False,False,V1_P1_C0,low,V1_P1_C0__low
001541,train,1242,375,8,5,3,5,0,0,True,False,False,False,False,V1_P0_C0,medium,V1_P0_C0__medium
001542,train,1242,375,6,4,2,4,0,0,True,False,False,False,False,V1_P0_C0,medium,V1_P0_C0__medium
001543,val,1242,375,5,3,2,0,3,0,False,True,False,False,False,V0_P1_C0,low,V0_P1_C0__low
001544,train,1224,370,1,1,0,0,1,0,False,True,False,False,False,V0_P1_C0,low,V0_P1_C0__low
001545,train,1242,375,9,8,1,8,0,0,True,False,False,False,False,V1_P0_C0,high,V1_P0_C0__high
001546,val,1242,375,4,2,2,2,0,0,True,False,False,False,False,V1_P0_C0,low,V1_P0_C0__low
001547,train,1224,370,1,1,0,0,1,0,False,True,False,False,False,V0_P1_C0,low,V0_P1_C0__low
001548,train,1224,370,1,1,0,0,1,0,False,True,False,False,False,V0_P1_C0,low,V0_P1_C0__low
001549,train,1238,374,6,4,2,1,3,0,True,True,False,False,False,V1_P1_C0,medium,V1_P1_C0__medium
001550,train,1224,370,9,8,1,8,0,0,True,False,False,False,False,V1_P0_C0,high,V1_P0_C0__high
001551,train,1242,375,5,5,0,5,0,0,True,False,False,False,False,V1_P0_C0,medium,V1_P0_C0__medium
001552,val,1242,375,9,7,2,7,0,0,True,False,False,False,False,V1_P0_C0,high,V1_P0_C0__high
001553,val,1242,375,4,4,0,4,0,0,True,False,False,False,False,V1_P0_C0,medium,V1_P0_C0__medium
001554,train,1242,375,2,1,1,1,0,0,True,False,False,False,False,V1_P0_C0,low,V1_P0_C0__low
001555,train,1242,375,5,4,1,4,0,0,True,False,False,False,False,V1_P0_C0,medium,V1_P0_C0__medium
001556,train,1242,375,4,3,1,3,0,0,True,False,False,False,False,V1_P0_C0,low,V1_P0_C0__low
001557,train,1242,375,9,8,1,7,0,1,True,False,True,False,False,V1_P0_C1,high,V1_P0_C1__high
001558,train,1224,370,6,3,3,0,3,0,False,True,False,False,False,V0_P1_C0,low,V0_P1_C0__low
001559,train,1242,375,7,6,1,6,0,0,True,False,False,False,False,V1_P0_C0,medium,V1_P0_C0__medium
001560,val,1242,375,10,8,2,8,0,0,True,False,False,False,False,V1_P0_C0,high,V1_P0_C0__high
001561,train,1242,375,3,2,1,2,0,0,True,False,False,False,False,V1_P0_C0,low,V1_P0_C0__low
001562,train,1242,375,6,5,1,5,0,0,True,False,False,False,False,V1_P0_C0,medium,V1_P0_C0__medium
001563,val,1242,375,3,3,0,3,0,0,True,False,False,False,False,V1_P0_C0,low,V1_P0_C0__low
001564,train,1241,376,14,13,1,13,0,0,True,False,False,False,False,V1_P0_C0,high,V1_P0_C0__high
001565,train,1241,376,8,7,1,7,0,0,True,False,False,False,False,V1_P0_C0,high,V1_P0_C0__high
001566,train,1242,375,3,3,0,2,0,1,True,False,True,False,False,V1_P0_C1,low,V1_P0_C1__low
001567,val,1242,375,2,2,0,2,0,0,True,False,False,False,False,V1_P0_C0,low,V1_P0_C0__low
001568,train,1224,370,2,2,0,1,1,0,True,True,False,False,False,V1_P1_C0,low,V1_P1_C0__low
001569,val,1242,375,5,4,1,4,0,0,True,False,False,False,False,V1_P0_C0,medium,V1_P0_C0__medium
001570,train,1224,370,7,6,1,2,2,2,True,True,True,False,False,V1_P1_C1,medium,V1_P1_C1__medium
001571,train,1224,370,1,1,0,0,1,0,False,True,False,False,False,V0_P1_C0,low,V0_P1_C0__low
001572,val,1242,375,7,5,2,0,5,0,False,True,False,False,False,V0_P1_C0,medium,V0_P1_C0__medium
001573,train,1242,375,9,8,1,8,0,0,True,False,False,False,False,V1_P0_C0,high,V1_P0_C0__high
001574,train,1224,370,1,1,0,0,1,0,False,True,False,False,False,V0_P1_C0,low,V0_P1_C0__low
001575,val,1242,375,2,2,0,2,0,0,True,False,False,False,False,V1_P0_C0,low,V1_P0_C0__low
001576,train,1241,376,10,9,1,9,0,0,True,False,False,False,False,V1_P0_C0,high,V1_P0_C0__high
001577,val,1242,375,8,3,5,3,0,0,True,False,False,False,False,V1_P0_C0,low,V1_P0_C0__low
001578,train,1242,375,5,4,1,4,0,0,True,False,False,False,False,V1_P0_C0,medium,V1_P0_C0__medium
001579,train,1242,375,5,3,2,3,0,0,True,False,False,False,False,V1_P0_C0,low,V1_P0_C0__low
001580,val,1242,375,15,14,1,13,0,1,True,False,True,False,False,V1_P0_C1,high,V1_P0_C1__high
001581,train,1242,375,2,1,1,1,0,0,True,False,False,False,False,V1_P0_C0,low,V1_P0_C0__low
001582,train,1242,375,7,6,1,6,0,0,True,False,False,False,False,V1_P0_C0,medium,V1_P0_C0__medium
001583,train,1242,375,16,15,1,15,0,0,True,False,False,False,False,V1_P0_C0,high,V1_P0_C0__high
001584,train,1242,375,5,4,1,4,0,0,True,False,False,False,False,V1_P0_C0,medium,V1_P0_C0__medium
001585,train,1242,375,8,6,2,6,0,0,True,False,False,False,False,V1_P0_C0,medium,V1_P0_C0__medium
001586,train,1242,375,6,4,2,4,0,0,True,False,False,False,False,V1_P0_C0,medium,V1_P0_C0__medium
001587,val,1242,375,2,1,1,1,0,0,True,False,False,False,False,V1_P0_C0,low,V1_P0_C0__low
001588,train,1242,375,6,4,2,3,0,1,True,False,True,False,False,V1_P0_C1,medium,V1_P0_C1__medium
001589,train,1224,370,6,6,0,1,5,0,True,True,False,False,False,V1_P1_C0,medium,V1_P1_C0__medium
001590,train,1242,375,8,6,2,6,0,0,True,False,False,False,False,V1_P0_C0,medium,V1_P0_C0__medium
001591,val,1242,375,9,8,1,8,0,0,True,False,False,False,False,V1_P0_C0,high,V1_P0_C0__high
001592,train,1242,375,12,11,1,7,2,2,True,True,True,False,False,V1_P1_C1,high,V1_P1_C1__high
001593,train,1242,375,8,7,1,7,0,0,True,False,False,False,False,V1_P0_C0,high,V1_P0_C0__high
001594,val,1242,375,6,5,1,5,0,0,True,False,False,False,False,V1_P0_C0,medium,V1_P0_C0__medium
001595,val,1242,375,10,6,4,6,0,0,True,False,False,False,False,V1_P0_C0,medium,V1_P0_C0__medium
001596,train,1242,375,15,14,1,14,0,0,True,False,False,False,False,V1_P0_C0,high,V1_P0_C0__high
001597,train,1238,374,6,5,1,5,0,0,True,False,False,False,False,V1_P0_C0,medium,V1_P0_C0__medium
001598,val,1242,375,2,1,1,1,0,0,True,False,False,False,False,V1_P0_C0,low,V1_P0_C0__low
001599,train,1242,375,3,1,2,1,0,0,True,False,False,False,False,V1_P0_C0,low,V1_P0_C0__low
001600,val,1224,370,7,4,3,3,0,1,True,False,True,False,False,V1_P0_C1,medium,V1_P0_C1__medium
001601,train,1242,375,4,2,2,2,0,0,True,False,False,False,False,V1_P0_C0,low,V1_P0_C0__low
001602,train,1242,375,10,8,2,8,0,0,True,False,False,False,False,V1_P0_C0,high,V1_P0_C0__high
001603,train,1241,376,12,11,1,11,0,0,True,False,False,False,False,V1_P0_C0,high,V1_P0_C0__high
001604,train,1242,375,7,6,1,6,0,0,True,False,False,False,False,V1_P0_C0,medium,V1_P0_C0__medium
001605,val,1242,375,5,3,2,2,1,0,True,True,False,False,False,V1_P1_C0,low,V1_P1_C0__low
001606,train,1242,375,8,7,1,7,0,0,True,False,False,False,False,V1_P0_C0,high,V1_P0_C0__high
001607,val,1242,375,8,6,2,6,0,0,True,False,False,False,False,V1_P0_C0,medium,V1_P0_C0__medium
001608,train,1242,375,11,8,3,5,2,1,True,True,True,False,False,V1_P1_C1,high,V1_P1_C1__high
001609,train,1224,370,1,1,0,0,1,0,False,True,False,False,False,V0_P1_C0,low,V0_P1_C0__low
001610,train,1242,375,12,10,2,8,0,2,True,False,True,False,False,V1_P0_C1,high,V1_P0_C1__high
001611,train,1224,370,15,13,2,0,11,2,False,True,True,False,False,V0_P1_C1,high,V0_P1_C1__high
001612,train,1242,375,16,16,0,16,0,0,True,False,False,False,False,V1_P0_C0,high,V1_P0_C0__high
001613,train,1242,375,5,3,2,3,0,0,True,False,False,False,False,V1_P0_C0,low,V1_P0_C0__low
001614,train,1242,375,11,8,3,8,0,0,True,False,False,False,False,V1_P0_C0,high,V1_P0_C0__high
001615,train,1242,375,3,2,1,2,0,0,True,False,False,False,False,V1_P0_C0,low,V1_P0_C0__low
001616,train,1241,376,10,10,0,10,0,0,True,False,False,False,False,V1_P0_C0,high,V1_P0_C0__high
001617,train,1242,375,4,2,2,2,0,0,True,False,False,False,False,V1_P0_C0,low,V1_P0_C0__low
001618,train,1242,375,13,11,2,10,1,0,True,True,False,False,False,V1_P1_C0,high,V1_P1_C0__high
001619,train,1242,375,1,1,0,1,0,0,True,False,False,False,False,V1_P0_C0,low,V1_P0_C0__low
001620,train,1242,375,6,2,4,2,0,0,True,False,False,False,False,V1_P0_C0,low,V1_P0_C0__low
001621,train,1242,375,4,3,1,3,0,0,True,False,False,False,False,V1_P0_C0,low,V1_P0_C0__low
001622,train,1242,375,6,2,4,0,2,0,False,True,False,False,False,V0_P1_C0,low,V0_P1_C0__low
001623,train,1242,375,3,3,0,3,0,0,True,False,False,False,False,V1_P0_C0,low,V1_P0_C0__low
001624,train,1242,375,12,8,4,1,5,2,True,True,True,False,False,V1_P1_C1,high,V1_P1_C1__high
001625,train,1241,376,11,11,0,11,0,0,True,False,False,False,False,V1_P0_C0,high,V1_P0_C0__high
001626,val,1242,375,3,2,1,2,0,0,True,False,False,False,False,V1_P0_C0,low,V1_P0_C0__low
001627,train,1242,375,4,3,1,2,0,1,True,False,True,False,False,V1_P0_C1,low,V1_P0_C1__low
001628,train,1242,375,3,1,2,1,0,0,True,False,False,False,False,V1_P0_C0,low,V1_P0_C0__low
001629,train,1242,375,4,3,1,2,1,0,True,True,False,False,False,V1_P1_C0,low,V1_P1_C0__low
001630,train,1242,375,10,9,1,9,0,0,True,False,False,False,False,V1_P0_C0,high,V1_P0_C0__high
001631,train,1242,375,4,4,0,4,0,0,True,False,False,False,False,V1_P0_C0,medium,V1_P0_C0__medium
001632,train,1224,370,1,1,0,0,1,0,False,True,False,False,False,V0_P1_C0,low,V0_P1_C0__low
001633,train,1242,375,6,5,1,5,0,0,True,False,False,False,False,V1_P0_C0,medium,V1_P0_C0__medium
001634,train,1242,375,13,10,3,10,0,0,True,False,False,False,False,V1_P0_C0,high,V1_P0_C0__high
001635,train,1242,375,3,1,2,1,0,0,True,False,False,False,False,V1_P0_C0,low,V1_P0_C0__low
001636,train,1242,375,5,4,1,2,1,1,True,True,True,False,False,V1_P1_C1,medium,V1_P1_C1__medium
001637,train,1242,375,4,3,1,3,0,0,True,False,False,False,False,V1_P0_C0,low,V1_P0_C0__low
001638,val,1242,375,13,10,3,10,0,0,True,False,False,False,False,V1_P0_C0,high,V1_P0_C0__high
001639,train,1242,375,4,2,2,2,0,0,True,False,False,False,False,V1_P0_C0,low,V1_P0_C0__low
001640,train,1224,370,13,10,3,2,4,4,True,True,True,False,False,V1_P1_C1,high,V1_P1_C1__high
001641,train,1242,375,2,1,1,1,0,0,True,False,False,False,False,V1_P0_C0,low,V1_P0_C0__low
001642,train,1242,375,3,1,2,1,0,0,True,False,False,False,False,V1_P0_C0,low,V1_P0_C0__low
001643,train,1242,375,16,15,1,14,0,1,True,False,True,False,False,V1_P0_C1,high,V1_P0_C1__high
001644,val,1242,375,13,10,3,2,5,3,True,True,True,False,False,V1_P1_C1,high,V1_P1_C1__high
001645,train,1242,375,5,4,1,4,0,0,True,False,False,False,False,V1_P0_C0,medium,V1_P0_C0__medium
001646,train,1242,375,9,8,1,8,0,0,True,False,False,False,False,V1_P0_C0,high,V1_P0_C0__high
001647,train,1242,375,5,3,2,3,0,0,True,False,False,False,False,V1_P0_C0,low,V1_P0_C0__low
001648,train,1224,370,19,15,4,4,8,3,True,True,True,False,False,V1_P1_C1,high,V1_P1_C1__high
001649,train,1242,375,10,8,2,8,0,0,True,False,False,False,False,V1_P0_C0,high,V1_P0_C0__high
001650,train,1242,375,2,1,1,1,0,0,True,False,False,False,False,V1_P0_C0,low,V1_P0_C0__low
001651,train,1242,375,8,5,3,5,0,0,True,False,False,False,False,V1_P0_C0,medium,V1_P0_C0__medium
001652,train,1242,375,6,2,4,2,0,0,True,False,False,False,False,V1_P0_C0,low,V1_P0_C0__low
001653,train,1242,375,2,1,1,1,0,0,True,False,False,False,False,V1_P0_C0,low,V1_P0_C0__low
001654,train,1224,370,1,1,0,0,1,0,False,True,False,False,False,V0_P1_C0,low,V0_P1_C0__low
001655,train,1224,370,4,4,0,1,1,2,True,True,True,False,False,V1_P1_C1,medium,V1_P1_C1__medium
001656,val,1242,375,3,3,0,3,0,0,True,False,False,False,False,V1_P0_C0,low,V1_P0_C0__low
001657,train,1242,375,4,2,2,2,0,0,True,False,False,False,False,V1_P0_C0,low,V1_P0_C0__low
001658,train,1242,375,6,4,2,4,0,0,True,False,False,False,False,V1_P0_C0,medium,V1_P0_C0__medium
001659,train,1242,375,10,9,1,9,0,0,True,False,False,False,False,V1_P0_C0,high,V1_P0_C0__high
001660,val,1242,375,4,2,2,2,0,0,True,False,False,False,False,V1_P0_C0,low,V1_P0_C0__low
001661,train,1242,375,5,3,2,0,3,0,False,True,False,False,False,V0_P1_C0,low,V0_P1_C0__low
001662,train,1242,375,7,7,0,6,1,0,True,True,False,False,False,V1_P1_C0,high,V1_P1_C0__high
001663,train,1242,375,9,7,2,7,0,0,True,False,False,False,False,V1_P0_C0,high,V1_P0_C0__high
001664,train,1242,375,6,4,2,4,0,0,True,False,False,False,False,V1_P0_C0,medium,V1_P0_C0__medium
001665,train,1242,375,5,4,1,3,1,0,True,True,False,False,False,V1_P1_C0,medium,V1_P1_C0__medium
001666,train,1242,375,5,4,1,4,0,0,True,False,False,False,False,V1_P0_C0,medium,V1_P0_C0__medium
001667,val,1238,374,9,6,3,0,6,0,False,True,False,False,False,V0_P1_C0,medium,V0_P1_C0__medium
001668,train,1238,374,5,4,1,4,0,0,True,False,False,False,False,V1_P0_C0,medium,V1_P0_C0__medium
001669,train,1242,375,3,2,1,2,0,0,True,False,False,False,False,V1_P0_C0,low,V1_P0_C0__low
001670,train,1242,375,6,5,1,5,0,0,True,False,False,False,False,V1_P0_C0,medium,V1_P0_C0__medium
001671,train,1242,375,6,4,2,4,0,0,True,False,False,False,False,V1_P0_C0,medium,V1_P0_C0__medium
001672,val,1224,370,16,15,1,4,11,0,True,True,False,False,False,V1_P1_C0,high,V1_P1_C0__high
001673,train,1242,375,11,10,1,10,0,0,True,False,False,False,False,V1_P0_C0,high,V1_P0_C0__high
001674,train,1242,375,18,17,1,16,1,0,True,True,False,False,False,V1_P1_C0,high,V1_P1_C0__high
001675,train,1242,375,3,2,1,2,0,0,True,False,False,False,False,V1_P0_C0,low,V1_P0_C0__low
001676,train,1242,375,13,11,2,10,1,0,True,True,False,False,False,V1_P1_C0,high,V1_P1_C0__high
001677,train,1242,375,6,3,3,2,0,1,True,False,True,False,False,V1_P0_C1,low,V1_P0_C1__low
001678,train,1242,375,4,3,1,3,0,0,True,False,False,False,False,V1_P0_C0,low,V1_P0_C0__low
001679,train,1238,374,6,6,0,6,0,0,True,False,False,False,False,V1_P0_C0,medium,V1_P0_C0__medium
001680,train,1242,375,5,3,2,3,0,0,True,False,False,False,False,V1_P0_C0,low,V1_P0_C0__low
001681,train,1242,375,14,13,1,13,0,0,True,False,False,False,False,V1_P0_C0,high,V1_P0_C0__high
001682,train,1242,375,9,6,3,4,2,0,True,True,False,False,False,V1_P1_C0,medium,V1_P1_C0__medium
001683,train,1242,375,9,8,1,8,0,0,True,False,False,False,False,V1_P0_C0,high,V1_P0_C0__high
001684,train,1242,375,6,3,3,3,0,0,True,False,False,False,False,V1_P0_C0,low,V1_P0_C0__low
001685,train,1242,375,11,7,4,7,0,0,True,False,False,False,False,V1_P0_C0,high,V1_P0_C0__high
001686,train,1242,375,5,4,1,4,0,0,True,False,False,False,False,V1_P0_C0,medium,V1_P0_C0__medium
001687,train,1242,375,10,6,4,6,0,0,True,False,False,False,False,V1_P0_C0,medium,V1_P0_C0__medium
001688,train,1242,375,6,5,1,5,0,0,True,False,False,False,False,V1_P0_C0,medium,V1_P0_C0__medium
001689,train,1224,370,1,1,0,0,1,0,False,True,False,False,False,V0_P1_C0,low,V0_P1_C0__low
001690,val,1242,375,17,15,2,15,0,0,True,False,False,False,False,V1_P0_C0,high,V1_P0_C0__high
001691,train,1242,375,5,4,1,4,0,0,True,False,False,False,False,V1_P0_C0,medium,V1_P0_C0__medium
001692,train,1224,370,10,9,1,0,7,2,False,True,True,False,False,V0_P1_C1,high,V0_P1_C1__high
001693,train,1238,374,15,13,2,3,10,0,True,True,False,False,False,V1_P1_C0,high,V1_P1_C0__high
001694,val,1242,375,3,1,2,1,0,0,True,False,False,False,False,V1_P0_C0,low,V1_P0_C0__low
001695,train,1242,375,5,5,0,5,0,0,True,False,False,False,False,V1_P0_C0,medium,V1_P0_C0__medium
001696,train,1242,375,4,2,2,1,1,0,True,True,False,False,False,V1_P1_C0,low,V1_P1_C0__low
001697,train,1241,376,12,11,1,11,0,0,True,False,False,False,False,V1_P0_C0,high,V1_P0_C0__high
001698,val,1242,375,2,2,0,2,0,0,True,False,False,False,False,V1_P0_C0,low,V1_P0_C0__low
001699,train,1242,375,6,5,1,5,0,0,True,False,False,False,False,V1_P0_C0,medium,V1_P0_C0__medium
001700,train,1224,370,7,5,2,1,2,2,True,True,True,False,False,V1_P1_C1,medium,V1_P1_C1__medium
001701,train,1242,375,13,9,4,9,0,0,True,False,False,False,False,V1_P0_C0,high,V1_P0_C0__high
001702,train,1242,375,3,2,1,1,1,0,True,True,False,False,False,V1_P1_C0,low,V1_P1_C0__low
001703,train,1242,375,2,2,0,2,0,0,True,False,False,False,False,V1_P0_C0,low,V1_P0_C0__low
001704,train,1242,375,3,2,1,2,0,0,True,False,False,False,False,V1_P0_C0,low,V1_P0_C0__low
001705,train,1241,376,10,9,1,9,0,0,True,False,False,False,False,V1_P0_C0,high,V1_P0_C0__high
001706,train,1242,375,4,4,0,3,1,0,True,True,False,False,False,V1_P1_C0,medium,V1_P1_C0__medium
001707,train,1242,375,5,2,3,1,0,1,True,False,True,False,False,V1_P0_C1,low,V1_P0_C1__low
001708,train,1242,375,6,5,1,5,0,0,True,False,False,False,False,V1_P0_C0,medium,V1_P0_C0__medium
001709,val,1242,375,9,7,2,7,0,0,True,False,False,False,False,V1_P0_C0,high,V1_P0_C0__high
001710,train,1242,375,8,7,1,7,0,0,True,False,False,False,False,V1_P0_C0,high,V1_P0_C0__high
001711,val,1242,375,7,4,3,4,0,0,True,False,False,False,False,V1_P0_C0,medium,V1_P0_C0__medium
001712,train,1242,375,6,3,3,2,1,0,True,True,False,False,False,V1_P1_C0,low,V1_P1_C0__low
001713,train,1238,374,6,4,2,2,2,0,True,True,False,False,False,V1_P1_C0,medium,V1_P1_C0__medium
001714,train,1224,370,14,13,1,2,7,4,True,True,True,False,False,V1_P1_C1,high,V1_P1_C1__high
001715,train,1242,375,1,1,0,1,0,0,True,False,False,False,False,V1_P0_C0,low,V1_P0_C0__low
001716,train,1224,370,19,18,1,4,13,1,True,True,True,False,False,V1_P1_C1,high,V1_P1_C1__high
001717,train,1242,375,5,3,2,2,0,1,True,False,True,False,False,V1_P0_C1,low,V1_P0_C1__low
001718,train,1242,375,10,7,3,7,0,0,True,False,False,False,False,V1_P0_C0,high,V1_P0_C0__high
001719,val,1242,375,4,1,3,1,0,0,True,False,False,False,False,V1_P0_C0,low,V1_P0_C0__low
001720,train,1242,375,7,4,3,3,0,1,True,False,True,False,False,V1_P0_C1,medium,V1_P0_C1__medium
001721,train,1242,375,12,10,2,8,0,2,True,False,True,False,False,V1_P0_C1,high,V1_P0_C1__high
001722,train,1242,375,4,3,1,3,0,0,True,False,False,False,False,V1_P0_C0,low,V1_P0_C0__low
001723,train,1242,375,12,11,1,11,0,0,True,False,False,False,False,V1_P0_C0,high,V1_P0_C0__high
001724,train,1242,375,3,1,2,1,0,0,True,False,False,False,False,V1_P0_C0,low,V1_P0_C0__low
001725,train,1224,370,11,9,2,0,7,2,False,True,True,False,False,V0_P1_C1,high,V0_P1_C1__high
001726,train,1242,375,4,2,2,2,0,0,True,False,False,False,False,V1_P0_C0,low,V1_P0_C0__low
001727,train,1242,375,4,2,2,1,0,1,True,False,True,False,False,V1_P0_C1,low,V1_P0_C1__low
001728,val,1242,375,3,2,1,2,0,0,True,False,False,False,False,V1_P0_C0,low,V1_P0_C0__low
001729,train,1242,375,2,2,0,2,0,0,True,False,False,False,False,V1_P0_C0,low,V1_P0_C0__low
001730,train,1242,375,2,2,0,2,0,0,True,False,False,False,False,V1_P0_C0,low,V1_P0_C0__low
001731,train,1242,375,8,7,1,7,0,0,True,False,False,False,False,V1_P0_C0,high,V1_P0_C0__high
001732,train,1242,375,3,1,2,1,0,0,True,False,False,False,False,V1_P0_C0,low,V1_P0_C0__low
001733,train,1242,375,10,8,2,6,0,2,True,False,True,False,False,V1_P0_C1,high,V1_P0_C1__high
001734,train,1224,370,10,9,1,9,0,0,True,False,False,False,False,V1_P0_C0,high,V1_P0_C0__high
001735,train,1242,375,9,6,3,6,0,0,True,False,False,False,False,V1_P0_C0,medium,V1_P0_C0__medium
001736,train,1242,375,5,4,1,4,0,0,True,False,False,False,False,V1_P0_C0,medium,V1_P0_C0__medium
001737,train,1242,375,5,4,1,4,0,0,True,False,False,False,False,V1_P0_C0,medium,V1_P0_C0__medium
001738,train,1242,375,6,2,4,1,1,0,True,True,False,False,False,V1_P1_C0,low,V1_P1_C0__low
001739,train,1242,375,2,2,0,2,0,0,True,False,False,False,False,V1_P0_C0,low,V1_P0_C0__low
001740,train,1242,375,8,6,2,6,0,0,True,False,False,False,False,V1_P0_C0,medium,V1_P0_C0__medium
001741,train,1241,376,13,12,1,12,0,0,True,False,False,False,False,V1_P0_C0,high,V1_P0_C0__high
001742,train,1241,376,8,7,1,7,0,0,True,False,False,False,False,V1_P0_C0,high,V1_P0_C0__high
001743,train,1242,375,12,11,1,11,0,0,True,False,False,False,False,V1_P0_C0,high,V1_P0_C0__high
001744,train,1242,375,5,4,1,4,0,0,True,False,False,False,False,V1_P0_C0,medium,V1_P0_C0__medium
001745,train,1242,375,10,9,1,9,0,0,True,False,False,False,False,V1_P0_C0,high,V1_P0_C0__high
001746,train,1242,375,9,8,1,8,0,0,True,False,False,False,False,V1_P0_C0,high,V1_P0_C0__high
001747,train,1242,375,10,9,1,9,0,0,True,False,False,False,False,V1_P0_C0,high,V1_P0_C0__high
001748,train,1224,370,5,4,1,1,1,2,True,True,True,False,False,V1_P1_C1,medium,V1_P1_C1__medium
001749,train,1242,375,3,1,2,1,0,0,True,False,False,False,False,V1_P0_C0,low,V1_P0_C0__low
001750,train,1242,375,10,7,3,6,1,0,True,True,False,False,False,V1_P1_C0,high,V1_P1_C0__high
001751,val,1242,375,5,4,1,4,0,0,True,False,False,False,False,V1_P0_C0,medium,V1_P0_C0__medium
001752,train,1242,375,4,2,2,2,0,0,True,False,False,False,False,V1_P0_C0,low,V1_P0_C0__low
001753,train,1242,375,10,7,3,7,0,0,True,False,False,False,False,V1_P0_C0,high,V1_P0_C0__high
001754,train,1242,375,5,5,0,5,0,0,True,False,False,False,False,V1_P0_C0,medium,V1_P0_C0__medium
001755,train,1242,375,7,5,2,4,0,1,True,False,True,False,False,V1_P0_C1,medium,V1_P0_C1__medium
001756,train,1242,375,2,2,0,2,0,0,True,False,False,False,False,V1_P0_C0,low,V1_P0_C0__low
001757,train,1242,375,3,3,0,3,0,0,True,False,False,False,False,V1_P0_C0,low,V1_P0_C0__low
001758,train,1224,370,1,1,0,0,1,0,False,True,False,False,False,V0_P1_C0,low,V0_P1_C0__low
001759,val,1242,375,7,6,1,6,0,0,True,False,False,False,False,V1_P0_C0,medium,V1_P0_C0__medium
001760,train,1242,375,4,2,2,1,1,0,True,True,False,False,False,V1_P1_C0,low,V1_P1_C0__low
001761,train,1242,375,3,2,1,2,0,0,True,False,False,False,False,V1_P0_C0,low,V1_P0_C0__low
001762,train,1242,375,5,3,2,2,0,1,True,False,True,False,False,V1_P0_C1,low,V1_P0_C1__low
001763,train,1242,375,8,7,1,5,2,0,True,True,False,False,False,V1_P1_C0,high,V1_P1_C0__high
001764,train,1241,376,12,11,1,11,0,0,True,False,False,False,False,V1_P0_C0,high,V1_P0_C0__high
001765,train,1242,375,11,9,2,9,0,0,True,False,False,False,False,V1_P0_C0,high,V1_P0_C0__high
001766,train,1242,375,9,6,3,5,1,0,True,True,False,False,False,V1_P1_C0,medium,V1_P1_C0__medium
001767,train,1242,375,15,15,0,15,0,0,True,False,False,False,False,V1_P0_C0,high,V1_P0_C0__high
001768,train,1242,375,2,2,0,2,0,0,True,False,False,False,False,V1_P0_C0,low,V1_P0_C0__low
001769,train,1242,375,8,6,2,6,0,0,True,False,False,False,False,V1_P0_C0,medium,V1_P0_C0__medium
001770,train,1242,375,11,7,4,6,1,0,True,True,False,False,False,V1_P1_C0,high,V1_P1_C0__high
001771,train,1242,375,7,6,1,6,0,0,True,False,False,False,False,V1_P0_C0,medium,V1_P0_C0__medium
001772,train,1242,375,7,5,2,5,0,0,True,False,False,False,False,V1_P0_C0,medium,V1_P0_C0__medium
001773,train,1242,375,15,14,1,14,0,0,True,False,False,False,False,V1_P0_C0,high,V1_P0_C0__high
001774,train,1242,375,6,4,2,3,0,1,True,False,True,False,False,V1_P0_C1,medium,V1_P0_C1__medium
001775,train,1238,374,5,5,0,5,0,0,True,False,False,False,False,V1_P0_C0,medium,V1_P0_C0__medium
001776,train,1238,374,11,10,1,2,8,0,True,True,False,False,False,V1_P1_C0,high,V1_P1_C0__high
001777,train,1224,370,1,1,0,0,1,0,False,True,False,False,False,V0_P1_C0,low,V0_P1_C0__low
001778,train,1242,375,8,7,1,7,0,0,True,False,False,False,False,V1_P0_C0,high,V1_P0_C0__high
001779,train,1242,375,7,7,0,6,1,0,True,True,False,False,False,V1_P1_C0,high,V1_P1_C0__high
001780,train,1242,375,11,10,1,10,0,0,True,False,False,False,False,V1_P0_C0,high,V1_P0_C0__high
001781,val,1242,375,4,3,1,3,0,0,True,False,False,False,False,V1_P0_C0,low,V1_P0_C0__low
001782,train,1224,370,1,1,0,0,1,0,False,True,False,False,False,V0_P1_C0,low,V0_P1_C0__low
001783,train,1242,375,4,2,2,1,0,1,True,False,True,False,False,V1_P0_C1,low,V1_P0_C1__low
001784,train,1242,375,3,2,1,2,0,0,True,False,False,False,False,V1_P0_C0,low,V1_P0_C0__low
001785,train,1224,370,17,16,1,4,9,3,True,True,True,False,False,V1_P1_C1,high,V1_P1_C1__high
001786,train,1242,375,5,3,2,2,1,0,True,True,False,False,False,V1_P1_C0,low,V1_P1_C0__low
001787,train,1242,375,5,4,1,3,0,1,True,False,True,False,False,V1_P0_C1,medium,V1_P0_C1__medium
001788,train,1242,375,13,11,2,8,0,3,True,False,True,False,False,V1_P0_C1,high,V1_P0_C1__high
001789,train,1242,375,6,2,4,2,0,0,True,False,False,False,False,V1_P0_C0,low,V1_P0_C0__low
001790,val,1242,375,5,2,3,0,2,0,False,True,False,False,False,V0_P1_C0,low,V0_P1_C0__low
001791,train,1242,375,5,1,4,1,0,0,True,False,False,False,False,V1_P0_C0,low,V1_P0_C0__low
001792,train,1242,375,5,4,1,3,1,0,True,True,False,False,False,V1_P1_C0,medium,V1_P1_C0__medium
001793,train,1242,375,1,1,0,1,0,0,True,False,False,False,False,V1_P0_C0,low,V1_P0_C0__low
001794,train,1241,376,15,13,2,13,0,0,True,False,False,False,False,V1_P0_C0,high,V1_P0_C0__high
001795,val,1238,374,7,4,3,1,3,0,True,True,False,False,False,V1_P1_C0,medium,V1_P1_C0__medium
001796,train,1242,375,7,7,0,6,0,1,True,False,True,False,False,V1_P0_C1,high,V1_P0_C1__high
001797,train,1242,375,5,4,1,4,0,0,True,False,False,False,False,V1_P0_C0,medium,V1_P0_C0__medium
001798,train,1242,375,2,1,1,1,0,0,True,False,False,False,False,V1_P0_C0,low,V1_P0_C0__low
001799,val,1242,375,6,3,3,3,0,0,True,False,False,False,False,V1_P0_C0,low,V1_P0_C0__low
001800,train,1242,375,2,2,0,2,0,0,True,False,False,False,False,V1_P0_C0,low,V1_P0_C0__low
001801,train,1242,375,13,12,1,11,0,1,True,False,True,False,False,V1_P0_C1,high,V1_P0_C1__high
001802,val,1242,375,3,2,1,2,0,0,True,False,False,False,False,V1_P0_C0,low,V1_P0_C0__low
001803,train,1242,375,4,3,1,3,0,0,True,False,False,False,False,V1_P0_C0,low,V1_P0_C0__low
001804,train,1224,370,1,1,0,0,1,0,False,True,False,False,False,V0_P1_C0,low,V0_P1_C0__low
001805,train,1242,375,4,2,2,2,0,0,True,False,False,False,False,V1_P0_C0,low,V1_P0_C0__low
001806,train,1242,375,14,12,2,12,0,0,True,False,False,False,False,V1_P0_C0,high,V1_P0_C0__high
001807,train,1242,375,3,2,1,2,0,0,True,False,False,False,False,V1_P0_C0,low,V1_P0_C0__low
001808,val,1242,375,5,3,2,3,0,0,True,False,False,False,False,V1_P0_C0,low,V1_P0_C0__low
001809,train,1242,375,1,1,0,1,0,0,True,False,False,False,False,V1_P0_C0,low,V1_P0_C0__low
001810,train,1242,375,2,2,0,2,0,0,True,False,False,False,False,V1_P0_C0,low,V1_P0_C0__low
001811,train,1242,375,4,4,0,3,0,1,True,False,True,False,False,V1_P0_C1,medium,V1_P0_C1__medium
001812,train,1242,375,16,16,0,16,0,0,True,False,False,False,False,V1_P0_C0,high,V1_P0_C0__high
001813,val,1242,375,8,5,3,5,0,0,True,False,False,False,False,V1_P0_C0,medium,V1_P0_C0__medium
001814,val,1224,370,5,3,2,2,0,1,True,False,True,False,False,V1_P0_C1,low,V1_P0_C1__low
001815,train,1242,375,6,5,1,5,0,0,True,False,False,False,False,V1_P0_C0,medium,V1_P0_C0__medium
001816,train,1242,375,7,4,3,4,0,0,True,False,False,False,False,V1_P0_C0,medium,V1_P0_C0__medium
001817,train,1224,370,1,1,0,0,1,0,False,True,False,False,False,V0_P1_C0,low,V0_P1_C0__low
001818,train,1242,375,8,6,2,6,0,0,True,False,False,False,False,V1_P0_C0,medium,V1_P0_C0__medium
001819,train,1224,370,1,1,0,0,1,0,False,True,False,False,False,V0_P1_C0,low,V0_P1_C0__low
001820,val,1242,375,10,8,2,8,0,0,True,False,False,False,False,V1_P0_C0,high,V1_P0_C0__high
001821,train,1242,375,3,3,0,3,0,0,True,False,False,False,False,V1_P0_C0,low,V1_P0_C0__low
001822,train,1238,374,8,6,2,1,5,0,True,True,False,False,False,V1_P1_C0,medium,V1_P1_C0__medium
001823,train,1242,375,4,3,1,3,0,0,True,False,False,False,False,V1_P0_C0,low,V1_P0_C0__low
001824,train,1242,375,5,3,2,2,0,1,True,False,True,False,False,V1_P0_C1,low,V1_P0_C1__low
001825,train,1242,375,11,8,3,8,0,0,True,False,False,False,False,V1_P0_C0,high,V1_P0_C0__high
001826,train,1242,375,3,3,0,3,0,0,True,False,False,False,False,V1_P0_C0,low,V1_P0_C0__low
001827,train,1242,375,3,3,0,2,1,0,True,True,False,False,False,V1_P1_C0,low,V1_P1_C0__low
001828,train,1241,376,3,3,0,3,0,0,True,False,False,False,False,V1_P0_C0,low,V1_P0_C0__low
001829,train,1242,375,6,6,0,6,0,0,True,False,False,False,False,V1_P0_C0,medium,V1_P0_C0__medium
001830,train,1242,375,2,2,0,1,1,0,True,True,False,False,False,V1_P1_C0,low,V1_P1_C0__low
001831,train,1238,374,5,4,1,4,0,0,True,False,False,False,False,V1_P0_C0,medium,V1_P0_C0__medium
001832,train,1242,375,2,2,0,2,0,0,True,False,False,False,False,V1_P0_C0,low,V1_P0_C0__low
001833,train,1242,375,6,4,2,4,0,0,True,False,False,False,False,V1_P0_C0,medium,V1_P0_C0__medium
001834,train,1242,375,3,2,1,2,0,0,True,False,False,False,False,V1_P0_C0,low,V1_P0_C0__low
001835,train,1224,370,1,1,0,0,1,0,False,True,False,False,False,V0_P1_C0,low,V0_P1_C0__low
001836,train,1242,375,9,8,1,8,0,0,True,False,False,False,False,V1_P0_C0,high,V1_P0_C0__high
001837,train,1242,375,13,10,3,9,0,1,True,False,True,False,False,V1_P0_C1,high,V1_P0_C1__high
001838,train,1242,375,10,6,4,6,0,0,True,False,False,False,False,V1_P0_C0,medium,V1_P0_C0__medium
001839,train,1242,375,12,8,4,8,0,0,True,False,False,False,False,V1_P0_C0,high,V1_P0_C0__high
001840,train,1242,375,16,11,5,11,0,0,True,False,False,False,False,V1_P0_C0,high,V1_P0_C0__high
001841,train,1242,375,8,7,1,7,0,0,True,False,False,False,False,V1_P0_C0,high,V1_P0_C0__high
001842,train,1242,375,7,5,2,5,0,0,True,False,False,False,False,V1_P0_C0,medium,V1_P0_C0__medium
001843,train,1242,375,11,8,3,8,0,0,True,False,False,False,False,V1_P0_C0,high,V1_P0_C0__high
001844,val,1242,375,6,6,0,6,0,0,True,False,False,False,False,V1_P0_C0,medium,V1_P0_C0__medium
001845,train,1242,375,9,6,3,6,0,0,True,False,False,False,False,V1_P0_C0,medium,V1_P0_C0__medium
001846,train,1224,370,1,1,0,0,1,0,False,True,False,False,False,V0_P1_C0,low,V0_P1_C0__low
001847,train,1242,375,5,1,4,1,0,0,True,False,False,False,False,V1_P0_C0,low,V1_P0_C0__low
001848,train,1242,375,8,7,1,6,1,0,True,True,False,False,False,V1_P1_C0,high,V1_P1_C0__high
001849,val,1242,375,7,7,0,6,1,0,True,True,False,False,False,V1_P1_C0,high,V1_P1_C0__high
001850,train,1242,375,11,8,3,8,0,0,True,False,False,False,False,V1_P0_C0,high,V1_P0_C0__high
001851,val,1242,375,4,2,2,2,0,0,True,False,False,False,False,V1_P0_C0,low,V1_P0_C0__low
001852,train,1242,375,10,9,1,9,0,0,True,False,False,False,False,V1_P0_C0,high,V1_P0_C0__high
001853,train,1238,374,3,2,1,1,1,0,True,True,False,False,False,V1_P1_C0,low,V1_P1_C0__low
001854,train,1242,375,4,2,2,2,0,0,True,False,False,False,False,V1_P0_C0,low,V1_P0_C0__low
001855,train,1241,376,13,11,2,11,0,0,True,False,False,False,False,V1_P0_C0,high,V1_P0_C0__high
001856,train,1242,375,7,7,0,7,0,0,True,False,False,False,False,V1_P0_C0,high,V1_P0_C0__high
001857,train,1242,375,6,5,1,5,0,0,True,False,False,False,False,V1_P0_C0,medium,V1_P0_C0__medium
001858,train,1241,376,9,7,2,7,0,0,True,False,False,False,False,V1_P0_C0,high,V1_P0_C0__high
001859,val,1242,375,10,9,1,9,0,0,True,False,False,False,False,V1_P0_C0,high,V1_P0_C0__high
001860,train,1242,375,10,7,3,7,0,0,True,False,False,False,False,V1_P0_C0,high,V1_P0_C0__high
001861,train,1242,375,3,2,1,2,0,0,True,False,False,False,False,V1_P0_C0,low,V1_P0_C0__low
001862,val,1242,375,7,6,1,6,0,0,True,False,False,False,False,V1_P0_C0,medium,V1_P0_C0__medium
001863,train,1242,375,6,4,2,3,0,1,True,False,True,False,False,V1_P0_C1,medium,V1_P0_C1__medium
001864,train,1224,370,1,1,0,0,1,0,False,True,False,False,False,V0_P1_C0,low,V0_P1_C0__low
001865,train,1238,374,3,2,1,2,0,0,True,False,False,False,False,V1_P0_C0,low,V1_P0_C0__low
001866,train,1242,375,5,2,3,2,0,0,True,False,False,False,False,V1_P0_C0,low,V1_P0_C0__low
001867,train,1242,375,7,7,0,7,0,0,True,False,False,False,False,V1_P0_C0,high,V1_P0_C0__high
001868,train,1242,375,11,10,1,8,0,2,True,False,True,False,False,V1_P0_C1,high,V1_P0_C1__high
001869,train,1242,375,3,2,1,2,0,0,True,False,False,False,False,V1_P0_C0,low,V1_P0_C0__low
001870,train,1242,375,9,9,0,2,6,1,True,True,True,False,False,V1_P1_C1,high,V1_P1_C1__high
001871,train,1242,375,1,1,0,1,0,0,True,False,False,False,False,V1_P0_C0,low,V1_P0_C0__low
001872,train,1242,375,8,7,1,7,0,0,True,False,False,False,False,V1_P0_C0,high,V1_P0_C0__high
001873,train,1242,375,4,2,2,0,2,0,False,True,False,False,False,V0_P1_C0,low,V0_P1_C0__low
001874,train,1242,375,10,9,1,8,1,0,True,True,False,False,False,V1_P1_C0,high,V1_P1_C0__high
001875,train,1242,375,4,3,1,3,0,0,True,False,False,False,False,V1_P0_C0,low,V1_P0_C0__low
001876,train,1242,375,6,4,2,4,0,0,True,False,False,False,False,V1_P0_C0,medium,V1_P0_C0__medium
001877,train,1224,370,8,5,3,4,0,1,True,False,True,False,False,V1_P0_C1,medium,V1_P0_C1__medium
001878,val,1242,375,9,8,1,7,0,1,True,False,True,False,False,V1_P0_C1,high,V1_P0_C1__high
001879,train,1224,370,3,3,0,1,2,0,True,True,False,False,False,V1_P1_C0,low,V1_P1_C0__low
001880,train,1242,375,4,2,2,1,0,1,True,False,True,False,False,V1_P0_C1,low,V1_P0_C1__low
001881,train,1242,375,4,3,1,2,0,1,True,False,True,False,False,V1_P0_C1,low,V1_P0_C1__low
001882,train,1242,375,6,6,0,6,0,0,True,False,False,False,False,V1_P0_C0,medium,V1_P0_C0__medium
001883,train,1242,375,9,8,1,8,0,0,True,False,False,False,False,V1_P0_C0,high,V1_P0_C0__high
001884,train,1242,375,4,3,1,3,0,0,True,False,False,False,False,V1_P0_C0,low,V1_P0_C0__low
001885,val,1242,375,8,4,4,4,0,0,True,False,False,False,False,V1_P0_C0,medium,V1_P0_C0__medium
001886,train,1242,375,5,3,2,3,0,0,True,False,False,False,False,V1_P0_C0,low,V1_P0_C0__low
001887,train,1242,375,4,3,1,3,0,0,True,False,False,False,False,V1_P0_C0,low,V1_P0_C0__low
001888,train,1224,370,6,3,3,2,0,1,True,False,True,False,False,V1_P0_C1,low,V1_P0_C1__low
001889,train,1242,375,4,2,2,2,0,0,True,False,False,False,False,V1_P0_C0,low,V1_P0_C0__low
001890,train,1242,375,4,3,1,3,0,0,True,False,False,False,False,V1_P0_C0,low,V1_P0_C0__low
001891,train,1242,375,15,14,1,14,0,0,True,False,False,False,False,V1_P0_C0,high,V1_P0_C0__high
001892,train,1242,375,4,2,2,2,0,0,True,False,False,False,False,V1_P0_C0,low,V1_P0_C0__low
001893,train,1241,376,11,10,1,10,0,0,True,False,False,False,False,V1_P0_C0,high,V1_P0_C0__high
001894,train,1242,375,2,1,1,1,0,0,True,False,False,False,False,V1_P0_C0,low,V1_P0_C0__low
001895,val,1242,375,12,9,3,8,1,0,True,True,False,False,False,V1_P1_C0,high,V1_P1_C0__high
001896,train,1242,375,8,7,1,7,0,0,True,False,False,False,False,V1_P0_C0,high,V1_P0_C0__high
001897,train,1242,375,9,8,1,7,0,1,True,False,True,False,False,V1_P0_C1,high,V1_P0_C1__high
001898,train,1242,375,9,8,1,8,0,0,True,False,False,False,False,V1_P0_C0,high,V1_P0_C0__high
001899,train,1242,375,1,1,0,1,0,0,True,False,False,False,False,V1_P0_C0,low,V1_P0_C0__low
001900,train,1242,375,2,2,0,2,0,0,True,False,False,False,False,V1_P0_C0,low,V1_P0_C0__low
001901,train,1242,375,5,3,2,3,0,0,True,False,False,False,False,V1_P0_C0,low,V1_P0_C0__low
001902,train,1224,370,1,1,0,0,1,0,False,True,False,False,False,V0_P1_C0,low,V0_P1_C0__low
001903,train,1242,375,4,1,3,1,0,0,True,False,False,False,False,V1_P0_C0,low,V1_P0_C0__low
001904,val,1242,375,6,4,2,4,0,0,True,False,False,False,False,V1_P0_C0,medium,V1_P0_C0__medium
001905,train,1242,375,2,2,0,2,0,0,True,False,False,False,False,V1_P0_C0,low,V1_P0_C0__low
001906,train,1242,375,3,2,1,2,0,0,True,False,False,False,False,V1_P0_C0,low,V1_P0_C0__low
001907,train,1242,375,8,6,2,6,0,0,True,False,False,False,False,V1_P0_C0,medium,V1_P0_C0__medium
001908,train,1242,375,16,16,0,15,1,0,True,True,False,False,False,V1_P1_C0,high,V1_P1_C0__high
001909,train,1242,375,11,9,2,9,0,0,True,False,False,False,False,V1_P0_C0,high,V1_P0_C0__high
001910,train,1242,375,9,6,3,0,5,1,False,True,True,False,False,V0_P1_C1,medium,V0_P1_C1__medium
001911,val,1224,370,2,2,0,0,2,0,False,True,False,False,False,V0_P1_C0,low,V0_P1_C0__low
001912,train,1224,370,7,5,2,3,2,0,True,True,False,False,False,V1_P1_C0,medium,V1_P1_C0__medium
001913,train,1242,375,4,1,3,1,0,0,True,False,False,False,False,V1_P0_C0,low,V1_P0_C0__low
001914,train,1242,375,7,4,3,4,0,0,True,False,False,False,False,V1_P0_C0,medium,V1_P0_C0__medium
001915,train,1242,375,4,2,2,0,2,0,False,True,False,False,False,V0_P1_C0,low,V0_P1_C0__low
001916,train,1242,375,13,12,1,11,1,0,True,True,False,False,False,V1_P1_C0,high,V1_P1_C0__high
001917,train,1242,375,8,5,3,5,0,0,True,False,False,False,False,V1_P0_C0,medium,V1_P0_C0__medium
001918,train,1242,375,5,4,1,3,0,1,True,False,True,False,False,V1_P0_C1,medium,V1_P0_C1__medium
001919,train,1242,375,10,9,1,9,0,0,True,False,False,False,False,V1_P0_C0,high,V1_P0_C0__high
001920,train,1242,375,4,3,1,2,0,1,True,False,True,False,False,V1_P0_C1,low,V1_P0_C1__low
001921,train,1242,375,13,12,1,10,0,2,True,False,True,False,False,V1_P0_C1,high,V1_P0_C1__high
001922,train,1242,375,7,5,2,5,0,0,True,False,False,False,False,V1_P0_C0,medium,V1_P0_C0__medium
001923,train,1224,370,1,1,0,0,1,0,False,True,False,False,False,V0_P1_C0,low,V0_P1_C0__low
001924,train,1242,375,5,4,1,4,0,0,True,False,False,False,False,V1_P0_C0,medium,V1_P0_C0__medium
001925,train,1241,376,5,5,0,5,0,0,True,False,False,False,False,V1_P0_C0,medium,V1_P0_C0__medium
001926,train,1242,375,12,11,1,10,1,0,True,True,False,False,False,V1_P1_C0,high,V1_P1_C0__high
001927,train,1242,375,2,2,0,2,0,0,True,False,False,False,False,V1_P0_C0,low,V1_P0_C0__low
001928,val,1241,376,10,9,1,9,0,0,True,False,False,False,False,V1_P0_C0,high,V1_P0_C0__high
001929,train,1242,375,12,11,1,10,0,1,True,False,True,False,False,V1_P0_C1,high,V1_P0_C1__high
001930,val,1242,375,4,3,1,3,0,0,True,False,False,False,False,V1_P0_C0,low,V1_P0_C0__low
001931,train,1238,374,7,4,3,1,3,0,True,True,False,False,False,V1_P1_C0,medium,V1_P1_C0__medium
001932,train,1242,375,5,4,1,4,0,0,True,False,False,False,False,V1_P0_C0,medium,V1_P0_C0__medium
001933,train,1242,375,4,2,2,2,0,0,True,False,False,False,False,V1_P0_C0,low,V1_P0_C0__low
001934,train,1242,375,4,3,1,3,0,0,True,False,False,False,False,V1_P0_C0,low,V1_P0_C0__low
001935,train,1242,375,4,1,3,1,0,0,True,False,False,False,False,V1_P0_C0,low,V1_P0_C0__low
001936,train,1242,375,2,2,0,2,0,0,True,False,False,False,False,V1_P0_C0,low,V1_P0_C0__low
001937,train,1241,376,11,8,3,8,0,0,True,False,False,False,False,V1_P0_C0,high,V1_P0_C0__high
001938,train,1242,375,6,5,1,5,0,0,True,False,False,False,False,V1_P0_C0,medium,V1_P0_C0__medium
001939,train,1242,375,11,8,3,8,0,0,True,False,False,False,False,V1_P0_C0,high,V1_P0_C0__high
001940,train,1242,375,18,14,4,13,1,0,True,True,False,False,False,V1_P1_C0,high,V1_P1_C0__high
001941,train,1242,375,13,11,2,11,0,0,True,False,False,False,False,V1_P0_C0,high,V1_P0_C0__high
001942,train,1241,376,6,5,1,5,0,0,True,False,False,False,False,V1_P0_C0,medium,V1_P0_C0__medium
001943,val,1242,375,4,3,1,3,0,0,True,False,False,False,False,V1_P0_C0,low,V1_P0_C0__low
001944,train,1242,375,4,2,2,2,0,0,True,False,False,False,False,V1_P0_C0,low,V1_P0_C0__low
001945,train,1242,375,6,4,2,2,0,2,True,False,True,False,False,V1_P0_C1,medium,V1_P0_C1__medium
001946,train,1242,375,2,2,0,1,0,1,True,False,True,False,False,V1_P0_C1,low,V1_P0_C1__low
001947,train,1224,370,9,8,1,8,0,0,True,False,False,False,False,V1_P0_C0,high,V1_P0_C0__high
001948,train,1242,375,9,5,4,2,0,3,True,False,True,False,False,V1_P0_C1,medium,V1_P0_C1__medium
001949,val,1242,375,4,2,2,2,0,0,True,False,False,False,False,V1_P0_C0,low,V1_P0_C0__low
001950,train,1242,375,5,1,4,1,0,0,True,False,False,False,False,V1_P0_C0,low,V1_P0_C0__low
001951,train,1242,375,10,9,1,8,0,1,True,False,True,False,False,V1_P0_C1,high,V1_P0_C1__high
001952,train,1242,375,3,2,1,2,0,0,True,False,False,False,False,V1_P0_C0,low,V1_P0_C0__low
001953,train,1242,375,3,3,0,3,0,0,True,False,False,False,False,V1_P0_C0,low,V1_P0_C0__low
001954,train,1242,375,10,9,1,9,0,0,True,False,False,False,False,V1_P0_C0,high,V1_P0_C0__high
001955,train,1242,375,17,15,2,15,0,0,True,False,False,False,False,V1_P0_C0,high,V1_P0_C0__high
001956,train,1242,375,7,6,1,6,0,0,True,False,False,False,False,V1_P0_C0,medium,V1_P0_C0__medium
001957,train,1242,375,2,2,0,1,0,1,True,False,True,False,False,V1_P0_C1,low,V1_P0_C1__low
001958,val,1224,370,11,8,3,0,4,4,False,True,True,False,False,V0_P1_C1,high,V0_P1_C1__high
001959,train,1242,375,13,8,5,8,0,0,True,False,False,False,False,V1_P0_C0,high,V1_P0_C0__high
001960,train,1242,375,5,4,1,4,0,0,True,False,False,False,False,V1_P0_C0,medium,V1_P0_C0__medium
001961,train,1242,375,2,1,1,1,0,0,True,False,False,False,False,V1_P0_C0,low,V1_P0_C0__low
001962,train,1242,375,8,5,3,4,0,1,True,False,True,False,False,V1_P0_C1,medium,V1_P0_C1__medium
001963,train,1242,375,10,10,0,9,0,1,True,False,True,False,False,V1_P0_C1,high,V1_P0_C1__high
001964,train,1242,375,12,12,0,9,3,0,True,True,False,False,False,V1_P1_C0,high,V1_P1_C0__high
001965,val,1242,375,7,6,1,6,0,0,True,False,False,False,False,V1_P0_C0,medium,V1_P0_C0__medium
001966,train,1242,375,9,7,2,7,0,0,True,False,False,False,False,V1_P0_C0,high,V1_P0_C0__high
001967,train,1242,375,8,8,0,8,0,0,True,False,False,False,False,V1_P0_C0,high,V1_P0_C0__high
001968,train,1242,375,4,2,2,2,0,0,True,False,False,False,False,V1_P0_C0,low,V1_P0_C0__low
001969,train,1242,375,9,8,1,8,0,0,True,False,False,False,False,V1_P0_C0,high,V1_P0_C0__high
001970,train,1224,370,1,1,0,0,1,0,False,True,False,False,False,V0_P1_C0,low,V0_P1_C0__low
001971,val,1224,370,7,3,4,0,3,0,False,True,False,False,False,V0_P1_C0,low,V0_P1_C0__low
001972,val,1238,374,6,4,2,1,3,0,True,True,False,False,False,V1_P1_C0,medium,V1_P1_C0__medium
001973,val,1242,375,6,4,2,4,0,0,True,False,False,False,False,V1_P0_C0,medium,V1_P0_C0__medium
001974,train,1242,375,6,3,3,2,0,1,True,False,True,False,False,V1_P0_C1,low,V1_P0_C1__low
001975,train,1242,375,2,1,1,1,0,0,True,False,False,False,False,V1_P0_C0,low,V1_P0_C0__low
001976,val,1242,375,5,5,0,5,0,0,True,False,False,False,False,V1_P0_C0,medium,V1_P0_C0__medium
001977,train,1242,375,6,5,1,5,0,0,True,False,False,False,False,V1_P0_C0,medium,V1_P0_C0__medium
001978,val,1242,375,6,4,2,4,0,0,True,False,False,False,False,V1_P0_C0,medium,V1_P0_C0__medium
001979,train,1242,375,7,7,0,6,1,0,True,True,False,False,False,V1_P1_C0,high,V1_P1_C0__high
001980,train,1242,375,4,3,1,3,0,0,True,False,False,False,False,V1_P0_C0,low,V1_P0_C0__low
001981,train,1242,375,8,5,3,1,3,1,True,True,True,False,False,V1_P1_C1,medium,V1_P1_C1__medium
001982,train,1224,370,1,1,0,0,1,0,False,True,False,False,False,V0_P1_C0,low,V0_P1_C0__low
001983,train,1242,375,1,1,0,1,0,0,True,False,False,False,False,V1_P0_C0,low,V1_P0_C0__low
001984,train,1224,370,1,1,0,0,1,0,False,True,False,False,False,V0_P1_C0,low,V0_P1_C0__low
001985,train,1242,375,3,2,1,2,0,0,True,False,False,False,False,V1_P0_C0,low,V1_P0_C0__low
001986,val,1241,376,7,7,0,7,0,0,True,False,False,False,False,V1_P0_C0,high,V1_P0_C0__high
001987,train,1242,375,9,4,5,3,1,0,True,True,False,False,False,V1_P1_C0,medium,V1_P1_C0__medium
001988,train,1242,375,15,12,3,2,7,3,True,True,True,False,False,V1_P1_C1,high,V1_P1_C1__high
001989,train,1242,375,5,5,0,5,0,0,True,False,False,False,False,V1_P0_C0,medium,V1_P0_C0__medium
001990,train,1242,375,7,5,2,5,0,0,True,False,False,False,False,V1_P0_C0,medium,V1_P0_C0__medium
001991,train,1241,376,9,8,1,8,0,0,True,False,False,False,False,V1_P0_C0,high,V1_P0_C0__high
001992,val,1242,375,12,11,1,10,0,1,True,False,True,False,False,V1_P0_C1,high,V1_P0_C1__high
001993,train,1242,375,4,2,2,2,0,0,True,False,False,False,False,V1_P0_C0,low,V1_P0_C0__low
001994,train,1224,370,1,1,0,0,1,0,False,True,False,False,False,V0_P1_C0,low,V0_P1_C0__low
001995,train,1242,375,2,1,1,1,0,0,True,False,False,False,False,V1_P0_C0,low,V1_P0_C0__low
001996,train,1242,375,4,3,1,3,0,0,True,False,False,False,False,V1_P0_C0,low,V1_P0_C0__low
001997,train,1242,375,6,3,3,2,0,1,True,False,True,False,False,V1_P0_C1,low,V1_P0_C1__low
001998,train,1224,370,8,7,1,1,4,2,True,True,True,False,False,V1_P1_C1,high,V1_P1_C1__high
001999,train,1242,375,21,20,1,19,0,1,True,False,True,False,False,V1_P0_C1,high,V1_P0_C1__high
002000,train,1224,370,8,5,3,4,0,1,True,False,True,False,False,V1_P0_C1,medium,V1_P0_C1__medium
002001,train,1242,375,2,2,0,2,0,0,True,False,False,False,False,V1_P0_C0,low,V1_P0_C0__low
002002,train,1242,375,8,6,2,6,0,0,True,False,False,False,False,V1_P0_C0,medium,V1_P0_C0__medium
002003,train,1242,375,13,11,2,10,1,0,True,True,False,False,False,V1_P1_C0,high,V1_P1_C0__high
002004,val,1242,375,4,3,1,3,0,0,True,False,False,False,False,V1_P0_C0,low,V1_P0_C0__low
002005,train,1242,375,11,3,8,0,3,0,False,True,False,False,False,V0_P1_C0,low,V0_P1_C0__low
002006,train,1242,375,8,5,3,4,0,1,True,False,True,False,False,V1_P0_C1,medium,V1_P0_C1__medium
002007,train,1242,375,8,6,2,0,5,1,False,True,True,False,False,V0_P1_C1,medium,V0_P1_C1__medium
002008,train,1242,375,6,4,2,3,0,1,True,False,True,False,False,V1_P0_C1,medium,V1_P0_C1__medium
002009,train,1242,375,4,3,1,3,0,0,True,False,False,False,False,V1_P0_C0,low,V1_P0_C0__low
002010,train,1242,375,3,2,1,2,0,0,True,False,False,False,False,V1_P0_C0,low,V1_P0_C0__low
002011,train,1242,375,4,2,2,2,0,0,True,False,False,False,False,V1_P0_C0,low,V1_P0_C0__low
002012,train,1242,375,16,13,3,13,0,0,True,False,False,False,False,V1_P0_C0,high,V1_P0_C0__high
002013,train,1242,375,1,1,0,1,0,0,True,False,False,False,False,V1_P0_C0,low,V1_P0_C0__low
002014,train,1224,370,8,5,3,4,0,1,True,False,True,False,False,V1_P0_C1,medium,V1_P0_C1__medium
002015,train,1242,375,10,6,4,0,5,1,False,True,True,False,False,V0_P1_C1,medium,V0_P1_C1__medium
002016,train,1242,375,6,2,4,1,0,1,True,False,True,False,False,V1_P0_C1,low,V1_P0_C1__low
002017,train,1242,375,5,3,2,2,0,1,True,False,True,False,False,V1_P0_C1,low,V1_P0_C1__low
002018,train,1242,375,10,9,1,9,0,0,True,False,False,False,False,V1_P0_C0,high,V1_P0_C0__high
002019,train,1242,375,2,1,1,1,0,0,True,False,False,False,False,V1_P0_C0,low,V1_P0_C0__low
002020,train,1242,375,11,9,2,9,0,0,True,False,False,False,False,V1_P0_C0,high,V1_P0_C0__high
002021,train,1242,375,6,4,2,4,0,0,True,False,False,False,False,V1_P0_C0,medium,V1_P0_C0__medium
002022,val,1242,375,3,2,1,2,0,0,True,False,False,False,False,V1_P0_C0,low,V1_P0_C0__low
002023,train,1224,370,1,1,0,0,1,0,False,True,False,False,False,V0_P1_C0,low,V0_P1_C0__low
002024,train,1242,375,13,11,2,9,1,1,True,True,True,False,False,V1_P1_C1,high,V1_P1_C1__high
002025,train,1242,375,5,2,3,1,0,1,True,False,True,False,False,V1_P0_C1,low,V1_P0_C1__low
002026,train,1242,375,3,1,2,1,0,0,True,False,False,False,False,V1_P0_C0,low,V1_P0_C0__low
002027,train,1242,375,6,4,2,4,0,0,True,False,False,False,False,V1_P0_C0,medium,V1_P0_C0__medium
002028,val,1242,375,8,6,2,6,0,0,True,False,False,False,False,V1_P0_C0,medium,V1_P0_C0__medium
002029,val,1242,375,8,5,3,5,0,0,True,False,False,False,False,V1_P0_C0,medium,V1_P0_C0__medium
002030,train,1224,370,1,1,0,0,1,0,False,True,False,False,False,V0_P1_C0,low,V0_P1_C0__low
002031,train,1242,375,5,1,4,1,0,0,True,False,False,False,False,V1_P0_C0,low,V1_P0_C0__low
002032,val,1242,375,7,2,5,2,0,0,True,False,False,False,False,V1_P0_C0,low,V1_P0_C0__low
002033,val,1242,375,4,3,1,3,0,0,True,False,False,False,False,V1_P0_C0,low,V1_P0_C0__low
002034,train,1242,375,4,2,2,2,0,0,True,False,False,False,False,V1_P0_C0,low,V1_P0_C0__low
002035,train,1242,375,12,8,4,7,1,0,True,True,False,False,False,V1_P1_C0,high,V1_P1_C0__high
002036,val,1242,375,3,2,1,1,0,1,True,False,True,False,False,V1_P0_C1,low,V1_P0_C1__low
002037,train,1242,375,6,2,4,2,0,0,True,False,False,False,False,V1_P0_C0,low,V1_P0_C0__low
002038,train,1242,375,6,6,0,6,0,0,True,False,False,False,False,V1_P0_C0,medium,V1_P0_C0__medium
002039,train,1242,375,5,4,1,4,0,0,True,False,False,False,False,V1_P0_C0,medium,V1_P0_C0__medium
002040,train,1242,375,8,5,3,5,0,0,True,False,False,False,False,V1_P0_C0,medium,V1_P0_C0__medium
002041,train,1242,375,8,7,1,7,0,0,True,False,False,False,False,V1_P0_C0,high,V1_P0_C0__high
002042,train,1238,374,11,9,2,0,9,0,False,True,False,False,False,V0_P1_C0,high,V0_P1_C0__high
002043,val,1242,375,6,3,3,3,0,0,True,False,False,False,False,V1_P0_C0,low,V1_P0_C0__low
002044,train,1241,376,15,13,2,13,0,0,True,False,False,False,False,V1_P0_C0,high,V1_P0_C0__high
002045,train,1238,374,7,6,1,1,5,0,True,True,False,False,False,V1_P1_C0,medium,V1_P1_C0__medium
002046,train,1242,375,5,4,1,4,0,0,True,False,False,False,False,V1_P0_C0,medium,V1_P0_C0__medium
002047,val,1242,375,5,3,2,3,0,0,True,False,False,False,False,V1_P0_C0,low,V1_P0_C0__low
002048,val,1242,375,6,4,2,3,1,0,True,True,False,False,False,V1_P1_C0,medium,V1_P1_C0__medium
002049,train,1242,375,6,5,1,4,0,1,True,False,True,False,False,V1_P0_C1,medium,V1_P0_C1__medium
002050,val,1242,375,21,20,1,19,0,1,True,False,True,False,False,V1_P0_C1,high,V1_P0_C1__high
002051,train,1242,375,6,5,1,5,0,0,True,False,False,False,False,V1_P0_C0,medium,V1_P0_C0__medium
002052,val,1241,376,6,4,2,4,0,0,True,False,False,False,False,V1_P0_C0,medium,V1_P0_C0__medium
002053,val,1242,375,2,1,1,1,0,0,True,False,False,False,False,V1_P0_C0,low,V1_P0_C0__low
002054,val,1242,375,6,5,1,5,0,0,True,False,False,False,False,V1_P0_C0,medium,V1_P0_C0__medium
002055,train,1242,375,1,1,0,1,0,0,True,False,False,False,False,V1_P0_C0,low,V1_P0_C0__low
002056,train,1242,375,5,3,2,3,0,0,True,False,False,False,False,V1_P0_C0,low,V1_P0_C0__low
002057,train,1242,375,7,5,2,5,0,0,True,False,False,False,False,V1_P0_C0,medium,V1_P0_C0__medium
002058,train,1224,370,1,1,0,0,1,0,False,True,False,False,False,V0_P1_C0,low,V0_P1_C0__low
002059,train,1224,370,1,1,0,0,1,0,False,True,False,False,False,V0_P1_C0,low,V0_P1_C0__low
002060,train,1242,375,10,7,3,7,0,0,True,False,False,False,False,V1_P0_C0,high,V1_P0_C0__high
002061,train,1242,375,2,2,0,2,0,0,True,False,False,False,False,V1_P0_C0,low,V1_P0_C0__low
002062,train,1242,375,6,6,0,6,0,0,True,False,False,False,False,V1_P0_C0,medium,V1_P0_C0__medium
002063,train,1224,370,14,11,3,1,6,4,True,True,True,False,False,V1_P1_C1,high,V1_P1_C1__high
002064,val,1242,375,3,2,1,2,0,0,True,False,False,False,False,V1_P0_C0,low,V1_P0_C0__low
002065,train,1242,375,8,2,6,0,2,0,False,True,False,False,False,V0_P1_C0,low,V0_P1_C0__low
002066,train,1242,375,1,1,0,1,0,0,True,False,False,False,False,V1_P0_C0,low,V1_P0_C0__low
002067,train,1242,375,15,14,1,14,0,0,True,False,False,False,False,V1_P0_C0,high,V1_P0_C0__high
002068,train,1242,375,8,6,2,6,0,0,True,False,False,False,False,V1_P0_C0,medium,V1_P0_C0__medium
002069,train,1242,375,3,2,1,2,0,0,True,False,False,False,False,V1_P0_C0,low,V1_P0_C0__low
002070,val,1242,375,8,5,3,5,0,0,True,False,False,False,False,V1_P0_C0,medium,V1_P0_C0__medium
002071,train,1238,374,10,8,2,1,7,0,True,True,False,False,False,V1_P1_C0,high,V1_P1_C0__high
002072,train,1238,374,5,5,0,5,0,0,True,False,False,False,False,V1_P0_C0,medium,V1_P0_C0__medium
002073,train,1238,374,7,4,3,1,3,0,True,True,False,False,False,V1_P1_C0,medium,V1_P1_C0__medium
002074,train,1242,375,6,4,2,4,0,0,True,False,False,False,False,V1_P0_C0,medium,V1_P0_C0__medium
002075,train,1242,375,2,1,1,0,1,0,False,True,False,False,False,V0_P1_C0,low,V0_P1_C0__low
002076,train,1224,370,12,6,6,2,1,3,True,True,True,False,False,V1_P1_C1,medium,V1_P1_C1__medium
002077,val,1242,375,12,10,2,10,0,0,True,False,False,False,False,V1_P0_C0,high,V1_P0_C0__high
002078,val,1242,375,4,4,0,4,0,0,True,False,False,False,False,V1_P0_C0,medium,V1_P0_C0__medium
002079,train,1242,375,6,5,1,5,0,0,True,False,False,False,False,V1_P0_C0,medium,V1_P0_C0__medium
002080,train,1242,375,8,8,0,7,1,0,True,True,False,False,False,V1_P1_C0,high,V1_P1_C0__high
002081,train,1242,375,6,6,0,6,0,0,True,False,False,False,False,V1_P0_C0,medium,V1_P0_C0__medium
002082,train,1242,375,10,9,1,9,0,0,True,False,False,False,False,V1_P0_C0,high,V1_P0_C0__high
002083,train,1242,375,6,4,2,4,0,0,True,False,False,False,False,V1_P0_C0,medium,V1_P0_C0__medium
002084,train,1242,375,11,7,4,5,1,1,True,True,True,False,False,V1_P1_C1,high,V1_P1_C1__high
002085,train,1242,375,10,9,1,9,0,0,True,False,False,False,False,V1_P0_C0,high,V1_P0_C0__high
002086,train,1242,375,10,9,1,9,0,0,True,False,False,False,False,V1_P0_C0,high,V1_P0_C0__high
002087,train,1242,375,4,3,1,3,0,0,True,False,False,False,False,V1_P0_C0,low,V1_P0_C0__low
002088,train,1242,375,12,12,0,11,0,1,True,False,True,False,False,V1_P0_C1,high,V1_P0_C1__high
002089,train,1242,375,3,2,1,2,0,0,True,False,False,False,False,V1_P0_C0,low,V1_P0_C0__low
002090,train,1242,375,3,3,0,3,0,0,True,False,False,False,False,V1_P0_C0,low,V1_P0_C0__low
002091,train,1238,374,4,2,2,1,1,0,True,True,False,False,False,V1_P1_C0,low,V1_P1_C0__low
002092,train,1242,375,11,9,2,8,0,1,True,False,True,False,False,V1_P0_C1,high,V1_P0_C1__high
002093,train,1242,375,6,4,2,4,0,0,True,False,False,False,False,V1_P0_C0,medium,V1_P0_C0__medium
002094,val,1242,375,5,2,3,1,1,0,True,True,False,False,False,V1_P1_C0,low,V1_P1_C0__low
002095,train,1224,370,17,14,3,4,7,3,True,True,True,False,False,V1_P1_C1,high,V1_P1_C1__high
002096,train,1242,375,13,11,2,9,1,1,True,True,True,False,False,V1_P1_C1,high,V1_P1_C1__high
002097,val,1242,375,8,6,2,6,0,0,True,False,False,False,False,V1_P0_C0,medium,V1_P0_C0__medium
002098,train,1238,374,6,4,2,4,0,0,True,False,False,False,False,V1_P0_C0,medium,V1_P0_C0__medium
002099,train,1242,375,4,2,2,2,0,0,True,False,False,False,False,V1_P0_C0,low,V1_P0_C0__low
002100,train,1242,375,2,1,1,1,0,0,True,False,False,False,False,V1_P0_C0,low,V1_P0_C0__low
002101,val,1242,375,8,7,1,6,1,0,True,True,False,False,False,V1_P1_C0,high,V1_P1_C0__high
002102,val,1242,375,10,9,1,9,0,0,True,False,False,False,False,V1_P0_C0,high,V1_P0_C0__high
002103,train,1242,375,7,5,2,5,0,0,True,False,False,False,False,V1_P0_C0,medium,V1_P0_C0__medium
002104,train,1242,375,6,2,4,2,0,0,True,False,False,False,False,V1_P0_C0,low,V1_P0_C0__low
002105,train,1242,375,14,13,1,13,0,0,True,False,False,False,False,V1_P0_C0,high,V1_P0_C0__high
002106,train,1242,375,16,15,1,15,0,0,True,False,False,False,False,V1_P0_C0,high,V1_P0_C0__high
002107,train,1242,375,14,11,3,11,0,0,True,False,False,False,False,V1_P0_C0,high,V1_P0_C0__high
002108,train,1224,370,1,1,0,0,1,0,False,True,False,False,False,V0_P1_C0,low,V0_P1_C0__low
002109,train,1242,375,3,3,0,3,0,0,True,False,False,False,False,V1_P0_C0,low,V1_P0_C0__low
002110,val,1242,375,14,10,4,8,1,1,True,True,True,False,False,V1_P1_C1,high,V1_P1_C1__high
002111,train,1242,375,5,3,2,3,0,0,True,False,False,False,False,V1_P0_C0,low,V1_P0_C0__low
002112,val,1242,375,9,8,1,5,0,3,True,False,True,False,False,V1_P0_C1,high,V1_P0_C1__high
002113,val,1242,375,7,4,3,4,0,0,True,False,False,False,False,V1_P0_C0,medium,V1_P0_C0__medium
002114,val,1242,375,5,3,2,2,1,0,True,True,False,False,False,V1_P1_C0,low,V1_P1_C0__low
002115,val,1242,375,8,3,5,3,0,0,True,False,False,False,False,V1_P0_C0,low,V1_P0_C0__low
002116,train,1242,375,2,2,0,2,0,0,True,False,False,False,False,V1_P0_C0,low,V1_P0_C0__low
002117,train,1224,370,1,1,0,0,1,0,False,True,False,False,False,V0_P1_C0,low,V0_P1_C0__low
002118,train,1242,375,4,4,0,4,0,0,True,False,False,False,False,V1_P0_C0,medium,V1_P0_C0__medium
002119,train,1242,375,9,6,3,6,0,0,True,False,False,False,False,V1_P0_C0,medium,V1_P0_C0__medium
002120,train,1242,375,3,1,2,1,0,0,True,False,False,False,False,V1_P0_C0,low,V1_P0_C0__low
002121,train,1242,375,3,2,1,2,0,0,True,False,False,False,False,V1_P0_C0,low,V1_P0_C0__low
002122,train,1242,375,4,2,2,2,0,0,True,False,False,False,False,V1_P0_C0,low,V1_P0_C0__low
002123,train,1241,376,7,3,4,3,0,0,True,False,False,False,False,V1_P0_C0,low,V1_P0_C0__low
002124,train,1224,370,9,5,4,2,2,1,True,True,True,False,False,V1_P1_C1,medium,V1_P1_C1__medium
002125,train,1242,375,5,2,3,2,0,0,True,False,False,False,False,V1_P0_C0,low,V1_P0_C0__low
002126,train,1242,375,15,14,1,14,0,0,True,False,False,False,False,V1_P0_C0,high,V1_P0_C0__high
002127,train,1242,375,3,2,1,2,0,0,True,False,False,False,False,V1_P0_C0,low,V1_P0_C0__low
002128,train,1242,375,7,7,0,6,1,0,True,True,False,False,False,V1_P1_C0,high,V1_P1_C0__high
002129,train,1242,375,13,13,0,13,0,0,True,False,False,False,False,V1_P0_C0,high,V1_P0_C0__high
002130,train,1242,375,7,6,1,6,0,0,True,False,False,False,False,V1_P0_C0,medium,V1_P0_C0__medium
002131,train,1242,375,7,4,3,4,0,0,True,False,False,False,False,V1_P0_C0,medium,V1_P0_C0__medium
002132,train,1242,375,6,4,2,4,0,0,True,False,False,False,False,V1_P0_C0,medium,V1_P0_C0__medium
002133,train,1242,375,9,3,6,0,3,0,False,True,False,False,False,V0_P1_C0,low,V0_P1_C0__low
002134,train,1242,375,15,14,1,14,0,0,True,False,False,False,False,V1_P0_C0,high,V1_P0_C0__high
002135,train,1242,375,17,15,2,14,0,1,True,False,True,False,False,V1_P0_C1,high,V1_P0_C1__high
002136,train,1242,375,7,5,2,5,0,0,True,False,False,False,False,V1_P0_C0,medium,V1_P0_C0__medium
002137,val,1242,375,5,4,1,4,0,0,True,False,False,False,False,V1_P0_C0,medium,V1_P0_C0__medium
002138,train,1242,375,5,4,1,4,0,0,True,False,False,False,False,V1_P0_C0,medium,V1_P0_C0__medium
002139,train,1241,376,10,9,1,9,0,0,True,False,False,False,False,V1_P0_C0,high,V1_P0_C0__high
002140,train,1241,376,7,5,2,5,0,0,True,False,False,False,False,V1_P0_C0,medium,V1_P0_C0__medium
002141,train,1242,375,2,2,0,2,0,0,True,False,False,False,False,V1_P0_C0,low,V1_P0_C0__low
002142,val,1241,376,13,12,1,12,0,0,True,False,False,False,False,V1_P0_C0,high,V1_P0_C0__high
002143,val,1242,375,4,2,2,2,0,0,True,False,False,False,False,V1_P0_C0,low,V1_P0_C0__low
002144,train,1224,370,1,1,0,0,1,0,False,True,False,False,False,V0_P1_C0,low,V0_P1_C0__low
002145,train,1238,374,6,6,0,6,0,0,True,False,False,False,False,V1_P0_C0,medium,V1_P0_C0__medium
002146,train,1242,375,4,1,3,1,0,0,True,False,False,False,False,V1_P0_C0,low,V1_P0_C0__low
002147,train,1242,375,17,15,2,14,1,0,True,True,False,False,False,V1_P1_C0,high,V1_P1_C0__high
002148,train,1238,374,2,1,1,1,0,0,True,False,False,False,False,V1_P0_C0,low,V1_P0_C0__low
002149,train,1242,375,10,6,4,0,4,2,False,True,True,False,False,V0_P1_C1,medium,V0_P1_C1__medium
002150,train,1242,375,13,9,4,9,0,0,True,False,False,False,False,V1_P0_C0,high,V1_P0_C0__high
002151,train,1241,376,7,4,3,4,0,0,True,False,False,False,False,V1_P0_C0,medium,V1_P0_C0__medium
002152,val,1242,375,12,11,1,11,0,0,True,False,False,False,False,V1_P0_C0,high,V1_P0_C0__high
002153,train,1242,375,11,10,1,8,0,2,True,False,True,False,False,V1_P0_C1,high,V1_P0_C1__high
002154,train,1242,375,2,1,1,1,0,0,True,False,False,False,False,V1_P0_C0,low,V1_P0_C0__low
002155,train,1242,375,17,15,2,15,0,0,True,False,False,False,False,V1_P0_C0,high,V1_P0_C0__high
002156,val,1224,370,16,11,5,0,9,2,False,True,True,False,False,V0_P1_C1,high,V0_P1_C1__high
002157,train,1242,375,11,11,0,10,1,0,True,True,False,False,False,V1_P1_C0,high,V1_P1_C0__high
002158,train,1242,375,8,7,1,7,0,0,True,False,False,False,False,V1_P0_C0,high,V1_P0_C0__high
002159,val,1224,370,1,1,0,0,1,0,False,True,False,False,False,V0_P1_C0,low,V0_P1_C0__low
002160,val,1238,374,10,9,1,1,8,0,True,True,False,False,False,V1_P1_C0,high,V1_P1_C0__high
002161,train,1242,375,11,9,2,7,2,0,True,True,False,False,False,V1_P1_C0,high,V1_P1_C0__high
002162,val,1242,375,3,1,2,1,0,0,True,False,False,False,False,V1_P0_C0,low,V1_P0_C0__low
002163,train,1242,375,5,4,1,4,0,0,True,False,False,False,False,V1_P0_C0,medium,V1_P0_C0__medium
002164,train,1242,375,5,4,1,2,1,1,True,True,True,False,False,V1_P1_C1,medium,V1_P1_C1__medium
002165,val,1242,375,4,2,2,2,0,0,True,False,False,False,False,V1_P0_C0,low,V1_P0_C0__low
002166,train,1242,375,4,3,1,3,0,0,True,False,False,False,False,V1_P0_C0,low,V1_P0_C0__low
002167,val,1242,375,9,6,3,5,0,1,True,False,True,False,False,V1_P0_C1,medium,V1_P0_C1__medium
002168,val,1242,375,10,9,1,9,0,0,True,False,False,False,False,V1_P0_C0,high,V1_P0_C0__high
002169,train,1242,375,10,9,1,9,0,0,True,False,False,False,False,V1_P0_C0,high,V1_P0_C0__high
002170,train,1242,375,7,5,2,5,0,0,True,False,False,False,False,V1_P0_C0,medium,V1_P0_C0__medium
002171,train,1224,370,15,14,1,4,9,1,True,True,True,False,False,V1_P1_C1,high,V1_P1_C1__high
002172,val,1242,375,11,7,4,7,0,0,True,False,False,False,False,V1_P0_C0,high,V1_P0_C0__high
002173,train,1241,376,10,9,1,9,0,0,True,False,False,False,False,V1_P0_C0,high,V1_P0_C0__high
002174,val,1242,375,3,2,1,2,0,0,True,False,False,False,False,V1_P0_C0,low,V1_P0_C0__low
002175,train,1224,370,20,16,4,4,12,0,True,True,False,False,False,V1_P1_C0,high,V1_P1_C0__high
002176,val,1242,375,10,9,1,8,1,0,True,True,False,False,False,V1_P1_C0,high,V1_P1_C0__high
002177,train,1242,375,11,10,1,10,0,0,True,False,False,False,False,V1_P0_C0,high,V1_P0_C0__high
002178,train,1224,370,1,1,0,0,1,0,False,True,False,False,False,V0_P1_C0,low,V0_P1_C0__low
002179,train,1242,375,1,1,0,1,0,0,True,False,False,False,False,V1_P0_C0,low,V1_P0_C0__low
002180,train,1242,375,9,5,4,0,3,2,False,True,True,False,False,V0_P1_C1,medium,V0_P1_C1__medium
002181,train,1242,375,15,13,2,12,1,0,True,True,False,False,False,V1_P1_C0,high,V1_P1_C0__high
002182,train,1241,376,9,9,0,9,0,0,True,False,False,False,False,V1_P0_C0,high,V1_P0_C0__high
002183,train,1242,375,7,7,0,7,0,0,True,False,False,False,False,V1_P0_C0,high,V1_P0_C0__high
002184,train,1242,375,8,2,6,2,0,0,True,False,False,False,False,V1_P0_C0,low,V1_P0_C0__low
002185,train,1242,375,8,7,1,7,0,0,True,False,False,False,False,V1_P0_C0,high,V1_P0_C0__high
002186,train,1242,375,3,1,2,1,0,0,True,False,False,False,False,V1_P0_C0,low,V1_P0_C0__low
002187,train,1242,375,13,10,3,10,0,0,True,False,False,False,False,V1_P0_C0,high,V1_P0_C0__high
002188,train,1242,375,4,3,1,3,0,0,True,False,False,False,False,V1_P0_C0,low,V1_P0_C0__low
002189,train,1242,375,9,5,4,0,5,0,False,True,False,False,False,V0_P1_C0,medium,V0_P1_C0__medium
002190,train,1242,375,2,1,1,1,0,0,True,False,False,False,False,V1_P0_C0,low,V1_P0_C0__low
002191,val,1242,375,5,2,3,2,0,0,True,False,False,False,False,V1_P0_C0,low,V1_P0_C0__low
002192,train,1242,375,1,1,0,1,0,0,True,False,False,False,False,V1_P0_C0,low,V1_P0_C0__low
002193,train,1242,375,6,5,1,5,0,0,True,False,False,False,False,V1_P0_C0,medium,V1_P0_C0__medium
002194,train,1242,375,16,15,1,14,1,0,True,True,False,False,False,V1_P1_C0,high,V1_P1_C0__high
002195,val,1238,374,5,5,0,5,0,0,True,False,False,False,False,V1_P0_C0,medium,V1_P0_C0__medium
002196,val,1242,375,2,1,1,1,0,0,True,False,False,False,False,V1_P0_C0,low,V1_P0_C0__low
002197,val,1242,375,2,1,1,1,0,0,True,False,False,False,False,V1_P0_C0,low,V1_P0_C0__low
002198,val,1242,375,7,3,4,3,0,0,True,False,False,False,False,V1_P0_C0,low,V1_P0_C0__low
002199,train,1242,375,9,8,1,6,0,2,True,False,True,False,False,V1_P0_C1,high,V1_P0_C1__high
002200,train,1242,375,10,8,2,7,0,1,True,False,True,False,False,V1_P0_C1,high,V1_P0_C1__high
002201,train,1241,376,7,7,0,7,0,0,True,False,False,False,False,V1_P0_C0,high,V1_P0_C0__high
002202,val,1242,375,5,4,1,4,0,0,True,False,False,False,False,V1_P0_C0,medium,V1_P0_C0__medium
002203,train,1242,375,4,1,3,1,0,0,True,False,False,False,False,V1_P0_C0,low,V1_P0_C0__low
002204,val,1242,375,1,1,0,1,0,0,True,False,False,False,False,V1_P0_C0,low,V1_P0_C0__low
002205,val,1242,375,15,13,2,13,0,0,True,False,False,False,False,V1_P0_C0,high,V1_P0_C0__high
002206,train,1238,374,10,8,2,1,4,3,True,True,True,False,False,V1_P1_C1,high,V1_P1_C1__high
002207,train,1242,375,3,3,0,3,0,0,True,False,False,False,False,V1_P0_C0,low,V1_P0_C0__low
002208,train,1242,375,5,1,4,1,0,0,True,False,False,False,False,V1_P0_C0,low,V1_P0_C0__low
002209,val,1242,375,11,9,2,9,0,0,True,False,False,False,False,V1_P0_C0,high,V1_P0_C0__high
002210,train,1242,375,9,7,2,6,0,1,True,False,True,False,False,V1_P0_C1,high,V1_P0_C1__high
002211,train,1242,375,6,6,0,5,0,1,True,False,True,False,False,V1_P0_C1,medium,V1_P0_C1__medium
002212,train,1242,375,16,13,3,13,0,0,True,False,False,False,False,V1_P0_C0,high,V1_P0_C0__high
002213,train,1242,375,3,1,2,1,0,0,True,False,False,False,False,V1_P0_C0,low,V1_P0_C0__low
002214,train,1238,374,6,6,0,6,0,0,True,False,False,False,False,V1_P0_C0,medium,V1_P0_C0__medium
002215,train,1242,375,4,4,0,4,0,0,True,False,False,False,False,V1_P0_C0,medium,V1_P0_C0__medium
002216,val,1242,375,12,11,1,10,0,1,True,False,True,False,False,V1_P0_C1,high,V1_P0_C1__high
002217,val,1242,375,7,1,6,1,0,0,True,False,False,False,False,V1_P0_C0,low,V1_P0_C0__low
002218,train,1242,375,6,4,2,4,0,0,True,False,False,False,False,V1_P0_C0,medium,V1_P0_C0__medium
002219,train,1242,375,10,9,1,9,0,0,True,False,False,False,False,V1_P0_C0,high,V1_P0_C0__high
002220,train,1242,375,3,1,2,1,0,0,True,False,False,False,False,V1_P0_C0,low,V1_P0_C0__low
002221,train,1242,375,8,5,3,5,0,0,True,False,False,False,False,V1_P0_C0,medium,V1_P0_C0__medium
002222,train,1242,375,2,1,1,1,0,0,True,False,False,False,False,V1_P0_C0,low,V1_P0_C0__low
002223,train,1242,375,9,7,2,7,0,0,True,False,False,False,False,V1_P0_C0,high,V1_P0_C0__high
002224,train,1242,375,4,3,1,3,0,0,True,False,False,False,False,V1_P0_C0,low,V1_P0_C0__low
002225,train,1242,375,11,9,2,9,0,0,True,False,False,False,False,V1_P0_C0,high,V1_P0_C0__high
002226,val,1224,370,1,1,0,0,1,0,False,True,False,False,False,V0_P1_C0,low,V0_P1_C0__low
002227,train,1242,375,10,6,4,4,0,2,True,False,True,False,False,V1_P0_C1,medium,V1_P0_C1__medium
002228,train,1242,375,8,6,2,6,0,0,True,False,False,False,False,V1_P0_C0,medium,V1_P0_C0__medium
002229,train,1242,375,7,5,2,5,0,0,True,False,False,False,False,V1_P0_C0,medium,V1_P0_C0__medium
002230,train,1242,375,12,10,2,10,0,0,True,False,False,False,False,V1_P0_C0,high,V1_P0_C0__high
002231,train,1242,375,3,1,2,1,0,0,True,False,False,False,False,V1_P0_C0,low,V1_P0_C0__low
002232,train,1242,375,8,6,2,5,0,1,True,False,True,False,False,V1_P0_C1,medium,V1_P0_C1__medium
002233,train,1242,375,6,5,1,4,0,1,True,False,True,False,False,V1_P0_C1,medium,V1_P0_C1__medium
002234,train,1242,375,8,7,1,7,0,0,True,False,False,False,False,V1_P0_C0,high,V1_P0_C0__high
002235,train,1242,375,5,2,3,2,0,0,True,False,False,False,False,V1_P0_C0,low,V1_P0_C0__low
002236,train,1242,375,3,3,0,3,0,0,True,False,False,False,False,V1_P0_C0,low,V1_P0_C0__low
002237,train,1242,375,6,5,1,5,0,0,True,False,False,False,False,V1_P0_C0,medium,V1_P0_C0__medium
002238,val,1242,375,2,1,1,1,0,0,True,False,False,False,False,V1_P0_C0,low,V1_P0_C0__low
002239,train,1242,375,6,4,2,4,0,0,True,False,False,False,False,V1_P0_C0,medium,V1_P0_C0__medium
002240,train,1242,375,7,3,4,3,0,0,True,False,False,False,False,V1_P0_C0,low,V1_P0_C0__low
002241,train,1242,375,9,6,3,6,0,0,True,False,False,False,False,V1_P0_C0,medium,V1_P0_C0__medium
002242,train,1242,375,1,1,0,1,0,0,True,False,False,False,False,V1_P0_C0,low,V1_P0_C0__low
002243,train,1238,374,7,3,4,1,2,0,True,True,False,False,False,V1_P1_C0,low,V1_P1_C0__low
002244,train,1242,375,1,1,0,1,0,0,True,False,False,False,False,V1_P0_C0,low,V1_P0_C0__low
002245,val,1224,370,12,5,7,2,2,1,True,True,True,False,False,V1_P1_C1,medium,V1_P1_C1__medium
002246,val,1242,375,4,3,1,3,0,0,True,False,False,False,False,V1_P0_C0,low,V1_P0_C0__low
002247,train,1224,370,1,1,0,0,1,0,False,True,False,False,False,V0_P1_C0,low,V0_P1_C0__low
002248,train,1242,375,7,3,4,3,0,0,True,False,False,False,False,V1_P0_C0,low,V1_P0_C0__low
002249,train,1224,370,1,1,0,0,1,0,False,True,False,False,False,V0_P1_C0,low,V0_P1_C0__low
002250,val,1242,375,5,4,1,4,0,0,True,False,False,False,False,V1_P0_C0,medium,V1_P0_C0__medium
002251,val,1242,375,1,1,0,1,0,0,True,False,False,False,False,V1_P0_C0,low,V1_P0_C0__low
002252,train,1242,375,2,1,1,1,0,0,True,False,False,False,False,V1_P0_C0,low,V1_P0_C0__low
002253,train,1242,375,10,7,3,7,0,0,True,False,False,False,False,V1_P0_C0,high,V1_P0_C0__high
002254,train,1242,375,14,13,1,12,0,1,True,False,True,False,False,V1_P0_C1,high,V1_P0_C1__high
002255,train,1242,375,5,4,1,4,0,0,True,False,False,False,False,V1_P0_C0,medium,V1_P0_C0__medium
002256,val,1242,375,5,5,0,5,0,0,True,False,False,False,False,V1_P0_C0,medium,V1_P0_C0__medium
002257,train,1242,375,17,16,1,15,0,1,True,False,True,False,False,V1_P0_C1,high,V1_P0_C1__high
002258,train,1242,375,7,4,3,4,0,0,True,False,False,False,False,V1_P0_C0,medium,V1_P0_C0__medium
002259,train,1242,375,7,3,4,3,0,0,True,False,False,False,False,V1_P0_C0,low,V1_P0_C0__low
002260,train,1241,376,7,5,2,5,0,0,True,False,False,False,False,V1_P0_C0,medium,V1_P0_C0__medium
002261,train,1242,375,4,1,3,1,0,0,True,False,False,False,False,V1_P0_C0,low,V1_P0_C0__low
002262,train,1241,376,10,9,1,9,0,0,True,False,False,False,False,V1_P0_C0,high,V1_P0_C0__high
002263,train,1242,375,13,9,4,9,0,0,True,False,False,False,False,V1_P0_C0,high,V1_P0_C0__high
002264,train,1242,375,9,3,6,2,0,1,True,False,True,False,False,V1_P0_C1,low,V1_P0_C1__low
002265,train,1242,375,4,2,2,2,0,0,True,False,False,False,False,V1_P0_C0,low,V1_P0_C0__low
002266,train,1242,375,10,7,3,3,3,1,True,True,True,False,False,V1_P1_C1,high,V1_P1_C1__high
002267,train,1224,370,1,1,0,0,1,0,False,True,False,False,False,V0_P1_C0,low,V0_P1_C0__low
002268,train,1242,375,11,6,5,6,0,0,True,False,False,False,False,V1_P0_C0,medium,V1_P0_C0__medium
002269,train,1242,375,4,3,1,2,0,1,True,False,True,False,False,V1_P0_C1,low,V1_P0_C1__low
002270,train,1224,370,7,6,1,6,0,0,True,False,False,False,False,V1_P0_C0,medium,V1_P0_C0__medium
002271,train,1224,370,1,1,0,0,1,0,False,True,False,False,False,V0_P1_C0,low,V0_P1_C0__low
002272,train,1242,375,9,7,2,7,0,0,True,False,False,False,False,V1_P0_C0,high,V1_P0_C0__high
002273,train,1242,375,7,1,6,1,0,0,True,False,False,False,False,V1_P0_C0,low,V1_P0_C0__low
002274,train,1238,374,6,5,1,5,0,0,True,False,False,False,False,V1_P0_C0,medium,V1_P0_C0__medium
002275,train,1242,375,11,10,1,9,0,1,True,False,True,False,False,V1_P0_C1,high,V1_P0_C1__high
002276,train,1242,375,4,3,1,3,0,0,True,False,False,False,False,V1_P0_C0,low,V1_P0_C0__low
002277,train,1242,375,6,4,2,4,0,0,True,False,False,False,False,V1_P0_C0,medium,V1_P0_C0__medium
002278,val,1242,375,4,2,2,2,0,0,True,False,False,False,False,V1_P0_C0,low,V1_P0_C0__low
002279,train,1242,375,8,3,5,0,1,2,False,True,True,False,False,V0_P1_C1,low,V0_P1_C1__low
002280,train,1242,375,7,3,4,3,0,0,True,False,False,False,False,V1_P0_C0,low,V1_P0_C0__low
002281,val,1242,375,17,15,2,15,0,0,True,False,False,False,False,V1_P0_C0,high,V1_P0_C0__high
002282,train,1238,374,11,9,2,0,8,1,False,True,True,False,False,V0_P1_C1,high,V0_P1_C1__high
002283,train,1242,375,10,3,7,1,1,1,True,True,True,False,False,V1_P1_C1,low,V1_P1_C1__low
002284,train,1242,375,6,2,4,2,0,0,True,False,False,False,False,V1_P0_C0,low,V1_P0_C0__low
002285,val,1242,375,9,8,1,5,2,1,True,True,True,False,False,V1_P1_C1,high,V1_P1_C1__high
002286,train,1242,375,7,3,4,3,0,0,True,False,False,False,False,V1_P0_C0,low,V1_P0_C0__low
002287,train,1224,370,1,1,0,0,1,0,False,True,False,False,False,V0_P1_C0,low,V0_P1_C0__low
002288,train,1242,375,10,6,4,3,0,3,True,False,True,False,False,V1_P0_C1,medium,V1_P0_C1__medium
002289,train,1224,370,11,8,3,0,5,3,False,True,True,False,False,V0_P1_C1,high,V0_P1_C1__high
002290,train,1241,376,9,8,1,8,0,0,True,False,False,False,False,V1_P0_C0,high,V1_P0_C0__high
002291,val,1241,376,3,3,0,3,0,0,True,False,False,False,False,V1_P0_C0,low,V1_P0_C0__low
002292,val,1242,375,9,4,5,4,0,0,True,False,False,False,False,V1_P0_C0,medium,V1_P0_C0__medium
002293,train,1241,376,12,9,3,9,0,0,True,False,False,False,False,V1_P0_C0,high,V1_P0_C0__high
002294,train,1242,375,7,6,1,4,2,0,True,True,False,False,False,V1_P1_C0,medium,V1_P1_C0__medium
002295,train,1241,376,15,13,2,13,0,0,True,False,False,False,False,V1_P0_C0,high,V1_P0_C0__high
002296,train,1242,375,7,3,4,2,0,1,True,False,True,False,False,V1_P0_C1,low,V1_P0_C1__low
002297,val,1242,375,6,3,3,3,0,0,True,False,False,False,False,V1_P0_C0,low,V1_P0_C0__low
002298,train,1242,375,6,2,4,2,0,0,True,False,False,False,False,V1_P0_C0,low,V1_P0_C0__low
002299,train,1224,370,1,1,0,0,1,0,False,True,False,False,False,V0_P1_C0,low,V0_P1_C0__low
002300,train,1242,375,5,4,1,4,0,0,True,False,False,False,False,V1_P0_C0,medium,V1_P0_C0__medium
002301,val,1242,375,6,5,1,4,1,0,True,True,False,False,False,V1_P1_C0,medium,V1_P1_C0__medium
002302,train,1242,375,6,5,1,5,0,0,True,False,False,False,False,V1_P0_C0,medium,V1_P0_C0__medium
002303,val,1242,375,10,8,2,8,0,0,True,False,False,False,False,V1_P0_C0,high,V1_P0_C0__high
002304,val,1242,375,6,2,4,2,0,0,True,False,False,False,False,V1_P0_C0,low,V1_P0_C0__low
002305,val,1242,375,11,8,3,8,0,0,True,False,False,False,False,V1_P0_C0,high,V1_P0_C0__high
002306,train,1242,375,7,5,2,5,0,0,True,False,False,False,False,V1_P0_C0,medium,V1_P0_C0__medium
002307,train,1242,375,9,4,5,3,1,0,True,True,False,False,False,V1_P1_C0,medium,V1_P1_C0__medium
002308,train,1242,375,11,7,4,6,1,0,True,True,False,False,False,V1_P1_C0,high,V1_P1_C0__high
002309,train,1242,375,6,2,4,1,1,0,True,True,False,False,False,V1_P1_C0,low,V1_P1_C0__low
002310,train,1224,370,1,1,0,0,1,0,False,True,False,False,False,V0_P1_C0,low,V0_P1_C0__low
002311,val,1242,375,8,6,2,6,0,0,True,False,False,False,False,V1_P0_C0,medium,V1_P0_C0__medium
002312,val,1242,375,4,3,1,3,0,0,True,False,False,False,False,V1_P0_C0,low,V1_P0_C0__low
002313,train,1242,375,11,6,5,6,0,0,True,False,False,False,False,V1_P0_C0,medium,V1_P0_C0__medium
002314,train,1241,376,12,10,2,10,0,0,True,False,False,False,False,V1_P0_C0,high,V1_P0_C0__high
002315,train,1238,374,13,12,1,1,11,0,True,True,False,False,False,V1_P1_C0,high,V1_P1_C0__high
002316,train,1242,375,3,1,2,1,0,0,True,False,False,False,False,V1_P0_C0,low,V1_P0_C0__low
002317,val,1242,375,19,17,2,16,1,0,True,True,False,False,False,V1_P1_C0,high,V1_P1_C0__high
002318,train,1242,375,14,13,1,13,0,0,True,False,False,False,False,V1_P0_C0,high,V1_P0_C0__high
002319,train,1242,375,4,3,1,3,0,0,True,False,False,False,False,V1_P0_C0,low,V1_P0_C0__low
002320,train,1242,375,3,2,1,1,0,1,True,False,True,False,False,V1_P0_C1,low,V1_P0_C1__low
002321,train,1242,375,6,1,5,1,0,0,True,False,False,False,False,V1_P0_C0,low,V1_P0_C0__low
002322,train,1242,375,17,11,6,9,1,1,True,True,True,False,False,V1_P1_C1,high,V1_P1_C1__high
002323,train,1242,375,6,1,5,1,0,0,True,False,False,False,False,V1_P0_C0,low,V1_P0_C0__low
002324,train,1224,370,1,1,0,0,1,0,False,True,False,False,False,V0_P1_C0,low,V0_P1_C0__low
002325,val,1242,375,4,2,2,2,0,0,True,False,False,False,False,V1_P0_C0,low,V1_P0_C0__low
002326,val,1242,375,10,6,4,6,0,0,True,False,False,False,False,V1_P0_C0,medium,V1_P0_C0__medium
002327,train,1224,370,5,4,1,1,3,0,True,True,False,False,False,V1_P1_C0,medium,V1_P1_C0__medium
002328,train,1242,375,8,6,2,6,0,0,True,False,False,False,False,V1_P0_C0,medium,V1_P0_C0__medium
002329,train,1242,375,3,1,2,1,0,0,True,False,False,False,False,V1_P0_C0,low,V1_P0_C0__low
002330,train,1242,375,5,2,3,2,0,0,True,False,False,False,False,V1_P0_C0,low,V1_P0_C0__low
002331,train,1242,375,15,7,8,7,0,0,True,False,False,False,False,V1_P0_C0,high,V1_P0_C0__high
002332,train,1242,375,10,7,3,7,0,0,True,False,False,False,False,V1_P0_C0,high,V1_P0_C0__high
002333,train,1242,375,12,11,1,11,0,0,True,False,False,False,False,V1_P0_C0,high,V1_P0_C0__high
002334,val,1224,370,1,1,0,0,1,0,False,True,False,False,False,V0_P1_C0,low,V0_P1_C0__low
002335,train,1242,375,8,4,4,4,0,0,True,False,False,False,False,V1_P0_C0,medium,V1_P0_C0__medium
002336,val,1242,375,5,3,2,3,0,0,True,False,False,False,False,V1_P0_C0,low,V1_P0_C0__low
002337,train,1242,375,4,2,2,2,0,0,True,False,False,False,False,V1_P0_C0,low,V1_P0_C0__low
002338,train,1242,375,9,7,2,7,0,0,True,False,False,False,False,V1_P0_C0,high,V1_P0_C0__high
002339,train,1242,375,13,12,1,7,3,2,True,True,True,False,False,V1_P1_C1,high,V1_P1_C1__high
002340,train,1242,375,10,9,1,9,0,0,True,False,False,False,False,V1_P0_C0,high,V1_P0_C0__high
002341,train,1241,376,12,10,2,10,0,0,True,False,False,False,False,V1_P0_C0,high,V1_P0_C0__high
002342,train,1224,370,2,2,0,1,1,0,True,True,False,False,False,V1_P1_C0,low,V1_P1_C0__low
002343,train,1242,375,2,1,1,1,0,0,True,False,False,False,False,V1_P0_C0,low,V1_P0_C0__low
002344,train,1242,375,13,8,5,8,0,0,True,False,False,False,False,V1_P0_C0,high,V1_P0_C0__high
002345,train,1242,375,11,8,3,7,1,0,True,True,False,False,False,V1_P1_C0,high,V1_P1_C0__high
002346,train,1242,375,6,4,2,4,0,0,True,False,False,False,False,V1_P0_C0,medium,V1_P0_C0__medium
002347,train,1241,376,3,3,0,3,0,0,True,False,False,False,False,V1_P0_C0,low,V1_P0_C0__low
002348,train,1238,374,4,2,2,1,1,0,True,True,False,False,False,V1_P1_C0,low,V1_P1_C0__low
002349,train,1242,375,16,13,3,13,0,0,True,False,False,False,False,V1_P0_C0,high,V1_P0_C0__high
002350,val,1242,375,5,4,1,4,0,0,True,False,False,False,False,V1_P0_C0,medium,V1_P0_C0__medium
002351,val,1242,375,7,2,5,0,2,0,False,True,False,False,False,V0_P1_C0,low,V0_P1_C0__low
002352,train,1242,375,9,4,5,4,0,0,True,False,False,False,False,V1_P0_C0,medium,V1_P0_C0__medium
002353,train,1242,375,5,3,2,3,0,0,True,False,False,False,False,V1_P0_C0,low,V1_P0_C0__low
002354,val,1242,375,5,1,4,1,0,0,True,False,False,False,False,V1_P0_C0,low,V1_P0_C0__low
002355,train,1242,375,5,2,3,2,0,0,True,False,False,False,False,V1_P0_C0,low,V1_P0_C0__low
002356,train,1242,375,6,3,3,3,0,0,True,False,False,False,False,V1_P0_C0,low,V1_P0_C0__low
002357,train,1242,375,13,12,1,11,0,1,True,False,True,False,False,V1_P0_C1,high,V1_P0_C1__high
002358,train,1242,375,7,2,5,2,0,0,True,False,False,False,False,V1_P0_C0,low,V1_P0_C0__low
002359,train,1242,375,5,4,1,4,0,0,True,False,False,False,False,V1_P0_C0,medium,V1_P0_C0__medium
002360,train,1224,370,1,1,0,0,1,0,False,True,False,False,False,V0_P1_C0,low,V0_P1_C0__low
002361,train,1242,375,6,4,2,4,0,0,True,False,False,False,False,V1_P0_C0,medium,V1_P0_C0__medium
002362,train,1238,374,12,9,3,1,5,3,True,True,True,False,False,V1_P1_C1,high,V1_P1_C1__high
002363,val,1242,375,2,1,1,1,0,0,True,False,False,False,False,V1_P0_C0,low,V1_P0_C0__low
002364,train,1242,375,7,4,3,4,0,0,True,False,False,False,False,V1_P0_C0,medium,V1_P0_C0__medium
002365,train,1242,375,3,2,1,2,0,0,True,False,False,False,False,V1_P0_C0,low,V1_P0_C0__low
002366,train,1242,375,7,6,1,6,0,0,True,False,False,False,False,V1_P0_C0,medium,V1_P0_C0__medium
002367,train,1242,375,13,9,4,8,0,1,True,False,True,False,False,V1_P0_C1,high,V1_P0_C1__high
002368,train,1242,375,3,3,0,3,0,0,True,False,False,False,False,V1_P0_C0,low,V1_P0_C0__low
002369,train,1238,374,8,3,5,0,3,0,False,True,False,False,False,V0_P1_C0,low,V0_P1_C0__low
002370,train,1242,375,5,2,3,2,0,0,True,False,False,False,False,V1_P0_C0,low,V1_P0_C0__low
002371,train,1242,375,12,6,6,6,0,0,True,False,False,False,False,V1_P0_C0,medium,V1_P0_C0__medium
002372,val,1242,375,7,5,2,5,0,0,True,False,False,False,False,V1_P0_C0,medium,V1_P0_C0__medium
002373,val,1242,375,5,4,1,4,0,0,True,False,False,False,False,V1_P0_C0,medium,V1_P0_C0__medium
002374,train,1242,375,2,2,0,2,0,0,True,False,False,False,False,V1_P0_C0,low,V1_P0_C0__low
002375,train,1242,375,15,14,1,13,1,0,True,True,False,False,False,V1_P1_C0,high,V1_P1_C0__high
002376,train,1242,375,6,4,2,4,0,0,True,False,False,False,False,V1_P0_C0,medium,V1_P0_C0__medium
002377,train,1242,375,7,4,3,4,0,0,True,False,False,False,False,V1_P0_C0,medium,V1_P0_C0__medium
002378,val,1242,375,11,9,2,9,0,0,True,False,False,False,False,V1_P0_C0,high,V1_P0_C0__high
002379,train,1242,375,10,6,4,0,4,2,False,True,True,False,False,V0_P1_C1,medium,V0_P1_C1__medium
002380,train,1242,375,12,10,2,10,0,0,True,False,False,False,False,V1_P0_C0,high,V1_P0_C0__high
002381,train,1242,375,9,5,4,5,0,0,True,False,False,False,False,V1_P0_C0,medium,V1_P0_C0__medium
002382,train,1242,375,4,4,0,4,0,0,True,False,False,False,False,V1_P0_C0,medium,V1_P0_C0__medium
002383,train,1242,375,6,5,1,5,0,0,True,False,False,False,False,V1_P0_C0,medium,V1_P0_C0__medium
002384,val,1242,375,8,6,2,5,1,0,True,True,False,False,False,V1_P1_C0,medium,V1_P1_C0__medium
002385,train,1242,375,12,10,2,10,0,0,True,False,False,False,False,V1_P0_C0,high,V1_P0_C0__high
002386,train,1238,374,11,8,3,0,7,1,False,True,True,False,False,V0_P1_C1,high,V0_P1_C1__high
002387,train,1241,376,7,6,1,6,0,0,True,False,False,False,False,V1_P0_C0,medium,V1_P0_C0__medium
002388,val,1242,375,9,8,1,7,0,1,True,False,True,False,False,V1_P0_C1,high,V1_P0_C1__high
002389,train,1242,375,12,9,3,9,0,0,True,False,False,False,False,V1_P0_C0,high,V1_P0_C0__high
002390,val,1242,375,9,2,7,2,0,0,True,False,False,False,False,V1_P0_C0,low,V1_P0_C0__low
002391,train,1242,375,6,2,4,1,0,1,True,False,True,False,False,V1_P0_C1,low,V1_P0_C1__low
002392,val,1242,375,9,8,1,8,0,0,True,False,False,False,False,V1_P0_C0,high,V1_P0_C0__high
002393,val,1238,374,10,8,2,1,7,0,True,True,False,False,False,V1_P1_C0,high,V1_P1_C0__high
002394,val,1242,375,7,4,3,4,0,0,True,False,False,False,False,V1_P0_C0,medium,V1_P0_C0__medium
002395,train,1242,375,11,9,2,9,0,0,True,False,False,False,False,V1_P0_C0,high,V1_P0_C0__high
002396,val,1242,375,2,1,1,1,0,0,True,False,False,False,False,V1_P0_C0,low,V1_P0_C0__low
002397,train,1241,376,7,5,2,5,0,0,True,False,False,False,False,V1_P0_C0,medium,V1_P0_C0__medium
002398,train,1242,375,11,8,3,8,0,0,True,False,False,False,False,V1_P0_C0,high,V1_P0_C0__high
002399,train,1242,375,17,14,3,13,0,1,True,False,True,False,False,V1_P0_C1,high,V1_P0_C1__high
002400,train,1242,375,10,6,4,3,0,3,True,False,True,False,False,V1_P0_C1,medium,V1_P0_C1__medium
002401,train,1242,375,2,2,0,2,0,0,True,False,False,False,False,V1_P0_C0,low,V1_P0_C0__low
002402,train,1224,370,2,2,0,0,2,0,False,True,False,False,False,V0_P1_C0,low,V0_P1_C0__low
002403,train,1224,370,2,2,0,1,1,0,True,True,False,False,False,V1_P1_C0,low,V1_P1_C0__low
002404,val,1242,375,10,9,1,6,0,3,True,False,True,False,False,V1_P0_C1,high,V1_P0_C1__high
002405,train,1242,375,12,10,2,7,3,0,True,True,False,False,False,V1_P1_C0,high,V1_P1_C0__high
002406,train,1224,370,7,5,2,5,0,0,True,False,False,False,False,V1_P0_C0,medium,V1_P0_C0__medium
002407,train,1242,375,9,9,0,9,0,0,True,False,False,False,False,V1_P0_C0,high,V1_P0_C0__high
002408,train,1224,370,1,1,0,0,1,0,False,True,False,False,False,V0_P1_C0,low,V0_P1_C0__low
002409,train,1242,375,13,12,1,12,0,0,True,False,False,False,False,V1_P0_C0,high,V1_P0_C0__high
002410,train,1224,370,4,4,0,0,4,0,False,True,False,False,False,V0_P1_C0,medium,V0_P1_C0__medium
002411,train,1242,375,2,1,1,1,0,0,True,False,False,False,False,V1_P0_C0,low,V1_P0_C0__low
002412,train,1242,375,4,4,0,4,0,0,True,False,False,False,False,V1_P0_C0,medium,V1_P0_C0__medium
002413,train,1242,375,12,10,2,10,0,0,True,False,False,False,False,V1_P0_C0,high,V1_P0_C0__high
002414,train,1242,375,13,11,2,11,0,0,True,False,False,False,False,V1_P0_C0,high,V1_P0_C0__high
002415,val,1242,375,6,6,0,6,0,0,True,False,False,False,False,V1_P0_C0,medium,V1_P0_C0__medium
002416,train,1242,375,10,9,1,8,0,1,True,False,True,False,False,V1_P0_C1,high,V1_P0_C1__high
002417,train,1242,375,1,1,0,1,0,0,True,False,False,False,False,V1_P0_C0,low,V1_P0_C0__low
002418,train,1242,375,9,6,3,3,0,3,True,False,True,False,False,V1_P0_C1,medium,V1_P0_C1__medium
002419,train,1242,375,10,9,1,9,0,0,True,False,False,False,False,V1_P0_C0,high,V1_P0_C0__high
002420,train,1242,375,5,4,1,3,1,0,True,True,False,False,False,V1_P1_C0,medium,V1_P1_C0__medium
002421,train,1242,375,4,3,1,3,0,0,True,False,False,False,False,V1_P0_C0,low,V1_P0_C0__low
002422,train,1242,375,7,7,0,6,0,1,True,False,True,False,False,V1_P0_C1,high,V1_P0_C1__high
002423,train,1242,375,6,5,1,5,0,0,True,False,False,False,False,V1_P0_C0,medium,V1_P0_C0__medium
002424,val,1224,370,3,3,0,0,2,1,False,True,True,False,False,V0_P1_C1,low,V0_P1_C1__low
002425,train,1242,375,5,1,4,1,0,0,True,False,False,False,False,V1_P0_C0,low,V1_P0_C0__low
002426,train,1242,375,3,1,2,1,0,0,True,False,False,False,False,V1_P0_C0,low,V1_P0_C0__low
002427,train,1242,375,8,6,2,6,0,0,True,False,False,False,False,V1_P0_C0,medium,V1_P0_C0__medium
002428,train,1242,375,5,3,2,3,0,0,True,False,False,False,False,V1_P0_C0,low,V1_P0_C0__low
002429,train,1242,375,1,1,0,1,0,0,True,False,False,False,False,V1_P0_C0,low,V1_P0_C0__low
002430,train,1242,375,2,1,1,1,0,0,True,False,False,False,False,V1_P0_C0,low,V1_P0_C0__low
002431,train,1242,375,2,1,1,1,0,0,True,False,False,False,False,V1_P0_C0,low,V1_P0_C0__low
002432,train,1242,375,6,3,3,3,0,0,True,False,False,False,False,V1_P0_C0,low,V1_P0_C0__low
002433,train,1242,375,10,7,3,7,0,0,True,False,False,False,False,V1_P0_C0,high,V1_P0_C0__high
002434,val,1242,375,4,2,2,2,0,0,True,False,False,False,False,V1_P0_C0,low,V1_P0_C0__low
002435,train,1242,375,13,11,2,10,1,0,True,True,False,False,False,V1_P1_C0,high,V1_P1_C0__high
002436,train,1242,375,7,4,3,4,0,0,True,False,False,False,False,V1_P0_C0,medium,V1_P0_C0__medium
002437,val,1238,374,5,5,0,5,0,0,True,False,False,False,False,V1_P0_C0,medium,V1_P0_C0__medium
002438,train,1242,375,4,2,2,2,0,0,True,False,False,False,False,V1_P0_C0,low,V1_P0_C0__low
002439,val,1242,375,5,4,1,4,0,0,True,False,False,False,False,V1_P0_C0,medium,V1_P0_C0__medium
002440,train,1238,374,12,11,1,0,10,1,False,True,True,False,False,V0_P1_C1,high,V0_P1_C1__high
002441,train,1242,375,15,13,2,13,0,0,True,False,False,False,False,V1_P0_C0,high,V1_P0_C0__high
002442,train,1242,375,4,3,1,3,0,0,True,False,False,False,False,V1_P0_C0,low,V1_P0_C0__low
002443,train,1242,375,8,5,3,5,0,0,True,False,False,False,False,V1_P0_C0,medium,V1_P0_C0__medium
002444,val,1242,375,10,9,1,8,0,1,True,False,True,False,False,V1_P0_C1,high,V1_P0_C1__high
002445,train,1242,375,3,3,0,3,0,0,True,False,False,False,False,V1_P0_C0,low,V1_P0_C0__low
002446,train,1242,375,10,7,3,7,0,0,True,False,False,False,False,V1_P0_C0,high,V1_P0_C0__high
002447,val,1242,375,2,1,1,1,0,0,True,False,False,False,False,V1_P0_C0,low,V1_P0_C0__low
002448,train,1242,375,7,5,2,5,0,0,True,False,False,False,False,V1_P0_C0,medium,V1_P0_C0__medium
002449,train,1242,375,15,13,2,13,0,0,True,False,False,False,False,V1_P0_C0,high,V1_P0_C0__high
002450,train,1242,375,12,11,1,11,0,0,True,False,False,False,False,V1_P0_C0,high,V1_P0_C0__high
002451,train,1242,375,4,3,1,3,0,0,True,False,False,False,False,V1_P0_C0,low,V1_P0_C0__low
002452,train,1242,375,16,15,1,15,0,0,True,False,False,False,False,V1_P0_C0,high,V1_P0_C0__high
002453,train,1242,375,4,1,3,1,0,0,True,False,False,False,False,V1_P0_C0,low,V1_P0_C0__low
002454,train,1242,375,13,9,4,9,0,0,True,False,False,False,False,V1_P0_C0,high,V1_P0_C0__high
002455,train,1242,375,9,8,1,8,0,0,True,False,False,False,False,V1_P0_C0,high,V1_P0_C0__high
002456,val,1224,370,1,1,0,0,1,0,False,True,False,False,False,V0_P1_C0,low,V0_P1_C0__low
002457,train,1242,375,2,1,1,0,1,0,False,True,False,False,False,V0_P1_C0,low,V0_P1_C0__low
002458,train,1242,375,4,3,1,3,0,0,True,False,False,False,False,V1_P0_C0,low,V1_P0_C0__low
002459,train,1242,375,17,15,2,15,0,0,True,False,False,False,False,V1_P0_C0,high,V1_P0_C0__high
002460,train,1242,375,5,4,1,3,1,0,True,True,False,False,False,V1_P1_C0,medium,V1_P1_C0__medium
002461,train,1241,376,9,7,2,7,0,0,True,False,False,False,False,V1_P0_C0,high,V1_P0_C0__high
002462,val,1242,375,7,6,1,6,0,0,True,False,False,False,False,V1_P0_C0,medium,V1_P0_C0__medium
002463,val,1242,375,3,1,2,1,0,0,True,False,False,False,False,V1_P0_C0,low,V1_P0_C0__low
002464,train,1242,375,5,1,4,1,0,0,True,False,False,False,False,V1_P0_C0,low,V1_P0_C0__low
002465,train,1242,375,14,13,1,8,3,2,True,True,True,False,False,V1_P1_C1,high,V1_P1_C1__high
002466,train,1242,375,7,2,5,2,0,0,True,False,False,False,False,V1_P0_C0,low,V1_P0_C0__low
002467,val,1242,375,2,1,1,1,0,0,True,False,False,False,False,V1_P0_C0,low,V1_P0_C0__low
002468,train,1242,375,12,9,3,9,0,0,True,False,False,False,False,V1_P0_C0,high,V1_P0_C0__high
002469,train,1242,375,1,1,0,1,0,0,True,False,False,False,False,V1_P0_C0,low,V1_P0_C0__low
002470,val,1242,375,5,4,1,4,0,0,True,False,False,False,False,V1_P0_C0,medium,V1_P0_C0__medium
002471,train,1242,375,18,16,2,13,3,0,True,True,False,False,False,V1_P1_C0,high,V1_P1_C0__high
002472,train,1242,375,6,4,2,4,0,0,True,False,False,False,False,V1_P0_C0,medium,V1_P0_C0__medium
002473,train,1242,375,10,7,3,7,0,0,True,False,False,False,False,V1_P0_C0,high,V1_P0_C0__high
002474,val,1242,375,12,8,4,8,0,0,True,False,False,False,False,V1_P0_C0,high,V1_P0_C0__high
002475,train,1242,375,2,1,1,1,0,0,True,False,False,False,False,V1_P0_C0,low,V1_P0_C0__low
002476,train,1242,375,12,11,1,7,2,2,True,True,True,False,False,V1_P1_C1,high,V1_P1_C1__high
002477,train,1238,374,15,13,2,3,10,0,True,True,False,False,False,V1_P1_C0,high,V1_P1_C0__high
002478,train,1224,370,1,1,0,0,1,0,False,True,False,False,False,V0_P1_C0,low,V0_P1_C0__low
002479,train,1242,375,8,6,2,6,0,0,True,False,False,False,False,V1_P0_C0,medium,V1_P0_C0__medium
002480,train,1242,375,5,3,2,1,1,1,True,True,True,False,False,V1_P1_C1,low,V1_P1_C1__low
002481,train,1242,375,9,6,3,6,0,0,True,False,False,False,False,V1_P0_C0,medium,V1_P0_C0__medium
002482,train,1242,375,2,1,1,1,0,0,True,False,False,False,False,V1_P0_C0,low,V1_P0_C0__low
002483,train,1242,375,5,4,1,4,0,0,True,False,False,False,False,V1_P0_C0,medium,V1_P0_C0__medium
002484,train,1238,374,7,7,0,7,0,0,True,False,False,False,False,V1_P0_C0,high,V1_P0_C0__high
002485,val,1224,370,1,1,0,0,1,0,False,True,False,False,False,V0_P1_C0,low,V0_P1_C0__low
002486,train,1241,376,10,9,1,9,0,0,True,False,False,False,False,V1_P0_C0,high,V1_P0_C0__high
002487,train,1224,370,22,19,3,4,13,2,True,True,True,False,False,V1_P1_C1,high,V1_P1_C1__high
002488,train,1242,375,5,4,1,2,1,1,True,True,True,False,False,V1_P1_C1,medium,V1_P1_C1__medium
002489,train,1242,375,6,5,1,5,0,0,True,False,False,False,False,V1_P0_C0,medium,V1_P0_C0__medium
002490,train,1242,375,10,9,1,9,0,0,True,False,False,False,False,V1_P0_C0,high,V1_P0_C0__high
002491,val,1242,375,2,2,0,2,0,0,True,False,False,False,False,V1_P0_C0,low,V1_P0_C0__low
002492,train,1241,376,5,3,2,3,0,0,True,False,False,False,False,V1_P0_C0,low,V1_P0_C0__low
002493,train,1224,370,1,1,0,0,1,0,False,True,False,False,False,V0_P1_C0,low,V0_P1_C0__low
002494,val,1242,375,9,5,4,2,0,3,True,False,True,False,False,V1_P0_C1,medium,V1_P0_C1__medium
002495,train,1242,375,10,7,3,7,0,0,True,False,False,False,False,V1_P0_C0,high,V1_P0_C0__high
002496,train,1242,375,10,5,5,0,5,0,False,True,False,False,False,V0_P1_C0,medium,V0_P1_C0__medium
002497,train,1242,375,9,7,2,4,0,3,True,False,True,False,False,V1_P0_C1,high,V1_P0_C1__high
002498,train,1242,375,2,1,1,1,0,0,True,False,False,False,False,V1_P0_C0,low,V1_P0_C0__low
002499,train,1242,375,3,2,1,2,0,0,True,False,False,False,False,V1_P0_C0,low,V1_P0_C0__low
002500,train,1242,375,1,1,0,1,0,0,True,False,False,False,False,V1_P0_C0,low,V1_P0_C0__low
002501,train,1242,375,10,8,2,5,2,1,True,True,True,False,False,V1_P1_C1,high,V1_P1_C1__high
002502,train,1238,374,3,2,1,1,1,0,True,True,False,False,False,V1_P1_C0,low,V1_P1_C0__low
002503,train,1242,375,9,8,1,8,0,0,True,False,False,False,False,V1_P0_C0,high,V1_P0_C0__high
002504,val,1242,375,3,1,2,1,0,0,True,False,False,False,False,V1_P0_C0,low,V1_P0_C0__low
002505,train,1242,375,6,6,0,5,1,0,True,True,False,False,False,V1_P1_C0,medium,V1_P1_C0__medium
002506,train,1242,375,2,2,0,2,0,0,True,False,False,False,False,V1_P0_C0,low,V1_P0_C0__low
002507,train,1224,370,1,1,0,0,1,0,False,True,False,False,False,V0_P1_C0,low,V0_P1_C0__low
002508,val,1242,375,16,15,1,13,2,0,True,True,False,False,False,V1_P1_C0,high,V1_P1_C0__high
002509,train,1242,375,5,4,1,4,0,0,True,False,False,False,False,V1_P0_C0,medium,V1_P0_C0__medium
002510,val,1242,375,15,14,1,13,1,0,True,True,False,False,False,V1_P1_C0,high,V1_P1_C0__high
002511,train,1242,375,5,3,2,3,0,0,True,False,False,False,False,V1_P0_C0,low,V1_P0_C0__low
002512,train,1242,375,3,3,0,2,0,1,True,False,True,False,False,V1_P0_C1,low,V1_P0_C1__low
002513,train,1242,375,5,3,2,3,0,0,True,False,False,False,False,V1_P0_C0,low,V1_P0_C0__low
002514,train,1242,375,4,4,0,3,0,1,True,False,True,False,False,V1_P0_C1,medium,V1_P0_C1__medium
002515,train,1242,375,2,2,0,2,0,0,True,False,False,False,False,V1_P0_C0,low,V1_P0_C0__low
002516,val,1242,375,3,3,0,3,0,0,True,False,False,False,False,V1_P0_C0,low,V1_P0_C0__low
002517,train,1242,375,14,13,1,10,1,2,True,True,True,False,False,V1_P1_C1,high,V1_P1_C1__high
002518,val,1242,375,1,1,0,1,0,0,True,False,False,False,False,V1_P0_C0,low,V1_P0_C0__low
002519,val,1241,376,7,3,4,3,0,0,True,False,False,False,False,V1_P0_C0,low,V1_P0_C0__low
002520,train,1241,376,9,8,1,8,0,0,True,False,False,False,False,V1_P0_C0,high,V1_P0_C0__high
002521,train,1242,375,5,2,3,2,0,0,True,False,False,False,False,V1_P0_C0,low,V1_P0_C0__low
002522,train,1242,375,4,2,2,2,0,0,True,False,False,False,False,V1_P0_C0,low,V1_P0_C0__low
002523,train,1242,375,6,4,2,4,0,0,True,False,False,False,False,V1_P0_C0,medium,V1_P0_C0__medium
002524,train,1224,370,4,3,1,1,2,0,True,True,False,False,False,V1_P1_C0,low,V1_P1_C0__low
002525,train,1242,375,5,3,2,3,0,0,True,False,False,False,False,V1_P0_C0,low,V1_P0_C0__low
002526,train,1238,374,10,8,2,0,6,2,False,True,True,False,False,V0_P1_C1,high,V0_P1_C1__high
002527,train,1242,375,15,15,0,15,0,0,True,False,False,False,False,V1_P0_C0,high,V1_P0_C0__high
002528,train,1242,375,2,2,0,2,0,0,True,False,False,False,False,V1_P0_C0,low,V1_P0_C0__low
002529,train,1224,370,1,1,0,0,1,0,False,True,False,False,False,V0_P1_C0,low,V0_P1_C0__low
002530,train,1242,375,3,3,0,3,0,0,True,False,False,False,False,V1_P0_C0,low,V1_P0_C0__low
002531,train,1224,370,10,6,4,2,1,3,True,True,True,False,False,V1_P1_C1,medium,V1_P1_C1__medium
002532,val,1242,375,7,4,3,4,0,0,True,False,False,False,False,V1_P0_C0,medium,V1_P0_C0__medium
002533,train,1242,375,10,7,3,7,0,0,True,False,False,False,False,V1_P0_C0,high,V1_P0_C0__high
002534,train,1242,375,4,3,1,3,0,0,True,False,False,False,False,V1_P0_C0,low,V1_P0_C0__low
002535,train,1242,375,12,11,1,10,0,1,True,False,True,False,False,V1_P0_C1,high,V1_P0_C1__high
002536,val,1242,375,10,6,4,0,4,2,False,True,True,False,False,V0_P1_C1,medium,V0_P1_C1__medium
002537,val,1242,375,5,3,2,2,1,0,True,True,False,False,False,V1_P1_C0,low,V1_P1_C0__low
002538,train,1242,375,4,2,2,1,0,1,True,False,True,False,False,V1_P0_C1,low,V1_P0_C1__low
002539,val,1242,375,4,4,0,4,0,0,True,False,False,False,False,V1_P0_C0,medium,V1_P0_C0__medium
002540,train,1241,376,12,9,3,9,0,0,True,False,False,False,False,V1_P0_C0,high,V1_P0_C0__high
002541,train,1242,375,7,6,1,5,1,0,True,True,False,False,False,V1_P1_C0,medium,V1_P1_C0__medium
002542,val,1242,375,5,5,0,5,0,0,True,False,False,False,False,V1_P0_C0,medium,V1_P0_C0__medium
002543,train,1242,375,6,5,1,5,0,0,True,False,False,False,False,V1_P0_C0,medium,V1_P0_C0__medium
002544,val,1242,375,9,5,4,5,0,0,True,False,False,False,False,V1_P0_C0,medium,V1_P0_C0__medium
002545,train,1242,375,2,2,0,2,0,0,True,False,False,False,False,V1_P0_C0,low,V1_P0_C0__low
002546,train,1242,375,11,8,3,6,2,0,True,True,False,False,False,V1_P1_C0,high,V1_P1_C0__high
002547,train,1242,375,11,6,5,6,0,0,True,False,False,False,False,V1_P0_C0,medium,V1_P0_C0__medium
002548,train,1238,374,10,7,3,0,7,0,False,True,False,False,False,V0_P1_C0,high,V0_P1_C0__high
002549,train,1242,375,12,8,4,7,0,1,True,False,True,False,False,V1_P0_C1,high,V1_P0_C1__high
002550,train,1242,375,2,2,0,2,0,0,True,False,False,False,False,V1_P0_C0,low,V1_P0_C0__low
002551,train,1242,375,6,4,2,2,1,1,True,True,True,False,False,V1_P1_C1,medium,V1_P1_C1__medium
002552,train,1241,376,7,5,2,5,0,0,True,False,False,False,False,V1_P0_C0,medium,V1_P0_C0__medium
002553,train,1242,375,5,4,1,4,0,0,True,False,False,False,False,V1_P0_C0,medium,V1_P0_C0__medium
002554,train,1224,370,1,1,0,0,1,0,False,True,False,False,False,V0_P1_C0,low,V0_P1_C0__low
002555,val,1242,375,6,5,1,5,0,0,True,False,False,False,False,V1_P0_C0,medium,V1_P0_C0__medium
002556,val,1242,375,7,2,5,2,0,0,True,False,False,False,False,V1_P0_C0,low,V1_P0_C0__low
002557,train,1242,375,10,5,5,0,2,3,False,True,True,False,False,V0_P1_C1,medium,V0_P1_C1__medium
002558,val,1242,375,14,11,3,11,0,0,True,False,False,False,False,V1_P0_C0,high,V1_P0_C0__high
002559,train,1242,375,9,8,1,8,0,0,True,False,False,False,False,V1_P0_C0,high,V1_P0_C0__high
002560,train,1242,375,3,3,0,1,1,1,True,True,True,False,False,V1_P1_C1,low,V1_P1_C1__low
002561,train,1242,375,7,5,2,5,0,0,True,False,False,False,False,V1_P0_C0,medium,V1_P0_C0__medium
002562,train,1242,375,2,1,1,1,0,0,True,False,False,False,False,V1_P0_C0,low,V1_P0_C0__low
002563,val,1242,375,4,3,1,3,0,0,True,False,False,False,False,V1_P0_C0,low,V1_P0_C0__low
002564,train,1242,375,4,3,1,2,1,0,True,True,False,False,False,V1_P1_C0,low,V1_P1_C0__low
002565,train,1224,370,14,12,2,3,6,3,True,True,True,False,False,V1_P1_C1,high,V1_P1_C1__high
002566,train,1238,374,5,4,1,4,0,0,True,False,False,False,False,V1_P0_C0,medium,V1_P0_C0__medium
002567,train,1242,375,8,6,2,6,0,0,True,False,False,False,False,V1_P0_C0,medium,V1_P0_C0__medium
002568,train,1242,375,6,2,4,1,1,0,True,True,False,False,False,V1_P1_C0,low,V1_P1_C0__low
002569,train,1242,375,11,8,3,7,1,0,True,True,False,False,False,V1_P1_C0,high,V1_P1_C0__high
002570,train,1242,375,5,5,0,5,0,0,True,False,False,False,False,V1_P0_C0,medium,V1_P0_C0__medium
002571,train,1242,375,11,9,2,7,1,1,True,True,True,False,False,V1_P1_C1,high,V1_P1_C1__high
002572,train,1241,376,7,6,1,6,0,0,True,False,False,False,False,V1_P0_C0,medium,V1_P0_C0__medium
002573,train,1242,375,7,6,1,6,0,0,True,False,False,False,False,V1_P0_C0,medium,V1_P0_C0__medium
002574,train,1224,370,8,3,5,2,0,1,True,False,True,False,False,V1_P0_C1,low,V1_P0_C1__low
002575,train,1242,375,8,6,2,6,0,0,True,False,False,False,False,V1_P0_C0,medium,V1_P0_C0__medium
002576,train,1242,375,5,3,2,3,0,0,True,False,False,False,False,V1_P0_C0,low,V1_P0_C0__low
002577,train,1242,375,6,3,3,3,0,0,True,False,False,False,False,V1_P0_C0,low,V1_P0_C0__low
002578,train,1242,375,4,3,1,3,0,0,True,False,False,False,False,V1_P0_C0,low,V1_P0_C0__low
002579,train,1242,375,10,7,3,7,0,0,True,False,False,False,False,V1_P0_C0,high,V1_P0_C0__high
002580,val,1242,375,8,7,1,7,0,0,True,False,False,False,False,V1_P0_C0,high,V1_P0_C0__high
002581,train,1241,376,3,3,0,3,0,0,True,False,False,False,False,V1_P0_C0,low,V1_P0_C0__low
002582,train,1242,375,2,2,0,2,0,0,True,False,False,False,False,V1_P0_C0,low,V1_P0_C0__low
002583,val,1238,374,13,10,3,1,9,0,True,True,False,False,False,V1_P1_C0,high,V1_P1_C0__high
002584,train,1241,376,6,4,2,4,0,0,True,False,False,False,False,V1_P0_C0,medium,V1_P0_C0__medium
002585,train,1242,375,3,2,1,1,0,1,True,False,True,False,False,V1_P0_C1,low,V1_P0_C1__low
002586,val,1242,375,7,5,2,4,0,1,True,False,True,False,False,V1_P0_C1,medium,V1_P0_C1__medium
002587,val,1242,375,5,3,2,3,0,0,True,False,False,False,False,V1_P0_C0,low,V1_P0_C0__low
002588,train,1242,375,14,13,1,13,0,0,True,False,False,False,False,V1_P0_C0,high,V1_P0_C0__high
002589,train,1242,375,5,1,4,1,0,0,True,False,False,False,False,V1_P0_C0,low,V1_P0_C0__low
002590,train,1242,375,2,2,0,2,0,0,True,False,False,False,False,V1_P0_C0,low,V1_P0_C0__low
002591,train,1242,375,2,2,0,2,0,0,True,False,False,False,False,V1_P0_C0,low,V1_P0_C0__low
002592,train,1238,374,7,7,0,7,0,0,True,False,False,False,False,V1_P0_C0,high,V1_P0_C0__high
002593,train,1242,375,4,1,3,1,0,0,True,False,False,False,False,V1_P0_C0,low,V1_P0_C0__low
002594,train,1242,375,9,7,2,7,0,0,True,False,False,False,False,V1_P0_C0,high,V1_P0_C0__high
002595,train,1242,375,10,9,1,5,4,0,True,True,False,False,False,V1_P1_C0,high,V1_P1_C0__high
002596,val,1242,375,8,2,6,2,0,0,True,False,False,False,False,V1_P0_C0,low,V1_P0_C0__low
002597,train,1238,374,6,6,0,6,0,0,True,False,False,False,False,V1_P0_C0,medium,V1_P0_C0__medium
002598,train,1242,375,12,7,5,6,1,0,True,True,False,False,False,V1_P1_C0,high,V1_P1_C0__high
002599,train,1241,376,8,8,0,8,0,0,True,False,False,False,False,V1_P0_C0,high,V1_P0_C0__high
002600,train,1241,376,4,3,1,3,0,0,True,False,False,False,False,V1_P0_C0,low,V1_P0_C0__low
002601,train,1242,375,13,7,6,6,1,0,True,True,False,False,False,V1_P1_C0,high,V1_P1_C0__high
002602,val,1242,375,2,1,1,1,0,0,True,False,False,False,False,V1_P0_C0,low,V1_P0_C0__low
002603,train,1242,375,5,2,3,2,0,0,True,False,False,False,False,V1_P0_C0,low,V1_P0_C0__low
002604,train,1241,376,9,7,2,7,0,0,True,False,False,False,False,V1_P0_C0,high,V1_P0_C0__high
002605,val,1224,370,7,3,4,0,3,0,False,True,False,False,False,V0_P1_C0,low,V0_P1_C0__low
002606,train,1242,375,6,5,1,5,0,0,True,False,False,False,False,V1_P0_C0,medium,V1_P0_C0__medium
002607,train,1242,375,5,2,3,2,0,0,True,False,False,False,False,V1_P0_C0,low,V1_P0_C0__low
002608,train,1242,375,2,2,0,2,0,0,True,False,False,False,False,V1_P0_C0,low,V1_P0_C0__low
002609,val,1242,375,12,9,3,1,6,2,True,True,True,False,False,V1_P1_C1,high,V1_P1_C1__high
002610,train,1242,375,2,2,0,2,0,0,True,False,False,False,False,V1_P0_C0,low,V1_P0_C0__low
002611,val,1242,375,10,6,4,6,0,0,True,False,False,False,False,V1_P0_C0,medium,V1_P0_C0__medium
002612,train,1242,375,8,7,1,6,0,1,True,False,True,False,False,V1_P0_C1,high,V1_P0_C1__high
002613,train,1238,374,8,3,5,0,3,0,False,True,False,False,False,V0_P1_C0,low,V0_P1_C0__low
002614,train,1242,375,11,3,8,3,0,0,True,False,False,False,False,V1_P0_C0,low,V1_P0_C0__low
002615,train,1242,375,21,19,2,18,0,1,True,False,True,False,False,V1_P0_C1,high,V1_P0_C1__high
002616,train,1242,375,8,5,3,0,5,0,False,True,False,False,False,V0_P1_C0,medium,V0_P1_C0__medium
002617,train,1224,370,1,1,0,0,1,0,False,True,False,False,False,V0_P1_C0,low,V0_P1_C0__low
002618,train,1224,370,1,1,0,0,1,0,False,True,False,False,False,V0_P1_C0,low,V0_P1_C0__low
002619,train,1242,375,6,1,5,1,0,0,True,False,False,False,False,V1_P0_C0,low,V1_P0_C0__low
002620,train,1242,375,3,2,1,2,0,0,True,False,False,False,False,V1_P0_C0,low,V1_P0_C0__low
002621,train,1242,375,4,3,1,3,0,0,True,False,False,False,False,V1_P0_C0,low,V1_P0_C0__low
002622,val,1242,375,8,6,2,6,0,0,True,False,False,False,False,V1_P0_C0,medium,V1_P0_C0__medium
002623,train,1242,375,7,5,2,5,0,0,True,False,False,False,False,V1_P0_C0,medium,V1_P0_C0__medium
002624,train,1242,375,3,2,1,2,0,0,True,False,False,False,False,V1_P0_C0,low,V1_P0_C0__low
002625,train,1242,375,6,4,2,4,0,0,True,False,False,False,False,V1_P0_C0,medium,V1_P0_C0__medium
002626,val,1224,370,13,8,5,3,4,1,True,True,True,False,False,V1_P1_C1,high,V1_P1_C1__high
002627,train,1242,375,16,15,1,15,0,0,True,False,False,False,False,V1_P0_C0,high,V1_P0_C0__high
002628,val,1242,375,3,2,1,2,0,0,True,False,False,False,False,V1_P0_C0,low,V1_P0_C0__low
002629,train,1242,375,15,11,4,11,0,0,True,False,False,False,False,V1_P0_C0,high,V1_P0_C0__high
002630,train,1242,375,7,4,3,3,0,1,True,False,True,False,False,V1_P0_C1,medium,V1_P0_C1__medium
002631,train,1242,375,8,7,1,7,0,0,True,False,False,False,False,V1_P0_C0,high,V1_P0_C0__high
002632,val,1242,375,14,13,1,13,0,0,True,False,False,False,False,V1_P0_C0,high,V1_P0_C0__high
002633,train,1238,374,5,4,1,4,0,0,True,False,False,False,False,V1_P0_C0,medium,V1_P0_C0__medium
002634,train,1242,375,9,4,5,1,2,1,True,True,True,False,False,V1_P1_C1,medium,V1_P1_C1__medium
002635,train,1242,375,9,8,1,8,0,0,True,False,False,False,False,V1_P0_C0,high,V1_P0_C0__high
002636,train,1242,375,3,3,0,2,1,0,True,True,False,False,False,V1_P1_C0,low,V1_P1_C0__low
002637,train,1242,375,9,6,3,6,0,0,True,False,False,False,False,V1_P0_C0,medium,V1_P0_C0__medium
002638,val,1242,375,13,12,1,12,0,0,True,False,False,False,False,V1_P0_C0,high,V1_P0_C0__high
002639,train,1242,375,7,5,2,5,0,0,True,False,False,False,False,V1_P0_C0,medium,V1_P0_C0__medium
002640,train,1238,374,14,13,1,1,12,0,True,True,False,False,False,V1_P1_C0,high,V1_P1_C0__high
002641,train,1242,375,8,6,2,5,0,1,True,False,True,False,False,V1_P0_C1,medium,V1_P0_C1__medium
002642,train,1242,375,1,1,0,1,0,0,True,False,False,False,False,V1_P0_C0,low,V1_P0_C0__low
002643,train,1224,370,1,1,0,0,1,0,False,True,False,False,False,V0_P1_C0,low,V0_P1_C0__low
002644,val,1241,376,8,7,1,7,0,0,True,False,False,False,False,V1_P0_C0,high,V1_P0_C0__high
002645,train,1242,375,9,4,5,4,0,0,True,False,False,False,False,V1_P0_C0,medium,V1_P0_C0__medium
002646,train,1242,375,6,4,2,4,0,0,True,False,False,False,False,V1_P0_C0,medium,V1_P0_C0__medium
002647,train,1242,375,4,4,0,4,0,0,True,False,False,False,False,V1_P0_C0,medium,V1_P0_C0__medium
002648,val,1242,375,4,3,1,2,1,0,True,True,False,False,False,V1_P1_C0,low,V1_P1_C0__low
002649,train,1242,375,5,1,4,0,1,0,False,True,False,False,False,V0_P1_C0,low,V0_P1_C0__low
002650,train,1242,375,6,1,5,1,0,0,True,False,False,False,False,V1_P0_C0,low,V1_P0_C0__low
002651,train,1224,370,1,1,0,0,1,0,False,True,False,False,False,V0_P1_C0,low,V0_P1_C0__low
002652,train,1242,375,13,13,0,12,0,1,True,False,True,False,False,V1_P0_C1,high,V1_P0_C1__high
002653,train,1242,375,3,2,1,2,0,0,True,False,False,False,False,V1_P0_C0,low,V1_P0_C0__low
002654,train,1242,375,7,2,5,1,0,1,True,False,True,False,False,V1_P0_C1,low,V1_P0_C1__low
002655,train,1242,375,3,2,1,2,0,0,True,False,False,False,False,V1_P0_C0,low,V1_P0_C0__low
002656,train,1242,375,5,3,2,3,0,0,True,False,False,False,False,V1_P0_C0,low,V1_P0_C0__low
002657,train,1242,375,3,2,1,2,0,0,True,False,False,False,False,V1_P0_C0,low,V1_P0_C0__low
002658,train,1242,375,7,7,0,7,0,0,True,False,False,False,False,V1_P0_C0,high,V1_P0_C0__high
002659,train,1242,375,1,1,0,1,0,0,True,False,False,False,False,V1_P0_C0,low,V1_P0_C0__low
002660,train,1242,375,4,1,3,1,0,0,True,False,False,False,False,V1_P0_C0,low,V1_P0_C0__low
002661,train,1242,375,6,4,2,4,0,0,True,False,False,False,False,V1_P0_C0,medium,V1_P0_C0__medium
002662,train,1242,375,17,16,1,16,0,0,True,False,False,False,False,V1_P0_C0,high,V1_P0_C0__high
002663,train,1224,370,18,15,3,1,14,0,True,True,False,False,False,V1_P1_C0,high,V1_P1_C0__high
002664,val,1242,375,4,2,2,2,0,0,True,False,False,False,False,V1_P0_C0,low,V1_P0_C0__low
002665,train,1242,375,2,1,1,1,0,0,True,False,False,False,False,V1_P0_C0,low,V1_P0_C0__low
002666,val,1224,370,22,18,4,1,17,0,True,True,False,False,False,V1_P1_C0,high,V1_P1_C0__high
002667,train,1224,370,9,7,2,7,0,0,True,False,False,False,False,V1_P0_C0,high,V1_P0_C0__high
002668,train,1242,375,6,1,5,1,0,0,True,False,False,False,False,V1_P0_C0,low,V1_P0_C0__low
002669,train,1242,375,2,1,1,1,0,0,True,False,False,False,False,V1_P0_C0,low,V1_P0_C0__low
002670,train,1242,375,6,5,1,5,0,0,True,False,False,False,False,V1_P0_C0,medium,V1_P0_C0__medium
002671,train,1224,370,1,1,0,0,1,0,False,True,False,False,False,V0_P1_C0,low,V0_P1_C0__low
002672,train,1242,375,6,6,0,6,0,0,True,False,False,False,False,V1_P0_C0,medium,V1_P0_C0__medium
002673,train,1242,375,6,6,0,6,0,0,True,False,False,False,False,V1_P0_C0,medium,V1_P0_C0__medium
002674,train,1242,375,11,10,1,10,0,0,True,False,False,False,False,V1_P0_C0,high,V1_P0_C0__high
002675,train,1242,375,4,1,3,1,0,0,True,False,False,False,False,V1_P0_C0,low,V1_P0_C0__low
002676,train,1242,375,4,1,3,1,0,0,True,False,False,False,False,V1_P0_C0,low,V1_P0_C0__low
002677,val,1242,375,7,6,1,5,0,1,True,False,True,False,False,V1_P0_C1,medium,V1_P0_C1__medium
002678,train,1242,375,16,15,1,15,0,0,True,False,False,False,False,V1_P0_C0,high,V1_P0_C0__high
002679,train,1242,375,6,4,2,4,0,0,True,False,False,False,False,V1_P0_C0,medium,V1_P0_C0__medium
002680,train,1224,370,1,1,0,0,1,0,False,True,False,False,False,V0_P1_C0,low,V0_P1_C0__low
002681,val,1242,375,11,7,4,6,1,0,True,True,False,False,False,V1_P1_C0,high,V1_P1_C0__high
002682,train,1242,375,8,6,2,6,0,0,True,False,False,False,False,V1_P0_C0,medium,V1_P0_C0__medium
002683,train,1242,375,16,15,1,15,0,0,True,False,False,False,False,V1_P0_C0,high,V1_P0_C0__high
002684,val,1242,375,3,2,1,2,0,0,True,False,False,False,False,V1_P0_C0,low,V1_P0_C0__low
002685,val,1242,375,10,7,3,6,0,1,True,False,True,False,False,V1_P0_C1,high,V1_P0_C1__high
002686,train,1242,375,3,2,1,1,0,1,True,False,True,False,False,V1_P0_C1,low,V1_P0_C1__low
002687,val,1242,375,11,6,5,6,0,0,True,False,False,False,False,V1_P0_C0,medium,V1_P0_C0__medium
002688,val,1242,375,15,13,2,13,0,0,True,False,False,False,False,V1_P0_C0,high,V1_P0_C0__high
002689,train,1224,370,1,1,0,0,1,0,False,True,False,False,False,V0_P1_C0,low,V0_P1_C0__low
002690,train,1242,375,9,6,3,2,2,2,True,True,True,False,False,V1_P1_C1,medium,V1_P1_C1__medium
002691,val,1242,375,18,16,2,15,1,0,True,True,False,False,False,V1_P1_C0,high,V1_P1_C0__high
002692,train,1242,375,7,7,0,6,1,0,True,True,False,False,False,V1_P1_C0,high,V1_P1_C0__high
002693,train,1224,370,1,1,0,0,1,0,False,True,False,False,False,V0_P1_C0,low,V0_P1_C0__low
002694,train,1242,375,13,8,5,7,1,0,True,True,False,False,False,V1_P1_C0,high,V1_P1_C0__high
002695,train,1242,375,2,1,1,1,0,0,True,False,False,False,False,V1_P0_C0,low,V1_P0_C0__low
002696,train,1242,375,5,4,1,3,1,0,True,True,False,False,False,V1_P1_C0,medium,V1_P1_C0__medium
002697,train,1242,375,12,12,0,12,0,0,True,False,False,False,False,V1_P0_C0,high,V1_P0_C0__high
002698,train,1242,375,8,7,1,7,0,0,True,False,False,False,False,V1_P0_C0,high,V1_P0_C0__high
002699,train,1238,374,8,4,4,2,2,0,True,True,False,False,False,V1_P1_C0,medium,V1_P1_C0__medium
002700,train,1242,375,3,2,1,2,0,0,True,False,False,False,False,V1_P0_C0,low,V1_P0_C0__low
002701,train,1242,375,4,2,2,2,0,0,True,False,False,False,False,V1_P0_C0,low,V1_P0_C0__low
002702,val,1242,375,6,4,2,4,0,0,True,False,False,False,False,V1_P0_C0,medium,V1_P0_C0__medium
002703,train,1242,375,3,2,1,1,1,0,True,True,False,False,False,V1_P1_C0,low,V1_P1_C0__low
002704,train,1242,375,12,10,2,10,0,0,True,False,False,False,False,V1_P0_C0,high,V1_P0_C0__high
002705,val,1242,375,11,7,4,7,0,0,True,False,False,False,False,V1_P0_C0,high,V1_P0_C0__high
002706,train,1241,376,6,4,2,4,0,0,True,False,False,False,False,V1_P0_C0,medium,V1_P0_C0__medium
002707,train,1224,370,21,19,2,1,18,0,True,True,False,False,False,V1_P1_C0,high,V1_P1_C0__high
002708,train,1242,375,12,12,0,12,0,0,True,False,False,False,False,V1_P0_C0,high,V1_P0_C0__high
002709,train,1238,374,4,3,1,2,1,0,True,True,False,False,False,V1_P1_C0,low,V1_P1_C0__low
002710,train,1242,375,6,2,4,2,0,0,True,False,False,False,False,V1_P0_C0,low,V1_P0_C0__low
002711,train,1241,376,13,10,3,10,0,0,True,False,False,False,False,V1_P0_C0,high,V1_P0_C0__high
002712,train,1242,375,9,7,2,7,0,0,True,False,False,False,False,V1_P0_C0,high,V1_P0_C0__high
002713,val,1242,375,6,3,3,1,1,1,True,True,True,False,False,V1_P1_C1,low,V1_P1_C1__low
002714,train,1242,375,6,4,2,4,0,0,True,False,False,False,False,V1_P0_C0,medium,V1_P0_C0__medium
002715,train,1242,375,9,3,6,2,1,0,True,True,False,False,False,V1_P1_C0,low,V1_P1_C0__low
002716,train,1242,375,15,11,4,10,1,0,True,True,False,False,False,V1_P1_C0,high,V1_P1_C0__high
002717,val,1242,375,4,3,1,3,0,0,True,False,False,False,False,V1_P0_C0,low,V1_P0_C0__low
002718,train,1224,370,1,1,0,0,1,0,False,True,False,False,False,V0_P1_C0,low,V0_P1_C0__low
002719,train,1238,374,5,5,0,5,0,0,True,False,False,False,False,V1_P0_C0,medium,V1_P0_C0__medium
002720,train,1242,375,3,2,1,2,0,0,True,False,False,False,False,V1_P0_C0,low,V1_P0_C0__low
002721,train,1242,375,10,7,3,6,1,0,True,True,False,False,False,V1_P1_C0,high,V1_P1_C0__high
002722,val,1242,375,4,3,1,3,0,0,True,False,False,False,False,V1_P0_C0,low,V1_P0_C0__low
002723,train,1242,375,5,3,2,2,1,0,True,True,False,False,False,V1_P1_C0,low,V1_P1_C0__low
002724,train,1242,375,8,6,2,6,0,0,True,False,False,False,False,V1_P0_C0,medium,V1_P0_C0__medium
002725,train,1238,374,14,12,2,3,9,0,True,True,False,False,False,V1_P1_C0,high,V1_P1_C0__high
002726,train,1242,375,6,5,1,5,0,0,True,False,False,False,False,V1_P0_C0,medium,V1_P0_C0__medium
002727,val,1242,375,8,7,1,6,0,1,True,False,True,False,False,V1_P0_C1,high,V1_P0_C1__high
002728,train,1242,375,4,3,1,2,1,0,True,True,False,False,False,V1_P1_C0,low,V1_P1_C0__low
002729,val,1242,375,5,5,0,5,0,0,True,False,False,False,False,V1_P0_C0,medium,V1_P0_C0__medium
002730,train,1242,375,11,10,1,10,0,0,True,False,False,False,False,V1_P0_C0,high,V1_P0_C0__high
002731,train,1242,375,14,14,0,13,1,0,True,True,False,False,False,V1_P1_C0,high,V1_P1_C0__high
002732,val,1242,375,3,2,1,2,0,0,True,False,False,False,False,V1_P0_C0,low,V1_P0_C0__low
002733,val,1242,375,8,5,3,5,0,0,True,False,False,False,False,V1_P0_C0,medium,V1_P0_C0__medium
002734,train,1242,375,15,14,1,13,1,0,True,True,False,False,False,V1_P1_C0,high,V1_P1_C0__high
002735,train,1224,370,1,1,0,0,1,0,False,True,False,False,False,V0_P1_C0,low,V0_P1_C0__low
002736,train,1242,375,1,1,0,1,0,0,True,False,False,False,False,V1_P0_C0,low,V1_P0_C0__low
002737,train,1242,375,14,7,7,6,1,0,True,True,False,False,False,V1_P1_C0,high,V1_P1_C0__high
002738,train,1242,375,8,5,3,4,0,1,True,False,True,False,False,V1_P0_C1,medium,V1_P0_C1__medium
002739,val,1224,370,1,1,0,0,1,0,False,True,False,False,False,V0_P1_C0,low,V0_P1_C0__low
002740,train,1242,375,4,2,2,2,0,0,True,False,False,False,False,V1_P0_C0,low,V1_P0_C0__low
002741,val,1242,375,4,3,1,3,0,0,True,False,False,False,False,V1_P0_C0,low,V1_P0_C0__low
002742,train,1224,370,19,17,2,1,16,0,True,True,False,False,False,V1_P1_C0,high,V1_P1_C0__high
002743,train,1242,375,12,10,2,10,0,0,True,False,False,False,False,V1_P0_C0,high,V1_P0_C0__high
002744,val,1242,375,8,5,3,5,0,0,True,False,False,False,False,V1_P0_C0,medium,V1_P0_C0__medium
002745,train,1242,375,9,6,3,3,0,3,True,False,True,False,False,V1_P0_C1,medium,V1_P0_C1__medium
002746,train,1242,375,10,8,2,6,0,2,True,False,True,False,False,V1_P0_C1,high,V1_P0_C1__high
002747,train,1242,375,10,7,3,7,0,0,True,False,False,False,False,V1_P0_C0,high,V1_P0_C0__high
002748,val,1242,375,11,8,3,8,0,0,True,False,False,False,False,V1_P0_C0,high,V1_P0_C0__high
002749,val,1242,375,4,2,2,1,0,1,True,False,True,False,False,V1_P0_C1,low,V1_P0_C1__low
002750,train,1242,375,6,6,0,6,0,0,True,False,False,False,False,V1_P0_C0,medium,V1_P0_C0__medium
002751,val,1242,375,5,5,0,5,0,0,True,False,False,False,False,V1_P0_C0,medium,V1_P0_C0__medium
002752,train,1241,376,10,9,1,9,0,0,True,False,False,False,False,V1_P0_C0,high,V1_P0_C0__high
002753,train,1242,375,13,10,3,10,0,0,True,False,False,False,False,V1_P0_C0,high,V1_P0_C0__high
002754,train,1242,375,8,6,2,5,0,1,True,False,True,False,False,V1_P0_C1,medium,V1_P0_C1__medium
002755,train,1242,375,5,2,3,1,0,1,True,False,True,False,False,V1_P0_C1,low,V1_P0_C1__low
002756,val,1238,374,7,7,0,7,0,0,True,False,False,False,False,V1_P0_C0,high,V1_P0_C0__high
002757,train,1242,375,1,1,0,1,0,0,True,False,False,False,False,V1_P0_C0,low,V1_P0_C0__low
002758,train,1242,375,5,5,0,5,0,0,True,False,False,False,False,V1_P0_C0,medium,V1_P0_C0__medium
002759,val,1242,375,2,1,1,1,0,0,True,False,False,False,False,V1_P0_C0,low,V1_P0_C0__low
002760,train,1242,375,6,3,3,3,0,0,True,False,False,False,False,V1_P0_C0,low,V1_P0_C0__low
002761,train,1242,375,2,1,1,1,0,0,True,False,False,False,False,V1_P0_C0,low,V1_P0_C0__low
002762,train,1242,375,11,11,0,7,4,0,True,True,False,False,False,V1_P1_C0,high,V1_P1_C0__high
002763,train,1224,370,1,1,0,0,1,0,False,True,False,False,False,V0_P1_C0,low,V0_P1_C0__low
002764,train,1242,375,3,2,1,2,0,0,True,False,False,False,False,V1_P0_C0,low,V1_P0_C0__low
002765,train,1242,375,7,4,3,4,0,0,True,False,False,False,False,V1_P0_C0,medium,V1_P0_C0__medium
002766,val,1242,375,3,2,1,2,0,0,True,False,False,False,False,V1_P0_C0,low,V1_P0_C0__low
002767,val,1224,370,1,1,0,0,1,0,False,True,False,False,False,V0_P1_C0,low,V0_P1_C0__low
002768,train,1242,375,3,2,1,2,0,0,True,False,False,False,False,V1_P0_C0,low,V1_P0_C0__low
002769,val,1224,370,1,1,0,0,1,0,False,True,False,False,False,V0_P1_C0,low,V0_P1_C0__low
002770,train,1242,375,4,3,1,3,0,0,True,False,False,False,False,V1_P0_C0,low,V1_P0_C0__low
002771,train,1242,375,6,4,2,3,0,1,True,False,True,False,False,V1_P0_C1,medium,V1_P0_C1__medium
002772,train,1242,375,5,3,2,2,1,0,True,True,False,False,False,V1_P1_C0,low,V1_P1_C0__low
002773,train,1242,375,8,7,1,7,0,0,True,False,False,False,False,V1_P0_C0,high,V1_P0_C0__high
002774,train,1224,370,8,6,2,0,3,3,False,True,True,False,False,V0_P1_C1,medium,V0_P1_C1__medium
002775,train,1238,374,14,12,2,1,11,0,True,True,False,False,False,V1_P1_C0,high,V1_P1_C0__high
002776,train,1242,375,2,2,0,2,0,0,True,False,False,False,False,V1_P0_C0,low,V1_P0_C0__low
002777,val,1238,374,5,5,0,5,0,0,True,False,False,False,False,V1_P0_C0,medium,V1_P0_C0__medium
002778,train,1242,375,8,6,2,6,0,0,True,False,False,False,False,V1_P0_C0,medium,V1_P0_C0__medium
002779,train,1242,375,9,4,5,4,0,0,True,False,False,False,False,V1_P0_C0,medium,V1_P0_C0__medium
002780,val,1224,370,9,9,0,1,7,1,True,True,True,False,False,V1_P1_C1,high,V1_P1_C1__high
002781,val,1242,375,4,3,1,2,1,0,True,True,False,False,False,V1_P1_C0,low,V1_P1_C0__low
002782,train,1242,375,10,8,2,8,0,0,True,False,False,False,False,V1_P0_C0,high,V1_P0_C0__high
002783,train,1242,375,4,2,2,2,0,0,True,False,False,False,False,V1_P0_C0,low,V1_P0_C0__low
002784,train,1242,375,1,1,0,1,0,0,True,False,False,False,False,V1_P0_C0,low,V1_P0_C0__low
002785,val,1242,375,10,9,1,9,0,0,True,False,False,False,False,V1_P0_C0,high,V1_P0_C0__high
002786,train,1242,375,8,7,1,7,0,0,True,False,False,False,False,V1_P0_C0,high,V1_P0_C0__high
002787,train,1242,375,7,6,1,5,1,0,True,True,False,False,False,V1_P1_C0,medium,V1_P1_C0__medium
002788,train,1242,375,8,5,3,4,0,1,True,False,True,False,False,V1_P0_C1,medium,V1_P0_C1__medium
002789,val,1242,375,6,5,1,5,0,0,True,False,False,False,False,V1_P0_C0,medium,V1_P0_C0__medium
002790,val,1242,375,13,12,1,12,0,0,True,False,False,False,False,V1_P0_C0,high,V1_P0_C0__high
002791,train,1242,375,7,2,5,2,0,0,True,False,False,False,False,V1_P0_C0,low,V1_P0_C0__low
002792,val,1242,375,9,2,7,0,1,1,False,True,True,False,False,V0_P1_C1,low,V0_P1_C1__low
002793,train,1242,375,11,9,2,9,0,0,True,False,False,False,False,V1_P0_C0,high,V1_P0_C0__high
002794,train,1241,376,9,7,2,7,0,0,True,False,False,False,False,V1_P0_C0,high,V1_P0_C0__high
002795,train,1238,374,4,4,0,4,0,0,True,False,False,False,False,V1_P0_C0,medium,V1_P0_C0__medium
002796,val,1241,376,7,3,4,3,0,0,True,False,False,False,False,V1_P0_C0,low,V1_P0_C0__low
002797,train,1242,375,4,4,0,4,0,0,True,False,False,False,False,V1_P0_C0,medium,V1_P0_C0__medium
002798,train,1242,375,8,7,1,6,0,1,True,False,True,False,False,V1_P0_C1,high,V1_P0_C1__high
002799,val,1224,370,1,1,0,0,1,0,False,True,False,False,False,V0_P1_C0,low,V0_P1_C0__low
002800,train,1238,374,7,6,1,1,4,1,True,True,True,False,False,V1_P1_C1,medium,V1_P1_C1__medium
002801,val,1242,375,4,3,1,3,0,0,True,False,False,False,False,V1_P0_C0,low,V1_P0_C0__low
002802,train,1242,375,5,3,2,3,0,0,True,False,False,False,False,V1_P0_C0,low,V1_P0_C0__low
002803,train,1242,375,7,4,3,4,0,0,True,False,False,False,False,V1_P0_C0,medium,V1_P0_C0__medium
002804,train,1242,375,3,2,1,2,0,0,True,False,False,False,False,V1_P0_C0,low,V1_P0_C0__low
002805,train,1242,375,5,4,1,4,0,0,True,False,False,False,False,V1_P0_C0,medium,V1_P0_C0__medium
002806,train,1238,374,6,5,1,5,0,0,True,False,False,False,False,V1_P0_C0,medium,V1_P0_C0__medium
002807,train,1242,375,13,13,0,13,0,0,True,False,False,False,False,V1_P0_C0,high,V1_P0_C0__high
002808,train,1242,375,4,2,2,2,0,0,True,False,False,False,False,V1_P0_C0,low,V1_P0_C0__low
002809,train,1242,375,6,4,2,4,0,0,True,False,False,False,False,V1_P0_C0,medium,V1_P0_C0__medium
002810,val,1242,375,2,1,1,1,0,0,True,False,False,False,False,V1_P0_C0,low,V1_P0_C0__low
002811,train,1224,370,1,1,0,0,1,0,False,True,False,False,False,V0_P1_C0,low,V0_P1_C0__low
002812,train,1242,375,12,10,2,9,0,1,True,False,True,False,False,V1_P0_C1,high,V1_P0_C1__high
002813,train,1242,375,6,4,2,2,0,2,True,False,True,False,False,V1_P0_C1,medium,V1_P0_C1__medium
002814,train,1242,375,4,2,2,2,0,0,True,False,False,False,False,V1_P0_C0,low,V1_P0_C0__low
002815,train,1242,375,16,15,1,15,0,0,True,False,False,False,False,V1_P0_C0,high,V1_P0_C0__high
002816,train,1242,375,10,9,1,8,0,1,True,False,True,False,False,V1_P0_C1,high,V1_P0_C1__high
002817,train,1242,375,13,11,2,11,0,0,True,False,False,False,False,V1_P0_C0,high,V1_P0_C0__high
002818,train,1242,375,12,9,3,9,0,0,True,False,False,False,False,V1_P0_C0,high,V1_P0_C0__high
002819,train,1242,375,7,3,4,3,0,0,True,False,False,False,False,V1_P0_C0,low,V1_P0_C0__low
002820,train,1242,375,3,2,1,2,0,0,True,False,False,False,False,V1_P0_C0,low,V1_P0_C0__low
002821,train,1242,375,8,6,2,6,0,0,True,False,False,False,False,V1_P0_C0,medium,V1_P0_C0__medium
002822,train,1242,375,15,15,0,9,4,2,True,True,True,False,False,V1_P1_C1,high,V1_P1_C1__high
002823,train,1242,375,6,5,1,5,0,0,True,False,False,False,False,V1_P0_C0,medium,V1_P0_C0__medium
002824,train,1242,375,6,5,1,5,0,0,True,False,False,False,False,V1_P0_C0,medium,V1_P0_C0__medium
002825,train,1242,375,9,6,3,6,0,0,True,False,False,False,False,V1_P0_C0,medium,V1_P0_C0__medium
002826,train,1242,375,11,8,3,8,0,0,True,False,False,False,False,V1_P0_C0,high,V1_P0_C0__high
002827,train,1242,375,5,4,1,4,0,0,True,False,False,False,False,V1_P0_C0,medium,V1_P0_C0__medium
002828,val,1242,375,5,4,1,4,0,0,True,False,False,False,False,V1_P0_C0,medium,V1_P0_C0__medium
002829,train,1242,375,5,3,2,2,0,1,True,False,True,False,False,V1_P0_C1,low,V1_P0_C1__low
002830,train,1242,375,1,1,0,1,0,0,True,False,False,False,False,V1_P0_C0,low,V1_P0_C0__low
002831,train,1242,375,7,7,0,7,0,0,True,False,False,False,False,V1_P0_C0,high,V1_P0_C0__high
002832,val,1242,375,15,14,1,14,0,0,True,False,False,False,False,V1_P0_C0,high,V1_P0_C0__high
002833,val,1242,375,6,4,2,4,0,0,True,False,False,False,False,V1_P0_C0,medium,V1_P0_C0__medium
002834,train,1242,375,9,7,2,7,0,0,True,False,False,False,False,V1_P0_C0,high,V1_P0_C0__high
002835,train,1242,375,1,1,0,1,0,0,True,False,False,False,False,V1_P0_C0,low,V1_P0_C0__low
002836,train,1242,375,7,3,4,3,0,0,True,False,False,False,False,V1_P0_C0,low,V1_P0_C0__low
002837,train,1224,370,3,2,1,0,2,0,False,True,False,False,False,V0_P1_C0,low,V0_P1_C0__low
002838,train,1242,375,6,5,1,4,0,1,True,False,True,False,False,V1_P0_C1,medium,V1_P0_C1__medium
002839,train,1242,375,9,8,1,7,1,0,True,True,False,False,False,V1_P1_C0,high,V1_P1_C0__high
002840,train,1242,375,9,4,5,4,0,0,True,False,False,False,False,V1_P0_C0,medium,V1_P0_C0__medium
002841,train,1242,375,13,12,1,12,0,0,True,False,False,False,False,V1_P0_C0,high,V1_P0_C0__high
002842,train,1242,375,3,2,1,1,0,1,True,False,True,False,False,V1_P0_C1,low,V1_P0_C1__low
002843,train,1242,375,7,5,2,4,0,1,True,False,True,False,False,V1_P0_C1,medium,V1_P0_C1__medium
002844,train,1242,375,4,2,2,2,0,0,True,False,False,False,False,V1_P0_C0,low,V1_P0_C0__low
002845,train,1242,375,7,6,1,6,0,0,True,False,False,False,False,V1_P0_C0,medium,V1_P0_C0__medium
002846,val,1242,375,10,9,1,9,0,0,True,False,False,False,False,V1_P0_C0,high,V1_P0_C0__high
002847,train,1241,376,12,7,5,7,0,0,True,False,False,False,False,V1_P0_C0,high,V1_P0_C0__high
002848,train,1242,375,10,7,3,7,0,0,True,False,False,False,False,V1_P0_C0,high,V1_P0_C0__high
002849,train,1242,375,4,3,1,3,0,0,True,False,False,False,False,V1_P0_C0,low,V1_P0_C0__low
002850,val,1242,375,4,2,2,2,0,0,True,False,False,False,False,V1_P0_C0,low,V1_P0_C0__low
002851,train,1242,375,8,3,5,0,3,0,False,True,False,False,False,V0_P1_C0,low,V0_P1_C0__low
002852,train,1242,375,2,2,0,2,0,0,True,False,False,False,False,V1_P0_C0,low,V1_P0_C0__low
002853,train,1242,375,11,10,1,10,0,0,True,False,False,False,False,V1_P0_C0,high,V1_P0_C0__high
002854,train,1242,375,5,5,0,5,0,0,True,False,False,False,False,V1_P0_C0,medium,V1_P0_C0__medium
002855,val,1242,375,7,2,5,2,0,0,True,False,False,False,False,V1_P0_C0,low,V1_P0_C0__low
002856,train,1242,375,5,2,3,2,0,0,True,False,False,False,False,V1_P0_C0,low,V1_P0_C0__low
002857,train,1224,370,1,1,0,0,1,0,False,True,False,False,False,V0_P1_C0,low,V0_P1_C0__low
002858,train,1242,375,6,6,0,5,0,1,True,False,True,False,False,V1_P0_C1,medium,V1_P0_C1__medium
002859,train,1242,375,12,9,3,9,0,0,True,False,False,False,False,V1_P0_C0,high,V1_P0_C0__high
002860,train,1224,370,2,2,0,0,2,0,False,True,False,False,False,V0_P1_C0,low,V0_P1_C0__low
002861,val,1242,375,5,5,0,5,0,0,True,False,False,False,False,V1_P0_C0,medium,V1_P0_C0__medium
002862,train,1242,375,2,2,0,2,0,0,True,False,False,False,False,V1_P0_C0,low,V1_P0_C0__low
002863,train,1242,375,3,1,2,0,1,0,False,True,False,False,False,V0_P1_C0,low,V0_P1_C0__low
002864,val,1242,375,10,9,1,6,3,0,True,True,False,False,False,V1_P1_C0,high,V1_P1_C0__high
002865,train,1242,375,6,3,3,3,0,0,True,False,False,False,False,V1_P0_C0,low,V1_P0_C0__low
002866,train,1242,375,9,5,4,5,0,0,True,False,False,False,False,V1_P0_C0,medium,V1_P0_C0__medium
002867,train,1242,375,14,7,7,6,1,0,True,True,False,False,False,V1_P1_C0,high,V1_P1_C0__high
002868,train,1224,370,1,1,0,0,1,0,False,True,False,False,False,V0_P1_C0,low,V0_P1_C0__low
002869,train,1242,375,5,5,0,5,0,0,True,False,False,False,False,V1_P0_C0,medium,V1_P0_C0__medium
002870,train,1242,375,8,5,3,0,5,0,False,True,False,False,False,V0_P1_C0,medium,V0_P1_C0__medium
002871,train,1242,375,8,5,3,5,0,0,True,False,False,False,False,V1_P0_C0,medium,V1_P0_C0__medium
002872,train,1242,375,14,13,1,13,0,0,True,False,False,False,False,V1_P0_C0,high,V1_P0_C0__high
002873,train,1242,375,15,15,0,15,0,0,True,False,False,False,False,V1_P0_C0,high,V1_P0_C0__high
002874,train,1242,375,14,12,2,12,0,0,True,False,False,False,False,V1_P0_C0,high,V1_P0_C0__high
002875,train,1224,370,1,1,0,0,1,0,False,True,False,False,False,V0_P1_C0,low,V0_P1_C0__low
002876,train,1242,375,4,2,2,2,0,0,True,False,False,False,False,V1_P0_C0,low,V1_P0_C0__low
002877,train,1242,375,2,2,0,2,0,0,True,False,False,False,False,V1_P0_C0,low,V1_P0_C0__low
002878,train,1242,375,6,4,2,4,0,0,True,False,False,False,False,V1_P0_C0,medium,V1_P0_C0__medium
002879,train,1242,375,8,7,1,7,0,0,True,False,False,False,False,V1_P0_C0,high,V1_P0_C0__high
002880,val,1242,375,4,3,1,3,0,0,True,False,False,False,False,V1_P0_C0,low,V1_P0_C0__low
002881,train,1224,370,1,1,0,0,1,0,False,True,False,False,False,V0_P1_C0,low,V0_P1_C0__low
002882,train,1242,375,2,2,0,2,0,0,True,False,False,False,False,V1_P0_C0,low,V1_P0_C0__low
002883,val,1242,375,9,5,4,4,0,1,True,False,True,False,False,V1_P0_C1,medium,V1_P0_C1__medium
002884,train,1242,375,2,2,0,2,0,0,True,False,False,False,False,V1_P0_C0,low,V1_P0_C0__low
002885,train,1242,375,8,3,5,0,1,2,False,True,True,False,False,V0_P1_C1,low,V0_P1_C1__low
002886,train,1242,375,5,2,3,2,0,0,True,False,False,False,False,V1_P0_C0,low,V1_P0_C0__low
002887,train,1242,375,6,5,1,5,0,0,True,False,False,False,False,V1_P0_C0,medium,V1_P0_C0__medium
002888,val,1224,370,1,1,0,0,1,0,False,True,False,False,False,V0_P1_C0,low,V0_P1_C0__low
002889,train,1238,374,7,2,5,0,2,0,False,True,False,False,False,V0_P1_C0,low,V0_P1_C0__low
002890,train,1242,375,8,4,4,4,0,0,True,False,False,False,False,V1_P0_C0,medium,V1_P0_C0__medium
002891,train,1242,375,4,3,1,3,0,0,True,False,False,False,False,V1_P0_C0,low,V1_P0_C0__low
002892,train,1238,374,13,11,2,1,10,0,True,True,False,False,False,V1_P1_C0,high,V1_P1_C0__high
002893,val,1242,375,5,4,1,3,1,0,True,True,False,False,False,V1_P1_C0,medium,V1_P1_C0__medium
002894,train,1241,376,4,3,1,3,0,0,True,False,False,False,False,V1_P0_C0,low,V1_P0_C0__low
002895,train,1242,375,10,8,2,8,0,0,True,False,False,False,False,V1_P0_C0,high,V1_P0_C0__high
002896,train,1242,375,8,6,2,6,0,0,True,False,False,False,False,V1_P0_C0,medium,V1_P0_C0__medium
002897,train,1242,375,13,8,5,6,2,0,True,True,False,False,False,V1_P1_C0,high,V1_P1_C0__high
002898,train,1224,370,1,1,0,0,1,0,False,True,False,False,False,V0_P1_C0,low,V0_P1_C0__low
002899,train,1242,375,11,9,2,9,0,0,True,False,False,False,False,V1_P0_C0,high,V1_P0_C0__high
002900,val,1242,375,4,2,2,2,0,0,True,False,False,False,False,V1_P0_C0,low,V1_P0_C0__low
002901,train,1242,375,6,3,3,2,0,1,True,False,True,False,False,V1_P0_C1,low,V1_P0_C1__low
002902,train,1242,375,6,4,2,4,0,0,True,False,False,False,False,V1_P0_C0,medium,V1_P0_C0__medium
002903,train,1242,375,2,1,1,1,0,0,True,False,False,False,False,V1_P0_C0,low,V1_P0_C0__low
002904,train,1224,370,12,10,2,0,7,3,False,True,True,False,False,V0_P1_C1,high,V0_P1_C1__high
002905,val,1242,375,6,5,1,5,0,0,True,False,False,False,False,V1_P0_C0,medium,V1_P0_C0__medium
002906,train,1224,370,1,1,0,0,1,0,False,True,False,False,False,V0_P1_C0,low,V0_P1_C0__low
002907,val,1242,375,5,4,1,4,0,0,True,False,False,False,False,V1_P0_C0,medium,V1_P0_C0__medium
002908,train,1242,375,5,1,4,1,0,0,True,False,False,False,False,V1_P0_C0,low,V1_P0_C0__low
002909,train,1242,375,2,1,1,1,0,0,True,False,False,False,False,V1_P0_C0,low,V1_P0_C0__low
002910,train,1242,375,5,2,3,2,0,0,True,False,False,False,False,V1_P0_C0,low,V1_P0_C0__low
002911,train,1242,375,9,8,1,7,0,1,True,False,True,False,False,V1_P0_C1,high,V1_P0_C1__high
002912,train,1242,375,19,16,3,16,0,0,True,False,False,False,False,V1_P0_C0,high,V1_P0_C0__high
002913,train,1242,375,5,2,3,2,0,0,True,False,False,False,False,V1_P0_C0,low,V1_P0_C0__low
002914,train,1242,375,9,3,6,0,1,2,False,True,True,False,False,V0_P1_C1,low,V0_P1_C1__low
002915,train,1242,375,9,8,1,2,5,1,True,True,True,False,False,V1_P1_C1,high,V1_P1_C1__high
002916,train,1242,375,4,2,2,2,0,0,True,False,False,False,False,V1_P0_C0,low,V1_P0_C0__low
002917,train,1242,375,9,4,5,0,2,2,False,True,True,False,False,V0_P1_C1,medium,V0_P1_C1__medium
002918,train,1224,370,7,6,1,4,2,0,True,True,False,False,False,V1_P1_C0,medium,V1_P1_C0__medium
002919,val,1242,375,4,2,2,2,0,0,True,False,False,False,False,V1_P0_C0,low,V1_P0_C0__low
002920,train,1224,370,15,11,4,0,7,4,False,True,True,False,False,V0_P1_C1,high,V0_P1_C1__high
002921,train,1242,375,2,1,1,1,0,0,True,False,False,False,False,V1_P0_C0,low,V1_P0_C0__low
002922,train,1242,375,5,3,2,3,0,0,True,False,False,False,False,V1_P0_C0,low,V1_P0_C0__low
002923,train,1242,375,9,8,1,7,0,1,True,False,True,False,False,V1_P0_C1,high,V1_P0_C1__high
002924,train,1242,375,7,4,3,4,0,0,True,False,False,False,False,V1_P0_C0,medium,V1_P0_C0__medium
002925,train,1242,375,7,6,1,6,0,0,True,False,False,False,False,V1_P0_C0,medium,V1_P0_C0__medium
002926,train,1242,375,11,7,4,7,0,0,True,False,False,False,False,V1_P0_C0,high,V1_P0_C0__high
002927,val,1224,370,1,1,0,0,1,0,False,True,False,False,False,V0_P1_C0,low,V0_P1_C0__low
002928,train,1242,375,6,6,0,6,0,0,True,False,False,False,False,V1_P0_C0,medium,V1_P0_C0__medium
002929,train,1242,375,10,9,1,9,0,0,True,False,False,False,False,V1_P0_C0,high,V1_P0_C0__high
002930,train,1241,376,6,4,2,4,0,0,True,False,False,False,False,V1_P0_C0,medium,V1_P0_C0__medium
002931,train,1242,375,2,2,0,2,0,0,True,False,False,False,False,V1_P0_C0,low,V1_P0_C0__low
002932,train,1242,375,1,1,0,1,0,0,True,False,False,False,False,V1_P0_C0,low,V1_P0_C0__low
002933,train,1242,375,11,11,0,9,2,0,True,True,False,False,False,V1_P1_C0,high,V1_P1_C0__high
002934,val,1242,375,10,9,1,9,0,0,True,False,False,False,False,V1_P0_C0,high,V1_P0_C0__high
002935,train,1242,375,11,10,1,9,1,0,True,True,False,False,False,V1_P1_C0,high,V1_P1_C0__high
002936,train,1242,375,3,1,2,1,0,0,True,False,False,False,False,V1_P0_C0,low,V1_P0_C0__low
002937,train,1242,375,7,5,2,4,1,0,True,True,False,False,False,V1_P1_C0,medium,V1_P1_C0__medium
002938,train,1242,375,3,2,1,2,0,0,True,False,False,False,False,V1_P0_C0,low,V1_P0_C0__low
002939,train,1242,375,6,4,2,3,1,0,True,True,False,False,False,V1_P1_C0,medium,V1_P1_C0__medium
002940,train,1242,375,10,7,3,7,0,0,True,False,False,False,False,V1_P0_C0,high,V1_P0_C0__high
002941,val,1242,375,2,2,0,2,0,0,True,False,False,False,False,V1_P0_C0,low,V1_P0_C0__low
002942,train,1242,375,5,4,1,4,0,0,True,False,False,False,False,V1_P0_C0,medium,V1_P0_C0__medium
002943,train,1242,375,6,4,2,0,3,1,False,True,True,False,False,V0_P1_C1,medium,V0_P1_C1__medium
002944,train,1238,374,15,12,3,1,11,0,True,True,False,False,False,V1_P1_C0,high,V1_P1_C0__high
002945,train,1242,375,5,3,2,2,1,0,True,True,False,False,False,V1_P1_C0,low,V1_P1_C0__low
002946,val,1242,375,8,7,1,7,0,0,True,False,False,False,False,V1_P0_C0,high,V1_P0_C0__high
002947,train,1241,376,13,11,2,11,0,0,True,False,False,False,False,V1_P0_C0,high,V1_P0_C0__high
002948,train,1242,375,7,6,1,6,0,0,True,False,False,False,False,V1_P0_C0,medium,V1_P0_C0__medium
002949,train,1242,375,7,2,5,2,0,0,True,False,False,False,False,V1_P0_C0,low,V1_P0_C0__low
002950,train,1242,375,5,1,4,1,0,0,True,False,False,False,False,V1_P0_C0,low,V1_P0_C0__low
002951,train,1242,375,5,3,2,3,0,0,True,False,False,False,False,V1_P0_C0,low,V1_P0_C0__low
002952,train,1224,370,1,1,0,0,1,0,False,True,False,False,False,V0_P1_C0,low,V0_P1_C0__low
002953,train,1242,375,9,7,2,6,1,0,True,True,False,False,False,V1_P1_C0,high,V1_P1_C0__high
002954,val,1242,375,5,2,3,0,2,0,False,True,False,False,False,V0_P1_C0,low,V0_P1_C0__low
002955,train,1242,375,3,3,0,3,0,0,True,False,False,False,False,V1_P0_C0,low,V1_P0_C0__low
002956,train,1224,370,1,1,0,0,1,0,False,True,False,False,False,V0_P1_C0,low,V0_P1_C0__low
002957,train,1242,375,6,5,1,5,0,0,True,False,False,False,False,V1_P0_C0,medium,V1_P0_C0__medium
002958,train,1242,375,1,1,0,1,0,0,True,False,False,False,False,V1_P0_C0,low,V1_P0_C0__low
002959,train,1242,375,9,8,1,8,0,0,True,False,False,False,False,V1_P0_C0,high,V1_P0_C0__high
002960,train,1241,376,10,9,1,9,0,0,True,False,False,False,False,V1_P0_C0,high,V1_P0_C0__high
002961,train,1242,375,8,6,2,6,0,0,True,False,False,False,False,V1_P0_C0,medium,V1_P0_C0__medium
002962,train,1242,375,7,6,1,5,1,0,True,True,False,False,False,V1_P1_C0,medium,V1_P1_C0__medium
002963,train,1241,376,10,8,2,8,0,0,True,False,False,False,False,V1_P0_C0,high,V1_P0_C0__high
002964,train,1242,375,14,10,4,10,0,0,True,False,False,False,False,V1_P0_C0,high,V1_P0_C0__high
002965,train,1242,375,6,5,1,5,0,0,True,False,False,False,False,V1_P0_C0,medium,V1_P0_C0__medium
002966,train,1238,374,15,12,3,3,9,0,True,True,False,False,False,V1_P1_C0,high,V1_P1_C0__high
002967,train,1242,375,8,7,1,7,0,0,True,False,False,False,False,V1_P0_C0,high,V1_P0_C0__high
002968,train,1242,375,6,5,1,5,0,0,True,False,False,False,False,V1_P0_C0,medium,V1_P0_C0__medium
002969,train,1242,375,3,1,2,1,0,0,True,False,False,False,False,V1_P0_C0,low,V1_P0_C0__low
002970,train,1242,375,6,4,2,4,0,0,True,False,False,False,False,V1_P0_C0,medium,V1_P0_C0__medium
002971,train,1242,375,4,3,1,3,0,0,True,False,False,False,False,V1_P0_C0,low,V1_P0_C0__low
002972,val,1242,375,18,17,1,17,0,0,True,False,False,False,False,V1_P0_C0,high,V1_P0_C0__high
002973,train,1242,375,11,9,2,7,1,1,True,True,True,False,False,V1_P1_C1,high,V1_P1_C1__high
002974,train,1242,375,9,7,2,7,0,0,True,False,False,False,False,V1_P0_C0,high,V1_P0_C0__high
002975,train,1242,375,8,7,1,7,0,0,True,False,False,False,False,V1_P0_C0,high,V1_P0_C0__high
002976,train,1242,375,12,10,2,10,0,0,True,False,False,False,False,V1_P0_C0,high,V1_P0_C0__high
002977,train,1242,375,5,2,3,2,0,0,True,False,False,False,False,V1_P0_C0,low,V1_P0_C0__low
002978,train,1242,375,14,12,2,12,0,0,True,False,False,False,False,V1_P0_C0,high,V1_P0_C0__high
002979,train,1224,370,20,15,5,1,14,0,True,True,False,False,False,V1_P1_C0,high,V1_P1_C0__high
002980,val,1242,375,9,7,2,7,0,0,True,False,False,False,False,V1_P0_C0,high,V1_P0_C0__high
002981,train,1242,375,4,4,0,4,0,0,True,False,False,False,False,V1_P0_C0,medium,V1_P0_C0__medium
002982,train,1242,375,5,4,1,4,0,0,True,False,False,False,False,V1_P0_C0,medium,V1_P0_C0__medium
002983,val,1242,375,9,6,3,6,0,0,True,False,False,False,False,V1_P0_C0,medium,V1_P0_C0__medium
002984,train,1242,375,10,7,3,7,0,0,True,False,False,False,False,V1_P0_C0,high,V1_P0_C0__high
002985,train,1242,375,9,5,4,5,0,0,True,False,False,False,False,V1_P0_C0,medium,V1_P0_C0__medium
002986,train,1242,375,13,11,2,10,1,0,True,True,False,False,False,V1_P1_C0,high,V1_P1_C0__high
002987,train,1242,375,9,6,3,6,0,0,True,False,False,False,False,V1_P0_C0,medium,V1_P0_C0__medium
002988,train,1242,375,5,4,1,4,0,0,True,False,False,False,False,V1_P0_C0,medium,V1_P0_C0__medium
002989,val,1242,375,13,13,0,13,0,0,True,False,False,False,False,V1_P0_C0,high,V1_P0_C0__high
002990,train,1242,375,6,5,1,5,0,0,True,False,False,False,False,V1_P0_C0,medium,V1_P0_C0__medium
002991,train,1242,375,6,5,1,4,0,1,True,False,True,False,False,V1_P0_C1,medium,V1_P0_C1__medium
002992,val,1242,375,7,5,2,5,0,0,True,False,False,False,False,V1_P0_C0,medium,V1_P0_C0__medium
002993,train,1242,375,6,5,1,5,0,0,True,False,False,False,False,V1_P0_C0,medium,V1_P0_C0__medium
002994,train,1224,370,1,1,0,0,1,0,False,True,False,False,False,V0_P1_C0,low,V0_P1_C0__low
002995,val,1242,375,2,1,1,1,0,0,True,False,False,False,False,V1_P0_C0,low,V1_P0_C0__low
002996,train,1242,375,9,8,1,8,0,0,True,False,False,False,False,V1_P0_C0,high,V1_P0_C0__high
002997,train,1242,375,4,1,3,1,0,0,True,False,False,False,False,V1_P0_C0,low,V1_P0_C0__low
002998,train,1242,375,5,3,2,3,0,0,True,False,False,False,False,V1_P0_C0,low,V1_P0_C0__low
002999,val,1224,370,8,5,3,2,2,1,True,True,True,False,False,V1_P1_C1,medium,V1_P1_C1__medium
003000,train,1242,375,6,3,3,2,0,1,True,False,True,False,False,V1_P0_C1,low,V1_P0_C1__low
003001,train,1242,375,11,9,2,9,0,0,True,False,False,False,False,V1_P0_C0,high,V1_P0_C0__high
003002,train,1224,370,12,8,4,0,7,1,False,True,True,False,False,V0_P1_C1,high,V0_P1_C1__high
003003,train,1242,375,4,3,1,3,0,0,True,False,False,False,False,V1_P0_C0,low,V1_P0_C0__low
003004,train,1242,375,18,16,2,15,0,1,True,False,True,False,False,V1_P0_C1,high,V1_P0_C1__high
003005,train,1242,375,7,3,4,3,0,0,True,False,False,False,False,V1_P0_C0,low,V1_P0_C0__low
003006,train,1242,375,5,4,1,4,0,0,True,False,False,False,False,V1_P0_C0,medium,V1_P0_C0__medium
003007,train,1242,375,4,3,1,3,0,0,True,False,False,False,False,V1_P0_C0,low,V1_P0_C0__low
003008,train,1242,375,9,9,0,8,1,0,True,True,False,False,False,V1_P1_C0,high,V1_P1_C0__high
003009,train,1242,375,17,14,3,2,10,2,True,True,True,False,False,V1_P1_C1,high,V1_P1_C1__high
003010,val,1242,375,4,4,0,4,0,0,True,False,False,False,False,V1_P0_C0,medium,V1_P0_C0__medium
003011,train,1242,375,4,3,1,2,1,0,True,True,False,False,False,V1_P1_C0,low,V1_P1_C0__low
003012,train,1242,375,4,4,0,4,0,0,True,False,False,False,False,V1_P0_C0,medium,V1_P0_C0__medium
003013,train,1242,375,11,6,5,5,1,0,True,True,False,False,False,V1_P1_C0,medium,V1_P1_C0__medium
003014,train,1242,375,11,7,4,4,0,3,True,False,True,False,False,V1_P0_C1,high,V1_P0_C1__high
003015,train,1242,375,13,10,3,9,0,1,True,False,True,False,False,V1_P0_C1,high,V1_P0_C1__high
003016,train,1242,375,5,5,0,5,0,0,True,False,False,False,False,V1_P0_C0,medium,V1_P0_C0__medium
003017,val,1242,375,10,9,1,8,0,1,True,False,True,False,False,V1_P0_C1,high,V1_P0_C1__high
003018,train,1242,375,9,6,3,0,6,0,False,True,False,False,False,V0_P1_C0,medium,V0_P1_C0__medium
003019,train,1242,375,9,7,2,7,0,0,True,False,False,False,False,V1_P0_C0,high,V1_P0_C0__high
003020,train,1242,375,9,3,6,0,3,0,False,True,False,False,False,V0_P1_C0,low,V0_P1_C0__low
003021,train,1242,375,12,9,3,9,0,0,True,False,False,False,False,V1_P0_C0,high,V1_P0_C0__high
003022,train,1242,375,8,7,1,7,0,0,True,False,False,False,False,V1_P0_C0,high,V1_P0_C0__high
003023,val,1242,375,4,3,1,3,0,0,True,False,False,False,False,V1_P0_C0,low,V1_P0_C0__low
003024,train,1224,370,1,1,0,0,1,0,False,True,False,False,False,V0_P1_C0,low,V0_P1_C0__low
003025,train,1242,375,3,3,0,3,0,0,True,False,False,False,False,V1_P0_C0,low,V1_P0_C0__low
003026,train,1242,375,5,4,1,4,0,0,True,False,False,False,False,V1_P0_C0,medium,V1_P0_C0__medium
003027,train,1242,375,6,4,2,3,0,1,True,False,True,False,False,V1_P0_C1,medium,V1_P0_C1__medium
003028,train,1224,370,4,4,0,2,2,0,True,True,False,False,False,V1_P1_C0,medium,V1_P1_C0__medium
003029,val,1242,375,3,2,1,2,0,0,True,False,False,False,False,V1_P0_C0,low,V1_P0_C0__low
003030,val,1242,375,11,9,2,9,0,0,True,False,False,False,False,V1_P0_C0,high,V1_P0_C0__high
003031,train,1242,375,4,2,2,2,0,0,True,False,False,False,False,V1_P0_C0,low,V1_P0_C0__low
003032,train,1242,375,5,5,0,4,1,0,True,True,False,False,False,V1_P1_C0,medium,V1_P1_C0__medium
003033,train,1242,375,10,7,3,6,1,0,True,True,False,False,False,V1_P1_C0,high,V1_P1_C0__high
003034,val,1242,375,10,8,2,6,0,2,True,False,True,False,False,V1_P0_C1,high,V1_P0_C1__high
003035,train,1241,376,4,3,1,3,0,0,True,False,False,False,False,V1_P0_C0,low,V1_P0_C0__low
003036,train,1242,375,5,1,4,1,0,0,True,False,False,False,False,V1_P0_C0,low,V1_P0_C0__low
003037,train,1242,375,8,7,1,7,0,0,True,False,False,False,False,V1_P0_C0,high,V1_P0_C0__high
003038,train,1242,375,3,1,2,1,0,0,True,False,False,False,False,V1_P0_C0,low,V1_P0_C0__low
003039,val,1242,375,11,7,4,7,0,0,True,False,False,False,False,V1_P0_C0,high,V1_P0_C0__high
003040,train,1242,375,7,7,0,7,0,0,True,False,False,False,False,V1_P0_C0,high,V1_P0_C0__high
003041,train,1242,375,17,14,3,14,0,0,True,False,False,False,False,V1_P0_C0,high,V1_P0_C0__high
003042,train,1242,375,8,6,2,3,2,1,True,True,True,False,False,V1_P1_C1,medium,V1_P1_C1__medium
003043,train,1242,375,9,8,1,8,0,0,True,False,False,False,False,V1_P0_C0,high,V1_P0_C0__high
003044,train,1242,375,4,2,2,2,0,0,True,False,False,False,False,V1_P0_C0,low,V1_P0_C0__low
003045,train,1242,375,3,2,1,2,0,0,True,False,False,False,False,V1_P0_C0,low,V1_P0_C0__low
003046,train,1242,375,8,3,5,2,0,1,True,False,True,False,False,V1_P0_C1,low,V1_P0_C1__low
003047,train,1238,374,17,14,3,1,13,0,True,True,False,False,False,V1_P1_C0,high,V1_P1_C0__high
003048,train,1241,376,9,9,0,9,0,0,True,False,False,False,False,V1_P0_C0,high,V1_P0_C0__high
003049,train,1242,375,6,1,5,1,0,0,True,False,False,False,False,V1_P0_C0,low,V1_P0_C0__low
003050,train,1224,370,11,6,5,2,2,2,True,True,True,False,False,V1_P1_C1,medium,V1_P1_C1__medium
003051,train,1242,375,14,14,0,14,0,0,True,False,False,False,False,V1_P0_C0,high,V1_P0_C0__high
003052,train,1238,374,4,4,0,4,0,0,True,False,False,False,False,V1_P0_C0,medium,V1_P0_C0__medium
003053,train,1242,375,8,5,3,5,0,0,True,False,False,False,False,V1_P0_C0,medium,V1_P0_C0__medium
003054,val,1242,375,8,1,7,0,1,0,False,True,False,False,False,V0_P1_C0,low,V0_P1_C0__low
003055,train,1241,376,10,10,0,10,0,0,True,False,False,False,False,V1_P0_C0,high,V1_P0_C0__high
003056,train,1242,375,9,6,3,6,0,0,True,False,False,False,False,V1_P0_C0,medium,V1_P0_C0__medium
003057,val,1242,375,9,7,2,6,1,0,True,True,False,False,False,V1_P1_C0,high,V1_P1_C0__high
003058,train,1242,375,8,4,4,4,0,0,True,False,False,False,False,V1_P0_C0,medium,V1_P0_C0__medium
003059,train,1224,370,2,2,0,1,1,0,True,True,False,False,False,V1_P1_C0,low,V1_P1_C0__low
003060,val,1242,375,3,2,1,2,0,0,True,False,False,False,False,V1_P0_C0,low,V1_P0_C0__low
003061,train,1242,375,8,6,2,4,0,2,True,False,True,False,False,V1_P0_C1,medium,V1_P0_C1__medium
003062,train,1242,375,6,3,3,3,0,0,True,False,False,False,False,V1_P0_C0,low,V1_P0_C0__low
003063,train,1242,375,3,2,1,2,0,0,True,False,False,False,False,V1_P0_C0,low,V1_P0_C0__low
003064,train,1242,375,14,13,1,13,0,0,True,False,False,False,False,V1_P0_C0,high,V1_P0_C0__high
003065,train,1224,370,7,5,2,2,2,1,True,True,True,False,False,V1_P1_C1,medium,V1_P1_C1__medium
003066,train,1242,375,5,5,0,5,0,0,True,False,False,False,False,V1_P0_C0,medium,V1_P0_C0__medium
003067,train,1242,375,5,4,1,4,0,0,True,False,False,False,False,V1_P0_C0,medium,V1_P0_C0__medium
003068,train,1242,375,4,2,2,2,0,0,True,False,False,False,False,V1_P0_C0,low,V1_P0_C0__low
003069,train,1238,374,2,1,1,1,0,0,True,False,False,False,False,V1_P0_C0,low,V1_P0_C0__low
003070,train,1242,375,2,1,1,1,0,0,True,False,False,False,False,V1_P0_C0,low,V1_P0_C0__low
003071,train,1224,370,5,3,2,2,1,0,True,True,False,False,False,V1_P1_C0,low,V1_P1_C0__low
003072,val,1242,375,20,15,5,15,0,0,True,False,False,False,False,V1_P0_C0,high,V1_P0_C0__high
003073,val,1242,375,6,4,2,4,0,0,True,False,False,False,False,V1_P0_C0,medium,V1_P0_C0__medium
003074,train,1238,374,5,4,1,2,2,0,True,True,False,False,False,V1_P1_C0,medium,V1_P1_C0__medium
003075,train,1242,375,3,3,0,3,0,0,True,False,False,False,False,V1_P0_C0,low,V1_P0_C0__low
003076,train,1242,375,2,1,1,1,0,0,True,False,False,False,False,V1_P0_C0,low,V1_P0_C0__low
003077,train,1242,375,3,2,1,2,0,0,True,False,False,False,False,V1_P0_C0,low,V1_P0_C0__low
003078,train,1242,375,16,8,8,6,2,0,True,True,False,False,False,V1_P1_C0,high,V1_P1_C0__high
003079,train,1238,374,3,2,1,2,0,0,True,False,False,False,False,V1_P0_C0,low,V1_P0_C0__low
003080,train,1238,374,5,4,1,4,0,0,True,False,False,False,False,V1_P0_C0,medium,V1_P0_C0__medium
003081,train,1242,375,3,2,1,2,0,0,True,False,False,False,False,V1_P0_C0,low,V1_P0_C0__low
003082,train,1242,375,3,1,2,0,1,0,False,True,False,False,False,V0_P1_C0,low,V0_P1_C0__low
003083,train,1242,375,4,4,0,4,0,0,True,False,False,False,False,V1_P0_C0,medium,V1_P0_C0__medium
003084,train,1242,375,10,7,3,2,4,1,True,True,True,False,False,V1_P1_C1,high,V1_P1_C1__high
003085,val,1224,370,1,1,0,0,1,0,False,True,False,False,False,V0_P1_C0,low,V0_P1_C0__low
003086,train,1242,375,8,5,3,5,0,0,True,False,False,False,False,V1_P0_C0,medium,V1_P0_C0__medium
003087,train,1242,375,9,8,1,7,0,1,True,False,True,False,False,V1_P0_C1,high,V1_P0_C1__high
003088,train,1242,375,4,2,2,2,0,0,True,False,False,False,False,V1_P0_C0,low,V1_P0_C0__low
003089,train,1242,375,4,2,2,2,0,0,True,False,False,False,False,V1_P0_C0,low,V1_P0_C0__low
003090,train,1242,375,1,1,0,1,0,0,True,False,False,False,False,V1_P0_C0,low,V1_P0_C0__low
003091,train,1242,375,8,5,3,5,0,0,True,False,False,False,False,V1_P0_C0,medium,V1_P0_C0__medium
003092,train,1242,375,14,13,1,13,0,0,True,False,False,False,False,V1_P0_C0,high,V1_P0_C0__high
003093,train,1242,375,16,12,4,12,0,0,True,False,False,False,False,V1_P0_C0,high,V1_P0_C0__high
003094,val,1242,375,10,7,3,7,0,0,True,False,False,False,False,V1_P0_C0,high,V1_P0_C0__high
003095,train,1242,375,15,12,3,10,1,1,True,True,True,False,False,V1_P1_C1,high,V1_P1_C1__high
003096,train,1242,375,4,3,1,2,0,1,True,False,True,False,False,V1_P0_C1,low,V1_P0_C1__low
003097,train,1242,375,16,15,1,15,0,0,True,False,False,False,False,V1_P0_C0,high,V1_P0_C0__high
003098,train,1238,374,5,4,1,4,0,0,True,False,False,False,False,V1_P0_C0,medium,V1_P0_C0__medium
003099,val,1242,375,5,3,2,2,1,0,True,True,False,False,False,V1_P1_C0,low,V1_P1_C0__low
003100,train,1242,375,2,2,0,2,0,0,True,False,False,False,False,V1_P0_C0,low,V1_P0_C0__low
003101,train,1242,375,7,6,1,6,0,0,True,False,False,False,False,V1_P0_C0,medium,V1_P0_C0__medium
003102,val,1242,375,3,3,0,2,1,0,True,True,False,False,False,V1_P1_C0,low,V1_P1_C0__low
003103,train,1242,375,9,8,1,7,0,1,True,False,True,False,False,V1_P0_C1,high,V1_P0_C1__high
003104,train,1242,375,7,6,1,6,0,0,True,False,False,False,False,V1_P0_C0,medium,V1_P0_C0__medium
003105,train,1242,375,6,6,0,5,0,1,True,False,True,False,False,V1_P0_C1,medium,V1_P0_C1__medium
003106,val,1242,375,11,4,7,0,2,2,False,True,True,False,False,V0_P1_C1,medium,V0_P1_C1__medium
003107,train,1242,375,13,10,3,10,0,0,True,False,False,False,False,V1_P0_C0,high,V1_P0_C0__high
003108,train,1242,375,5,2,3,2,0,0,True,False,False,False,False,V1_P0_C0,low,V1_P0_C0__low
003109,train,1242,375,3,3,0,2,1,0,True,True,False,False,False,V1_P1_C0,low,V1_P1_C0__low
003110,train,1242,375,3,2,1,2,0,0,True,False,False,False,False,V1_P0_C0,low,V1_P0_C0__low
003111,train,1242,375,5,2,3,2,0,0,True,False,False,False,False,V1_P0_C0,low,V1_P0_C0__low
003112,train,1242,375,4,2,2,2,0,0,True,False,False,False,False,V1_P0_C0,low,V1_P0_C0__low
003113,val,1242,375,15,13,2,13,0,0,True,False,False,False,False,V1_P0_C0,high,V1_P0_C0__high
003114,train,1224,370,17,15,2,3,7,5,True,True,True,False,False,V1_P1_C1,high,V1_P1_C1__high
003115,train,1242,375,9,7,2,4,0,3,True,False,True,False,False,V1_P0_C1,high,V1_P0_C1__high
003116,train,1241,376,9,8,1,8,0,0,True,False,False,False,False,V1_P0_C0,high,V1_P0_C0__high
003117,train,1242,375,2,2,0,2,0,0,True,False,False,False,False,V1_P0_C0,low,V1_P0_C0__low
003118,train,1242,375,15,10,5,6,4,0,True,True,False,False,False,V1_P1_C0,high,V1_P1_C0__high
003119,train,1242,375,4,4,0,4,0,0,True,False,False,False,False,V1_P0_C0,medium,V1_P0_C0__medium
003120,train,1242,375,20,16,4,15,1,0,True,True,False,False,False,V1_P1_C0,high,V1_P1_C0__high
003121,train,1224,370,1,1,0,0,1,0,False,True,False,False,False,V0_P1_C0,low,V0_P1_C0__low
003122,train,1224,370,1,1,0,0,1,0,False,True,False,False,False,V0_P1_C0,low,V0_P1_C0__low
003123,val,1242,375,4,1,3,1,0,0,True,False,False,False,False,V1_P0_C0,low,V1_P0_C0__low
003124,train,1242,375,10,8,2,7,1,0,True,True,False,False,False,V1_P1_C0,high,V1_P1_C0__high
003125,train,1242,375,2,1,1,1,0,0,True,False,False,False,False,V1_P0_C0,low,V1_P0_C0__low
003126,train,1242,375,4,3,1,2,0,1,True,False,True,False,False,V1_P0_C1,low,V1_P0_C1__low
003127,train,1238,374,5,4,1,4,0,0,True,False,False,False,False,V1_P0_C0,medium,V1_P0_C0__medium
003128,train,1242,375,4,3,1,3,0,0,True,False,False,False,False,V1_P0_C0,low,V1_P0_C0__low
003129,train,1242,375,7,2,5,2,0,0,True,False,False,False,False,V1_P0_C0,low,V1_P0_C0__low
003130,val,1224,370,1,1,0,0,1,0,False,True,False,False,False,V0_P1_C0,low,V0_P1_C0__low
003131,val,1242,375,15,9,6,9,0,0,True,False,False,False,False,V1_P0_C0,high,V1_P0_C0__high
003132,val,1242,375,17,15,2,15,0,0,True,False,False,False,False,V1_P0_C0,high,V1_P0_C0__high
003133,train,1238,374,5,4,1,1,3,0,True,True,False,False,False,V1_P1_C0,medium,V1_P1_C0__medium
003134,train,1224,370,1,1,0,0,1,0,False,True,False,False,False,V0_P1_C0,low,V0_P1_C0__low
003135,val,1242,375,9,7,2,5,0,2,True,False,True,False,False,V1_P0_C1,high,V1_P0_C1__high
003136,train,1242,375,8,4,4,4,0,0,True,False,False,False,False,V1_P0_C0,medium,V1_P0_C0__medium
003137,val,1241,376,3,3,0,3,0,0,True,False,False,False,False,V1_P0_C0,low,V1_P0_C0__low
003138,train,1242,375,9,8,1,8,0,0,True,False,False,False,False,V1_P0_C0,high,V1_P0_C0__high
003139,train,1242,375,7,5,2,5,0,0,True,False,False,False,False,V1_P0_C0,medium,V1_P0_C0__medium
003140,train,1242,375,5,2,3,1,1,0,True,True,False,False,False,V1_P1_C0,low,V1_P1_C0__low
003141,train,1242,375,10,8,2,6,2,0,True,True,False,False,False,V1_P1_C0,high,V1_P1_C0__high
003142,train,1242,375,8,5,3,5,0,0,True,False,False,False,False,V1_P0_C0,medium,V1_P0_C0__medium
003143,train,1242,375,7,4,3,4,0,0,True,False,False,False,False,V1_P0_C0,medium,V1_P0_C0__medium
003144,train,1242,375,2,2,0,2,0,0,True,False,False,False,False,V1_P0_C0,low,V1_P0_C0__low
003145,train,1242,375,1,1,0,1,0,0,True,False,False,False,False,V1_P0_C0,low,V1_P0_C0__low
003146,train,1242,375,10,7,3,5,2,0,True,True,False,False,False,V1_P1_C0,high,V1_P1_C0__high
003147,train,1242,375,16,9,7,8,1,0,True,True,False,False,False,V1_P1_C0,high,V1_P1_C0__high
003148,val,1224,370,7,4,3,3,0,1,True,False,True,False,False,V1_P0_C1,medium,V1_P0_C1__medium
003149,train,1242,375,5,3,2,0,3,0,False,True,False,False,False,V0_P1_C0,low,V0_P1_C0__low
003150,train,1242,375,6,5,1,5,0,0,True,False,False,False,False,V1_P0_C0,medium,V1_P0_C0__medium
003151,train,1242,375,8,6,2,6,0,0,True,False,False,False,False,V1_P0_C0,medium,V1_P0_C0__medium
003152,train,1242,375,1,1,0,1,0,0,True,False,False,False,False,V1_P0_C0,low,V1_P0_C0__low
003153,train,1242,375,3,1,2,1,0,0,True,False,False,False,False,V1_P0_C0,low,V1_P0_C0__low
003154,train,1242,375,4,3,1,3,0,0,True,False,False,False,False,V1_P0_C0,low,V1_P0_C0__low
003155,val,1242,375,4,3,1,2,1,0,True,True,False,False,False,V1_P1_C0,low,V1_P1_C0__low
003156,train,1224,370,10,5,5,2,2,1,True,True,True,False,False,V1_P1_C1,medium,V1_P1_C1__medium
003157,train,1242,375,5,4,1,3,0,1,True,False,True,False,False,V1_P0_C1,medium,V1_P0_C1__medium
003158,val,1242,375,3,2,1,1,0,1,True,False,True,False,False,V1_P0_C1,low,V1_P0_C1__low
003159,val,1242,375,12,9,3,7,2,0,True,True,False,False,False,V1_P1_C0,high,V1_P1_C0__high
003160,train,1242,375,11,8,3,8,0,0,True,False,False,False,False,V1_P0_C0,high,V1_P0_C0__high
003161,train,1242,375,3,1,2,1,0,0,True,False,False,False,False,V1_P0_C0,low,V1_P0_C0__low
003162,train,1224,370,1,1,0,0,1,0,False,True,False,False,False,V0_P1_C0,low,V0_P1_C0__low
003163,val,1242,375,15,14,1,13,1,0,True,True,False,False,False,V1_P1_C0,high,V1_P1_C0__high
003164,train,1224,370,1,1,0,0,1,0,False,True,False,False,False,V0_P1_C0,low,V0_P1_C0__low
003165,train,1242,375,4,3,1,3,0,0,True,False,False,False,False,V1_P0_C0,low,V1_P0_C0__low
003166,train,1242,375,2,2,0,1,1,0,True,True,False,False,False,V1_P1_C0,low,V1_P1_C0__low
003167,val,1242,375,9,7,2,7,0,0,True,False,False,False,False,V1_P0_C0,high,V1_P0_C0__high
003168,train,1242,375,3,3,0,3,0,0,True,False,False,False,False,V1_P0_C0,low,V1_P0_C0__low
003169,train,1242,375,13,13,0,13,0,0,True,False,False,False,False,V1_P0_C0,high,V1_P0_C0__high
003170,train,1242,375,6,5,1,5,0,0,True,False,False,False,False,V1_P0_C0,medium,V1_P0_C0__medium
003171,train,1224,370,2,2,0,0,2,0,False,True,False,False,False,V0_P1_C0,low,V0_P1_C0__low
003172,train,1242,375,9,8,1,7,1,0,True,True,False,False,False,V1_P1_C0,high,V1_P1_C0__high
003173,train,1242,375,6,5,1,5,0,0,True,False,False,False,False,V1_P0_C0,medium,V1_P0_C0__medium
003174,train,1242,375,1,1,0,1,0,0,True,False,False,False,False,V1_P0_C0,low,V1_P0_C0__low
003175,train,1242,375,3,3,0,3,0,0,True,False,False,False,False,V1_P0_C0,low,V1_P0_C0__low
003176,train,1242,375,9,6,3,6,0,0,True,False,False,False,False,V1_P0_C0,medium,V1_P0_C0__medium
003177,train,1224,370,1,1,0,0,1,0,False,True,False,False,False,V0_P1_C0,low,V0_P1_C0__low
003178,train,1242,375,6,4,2,2,1,1,True,True,True,False,False,V1_P1_C1,medium,V1_P1_C1__medium
003179,train,1242,375,8,4,4,3,0,1,True,False,True,False,False,V1_P0_C1,medium,V1_P0_C1__medium
003180,train,1242,375,4,2,2,2,0,0,True,False,False,False,False,V1_P0_C0,low,V1_P0_C0__low
003181,train,1242,375,7,4,3,4,0,0,True,False,False,False,False,V1_P0_C0,medium,V1_P0_C0__medium
003182,train,1242,375,4,3,1,2,1,0,True,True,False,False,False,V1_P1_C0,low,V1_P1_C0__low
003183,train,1224,370,5,3,2,2,1,0,True,True,False,False,False,V1_P1_C0,low,V1_P1_C0__low
003184,train,1242,375,4,3,1,3,0,0,True,False,False,False,False,V1_P0_C0,low,V1_P0_C0__low
003185,train,1224,370,1,1,0,0,1,0,False,True,False,False,False,V0_P1_C0,low,V0_P1_C0__low
003186,train,1242,375,2,2,0,2,0,0,True,False,False,False,False,V1_P0_C0,low,V1_P0_C0__low
003187,train,1241,376,7,6,1,6,0,0,True,False,False,False,False,V1_P0_C0,medium,V1_P0_C0__medium
003188,train,1242,375,1,1,0,1,0,0,True,False,False,False,False,V1_P0_C0,low,V1_P0_C0__low
003189,train,1242,375,2,1,1,1,0,0,True,False,False,False,False,V1_P0_C0,low,V1_P0_C0__low
003190,train,1242,375,5,3,2,3,0,0,True,False,False,False,False,V1_P0_C0,low,V1_P0_C0__low
003191,train,1242,375,3,2,1,2,0,0,True,False,False,False,False,V1_P0_C0,low,V1_P0_C0__low
003192,val,1242,375,9,8,1,8,0,0,True,False,False,False,False,V1_P0_C0,high,V1_P0_C0__high
003193,train,1224,370,1,1,0,0,1,0,False,True,False,False,False,V0_P1_C0,low,V0_P1_C0__low
003194,train,1242,375,12,10,2,10,0,0,True,False,False,False,False,V1_P0_C0,high,V1_P0_C0__high
003195,train,1242,375,8,5,3,4,1,0,True,True,False,False,False,V1_P1_C0,medium,V1_P1_C0__medium
003196,val,1242,375,3,2,1,2,0,0,True,False,False,False,False,V1_P0_C0,low,V1_P0_C0__low
003197,train,1242,375,16,14,2,13,0,1,True,False,True,False,False,V1_P0_C1,high,V1_P0_C1__high
003198,train,1242,375,4,1,3,1,0,0,True,False,False,False,False,V1_P0_C0,low,V1_P0_C0__low
003199,train,1224,370,18,15,3,1,14,0,True,True,False,False,False,V1_P1_C0,high,V1_P1_C0__high
003200,train,1242,375,6,6,0,6,0,0,True,False,False,False,False,V1_P0_C0,medium,V1_P0_C0__medium
003201,train,1242,375,5,2,3,2,0,0,True,False,False,False,False,V1_P0_C0,low,V1_P0_C0__low
003202,train,1242,375,3,1,2,0,1,0,False,True,False,False,False,V0_P1_C0,low,V0_P1_C0__low
003203,train,1242,375,13,8,5,8,0,0,True,False,False,False,False,V1_P0_C0,high,V1_P0_C0__high
003204,val,1242,375,2,2,0,2,0,0,True,False,False,False,False,V1_P0_C0,low,V1_P0_C0__low
003205,train,1242,375,2,2,0,2,0,0,True,False,False,False,False,V1_P0_C0,low,V1_P0_C0__low
003206,train,1242,375,12,12,0,10,2,0,True,True,False,False,False,V1_P1_C0,high,V1_P1_C0__high
003207,val,1238,374,5,2,3,1,1,0,True,True,False,False,False,V1_P1_C0,low,V1_P1_C0__low
003208,train,1242,375,9,7,2,7,0,0,True,False,False,False,False,V1_P0_C0,high,V1_P0_C0__high
003209,train,1242,375,13,7,6,7,0,0,True,False,False,False,False,V1_P0_C0,high,V1_P0_C0__high
003210,train,1242,375,4,2,2,1,0,1,True,False,True,False,False,V1_P0_C1,low,V1_P0_C1__low
003211,train,1242,375,10,9,1,9,0,0,True,False,False,False,False,V1_P0_C0,high,V1_P0_C0__high
003212,train,1242,375,4,4,0,4,0,0,True,False,False,False,False,V1_P0_C0,medium,V1_P0_C0__medium
003213,train,1242,375,8,7,1,7,0,0,True,False,False,False,False,V1_P0_C0,high,V1_P0_C0__high
003214,train,1241,376,11,9,2,9,0,0,True,False,False,False,False,V1_P0_C0,high,V1_P0_C0__high
003215,train,1242,375,5,5,0,5,0,0,True,False,False,False,False,V1_P0_C0,medium,V1_P0_C0__medium
003216,train,1241,376,11,7,4,7,0,0,True,False,False,False,False,V1_P0_C0,high,V1_P0_C0__high
003217,train,1242,375,4,2,2,2,0,0,True,False,False,False,False,V1_P0_C0,low,V1_P0_C0__low
003218,val,1242,375,7,2,5,2,0,0,True,False,False,False,False,V1_P0_C0,low,V1_P0_C0__low
003219,train,1242,375,22,21,1,20,0,1,True,False,True,False,False,V1_P0_C1,high,V1_P0_C1__high
003220,train,1242,375,2,2,0,2,0,0,True,False,False,False,False,V1_P0_C0,low,V1_P0_C0__low
003221,train,1224,370,1,1,0,0,1,0,False,True,False,False,False,V0_P1_C0,low,V0_P1_C0__low
003222,train,1242,375,9,3,6,2,0,1,True,False,True,False,False,V1_P0_C1,low,V1_P0_C1__low
003223,val,1242,375,2,2,0,2,0,0,True,False,False,False,False,V1_P0_C0,low,V1_P0_C0__low
003224,train,1242,375,15,9,6,9,0,0,True,False,False,False,False,V1_P0_C0,high,V1_P0_C0__high
003225,train,1242,375,7,6,1,6,0,0,True,False,False,False,False,V1_P0_C0,medium,V1_P0_C0__medium
003226,train,1242,375,6,3,3,3,0,0,True,False,False,False,False,V1_P0_C0,low,V1_P0_C0__low
003227,train,1242,375,8,7,1,7,0,0,True,False,False,False,False,V1_P0_C0,high,V1_P0_C0__high
003228,train,1242,375,7,6,1,6,0,0,True,False,False,False,False,V1_P0_C0,medium,V1_P0_C0__medium
003229,train,1238,374,15,11,4,2,9,0,True,True,False,False,False,V1_P1_C0,high,V1_P1_C0__high
003230,train,1242,375,6,5,1,5,0,0,True,False,False,False,False,V1_P0_C0,medium,V1_P0_C0__medium
003231,train,1242,375,9,7,2,7,0,0,True,False,False,False,False,V1_P0_C0,high,V1_P0_C0__high
003232,train,1224,370,12,8,4,1,7,0,True,True,False,False,False,V1_P1_C0,high,V1_P1_C0__high
003233,train,1238,374,10,7,3,1,6,0,True,True,False,False,False,V1_P1_C0,high,V1_P1_C0__high
003234,train,1224,370,8,7,1,7,0,0,True,False,False,False,False,V1_P0_C0,high,V1_P0_C0__high
003235,train,1242,375,7,4,3,0,3,1,False,True,True,False,False,V0_P1_C1,medium,V0_P1_C1__medium
003236,train,1242,375,11,7,4,7,0,0,True,False,False,False,False,V1_P0_C0,high,V1_P0_C0__high
003237,train,1242,375,16,13,3,11,1,1,True,True,True,False,False,V1_P1_C1,high,V1_P1_C1__high
003238,train,1242,375,8,7,1,3,4,0,True,True,False,False,False,V1_P1_C0,high,V1_P1_C0__high
003239,train,1241,376,5,5,0,5,0,0,True,False,False,False,False,V1_P0_C0,medium,V1_P0_C0__medium
003240,train,1242,375,12,10,2,10,0,0,True,False,False,False,False,V1_P0_C0,high,V1_P0_C0__high
003241,train,1238,374,6,4,2,4,0,0,True,False,False,False,False,V1_P0_C0,medium,V1_P0_C0__medium
003242,train,1242,375,1,1,0,1,0,0,True,False,False,False,False,V1_P0_C0,low,V1_P0_C0__low
003243,train,1242,375,2,1,1,1,0,0,True,False,False,False,False,V1_P0_C0,low,V1_P0_C0__low
003244,train,1242,375,9,5,4,4,0,1,True,False,True,False,False,V1_P0_C1,medium,V1_P0_C1__medium
003245,val,1242,375,8,2,6,2,0,0,True,False,False,False,False,V1_P0_C0,low,V1_P0_C0__low
003246,train,1242,375,9,4,5,4,0,0,True,False,False,False,False,V1_P0_C0,medium,V1_P0_C0__medium
003247,train,1224,370,1,1,0,0,1,0,False,True,False,False,False,V0_P1_C0,low,V0_P1_C0__low
003248,train,1242,375,1,1,0,1,0,0,True,False,False,False,False,V1_P0_C0,low,V1_P0_C0__low
003249,train,1242,375,10,7,3,0,7,0,False,True,False,False,False,V0_P1_C0,high,V0_P1_C0__high
003250,val,1242,375,7,2,5,1,1,0,True,True,False,False,False,V1_P1_C0,low,V1_P1_C0__low
003251,train,1242,375,4,2,2,1,0,1,True,False,True,False,False,V1_P0_C1,low,V1_P0_C1__low
003252,train,1242,375,7,5,2,5,0,0,True,False,False,False,False,V1_P0_C0,medium,V1_P0_C0__medium
003253,train,1242,375,6,3,3,3,0,0,True,False,False,False,False,V1_P0_C0,low,V1_P0_C0__low
003254,val,1242,375,7,5,2,4,0,1,True,False,True,False,False,V1_P0_C1,medium,V1_P0_C1__medium
003255,val,1242,375,6,4,2,4,0,0,True,False,False,False,False,V1_P0_C0,medium,V1_P0_C0__medium
003256,train,1242,375,5,2,3,0,2,0,False,True,False,False,False,V0_P1_C0,low,V0_P1_C0__low
003257,train,1242,375,6,6,0,4,2,0,True,True,False,False,False,V1_P1_C0,medium,V1_P1_C0__medium
003258,val,1242,375,6,2,4,1,0,1,True,False,True,False,False,V1_P0_C1,low,V1_P0_C1__low
003259,train,1242,375,4,1,3,1,0,0,True,False,False,False,False,V1_P0_C0,low,V1_P0_C0__low
003260,train,1242,375,13,11,2,9,1,1,True,True,True,False,False,V1_P1_C1,high,V1_P1_C1__high
003261,train,1242,375,6,2,4,2,0,0,True,False,False,False,False,V1_P0_C0,low,V1_P0_C0__low
003262,train,1242,375,7,4,3,4,0,0,True,False,False,False,False,V1_P0_C0,medium,V1_P0_C0__medium
003263,train,1242,375,3,3,0,3,0,0,True,False,False,False,False,V1_P0_C0,low,V1_P0_C0__low
003264,train,1242,375,6,4,2,3,1,0,True,True,False,False,False,V1_P1_C0,medium,V1_P1_C0__medium
003265,val,1242,375,5,5,0,5,0,0,True,False,False,False,False,V1_P0_C0,medium,V1_P0_C0__medium
003266,train,1242,375,1,1,0,1,0,0,True,False,False,False,False,V1_P0_C0,low,V1_P0_C0__low
003267,train,1242,375,13,8,5,6,2,0,True,True,False,False,False,V1_P1_C0,high,V1_P1_C0__high
003268,val,1238,374,7,5,2,5,0,0,True,False,False,False,False,V1_P0_C0,medium,V1_P0_C0__medium
003269,train,1224,370,1,1,0,0,1,0,False,True,False,False,False,V0_P1_C0,low,V0_P1_C0__low
003270,train,1242,375,4,3,1,3,0,0,True,False,False,False,False,V1_P0_C0,low,V1_P0_C0__low
003271,train,1242,375,4,3,1,3,0,0,True,False,False,False,False,V1_P0_C0,low,V1_P0_C0__low
003272,train,1242,375,4,3,1,3,0,0,True,False,False,False,False,V1_P0_C0,low,V1_P0_C0__low
003273,train,1242,375,8,6,2,6,0,0,True,False,False,False,False,V1_P0_C0,medium,V1_P0_C0__medium
003274,train,1242,375,13,11,2,11,0,0,True,False,False,False,False,V1_P0_C0,high,V1_P0_C0__high
003275,train,1242,375,7,5,2,5,0,0,True,False,False,False,False,V1_P0_C0,medium,V1_P0_C0__medium
003276,train,1242,375,4,2,2,2,0,0,True,False,False,False,False,V1_P0_C0,low,V1_P0_C0__low
003277,train,1224,370,1,1,0,0,1,0,False,True,False,False,False,V0_P1_C0,low,V0_P1_C0__low
003278,train,1242,375,6,6,0,6,0,0,True,False,False,False,False,V1_P0_C0,medium,V1_P0_C0__medium
003279,train,1242,375,3,3,0,3,0,0,True,False,False,False,False,V1_P0_C0,low,V1_P0_C0__low
003280,train,1242,375,9,6,3,6,0,0,True,False,False,False,False,V1_P0_C0,medium,V1_P0_C0__medium
003281,train,1242,375,5,5,0,5,0,0,True,False,False,False,False,V1_P0_C0,medium,V1_P0_C0__medium
003282,val,1242,375,6,2,4,1,1,0,True,True,False,False,False,V1_P1_C0,low,V1_P1_C0__low
003283,train,1242,375,11,10,1,9,0,1,True,False,True,False,False,V1_P0_C1,high,V1_P0_C1__high
003284,train,1242,375,7,5,2,5,0,0,True,False,False,False,False,V1_P0_C0,medium,V1_P0_C0__medium
003285,val,1242,375,5,4,1,4,0,0,True,False,False,False,False,V1_P0_C0,medium,V1_P0_C0__medium
003286,val,1242,375,9,6,3,5,1,0,True,True,False,False,False,V1_P1_C0,medium,V1_P1_C0__medium
003287,train,1224,370,4,4,0,3,0,1,True,False,True,False,False,V1_P0_C1,medium,V1_P0_C1__medium
003288,train,1242,375,13,12,1,12,0,0,True,False,False,False,False,V1_P0_C0,high,V1_P0_C0__high
003289,train,1242,375,12,9,3,6,2,1,True,True,True,False,False,V1_P1_C1,high,V1_P1_C1__high
003290,train,1242,375,4,1,3,1,0,0,True,False,False,False,False,V1_P0_C0,low,V1_P0_C0__low
003291,train,1224,370,7,5,2,5,0,0,True,False,False,False,False,V1_P0_C0,medium,V1_P0_C0__medium
003292,train,1242,375,2,1,1,1,0,0,True,False,False,False,False,V1_P0_C0,low,V1_P0_C0__low
003293,train,1242,375,6,4,2,4,0,0,True,False,False,False,False,V1_P0_C0,medium,V1_P0_C0__medium
003294,val,1242,375,17,6,11,1,4,1,True,True,True,False,False,V1_P1_C1,medium,V1_P1_C1__medium
003295,train,1224,370,1,1,0,0,1,0,False,True,False,False,False,V0_P1_C0,low,V0_P1_C0__low
003296,val,1224,370,11,6,5,3,0,3,True,False,True,False,False,V1_P0_C1,medium,V1_P0_C1__medium
003297,train,1242,375,2,1,1,1,0,0,True,False,False,False,False,V1_P0_C0,low,V1_P0_C0__low
003298,train,1242,375,12,7,5,5,2,0,True,True,False,False,False,V1_P1_C0,high,V1_P1_C0__high
003299,train,1242,375,13,12,1,12,0,0,True,False,False,False,False,V1_P0_C0,high,V1_P0_C0__high
003300,train,1242,375,8,4,4,4,0,0,True,False,False,False,False,V1_P0_C0,medium,V1_P0_C0__medium
003301,train,1242,375,16,13,3,13,0,0,True,False,False,False,False,V1_P0_C0,high,V1_P0_C0__high
003302,val,1242,375,6,6,0,4,1,1,True,True,True,False,False,V1_P1_C1,medium,V1_P1_C1__medium
003303,train,1238,374,6,5,1,5,0,0,True,False,False,False,False,V1_P0_C0,medium,V1_P0_C0__medium
003304,train,1242,375,15,11,4,11,0,0,True,False,False,False,False,V1_P0_C0,high,V1_P0_C0__high
003305,val,1242,375,4,4,0,4,0,0,True,False,False,False,False,V1_P0_C0,medium,V1_P0_C0__medium
003306,train,1238,374,9,5,4,2,3,0,True,True,False,False,False,V1_P1_C0,medium,V1_P1_C0__medium
003307,train,1224,370,1,1,0,0,1,0,False,True,False,False,False,V0_P1_C0,low,V0_P1_C0__low
003308,train,1242,375,7,5,2,5,0,0,True,False,False,False,False,V1_P0_C0,medium,V1_P0_C0__medium
003309,train,1242,375,20,18,2,16,2,0,True,True,False,False,False,V1_P1_C0,high,V1_P1_C0__high
003310,train,1242,375,14,12,2,11,0,1,True,False,True,False,False,V1_P0_C1,high,V1_P0_C1__high
003311,train,1242,375,13,10,3,8,1,1,True,True,True,False,False,V1_P1_C1,high,V1_P1_C1__high
003312,train,1242,375,7,5,2,5,0,0,True,False,False,False,False,V1_P0_C0,medium,V1_P0_C0__medium
003313,train,1242,375,8,6,2,4,0,2,True,False,True,False,False,V1_P0_C1,medium,V1_P0_C1__medium
003314,train,1242,375,7,6,1,6,0,0,True,False,False,False,False,V1_P0_C0,medium,V1_P0_C0__medium
003315,train,1224,370,1,1,0,0,1,0,False,True,False,False,False,V0_P1_C0,low,V0_P1_C0__low
003316,train,1242,375,2,2,0,2,0,0,True,False,False,False,False,V1_P0_C0,low,V1_P0_C0__low
003317,train,1242,375,12,10,2,10,0,0,True,False,False,False,False,V1_P0_C0,high,V1_P0_C0__high
003318,train,1242,375,4,1,3,1,0,0,True,False,False,False,False,V1_P0_C0,low,V1_P0_C0__low
003319,train,1242,375,4,4,0,4,0,0,True,False,False,False,False,V1_P0_C0,medium,V1_P0_C0__medium
003320,train,1242,375,6,6,0,6,0,0,True,False,False,False,False,V1_P0_C0,medium,V1_P0_C0__medium
003321,val,1224,370,1,1,0,0,1,0,False,True,False,False,False,V0_P1_C0,low,V0_P1_C0__low
003322,train,1242,375,5,2,3,2,0,0,True,False,False,False,False,V1_P0_C0,low,V1_P0_C0__low
003323,train,1242,375,11,9,2,7,2,0,True,True,False,False,False,V1_P1_C0,high,V1_P1_C0__high
003324,val,1224,370,3,3,0,1,2,0,True,True,False,False,False,V1_P1_C0,low,V1_P1_C0__low
003325,val,1242,375,7,5,2,5,0,0,True,False,False,False,False,V1_P0_C0,medium,V1_P0_C0__medium
003326,train,1242,375,3,1,2,1,0,0,True,False,False,False,False,V1_P0_C0,low,V1_P0_C0__low
003327,train,1242,375,3,3,0,3,0,0,True,False,False,False,False,V1_P0_C0,low,V1_P0_C0__low
003328,val,1242,375,7,6,1,6,0,0,True,False,False,False,False,V1_P0_C0,medium,V1_P0_C0__medium
003329,val,1242,375,10,4,6,1,2,1,True,True,True,False,False,V1_P1_C1,medium,V1_P1_C1__medium
003330,val,1224,370,1,1,0,0,1,0,False,True,False,False,False,V0_P1_C0,low,V0_P1_C0__low
003331,train,1224,370,1,1,0,0,1,0,False,True,False,False,False,V0_P1_C0,low,V0_P1_C0__low
003332,train,1242,375,4,3,1,3,0,0,True,False,False,False,False,V1_P0_C0,low,V1_P0_C0__low
003333,train,1224,370,1,1,0,0,1,0,False,True,False,False,False,V0_P1_C0,low,V0_P1_C0__low
003334,train,1242,375,11,7,4,7,0,0,True,False,False,False,False,V1_P0_C0,high,V1_P0_C0__high
003335,train,1242,375,12,12,0,12,0,0,True,False,False,False,False,V1_P0_C0,high,V1_P0_C0__high
003336,train,1242,375,9,6,3,5,1,0,True,True,False,False,False,V1_P1_C0,medium,V1_P1_C0__medium
003337,train,1242,375,9,7,2,7,0,0,True,False,False,False,False,V1_P0_C0,high,V1_P0_C0__high
003338,train,1242,375,11,8,3,8,0,0,True,False,False,False,False,V1_P0_C0,high,V1_P0_C0__high
003339,train,1224,370,1,1,0,0,1,0,False,True,False,False,False,V0_P1_C0,low,V0_P1_C0__low
003340,train,1242,375,6,4,2,4,0,0,True,False,False,False,False,V1_P0_C0,medium,V1_P0_C0__medium
003341,train,1241,376,12,10,2,10,0,0,True,False,False,False,False,V1_P0_C0,high,V1_P0_C0__high
003342,train,1242,375,5,5,0,5,0,0,True,False,False,False,False,V1_P0_C0,medium,V1_P0_C0__medium
003343,train,1242,375,7,4,3,4,0,0,True,False,False,False,False,V1_P0_C0,medium,V1_P0_C0__medium
003344,val,1242,375,14,14,0,14,0,0,True,False,False,False,False,V1_P0_C0,high,V1_P0_C0__high
003345,train,1242,375,7,5,2,5,0,0,True,False,False,False,False,V1_P0_C0,medium,V1_P0_C0__medium
003346,train,1242,375,7,5,2,5,0,0,True,False,False,False,False,V1_P0_C0,medium,V1_P0_C0__medium
003347,train,1242,375,9,4,5,4,0,0,True,False,False,False,False,V1_P0_C0,medium,V1_P0_C0__medium
003348,val,1242,375,2,1,1,1,0,0,True,False,False,False,False,V1_P0_C0,low,V1_P0_C0__low
003349,train,1224,370,1,1,0,0,1,0,False,True,False,False,False,V0_P1_C0,low,V0_P1_C0__low
003350,train,1242,375,4,3,1,3,0,0,True,False,False,False,False,V1_P0_C0,low,V1_P0_C0__low
003351,val,1242,375,4,3,1,3,0,0,True,False,False,False,False,V1_P0_C0,low,V1_P0_C0__low
003352,train,1242,375,6,5,1,5,0,0,True,False,False,False,False,V1_P0_C0,medium,V1_P0_C0__medium
003353,train,1242,375,12,9,3,9,0,0,True,False,False,False,False,V1_P0_C0,high,V1_P0_C0__high
003354,train,1242,375,2,1,1,1,0,0,True,False,False,False,False,V1_P0_C0,low,V1_P0_C0__low
003355,train,1242,375,8,7,1,7,0,0,True,False,False,False,False,V1_P0_C0,high,V1_P0_C0__high
003356,train,1242,375,19,19,0,17,2,0,True,True,False,False,False,V1_P1_C0,high,V1_P1_C0__high
003357,train,1242,375,8,7,1,7,0,0,True,False,False,False,False,V1_P0_C0,high,V1_P0_C0__high
003358,train,1242,375,6,5,1,5,0,0,True,False,False,False,False,V1_P0_C0,medium,V1_P0_C0__medium
003359,val,1242,375,8,4,4,1,3,0,True,True,False,False,False,V1_P1_C0,medium,V1_P1_C0__medium
003360,train,1242,375,7,2,5,2,0,0,True,False,False,False,False,V1_P0_C0,low,V1_P0_C0__low
003361,train,1242,375,8,5,3,5,0,0,True,False,False,False,False,V1_P0_C0,medium,V1_P0_C0__medium
003362,train,1242,375,5,1,4,1,0,0,True,False,False,False,False,V1_P0_C0,low,V1_P0_C0__low
003363,train,1242,375,6,1,5,1,0,0,True,False,False,False,False,V1_P0_C0,low,V1_P0_C0__low
003364,train,1242,375,6,3,3,3,0,0,True,False,False,False,False,V1_P0_C0,low,V1_P0_C0__low
003365,train,1242,375,5,1,4,1,0,0,True,False,False,False,False,V1_P0_C0,low,V1_P0_C0__low
003366,train,1242,375,5,2,3,2,0,0,True,False,False,False,False,V1_P0_C0,low,V1_P0_C0__low
003367,train,1242,375,11,6,5,2,2,2,True,True,True,False,False,V1_P1_C1,medium,V1_P1_C1__medium
003368,train,1224,370,7,4,3,3,0,1,True,False,True,False,False,V1_P0_C1,medium,V1_P0_C1__medium
003369,train,1242,375,9,9,0,5,4,0,True,True,False,False,False,V1_P1_C0,high,V1_P1_C0__high
003370,train,1242,375,7,5,2,5,0,0,True,False,False,False,False,V1_P0_C0,medium,V1_P0_C0__medium
003371,train,1242,375,9,6,3,6,0,0,True,False,False,False,False,V1_P0_C0,medium,V1_P0_C0__medium
003372,val,1242,375,3,3,0,3,0,0,True,False,False,False,False,V1_P0_C0,low,V1_P0_C0__low
003373,train,1242,375,4,3,1,2,1,0,True,True,False,False,False,V1_P1_C0,low,V1_P1_C0__low
003374,train,1224,370,7,4,3,4,0,0,True,False,False,False,False,V1_P0_C0,medium,V1_P0_C0__medium
003375,val,1242,375,12,9,3,9,0,0,True,False,False,False,False,V1_P0_C0,high,V1_P0_C0__high
003376,train,1242,375,1,1,0,1,0,0,True,False,False,False,False,V1_P0_C0,low,V1_P0_C0__low
003377,train,1242,375,8,6,2,0,5,1,False,True,True,False,False,V0_P1_C1,medium,V0_P1_C1__medium
003378,train,1242,375,11,5,6,5,0,0,True,False,False,False,False,V1_P0_C0,medium,V1_P0_C0__medium
003379,val,1242,375,11,5,6,0,2,3,False,True,True,False,False,V0_P1_C1,medium,V0_P1_C1__medium
003380,train,1242,375,9,9,0,2,6,1,True,True,True,False,False,V1_P1_C1,high,V1_P1_C1__high
003381,train,1242,375,12,9,3,9,0,0,True,False,False,False,False,V1_P0_C0,high,V1_P0_C0__high
003382,train,1242,375,7,6,1,6,0,0,True,False,False,False,False,V1_P0_C0,medium,V1_P0_C0__medium
003383,train,1242,375,2,2,0,2,0,0,True,False,False,False,False,V1_P0_C0,low,V1_P0_C0__low
003384,train,1242,375,2,2,0,2,0,0,True,False,False,False,False,V1_P0_C0,low,V1_P0_C0__low
003385,val,1242,375,3,2,1,2,0,0,True,False,False,False,False,V1_P0_C0,low,V1_P0_C0__low
003386,train,1242,375,10,8,2,8,0,0,True,False,False,False,False,V1_P0_C0,high,V1_P0_C0__high
003387,train,1224,370,5,4,1,2,2,0,True,True,False,False,False,V1_P1_C0,medium,V1_P1_C0__medium
003388,train,1242,375,9,5,4,5,0,0,True,False,False,False,False,V1_P0_C0,medium,V1_P0_C0__medium
003389,train,1242,375,2,2,0,2,0,0,True,False,False,False,False,V1_P0_C0,low,V1_P0_C0__low
003390,train,1242,375,13,9,4,2,4,3,True,True,True,False,False,V1_P1_C1,high,V1_P1_C1__high
003391,train,1242,375,11,9,2,7,1,1,True,True,True,False,False,V1_P1_C1,high,V1_P1_C1__high
003392,train,1224,370,9,8,1,8,0,0,True,False,False,False,False,V1_P0_C0,high,V1_P0_C0__high
003393,train,1238,374,9,6,3,0,4,2,False,True,True,False,False,V0_P1_C1,medium,V0_P1_C1__medium
003394,val,1242,375,10,9,1,8,0,1,True,False,True,False,False,V1_P0_C1,high,V1_P0_C1__high
003395,train,1242,375,7,5,2,5,0,0,True,False,False,False,False,V1_P0_C0,medium,V1_P0_C0__medium
003396,train,1241,376,8,8,0,8,0,0,True,False,False,False,False,V1_P0_C0,high,V1_P0_C0__high
003397,train,1242,375,4,3,1,3,0,0,True,False,False,False,False,V1_P0_C0,low,V1_P0_C0__low
003398,train,1224,370,19,18,1,4,11,3,True,True,True,False,False,V1_P1_C1,high,V1_P1_C1__high
003399,val,1242,375,4,3,1,3,0,0,True,False,False,False,False,V1_P0_C0,low,V1_P0_C0__low
003400,train,1242,375,2,1,1,1,0,0,True,False,False,False,False,V1_P0_C0,low,V1_P0_C0__low
003401,train,1242,375,4,3,1,3,0,0,True,False,False,False,False,V1_P0_C0,low,V1_P0_C0__low
003402,train,1242,375,8,2,6,1,1,0,True,True,False,False,False,V1_P1_C0,low,V1_P1_C0__low
003403,val,1242,375,7,4,3,3,0,1,True,False,True,False,False,V1_P0_C1,medium,V1_P0_C1__medium
003404,val,1224,370,8,5,3,4,0,1,True,False,True,False,False,V1_P0_C1,medium,V1_P0_C1__medium
003405,train,1242,375,8,5,3,5,0,0,True,False,False,False,False,V1_P0_C0,medium,V1_P0_C0__medium
003406,val,1242,375,2,2,0,2,0,0,True,False,False,False,False,V1_P0_C0,low,V1_P0_C0__low
003407,train,1242,375,10,9,1,8,0,1,True,False,True,False,False,V1_P0_C1,high,V1_P0_C1__high
003408,train,1242,375,6,4,2,4,0,0,True,False,False,False,False,V1_P0_C0,medium,V1_P0_C0__medium
003409,train,1242,375,17,14,3,14,0,0,True,False,False,False,False,V1_P0_C0,high,V1_P0_C0__high
003410,train,1242,375,7,7,0,7,0,0,True,False,False,False,False,V1_P0_C0,high,V1_P0_C0__high
003411,train,1242,375,1,1,0,1,0,0,True,False,False,False,False,V1_P0_C0,low,V1_P0_C0__low
003412,val,1242,375,7,3,4,3,0,0,True,False,False,False,False,V1_P0_C0,low,V1_P0_C0__low
003413,train,1242,375,2,2,0,2,0,0,True,False,False,False,False,V1_P0_C0,low,V1_P0_C0__low
003414,train,1242,375,4,1,3,1,0,0,True,False,False,False,False,V1_P0_C0,low,V1_P0_C0__low
003415,train,1242,375,4,3,1,3,0,0,True,False,False,False,False,V1_P0_C0,low,V1_P0_C0__low
003416,val,1242,375,7,5,2,5,0,0,True,False,False,False,False,V1_P0_C0,medium,V1_P0_C0__medium
003417,train,1242,375,8,6,2,5,1,0,True,True,False,False,False,V1_P1_C0,medium,V1_P1_C0__medium
003418,val,1242,375,6,4,2,4,0,0,True,False,False,False,False,V1_P0_C0,medium,V1_P0_C0__medium
003419,val,1242,375,5,2,3,2,0,0,True,False,False,False,False,V1_P0_C0,low,V1_P0_C0__low
003420,val,1242,375,1,1,0,1,0,0,True,False,False,False,False,V1_P0_C0,low,V1_P0_C0__low
003421,val,1224,370,1,1,0,0,1,0,False,True,False,False,False,V0_P1_C0,low,V0_P1_C0__low
003422,train,1242,375,7,4,3,3,0,1,True,False,True,False,False,V1_P0_C1,medium,V1_P0_C1__medium
003423,val,1242,375,5,5,0,5,0,0,True,False,False,False,False,V1_P0_C0,medium,V1_P0_C0__medium
003424,train,1242,375,5,1,4,1,0,0,True,False,False,False,False,V1_P0_C0,low,V1_P0_C0__low
003425,val,1242,375,3,2,1,2,0,0,True,False,False,False,False,V1_P0_C0,low,V1_P0_C0__low
003426,val,1224,370,8,5,3,2,2,1,True,True,True,False,False,V1_P1_C1,medium,V1_P1_C1__medium
003427,train,1242,375,2,2,0,2,0,0,True,False,False,False,False,V1_P0_C0,low,V1_P0_C0__low
003428,train,1242,375,5,3,2,3,0,0,True,False,False,False,False,V1_P0_C0,low,V1_P0_C0__low
003429,train,1242,375,6,4,2,4,0,0,True,False,False,False,False,V1_P0_C0,medium,V1_P0_C0__medium
003430,train,1242,375,6,5,1,5,0,0,True,False,False,False,False,V1_P0_C0,medium,V1_P0_C0__medium
003431,val,1242,375,2,2,0,2,0,0,True,False,False,False,False,V1_P0_C0,low,V1_P0_C0__low
003432,train,1242,375,5,4,1,4,0,0,True,False,False,False,False,V1_P0_C0,medium,V1_P0_C0__medium
003433,val,1242,375,2,2,0,2,0,0,True,False,False,False,False,V1_P0_C0,low,V1_P0_C0__low
003434,train,1242,375,10,8,2,8,0,0,True,False,False,False,False,V1_P0_C0,high,V1_P0_C0__high
003435,train,1224,370,1,1,0,0,1,0,False,True,False,False,False,V0_P1_C0,low,V0_P1_C0__low
003436,train,1242,375,15,8,7,8,0,0,True,False,False,False,False,V1_P0_C0,high,V1_P0_C0__high
003437,train,1224,370,10,9,1,0,7,2,False,True,True,False,False,V0_P1_C1,high,V0_P1_C1__high
003438,train,1242,375,9,9,0,2,6,1,True,True,True,False,False,V1_P1_C1,high,V1_P1_C1__high
003439,train,1242,375,3,3,0,3,0,0,True,False,False,False,False,V1_P0_C0,low,V1_P0_C0__low
003440,train,1242,375,14,13,1,13,0,0,True,False,False,False,False,V1_P0_C0,high,V1_P0_C0__high
003441,train,1242,375,11,9,2,9,0,0,True,False,False,False,False,V1_P0_C0,high,V1_P0_C0__high
003442,train,1242,375,14,12,2,7,3,2,True,True,True,False,False,V1_P1_C1,high,V1_P1_C1__high
003443,train,1242,375,9,7,2,7,0,0,True,False,False,False,False,V1_P0_C0,high,V1_P0_C0__high
003444,train,1242,375,18,15,3,15,0,0,True,False,False,False,False,V1_P0_C0,high,V1_P0_C0__high
003445,train,1242,375,2,1,1,1,0,0,True,False,False,False,False,V1_P0_C0,low,V1_P0_C0__low
003446,val,1242,375,1,1,0,1,0,0,True,False,False,False,False,V1_P0_C0,low,V1_P0_C0__low
003447,train,1242,375,4,1,3,1,0,0,True,False,False,False,False,V1_P0_C0,low,V1_P0_C0__low
003448,val,1242,375,1,1,0,1,0,0,True,False,False,False,False,V1_P0_C0,low,V1_P0_C0__low
003449,train,1242,375,1,1,0,1,0,0,True,False,False,False,False,V1_P0_C0,low,V1_P0_C0__low
003450,train,1242,375,6,3,3,2,0,1,True,False,True,False,False,V1_P0_C1,low,V1_P0_C1__low
003451,train,1242,375,2,2,0,2,0,0,True,False,False,False,False,V1_P0_C0,low,V1_P0_C0__low
003452,train,1242,375,2,2,0,2,0,0,True,False,False,False,False,V1_P0_C0,low,V1_P0_C0__low
003453,val,1242,375,6,3,3,3,0,0,True,False,False,False,False,V1_P0_C0,low,V1_P0_C0__low
003454,val,1224,370,14,10,4,0,6,4,False,True,True,False,False,V0_P1_C1,high,V0_P1_C1__high
003455,train,1242,375,8,6,2,0,6,0,False,True,False,False,False,V0_P1_C0,medium,V0_P1_C0__medium
003456,train,1242,375,3,3,0,3,0,0,True,False,False,False,False,V1_P0_C0,low,V1_P0_C0__low
003457,train,1242,375,6,4,2,4,0,0,True,False,False,False,False,V1_P0_C0,medium,V1_P0_C0__medium
003458,val,1242,375,7,4,3,4,0,0,True,False,False,False,False,V1_P0_C0,medium,V1_P0_C0__medium
003459,train,1242,375,18,13,5,12,1,0,True,True,False,False,False,V1_P1_C0,high,V1_P1_C0__high
003460,train,1242,375,4,4,0,4,0,0,True,False,False,False,False,V1_P0_C0,medium,V1_P0_C0__medium
003461,train,1238,374,5,4,1,4,0,0,True,False,False,False,False,V1_P0_C0,medium,V1_P0_C0__medium
003462,train,1242,375,7,5,2,5,0,0,True,False,False,False,False,V1_P0_C0,medium,V1_P0_C0__medium
003463,train,1242,375,4,3,1,3,0,0,True,False,False,False,False,V1_P0_C0,low,V1_P0_C0__low
003464,train,1224,370,19,16,3,1,15,0,True,True,False,False,False,V1_P1_C0,high,V1_P1_C0__high
003465,train,1242,375,7,7,0,6,1,0,True,True,False,False,False,V1_P1_C0,high,V1_P1_C0__high
003466,train,1238,374,7,6,1,2,2,2,True,True,True,False,False,V1_P1_C1,medium,V1_P1_C1__medium
003467,val,1242,375,3,2,1,2,0,0,True,False,False,False,False,V1_P0_C0,low,V1_P0_C0__low
003468,val,1242,375,3,1,2,1,0,0,True,False,False,False,False,V1_P0_C0,low,V1_P0_C0__low
003469,train,1242,375,5,2,3,1,0,1,True,False,True,False,False,V1_P0_C1,low,V1_P0_C1__low
003470,train,1242,375,8,4,4,4,0,0,True,False,False,False,False,V1_P0_C0,medium,V1_P0_C0__medium
003471,train,1241,376,8,6,2,6,0,0,True,False,False,False,False,V1_P0_C0,medium,V1_P0_C0__medium
003472,train,1224,370,17,16,1,4,12,0,True,True,False,False,False,V1_P1_C0,high,V1_P1_C0__high
003473,train,1242,375,14,13,1,13,0,0,True,False,False,False,False,V1_P0_C0,high,V1_P0_C0__high
003474,train,1242,375,12,10,2,10,0,0,True,False,False,False,False,V1_P0_C0,high,V1_P0_C0__high
003475,train,1242,375,2,1,1,1,0,0,True,False,False,False,False,V1_P0_C0,low,V1_P0_C0__low
003476,val,1224,370,1,1,0,0,1,0,False,True,False,False,False,V0_P1_C0,low,V0_P1_C0__low
003477,train,1242,375,7,4,3,4,0,0,True,False,False,False,False,V1_P0_C0,medium,V1_P0_C0__medium
003478,train,1242,375,10,8,2,7,0,1,True,False,True,False,False,V1_P0_C1,high,V1_P0_C1__high
003479,val,1242,375,7,5,2,5,0,0,True,False,False,False,False,V1_P0_C0,medium,V1_P0_C0__medium
003480,val,1238,374,11,8,3,0,6,2,False,True,True,False,False,V0_P1_C1,high,V0_P1_C1__high
003481,train,1224,370,1,1,0,0,1,0,False,True,False,False,False,V0_P1_C0,low,V0_P1_C0__low
003482,train,1242,375,5,4,1,4,0,0,True,False,False,False,False,V1_P0_C0,medium,V1_P0_C0__medium
003483,val,1242,375,7,4,3,4,0,0,True,False,False,False,False,V1_P0_C0,medium,V1_P0_C0__medium
003484,train,1242,375,7,6,1,6,0,0,True,False,False,False,False,V1_P0_C0,medium,V1_P0_C0__medium
003485,train,1242,375,4,1,3,1,0,0,True,False,False,False,False,V1_P0_C0,low,V1_P0_C0__low
003486,train,1242,375,6,5,1,5,0,0,True,False,False,False,False,V1_P0_C0,medium,V1_P0_C0__medium
003487,val,1238,374,12,11,1,3,8,0,True,True,False,False,False,V1_P1_C0,high,V1_P1_C0__high
003488,train,1241,376,11,9,2,9,0,0,True,False,False,False,False,V1_P0_C0,high,V1_P0_C0__high
003489,train,1224,370,12,9,3,2,5,2,True,True,True,False,False,V1_P1_C1,high,V1_P1_C1__high
003490,train,1242,375,8,6,2,4,1,1,True,True,True,False,False,V1_P1_C1,medium,V1_P1_C1__medium
003491,train,1224,370,1,1,0,0,1,0,False,True,False,False,False,V0_P1_C0,low,V0_P1_C0__low
003492,train,1238,374,6,1,5,0,1,0,False,True,False,False,False,V0_P1_C0,low,V0_P1_C0__low
003493,train,1242,375,8,5,3,5,0,0,True,False,False,False,False,V1_P0_C0,medium,V1_P0_C0__medium
003494,train,1242,375,13,11,2,10,1,0,True,True,False,False,False,V1_P1_C0,high,V1_P1_C0__high
003495,train,1242,375,5,2,3,2,0,0,True,False,False,False,False,V1_P0_C0,low,V1_P0_C0__low
003496,train,1242,375,4,2,2,2,0,0,True,False,False,False,False,V1_P0_C0,low,V1_P0_C0__low
003497,train,1242,375,7,7,0,7,0,0,True,False,False,False,False,V1_P0_C0,high,V1_P0_C0__high
003498,val,1242,375,10,10,0,9,1,0,True,True,False,False,False,V1_P1_C0,high,V1_P1_C0__high
003499,train,1242,375,7,5,2,5,0,0,True,False,False,False,False,V1_P0_C0,medium,V1_P0_C0__medium
003500,val,1242,375,14,14,0,14,0,0,True,False,False,False,False,V1_P0_C0,high,V1_P0_C0__high
003501,train,1242,375,6,5,1,5,0,0,True,False,False,False,False,V1_P0_C0,medium,V1_P0_C0__medium
003502,train,1224,370,22,17,5,1,16,0,True,True,False,False,False,V1_P1_C0,high,V1_P1_C0__high
003503,train,1242,375,6,5,1,5,0,0,True,False,False,False,False,V1_P0_C0,medium,V1_P0_C0__medium
003504,val,1242,375,3,2,1,2,0,0,True,False,False,False,False,V1_P0_C0,low,V1_P0_C0__low
003505,train,1242,375,6,5,1,5,0,0,True,False,False,False,False,V1_P0_C0,medium,V1_P0_C0__medium
003506,train,1242,375,5,5,0,5,0,0,True,False,False,False,False,V1_P0_C0,medium,V1_P0_C0__medium
003507,train,1242,375,14,13,1,13,0,0,True,False,False,False,False,V1_P0_C0,high,V1_P0_C0__high
003508,train,1242,375,14,13,1,13,0,0,True,False,False,False,False,V1_P0_C0,high,V1_P0_C0__high
003509,train,1242,375,4,3,1,3,0,0,True,False,False,False,False,V1_P0_C0,low,V1_P0_C0__low
003510,train,1242,375,11,6,5,4,0,2,True,False,True,False,False,V1_P0_C1,medium,V1_P0_C1__medium
003511,val,1238,374,5,4,1,2,2,0,True,True,False,False,False,V1_P1_C0,medium,V1_P1_C0__medium
003512,train,1242,375,15,5,10,3,0,2,True,False,True,False,False,V1_P0_C1,medium,V1_P0_C1__medium
003513,train,1242,375,11,9,2,9,0,0,True,False,False,False,False,V1_P0_C0,high,V1_P0_C0__high
003514,train,1242,375,14,11,3,10,1,0,True,True,False,False,False,V1_P1_C0,high,V1_P1_C0__high
003515,train,1242,375,5,5,0,5,0,0,True,False,False,False,False,V1_P0_C0,medium,V1_P0_C0__medium
003516,train,1242,375,3,3,0,2,0,1,True,False,True,False,False,V1_P0_C1,low,V1_P0_C1__low
003517,val,1242,375,5,5,0,5,0,0,True,False,False,False,False,V1_P0_C0,medium,V1_P0_C0__medium
003518,train,1242,375,6,6,0,2,3,1,True,True,True,False,False,V1_P1_C1,medium,V1_P1_C1__medium
003519,train,1242,375,5,5,0,5,0,0,True,False,False,False,False,V1_P0_C0,medium,V1_P0_C0__medium
003520,train,1242,375,5,3,2,3,0,0,True,False,False,False,False,V1_P0_C0,low,V1_P0_C0__low
003521,train,1242,375,9,8,1,8,0,0,True,False,False,False,False,V1_P0_C0,high,V1_P0_C0__high
003522,train,1242,375,2,1,1,1,0,0,True,False,False,False,False,V1_P0_C0,low,V1_P0_C0__low
003523,train,1242,375,6,1,5,1,0,0,True,False,False,False,False,V1_P0_C0,low,V1_P0_C0__low
003524,train,1242,375,4,3,1,3,0,0,True,False,False,False,False,V1_P0_C0,low,V1_P0_C0__low
003525,val,1242,375,10,4,6,4,0,0,True,False,False,False,False,V1_P0_C0,medium,V1_P0_C0__medium
003526,val,1224,370,13,10,3,0,6,4,False,True,True,False,False,V0_P1_C1,high,V0_P1_C1__high
003527,train,1224,370,8,3,5,2,0,1,True,False,True,False,False,V1_P0_C1,low,V1_P0_C1__low
003528,train,1241,376,9,4,5,4,0,0,True,False,False,False,False,V1_P0_C0,medium,V1_P0_C0__medium
003529,train,1242,375,10,9,1,9,0,0,True,False,False,False,False,V1_P0_C0,high,V1_P0_C0__high
003530,train,1242,375,5,2,3,1,0,1,True,False,True,False,False,V1_P0_C1,low,V1_P0_C1__low
003531,train,1242,375,15,11,4,11,0,0,True,False,False,False,False,V1_P0_C0,high,V1_P0_C0__high
003532,val,1242,375,3,3,0,3,0,0,True,False,False,False,False,V1_P0_C0,low,V1_P0_C0__low
003533,train,1242,375,5,2,3,1,0,1,True,False,True,False,False,V1_P0_C1,low,V1_P0_C1__low
003534,val,1242,375,8,4,4,3,0,1,True,False,True,False,False,V1_P0_C1,medium,V1_P0_C1__medium
003535,train,1242,375,6,3,3,3,0,0,True,False,False,False,False,V1_P0_C0,low,V1_P0_C0__low
003536,val,1242,375,3,2,1,2,0,0,True,False,False,False,False,V1_P0_C0,low,V1_P0_C0__low
003537,train,1242,375,15,14,1,14,0,0,True,False,False,False,False,V1_P0_C0,high,V1_P0_C0__high
003538,train,1242,375,7,5,2,5,0,0,True,False,False,False,False,V1_P0_C0,medium,V1_P0_C0__medium
003539,train,1242,375,7,4,3,4,0,0,True,False,False,False,False,V1_P0_C0,medium,V1_P0_C0__medium
003540,train,1242,375,6,6,0,2,3,1,True,True,True,False,False,V1_P1_C1,medium,V1_P1_C1__medium
003541,train,1242,375,12,11,1,11,0,0,True,False,False,False,False,V1_P0_C0,high,V1_P0_C0__high
003542,train,1242,375,3,3,0,3,0,0,True,False,False,False,False,V1_P0_C0,low,V1_P0_C0__low
003543,train,1238,374,6,4,2,4,0,0,True,False,False,False,False,V1_P0_C0,medium,V1_P0_C0__medium
003544,train,1242,375,20,14,6,13,1,0,True,True,False,False,False,V1_P1_C0,high,V1_P1_C0__high
003545,train,1242,375,10,5,5,5,0,0,True,False,False,False,False,V1_P0_C0,medium,V1_P0_C0__medium
003546,train,1242,375,4,4,0,4,0,0,True,False,False,False,False,V1_P0_C0,medium,V1_P0_C0__medium
003547,train,1242,375,6,4,2,4,0,0,True,False,False,False,False,V1_P0_C0,medium,V1_P0_C0__medium
003548,train,1242,375,9,5,4,4,0,1,True,False,True,False,False,V1_P0_C1,medium,V1_P0_C1__medium
003549,val,1242,375,8,7,1,7,0,0,True,False,False,False,False,V1_P0_C0,high,V1_P0_C0__high
003550,val,1238,374,7,6,1,2,2,2,True,True,True,False,False,V1_P1_C1,medium,V1_P1_C1__medium
003551,train,1242,375,8,6,2,6,0,0,True,False,False,False,False,V1_P0_C0,medium,V1_P0_C0__medium
003552,train,1238,374,5,4,1,2,2,0,True,True,False,False,False,V1_P1_C0,medium,V1_P1_C0__medium
003553,train,1242,375,7,3,4,3,0,0,True,False,False,False,False,V1_P0_C0,low,V1_P0_C0__low
003554,train,1242,375,18,14,4,13,1,0,True,True,False,False,False,V1_P1_C0,high,V1_P1_C0__high
003555,train,1242,375,16,9,7,7,2,0,True,True,False,False,False,V1_P1_C0,high,V1_P1_C0__high
003556,train,1242,375,10,4,6,3,1,0,True,True,False,False,False,V1_P1_C0,medium,V1_P1_C0__medium
003557,train,1242,375,3,2,1,2,0,0,True,False,False,False,False,V1_P0_C0,low,V1_P0_C0__low
003558,val,1242,375,4,2,2,2,0,0,True,False,False,False,False,V1_P0_C0,low,V1_P0_C0__low
003559,val,1242,375,3,2,1,2,0,0,True,False,False,False,False,V1_P0_C0,low,V1_P0_C0__low
003560,val,1224,370,9,9,0,1,6,2,True,True,True,False,False,V1_P1_C1,high,V1_P1_C1__high
003561,train,1242,375,7,4,3,4,0,0,True,False,False,False,False,V1_P0_C0,medium,V1_P0_C0__medium
003562,train,1242,375,5,3,2,3,0,0,True,False,False,False,False,V1_P0_C0,low,V1_P0_C0__low
003563,train,1241,376,11,8,3,8,0,0,True,False,False,False,False,V1_P0_C0,high,V1_P0_C0__high
003564,val,1242,375,12,11,1,10,0,1,True,False,True,False,False,V1_P0_C1,high,V1_P0_C1__high
003565,train,1242,375,10,9,1,9,0,0,True,False,False,False,False,V1_P0_C0,high,V1_P0_C0__high
003566,train,1242,375,9,7,2,7,0,0,True,False,False,False,False,V1_P0_C0,high,V1_P0_C0__high
003567,train,1242,375,8,6,2,6,0,0,True,False,False,False,False,V1_P0_C0,medium,V1_P0_C0__medium
003568,train,1241,376,10,7,3,7,0,0,True,False,False,False,False,V1_P0_C0,high,V1_P0_C0__high
003569,train,1242,375,7,6,1,6,0,0,True,False,False,False,False,V1_P0_C0,medium,V1_P0_C0__medium
003570,train,1238,374,6,6,0,6,0,0,True,False,False,False,False,V1_P0_C0,medium,V1_P0_C0__medium
003571,train,1224,370,1,1,0,0,1,0,False,True,False,False,False,V0_P1_C0,low,V0_P1_C0__low
003572,val,1242,375,5,2,3,2,0,0,True,False,False,False,False,V1_P0_C0,low,V1_P0_C0__low
003573,train,1242,375,3,2,1,1,0,1,True,False,True,False,False,V1_P0_C1,low,V1_P0_C1__low
003574,train,1242,375,15,12,3,12,0,0,True,False,False,False,False,V1_P0_C0,high,V1_P0_C0__high
003575,train,1242,375,4,2,2,2,0,0,True,False,False,False,False,V1_P0_C0,low,V1_P0_C0__low
003576,train,1224,370,1,1,0,0,1,0,False,True,False,False,False,V0_P1_C0,low,V0_P1_C0__low
003577,train,1242,375,17,16,1,16,0,0,True,False,False,False,False,V1_P0_C0,high,V1_P0_C0__high
003578,val,1242,375,2,2,0,2,0,0,True,False,False,False,False,V1_P0_C0,low,V1_P0_C0__low
003579,train,1242,375,6,6,0,6,0,0,True,False,False,False,False,V1_P0_C0,medium,V1_P0_C0__medium
003580,val,1242,375,4,2,2,1,0,1,True,False,True,False,False,V1_P0_C1,low,V1_P0_C1__low
003581,train,1242,375,4,4,0,4,0,0,True,False,False,False,False,V1_P0_C0,medium,V1_P0_C0__medium
003582,train,1242,375,1,1,0,1,0,0,True,False,False,False,False,V1_P0_C0,low,V1_P0_C0__low
003583,train,1242,375,6,4,2,3,0,1,True,False,True,False,False,V1_P0_C1,medium,V1_P0_C1__medium
003584,train,1242,375,4,2,2,2,0,0,True,False,False,False,False,V1_P0_C0,low,V1_P0_C0__low
003585,train,1242,375,12,10,2,9,0,1,True,False,True,False,False,V1_P0_C1,high,V1_P0_C1__high
003586,train,1242,375,13,2,11,0,2,0,False,True,False,False,False,V0_P1_C0,low,V0_P1_C0__low
003587,train,1224,370,1,1,0,0,1,0,False,True,False,False,False,V0_P1_C0,low,V0_P1_C0__low
003588,train,1242,375,6,4,2,4,0,0,True,False,False,False,False,V1_P0_C0,medium,V1_P0_C0__medium
003589,train,1242,375,12,7,5,0,5,2,False,True,True,False,False,V0_P1_C1,high,V0_P1_C1__high
003590,val,1242,375,6,2,4,2,0,0,True,False,False,False,False,V1_P0_C0,low,V1_P0_C0__low
003591,val,1224,370,1,1,0,0,1,0,False,True,False,False,False,V0_P1_C0,low,V0_P1_C0__low
003592,train,1242,375,6,4,2,4,0,0,True,False,False,False,False,V1_P0_C0,medium,V1_P0_C0__medium
003593,val,1242,375,6,1,5,1,0,0,True,False,False,False,False,V1_P0_C0,low,V1_P0_C0__low
003594,val,1242,375,2,1,1,1,0,0,True,False,False,False,False,V1_P0_C0,low,V1_P0_C0__low
003595,val,1242,375,5,4,1,4,0,0,True,False,False,False,False,V1_P0_C0,medium,V1_P0_C0__medium
003596,train,1242,375,2,1,1,1,0,0,True,False,False,False,False,V1_P0_C0,low,V1_P0_C0__low
003597,val,1242,375,8,1,7,1,0,0,True,False,False,False,False,V1_P0_C0,low,V1_P0_C0__low
003598,train,1242,375,8,5,3,5,0,0,True,False,False,False,False,V1_P0_C0,medium,V1_P0_C0__medium
003599,train,1242,375,14,14,0,14,0,0,True,False,False,False,False,V1_P0_C0,high,V1_P0_C0__high
003600,train,1242,375,7,4,3,4,0,0,True,False,False,False,False,V1_P0_C0,medium,V1_P0_C0__medium
003601,train,1242,375,6,4,2,4,0,0,True,False,False,False,False,V1_P0_C0,medium,V1_P0_C0__medium
003602,train,1242,375,10,9,1,7,1,1,True,True,True,False,False,V1_P1_C1,high,V1_P1_C1__high
003603,train,1242,375,11,11,0,10,1,0,True,True,False,False,False,V1_P1_C0,high,V1_P1_C0__high
003604,train,1242,375,2,2,0,2,0,0,True,False,False,False,False,V1_P0_C0,low,V1_P0_C0__low
003605,train,1242,375,15,12,3,12,0,0,True,False,False,False,False,V1_P0_C0,high,V1_P0_C0__high
003606,train,1242,375,9,2,7,2,0,0,True,False,False,False,False,V1_P0_C0,low,V1_P0_C0__low
003607,train,1242,375,3,2,1,2,0,0,True,False,False,False,False,V1_P0_C0,low,V1_P0_C0__low
003608,train,1242,375,9,3,6,0,2,1,False,True,True,False,False,V0_P1_C1,low,V0_P1_C1__low
003609,val,1242,375,12,10,2,10,0,0,True,False,False,False,False,V1_P0_C0,high,V1_P0_C0__high
003610,train,1242,375,2,2,0,2,0,0,True,False,False,False,False,V1_P0_C0,low,V1_P0_C0__low
003611,val,1242,375,4,2,2,1,0,1,True,False,True,False,False,V1_P0_C1,low,V1_P0_C1__low
003612,train,1242,375,6,1,5,1,0,0,True,False,False,False,False,V1_P0_C0,low,V1_P0_C0__low
003613,train,1242,375,4,2,2,2,0,0,True,False,False,False,False,V1_P0_C0,low,V1_P0_C0__low
003614,train,1241,376,4,3,1,3,0,0,True,False,False,False,False,V1_P0_C0,low,V1_P0_C0__low
003615,train,1242,375,4,3,1,2,0,1,True,False,True,False,False,V1_P0_C1,low,V1_P0_C1__low
003616,train,1242,375,4,3,1,1,0,2,True,False,True,False,False,V1_P0_C1,low,V1_P0_C1__low
003617,val,1224,370,1,1,0,0,1,0,False,True,False,False,False,V0_P1_C0,low,V0_P1_C0__low
003618,train,1242,375,10,9,1,9,0,0,True,False,False,False,False,V1_P0_C0,high,V1_P0_C0__high
003619,train,1242,375,5,4,1,3,0,1,True,False,True,False,False,V1_P0_C1,medium,V1_P0_C1__medium
003620,train,1242,375,12,11,1,11,0,0,True,False,False,False,False,V1_P0_C0,high,V1_P0_C0__high
003621,train,1242,375,15,14,1,13,0,1,True,False,True,False,False,V1_P0_C1,high,V1_P0_C1__high
003622,train,1241,376,13,12,1,12,0,0,True,False,False,False,False,V1_P0_C0,high,V1_P0_C0__high
003623,val,1242,375,3,1,2,1,0,0,True,False,False,False,False,V1_P0_C0,low,V1_P0_C0__low
003624,train,1242,375,5,4,1,4,0,0,True,False,False,False,False,V1_P0_C0,medium,V1_P0_C0__medium
003625,train,1224,370,10,9,1,9,0,0,True,False,False,False,False,V1_P0_C0,high,V1_P0_C0__high
003626,train,1242,375,6,4,2,3,0,1,True,False,True,False,False,V1_P0_C1,medium,V1_P0_C1__medium
003627,train,1242,375,5,2,3,2,0,0,True,False,False,False,False,V1_P0_C0,low,V1_P0_C0__low
003628,train,1224,370,7,6,1,4,2,0,True,True,False,False,False,V1_P1_C0,medium,V1_P1_C0__medium
003629,val,1242,375,5,2,3,2,0,0,True,False,False,False,False,V1_P0_C0,low,V1_P0_C0__low
003630,train,1242,375,5,2,3,2,0,0,True,False,False,False,False,V1_P0_C0,low,V1_P0_C0__low
003631,train,1242,375,3,1,2,1,0,0,True,False,False,False,False,V1_P0_C0,low,V1_P0_C0__low
003632,train,1238,374,9,7,2,1,6,0,True,True,False,False,False,V1_P1_C0,high,V1_P1_C0__high
003633,train,1242,375,14,13,1,12,0,1,True,False,True,False,False,V1_P0_C1,high,V1_P0_C1__high
003634,val,1224,370,3,2,1,1,1,0,True,True,False,False,False,V1_P1_C0,low,V1_P1_C0__low
003635,train,1242,375,2,1,1,1,0,0,True,False,False,False,False,V1_P0_C0,low,V1_P0_C0__low
003636,train,1242,375,2,1,1,1,0,0,True,False,False,False,False,V1_P0_C0,low,V1_P0_C0__low
003637,train,1242,375,4,3,1,3,0,0,True,False,False,False,False,V1_P0_C0,low,V1_P0_C0__low
003638,train,1242,375,8,4,4,4,0,0,True,False,False,False,False,V1_P0_C0,medium,V1_P0_C0__medium
003639,val,1242,375,9,6,3,6,0,0,True,False,False,False,False,V1_P0_C0,medium,V1_P0_C0__medium
003640,train,1242,375,5,4,1,4,0,0,True,False,False,False,False,V1_P0_C0,medium,V1_P0_C0__medium
003641,train,1242,375,13,11,2,9,1,1,True,True,True,False,False,V1_P1_C1,high,V1_P1_C1__high
003642,train,1242,375,20,17,3,15,2,0,True,True,False,False,False,V1_P1_C0,high,V1_P1_C0__high
003643,train,1242,375,5,3,2,1,0,2,True,False,True,False,False,V1_P0_C1,low,V1_P0_C1__low
003644,train,1242,375,7,2,5,0,2,0,False,True,False,False,False,V0_P1_C0,low,V0_P1_C0__low
003645,train,1242,375,7,3,4,3,0,0,True,False,False,False,False,V1_P0_C0,low,V1_P0_C0__low
003646,train,1242,375,17,16,1,15,1,0,True,True,False,False,False,V1_P1_C0,high,V1_P1_C0__high
003647,val,1242,375,7,6,1,6,0,0,True,False,False,False,False,V1_P0_C0,medium,V1_P0_C0__medium
003648,train,1242,375,16,9,7,9,0,0,True,False,False,False,False,V1_P0_C0,high,V1_P0_C0__high
003649,train,1224,370,3,2,1,1,1,0,True,True,False,False,False,V1_P1_C0,low,V1_P1_C0__low
003650,val,1242,375,7,4,3,4,0,0,True,False,False,False,False,V1_P0_C0,medium,V1_P0_C0__medium
003651,train,1242,375,8,7,1,7,0,0,True,False,False,False,False,V1_P0_C0,high,V1_P0_C0__high
003652,train,1242,375,11,9,2,9,0,0,True,False,False,False,False,V1_P0_C0,high,V1_P0_C0__high
003653,train,1242,375,13,13,0,12,0,1,True,False,True,False,False,V1_P0_C1,high,V1_P0_C1__high
003654,train,1242,375,2,1,1,1,0,0,True,False,False,False,False,V1_P0_C0,low,V1_P0_C0__low
003655,train,1242,375,4,3,1,3,0,0,True,False,False,False,False,V1_P0_C0,low,V1_P0_C0__low
003656,train,1242,375,9,6,3,6,0,0,True,False,False,False,False,V1_P0_C0,medium,V1_P0_C0__medium
003657,train,1242,375,14,12,2,12,0,0,True,False,False,False,False,V1_P0_C0,high,V1_P0_C0__high
003658,train,1242,375,7,5,2,5,0,0,True,False,False,False,False,V1_P0_C0,medium,V1_P0_C0__medium
003659,train,1241,376,10,9,1,9,0,0,True,False,False,False,False,V1_P0_C0,high,V1_P0_C0__high
003660,val,1242,375,3,3,0,3,0,0,True,False,False,False,False,V1_P0_C0,low,V1_P0_C0__low
003661,train,1242,375,13,13,0,12,0,1,True,False,True,False,False,V1_P0_C1,high,V1_P0_C1__high
003662,val,1242,375,8,7,1,7,0,0,True,False,False,False,False,V1_P0_C0,high,V1_P0_C0__high
003663,train,1242,375,13,10,3,8,1,1,True,True,True,False,False,V1_P1_C1,high,V1_P1_C1__high
003664,train,1242,375,10,6,4,5,1,0,True,True,False,False,False,V1_P1_C0,medium,V1_P1_C0__medium
003665,train,1242,375,2,1,1,1,0,0,True,False,False,False,False,V1_P0_C0,low,V1_P0_C0__low
003666,val,1242,375,12,8,4,8,0,0,True,False,False,False,False,V1_P0_C0,high,V1_P0_C0__high
003667,train,1224,370,7,4,3,1,3,0,True,True,False,False,False,V1_P1_C0,medium,V1_P1_C0__medium
003668,train,1224,370,8,5,3,2,2,1,True,True,True,False,False,V1_P1_C1,medium,V1_P1_C1__medium
003669,train,1238,374,6,4,2,4,0,0,True,False,False,False,False,V1_P0_C0,medium,V1_P0_C0__medium
003670,train,1224,370,1,1,0,0,1,0,False,True,False,False,False,V0_P1_C0,low,V0_P1_C0__low
003671,train,1242,375,3,2,1,2,0,0,True,False,False,False,False,V1_P0_C0,low,V1_P0_C0__low
003672,train,1242,375,5,3,2,3,0,0,True,False,False,False,False,V1_P0_C0,low,V1_P0_C0__low
003673,train,1242,375,3,1,2,1,0,0,True,False,False,False,False,V1_P0_C0,low,V1_P0_C0__low
003674,val,1242,375,10,9,1,9,0,0,True,False,False,False,False,V1_P0_C0,high,V1_P0_C0__high
003675,train,1224,370,1,1,0,0,1,0,False,True,False,False,False,V0_P1_C0,low,V0_P1_C0__low
003676,train,1242,375,13,12,1,12,0,0,True,False,False,False,False,V1_P0_C0,high,V1_P0_C0__high
003677,train,1242,375,11,8,3,5,0,3,True,False,True,False,False,V1_P0_C1,high,V1_P0_C1__high
003678,train,1242,375,6,3,3,2,0,1,True,False,True,False,False,V1_P0_C1,low,V1_P0_C1__low
003679,train,1242,375,6,3,3,3,0,0,True,False,False,False,False,V1_P0_C0,low,V1_P0_C0__low
003680,train,1242,375,2,1,1,1,0,0,True,False,False,False,False,V1_P0_C0,low,V1_P0_C0__low
003681,train,1242,375,11,8,3,8,0,0,True,False,False,False,False,V1_P0_C0,high,V1_P0_C0__high
003682,train,1242,375,4,2,2,1,0,1,True,False,True,False,False,V1_P0_C1,low,V1_P0_C1__low
003683,val,1238,374,14,13,1,1,12,0,True,True,False,False,False,V1_P1_C0,high,V1_P1_C0__high
003684,train,1242,375,11,8,3,8,0,0,True,False,False,False,False,V1_P0_C0,high,V1_P0_C0__high
003685,train,1242,375,4,2,2,2,0,0,True,False,False,False,False,V1_P0_C0,low,V1_P0_C0__low
003686,train,1242,375,11,10,1,8,1,1,True,True,True,False,False,V1_P1_C1,high,V1_P1_C1__high
003687,train,1242,375,10,9,1,5,4,0,True,True,False,False,False,V1_P1_C0,high,V1_P1_C0__high
003688,train,1238,374,10,6,4,1,5,0,True,True,False,False,False,V1_P1_C0,medium,V1_P1_C0__medium
003689,train,1242,375,4,1,3,1,0,0,True,False,False,False,False,V1_P0_C0,low,V1_P0_C0__low
003690,train,1242,375,16,9,7,9,0,0,True,False,False,False,False,V1_P0_C0,high,V1_P0_C0__high
003691,train,1242,375,11,11,0,10,0,1,True,False,True,False,False,V1_P0_C1,high,V1_P0_C1__high
003692,train,1242,375,10,2,8,2,0,0,True,False,False,False,False,V1_P0_C0,low,V1_P0_C0__low
003693,train,1242,375,2,2,0,2,0,0,True,False,False,False,False,V1_P0_C0,low,V1_P0_C0__low
003694,train,1224,370,1,1,0,0,1,0,False,True,False,False,False,V0_P1_C0,low,V0_P1_C0__low
003695,train,1242,375,14,14,0,14,0,0,True,False,False,False,False,V1_P0_C0,high,V1_P0_C0__high
003696,train,1242,375,4,3,1,1,1,1,True,True,True,False,False,V1_P1_C1,low,V1_P1_C1__low
003697,train,1242,375,8,6,2,6,0,0,True,False,False,False,False,V1_P0_C0,medium,V1_P0_C0__medium
003698,val,1242,375,6,4,2,4,0,0,True,False,False,False,False,V1_P0_C0,medium,V1_P0_C0__medium
003699,train,1242,375,4,2,2,2,0,0,True,False,False,False,False,V1_P0_C0,low,V1_P0_C0__low
003700,val,1224,370,1,1,0,0,1,0,False,True,False,False,False,V0_P1_C0,low,V0_P1_C0__low
003701,train,1242,375,8,8,0,8,0,0,True,False,False,False,False,V1_P0_C0,high,V1_P0_C0__high
003702,train,1242,375,5,2,3,2,0,0,True,False,False,False,False,V1_P0_C0,low,V1_P0_C0__low
003703,train,1224,370,1,1,0,0,1,0,False,True,False,False,False,V0_P1_C0,low,V0_P1_C0__low
003704,train,1242,375,19,15,4,15,0,0,True,False,False,False,False,V1_P0_C0,high,V1_P0_C0__high
003705,train,1242,375,5,3,2,3,0,0,True,False,False,False,False,V1_P0_C0,low,V1_P0_C0__low
003706,train,1242,375,13,10,3,8,1,1,True,True,True,False,False,V1_P1_C1,high,V1_P1_C1__high
003707,val,1242,375,2,1,1,1,0,0,True,False,False,False,False,V1_P0_C0,low,V1_P0_C0__low
003708,train,1242,375,12,9,3,9,0,0,True,False,False,False,False,V1_P0_C0,high,V1_P0_C0__high
003709,val,1224,370,10,9,1,1,6,2,True,True,True,False,False,V1_P1_C1,high,V1_P1_C1__high
003710,train,1242,375,5,3,2,3,0,0,True,False,False,False,False,V1_P0_C0,low,V1_P0_C0__low
003711,train,1242,375,3,3,0,3,0,0,True,False,False,False,False,V1_P0_C0,low,V1_P0_C0__low
003712,train,1242,375,3,2,1,2,0,0,True,False,False,False,False,V1_P0_C0,low,V1_P0_C0__low
003713,train,1242,375,9,6,3,5,0,1,True,False,True,False,False,V1_P0_C1,medium,V1_P0_C1__medium
003714,train,1242,375,2,2,0,2,0,0,True,False,False,False,False,V1_P0_C0,low,V1_P0_C0__low
003715,val,1242,375,7,7,0,7,0,0,True,False,False,False,False,V1_P0_C0,high,V1_P0_C0__high
003716,val,1242,375,6,4,2,4,0,0,True,False,False,False,False,V1_P0_C0,medium,V1_P0_C0__medium
003717,train,1224,370,9,8,1,8,0,0,True,False,False,False,False,V1_P0_C0,high,V1_P0_C0__high
003718,train,1238,374,21,16,5,1,15,0,True,True,False,False,False,V1_P1_C0,high,V1_P1_C0__high
003719,train,1242,375,9,8,1,8,0,0,True,False,False,False,False,V1_P0_C0,high,V1_P0_C0__high
003720,train,1242,375,6,4,2,4,0,0,True,False,False,False,False,V1_P0_C0,medium,V1_P0_C0__medium
003721,train,1242,375,5,5,0,5,0,0,True,False,False,False,False,V1_P0_C0,medium,V1_P0_C0__medium
003722,train,1242,375,8,7,1,6,1,0,True,True,False,False,False,V1_P1_C0,high,V1_P1_C0__high
003723,train,1238,374,6,2,4,1,1,0,True,True,False,False,False,V1_P1_C0,low,V1_P1_C0__low
003724,train,1242,375,2,1,1,1,0,0,True,False,False,False,False,V1_P0_C0,low,V1_P0_C0__low
003725,val,1242,375,11,10,1,9,1,0,True,True,False,False,False,V1_P1_C0,high,V1_P1_C0__high
003726,train,1242,375,6,4,2,2,0,2,True,False,True,False,False,V1_P0_C1,medium,V1_P0_C1__medium
003727,train,1242,375,2,1,1,1,0,0,True,False,False,False,False,V1_P0_C0,low,V1_P0_C0__low
003728,train,1238,374,10,5,5,1,4,0,True,True,False,False,False,V1_P1_C0,medium,V1_P1_C0__medium
003729,train,1242,375,3,2,1,2,0,0,True,False,False,False,False,V1_P0_C0,low,V1_P0_C0__low
003730,train,1242,375,11,9,2,9,0,0,True,False,False,False,False,V1_P0_C0,high,V1_P0_C0__high
003731,val,1242,375,6,6,0,6,0,0,True,False,False,False,False,V1_P0_C0,medium,V1_P0_C0__medium
003732,train,1238,374,6,6,0,6,0,0,True,False,False,False,False,V1_P0_C0,medium,V1_P0_C0__medium
003733,train,1242,375,3,2,1,2,0,0,True,False,False,False,False,V1_P0_C0,low,V1_P0_C0__low
003734,train,1242,375,8,3,5,3,0,0,True,False,False,False,False,V1_P0_C0,low,V1_P0_C0__low
003735,train,1241,376,10,7,3,7,0,0,True,False,False,False,False,V1_P0_C0,high,V1_P0_C0__high
003736,val,1242,375,9,7,2,7,0,0,True,False,False,False,False,V1_P0_C0,high,V1_P0_C0__high
003737,val,1224,370,1,1,0,0,1,0,False,True,False,False,False,V0_P1_C0,low,V0_P1_C0__low
003738,train,1242,375,4,2,2,2,0,0,True,False,False,False,False,V1_P0_C0,low,V1_P0_C0__low
003739,val,1238,374,6,4,2,2,2,0,True,True,False,False,False,V1_P1_C0,medium,V1_P1_C0__medium
003740,train,1242,375,8,7,1,0,5,2,False,True,True,False,False,V0_P1_C1,high,V0_P1_C1__high
003741,train,1242,375,4,2,2,2,0,0,True,False,False,False,False,V1_P0_C0,low,V1_P0_C0__low
003742,train,1238,374,6,5,1,5,0,0,True,False,False,False,False,V1_P0_C0,medium,V1_P0_C0__medium
003743,train,1242,375,5,1,4,1,0,0,True,False,False,False,False,V1_P0_C0,low,V1_P0_C0__low
003744,val,1242,375,13,12,1,11,1,0,True,True,False,False,False,V1_P1_C0,high,V1_P1_C0__high
003745,train,1242,375,7,6,1,6,0,0,True,False,False,False,False,V1_P0_C0,medium,V1_P0_C0__medium
003746,train,1242,375,10,9,1,7,0,2,True,False,True,False,False,V1_P0_C1,high,V1_P0_C1__high
003747,val,1242,375,5,4,1,4,0,0,True,False,False,False,False,V1_P0_C0,medium,V1_P0_C0__medium
003748,val,1242,375,7,1,6,1,0,0,True,False,False,False,False,V1_P0_C0,low,V1_P0_C0__low
003749,train,1242,375,14,10,4,10,0,0,True,False,False,False,False,V1_P0_C0,high,V1_P0_C0__high
003750,train,1242,375,5,2,3,1,0,1,True,False,True,False,False,V1_P0_C1,low,V1_P0_C1__low
003751,train,1242,375,5,3,2,3,0,0,True,False,False,False,False,V1_P0_C0,low,V1_P0_C0__low
003752,train,1242,375,2,1,1,1,0,0,True,False,False,False,False,V1_P0_C0,low,V1_P0_C0__low
003753,train,1238,374,18,16,2,1,14,1,True,True,True,False,False,V1_P1_C1,high,V1_P1_C1__high
003754,train,1242,375,2,2,0,2,0,0,True,False,False,False,False,V1_P0_C0,low,V1_P0_C0__low
003755,train,1242,375,10,9,1,9,0,0,True,False,False,False,False,V1_P0_C0,high,V1_P0_C0__high
003756,train,1242,375,5,4,1,4,0,0,True,False,False,False,False,V1_P0_C0,medium,V1_P0_C0__medium
003757,train,1242,375,6,3,3,3,0,0,True,False,False,False,False,V1_P0_C0,low,V1_P0_C0__low
003758,train,1242,375,19,19,0,17,2,0,True,True,False,False,False,V1_P1_C0,high,V1_P1_C0__high
003759,train,1242,375,9,7,2,0,5,2,False,True,True,False,False,V0_P1_C1,high,V0_P1_C1__high
003760,train,1242,375,7,4,3,4,0,0,True,False,False,False,False,V1_P0_C0,medium,V1_P0_C0__medium
003761,train,1242,375,8,2,6,2,0,0,True,False,False,False,False,V1_P0_C0,low,V1_P0_C0__low
003762,train,1242,375,3,1,2,0,1,0,False,True,False,False,False,V0_P1_C0,low,V0_P1_C0__low
003763,train,1238,374,8,6,2,1,4,1,True,True,True,False,False,V1_P1_C1,medium,V1_P1_C1__medium
003764,train,1242,375,5,4,1,4,0,0,True,False,False,False,False,V1_P0_C0,medium,V1_P0_C0__medium
003765,train,1242,375,17,10,7,1,6,3,True,True,True,False,False,V1_P1_C1,high,V1_P1_C1__high
003766,train,1224,370,11,11,0,1,9,1,True,True,True,False,False,V1_P1_C1,high,V1_P1_C1__high
003767,train,1242,375,7,5,2,5,0,0,True,False,False,False,False,V1_P0_C0,medium,V1_P0_C0__medium
003768,train,1242,375,1,1,0,1,0,0,True,False,False,False,False,V1_P0_C0,low,V1_P0_C0__low
003769,train,1242,375,3,2,1,2,0,0,True,False,False,False,False,V1_P0_C0,low,V1_P0_C0__low
003770,train,1224,370,1,1,0,0,1,0,False,True,False,False,False,V0_P1_C0,low,V0_P1_C0__low
003771,train,1242,375,3,2,1,2,0,0,True,False,False,False,False,V1_P0_C0,low,V1_P0_C0__low
003772,train,1242,375,13,8,5,8,0,0,True,False,False,False,False,V1_P0_C0,high,V1_P0_C0__high
003773,train,1242,375,4,1,3,1,0,0,True,False,False,False,False,V1_P0_C0,low,V1_P0_C0__low
003774,train,1224,370,2,2,0,1,1,0,True,True,False,False,False,V1_P1_C0,low,V1_P1_C0__low
003775,train,1242,375,10,6,4,5,1,0,True,True,False,False,False,V1_P1_C0,medium,V1_P1_C0__medium
003776,val,1242,375,5,1,4,1,0,0,True,False,False,False,False,V1_P0_C0,low,V1_P0_C0__low
003777,train,1242,375,3,1,2,0,1,0,False,True,False,False,False,V0_P1_C0,low,V0_P1_C0__low
003778,train,1242,375,10,7,3,7,0,0,True,False,False,False,False,V1_P0_C0,high,V1_P0_C0__high
003779,val,1242,375,11,10,1,9,0,1,True,False,True,False,False,V1_P0_C1,high,V1_P0_C1__high
003780,train,1238,374,6,5,1,5,0,0,True,False,False,False,False,V1_P0_C0,medium,V1_P0_C0__medium
003781,train,1241,376,10,9,1,9,0,0,True,False,False,False,False,V1_P0_C0,high,V1_P0_C0__high
003782,val,1242,375,10,8,2,8,0,0,True,False,False,False,False,V1_P0_C0,high,V1_P0_C0__high
003783,train,1242,375,3,3,0,3,0,0,True,False,False,False,False,V1_P0_C0,low,V1_P0_C0__low
003784,val,1242,375,7,5,2,1,4,0,True,True,False,False,False,V1_P1_C0,medium,V1_P1_C0__medium
003785,val,1242,375,12,11,1,11,0,0,True,False,False,False,False,V1_P0_C0,high,V1_P0_C0__high
003786,val,1224,370,1,1,0,0,1,0,False,True,False,False,False,V0_P1_C0,low,V0_P1_C0__low
003787,val,1224,370,1,1,0,0,1,0,False,True,False,False,False,V0_P1_C0,low,V0_P1_C0__low
003788,train,1242,375,4,2,2,2,0,0,True,False,False,False,False,V1_P0_C0,low,V1_P0_C0__low
003789,train,1242,375,1,1,0,1,0,0,True,False,False,False,False,V1_P0_C0,low,V1_P0_C0__low
003790,train,1242,375,12,7,5,6,1,0,True,True,False,False,False,V1_P1_C0,high,V1_P1_C0__high
003791,val,1242,375,2,1,1,1,0,0,True,False,False,False,False,V1_P0_C0,low,V1_P0_C0__low
003792,train,1242,375,11,9,2,9,0,0,True,False,False,False,False,V1_P0_C0,high,V1_P0_C0__high
003793,val,1224,370,7,6,1,2,3,1,True,True,True,False,False,V1_P1_C1,medium,V1_P1_C1__medium
003794,train,1242,375,6,4,2,4,0,0,True,False,False,False,False,V1_P0_C0,medium,V1_P0_C0__medium
003795,train,1242,375,2,2,0,2,0,0,True,False,False,False,False,V1_P0_C0,low,V1_P0_C0__low
003796,train,1242,375,11,6,5,6,0,0,True,False,False,False,False,V1_P0_C0,medium,V1_P0_C0__medium
003797,train,1224,370,1,1,0,0,1,0,False,True,False,False,False,V0_P1_C0,low,V0_P1_C0__low
003798,train,1242,375,2,2,0,2,0,0,True,False,False,False,False,V1_P0_C0,low,V1_P0_C0__low
003799,train,1242,375,5,5,0,5,0,0,True,False,False,False,False,V1_P0_C0,medium,V1_P0_C0__medium
003800,train,1242,375,10,8,2,6,2,0,True,True,False,False,False,V1_P1_C0,high,V1_P1_C0__high
003801,train,1242,375,15,14,1,13,1,0,True,True,False,False,False,V1_P1_C0,high,V1_P1_C0__high
003802,train,1242,375,10,8,2,8,0,0,True,False,False,False,False,V1_P0_C0,high,V1_P0_C0__high
003803,train,1242,375,8,6,2,6,0,0,True,False,False,False,False,V1_P0_C0,medium,V1_P0_C0__medium
003804,train,1241,376,14,13,1,13,0,0,True,False,False,False,False,V1_P0_C0,high,V1_P0_C0__high
003805,train,1238,374,14,13,1,3,10,0,True,True,False,False,False,V1_P1_C0,high,V1_P1_C0__high
003806,train,1242,375,13,11,2,11,0,0,True,False,False,False,False,V1_P0_C0,high,V1_P0_C0__high
003807,train,1241,376,10,8,2,8,0,0,True,False,False,False,False,V1_P0_C0,high,V1_P0_C0__high
003808,train,1242,375,8,7,1,7,0,0,True,False,False,False,False,V1_P0_C0,high,V1_P0_C0__high
003809,val,1242,375,5,4,1,3,0,1,True,False,True,False,False,V1_P0_C1,medium,V1_P0_C1__medium
003810,train,1242,375,9,6,3,6,0,0,True,False,False,False,False,V1_P0_C0,medium,V1_P0_C0__medium
003811,train,1242,375,9,7,2,7,0,0,True,False,False,False,False,V1_P0_C0,high,V1_P0_C0__high
003812,train,1241,376,10,9,1,9,0,0,True,False,False,False,False,V1_P0_C0,high,V1_P0_C0__high
003813,train,1242,375,16,16,0,16,0,0,True,False,False,False,False,V1_P0_C0,high,V1_P0_C0__high
003814,train,1242,375,4,2,2,2,0,0,True,False,False,False,False,V1_P0_C0,low,V1_P0_C0__low
003815,train,1242,375,2,1,1,1,0,0,True,False,False,False,False,V1_P0_C0,low,V1_P0_C0__low
003816,val,1242,375,8,7,1,7,0,0,True,False,False,False,False,V1_P0_C0,high,V1_P0_C0__high
003817,train,1242,375,2,2,0,2,0,0,True,False,False,False,False,V1_P0_C0,low,V1_P0_C0__low
003818,val,1242,375,7,5,2,5,0,0,True,False,False,False,False,V1_P0_C0,medium,V1_P0_C0__medium
003819,train,1224,370,1,1,0,0,1,0,False,True,False,False,False,V0_P1_C0,low,V0_P1_C0__low
003820,train,1242,375,5,5,0,5,0,0,True,False,False,False,False,V1_P0_C0,medium,V1_P0_C0__medium
003821,train,1242,375,3,2,1,2,0,0,True,False,False,False,False,V1_P0_C0,low,V1_P0_C0__low
003822,train,1242,375,13,11,2,11,0,0,True,False,False,False,False,V1_P0_C0,high,V1_P0_C0__high
003823,train,1224,370,1,1,0,0,1,0,False,True,False,False,False,V0_P1_C0,low,V0_P1_C0__low
003824,train,1242,375,7,5,2,5,0,0,True,False,False,False,False,V1_P0_C0,medium,V1_P0_C0__medium
003825,val,1242,375,3,1,2,1,0,0,True,False,False,False,False,V1_P0_C0,low,V1_P0_C0__low
003826,train,1238,374,12,7,5,2,5,0,True,True,False,False,False,V1_P1_C0,high,V1_P1_C0__high
003827,train,1242,375,6,3,3,3,0,0,True,False,False,False,False,V1_P0_C0,low,V1_P0_C0__low
003828,train,1242,375,3,2,1,2,0,0,True,False,False,False,False,V1_P0_C0,low,V1_P0_C0__low
003829,train,1238,374,6,5,1,5,0,0,True,False,False,False,False,V1_P0_C0,medium,V1_P0_C0__medium
003830,train,1242,375,12,10,2,10,0,0,True,False,False,False,False,V1_P0_C0,high,V1_P0_C0__high
003831,train,1242,375,13,11,2,11,0,0,True,False,False,False,False,V1_P0_C0,high,V1_P0_C0__high
003832,train,1242,375,6,4,2,4,0,0,True,False,False,False,False,V1_P0_C0,medium,V1_P0_C0__medium
003833,train,1242,375,9,6,3,6,0,0,True,False,False,False,False,V1_P0_C0,medium,V1_P0_C0__medium
003834,train,1242,375,5,4,1,4,0,0,True,False,False,False,False,V1_P0_C0,medium,V1_P0_C0__medium
003835,train,1242,375,2,1,1,1,0,0,True,False,False,False,False,V1_P0_C0,low,V1_P0_C0__low
003836,train,1242,375,13,10,3,10,0,0,True,False,False,False,False,V1_P0_C0,high,V1_P0_C0__high
003837,train,1242,375,4,3,1,3,0,0,True,False,False,False,False,V1_P0_C0,low,V1_P0_C0__low
003838,train,1224,370,1,1,0,0,1,0,False,True,False,False,False,V0_P1_C0,low,V0_P1_C0__low
003839,train,1242,375,9,7,2,7,0,0,True,False,False,False,False,V1_P0_C0,high,V1_P0_C0__high
003840,val,1242,375,12,7,5,7,0,0,True,False,False,False,False,V1_P0_C0,high,V1_P0_C0__high
003841,val,1242,375,4,2,2,2,0,0,True,False,False,False,False,V1_P0_C0,low,V1_P0_C0__low
003842,val,1224,370,8,5,3,5,0,0,True,False,False,False,False,V1_P0_C0,medium,V1_P0_C0__medium
003843,train,1242,375,4,1,3,1,0,0,True,False,False,False,False,V1_P0_C0,low,V1_P0_C0__low
003844,train,1242,375,8,5,3,5,0,0,True,False,False,False,False,V1_P0_C0,medium,V1_P0_C0__medium
003845,train,1242,375,8,5,3,5,0,0,True,False,False,False,False,V1_P0_C0,medium,V1_P0_C0__medium
003846,train,1242,375,7,4,3,4,0,0,True,False,False,False,False,V1_P0_C0,medium,V1_P0_C0__medium
003847,train,1242,375,7,5,2,5,0,0,True,False,False,False,False,V1_P0_C0,medium,V1_P0_C0__medium
003848,train,1242,375,8,7,1,7,0,0,True,False,False,False,False,V1_P0_C0,high,V1_P0_C0__high
003849,val,1224,370,1,1,0,0,1,0,False,True,False,False,False,V0_P1_C0,low,V0_P1_C0__low
003850,train,1242,375,6,3,3,3,0,0,True,False,False,False,False,V1_P0_C0,low,V1_P0_C0__low
003851,train,1242,375,5,5,0,5,0,0,True,False,False,False,False,V1_P0_C0,medium,V1_P0_C0__medium
003852,train,1242,375,10,8,2,8,0,0,True,False,False,False,False,V1_P0_C0,high,V1_P0_C0__high
003853,val,1238,374,5,4,1,4,0,0,True,False,False,False,False,V1_P0_C0,medium,V1_P0_C0__medium
003854,train,1242,375,6,3,3,3,0,0,True,False,False,False,False,V1_P0_C0,low,V1_P0_C0__low
003855,train,1242,375,13,11,2,11,0,0,True,False,False,False,False,V1_P0_C0,high,V1_P0_C0__high
003856,train,1224,370,6,3,3,2,0,1,True,False,True,False,False,V1_P0_C1,low,V1_P0_C1__low
003857,val,1242,375,13,13,0,13,0,0,True,False,False,False,False,V1_P0_C0,high,V1_P0_C0__high
003858,val,1224,370,1,1,0,0,1,0,False,True,False,False,False,V0_P1_C0,low,V0_P1_C0__low
003859,train,1238,374,6,5,1,5,0,0,True,False,False,False,False,V1_P0_C0,medium,V1_P0_C0__medium
003860,train,1242,375,7,5,2,5,0,0,True,False,False,False,False,V1_P0_C0,medium,V1_P0_C0__medium
003861,train,1242,375,7,4,3,3,1,0,True,True,False,False,False,V1_P1_C0,medium,V1_P1_C0__medium
003862,train,1242,375,6,2,4,1,0,1,True,False,True,False,False,V1_P0_C1,low,V1_P0_C1__low
003863,val,1242,375,14,13,1,13,0,0,True,False,False,False,False,V1_P0_C0,high,V1_P0_C0__high
003864,val,1242,375,12,11,1,11,0,0,True,False,False,False,False,V1_P0_C0,high,V1_P0_C0__high
003865,train,1242,375,7,5,2,5,0,0,True,False,False,False,False,V1_P0_C0,medium,V1_P0_C0__medium
003866,train,1242,375,8,6,2,6,0,0,True,False,False,False,False,V1_P0_C0,medium,V1_P0_C0__medium
003867,val,1242,375,2,2,0,2,0,0,True,False,False,False,False,V1_P0_C0,low,V1_P0_C0__low
003868,val,1242,375,7,1,6,1,0,0,True,False,False,False,False,V1_P0_C0,low,V1_P0_C0__low
003869,train,1242,375,5,2,3,1,0,1,True,False,True,False,False,V1_P0_C1,low,V1_P0_C1__low
003870,train,1242,375,13,10,3,10,0,0,True,False,False,False,False,V1_P0_C0,high,V1_P0_C0__high
003871,train,1242,375,5,3,2,3,0,0,True,False,False,False,False,V1_P0_C0,low,V1_P0_C0__low
003872,train,1241,376,11,10,1,10,0,0,True,False,False,False,False,V1_P0_C0,high,V1_P0_C0__high
003873,train,1242,375,8,3,5,3,0,0,True,False,False,False,False,V1_P0_C0,low,V1_P0_C0__low
003874,train,1242,375,5,3,2,3,0,0,True,False,False,False,False,V1_P0_C0,low,V1_P0_C0__low
003875,train,1242,375,4,2,2,2,0,0,True,False,False,False,False,V1_P0_C0,low,V1_P0_C0__low
003876,train,1242,375,11,9,2,5,4,0,True,True,False,False,False,V1_P1_C0,high,V1_P1_C0__high
003877,train,1242,375,6,2,4,2,0,0,True,False,False,False,False,V1_P0_C0,low,V1_P0_C0__low
003878,val,1242,375,8,4,4,3,0,1,True,False,True,False,False,V1_P0_C1,medium,V1_P0_C1__medium
003879,train,1242,375,7,6,1,6,0,0,True,False,False,False,False,V1_P0_C0,medium,V1_P0_C0__medium
003880,train,1238,374,8,5,3,1,4,0,True,True,False,False,False,V1_P1_C0,medium,V1_P1_C0__medium
003881,train,1238,374,6,4,2,4,0,0,True,False,False,False,False,V1_P0_C0,medium,V1_P0_C0__medium
003882,train,1224,370,8,6,2,6,0,0,True,False,False,False,False,V1_P0_C0,medium,V1_P0_C0__medium
003883,train,1238,374,5,4,1,4,0,0,True,False,False,False,False,V1_P0_C0,medium,V1_P0_C0__medium
003884,train,1242,375,9,6,3,6,0,0,True,False,False,False,False,V1_P0_C0,medium,V1_P0_C0__medium
003885,val,1242,375,9,8,1,7,0,1,True,False,True,False,False,V1_P0_C1,high,V1_P0_C1__high
003886,train,1242,375,5,5,0,5,0,0,True,False,False,False,False,V1_P0_C0,medium,V1_P0_C0__medium
003887,train,1242,375,11,10,1,9,1,0,True,True,False,False,False,V1_P1_C0,high,V1_P1_C0__high
003888,val,1242,375,1,1,0,1,0,0,True,False,False,False,False,V1_P0_C0,low,V1_P0_C0__low
003889,val,1242,375,3,2,1,2,0,0,True,False,False,False,False,V1_P0_C0,low,V1_P0_C0__low
003890,train,1242,375,9,2,7,2,0,0,True,False,False,False,False,V1_P0_C0,low,V1_P0_C0__low
003891,train,1242,375,11,7,4,7,0,0,True,False,False,False,False,V1_P0_C0,high,V1_P0_C0__high
003892,train,1242,375,4,3,1,3,0,0,True,False,False,False,False,V1_P0_C0,low,V1_P0_C0__low
003893,train,1242,375,3,2,1,2,0,0,True,False,False,False,False,V1_P0_C0,low,V1_P0_C0__low
003894,val,1242,375,9,8,1,8,0,0,True,False,False,False,False,V1_P0_C0,high,V1_P0_C0__high
003895,train,1242,375,2,1,1,1,0,0,True,False,False,False,False,V1_P0_C0,low,V1_P0_C0__low
003896,val,1242,375,8,5,3,5,0,0,True,False,False,False,False,V1_P0_C0,medium,V1_P0_C0__medium
003897,val,1242,375,5,3,2,2,0,1,True,False,True,False,False,V1_P0_C1,low,V1_P0_C1__low
003898,train,1242,375,7,6,1,6,0,0,True,False,False,False,False,V1_P0_C0,medium,V1_P0_C0__medium
003899,train,1242,375,5,3,2,2,0,1,True,False,True,False,False,V1_P0_C1,low,V1_P0_C1__low
003900,train,1242,375,8,3,5,3,0,0,True,False,False,False,False,V1_P0_C0,low,V1_P0_C0__low
003901,train,1242,375,11,9,2,9,0,0,True,False,False,False,False,V1_P0_C0,high,V1_P0_C0__high
003902,val,1242,375,11,8,3,8,0,0,True,False,False,False,False,V1_P0_C0,high,V1_P0_C0__high
003903,train,1242,375,13,11,2,11,0,0,True,False,False,False,False,V1_P0_C0,high,V1_P0_C0__high
003904,val,1242,375,10,9,1,9,0,0,True,False,False,False,False,V1_P0_C0,high,V1_P0_C0__high
003905,train,1224,370,1,1,0,0,1,0,False,True,False,False,False,V0_P1_C0,low,V0_P1_C0__low
003906,train,1242,375,5,1,4,1,0,0,True,False,False,False,False,V1_P0_C0,low,V1_P0_C0__low
003907,val,1242,375,3,3,0,3,0,0,True,False,False,False,False,V1_P0_C0,low,V1_P0_C0__low
003908,train,1242,375,10,3,7,3,0,0,True,False,False,False,False,V1_P0_C0,low,V1_P0_C0__low
003909,train,1242,375,7,4,3,4,0,0,True,False,False,False,False,V1_P0_C0,medium,V1_P0_C0__medium
003910,val,1242,375,9,7,2,7,0,0,True,False,False,False,False,V1_P0_C0,high,V1_P0_C0__high
003911,train,1242,375,10,6,4,6,0,0,True,False,False,False,False,V1_P0_C0,medium,V1_P0_C0__medium
003912,train,1242,375,11,6,5,4,1,1,True,True,True,False,False,V1_P1_C1,medium,V1_P1_C1__medium
003913,train,1242,375,2,1,1,1,0,0,True,False,False,False,False,V1_P0_C0,low,V1_P0_C0__low
003914,train,1242,375,6,4,2,4,0,0,True,False,False,False,False,V1_P0_C0,medium,V1_P0_C0__medium
003915,train,1242,375,11,10,1,10,0,0,True,False,False,False,False,V1_P0_C0,high,V1_P0_C0__high
003916,train,1242,375,5,3,2,3,0,0,True,False,False,False,False,V1_P0_C0,low,V1_P0_C0__low
003917,train,1242,375,15,15,0,15,0,0,True,False,False,False,False,V1_P0_C0,high,V1_P0_C0__high
003918,train,1242,375,4,1,3,1,0,0,True,False,False,False,False,V1_P0_C0,low,V1_P0_C0__low
003919,val,1242,375,4,3,1,3,0,0,True,False,False,False,False,V1_P0_C0,low,V1_P0_C0__low
003920,train,1238,374,5,4,1,4,0,0,True,False,False,False,False,V1_P0_C0,medium,V1_P0_C0__medium
003921,train,1242,375,8,2,6,0,2,0,False,True,False,False,False,V0_P1_C0,low,V0_P1_C0__low
003922,val,1224,370,1,1,0,0,1,0,False,True,False,False,False,V0_P1_C0,low,V0_P1_C0__low
003923,train,1242,375,10,9,1,9,0,0,True,False,False,False,False,V1_P0_C0,high,V1_P0_C0__high
003924,train,1238,374,13,11,2,3,8,0,True,True,False,False,False,V1_P1_C0,high,V1_P1_C0__high
003925,train,1242,375,7,2,5,2,0,0,True,False,False,False,False,V1_P0_C0,low,V1_P0_C0__low
003926,train,1242,375,2,2,0,2,0,0,True,False,False,False,False,V1_P0_C0,low,V1_P0_C0__low
003927,train,1224,370,1,1,0,0,1,0,False,True,False,False,False,V0_P1_C0,low,V0_P1_C0__low
003928,train,1242,375,3,2,1,2,0,0,True,False,False,False,False,V1_P0_C0,low,V1_P0_C0__low
003929,val,1242,375,12,11,1,10,0,1,True,False,True,False,False,V1_P0_C1,high,V1_P0_C1__high
003930,train,1242,375,12,9,3,9,0,0,True,False,False,False,False,V1_P0_C0,high,V1_P0_C0__high
003931,val,1242,375,10,9,1,9,0,0,True,False,False,False,False,V1_P0_C0,high,V1_P0_C0__high
003932,train,1242,375,7,5,2,5,0,0,True,False,False,False,False,V1_P0_C0,medium,V1_P0_C0__medium
003933,train,1242,375,10,7,3,7,0,0,True,False,False,False,False,V1_P0_C0,high,V1_P0_C0__high
003934,train,1242,375,6,4,2,3,0,1,True,False,True,False,False,V1_P0_C1,medium,V1_P0_C1__medium
003935,train,1242,375,8,5,3,5,0,0,True,False,False,False,False,V1_P0_C0,medium,V1_P0_C0__medium
003936,train,1242,375,6,5,1,5,0,0,True,False,False,False,False,V1_P0_C0,medium,V1_P0_C0__medium
003937,train,1242,375,7,6,1,6,0,0,True,False,False,False,False,V1_P0_C0,medium,V1_P0_C0__medium
003938,train,1242,375,10,8,2,7,0,1,True,False,True,False,False,V1_P0_C1,high,V1_P0_C1__high
003939,train,1242,375,9,5,4,4,0,1,True,False,True,False,False,V1_P0_C1,medium,V1_P0_C1__medium
003940,train,1242,375,2,1,1,1,0,0,True,False,False,False,False,V1_P0_C0,low,V1_P0_C0__low
003941,train,1242,375,11,6,5,6,0,0,True,False,False,False,False,V1_P0_C0,medium,V1_P0_C0__medium
003942,train,1242,375,3,1,2,1,0,0,True,False,False,False,False,V1_P0_C0,low,V1_P0_C0__low
003943,train,1242,375,7,4,3,4,0,0,True,False,False,False,False,V1_P0_C0,medium,V1_P0_C0__medium
003944,train,1242,375,8,7,1,7,0,0,True,False,False,False,False,V1_P0_C0,high,V1_P0_C0__high
003945,train,1242,375,6,5,1,3,0,2,True,False,True,False,False,V1_P0_C1,medium,V1_P0_C1__medium
003946,train,1242,375,6,4,2,4,0,0,True,False,False,False,False,V1_P0_C0,medium,V1_P0_C0__medium
003947,train,1224,370,1,1,0,0,1,0,False,True,False,False,False,V0_P1_C0,low,V0_P1_C0__low
003948,val,1242,375,4,3,1,2,0,1,True,False,True,False,False,V1_P0_C1,low,V1_P0_C1__low
003949,train,1242,375,6,5,1,5,0,0,True,False,False,False,False,V1_P0_C0,medium,V1_P0_C0__medium
003950,train,1242,375,4,3,1,3,0,0,True,False,False,False,False,V1_P0_C0,low,V1_P0_C0__low
003951,val,1224,370,9,8,1,8,0,0,True,False,False,False,False,V1_P0_C0,high,V1_P0_C0__high
003952,train,1242,375,7,4,3,4,0,0,True,False,False,False,False,V1_P0_C0,medium,V1_P0_C0__medium
003953,train,1242,375,6,1,5,1,0,0,True,False,False,False,False,V1_P0_C0,low,V1_P0_C0__low
003954,val,1224,370,1,1,0,0,1,0,False,True,False,False,False,V0_P1_C0,low,V0_P1_C0__low
003955,train,1242,375,6,2,4,0,2,0,False,True,False,False,False,V0_P1_C0,low,V0_P1_C0__low
003956,train,1242,375,3,3,0,3,0,0,True,False,False,False,False,V1_P0_C0,low,V1_P0_C0__low
003957,train,1242,375,2,1,1,1,0,0,True,False,False,False,False,V1_P0_C0,low,V1_P0_C0__low
003958,train,1242,375,11,8,3,8,0,0,True,False,False,False,False,V1_P0_C0,high,V1_P0_C0__high
003959,train,1242,375,15,14,1,14,0,0,True,False,False,False,False,V1_P0_C0,high,V1_P0_C0__high
003960,val,1242,375,5,5,0,5,0,0,True,False,False,False,False,V1_P0_C0,medium,V1_P0_C0__medium
003961,train,1242,375,6,5,1,5,0,0,True,False,False,False,False,V1_P0_C0,medium,V1_P0_C0__medium
003962,train,1242,375,3,2,1,1,1,0,True,True,False,False,False,V1_P1_C0,low,V1_P1_C0__low
003963,train,1242,375,6,2,4,1,1,0,True,True,False,False,False,V1_P1_C0,low,V1_P1_C0__low
003964,train,1242,375,8,5,3,5,0,0,True,False,False,False,False,V1_P0_C0,medium,V1_P0_C0__medium
003965,train,1242,375,6,4,2,3,1,0,True,True,False,False,False,V1_P1_C0,medium,V1_P1_C0__medium
003966,train,1242,375,3,1,2,1,0,0,True,False,False,False,False,V1_P0_C0,low,V1_P0_C0__low
003967,train,1224,370,1,1,0,0,1,0,False,True,False,False,False,V0_P1_C0,low,V0_P1_C0__low
003968,train,1242,375,7,4,3,4,0,0,True,False,False,False,False,V1_P0_C0,medium,V1_P0_C0__medium
003969,train,1224,370,2,2,0,0,1,1,False,True,True,False,False,V0_P1_C1,low,V0_P1_C1__low
003970,train,1242,375,3,3,0,3,0,0,True,False,False,False,False,V1_P0_C0,low,V1_P0_C0__low
003971,train,1224,370,11,9,2,0,7,2,False,True,True,False,False,V0_P1_C1,high,V0_P1_C1__high
003972,val,1242,375,4,2,2,2,0,0,True,False,False,False,False,V1_P0_C0,low,V1_P0_C0__low
003973,train,1242,375,14,14,0,14,0,0,True,False,False,False,False,V1_P0_C0,high,V1_P0_C0__high
003974,val,1224,370,1,1,0,0,1,0,False,True,False,False,False,V0_P1_C0,low,V0_P1_C0__low
003975,val,1242,375,10,9,1,9,0,0,True,False,False,False,False,V1_P0_C0,high,V1_P0_C0__high
003976,val,1242,375,6,4,2,4,0,0,True,False,False,False,False,V1_P0_C0,medium,V1_P0_C0__medium
003977,val,1242,375,9,3,6,3,0,0,True,False,False,False,False,V1_P0_C0,low,V1_P0_C0__low
003978,train,1242,375,3,3,0,2,0,1,True,False,True,False,False,V1_P0_C1,low,V1_P0_C1__low
003979,val,1242,375,10,10,0,9,1,0,True,True,False,False,False,V1_P1_C0,high,V1_P1_C0__high
003980,train,1242,375,12,9,3,9,0,0,True,False,False,False,False,V1_P0_C0,high,V1_P0_C0__high
003981,train,1224,370,1,1,0,0,1,0,False,True,False,False,False,V0_P1_C0,low,V0_P1_C0__low
003982,train,1242,375,15,12,3,8,2,2,True,True,True,False,False,V1_P1_C1,high,V1_P1_C1__high
003983,train,1224,370,9,8,1,8,0,0,True,False,False,False,False,V1_P0_C0,high,V1_P0_C0__high
003984,val,1242,375,11,10,1,10,0,0,True,False,False,False,False,V1_P0_C0,high,V1_P0_C0__high
003985,train,1242,375,5,1,4,1,0,0,True,False,False,False,False,V1_P0_C0,low,V1_P0_C0__low
003986,train,1242,375,11,8,3,6,0,2,True,False,True,False,False,V1_P0_C1,high,V1_P0_C1__high
003987,val,1242,375,2,1,1,1,0,0,True,False,False,False,False,V1_P0_C0,low,V1_P0_C0__low
003988,train,1242,375,2,2,0,2,0,0,True,False,False,False,False,V1_P0_C0,low,V1_P0_C0__low
003989,train,1224,370,1,1,0,0,1,0,False,True,False,False,False,V0_P1_C0,low,V0_P1_C0__low
003990,train,1242,375,8,4,4,4,0,0,True,False,False,False,False,V1_P0_C0,medium,V1_P0_C0__medium
003991,train,1242,375,14,14,0,14,0,0,True,False,False,False,False,V1_P0_C0,high,V1_P0_C0__high
003992,train,1242,375,6,4,2,4,0,0,True,False,False,False,False,V1_P0_C0,medium,V1_P0_C0__medium
003993,val,1242,375,16,16,0,15,1,0,True,True,False,False,False,V1_P1_C0,high,V1_P1_C0__high
003994,train,1242,375,6,3,3,3,0,0,True,False,False,False,False,V1_P0_C0,low,V1_P0_C0__low
003995,train,1242,375,7,3,4,0,3,0,False,True,False,False,False,V0_P1_C0,low,V0_P1_C0__low
003996,train,1241,376,6,4,2,4,0,0,True,False,False,False,False,V1_P0_C0,medium,V1_P0_C0__medium
003997,train,1224,370,3,2,1,0,2,0,False,True,False,False,False,V0_P1_C0,low,V0_P1_C0__low
003998,train,1242,375,4,3,1,3,0,0,True,False,False,False,False,V1_P0_C0,low,V1_P0_C0__low
003999,train,1242,375,8,7,1,7,0,0,True,False,False,False,False,V1_P0_C0,high,V1_P0_C0__high
004000,val,1242,375,6,1,5,1,0,0,True,False,False,False,False,V1_P0_C0,low,V1_P0_C0__low
004001,val,1242,375,4,4,0,4,0,0,True,False,False,False,False,V1_P0_C0,medium,V1_P0_C0__medium
004002,train,1238,374,9,3,6,0,3,0,False,True,False,False,False,V0_P1_C0,low,V0_P1_C0__low
004003,train,1242,375,4,2,2,2,0,0,True,False,False,False,False,V1_P0_C0,low,V1_P0_C0__low
004004,train,1242,375,9,7,2,7,0,0,True,False,False,False,False,V1_P0_C0,high,V1_P0_C0__high
004005,train,1242,375,2,2,0,2,0,0,True,False,False,False,False,V1_P0_C0,low,V1_P0_C0__low
004006,train,1242,375,15,15,0,15,0,0,True,False,False,False,False,V1_P0_C0,high,V1_P0_C0__high
004007,train,1242,375,13,9,4,9,0,0,True,False,False,False,False,V1_P0_C0,high,V1_P0_C0__high
004008,train,1242,375,2,2,0,2,0,0,True,False,False,False,False,V1_P0_C0,low,V1_P0_C0__low
004009,val,1242,375,7,5,2,5,0,0,True,False,False,False,False,V1_P0_C0,medium,V1_P0_C0__medium
004010,val,1241,376,10,9,1,9,0,0,True,False,False,False,False,V1_P0_C0,high,V1_P0_C0__high
004011,train,1242,375,7,5,2,4,0,1,True,False,True,False,False,V1_P0_C1,medium,V1_P0_C1__medium
004012,train,1224,370,1,1,0,0,1,0,False,True,False,False,False,V0_P1_C0,low,V0_P1_C0__low
004013,train,1242,375,4,2,2,2,0,0,True,False,False,False,False,V1_P0_C0,low,V1_P0_C0__low
004014,train,1242,375,13,7,6,5,2,0,True,True,False,False,False,V1_P1_C0,high,V1_P1_C0__high
004015,train,1242,375,5,2,3,2,0,0,True,False,False,False,False,V1_P0_C0,low,V1_P0_C0__low
004016,train,1241,376,7,4,3,4,0,0,True,False,False,False,False,V1_P0_C0,medium,V1_P0_C0__medium
004017,train,1242,375,8,6,2,6,0,0,True,False,False,False,False,V1_P0_C0,medium,V1_P0_C0__medium
004018,train,1242,375,8,2,6,2,0,0,True,False,False,False,False,V1_P0_C0,low,V1_P0_C0__low
004019,train,1242,375,8,4,4,3,0,1,True,False,True,False,False,V1_P0_C1,medium,V1_P0_C1__medium
004020,train,1242,375,4,2,2,2,0,0,True,False,False,False,False,V1_P0_C0,low,V1_P0_C0__low
004021,train,1224,370,1,1,0,0,1,0,False,True,False,False,False,V0_P1_C0,low,V0_P1_C0__low
004022,train,1242,375,5,4,1,3,1,0,True,True,False,False,False,V1_P1_C0,medium,V1_P1_C0__medium
004023,train,1224,370,7,5,2,5,0,0,True,False,False,False,False,V1_P0_C0,medium,V1_P0_C0__medium
004024,train,1242,375,6,2,4,0,2,0,False,True,False,False,False,V0_P1_C0,low,V0_P1_C0__low
004025,train,1238,374,5,4,1,4,0,0,True,False,False,False,False,V1_P0_C0,medium,V1_P0_C0__medium
004026,train,1242,375,2,2,0,2,0,0,True,False,False,False,False,V1_P0_C0,low,V1_P0_C0__low
004027,train,1238,374,8,4,4,0,3,1,False,True,True,False,False,V0_P1_C1,medium,V0_P1_C1__medium
004028,train,1238,374,11,11,0,3,8,0,True,True,False,False,False,V1_P1_C0,high,V1_P1_C0__high
004029,val,1242,375,14,13,1,13,0,0,True,False,False,False,False,V1_P0_C0,high,V1_P0_C0__high
004030,val,1242,375,8,1,7,1,0,0,True,False,False,False,False,V1_P0_C0,low,V1_P0_C0__low
004031,train,1242,375,9,8,1,8,0,0,True,False,False,False,False,V1_P0_C0,high,V1_P0_C0__high
004032,train,1242,375,12,10,2,10,0,0,True,False,False,False,False,V1_P0_C0,high,V1_P0_C0__high
004033,val,1242,375,3,3,0,3,0,0,True,False,False,False,False,V1_P0_C0,low,V1_P0_C0__low
004034,val,1242,375,5,3,2,3,0,0,True,False,False,False,False,V1_P0_C0,low,V1_P0_C0__low
004035,train,1242,375,16,14,2,13,1,0,True,True,False,False,False,V1_P1_C0,high,V1_P1_C0__high
004036,train,1242,375,6,3,3,3,0,0,True,False,False,False,False,V1_P0_C0,low,V1_P0_C0__low
004037,val,1242,375,4,4,0,4,0,0,True,False,False,False,False,V1_P0_C0,medium,V1_P0_C0__medium
004038,val,1242,375,7,7,0,6,1,0,True,True,False,False,False,V1_P1_C0,high,V1_P1_C0__high
004039,train,1242,375,11,7,4,0,5,2,False,True,True,False,False,V0_P1_C1,high,V0_P1_C1__high
004040,train,1242,375,3,2,1,2,0,0,True,False,False,False,False,V1_P0_C0,low,V1_P0_C0__low
004041,train,1242,375,7,4,3,2,0,2,True,False,True,False,False,V1_P0_C1,medium,V1_P0_C1__medium
004042,train,1242,375,7,3,4,3,0,0,True,False,False,False,False,V1_P0_C0,low,V1_P0_C0__low
004043,train,1242,375,2,2,0,2,0,0,True,False,False,False,False,V1_P0_C0,low,V1_P0_C0__low
004044,val,1242,375,5,3,2,3,0,0,True,False,False,False,False,V1_P0_C0,low,V1_P0_C0__low
004045,train,1242,375,16,13,3,13,0,0,True,False,False,False,False,V1_P0_C0,high,V1_P0_C0__high
004046,train,1242,375,6,4,2,4,0,0,True,False,False,False,False,V1_P0_C0,medium,V1_P0_C0__medium
004047,train,1242,375,5,2,3,2,0,0,True,False,False,False,False,V1_P0_C0,low,V1_P0_C0__low
004048,train,1242,375,5,3,2,3,0,0,True,False,False,False,False,V1_P0_C0,low,V1_P0_C0__low
004049,train,1224,370,1,1,0,0,1,0,False,True,False,False,False,V0_P1_C0,low,V0_P1_C0__low
004050,train,1242,375,4,1,3,1,0,0,True,False,False,False,False,V1_P0_C0,low,V1_P0_C0__low
004051,train,1242,375,14,13,1,12,0,1,True,False,True,False,False,V1_P0_C1,high,V1_P0_C1__high
004052,train,1242,375,17,14,3,14,0,0,True,False,False,False,False,V1_P0_C0,high,V1_P0_C0__high
004053,train,1224,370,1,1,0,0,1,0,False,True,False,False,False,V0_P1_C0,low,V0_P1_C0__low
004054,train,1242,375,10,8,2,8,0,0,True,False,False,False,False,V1_P0_C0,high,V1_P0_C0__high
004055,train,1238,374,11,4,7,0,3,1,False,True,True,False,False,V0_P1_C1,medium,V0_P1_C1__medium
004056,train,1242,375,6,2,4,2,0,0,True,False,False,False,False,V1_P0_C0,low,V1_P0_C0__low
004057,train,1242,375,10,6,4,5,1,0,True,True,False,False,False,V1_P1_C0,medium,V1_P1_C0__medium
004058,val,1242,375,7,3,4,2,0,1,True,False,True,False,False,V1_P0_C1,low,V1_P0_C1__low
004059,train,1242,375,2,1,1,1,0,0,True,False,False,False,False,V1_P0_C0,low,V1_P0_C0__low
004060,val,1242,375,2,1,1,1,0,0,True,False,False,False,False,V1_P0_C0,low,V1_P0_C0__low
004061,train,1241,376,6,4,2,4,0,0,True,False,False,False,False,V1_P0_C0,medium,V1_P0_C0__medium
004062,train,1242,375,9,9,0,9,0,0,True,False,False,False,False,V1_P0_C0,high,V1_P0_C0__high
004063,train,1242,375,13,9,4,9,0,0,True,False,False,False,False,V1_P0_C0,high,V1_P0_C0__high
004064,train,1242,375,7,4,3,4,0,0,True,False,False,False,False,V1_P0_C0,medium,V1_P0_C0__medium
004065,train,1224,370,17,15,2,3,7,5,True,True,True,False,False,V1_P1_C1,high,V1_P1_C1__high
004066,train,1242,375,12,6,6,6,0,0,True,False,False,False,False,V1_P0_C0,medium,V1_P0_C0__medium
004067,val,1242,375,10,6,4,6,0,0,True,False,False,False,False,V1_P0_C0,medium,V1_P0_C0__medium
004068,val,1242,375,8,5,3,4,0,1,True,False,True,False,False,V1_P0_C1,medium,V1_P0_C1__medium
004069,train,1242,375,6,5,1,5,0,0,True,False,False,False,False,V1_P0_C0,medium,V1_P0_C0__medium
004070,train,1242,375,7,3,4,3,0,0,True,False,False,False,False,V1_P0_C0,low,V1_P0_C0__low
004071,train,1242,375,14,13,1,13,0,0,True,False,False,False,False,V1_P0_C0,high,V1_P0_C0__high
004072,train,1242,375,3,1,2,1,0,0,True,False,False,False,False,V1_P0_C0,low,V1_P0_C0__low
004073,train,1224,370,1,1,0,0,1,0,False,True,False,False,False,V0_P1_C0,low,V0_P1_C0__low
004074,train,1224,370,11,6,5,2,1,3,True,True,True,False,False,V1_P1_C1,medium,V1_P1_C1__medium
004075,val,1242,375,2,1,1,1,0,0,True,False,False,False,False,V1_P0_C0,low,V1_P0_C0__low
004076,train,1242,375,5,3,2,3,0,0,True,False,False,False,False,V1_P0_C0,low,V1_P0_C0__low
004077,train,1242,375,4,3,1,2,0,1,True,False,True,False,False,V1_P0_C1,low,V1_P0_C1__low
004078,train,1224,370,9,8,1,8,0,0,True,False,False,False,False,V1_P0_C0,high,V1_P0_C0__high
004079,train,1242,375,1,1,0,1,0,0,True,False,False,False,False,V1_P0_C0,low,V1_P0_C0__low
004080,train,1242,375,2,1,1,1,0,0,True,False,False,False,False,V1_P0_C0,low,V1_P0_C0__low
004081,val,1242,375,9,3,6,2,0,1,True,False,True,False,False,V1_P0_C1,low,V1_P0_C1__low
004082,val,1241,376,10,8,2,8,0,0,True,False,False,False,False,V1_P0_C0,high,V1_P0_C0__high
004083,train,1242,375,8,5,3,5,0,0,True,False,False,False,False,V1_P0_C0,medium,V1_P0_C0__medium
004084,train,1242,375,7,5,2,5,0,0,True,False,False,False,False,V1_P0_C0,medium,V1_P0_C0__medium
004085,train,1224,370,5,5,0,1,4,0,True,True,False,False,False,V1_P1_C0,medium,V1_P1_C0__medium
004086,train,1242,375,17,17,0,16,1,0,True,True,False,False,False,V1_P1_C0,high,V1_P1_C0__high
004087,train,1242,375,2,2,0,2,0,0,True,False,False,False,False,V1_P0_C0,low,V1_P0_C0__low
004088,val,1242,375,6,5,1,4,1,0,True,True,False,False,False,V1_P1_C0,medium,V1_P1_C0__medium
004089,train,1242,375,3,2,1,2,0,0,True,False,False,False,False,V1_P0_C0,low,V1_P0_C0__low
004090,train,1242,375,11,9,2,8,1,0,True,True,False,False,False,V1_P1_C0,high,V1_P1_C0__high
004091,val,1242,375,5,4,1,4,0,0,True,False,False,False,False,V1_P0_C0,medium,V1_P0_C0__medium
004092,train,1242,375,10,7,3,4,0,3,True,False,True,False,False,V1_P0_C1,high,V1_P0_C1__high
004093,train,1224,370,1,1,0,0,1,0,False,True,False,False,False,V0_P1_C0,low,V0_P1_C0__low
004094,val,1242,375,7,4,3,1,3,0,True,True,False,False,False,V1_P1_C0,medium,V1_P1_C0__medium
004095,train,1242,375,13,8,5,8,0,0,True,False,False,False,False,V1_P0_C0,high,V1_P0_C0__high
004096,train,1242,375,8,6,2,6,0,0,True,False,False,False,False,V1_P0_C0,medium,V1_P0_C0__medium
004097,train,1242,375,4,2,2,2,0,0,True,False,False,False,False,V1_P0_C0,low,V1_P0_C0__low
004098,val,1242,375,9,8,1,6,2,0,True,True,False,False,False,V1_P1_C0,high,V1_P1_C0__high
004099,train,1242,375,8,6,2,5,0,1,True,False,True,False,False,V1_P0_C1,medium,V1_P0_C1__medium
004100,train,1241,376,12,10,2,10,0,0,True,False,False,False,False,V1_P0_C0,high,V1_P0_C0__high
004101,train,1242,375,8,5,3,5,0,0,True,False,False,False,False,V1_P0_C0,medium,V1_P0_C0__medium
004102,train,1242,375,5,5,0,5,0,0,True,False,False,False,False,V1_P0_C0,medium,V1_P0_C0__medium
004103,train,1224,370,1,1,0,0,1,0,False,True,False,False,False,V0_P1_C0,low,V0_P1_C0__low
004104,val,1242,375,5,5,0,5,0,0,True,False,False,False,False,V1_P0_C0,medium,V1_P0_C0__medium
004105,train,1242,375,8,4,4,4,0,0,True,False,False,False,False,V1_P0_C0,medium,V1_P0_C0__medium
004106,val,1242,375,3,3,0,2,0,1,True,False,True,False,False,V1_P0_C1,low,V1_P0_C1__low
004107,val,1241,376,5,4,1,4,0,0,True,False,False,False,False,V1_P0_C0,medium,V1_P0_C0__medium
004108,train,1242,375,7,3,4,3,0,0,True,False,False,False,False,V1_P0_C0,low,V1_P0_C0__low
004109,train,1224,370,6,4,2,1,3,0,True,True,False,False,False,V1_P1_C0,medium,V1_P1_C0__medium
004110,train,1242,375,2,2,0,2,0,0,True,False,False,False,False,V1_P0_C0,low,V1_P0_C0__low
004111,train,1242,375,2,2,0,1,1,0,True,True,False,False,False,V1_P1_C0,low,V1_P1_C0__low
004112,train,1242,375,4,2,2,2,0,0,True,False,False,False,False,V1_P0_C0,low,V1_P0_C0__low
004113,train,1242,375,3,3,0,3,0,0,True,False,False,False,False,V1_P0_C0,low,V1_P0_C0__low
004114,val,1242,375,9,8,1,6,0,2,True,False,True,False,False,V1_P0_C1,high,V1_P0_C1__high
004115,val,1242,375,6,2,4,2,0,0,True,False,False,False,False,V1_P0_C0,low,V1_P0_C0__low
004116,val,1224,370,1,1,0,0,1,0,False,True,False,False,False,V0_P1_C0,low,V0_P1_C0__low
004117,train,1242,375,4,3,1,2,0,1,True,False,True,False,False,V1_P0_C1,low,V1_P0_C1__low
004118,train,1242,375,9,7,2,7,0,0,True,False,False,False,False,V1_P0_C0,high,V1_P0_C0__high
004119,train,1242,375,7,7,0,6,1,0,True,True,False,False,False,V1_P1_C0,high,V1_P1_C0__high
004120,train,1242,375,10,7,3,7,0,0,True,False,False,False,False,V1_P0_C0,high,V1_P0_C0__high
004121,train,1242,375,6,4,2,4,0,0,True,False,False,False,False,V1_P0_C0,medium,V1_P0_C0__medium
004122,train,1242,375,8,8,0,7,0,1,True,False,True,False,False,V1_P0_C1,high,V1_P0_C1__high
004123,train,1238,374,5,5,0,5,0,0,True,False,False,False,False,V1_P0_C0,medium,V1_P0_C0__medium
004124,train,1242,375,9,4,5,4,0,0,True,False,False,False,False,V1_P0_C0,medium,V1_P0_C0__medium
004125,train,1224,370,1,1,0,0,1,0,False,True,False,False,False,V0_P1_C0,low,V0_P1_C0__low
004126,val,1242,375,8,3,5,3,0,0,True,False,False,False,False,V1_P0_C0,low,V1_P0_C0__low
004127,train,1242,375,17,16,1,14,2,0,True,True,False,False,False,V1_P1_C0,high,V1_P1_C0__high
004128,train,1242,375,6,5,1,5,0,0,True,False,False,False,False,V1_P0_C0,medium,V1_P0_C0__medium
004129,train,1242,375,7,3,4,3,0,0,True,False,False,False,False,V1_P0_C0,low,V1_P0_C0__low
004130,val,1242,375,5,2,3,2,0,0,True,False,False,False,False,V1_P0_C0,low,V1_P0_C0__low
004131,val,1242,375,7,4,3,4,0,0,True,False,False,False,False,V1_P0_C0,medium,V1_P0_C0__medium
004132,train,1242,375,8,3,5,3,0,0,True,False,False,False,False,V1_P0_C0,low,V1_P0_C0__low
004133,train,1242,375,3,2,1,2,0,0,True,False,False,False,False,V1_P0_C0,low,V1_P0_C0__low
004134,train,1242,375,3,2,1,2,0,0,True,False,False,False,False,V1_P0_C0,low,V1_P0_C0__low
004135,train,1242,375,6,6,0,6,0,0,True,False,False,False,False,V1_P0_C0,medium,V1_P0_C0__medium
004136,val,1224,370,1,1,0,0,1,0,False,True,False,False,False,V0_P1_C0,low,V0_P1_C0__low
004137,val,1242,375,11,10,1,10,0,0,True,False,False,False,False,V1_P0_C0,high,V1_P0_C0__high
004138,val,1241,376,10,10,0,10,0,0,True,False,False,False,False,V1_P0_C0,high,V1_P0_C0__high
004139,train,1224,370,24,22,2,5,16,1,True,True,True,False,False,V1_P1_C1,high,V1_P1_C1__high
004140,train,1242,375,5,3,2,2,0,1,True,False,True,False,False,V1_P0_C1,low,V1_P0_C1__low
004141,train,1242,375,7,6,1,6,0,0,True,False,False,False,False,V1_P0_C0,medium,V1_P0_C0__medium
004142,val,1224,370,16,13,3,1,12,0,True,True,False,False,False,V1_P1_C0,high,V1_P1_C0__high
004143,train,1242,375,3,1,2,1,0,0,True,False,False,False,False,V1_P0_C0,low,V1_P0_C0__low
004144,val,1242,375,7,4,3,3,0,1,True,False,True,False,False,V1_P0_C1,medium,V1_P0_C1__medium
004145,train,1242,375,8,6,2,6,0,0,True,False,False,False,False,V1_P0_C0,medium,V1_P0_C0__medium
004146,train,1242,375,8,7,1,7,0,0,True,False,False,False,False,V1_P0_C0,high,V1_P0_C0__high
004147,train,1224,370,2,2,0,1,1,0,True,True,False,False,False,V1_P1_C0,low,V1_P1_C0__low
004148,val,1242,375,10,9,1,9,0,0,True,False,False,False,False,V1_P0_C0,high,V1_P0_C0__high
004149,train,1238,374,6,5,1,1,2,2,True,True,True,False,False,V1_P1_C1,medium,V1_P1_C1__medium
004150,train,1241,376,7,5,2,5,0,0,True,False,False,False,False,V1_P0_C0,medium,V1_P0_C0__medium
004151,train,1242,375,1,1,0,1,0,0,True,False,False,False,False,V1_P0_C0,low,V1_P0_C0__low
004152,train,1242,375,4,3,1,3,0,0,True,False,False,False,False,V1_P0_C0,low,V1_P0_C0__low
004153,train,1242,375,4,4,0,4,0,0,True,False,False,False,False,V1_P0_C0,medium,V1_P0_C0__medium
004154,train,1242,375,10,9,1,9,0,0,True,False,False,False,False,V1_P0_C0,high,V1_P0_C0__high
004155,val,1242,375,12,8,4,8,0,0,True,False,False,False,False,V1_P0_C0,high,V1_P0_C0__high
004156,train,1242,375,11,9,2,9,0,0,True,False,False,False,False,V1_P0_C0,high,V1_P0_C0__high
004157,train,1242,375,5,5,0,5,0,0,True,False,False,False,False,V1_P0_C0,medium,V1_P0_C0__medium
004158,val,1242,375,8,8,0,7,0,1,True,False,True,False,False,V1_P0_C1,high,V1_P0_C1__high
004159,val,1242,375,2,2,0,2,0,0,True,False,False,False,False,V1_P0_C0,low,V1_P0_C0__low
004160,train,1242,375,8,7,1,7,0,0,True,False,False,False,False,V1_P0_C0,high,V1_P0_C0__high
004161,train,1242,375,6,3,3,3,0,0,True,False,False,False,False,V1_P0_C0,low,V1_P0_C0__low
004162,train,1242,375,7,5,2,5,0,0,True,False,False,False,False,V1_P0_C0,medium,V1_P0_C0__medium
004163,train,1242,375,12,10,2,10,0,0,True,False,False,False,False,V1_P0_C0,high,V1_P0_C0__high
004164,val,1242,375,10,7,3,4,0,3,True,False,True,False,False,V1_P0_C1,high,V1_P0_C1__high
004165,train,1224,370,1,1,0,0,1,0,False,True,False,False,False,V0_P1_C0,low,V0_P1_C0__low
004166,train,1242,375,12,11,1,11,0,0,True,False,False,False,False,V1_P0_C0,high,V1_P0_C0__high
004167,val,1242,375,5,1,4,1,0,0,True,False,False,False,False,V1_P0_C0,low,V1_P0_C0__low
004168,train,1242,375,3,1,2,1,0,0,True,False,False,False,False,V1_P0_C0,low,V1_P0_C0__low
004169,train,1242,375,12,5,7,5,0,0,True,False,False,False,False,V1_P0_C0,medium,V1_P0_C0__medium
004170,val,1224,370,17,17,0,4,12,1,True,True,True,False,False,V1_P1_C1,high,V1_P1_C1__high
004171,train,1242,375,6,4,2,4,0,0,True,False,False,False,False,V1_P0_C0,medium,V1_P0_C0__medium
004172,val,1242,375,4,2,2,2,0,0,True,False,False,False,False,V1_P0_C0,low,V1_P0_C0__low
004173,train,1242,375,7,4,3,3,1,0,True,True,False,False,False,V1_P1_C0,medium,V1_P1_C0__medium
004174,train,1242,375,7,5,2,5,0,0,True,False,False,False,False,V1_P0_C0,medium,V1_P0_C0__medium
004175,train,1242,375,8,6,2,6,0,0,True,False,False,False,False,V1_P0_C0,medium,V1_P0_C0__medium
004176,train,1242,375,3,3,0,2,0,1,True,False,True,False,False,V1_P0_C1,low,V1_P0_C1__low
004177,train,1242,375,6,2,4,0,2,0,False,True,False,False,False,V0_P1_C0,low,V0_P1_C0__low
004178,val,1242,375,3,3,0,3,0,0,True,False,False,False,False,V1_P0_C0,low,V1_P0_C0__low
004179,train,1242,375,12,12,0,11,1,0,True,True,False,False,False,V1_P1_C0,high,V1_P1_C0__high
004180,val,1242,375,6,5,1,5,0,0,True,False,False,False,False,V1_P0_C0,medium,V1_P0_C0__medium
004181,train,1242,375,9,9,0,9,0,0,True,False,False,False,False,V1_P0_C0,high,V1_P0_C0__high
004182,val,1242,375,6,4,2,4,0,0,True,False,False,False,False,V1_P0_C0,medium,V1_P0_C0__medium
004183,val,1242,375,3,2,1,2,0,0,True,False,False,False,False,V1_P0_C0,low,V1_P0_C0__low
004184,train,1242,375,10,5,5,5,0,0,True,False,False,False,False,V1_P0_C0,medium,V1_P0_C0__medium
004185,train,1224,370,7,4,3,3,0,1,True,False,True,False,False,V1_P0_C1,medium,V1_P0_C1__medium
004186,val,1242,375,13,12,1,8,4,0,True,True,False,False,False,V1_P1_C0,high,V1_P1_C0__high
004187,train,1242,375,6,3,3,2,0,1,True,False,True,False,False,V1_P0_C1,low,V1_P0_C1__low
004188,val,1242,375,10,7,3,4,0,3,True,False,True,False,False,V1_P0_C1,high,V1_P0_C1__high
004189,val,1242,375,2,2,0,2,0,0,True,False,False,False,False,V1_P0_C0,low,V1_P0_C0__low
004190,train,1241,376,7,5,2,5,0,0,True,False,False,False,False,V1_P0_C0,medium,V1_P0_C0__medium
004191,train,1242,375,4,3,1,3,0,0,True,False,False,False,False,V1_P0_C0,low,V1_P0_C0__low
004192,train,1224,370,1,1,0,0,1,0,False,True,False,False,False,V0_P1_C0,low,V0_P1_C0__low
004193,train,1242,375,14,14,0,14,0,0,True,False,False,False,False,V1_P0_C0,high,V1_P0_C0__high
004194,train,1242,375,11,11,0,6,5,0,True,True,False,False,False,V1_P1_C0,high,V1_P1_C0__high
004195,train,1241,376,5,3,2,3,0,0,True,False,False,False,False,V1_P0_C0,low,V1_P0_C0__low
004196,val,1242,375,13,8,5,8,0,0,True,False,False,False,False,V1_P0_C0,high,V1_P0_C0__high
004197,train,1242,375,6,4,2,3,0,1,True,False,True,False,False,V1_P0_C1,medium,V1_P0_C1__medium
004198,train,1242,375,7,5,2,5,0,0,True,False,False,False,False,V1_P0_C0,medium,V1_P0_C0__medium
004199,train,1242,375,5,2,3,2,0,0,True,False,False,False,False,V1_P0_C0,low,V1_P0_C0__low
004200,val,1242,375,7,4,3,4,0,0,True,False,False,False,False,V1_P0_C0,medium,V1_P0_C0__medium
004201,train,1242,375,1,1,0,1,0,0,True,False,False,False,False,V1_P0_C0,low,V1_P0_C0__low
004202,train,1242,375,3,2,1,2,0,0,True,False,False,False,False,V1_P0_C0,low,V1_P0_C0__low
004203,val,1242,375,2,2,0,2,0,0,True,False,False,False,False,V1_P0_C0,low,V1_P0_C0__low
004204,train,1242,375,1,1,0,1,0,0,True,False,False,False,False,V1_P0_C0,low,V1_P0_C0__low
004205,val,1242,375,6,4,2,4,0,0,True,False,False,False,False,V1_P0_C0,medium,V1_P0_C0__medium
004206,train,1242,375,7,7,0,7,0,0,True,False,False,False,False,V1_P0_C0,high,V1_P0_C0__high
004207,train,1242,375,10,9,1,9,0,0,True,False,False,False,False,V1_P0_C0,high,V1_P0_C0__high
004208,train,1242,375,2,2,0,2,0,0,True,False,False,False,False,V1_P0_C0,low,V1_P0_C0__low
004209,train,1241,376,6,5,1,5,0,0,True,False,False,False,False,V1_P0_C0,medium,V1_P0_C0__medium
004210,train,1242,375,7,4,3,2,0,2,True,False,True,False,False,V1_P0_C1,medium,V1_P0_C1__medium
004211,train,1242,375,2,2,0,2,0,0,True,False,False,False,False,V1_P0_C0,low,V1_P0_C0__low
004212,train,1242,375,6,5,1,4,0,1,True,False,True,False,False,V1_P0_C1,medium,V1_P0_C1__medium
004213,train,1242,375,11,10,1,10,0,0,True,False,False,False,False,V1_P0_C0,high,V1_P0_C0__high
004214,train,1241,376,10,9,1,9,0,0,True,False,False,False,False,V1_P0_C0,high,V1_P0_C0__high
004215,train,1242,375,14,11,3,7,4,0,True,True,False,False,False,V1_P1_C0,high,V1_P1_C0__high
004216,train,1242,375,14,14,0,14,0,0,True,False,False,False,False,V1_P0_C0,high,V1_P0_C0__high
004217,val,1242,375,8,7,1,7,0,0,True,False,False,False,False,V1_P0_C0,high,V1_P0_C0__high
004218,train,1242,375,13,13,0,11,0,2,True,False,True,False,False,V1_P0_C1,high,V1_P0_C1__high
004219,train,1224,370,1,1,0,0,1,0,False,True,False,False,False,V0_P1_C0,low,V0_P1_C0__low
004220,train,1242,375,7,5,2,5,0,0,True,False,False,False,False,V1_P0_C0,medium,V1_P0_C0__medium
004221,train,1242,375,9,7,2,7,0,0,True,False,False,False,False,V1_P0_C0,high,V1_P0_C0__high
004222,train,1242,375,5,5,0,4,1,0,True,True,False,False,False,V1_P1_C0,medium,V1_P1_C0__medium
004223,train,1238,374,3,2,1,1,1,0,True,True,False,False,False,V1_P1_C0,low,V1_P1_C0__low
004224,train,1242,375,2,2,0,1,0,1,True,False,True,False,False,V1_P0_C1,low,V1_P0_C1__low
004225,train,1242,375,3,2,1,2,0,0,True,False,False,False,False,V1_P0_C0,low,V1_P0_C0__low
004226,train,1242,375,9,6,3,5,1,0,True,True,False,False,False,V1_P1_C0,medium,V1_P1_C0__medium
004227,val,1242,375,1,1,0,1,0,0,True,False,False,False,False,V1_P0_C0,low,V1_P0_C0__low
004228,train,1242,375,8,6,2,6,0,0,True,False,False,False,False,V1_P0_C0,medium,V1_P0_C0__medium
004229,train,1224,370,12,9,3,0,7,2,False,True,True,False,False,V0_P1_C1,high,V0_P1_C1__high
004230,train,1242,375,2,2,0,1,0,1,True,False,True,False,False,V1_P0_C1,low,V1_P0_C1__low
004231,train,1242,375,3,2,1,2,0,0,True,False,False,False,False,V1_P0_C0,low,V1_P0_C0__low
004232,train,1242,375,11,8,3,8,0,0,True,False,False,False,False,V1_P0_C0,high,V1_P0_C0__high
004233,train,1242,375,4,3,1,2,0,1,True,False,True,False,False,V1_P0_C1,low,V1_P0_C1__low
004234,train,1242,375,11,11,0,11,0,0,True,False,False,False,False,V1_P0_C0,high,V1_P0_C0__high
004235,train,1242,375,12,6,6,0,6,0,False,True,False,False,False,V0_P1_C0,medium,V0_P1_C0__medium
004236,train,1242,375,9,6,3,6,0,0,True,False,False,False,False,V1_P0_C0,medium,V1_P0_C0__medium
004237,train,1224,370,1,1,0,0,1,0,False,True,False,False,False,V0_P1_C0,low,V0_P1_C0__low
004238,val,1242,375,12,11,1,11,0,0,True,False,False,False,False,V1_P0_C0,high,V1_P0_C0__high
004239,val,1242,375,4,4,0,4,0,0,True,False,False,False,False,V1_P0_C0,medium,V1_P0_C0__medium
004240,train,1242,375,5,4,1,2,1,1,True,True,True,False,False,V1_P1_C1,medium,V1_P1_C1__medium
004241,train,1242,375,7,5,2,5,0,0,True,False,False,False,False,V1_P0_C0,medium,V1_P0_C0__medium
004242,train,1242,375,5,4,1,4,0,0,True,False,False,False,False,V1_P0_C0,medium,V1_P0_C0__medium
004243,train,1241,376,13,10,3,10,0,0,True,False,False,False,False,V1_P0_C0,high,V1_P0_C0__high
004244,val,1242,375,5,4,1,4,0,0,True,False,False,False,False,V1_P0_C0,medium,V1_P0_C0__medium
004245,train,1242,375,11,5,6,5,0,0,True,False,False,False,False,V1_P0_C0,medium,V1_P0_C0__medium
004246,train,1242,375,12,10,2,9,1,0,True,True,False,False,False,V1_P1_C0,high,V1_P1_C0__high
004247,train,1224,370,1,1,0,0,1,0,False,True,False,False,False,V0_P1_C0,low,V0_P1_C0__low
004248,train,1241,376,7,6,1,6,0,0,True,False,False,False,False,V1_P0_C0,medium,V1_P0_C0__medium
004249,val,1242,375,8,7,1,7,0,0,True,False,False,False,False,V1_P0_C0,high,V1_P0_C0__high
004250,train,1224,370,6,4,2,1,3,0,True,True,False,False,False,V1_P1_C0,medium,V1_P1_C0__medium
004251,train,1242,375,5,5,0,4,1,0,True,True,False,False,False,V1_P1_C0,medium,V1_P1_C0__medium
004252,train,1224,370,1,1,0,0,1,0,False,True,False,False,False,V0_P1_C0,low,V0_P1_C0__low
004253,train,1242,375,5,2,3,2,0,0,True,False,False,False,False,V1_P0_C0,low,V1_P0_C0__low
004254,val,1241,376,10,8,2,8,0,0,True,False,False,False,False,V1_P0_C0,high,V1_P0_C0__high
004255,val,1242,375,6,3,3,3,0,0,True,False,False,False,False,V1_P0_C0,low,V1_P0_C0__low
004256,train,1242,375,7,2,5,2,0,0,True,False,False,False,False,V1_P0_C0,low,V1_P0_C0__low
004257,val,1242,375,11,10,1,10,0,0,True,False,False,False,False,V1_P0_C0,high,V1_P0_C0__high
004258,train,1242,375,1,1,0,1,0,0,True,False,False,False,False,V1_P0_C0,low,V1_P0_C0__low
004259,train,1242,375,14,9,5,9,0,0,True,False,False,False,False,V1_P0_C0,high,V1_P0_C0__high
004260,train,1242,375,7,6,1,6,0,0,True,False,False,False,False,V1_P0_C0,medium,V1_P0_C0__medium
004261,val,1224,370,12,10,2,0,7,3,False,True,True,False,False,V0_P1_C1,high,V0_P1_C1__high
004262,val,1224,370,8,6,2,6,0,0,True,False,False,False,False,V1_P0_C0,medium,V1_P0_C0__medium
004263,train,1242,375,16,12,4,12,0,0,True,False,False,False,False,V1_P0_C0,high,V1_P0_C0__high
004264,train,1242,375,4,3,1,3,0,0,True,False,False,False,False,V1_P0_C0,low,V1_P0_C0__low
004265,train,1242,375,11,11,0,7,4,0,True,True,False,False,False,V1_P1_C0,high,V1_P1_C0__high
004266,train,1242,375,3,2,1,2,0,0,True,False,False,False,False,V1_P0_C0,low,V1_P0_C0__low
004267,train,1242,375,9,7,2,7,0,0,True,False,False,False,False,V1_P0_C0,high,V1_P0_C0__high
004268,train,1224,370,12,10,2,0,9,1,False,True,True,False,False,V0_P1_C1,high,V0_P1_C1__high
004269,train,1242,375,15,11,4,11,0,0,True,False,False,False,False,V1_P0_C0,high,V1_P0_C0__high
004270,train,1241,376,10,9,1,9,0,0,True,False,False,False,False,V1_P0_C0,high,V1_P0_C0__high
004271,val,1238,374,5,4,1,1,3,0,True,True,False,False,False,V1_P1_C0,medium,V1_P1_C0__medium
004272,train,1242,375,8,5,3,5,0,0,True,False,False,False,False,V1_P0_C0,medium,V1_P0_C0__medium
004273,train,1242,375,4,2,2,1,1,0,True,True,False,False,False,V1_P1_C0,low,V1_P1_C0__low
004274,train,1242,375,7,5,2,4,0,1,True,False,True,False,False,V1_P0_C1,medium,V1_P0_C1__medium
004275,train,1241,376,10,9,1,9,0,0,True,False,False,False,False,V1_P0_C0,high,V1_P0_C0__high
004276,val,1238,374,5,5,0,5,0,0,True,False,False,False,False,V1_P0_C0,medium,V1_P0_C0__medium
004277,train,1241,376,7,4,3,4,0,0,True,False,False,False,False,V1_P0_C0,medium,V1_P0_C0__medium
004278,val,1242,375,2,2,0,2,0,0,True,False,False,False,False,V1_P0_C0,low,V1_P0_C0__low
004279,train,1242,375,1,1,0,1,0,0,True,False,False,False,False,V1_P0_C0,low,V1_P0_C0__low
004280,train,1242,375,5,4,1,4,0,0,True,False,False,False,False,V1_P0_C0,medium,V1_P0_C0__medium
004281,val,1242,375,8,5,3,4,1,0,True,True,False,False,False,V1_P1_C0,medium,V1_P1_C0__medium
004282,train,1242,375,7,5,2,5,0,0,True,False,False,False,False,V1_P0_C0,medium,V1_P0_C0__medium
004283,val,1224,370,17,15,2,4,8,3,True,True,True,False,False,V1_P1_C1,high,V1_P1_C1__high
004284,train,1242,375,7,3,4,3,0,0,True,False,False,False,False,V1_P0_C0,low,V1_P0_C0__low
004285,train,1242,375,8,3,5,3,0,0,True,False,False,False,False,V1_P0_C0,low,V1_P0_C0__low
004286,train,1242,375,7,5,2,5,0,0,True,False,False,False,False,V1_P0_C0,medium,V1_P0_C0__medium
004287,train,1242,375,9,6,3,5,0,1,True,False,True,False,False,V1_P0_C1,medium,V1_P0_C1__medium
004288,train,1241,376,15,15,0,15,0,0,True,False,False,False,False,V1_P0_C0,high,V1_P0_C0__high
004289,val,1242,375,13,9,4,9,0,0,True,False,False,False,False,V1_P0_C0,high,V1_P0_C0__high
004290,train,1242,375,11,11,0,8,3,0,True,True,False,False,False,V1_P1_C0,high,V1_P1_C0__high
004291,train,1224,370,7,3,4,2,1,0,True,True,False,False,False,V1_P1_C0,low,V1_P1_C0__low
004292,train,1242,375,11,6,5,3,0,3,True,False,True,False,False,V1_P0_C1,medium,V1_P0_C1__medium
004293,train,1242,375,5,3,2,3,0,0,True,False,False,False,False,V1_P0_C0,low,V1_P0_C0__low
004294,train,1242,375,11,9,2,9,0,0,True,False,False,False,False,V1_P0_C0,high,V1_P0_C0__high
004295,val,1241,376,9,9,0,9,0,0,True,False,False,False,False,V1_P0_C0,high,V1_P0_C0__high
004296,val,1242,375,6,5,1,5,0,0,True,False,False,False,False,V1_P0_C0,medium,V1_P0_C0__medium
004297,train,1242,375,12,10,2,9,0,1,True,False,True,False,False,V1_P0_C1,high,V1_P0_C1__high
004298,val,1238,374,4,4,0,4,0,0,True,False,False,False,False,V1_P0_C0,medium,V1_P0_C0__medium
004299,train,1242,375,3,3,0,3,0,0,True,False,False,False,False,V1_P0_C0,low,V1_P0_C0__low
004300,train,1242,375,12,9,3,9,0,0,True,False,False,False,False,V1_P0_C0,high,V1_P0_C0__high
004301,train,1242,375,11,10,1,7,3,0,True,True,False,False,False,V1_P1_C0,high,V1_P1_C0__high
004302,train,1242,375,2,1,1,1,0,0,True,False,False,False,False,V1_P0_C0,low,V1_P0_C0__low
004303,train,1242,375,6,5,1,5,0,0,True,False,False,False,False,V1_P0_C0,medium,V1_P0_C0__medium
004304,train,1242,375,11,11,0,10,0,1,True,False,True,False,False,V1_P0_C1,high,V1_P0_C1__high
004305,val,1242,375,4,1,3,0,1,0,False,True,False,False,False,V0_P1_C0,low,V0_P1_C0__low
004306,val,1242,375,9,7,2,7,0,0,True,False,False,False,False,V1_P0_C0,high,V1_P0_C0__high
004307,val,1242,375,8,6,2,6,0,0,True,False,False,False,False,V1_P0_C0,medium,V1_P0_C0__medium
004308,train,1224,370,1,1,0,0,1,0,False,True,False,False,False,V0_P1_C0,low,V0_P1_C0__low
004309,train,1242,375,3,2,1,2,0,0,True,False,False,False,False,V1_P0_C0,low,V1_P0_C0__low
004310,train,1238,374,7,7,0,7,0,0,True,False,False,False,False,V1_P0_C0,high,V1_P0_C0__high
004311,train,1242,375,8,7,1,7,0,0,True,False,False,False,False,V1_P0_C0,high,V1_P0_C0__high
004312,train,1242,375,15,12,3,11,0,1,True,False,True,False,False,V1_P0_C1,high,V1_P0_C1__high
004313,train,1242,375,7,4,3,4,0,0,True,False,False,False,False,V1_P0_C0,medium,V1_P0_C0__medium
004314,train,1242,375,6,4,2,4,0,0,True,False,False,False,False,V1_P0_C0,medium,V1_P0_C0__medium
004315,train,1242,375,3,2,1,2,0,0,True,False,False,False,False,V1_P0_C0,low,V1_P0_C0__low
004316,train,1242,375,2,1,1,1,0,0,True,False,False,False,False,V1_P0_C0,low,V1_P0_C0__low
004317,train,1242,375,12,4,8,4,0,0,True,False,False,False,False,V1_P0_C0,medium,V1_P0_C0__medium
004318,train,1241,376,7,3,4,3,0,0,True,False,False,False,False,V1_P0_C0,low,V1_P0_C0__low
004319,val,1242,375,6,4,2,4,0,0,True,False,False,False,False,V1_P0_C0,medium,V1_P0_C0__medium
004320,train,1238,374,5,5,0,5,0,0,True,False,False,False,False,V1_P0_C0,medium,V1_P0_C0__medium
004321,train,1238,374,11,10,1,3,7,0,True,True,False,False,False,V1_P1_C0,high,V1_P1_C0__high
004322,train,1242,375,14,13,1,13,0,0,True,False,False,False,False,V1_P0_C0,high,V1_P0_C0__high
004323,train,1224,370,1,1,0,0,1,0,False,True,False,False,False,V0_P1_C0,low,V0_P1_C0__low
004324,val,1242,375,10,9,1,7,0,2,True,False,True,False,False,V1_P0_C1,high,V1_P0_C1__high
004325,train,1242,375,3,3,0,2,0,1,True,False,True,False,False,V1_P0_C1,low,V1_P0_C1__low
004326,train,1242,375,16,11,5,11,0,0,True,False,False,False,False,V1_P0_C0,high,V1_P0_C0__high
004327,train,1238,374,9,6,3,2,4,0,True,True,False,False,False,V1_P1_C0,medium,V1_P1_C0__medium
004328,train,1242,375,13,10,3,8,1,1,True,True,True,False,False,V1_P1_C1,high,V1_P1_C1__high
004329,train,1242,375,6,4,2,4,0,0,True,False,False,False,False,V1_P0_C0,medium,V1_P0_C0__medium
004330,train,1224,370,7,5,2,2,2,1,True,True,True,False,False,V1_P1_C1,medium,V1_P1_C1__medium
004331,train,1242,375,14,13,1,13,0,0,True,False,False,False,False,V1_P0_C0,high,V1_P0_C0__high
004332,train,1242,375,7,5,2,4,0,1,True,False,True,False,False,V1_P0_C1,medium,V1_P0_C1__medium
004333,train,1242,375,12,10,2,10,0,0,True,False,False,False,False,V1_P0_C0,high,V1_P0_C0__high
004334,train,1242,375,2,1,1,1,0,0,True,False,False,False,False,V1_P0_C0,low,V1_P0_C0__low
004335,train,1242,375,8,3,5,2,0,1,True,False,True,False,False,V1_P0_C1,low,V1_P0_C1__low
004336,train,1242,375,8,5,3,5,0,0,True,False,False,False,False,V1_P0_C0,medium,V1_P0_C0__medium
004337,train,1242,375,6,6,0,5,1,0,True,True,False,False,False,V1_P1_C0,medium,V1_P1_C0__medium
004338,val,1224,370,16,15,1,3,7,5,True,True,True,False,False,V1_P1_C1,high,V1_P1_C1__high
004339,train,1242,375,4,2,2,2,0,0,True,False,False,False,False,V1_P0_C0,low,V1_P0_C0__low
004340,train,1242,375,4,2,2,2,0,0,True,False,False,False,False,V1_P0_C0,low,V1_P0_C0__low
004341,train,1242,375,8,6,2,6,0,0,True,False,False,False,False,V1_P0_C0,medium,V1_P0_C0__medium
004342,train,1241,376,3,3,0,3,0,0,True,False,False,False,False,V1_P0_C0,low,V1_P0_C0__low
004343,val,1238,374,7,2,5,0,2,0,False,True,False,False,False,V0_P1_C0,low,V0_P1_C0__low
004344,val,1242,375,8,7,1,7,0,0,True,False,False,False,False,V1_P0_C0,high,V1_P0_C0__high
004345,train,1242,375,2,1,1,1,0,0,True,False,False,False,False,V1_P0_C0,low,V1_P0_C0__low
004346,train,1224,370,2,2,0,0,2,0,False,True,False,False,False,V0_P1_C0,low,V0_P1_C0__low
004347,train,1242,375,5,5,0,4,0,1,True,False,True,False,False,V1_P0_C1,medium,V1_P0_C1__medium
004348,val,1242,375,6,3,3,3,0,0,True,False,False,False,False,V1_P0_C0,low,V1_P0_C0__low
004349,train,1238,374,6,3,3,1,2,0,True,True,False,False,False,V1_P1_C0,low,V1_P1_C0__low
004350,train,1242,375,8,6,2,5,0,1,True,False,True,False,False,V1_P0_C1,medium,V1_P0_C1__medium
004351,train,1242,375,11,10,1,9,0,1,True,False,True,False,False,V1_P0_C1,high,V1_P0_C1__high
004352,train,1242,375,11,9,2,9,0,0,True,False,False,False,False,V1_P0_C0,high,V1_P0_C0__high
004353,train,1242,375,6,5,1,5,0,0,True,False,False,False,False,V1_P0_C0,medium,V1_P0_C0__medium
004354,train,1242,375,1,1,0,1,0,0,True,False,False,False,False,V1_P0_C0,low,V1_P0_C0__low
004355,train,1242,375,10,5,5,5,0,0,True,False,False,False,False,V1_P0_C0,medium,V1_P0_C0__medium
004356,train,1242,375,2,2,0,2,0,0,True,False,False,False,False,V1_P0_C0,low,V1_P0_C0__low
004357,train,1242,375,1,1,0,1,0,0,True,False,False,False,False,V1_P0_C0,low,V1_P0_C0__low
004358,train,1242,375,7,4,3,3,1,0,True,True,False,False,False,V1_P1_C0,medium,V1_P1_C0__medium
004359,train,1242,375,6,1,5,1,0,0,True,False,False,False,False,V1_P0_C0,low,V1_P0_C0__low
004360,val,1242,375,18,15,3,15,0,0,True,False,False,False,False,V1_P0_C0,high,V1_P0_C0__high
004361,val,1224,370,1,1,0,0,1,0,False,True,False,False,False,V0_P1_C0,low,V0_P1_C0__low
004362,train,1224,370,12,6,6,3,0,3,True,False,True,False,False,V1_P0_C1,medium,V1_P0_C1__medium
004363,train,1242,375,10,7,3,7,0,0,True,False,False,False,False,V1_P0_C0,high,V1_P0_C0__high
004364,val,1242,375,6,4,2,2,0,2,True,False,True,False,False,V1_P0_C1,medium,V1_P0_C1__medium
004365,train,1242,375,2,1,1,1,0,0,True,False,False,False,False,V1_P0_C0,low,V1_P0_C0__low
004366,val,1242,375,11,10,1,10,0,0,True,False,False,False,False,V1_P0_C0,high,V1_P0_C0__high
004367,val,1224,370,3,3,0,1,2,0,True,True,False,False,False,V1_P1_C0,low,V1_P1_C0__low
004368,val,1242,375,9,7,2,7,0,0,True,False,False,False,False,V1_P0_C0,high,V1_P0_C0__high
004369,train,1242,375,13,10,3,10,0,0,True,False,False,False,False,V1_P0_C0,high,V1_P0_C0__high
004370,train,1242,375,12,10,2,9,0,1,True,False,True,False,False,V1_P0_C1,high,V1_P0_C1__high
004371,val,1242,375,11,9,2,8,0,1,True,False,True,False,False,V1_P0_C1,high,V1_P0_C1__high
004372,val,1242,375,8,4,4,4,0,0,True,False,False,False,False,V1_P0_C0,medium,V1_P0_C0__medium
004373,val,1242,375,2,2,0,2,0,0,True,False,False,False,False,V1_P0_C0,low,V1_P0_C0__low
004374,train,1242,375,9,2,7,2,0,0,True,False,False,False,False,V1_P0_C0,low,V1_P0_C0__low
004375,train,1238,374,6,5,1,5,0,0,True,False,False,False,False,V1_P0_C0,medium,V1_P0_C0__medium
004376,train,1242,375,8,7,1,7,0,0,True,False,False,False,False,V1_P0_C0,high,V1_P0_C0__high
004377,train,1242,375,8,4,4,2,0,2,True,False,True,False,False,V1_P0_C1,medium,V1_P0_C1__medium
004378,train,1242,375,11,10,1,9,1,0,True,True,False,False,False,V1_P1_C0,high,V1_P1_C0__high
004379,val,1242,375,14,3,11,0,3,0,False,True,False,False,False,V0_P1_C0,low,V0_P1_C0__low
004380,train,1242,375,2,1,1,1,0,0,True,False,False,False,False,V1_P0_C0,low,V1_P0_C0__low
004381,val,1242,375,8,7,1,7,0,0,True,False,False,False,False,V1_P0_C0,high,V1_P0_C0__high
004382,train,1242,375,6,4,2,3,0,1,True,False,True,False,False,V1_P0_C1,medium,V1_P0_C1__medium
004383,train,1242,375,6,5,1,4,0,1,True,False,True,False,False,V1_P0_C1,medium,V1_P0_C1__medium
004384,train,1224,370,13,8,5,3,1,4,True,True,True,False,False,V1_P1_C1,high,V1_P1_C1__high
004385,train,1238,374,5,4,1,4,0,0,True,False,False,False,False,V1_P0_C0,medium,V1_P0_C0__medium
004386,train,1242,375,5,5,0,5,0,0,True,False,False,False,False,V1_P0_C0,medium,V1_P0_C0__medium
004387,train,1242,375,12,10,2,10,0,0,True,False,False,False,False,V1_P0_C0,high,V1_P0_C0__high
004388,val,1242,375,11,7,4,6,1,0,True,True,False,False,False,V1_P1_C0,high,V1_P1_C0__high
004389,train,1224,370,9,7,2,1,4,2,True,True,True,False,False,V1_P1_C1,high,V1_P1_C1__high
004390,train,1242,375,6,1,5,1,0,0,True,False,False,False,False,V1_P0_C0,low,V1_P0_C0__low
004391,train,1242,375,14,13,1,12,0,1,True,False,True,False,False,V1_P0_C1,high,V1_P0_C1__high
004392,train,1242,375,13,11,2,11,0,0,True,False,False,False,False,V1_P0_C0,high,V1_P0_C0__high
004393,train,1242,375,2,2,0,2,0,0,True,False,False,False,False,V1_P0_C0,low,V1_P0_C0__low
004394,train,1242,375,1,1,0,1,0,0,True,False,False,False,False,V1_P0_C0,low,V1_P0_C0__low
004395,train,1242,375,3,2,1,2,0,0,True,False,False,False,False,V1_P0_C0,low,V1_P0_C0__low
004396,val,1242,375,7,3,4,3,0,0,True,False,False,False,False,V1_P0_C0,low,V1_P0_C0__low
004397,train,1242,375,6,2,4,2,0,0,True,False,False,False,False,V1_P0_C0,low,V1_P0_C0__low
004398,val,1242,375,2,2,0,1,1,0,True,True,False,False,False,V1_P1_C0,low,V1_P1_C0__low
004399,train,1242,375,1,1,0,1,0,0,True,False,False,False,False,V1_P0_C0,low,V1_P0_C0__low
004400,train,1224,370,2,2,0,0,2,0,False,True,False,False,False,V0_P1_C0,low,V0_P1_C0__low
004401,train,1242,375,12,9,3,9,0,0,True,False,False,False,False,V1_P0_C0,high,V1_P0_C0__high
004402,train,1242,375,7,4,3,3,0,1,True,False,True,False,False,V1_P0_C1,medium,V1_P0_C1__medium
004403,train,1242,375,4,4,0,4,0,0,True,False,False,False,False,V1_P0_C0,medium,V1_P0_C0__medium
004404,train,1224,370,6,3,3,2,0,1,True,False,True,False,False,V1_P0_C1,low,V1_P0_C1__low
004405,train,1242,375,4,4,0,4,0,0,True,False,False,False,False,V1_P0_C0,medium,V1_P0_C0__medium
004406,val,1242,375,15,12,3,12,0,0,True,False,False,False,False,V1_P0_C0,high,V1_P0_C0__high
004407,train,1242,375,6,3,3,3,0,0,True,False,False,False,False,V1_P0_C0,low,V1_P0_C0__low
004408,train,1242,375,4,1,3,1,0,0,True,False,False,False,False,V1_P0_C0,low,V1_P0_C0__low
004409,train,1242,375,11,9,2,9,0,0,True,False,False,False,False,V1_P0_C0,high,V1_P0_C0__high
004410,train,1224,370,12,8,4,0,7,1,False,True,True,False,False,V0_P1_C1,high,V0_P1_C1__high
004411,train,1242,375,16,13,3,11,1,1,True,True,True,False,False,V1_P1_C1,high,V1_P1_C1__high
004412,train,1238,374,5,5,0,5,0,0,True,False,False,False,False,V1_P0_C0,medium,V1_P0_C0__medium
004413,train,1242,375,4,2,2,2,0,0,True,False,False,False,False,V1_P0_C0,low,V1_P0_C0__low
004414,train,1224,370,9,4,5,2,2,0,True,True,False,False,False,V1_P1_C0,medium,V1_P1_C0__medium
004415,train,1242,375,5,3,2,2,0,1,True,False,True,False,False,V1_P0_C1,low,V1_P0_C1__low
004416,train,1242,375,2,1,1,1,0,0,True,False,False,False,False,V1_P0_C0,low,V1_P0_C0__low
004417,val,1224,370,17,14,3,4,9,1,True,True,True,False,False,V1_P1_C1,high,V1_P1_C1__high
004418,train,1242,375,6,6,0,6,0,0,True,False,False,False,False,V1_P0_C0,medium,V1_P0_C0__medium
004419,train,1242,375,7,2,5,1,0,1,True,False,True,False,False,V1_P0_C1,low,V1_P0_C1__low
004420,train,1242,375,6,5,1,5,0,0,True,False,False,False,False,V1_P0_C0,medium,V1_P0_C0__medium
004421,train,1242,375,7,5,2,5,0,0,True,False,False,False,False,V1_P0_C0,medium,V1_P0_C0__medium
004422,train,1224,370,4,3,1,2,0,1,True,False,True,False,False,V1_P0_C1,low,V1_P0_C1__low
004423,train,1238,374,4,3,1,3,0,0,True,False,False,False,False,V1_P0_C0,low,V1_P0_C0__low
004424,train,1242,375,8,7,1,7,0,0,True,False,False,False,False,V1_P0_C0,high,V1_P0_C0__high
004425,train,1238,374,7,6,1,2,2,2,True,True,True,False,False,V1_P1_C1,medium,V1_P1_C1__medium
004426,train,1242,375,11,8,3,5,0,3,True,False,True,False,False,V1_P0_C1,high,V1_P0_C1__high
004427,train,1242,375,3,2,1,2,0,0,True,False,False,False,False,V1_P0_C0,low,V1_P0_C0__low
004428,train,1242,375,4,4,0,2,1,1,True,True,True,False,False,V1_P1_C1,medium,V1_P1_C1__medium
004429,val,1242,375,3,2,1,2,0,0,True,False,False,False,False,V1_P0_C0,low,V1_P0_C0__low
004430,train,1242,375,5,5,0,5,0,0,True,False,False,False,False,V1_P0_C0,medium,V1_P0_C0__medium
004431,train,1242,375,9,5,4,4,1,0,True,True,False,False,False,V1_P1_C0,medium,V1_P1_C0__medium
004432,train,1242,375,6,3,3,3,0,0,True,False,False,False,False,V1_P0_C0,low,V1_P0_C0__low
004433,val,1242,375,10,7,3,6,1,0,True,True,False,False,False,V1_P1_C0,high,V1_P1_C0__high
004434,train,1242,375,6,4,2,4,0,0,True,False,False,False,False,V1_P0_C0,medium,V1_P0_C0__medium
004435,train,1242,375,9,5,4,5,0,0,True,False,False,False,False,V1_P0_C0,medium,V1_P0_C0__medium
004436,train,1242,375,4,2,2,1,1,0,True,True,False,False,False,V1_P1_C0,low,V1_P1_C0__low
004437,val,1242,375,1,1,0,1,0,0,True,False,False,False,False,V1_P0_C0,low,V1_P0_C0__low
004438,val,1242,375,3,1,2,1,0,0,True,False,False,False,False,V1_P0_C0,low,V1_P0_C0__low
004439,train,1242,375,4,3,1,3,0,0,True,False,False,False,False,V1_P0_C0,low,V1_P0_C0__low
004440,train,1242,375,10,7,3,7,0,0,True,False,False,False,False,V1_P0_C0,high,V1_P0_C0__high
004441,train,1242,375,2,2,0,2,0,0,True,False,False,False,False,V1_P0_C0,low,V1_P0_C0__low
004442,train,1242,375,7,7,0,3,3,1,True,True,True,False,False,V1_P1_C1,high,V1_P1_C1__high
004443,train,1238,374,10,10,0,1,8,1,True,True,True,False,False,V1_P1_C1,high,V1_P1_C1__high
004444,train,1242,375,6,5,1,5,0,0,True,False,False,False,False,V1_P0_C0,medium,V1_P0_C0__medium
004445,train,1242,375,2,2,0,2,0,0,True,False,False,False,False,V1_P0_C0,low,V1_P0_C0__low
004446,train,1242,375,3,3,0,2,0,1,True,False,True,False,False,V1_P0_C1,low,V1_P0_C1__low
004447,train,1241,376,12,11,1,11,0,0,True,False,False,False,False,V1_P0_C0,high,V1_P0_C0__high
004448,train,1242,375,1,1,0,1,0,0,True,False,False,False,False,V1_P0_C0,low,V1_P0_C0__low
004449,train,1224,370,1,1,0,0,1,0,False,True,False,False,False,V0_P1_C0,low,V0_P1_C0__low
004450,train,1242,375,6,5,1,5,0,0,True,False,False,False,False,V1_P0_C0,medium,V1_P0_C0__medium
004451,val,1242,375,4,2,2,2,0,0,True,False,False,False,False,V1_P0_C0,low,V1_P0_C0__low
004452,val,1242,375,9,6,3,6,0,0,True,False,False,False,False,V1_P0_C0,medium,V1_P0_C0__medium
004453,train,1242,375,2,1,1,1,0,0,True,False,False,False,False,V1_P0_C0,low,V1_P0_C0__low
004454,train,1241,376,3,3,0,3,0,0,True,False,False,False,False,V1_P0_C0,low,V1_P0_C0__low
004455,val,1242,375,7,4,3,4,0,0,True,False,False,False,False,V1_P0_C0,medium,V1_P0_C0__medium
004456,train,1242,375,4,2,2,2,0,0,True,False,False,False,False,V1_P0_C0,low,V1_P0_C0__low
004457,val,1242,375,3,2,1,2,0,0,True,False,False,False,False,V1_P0_C0,low,V1_P0_C0__low
004458,train,1242,375,5,5,0,5,0,0,True,False,False,False,False,V1_P0_C0,medium,V1_P0_C0__medium
004459,train,1242,375,7,3,4,2,0,1,True,False,True,False,False,V1_P0_C1,low,V1_P0_C1__low
004460,train,1242,375,5,1,4,1,0,0,True,False,False,False,False,V1_P0_C0,low,V1_P0_C0__low
004461,train,1242,375,5,2,3,2,0,0,True,False,False,False,False,V1_P0_C0,low,V1_P0_C0__low
004462,train,1242,375,12,9,3,9,0,0,True,False,False,False,False,V1_P0_C0,high,V1_P0_C0__high
004463,train,1238,374,5,5,0,5,0,0,True,False,False,False,False,V1_P0_C0,medium,V1_P0_C0__medium
004464,train,1242,375,3,2,1,2,0,0,True,False,False,False,False,V1_P0_C0,low,V1_P0_C0__low
004465,train,1242,375,3,1,2,1,0,0,True,False,False,False,False,V1_P0_C0,low,V1_P0_C0__low
004466,train,1242,375,7,5,2,5,0,0,True,False,False,False,False,V1_P0_C0,medium,V1_P0_C0__medium
004467,train,1242,375,5,5,0,5,0,0,True,False,False,False,False,V1_P0_C0,medium,V1_P0_C0__medium
004468,train,1242,375,9,7,2,7,0,0,True,False,False,False,False,V1_P0_C0,high,V1_P0_C0__high
004469,train,1224,370,1,1,0,0,1,0,False,True,False,False,False,V0_P1_C0,low,V0_P1_C0__low
004470,val,1224,370,1,1,0,0,1,0,False,True,False,False,False,V0_P1_C0,low,V0_P1_C0__low
004471,train,1242,375,7,4,3,4,0,0,True,False,False,False,False,V1_P0_C0,medium,V1_P0_C0__medium
004472,train,1242,375,7,6,1,5,1,0,True,True,False,False,False,V1_P1_C0,medium,V1_P1_C0__medium
004473,val,1242,375,6,5,1,5,0,0,True,False,False,False,False,V1_P0_C0,medium,V1_P0_C0__medium
004474,val,1238,374,13,12,1,1,10,1,True,True,True,False,False,V1_P1_C1,high,V1_P1_C1__high
004475,val,1241,376,9,4,5,4,0,0,True,False,False,False,False,V1_P0_C0,medium,V1_P0_C0__medium
004476,train,1242,375,9,7,2,7,0,0,True,False,False,False,False,V1_P0_C0,high,V1_P0_C0__high
004477,train,1242,375,7,4,3,4,0,0,True,False,False,False,False,V1_P0_C0,medium,V1_P0_C0__medium
004478,train,1242,375,10,6,4,6,0,0,True,False,False,False,False,V1_P0_C0,medium,V1_P0_C0__medium
004479,train,1242,375,13,7,6,7,0,0,True,False,False,False,False,V1_P0_C0,high,V1_P0_C0__high
004480,val,1242,375,8,4,4,4,0,0,True,False,False,False,False,V1_P0_C0,medium,V1_P0_C0__medium
004481,train,1241,376,9,8,1,8,0,0,True,False,False,False,False,V1_P0_C0,high,V1_P0_C0__high
004482,train,1224,370,1,1,0,0,1,0,False,True,False,False,False,V0_P1_C0,low,V0_P1_C0__low
004483,val,1242,375,6,6,0,4,1,1,True,True,True,False,False,V1_P1_C1,medium,V1_P1_C1__medium
004484,val,1242,375,7,5,2,4,0,1,True,False,True,False,False,V1_P0_C1,medium,V1_P0_C1__medium
004485,train,1242,375,5,2,3,1,0,1,True,False,True,False,False,V1_P0_C1,low,V1_P0_C1__low
004486,train,1242,375,6,4,2,4,0,0,True,False,False,False,False,V1_P0_C0,medium,V1_P0_C0__medium
004487,train,1238,374,7,6,1,1,5,0,True,True,False,False,False,V1_P1_C0,medium,V1_P1_C0__medium
004488,train,1242,375,7,7,0,3,3,1,True,True,True,False,False,V1_P1_C1,high,V1_P1_C1__high
004489,train,1242,375,2,2,0,2,0,0,True,False,False,False,False,V1_P0_C0,low,V1_P0_C0__low
004490,train,1242,375,5,3,2,2,0,1,True,False,True,False,False,V1_P0_C1,low,V1_P0_C1__low
004491,train,1242,375,6,5,1,5,0,0,True,False,False,False,False,V1_P0_C0,medium,V1_P0_C0__medium
004492,train,1242,375,17,15,2,15,0,0,True,False,False,False,False,V1_P0_C0,high,V1_P0_C0__high
004493,train,1242,375,13,9,4,9,0,0,True,False,False,False,False,V1_P0_C0,high,V1_P0_C0__high
004494,train,1238,374,4,3,1,3,0,0,True,False,False,False,False,V1_P0_C0,low,V1_P0_C0__low
004495,train,1242,375,1,1,0,1,0,0,True,False,False,False,False,V1_P0_C0,low,V1_P0_C0__low
004496,train,1242,375,13,11,2,11,0,0,True,False,False,False,False,V1_P0_C0,high,V1_P0_C0__high
004497,train,1242,375,6,1,5,1,0,0,True,False,False,False,False,V1_P0_C0,low,V1_P0_C0__low
004498,val,1242,375,3,2,1,2,0,0,True,False,False,False,False,V1_P0_C0,low,V1_P0_C0__low
004499,train,1242,375,11,10,1,8,1,1,True,True,True,False,False,V1_P1_C1,high,V1_P1_C1__high
004500,val,1242,375,15,8,7,8,0,0,True,False,False,False,False,V1_P0_C0,high,V1_P0_C0__high
004501,val,1242,375,6,3,3,2,0,1,True,False,True,False,False,V1_P0_C1,low,V1_P0_C1__low
004502,train,1242,375,1,1,0,1,0,0,True,False,False,False,False,V1_P0_C0,low,V1_P0_C0__low
004503,train,1224,370,7,6,1,4,2,0,True,True,False,False,False,V1_P1_C0,medium,V1_P1_C0__medium
004504,train,1242,375,6,4,2,4,0,0,True,False,False,False,False,V1_P0_C0,medium,V1_P0_C0__medium
004505,val,1242,375,2,1,1,1,0,0,True,False,False,False,False,V1_P0_C0,low,V1_P0_C0__low
004506,train,1242,375,5,5,0,5,0,0,True,False,False,False,False,V1_P0_C0,medium,V1_P0_C0__medium
004507,train,1242,375,4,2,2,2,0,0,True,False,False,False,False,V1_P0_C0,low,V1_P0_C0__low
004508,val,1224,370,1,1,0,0,1,0,False,True,False,False,False,V0_P1_C0,low,V0_P1_C0__low
004509,train,1224,370,1,1,0,0,1,0,False,True,False,False,False,V0_P1_C0,low,V0_P1_C0__low
004510,train,1242,375,8,6,2,6,0,0,True,False,False,False,False,V1_P0_C0,medium,V1_P0_C0__medium
004511,val,1241,376,10,8,2,8,0,0,True,False,False,False,False,V1_P0_C0,high,V1_P0_C0__high
004512,val,1242,375,10,3,7,0,2,1,False,True,True,False,False,V0_P1_C1,low,V0_P1_C1__low
004513,train,1242,375,13,11,2,10,1,0,True,True,False,False,False,V1_P1_C0,high,V1_P1_C0__high
004514,train,1224,370,1,1,0,0,1,0,False,True,False,False,False,V0_P1_C0,low,V0_P1_C0__low
004515,train,1242,375,8,6,2,5,0,1,True,False,True,False,False,V1_P0_C1,medium,V1_P0_C1__medium
004516,train,1242,375,13,12,1,12,0,0,True,False,False,False,False,V1_P0_C0,high,V1_P0_C0__high
004517,train,1241,376,9,8,1,8,0,0,True,False,False,False,False,V1_P0_C0,high,V1_P0_C0__high
004518,train,1242,375,9,9,0,9,0,0,True,False,False,False,False,V1_P0_C0,high,V1_P0_C0__high
004519,train,1241,376,13,12,1,12,0,0,True,False,False,False,False,V1_P0_C0,high,V1_P0_C0__high
004520,train,1242,375,13,10,3,8,0,2,True,False,True,False,False,V1_P0_C1,high,V1_P0_C1__high
004521,train,1224,370,1,1,0,0,1,0,False,True,False,False,False,V0_P1_C0,low,V0_P1_C0__low
004522,train,1242,375,2,1,1,1,0,0,True,False,False,False,False,V1_P0_C0,low,V1_P0_C0__low
004523,train,1242,375,1,1,0,1,0,0,True,False,False,False,False,V1_P0_C0,low,V1_P0_C0__low
004524,train,1242,375,5,2,3,1,1,0,True,True,False,False,False,V1_P1_C0,low,V1_P1_C0__low
004525,train,1242,375,8,7,1,7,0,0,True,False,False,False,False,V1_P0_C0,high,V1_P0_C0__high
004526,train,1242,375,6,4,2,4,0,0,True,False,False,False,False,V1_P0_C0,medium,V1_P0_C0__medium
004527,val,1224,370,16,14,2,1,13,0,True,True,False,False,False,V1_P1_C0,high,V1_P1_C0__high
004528,train,1242,375,13,5,8,5,0,0,True,False,False,False,False,V1_P0_C0,medium,V1_P0_C0__medium
004529,val,1242,375,3,3,0,2,1,0,True,True,False,False,False,V1_P1_C0,low,V1_P1_C0__low
004530,train,1242,375,7,4,3,4,0,0,True,False,False,False,False,V1_P0_C0,medium,V1_P0_C0__medium
004531,train,1242,375,2,2,0,2,0,0,True,False,False,False,False,V1_P0_C0,low,V1_P0_C0__low
004532,train,1238,374,11,9,2,1,8,0,True,True,False,False,False,V1_P1_C0,high,V1_P1_C0__high
004533,train,1242,375,14,13,1,13,0,0,True,False,False,False,False,V1_P0_C0,high,V1_P0_C0__high
004534,val,1242,375,11,6,5,5,1,0,True,True,False,False,False,V1_P1_C0,medium,V1_P1_C0__medium
004535,train,1242,375,1,1,0,1,0,0,True,False,False,False,False,V1_P0_C0,low,V1_P0_C0__low
004536,train,1224,370,12,11,1,1,7,3,True,True,True,False,False,V1_P1_C1,high,V1_P1_C1__high
004537,train,1242,375,12,10,2,9,0,1,True,False,True,False,False,V1_P0_C1,high,V1_P0_C1__high
004538,train,1242,375,2,1,1,1,0,0,True,False,False,False,False,V1_P0_C0,low,V1_P0_C0__low
004539,val,1242,375,2,1,1,1,0,0,True,False,False,False,False,V1_P0_C0,low,V1_P0_C0__low
004540,train,1242,375,7,5,2,5,0,0,True,False,False,False,False,V1_P0_C0,medium,V1_P0_C0__medium
004541,train,1242,375,12,8,4,8,0,0,True,False,False,False,False,V1_P0_C0,high,V1_P0_C0__high
004542,train,1242,375,8,7,1,6,0,1,True,False,True,False,False,V1_P0_C1,high,V1_P0_C1__high
004543,val,1224,370,1,1,0,0,1,0,False,True,False,False,False,V0_P1_C0,low,V0_P1_C0__low
004544,val,1238,374,5,5,0,5,0,0,True,False,False,False,False,V1_P0_C0,medium,V1_P0_C0__medium
004545,train,1242,375,4,4,0,4,0,0,True,False,False,False,False,V1_P0_C0,medium,V1_P0_C0__medium
004546,train,1224,370,1,1,0,0,1,0,False,True,False,False,False,V0_P1_C0,low,V0_P1_C0__low
004547,train,1242,375,6,2,4,2,0,0,True,False,False,False,False,V1_P0_C0,low,V1_P0_C0__low
004548,train,1242,375,8,5,3,5,0,0,True,False,False,False,False,V1_P0_C0,medium,V1_P0_C0__medium
004549,train,1242,375,13,9,4,7,0,2,True,False,True,False,False,V1_P0_C1,high,V1_P0_C1__high
004550,train,1242,375,4,2,2,2,0,0,True,False,False,False,False,V1_P0_C0,low,V1_P0_C0__low
004551,val,1242,375,9,8,1,5,0,3,True,False,True,False,False,V1_P0_C1,high,V1_P0_C1__high
004552,train,1242,375,5,5,0,4,0,1,True,False,True,False,False,V1_P0_C1,medium,V1_P0_C1__medium
004553,train,1242,375,10,10,0,9,1,0,True,True,False,False,False,V1_P1_C0,high,V1_P1_C0__high
004554,train,1242,375,9,5,4,5,0,0,True,False,False,False,False,V1_P0_C0,medium,V1_P0_C0__medium
004555,train,1242,375,9,9,0,9,0,0,True,False,False,False,False,V1_P0_C0,high,V1_P0_C0__high
004556,train,1242,375,7,3,4,3,0,0,True,False,False,False,False,V1_P0_C0,low,V1_P0_C0__low
004557,train,1242,375,6,4,2,4,0,0,True,False,False,False,False,V1_P0_C0,medium,V1_P0_C0__medium
004558,train,1242,375,10,7,3,6,0,1,True,False,True,False,False,V1_P0_C1,high,V1_P0_C1__high
004559,train,1242,375,2,1,1,1,0,0,True,False,False,False,False,V1_P0_C0,low,V1_P0_C0__low
004560,val,1242,375,15,13,2,13,0,0,True,False,False,False,False,V1_P0_C0,high,V1_P0_C0__high
004561,val,1242,375,9,6,3,5,1,0,True,True,False,False,False,V1_P1_C0,medium,V1_P1_C0__medium
004562,train,1238,374,9,7,2,1,6,0,True,True,False,False,False,V1_P1_C0,high,V1_P1_C0__high
004563,train,1242,375,9,6,3,6,0,0,True,False,False,False,False,V1_P0_C0,medium,V1_P0_C0__medium
004564,train,1224,370,1,1,0,0,1,0,False,True,False,False,False,V0_P1_C0,low,V0_P1_C0__low
004565,train,1242,375,7,1,6,1,0,0,True,False,False,False,False,V1_P0_C0,low,V1_P0_C0__low
004566,val,1242,375,1,1,0,1,0,0,True,False,False,False,False,V1_P0_C0,low,V1_P0_C0__low
004567,train,1224,370,10,6,4,2,2,2,True,True,True,False,False,V1_P1_C1,medium,V1_P1_C1__medium
004568,train,1242,375,3,2,1,2,0,0,True,False,False,False,False,V1_P0_C0,low,V1_P0_C0__low
004569,val,1224,370,9,5,4,2,2,1,True,True,True,False,False,V1_P1_C1,medium,V1_P1_C1__medium
004570,train,1242,375,3,2,1,1,1,0,True,True,False,False,False,V1_P1_C0,low,V1_P1_C0__low
004571,train,1238,374,6,6,0,6,0,0,True,False,False,False,False,V1_P0_C0,medium,V1_P0_C0__medium
004572,val,1242,375,11,9,2,9,0,0,True,False,False,False,False,V1_P0_C0,high,V1_P0_C0__high
004573,train,1242,375,6,2,4,2,0,0,True,False,False,False,False,V1_P0_C0,low,V1_P0_C0__low
004574,train,1242,375,6,3,3,3,0,0,True,False,False,False,False,V1_P0_C0,low,V1_P0_C0__low
004575,train,1242,375,3,2,1,2,0,0,True,False,False,False,False,V1_P0_C0,low,V1_P0_C0__low
004576,train,1242,375,8,4,4,4,0,0,True,False,False,False,False,V1_P0_C0,medium,V1_P0_C0__medium
004577,val,1242,375,5,3,2,3,0,0,True,False,False,False,False,V1_P0_C0,low,V1_P0_C0__low
004578,train,1242,375,11,9,2,9,0,0,True,False,False,False,False,V1_P0_C0,high,V1_P0_C0__high
004579,train,1242,375,4,2,2,2,0,0,True,False,False,False,False,V1_P0_C0,low,V1_P0_C0__low
004580,train,1224,370,1,1,0,0,1,0,False,True,False,False,False,V0_P1_C0,low,V0_P1_C0__low
004581,train,1242,375,4,3,1,3,0,0,True,False,False,False,False,V1_P0_C0,low,V1_P0_C0__low
004582,train,1242,375,3,2,1,2,0,0,True,False,False,False,False,V1_P0_C0,low,V1_P0_C0__low
004583,val,1224,370,12,10,2,0,7,3,False,True,True,False,False,V0_P1_C1,high,V0_P1_C1__high
004584,train,1224,370,7,6,1,4,2,0,True,True,False,False,False,V1_P1_C0,medium,V1_P1_C0__medium
004585,train,1242,375,5,4,1,4,0,0,True,False,False,False,False,V1_P0_C0,medium,V1_P0_C0__medium
004586,val,1242,375,4,3,1,3,0,0,True,False,False,False,False,V1_P0_C0,low,V1_P0_C0__low
004587,val,1242,375,10,8,2,8,0,0,True,False,False,False,False,V1_P0_C0,high,V1_P0_C0__high
004588,train,1238,374,7,2,5,0,2,0,False,True,False,False,False,V0_P1_C0,low,V0_P1_C0__low
004589,val,1242,375,1,1,0,1,0,0,True,False,False,False,False,V1_P0_C0,low,V1_P0_C0__low
004590,train,1242,375,5,2,3,2,0,0,True,False,False,False,False,V1_P0_C0,low,V1_P0_C0__low
004591,train,1242,375,3,1,2,1,0,0,True,False,False,False,False,V1_P0_C0,low,V1_P0_C0__low
004592,val,1242,375,4,4,0,4,0,0,True,False,False,False,False,V1_P0_C0,medium,V1_P0_C0__medium
004593,val,1242,375,8,7,1,7,0,0,True,False,False,False,False,V1_P0_C0,high,V1_P0_C0__high
004594,train,1224,370,1,1,0,0,1,0,False,True,False,False,False,V0_P1_C0,low,V0_P1_C0__low
004595,train,1224,370,1,1,0,0,1,0,False,True,False,False,False,V0_P1_C0,low,V0_P1_C0__low
004596,train,1242,375,6,4,2,4,0,0,True,False,False,False,False,V1_P0_C0,medium,V1_P0_C0__medium
004597,train,1224,370,2,2,0,1,1,0,True,True,False,False,False,V1_P1_C0,low,V1_P1_C0__low
004598,train,1242,375,8,5,3,5,0,0,True,False,False,False,False,V1_P0_C0,medium,V1_P0_C0__medium
004599,val,1242,375,6,4,2,4,0,0,True,False,False,False,False,V1_P0_C0,medium,V1_P0_C0__medium
004600,val,1242,375,2,1,1,1,0,0,True,False,False,False,False,V1_P0_C0,low,V1_P0_C0__low
004601,train,1242,375,10,5,5,5,0,0,True,False,False,False,False,V1_P0_C0,medium,V1_P0_C0__medium
004602,train,1242,375,8,5,3,0,5,0,False,True,False,False,False,V0_P1_C0,medium,V0_P1_C0__medium
004603,train,1242,375,12,10,2,10,0,0,True,False,False,False,False,V1_P0_C0,high,V1_P0_C0__high
004604,train,1242,375,14,12,2,10,1,1,True,True,True,False,False,V1_P1_C1,high,V1_P1_C1__high
004605,train,1224,370,1,1,0,0,1,0,False,True,False,False,False,V0_P1_C0,low,V0_P1_C0__low
004606,train,1242,375,7,4,3,4,0,0,True,False,False,False,False,V1_P0_C0,medium,V1_P0_C0__medium
004607,train,1242,375,6,4,2,4,0,0,True,False,False,False,False,V1_P0_C0,medium,V1_P0_C0__medium
004608,train,1242,375,2,1,1,1,0,0,True,False,False,False,False,V1_P0_C0,low,V1_P0_C0__low
004609,train,1242,375,8,6,2,6,0,0,True,False,False,False,False,V1_P0_C0,medium,V1_P0_C0__medium
004610,train,1242,375,13,8,5,8,0,0,True,False,False,False,False,V1_P0_C0,high,V1_P0_C0__high
004611,train,1242,375,7,3,4,3,0,0,True,False,False,False,False,V1_P0_C0,low,V1_P0_C0__low
004612,train,1242,375,4,4,0,4,0,0,True,False,False,False,False,V1_P0_C0,medium,V1_P0_C0__medium
004613,train,1242,375,4,3,1,2,0,1,True,False,True,False,False,V1_P0_C1,low,V1_P0_C1__low
004614,train,1242,375,12,12,0,12,0,0,True,False,False,False,False,V1_P0_C0,high,V1_P0_C0__high
004615,train,1242,375,4,2,2,2,0,0,True,False,False,False,False,V1_P0_C0,low,V1_P0_C0__low
004616,train,1242,375,11,11,0,11,0,0,True,False,False,False,False,V1_P0_C0,high,V1_P0_C0__high
004617,train,1242,375,10,8,2,8,0,0,True,False,False,False,False,V1_P0_C0,high,V1_P0_C0__high
004618,train,1242,375,3,1,2,1,0,0,True,False,False,False,False,V1_P0_C0,low,V1_P0_C0__low
004619,train,1224,370,9,4,5,0,4,0,False,True,False,False,False,V0_P1_C0,medium,V0_P1_C0__medium
004620,train,1242,375,6,5,1,5,0,0,True,False,False,False,False,V1_P0_C0,medium,V1_P0_C0__medium
004621,val,1242,375,13,13,0,13,0,0,True,False,False,False,False,V1_P0_C0,high,V1_P0_C0__high
004622,train,1242,375,9,6,3,6,0,0,True,False,False,False,False,V1_P0_C0,medium,V1_P0_C0__medium
004623,train,1242,375,2,1,1,1,0,0,True,False,False,False,False,V1_P0_C0,low,V1_P0_C0__low
004624,train,1242,375,8,7,1,6,0,1,True,False,True,False,False,V1_P0_C1,high,V1_P0_C1__high
004625,train,1242,375,4,4,0,4,0,0,True,False,False,False,False,V1_P0_C0,medium,V1_P0_C0__medium
004626,train,1242,375,4,3,1,3,0,0,True,False,False,False,False,V1_P0_C0,low,V1_P0_C0__low
004627,train,1224,370,2,2,0,0,2,0,False,True,False,False,False,V0_P1_C0,low,V0_P1_C0__low
004628,train,1242,375,1,1,0,1,0,0,True,False,False,False,False,V1_P0_C0,low,V1_P0_C0__low
004629,train,1242,375,5,2,3,2,0,0,True,False,False,False,False,V1_P0_C0,low,V1_P0_C0__low
004630,train,1242,375,7,4,3,3,0,1,True,False,True,False,False,V1_P0_C1,medium,V1_P0_C1__medium
004631,train,1242,375,14,14,0,14,0,0,True,False,False,False,False,V1_P0_C0,high,V1_P0_C0__high
004632,train,1242,375,7,5,2,5,0,0,True,False,False,False,False,V1_P0_C0,medium,V1_P0_C0__medium
004633,val,1242,375,15,13,2,13,0,0,True,False,False,False,False,V1_P0_C0,high,V1_P0_C0__high
004634,train,1224,370,2,2,0,1,1,0,True,True,False,False,False,V1_P1_C0,low,V1_P1_C0__low
004635,train,1242,375,9,6,3,6,0,0,True,False,False,False,False,V1_P0_C0,medium,V1_P0_C0__medium
004636,train,1242,375,10,9,1,9,0,0,True,False,False,False,False,V1_P0_C0,high,V1_P0_C0__high
004637,train,1242,375,10,10,0,9,1,0,True,True,False,False,False,V1_P1_C0,high,V1_P1_C0__high
004638,train,1242,375,5,1,4,1,0,0,True,False,False,False,False,V1_P0_C0,low,V1_P0_C0__low
004639,train,1242,375,9,6,3,5,1,0,True,True,False,False,False,V1_P1_C0,medium,V1_P1_C0__medium
004640,train,1242,375,12,10,2,10,0,0,True,False,False,False,False,V1_P0_C0,high,V1_P0_C0__high
004641,val,1242,375,6,1,5,1,0,0,True,False,False,False,False,V1_P0_C0,low,V1_P0_C0__low
004642,train,1242,375,5,2,3,2,0,0,True,False,False,False,False,V1_P0_C0,low,V1_P0_C0__low
004643,train,1242,375,11,9,2,9,0,0,True,False,False,False,False,V1_P0_C0,high,V1_P0_C0__high
004644,train,1242,375,6,4,2,4,0,0,True,False,False,False,False,V1_P0_C0,medium,V1_P0_C0__medium
004645,val,1242,375,4,3,1,3,0,0,True,False,False,False,False,V1_P0_C0,low,V1_P0_C0__low
004646,val,1224,370,1,1,0,0,1,0,False,True,False,False,False,V0_P1_C0,low,V0_P1_C0__low
004647,train,1242,375,9,3,6,0,1,2,False,True,True,False,False,V0_P1_C1,low,V0_P1_C1__low
004648,train,1241,376,8,8,0,8,0,0,True,False,False,False,False,V1_P0_C0,high,V1_P0_C0__high
004649,val,1242,375,7,2,5,2,0,0,True,False,False,False,False,V1_P0_C0,low,V1_P0_C0__low
004650,train,1242,375,4,3,1,3,0,0,True,False,False,False,False,V1_P0_C0,low,V1_P0_C0__low
004651,train,1242,375,5,5,0,3,2,0,True,True,False,False,False,V1_P1_C0,medium,V1_P1_C0__medium
004652,train,1242,375,10,7,3,7,0,0,True,False,False,False,False,V1_P0_C0,high,V1_P0_C0__high
004653,val,1242,375,11,8,3,8,0,0,True,False,False,False,False,V1_P0_C0,high,V1_P0_C0__high
004654,train,1242,375,5,5,0,5,0,0,True,False,False,False,False,V1_P0_C0,medium,V1_P0_C0__medium
004655,train,1242,375,1,1,0,1,0,0,True,False,False,False,False,V1_P0_C0,low,V1_P0_C0__low
004656,train,1242,375,1,1,0,1,0,0,True,False,False,False,False,V1_P0_C0,low,V1_P0_C0__low
004657,train,1238,374,6,5,1,2,2,1,True,True,True,False,False,V1_P1_C1,medium,V1_P1_C1__medium
004658,val,1242,375,7,4,3,4,0,0,True,False,False,False,False,V1_P0_C0,medium,V1_P0_C0__medium
004659,train,1242,375,9,8,1,8,0,0,True,False,False,False,False,V1_P0_C0,high,V1_P0_C0__high
004660,train,1242,375,4,4,0,4,0,0,True,False,False,False,False,V1_P0_C0,medium,V1_P0_C0__medium
004661,train,1242,375,8,6,2,6,0,0,True,False,False,False,False,V1_P0_C0,medium,V1_P0_C0__medium
004662,val,1242,375,5,5,0,4,0,1,True,False,True,False,False,V1_P0_C1,medium,V1_P0_C1__medium
004663,train,1242,375,10,7,3,7,0,0,True,False,False,False,False,V1_P0_C0,high,V1_P0_C0__high
004664,train,1242,375,9,4,5,4,0,0,True,False,False,False,False,V1_P0_C0,medium,V1_P0_C0__medium
004665,val,1238,374,10,9,1,1,6,2,True,True,True,False,False,V1_P1_C1,high,V1_P1_C1__high
004666,train,1242,375,11,10,1,10,0,0,True,False,False,False,False,V1_P0_C0,high,V1_P0_C0__high
004667,train,1242,375,4,4,0,4,0,0,True,False,False,False,False,V1_P0_C0,medium,V1_P0_C0__medium
004668,train,1242,375,14,8,6,8,0,0,True,False,False,False,False,V1_P0_C0,high,V1_P0_C0__high
004669,train,1242,375,5,2,3,2,0,0,True,False,False,False,False,V1_P0_C0,low,V1_P0_C0__low
004670,train,1242,375,5,4,1,4,0,0,True,False,False,False,False,V1_P0_C0,medium,V1_P0_C0__medium
004671,train,1242,375,5,1,4,1,0,0,True,False,False,False,False,V1_P0_C0,low,V1_P0_C0__low
004672,train,1242,375,7,7,0,7,0,0,True,False,False,False,False,V1_P0_C0,high,V1_P0_C0__high
004673,train,1242,375,9,8,1,8,0,0,True,False,False,False,False,V1_P0_C0,high,V1_P0_C0__high
004674,train,1224,370,1,1,0,0,1,0,False,True,False,False,False,V0_P1_C0,low,V0_P1_C0__low
004675,train,1242,375,4,2,2,2,0,0,True,False,False,False,False,V1_P0_C0,low,V1_P0_C0__low
004676,val,1242,375,5,1,4,1,0,0,True,False,False,False,False,V1_P0_C0,low,V1_P0_C0__low
004677,train,1242,375,8,6,2,6,0,0,True,False,False,False,False,V1_P0_C0,medium,V1_P0_C0__medium
004678,train,1242,375,1,1,0,1,0,0,True,False,False,False,False,V1_P0_C0,low,V1_P0_C0__low
004679,val,1224,370,1,1,0,0,1,0,False,True,False,False,False,V0_P1_C0,low,V0_P1_C0__low
004680,train,1242,375,4,3,1,3,0,0,True,False,False,False,False,V1_P0_C0,low,V1_P0_C0__low
004681,train,1242,375,5,3,2,3,0,0,True,False,False,False,False,V1_P0_C0,low,V1_P0_C0__low
004682,train,1241,376,10,10,0,10,0,0,True,False,False,False,False,V1_P0_C0,high,V1_P0_C0__high
004683,train,1242,375,3,2,1,2,0,0,True,False,False,False,False,V1_P0_C0,low,V1_P0_C0__low
004684,train,1242,375,14,14,0,14,0,0,True,False,False,False,False,V1_P0_C0,high,V1_P0_C0__high
004685,train,1242,375,11,10,1,9,1,0,True,True,False,False,False,V1_P1_C0,high,V1_P1_C0__high
004686,train,1241,376,14,13,1,13,0,0,True,False,False,False,False,V1_P0_C0,high,V1_P0_C0__high
004687,train,1242,375,4,1,3,1,0,0,True,False,False,False,False,V1_P0_C0,low,V1_P0_C0__low
004688,train,1242,375,4,4,0,4,0,0,True,False,False,False,False,V1_P0_C0,medium,V1_P0_C0__medium
004689,train,1242,375,10,9,1,9,0,0,True,False,False,False,False,V1_P0_C0,high,V1_P0_C0__high
004690,val,1242,375,6,4,2,3,0,1,True,False,True,False,False,V1_P0_C1,medium,V1_P0_C1__medium
004691,val,1242,375,12,9,3,9,0,0,True,False,False,False,False,V1_P0_C0,high,V1_P0_C0__high
004692,val,1224,370,8,7,1,2,2,3,True,True,True,False,False,V1_P1_C1,high,V1_P1_C1__high
004693,train,1242,375,7,2,5,1,0,1,True,False,True,False,False,V1_P0_C1,low,V1_P0_C1__low
004694,train,1241,376,5,5,0,5,0,0,True,False,False,False,False,V1_P0_C0,medium,V1_P0_C0__medium
004695,val,1242,375,2,1,1,1,0,0,True,False,False,False,False,V1_P0_C0,low,V1_P0_C0__low
004696,train,1224,370,1,1,0,0,1,0,False,True,False,False,False,V0_P1_C0,low,V0_P1_C0__low
004697,train,1242,375,5,3,2,3,0,0,True,False,False,False,False,V1_P0_C0,low,V1_P0_C0__low
004698,train,1242,375,7,2,5,2,0,0,True,False,False,False,False,V1_P0_C0,low,V1_P0_C0__low
004699,train,1242,375,6,2,4,2,0,0,True,False,False,False,False,V1_P0_C0,low,V1_P0_C0__low
004700,val,1242,375,9,7,2,7,0,0,True,False,False,False,False,V1_P0_C0,high,V1_P0_C0__high
004701,train,1242,375,14,10,4,10,0,0,True,False,False,False,False,V1_P0_C0,high,V1_P0_C0__high
004702,train,1242,375,6,3,3,3,0,0,True,False,False,False,False,V1_P0_C0,low,V1_P0_C0__low
004703,train,1242,375,5,5,0,5,0,0,True,False,False,False,False,V1_P0_C0,medium,V1_P0_C0__medium
004704,train,1224,370,19,19,0,6,12,1,True,True,True,False,False,V1_P1_C1,high,V1_P1_C1__high
004705,train,1242,375,6,3,3,3,0,0,True,False,False,False,False,V1_P0_C0,low,V1_P0_C0__low
004706,val,1242,375,4,2,2,1,0,1,True,False,True,False,False,V1_P0_C1,low,V1_P0_C1__low
004707,train,1242,375,15,12,3,12,0,0,True,False,False,False,False,V1_P0_C0,high,V1_P0_C0__high
004708,val,1242,375,12,10,2,10,0,0,True,False,False,False,False,V1_P0_C0,high,V1_P0_C0__high
004709,train,1242,375,1,1,0,1,0,0,True,False,False,False,False,V1_P0_C0,low,V1_P0_C0__low
004710,train,1242,375,8,7,1,6,0,1,True,False,True,False,False,V1_P0_C1,high,V1_P0_C1__high
004711,train,1242,375,9,6,3,6,0,0,True,False,False,False,False,V1_P0_C0,medium,V1_P0_C0__medium
004712,val,1242,375,9,7,2,2,4,1,True,True,True,False,False,V1_P1_C1,high,V1_P1_C1__high
004713,train,1242,375,14,12,2,11,0,1,True,False,True,False,False,V1_P0_C1,high,V1_P0_C1__high
004714,train,1242,375,7,5,2,5,0,0,True,False,False,False,False,V1_P0_C0,medium,V1_P0_C0__medium
004715,train,1241,376,9,8,1,8,0,0,True,False,False,False,False,V1_P0_C0,high,V1_P0_C0__high
004716,train,1242,375,13,10,3,10,0,0,True,False,False,False,False,V1_P0_C0,high,V1_P0_C0__high
004717,train,1242,375,5,5,0,3,2,0,True,True,False,False,False,V1_P1_C0,medium,V1_P1_C0__medium
004718,train,1242,375,6,4,2,4,0,0,True,False,False,False,False,V1_P0_C0,medium,V1_P0_C0__medium
004719,train,1238,374,7,7,0,7,0,0,True,False,False,False,False,V1_P0_C0,high,V1_P0_C0__high
004720,train,1224,370,10,8,2,3,4,1,True,True,True,False,False,V1_P1_C1,high,V1_P1_C1__high
004721,train,1242,375,7,5,2,5,0,0,True,False,False,False,False,V1_P0_C0,medium,V1_P0_C0__medium
004722,train,1238,374,8,6,2,0,6,0,False,True,False,False,False,V0_P1_C0,medium,V0_P1_C0__medium
004723,train,1224,370,1,1,0,0,1,0,False,True,False,False,False,V0_P1_C0,low,V0_P1_C0__low
004724,train,1224,370,1,1,0,0,1,0,False,True,False,False,False,V0_P1_C0,low,V0_P1_C0__low
004725,val,1242,375,8,4,4,4,0,0,True,False,False,False,False,V1_P0_C0,medium,V1_P0_C0__medium
004726,val,1242,375,6,3,3,3,0,0,True,False,False,False,False,V1_P0_C0,low,V1_P0_C0__low
004727,train,1242,375,2,2,0,2,0,0,True,False,False,False,False,V1_P0_C0,low,V1_P0_C0__low
004728,train,1242,375,5,2,3,2,0,0,True,False,False,False,False,V1_P0_C0,low,V1_P0_C0__low
004729,train,1242,375,11,2,9,0,2,0,False,True,False,False,False,V0_P1_C0,low,V0_P1_C0__low
004730,val,1242,375,13,8,5,8,0,0,True,False,False,False,False,V1_P0_C0,high,V1_P0_C0__high
004731,train,1224,370,1,1,0,0,1,0,False,True,False,False,False,V0_P1_C0,low,V0_P1_C0__low
004732,val,1242,375,4,2,2,2,0,0,True,False,False,False,False,V1_P0_C0,low,V1_P0_C0__low
004733,train,1224,370,1,1,0,0,1,0,False,True,False,False,False,V0_P1_C0,low,V0_P1_C0__low
004734,train,1242,375,6,5,1,5,0,0,True,False,False,False,False,V1_P0_C0,medium,V1_P0_C0__medium
004735,train,1242,375,15,10,5,10,0,0,True,False,False,False,False,V1_P0_C0,high,V1_P0_C0__high
004736,val,1242,375,9,4,5,3,0,1,True,False,True,False,False,V1_P0_C1,medium,V1_P0_C1__medium
004737,train,1242,375,4,2,2,1,0,1,True,False,True,False,False,V1_P0_C1,low,V1_P0_C1__low
004738,val,1242,375,5,3,2,3,0,0,True,False,False,False,False,V1_P0_C0,low,V1_P0_C0__low
004739,train,1242,375,11,7,4,7,0,0,True,False,False,False,False,V1_P0_C0,high,V1_P0_C0__high
004740,train,1238,374,14,12,2,1,11,0,True,True,False,False,False,V1_P1_C0,high,V1_P1_C0__high
004741,train,1242,375,2,2,0,2,0,0,True,False,False,False,False,V1_P0_C0,low,V1_P0_C0__low
004742,train,1241,376,8,8,0,8,0,0,True,False,False,False,False,V1_P0_C0,high,V1_P0_C0__high
004743,train,1241,376,12,11,1,11,0,0,True,False,False,False,False,V1_P0_C0,high,V1_P0_C0__high
004744,train,1242,375,7,2,5,2,0,0,True,False,False,False,False,V1_P0_C0,low,V1_P0_C0__low
004745,train,1238,374,6,4,2,2,2,0,True,True,False,False,False,V1_P1_C0,medium,V1_P1_C0__medium
004746,train,1242,375,6,1,5,1,0,0,True,False,False,False,False,V1_P0_C0,low,V1_P0_C0__low
004747,train,1224,370,20,20,0,4,13,3,True,True,True,False,False,V1_P1_C1,high,V1_P1_C1__high
004748,val,1242,375,11,9,2,9,0,0,True,False,False,False,False,V1_P0_C0,high,V1_P0_C0__high
004749,train,1242,375,9,6,3,3,0,3,True,False,True,False,False,V1_P0_C1,medium,V1_P0_C1__medium
004750,train,1242,375,5,4,1,4,0,0,True,False,False,False,False,V1_P0_C0,medium,V1_P0_C0__medium
004751,train,1242,375,5,5,0,5,0,0,True,False,False,False,False,V1_P0_C0,medium,V1_P0_C0__medium
004752,train,1242,375,10,8,2,7,1,0,True,True,False,False,False,V1_P1_C0,high,V1_P1_C0__high
004753,train,1242,375,7,7,0,6,1,0,True,True,False,False,False,V1_P1_C0,high,V1_P1_C0__high
004754,train,1242,375,6,3,3,3,0,0,True,False,False,False,False,V1_P0_C0,low,V1_P0_C0__low
004755,val,1242,375,8,8,0,6,0,2,True,False,True,False,False,V1_P0_C1,high,V1_P0_C1__high
004756,train,1241,376,7,7,0,7,0,0,True,False,False,False,False,V1_P0_C0,high,V1_P0_C0__high
004757,val,1242,375,6,3,3,0,3,0,False,True,False,False,False,V0_P1_C0,low,V0_P1_C0__low
004758,val,1242,375,11,11,0,11,0,0,True,False,False,False,False,V1_P0_C0,high,V1_P0_C0__high
004759,train,1242,375,2,2,0,2,0,0,True,False,False,False,False,V1_P0_C0,low,V1_P0_C0__low
004760,train,1242,375,2,2,0,2,0,0,True,False,False,False,False,V1_P0_C0,low,V1_P0_C0__low
004761,train,1242,375,1,1,0,1,0,0,True,False,False,False,False,V1_P0_C0,low,V1_P0_C0__low
004762,train,1224,370,1,1,0,0,1,0,False,True,False,False,False,V0_P1_C0,low,V0_P1_C0__low
004763,train,1242,375,5,4,1,4,0,0,True,False,False,False,False,V1_P0_C0,medium,V1_P0_C0__medium
004764,train,1242,375,13,10,3,8,0,2,True,False,True,False,False,V1_P0_C1,high,V1_P0_C1__high
004765,train,1242,375,3,2,1,2,0,0,True,False,False,False,False,V1_P0_C0,low,V1_P0_C0__low
004766,train,1242,375,14,8,6,8,0,0,True,False,False,False,False,V1_P0_C0,high,V1_P0_C0__high
004767,train,1242,375,6,4,2,4,0,0,True,False,False,False,False,V1_P0_C0,medium,V1_P0_C0__medium
004768,train,1242,375,2,1,1,1,0,0,True,False,False,False,False,V1_P0_C0,low,V1_P0_C0__low
004769,train,1241,376,11,10,1,10,0,0,True,False,False,False,False,V1_P0_C0,high,V1_P0_C0__high
004770,train,1242,375,11,7,4,7,0,0,True,False,False,False,False,V1_P0_C0,high,V1_P0_C0__high
004771,train,1242,375,5,3,2,3,0,0,True,False,False,False,False,V1_P0_C0,low,V1_P0_C0__low
004772,train,1242,375,11,11,0,10,1,0,True,True,False,False,False,V1_P1_C0,high,V1_P1_C0__high
004773,val,1242,375,2,1,1,0,1,0,False,True,False,False,False,V0_P1_C0,low,V0_P1_C0__low
004774,train,1242,375,8,7,1,7,0,0,True,False,False,False,False,V1_P0_C0,high,V1_P0_C0__high
004775,train,1242,375,8,2,6,2,0,0,True,False,False,False,False,V1_P0_C0,low,V1_P0_C0__low
004776,train,1242,375,7,4,3,4,0,0,True,False,False,False,False,V1_P0_C0,medium,V1_P0_C0__medium
004777,train,1238,374,6,5,1,5,0,0,True,False,False,False,False,V1_P0_C0,medium,V1_P0_C0__medium
004778,val,1242,375,10,8,2,8,0,0,True,False,False,False,False,V1_P0_C0,high,V1_P0_C0__high
004779,train,1242,375,10,10,0,10,0,0,True,False,False,False,False,V1_P0_C0,high,V1_P0_C0__high
004780,train,1224,370,1,1,0,0,1,0,False,True,False,False,False,V0_P1_C0,low,V0_P1_C0__low
004781,train,1242,375,10,9,1,9,0,0,True,False,False,False,False,V1_P0_C0,high,V1_P0_C0__high
004782,train,1242,375,6,6,0,4,2,0,True,True,False,False,False,V1_P1_C0,medium,V1_P1_C0__medium
004783,val,1242,375,2,2,0,2,0,0,True,False,False,False,False,V1_P0_C0,low,V1_P0_C0__low
004784,train,1242,375,3,3,0,3,0,0,True,False,False,False,False,V1_P0_C0,low,V1_P0_C0__low
004785,train,1242,375,3,2,1,2,0,0,True,False,False,False,False,V1_P0_C0,low,V1_P0_C0__low
004786,train,1224,370,11,10,1,0,7,3,False,True,True,False,False,V0_P1_C1,high,V0_P1_C1__high
004787,train,1242,375,19,15,4,14,0,1,True,False,True,False,False,V1_P0_C1,high,V1_P0_C1__high
004788,train,1224,370,14,9,5,2,3,4,True,True,True,False,False,V1_P1_C1,high,V1_P1_C1__high
004789,train,1238,374,5,5,0,5,0,0,True,False,False,False,False,V1_P0_C0,medium,V1_P0_C0__medium
004790,train,1242,375,9,6,3,5,1,0,True,True,False,False,False,V1_P1_C0,medium,V1_P1_C0__medium
004791,train,1242,375,3,2,1,2,0,0,True,False,False,False,False,V1_P0_C0,low,V1_P0_C0__low
004792,val,1242,375,5,3,2,3,0,0,True,False,False,False,False,V1_P0_C0,low,V1_P0_C0__low
004793,train,1242,375,13,10,3,9,1,0,True,True,False,False,False,V1_P1_C0,high,V1_P1_C0__high
004794,train,1238,374,4,4,0,4,0,0,True,False,False,False,False,V1_P0_C0,medium,V1_P0_C0__medium
004795,train,1242,375,2,2,0,2,0,0,True,False,False,False,False,V1_P0_C0,low,V1_P0_C0__low
004796,val,1242,375,8,7,1,6,1,0,True,True,False,False,False,V1_P1_C0,high,V1_P1_C0__high
004797,train,1224,370,1,1,0,0,1,0,False,True,False,False,False,V0_P1_C0,low,V0_P1_C0__low
004798,train,1242,375,8,7,1,7,0,0,True,False,False,False,False,V1_P0_C0,high,V1_P0_C0__high
004799,train,1242,375,5,3,2,3,0,0,True,False,False,False,False,V1_P0_C0,low,V1_P0_C0__low
004800,train,1242,375,19,17,2,16,0,1,True,False,True,False,False,V1_P0_C1,high,V1_P0_C1__high
004801,train,1242,375,7,6,1,6,0,0,True,False,False,False,False,V1_P0_C0,medium,V1_P0_C0__medium
004802,val,1242,375,9,8,1,6,0,2,True,False,True,False,False,V1_P0_C1,high,V1_P0_C1__high
004803,train,1242,375,5,5,0,5,0,0,True,False,False,False,False,V1_P0_C0,medium,V1_P0_C0__medium
004804,train,1224,370,15,13,2,3,7,3,True,True,True,False,False,V1_P1_C1,high,V1_P1_C1__high
004805,train,1238,374,2,1,1,1,0,0,True,False,False,False,False,V1_P0_C0,low,V1_P0_C0__low
004806,train,1242,375,6,5,1,5,0,0,True,False,False,False,False,V1_P0_C0,medium,V1_P0_C0__medium
004807,val,1242,375,2,2,0,2,0,0,True,False,False,False,False,V1_P0_C0,low,V1_P0_C0__low
004808,train,1242,375,7,6,1,6,0,0,True,False,False,False,False,V1_P0_C0,medium,V1_P0_C0__medium
004809,val,1242,375,9,8,1,8,0,0,True,False,False,False,False,V1_P0_C0,high,V1_P0_C0__high
004810,train,1242,375,9,6,3,6,0,0,True,False,False,False,False,V1_P0_C0,medium,V1_P0_C0__medium
004811,train,1242,375,9,8,1,6,0,2,True,False,True,False,False,V1_P0_C1,high,V1_P0_C1__high
004812,train,1242,375,3,3,0,3,0,0,True,False,False,False,False,V1_P0_C0,low,V1_P0_C0__low
004813,train,1242,375,5,5,0,4,1,0,True,True,False,False,False,V1_P1_C0,medium,V1_P1_C0__medium
004814,train,1242,375,10,9,1,7,0,2,True,False,True,False,False,V1_P0_C1,high,V1_P0_C1__high
004815,val,1242,375,1,1,0,1,0,0,True,False,False,False,False,V1_P0_C0,low,V1_P0_C0__low
004816,train,1238,374,6,5,1,5,0,0,True,False,False,False,False,V1_P0_C0,medium,V1_P0_C0__medium
004817,train,1242,375,7,7,0,6,1,0,True,True,False,False,False,V1_P1_C0,high,V1_P1_C0__high
004818,val,1242,375,13,12,1,11,1,0,True,True,False,False,False,V1_P1_C0,high,V1_P1_C0__high
004819,val,1242,375,9,6,3,6,0,0,True,False,False,False,False,V1_P0_C0,medium,V1_P0_C0__medium
004820,train,1242,375,4,3,1,3,0,0,True,False,False,False,False,V1_P0_C0,low,V1_P0_C0__low
004821,val,1242,375,10,7,3,7,0,0,True,False,False,False,False,V1_P0_C0,high,V1_P0_C0__high
004822,train,1242,375,15,11,4,11,0,0,True,False,False,False,False,V1_P0_C0,high,V1_P0_C0__high
004823,val,1242,375,5,4,1,4,0,0,True,False,False,False,False,V1_P0_C0,medium,V1_P0_C0__medium
004824,train,1242,375,5,4,1,4,0,0,True,False,False,False,False,V1_P0_C0,medium,V1_P0_C0__medium
004825,train,1238,374,12,10,2,1,9,0,True,True,False,False,False,V1_P1_C0,high,V1_P1_C0__high
004826,train,1242,375,3,3,0,3,0,0,True,False,False,False,False,V1_P0_C0,low,V1_P0_C0__low
004827,train,1242,375,5,3,2,0,3,0,False,True,False,False,False,V0_P1_C0,low,V0_P1_C0__low
004828,train,1242,375,7,4,3,4,0,0,True,False,False,False,False,V1_P0_C0,medium,V1_P0_C0__medium
004829,train,1242,375,2,1,1,1,0,0,True,False,False,False,False,V1_P0_C0,low,V1_P0_C0__low
004830,train,1242,375,7,6,1,6,0,0,True,False,False,False,False,V1_P0_C0,medium,V1_P0_C0__medium
004831,train,1242,375,4,4,0,4,0,0,True,False,False,False,False,V1_P0_C0,medium,V1_P0_C0__medium
004832,train,1241,376,11,10,1,10,0,0,True,False,False,False,False,V1_P0_C0,high,V1_P0_C0__high
004833,train,1242,375,6,4,2,4,0,0,True,False,False,False,False,V1_P0_C0,medium,V1_P0_C0__medium
004834,train,1242,375,12,11,1,11,0,0,True,False,False,False,False,V1_P0_C0,high,V1_P0_C0__high
004835,train,1242,375,8,4,4,3,0,1,True,False,True,False,False,V1_P0_C1,medium,V1_P0_C1__medium
004836,train,1242,375,9,6,3,0,4,2,False,True,True,False,False,V0_P1_C1,medium,V0_P1_C1__medium
004837,val,1242,375,12,12,0,10,2,0,True,True,False,False,False,V1_P1_C0,high,V1_P1_C0__high
004838,train,1242,375,16,16,0,16,0,0,True,False,False,False,False,V1_P0_C0,high,V1_P0_C0__high
004839,val,1242,375,6,6,0,6,0,0,True,False,False,False,False,V1_P0_C0,medium,V1_P0_C0__medium
004840,train,1242,375,6,3,3,3,0,0,True,False,False,False,False,V1_P0_C0,low,V1_P0_C0__low
004841,train,1242,375,10,6,4,6,0,0,True,False,False,False,False,V1_P0_C0,medium,V1_P0_C0__medium
004842,val,1242,375,10,10,0,10,0,0,True,False,False,False,False,V1_P0_C0,high,V1_P0_C0__high
004843,train,1241,376,8,7,1,7,0,0,True,False,False,False,False,V1_P0_C0,high,V1_P0_C0__high
004844,val,1224,370,1,1,0,0,1,0,False,True,False,False,False,V0_P1_C0,low,V0_P1_C0__low
004845,train,1242,375,9,6,3,6,0,0,True,False,False,False,False,V1_P0_C0,medium,V1_P0_C0__medium
004846,train,1242,375,6,4,2,4,0,0,True,False,False,False,False,V1_P0_C0,medium,V1_P0_C0__medium
004847,val,1242,375,4,2,2,2,0,0,True,False,False,False,False,V1_P0_C0,low,V1_P0_C0__low
004848,train,1242,375,2,2,0,2,0,0,True,False,False,False,False,V1_P0_C0,low,V1_P0_C0__low
004849,train,1242,375,2,2,0,2,0,0,True,False,False,False,False,V1_P0_C0,low,V1_P0_C0__low
004850,train,1242,375,9,7,2,2,3,2,True,True,True,False,False,V1_P1_C1,high,V1_P1_C1__high
004851,train,1242,375,13,9,4,9,0,0,True,False,False,False,False,V1_P0_C0,high,V1_P0_C0__high
004852,train,1242,375,7,4,3,4,0,0,True,False,False,False,False,V1_P0_C0,medium,V1_P0_C0__medium
004853,val,1242,375,2,1,1,1,0,0,True,False,False,False,False,V1_P0_C0,low,V1_P0_C0__low
004854,val,1224,370,1,1,0,0,1,0,False,True,False,False,False,V0_P1_C0,low,V0_P1_C0__low
004855,train,1242,375,5,4,1,2,1,1,True,True,True,False,False,V1_P1_C1,medium,V1_P1_C1__medium
004856,train,1242,375,7,6,1,6,0,0,True,False,False,False,False,V1_P0_C0,medium,V1_P0_C0__medium
004857,train,1242,375,16,16,0,15,1,0,True,True,False,False,False,V1_P1_C0,high,V1_P1_C0__high
004858,train,1242,375,10,9,1,9,0,0,True,False,False,False,False,V1_P0_C0,high,V1_P0_C0__high
004859,train,1242,375,10,7,3,7,0,0,True,False,False,False,False,V1_P0_C0,high,V1_P0_C0__high
004860,train,1242,375,13,8,5,8,0,0,True,False,False,False,False,V1_P0_C0,high,V1_P0_C0__high
004861,train,1242,375,3,1,2,1,0,0,True,False,False,False,False,V1_P0_C0,low,V1_P0_C0__low
004862,train,1242,375,10,8,2,6,2,0,True,True,False,False,False,V1_P1_C0,high,V1_P1_C0__high
004863,train,1242,375,5,3,2,3,0,0,True,False,False,False,False,V1_P0_C0,low,V1_P0_C0__low
004864,train,1242,375,5,1,4,1,0,0,True,False,False,False,False,V1_P0_C0,low,V1_P0_C0__low
004865,train,1242,375,3,2,1,2,0,0,True,False,False,False,False,V1_P0_C0,low,V1_P0_C0__low
004866,train,1242,375,13,12,1,10,1,1,True,True,True,False,False,V1_P1_C1,high,V1_P1_C1__high
004867,train,1242,375,8,5,3,5,0,0,True,False,False,False,False,V1_P0_C0,medium,V1_P0_C0__medium
004868,val,1242,375,5,4,1,4,0,0,True,False,False,False,False,V1_P0_C0,medium,V1_P0_C0__medium
004869,val,1224,370,1,1,0,0,1,0,False,True,False,False,False,V0_P1_C0,low,V0_P1_C0__low
004870,val,1242,375,9,5,4,2,0,3,True,False,True,False,False,V1_P0_C1,medium,V1_P0_C1__medium
004871,val,1242,375,13,10,3,10,0,0,True,False,False,False,False,V1_P0_C0,high,V1_P0_C0__high
004872,train,1242,375,4,2,2,1,1,0,True,True,False,False,False,V1_P1_C0,low,V1_P1_C0__low
004873,train,1242,375,1,1,0,1,0,0,True,False,False,False,False,V1_P0_C0,low,V1_P0_C0__low
004874,train,1242,375,11,10,1,10,0,0,True,False,False,False,False,V1_P0_C0,high,V1_P0_C0__high
004875,train,1242,375,4,4,0,4,0,0,True,False,False,False,False,V1_P0_C0,medium,V1_P0_C0__medium
004876,train,1242,375,8,6,2,6,0,0,True,False,False,False,False,V1_P0_C0,medium,V1_P0_C0__medium
004877,val,1242,375,6,6,0,5,0,1,True,False,True,False,False,V1_P0_C1,medium,V1_P0_C1__medium
004878,train,1242,375,3,2,1,2,0,0,True,False,False,False,False,V1_P0_C0,low,V1_P0_C0__low
004879,train,1242,375,2,1,1,1,0,0,True,False,False,False,False,V1_P0_C0,low,V1_P0_C0__low
004880,train,1242,375,5,3,2,3,0,0,True,False,False,False,False,V1_P0_C0,low,V1_P0_C0__low
004881,train,1242,375,7,7,0,7,0,0,True,False,False,False,False,V1_P0_C0,high,V1_P0_C0__high
004882,val,1242,375,10,6,4,3,0,3,True,False,True,False,False,V1_P0_C1,medium,V1_P0_C1__medium
004883,train,1242,375,5,4,1,4,0,0,True,False,False,False,False,V1_P0_C0,medium,V1_P0_C0__medium
004884,train,1242,375,9,8,1,7,0,1,True,False,True,False,False,V1_P0_C1,high,V1_P0_C1__high
004885,train,1241,376,12,10,2,10,0,0,True,False,False,False,False,V1_P0_C0,high,V1_P0_C0__high
004886,train,1242,375,2,1,1,1,0,0,True,False,False,False,False,V1_P0_C0,low,V1_P0_C0__low
004887,train,1242,375,8,7,1,7,0,0,True,False,False,False,False,V1_P0_C0,high,V1_P0_C0__high
004888,val,1242,375,4,3,1,3,0,0,True,False,False,False,False,V1_P0_C0,low,V1_P0_C0__low
004889,val,1242,375,4,2,2,2,0,0,True,False,False,False,False,V1_P0_C0,low,V1_P0_C0__low
004890,train,1242,375,2,1,1,1,0,0,True,False,False,False,False,V1_P0_C0,low,V1_P0_C0__low
004891,train,1242,375,5,4,1,4,0,0,True,False,False,False,False,V1_P0_C0,medium,V1_P0_C0__medium
004892,train,1242,375,6,4,2,4,0,0,True,False,False,False,False,V1_P0_C0,medium,V1_P0_C0__medium
004893,train,1242,375,6,3,3,3,0,0,True,False,False,False,False,V1_P0_C0,low,V1_P0_C0__low
004894,train,1242,375,7,6,1,6,0,0,True,False,False,False,False,V1_P0_C0,medium,V1_P0_C0__medium
004895,train,1242,375,3,3,0,3,0,0,True,False,False,False,False,V1_P0_C0,low,V1_P0_C0__low
004896,train,1242,375,9,6,3,6,0,0,True,False,False,False,False,V1_P0_C0,medium,V1_P0_C0__medium
004897,train,1242,375,9,3,6,0,3,0,False,True,False,False,False,V0_P1_C0,low,V0_P1_C0__low
004898,train,1242,375,6,2,4,2,0,0,True,False,False,False,False,V1_P0_C0,low,V1_P0_C0__low
004899,train,1242,375,5,2,3,2,0,0,True,False,False,False,False,V1_P0_C0,low,V1_P0_C0__low
004900,train,1242,375,14,11,3,11,0,0,True,False,False,False,False,V1_P0_C0,high,V1_P0_C0__high
004901,val,1224,370,2,2,0,1,1,0,True,True,False,False,False,V1_P1_C0,low,V1_P1_C0__low
004902,train,1242,375,12,11,1,10,1,0,True,True,False,False,False,V1_P1_C0,high,V1_P1_C0__high
004903,train,1224,370,2,2,0,1,1,0,True,True,False,False,False,V1_P1_C0,low,V1_P1_C0__low
004904,train,1242,375,5,4,1,3,1,0,True,True,False,False,False,V1_P1_C0,medium,V1_P1_C0__medium
004905,val,1242,375,6,5,1,5,0,0,True,False,False,False,False,V1_P0_C0,medium,V1_P0_C0__medium
004906,val,1242,375,12,11,1,9,0,2,True,False,True,False,False,V1_P0_C1,high,V1_P0_C1__high
004907,val,1242,375,2,2,0,2,0,0,True,False,False,False,False,V1_P0_C0,low,V1_P0_C0__low
004908,train,1242,375,4,2,2,1,0,1,True,False,True,False,False,V1_P0_C1,low,V1_P0_C1__low
004909,train,1242,375,18,15,3,14,0,1,True,False,True,False,False,V1_P0_C1,high,V1_P0_C1__high
004910,train,1242,375,8,5,3,5,0,0,True,False,False,False,False,V1_P0_C0,medium,V1_P0_C0__medium
004911,train,1242,375,11,9,2,9,0,0,True,False,False,False,False,V1_P0_C0,high,V1_P0_C0__high
004912,train,1224,370,1,1,0,0,1,0,False,True,False,False,False,V0_P1_C0,low,V0_P1_C0__low
004913,train,1242,375,5,5,0,5,0,0,True,False,False,False,False,V1_P0_C0,medium,V1_P0_C0__medium
004914,train,1242,375,3,2,1,2,0,0,True,False,False,False,False,V1_P0_C0,low,V1_P0_C0__low
004915,train,1224,370,1,1,0,0,1,0,False,True,False,False,False,V0_P1_C0,low,V0_P1_C0__low
004916,train,1242,375,13,12,1,12,0,0,True,False,False,False,False,V1_P0_C0,high,V1_P0_C0__high
004917,train,1242,375,5,4,1,4,0,0,True,False,False,False,False,V1_P0_C0,medium,V1_P0_C0__medium
004918,train,1242,375,3,3,0,2,1,0,True,True,False,False,False,V1_P1_C0,low,V1_P1_C0__low
004919,train,1242,375,10,7,3,7,0,0,True,False,False,False,False,V1_P0_C0,high,V1_P0_C0__high
004920,train,1242,375,12,10,2,10,0,0,True,False,False,False,False,V1_P0_C0,high,V1_P0_C0__high
004921,train,1242,375,5,4,1,3,0,1,True,False,True,False,False,V1_P0_C1,medium,V1_P0_C1__medium
004922,val,1242,375,7,2,5,2,0,0,True,False,False,False,False,V1_P0_C0,low,V1_P0_C0__low
004923,train,1242,375,13,9,4,8,1,0,True,True,False,False,False,V1_P1_C0,high,V1_P1_C0__high
004924,train,1224,370,16,14,2,1,13,0,True,True,False,False,False,V1_P1_C0,high,V1_P1_C0__high
004925,train,1242,375,4,2,2,2,0,0,True,False,False,False,False,V1_P0_C0,low,V1_P0_C0__low
004926,val,1242,375,11,10,1,10,0,0,True,False,False,False,False,V1_P0_C0,high,V1_P0_C0__high
004927,train,1242,375,5,2,3,2,0,0,True,False,False,False,False,V1_P0_C0,low,V1_P0_C0__low
004928,train,1224,370,15,13,2,1,12,0,True,True,False,False,False,V1_P1_C0,high,V1_P1_C0__high
004929,train,1241,376,10,9,1,9,0,0,True,False,False,False,False,V1_P0_C0,high,V1_P0_C0__high
004930,val,1242,375,5,5,0,5,0,0,True,False,False,False,False,V1_P0_C0,medium,V1_P0_C0__medium
004931,train,1242,375,3,1,2,0,1,0,False,True,False,False,False,V0_P1_C0,low,V0_P1_C0__low
004932,train,1242,375,7,5,2,5,0,0,True,False,False,False,False,V1_P0_C0,medium,V1_P0_C0__medium
004933,train,1238,374,3,1,2,1,0,0,True,False,False,False,False,V1_P0_C0,low,V1_P0_C0__low
004934,train,1242,375,17,15,2,14,0,1,True,False,True,False,False,V1_P0_C1,high,V1_P0_C1__high
004935,train,1242,375,8,6,2,6,0,0,True,False,False,False,False,V1_P0_C0,medium,V1_P0_C0__medium
004936,train,1242,375,1,1,0,1,0,0,True,False,False,False,False,V1_P0_C0,low,V1_P0_C0__low
004937,val,1242,375,5,2,3,2,0,0,True,False,False,False,False,V1_P0_C0,low,V1_P0_C0__low
004938,train,1242,375,12,10,2,10,0,0,True,False,False,False,False,V1_P0_C0,high,V1_P0_C0__high
004939,train,1242,375,4,3,1,2,0,1,True,False,True,False,False,V1_P0_C1,low,V1_P0_C1__low
004940,val,1224,370,1,1,0,0,1,0,False,True,False,False,False,V0_P1_C0,low,V0_P1_C0__low
004941,train,1242,375,8,4,4,3,0,1,True,False,True,False,False,V1_P0_C1,medium,V1_P0_C1__medium
004942,train,1242,375,6,4,2,4,0,0,True,False,False,False,False,V1_P0_C0,medium,V1_P0_C0__medium
004943,train,1242,375,14,7,7,6,1,0,True,True,False,False,False,V1_P1_C0,high,V1_P1_C0__high
004944,val,1224,370,7,3,4,2,1,0,True,True,False,False,False,V1_P1_C0,low,V1_P1_C0__low
004945,train,1242,375,15,11,4,9,1,1,True,True,True,False,False,V1_P1_C1,high,V1_P1_C1__high
004946,train,1242,375,9,9,0,7,2,0,True,True,False,False,False,V1_P1_C0,high,V1_P1_C0__high
004947,val,1242,375,5,2,3,1,0,1,True,False,True,False,False,V1_P0_C1,low,V1_P0_C1__low
004948,train,1242,375,11,10,1,8,0,2,True,False,True,False,False,V1_P0_C1,high,V1_P0_C1__high
004949,train,1224,370,3,3,0,0,2,1,False,True,True,False,False,V0_P1_C1,low,V0_P1_C1__low
004950,train,1242,375,10,6,4,0,6,0,False,True,False,False,False,V0_P1_C0,medium,V0_P1_C0__medium
004951,train,1242,375,1,1,0,1,0,0,True,False,False,False,False,V1_P0_C0,low,V1_P0_C0__low
004952,train,1242,375,6,2,4,2,0,0,True,False,False,False,False,V1_P0_C0,low,V1_P0_C0__low
004953,train,1242,375,10,8,2,5,0,3,True,False,True,False,False,V1_P0_C1,high,V1_P0_C1__high
004954,val,1238,374,10,8,2,1,4,3,True,True,True,False,False,V1_P1_C1,high,V1_P1_C1__high
004955,train,1242,375,9,5,4,0,5,0,False,True,False,False,False,V0_P1_C0,medium,V0_P1_C0__medium
004956,train,1242,375,8,3,5,3,0,0,True,False,False,False,False,V1_P0_C0,low,V1_P0_C0__low
004957,train,1242,375,5,4,1,4,0,0,True,False,False,False,False,V1_P0_C0,medium,V1_P0_C0__medium
004958,train,1238,374,5,4,1,4,0,0,True,False,False,False,False,V1_P0_C0,medium,V1_P0_C0__medium
004959,train,1242,375,10,8,2,8,0,0,True,False,False,False,False,V1_P0_C0,high,V1_P0_C0__high
004960,train,1224,370,7,3,4,2,1,0,True,True,False,False,False,V1_P1_C0,low,V1_P1_C0__low
004961,val,1242,375,6,5,1,5,0,0,True,False,False,False,False,V1_P0_C0,medium,V1_P0_C0__medium
004962,train,1242,375,9,7,2,7,0,0,True,False,False,False,False,V1_P0_C0,high,V1_P0_C0__high
004963,train,1238,374,15,13,2,3,10,0,True,True,False,False,False,V1_P1_C0,high,V1_P1_C0__high
004964,train,1242,375,11,9,2,7,1,1,True,True,True,False,False,V1_P1_C1,high,V1_P1_C1__high
004965,train,1242,375,17,15,2,13,1,1,True,True,True,False,False,V1_P1_C1,high,V1_P1_C1__high
004966,train,1242,375,7,6,1,6,0,0,True,False,False,False,False,V1_P0_C0,medium,V1_P0_C0__medium
004967,train,1224,370,1,1,0,0,1,0,False,True,False,False,False,V0_P1_C0,low,V0_P1_C0__low
004968,train,1242,375,10,8,2,4,4,0,True,True,False,False,False,V1_P1_C0,high,V1_P1_C0__high
004969,val,1242,375,1,1,0,1,0,0,True,False,False,False,False,V1_P0_C0,low,V1_P0_C0__low
004970,train,1242,375,4,4,0,4,0,0,True,False,False,False,False,V1_P0_C0,medium,V1_P0_C0__medium
004971,train,1242,375,13,10,3,10,0,0,True,False,False,False,False,V1_P0_C0,high,V1_P0_C0__high
004972,train,1224,370,7,6,1,4,2,0,True,True,False,False,False,V1_P1_C0,medium,V1_P1_C0__medium
004973,train,1224,370,1,1,0,0,1,0,False,True,False,False,False,V0_P1_C0,low,V0_P1_C0__low
004974,val,1242,375,5,4,1,4,0,0,True,False,False,False,False,V1_P0_C0,medium,V1_P0_C0__medium
004975,train,1242,375,7,7,0,7,0,0,True,False,False,False,False,V1_P0_C0,high,V1_P0_C0__high
004976,train,1224,370,2,2,0,0,2,0,False,True,False,False,False,V0_P1_C0,low,V0_P1_C0__low
004977,train,1242,375,4,3,1,2,1,0,True,True,False,False,False,V1_P1_C0,low,V1_P1_C0__low
004978,train,1242,375,15,15,0,15,0,0,True,False,False,False,False,V1_P0_C0,high,V1_P0_C0__high
004979,train,1242,375,6,5,1,5,0,0,True,False,False,False,False,V1_P0_C0,medium,V1_P0_C0__medium
004980,val,1242,375,13,11,2,11,0,0,True,False,False,False,False,V1_P0_C0,high,V1_P0_C0__high
004981,train,1241,376,11,10,1,10,0,0,True,False,False,False,False,V1_P0_C0,high,V1_P0_C0__high
004982,train,1242,375,6,6,0,6,0,0,True,False,False,False,False,V1_P0_C0,medium,V1_P0_C0__medium
004983,val,1238,374,14,13,1,1,12,0,True,True,False,False,False,V1_P1_C0,high,V1_P1_C0__high
004984,val,1238,374,6,6,0,6,0,0,True,False,False,False,False,V1_P0_C0,medium,V1_P0_C0__medium
004985,train,1242,375,16,13,3,13,0,0,True,False,False,False,False,V1_P0_C0,high,V1_P0_C0__high
004986,train,1224,370,1,1,0,0,1,0,False,True,False,False,False,V0_P1_C0,low,V0_P1_C0__low
004987,train,1242,375,2,1,1,1,0,0,True,False,False,False,False,V1_P0_C0,low,V1_P0_C0__low
004988,train,1242,375,4,3,1,3,0,0,True,False,False,False,False,V1_P0_C0,low,V1_P0_C0__low
004989,train,1238,374,12,4,8,0,3,1,False,True,True,False,False,V0_P1_C1,medium,V0_P1_C1__medium
004990,train,1242,375,11,9,2,9,0,0,True,False,False,False,False,V1_P0_C0,high,V1_P0_C0__high
004991,val,1242,375,2,1,1,1,0,0,True,False,False,False,False,V1_P0_C0,low,V1_P0_C0__low
004992,val,1242,375,16,16,0,16,0,0,True,False,False,False,False,V1_P0_C0,high,V1_P0_C0__high
004993,train,1241,376,11,9,2,9,0,0,True,False,False,False,False,V1_P0_C0,high,V1_P0_C0__high
004994,train,1242,375,3,3,0,3,0,0,True,False,False,False,False,V1_P0_C0,low,V1_P0_C0__low
004995,train,1242,375,6,4,2,4,0,0,True,False,False,False,False,V1_P0_C0,medium,V1_P0_C0__medium
004996,train,1224,370,2,2,0,0,1,1,False,True,True,False,False,V0_P1_C1,low,V0_P1_C1__low
004997,train,1242,375,5,5,0,5,0,0,True,False,False,False,False,V1_P0_C0,medium,V1_P0_C0__medium
004998,train,1242,375,8,3,5,0,1,2,False,True,True,False,False,V0_P1_C1,low,V0_P1_C1__low
004999,val,1242,375,12,10,2,10,0,0,True,False,False,False,False,V1_P0_C0,high,V1_P0_C0__high
005000,train,1224,370,8,6,2,6,0,0,True,False,False,False,False,V1_P0_C0,medium,V1_P0_C0__medium
005001,train,1242,375,3,3,0,3,0,0,True,False,False,False,False,V1_P0_C0,low,V1_P0_C0__low
005002,train,1242,375,3,3,0,3,0,0,True,False,False,False,False,V1_P0_C0,low,V1_P0_C0__low
005003,train,1242,375,2,1,1,1,0,0,True,False,False,False,False,V1_P0_C0,low,V1_P0_C0__low
005004,train,1242,375,4,3,1,3,0,0,True,False,False,False,False,V1_P0_C0,low,V1_P0_C0__low
005005,train,1224,370,2,2,0,1,1,0,True,True,False,False,False,V1_P1_C0,low,V1_P1_C0__low
005006,train,1242,375,5,4,1,4,0,0,True,False,False,False,False,V1_P0_C0,medium,V1_P0_C0__medium
005007,train,1224,370,1,1,0,0,1,0,False,True,False,False,False,V0_P1_C0,low,V0_P1_C0__low
005008,train,1241,376,10,8,2,8,0,0,True,False,False,False,False,V1_P0_C0,high,V1_P0_C0__high
005009,train,1242,375,3,1,2,1,0,0,True,False,False,False,False,V1_P0_C0,low,V1_P0_C0__low
005010,train,1242,375,11,11,0,10,0,1,True,False,True,False,False,V1_P0_C1,high,V1_P0_C1__high
005011,train,1242,375,10,8,2,7,1,0,True,True,False,False,False,V1_P1_C0,high,V1_P1_C0__high
005012,train,1242,375,14,14,0,14,0,0,True,False,False,False,False,V1_P0_C0,high,V1_P0_C0__high
005013,train,1242,375,10,9,1,9,0,0,True,False,False,False,False,V1_P0_C0,high,V1_P0_C0__high
005014,train,1242,375,10,7,3,4,0,3,True,False,True,False,False,V1_P0_C1,high,V1_P0_C1__high
005015,train,1242,375,4,3,1,3,0,0,True,False,False,False,False,V1_P0_C0,low,V1_P0_C0__low
005016,val,1242,375,4,4,0,4,0,0,True,False,False,False,False,V1_P0_C0,medium,V1_P0_C0__medium
005017,train,1224,370,1,1,0,0,1,0,False,True,False,False,False,V0_P1_C0,low,V0_P1_C0__low
005018,train,1242,375,6,6,0,6,0,0,True,False,False,False,False,V1_P0_C0,medium,V1_P0_C0__medium
005019,train,1241,376,10,9,1,9,0,0,True,False,False,False,False,V1_P0_C0,high,V1_P0_C0__high
005020,train,1242,375,1,1,0,1,0,0,True,False,False,False,False,V1_P0_C0,low,V1_P0_C0__low
005021,train,1242,375,3,3,0,2,1,0,True,True,False,False,False,V1_P1_C0,low,V1_P1_C0__low
005022,train,1242,375,6,6,0,6,0,0,True,False,False,False,False,V1_P0_C0,medium,V1_P0_C0__medium
005023,train,1242,375,13,7,6,6,1,0,True,True,False,False,False,V1_P1_C0,high,V1_P1_C0__high
005024,train,1242,375,10,8,2,8,0,0,True,False,False,False,False,V1_P0_C0,high,V1_P0_C0__high
005025,val,1242,375,4,3,1,3,0,0,True,False,False,False,False,V1_P0_C0,low,V1_P0_C0__low
005026,train,1242,375,13,12,1,9,3,0,True,True,False,False,False,V1_P1_C0,high,V1_P1_C0__high
005027,train,1224,370,18,18,0,6,12,0,True,True,False,False,False,V1_P1_C0,high,V1_P1_C0__high
005028,train,1242,375,5,3,2,3,0,0,True,False,False,False,False,V1_P0_C0,low,V1_P0_C0__low
005029,train,1242,375,18,13,5,13,0,0,True,False,False,False,False,V1_P0_C0,high,V1_P0_C0__high
005030,train,1224,370,1,1,0,0,1,0,False,True,False,False,False,V0_P1_C0,low,V0_P1_C0__low
005031,val,1224,370,9,9,0,0,7,2,False,True,True,False,False,V0_P1_C1,high,V0_P1_C1__high
005032,train,1242,375,5,4,1,4,0,0,True,False,False,False,False,V1_P0_C0,medium,V1_P0_C0__medium
005033,train,1242,375,7,5,2,5,0,0,True,False,False,False,False,V1_P0_C0,medium,V1_P0_C0__medium
005034,train,1242,375,7,5,2,5,0,0,True,False,False,False,False,V1_P0_C0,medium,V1_P0_C0__medium
005035,train,1242,375,8,3,5,2,0,1,True,False,True,False,False,V1_P0_C1,low,V1_P0_C1__low
005036,train,1242,375,7,6,1,6,0,0,True,False,False,False,False,V1_P0_C0,medium,V1_P0_C0__medium
005037,train,1224,370,5,4,1,1,3,0,True,True,False,False,False,V1_P1_C0,medium,V1_P1_C0__medium
005038,train,1242,375,10,9,1,9,0,0,True,False,False,False,False,V1_P0_C0,high,V1_P0_C0__high
005039,train,1242,375,6,5,1,4,0,1,True,False,True,False,False,V1_P0_C1,medium,V1_P0_C1__medium
005040,train,1242,375,9,6,3,5,1,0,True,True,False,False,False,V1_P1_C0,medium,V1_P1_C0__medium
005041,train,1242,375,5,4,1,3,0,1,True,False,True,False,False,V1_P0_C1,medium,V1_P0_C1__medium
005042,val,1242,375,5,1,4,1,0,0,True,False,False,False,False,V1_P0_C0,low,V1_P0_C0__low
005043,train,1242,375,9,8,1,7,1,0,True,True,False,False,False,V1_P1_C0,high,V1_P1_C0__high
005044,train,1242,375,12,7,5,6,1,0,True,True,False,False,False,V1_P1_C0,high,V1_P1_C0__high
005045,train,1242,375,7,7,0,6,1,0,True,True,False,False,False,V1_P1_C0,high,V1_P1_C0__high
005046,train,1242,375,7,6,1,6,0,0,True,False,False,False,False,V1_P0_C0,medium,V1_P0_C0__medium
005047,train,1242,375,1,1,0,1,0,0,True,False,False,False,False,V1_P0_C0,low,V1_P0_C0__low
005048,train,1242,375,3,3,0,3,0,0,True,False,False,False,False,V1_P0_C0,low,V1_P0_C0__low
005049,train,1242,375,11,10,1,10,0,0,True,False,False,False,False,V1_P0_C0,high,V1_P0_C0__high
005050,train,1224,370,1,1,0,0,1,0,False,True,False,False,False,V0_P1_C0,low,V0_P1_C0__low
005051,train,1242,375,6,4,2,4,0,0,True,False,False,False,False,V1_P0_C0,medium,V1_P0_C0__medium
005052,train,1242,375,7,5,2,5,0,0,True,False,False,False,False,V1_P0_C0,medium,V1_P0_C0__medium
005053,train,1241,376,9,9,0,9,0,0,True,False,False,False,False,V1_P0_C0,high,V1_P0_C0__high
005054,train,1242,375,10,8,2,7,0,1,True,False,True,False,False,V1_P0_C1,high,V1_P0_C1__high
005055,val,1242,375,8,5,3,3,0,2,True,False,True,False,False,V1_P0_C1,medium,V1_P0_C1__medium
005056,train,1242,375,11,9,2,9,0,0,True,False,False,False,False,V1_P0_C0,high,V1_P0_C0__high
005057,train,1242,375,12,10,2,10,0,0,True,False,False,False,False,V1_P0_C0,high,V1_P0_C0__high
005058,train,1241,376,11,10,1,10,0,0,True,False,False,False,False,V1_P0_C0,high,V1_P0_C0__high
005059,train,1224,370,13,11,2,0,9,2,False,True,True,False,False,V0_P1_C1,high,V0_P1_C1__high
005060,val,1242,375,5,4,1,4,0,0,True,False,False,False,False,V1_P0_C0,medium,V1_P0_C0__medium
005061,train,1242,375,11,11,0,6,5,0,True,True,False,False,False,V1_P1_C0,high,V1_P1_C0__high
005062,train,1242,375,6,3,3,3,0,0,True,False,False,False,False,V1_P0_C0,low,V1_P0_C0__low
005063,train,1242,375,8,5,3,5,0,0,True,False,False,False,False,V1_P0_C0,medium,V1_P0_C0__medium
005064,train,1224,370,7,6,1,3,2,1,True,True,True,False,False,V1_P1_C1,medium,V1_P1_C1__medium
005065,val,1238,374,8,5,3,1,4,0,True,True,False,False,False,V1_P1_C0,medium,V1_P1_C0__medium
005066,train,1242,375,3,2,1,2,0,0,True,False,False,False,False,V1_P0_C0,low,V1_P0_C0__low
005067,train,1241,376,5,5,0,5,0,0,True,False,False,False,False,V1_P0_C0,medium,V1_P0_C0__medium
005068,val,1242,375,5,2,3,2,0,0,True,False,False,False,False,V1_P0_C0,low,V1_P0_C0__low
005069,train,1242,375,10,8,2,8,0,0,True,False,False,False,False,V1_P0_C0,high,V1_P0_C0__high
005070,train,1224,370,6,3,3,2,1,0,True,True,False,False,False,V1_P1_C0,low,V1_P1_C0__low
005071,train,1242,375,7,6,1,6,0,0,True,False,False,False,False,V1_P0_C0,medium,V1_P0_C0__medium
005072,train,1242,375,10,9,1,9,0,0,True,False,False,False,False,V1_P0_C0,high,V1_P0_C0__high
005073,train,1241,376,11,11,0,11,0,0,True,False,False,False,False,V1_P0_C0,high,V1_P0_C0__high
005074,val,1242,375,10,9,1,9,0,0,True,False,False,False,False,V1_P0_C0,high,V1_P0_C0__high
005075,train,1224,370,12,9,3,2,3,4,True,True,True,False,False,V1_P1_C1,high,V1_P1_C1__high
005076,train,1242,375,4,4,0,4,0,0,True,False,False,False,False,V1_P0_C0,medium,V1_P0_C0__medium
005077,train,1242,375,6,4,2,3,1,0,True,True,False,False,False,V1_P1_C0,medium,V1_P1_C0__medium
005078,train,1224,370,5,4,1,1,3,0,True,True,False,False,False,V1_P1_C0,medium,V1_P1_C0__medium
005079,train,1242,375,3,2,1,2,0,0,True,False,False,False,False,V1_P0_C0,low,V1_P0_C0__low
005080,train,1242,375,7,4,3,3,0,1,True,False,True,False,False,V1_P0_C1,medium,V1_P0_C1__medium
005081,train,1242,375,2,2,0,2,0,0,True,False,False,False,False,V1_P0_C0,low,V1_P0_C0__low
005082,train,1238,374,13,12,1,1,11,0,True,True,False,False,False,V1_P1_C0,high,V1_P1_C0__high
005083,train,1242,375,12,10,2,9,0,1,True,False,True,False,False,V1_P0_C1,high,V1_P0_C1__high
005084,train,1242,375,11,7,4,6,0,1,True,False,True,False,False,V1_P0_C1,high,V1_P0_C1__high
005085,train,1242,375,5,5,0,2,2,1,True,True,True,False,False,V1_P1_C1,medium,V1_P1_C1__medium
005086,val,1238,374,15,13,2,3,10,0,True,True,False,False,False,V1_P1_C0,high,V1_P1_C0__high
005087,val,1242,375,10,10,0,10,0,0,True,False,False,False,False,V1_P0_C0,high,V1_P0_C0__high
005088,train,1242,375,15,14,1,14,0,0,True,False,False,False,False,V1_P0_C0,high,V1_P0_C0__high
005089,train,1238,374,6,6,0,6,0,0,True,False,False,False,False,V1_P0_C0,medium,V1_P0_C0__medium
005090,train,1242,375,9,7,2,7,0,0,True,False,False,False,False,V1_P0_C0,high,V1_P0_C0__high
005091,train,1242,375,2,2,0,2,0,0,True,False,False,False,False,V1_P0_C0,low,V1_P0_C0__low
005092,val,1242,375,8,6,2,5,0,1,True,False,True,False,False,V1_P0_C1,medium,V1_P0_C1__medium
005093,val,1242,375,5,3,2,3,0,0,True,False,False,False,False,V1_P0_C0,low,V1_P0_C0__low
005094,train,1241,376,8,6,2,6,0,0,True,False,False,False,False,V1_P0_C0,medium,V1_P0_C0__medium
005095,val,1242,375,7,6,1,6,0,0,True,False,False,False,False,V1_P0_C0,medium,V1_P0_C0__medium
005096,train,1242,375,12,11,1,11,0,0,True,False,False,False,False,V1_P0_C0,high,V1_P0_C0__high
005097,val,1242,375,9,9,0,7,1,1,True,True,True,False,False,V1_P1_C1,high,V1_P1_C1__high
005098,train,1242,375,14,14,0,13,1,0,True,True,False,False,False,V1_P1_C0,high,V1_P1_C0__high
005099,train,1242,375,8,5,3,5,0,0,True,False,False,False,False,V1_P0_C0,medium,V1_P0_C0__medium
005100,train,1242,375,2,2,0,2,0,0,True,False,False,False,False,V1_P0_C0,low,V1_P0_C0__low
005101,train,1242,375,5,4,1,4,0,0,True,False,False,False,False,V1_P0_C0,medium,V1_P0_C0__medium
005102,train,1242,375,13,11,2,9,1,1,True,True,True,False,False,V1_P1_C1,high,V1_P1_C1__high
005103,train,1242,375,9,8,1,8,0,0,True,False,False,False,False,V1_P0_C0,high,V1_P0_C0__high
005104,train,1242,375,11,10,1,9,1,0,True,True,False,False,False,V1_P1_C0,high,V1_P1_C0__high
005105,train,1242,375,4,4,0,4,0,0,True,False,False,False,False,V1_P0_C0,medium,V1_P0_C0__medium
005106,val,1224,370,10,8,2,0,5,3,False,True,True,False,False,V0_P1_C1,high,V0_P1_C1__high
005107,val,1224,370,1,1,0,0,1,0,False,True,False,False,False,V0_P1_C0,low,V0_P1_C0__low
005108,train,1241,376,6,3,3,3,0,0,True,False,False,False,False,V1_P0_C0,low,V1_P0_C0__low
005109,val,1242,375,7,6,1,6,0,0,True,False,False,False,False,V1_P0_C0,medium,V1_P0_C0__medium
005110,train,1224,370,6,3,3,2,1,0,True,True,False,False,False,V1_P1_C0,low,V1_P1_C0__low
005111,train,1242,375,13,13,0,13,0,0,True,False,False,False,False,V1_P0_C0,high,V1_P0_C0__high
005112,val,1224,370,8,5,3,4,0,1,True,False,True,False,False,V1_P0_C1,medium,V1_P0_C1__medium
005113,train,1242,375,4,3,1,3,0,0,True,False,False,False,False,V1_P0_C0,low,V1_P0_C0__low
005114,train,1242,375,6,5,1,1,4,0,True,True,False,False,False,V1_P1_C0,medium,V1_P1_C0__medium
005115,train,1224,370,6,6,0,4,2,0,True,True,False,False,False,V1_P1_C0,medium,V1_P1_C0__medium
005116,train,1242,375,11,10,1,7,2,1,True,True,True,False,False,V1_P1_C1,high,V1_P1_C1__high
005117,train,1242,375,5,4,1,4,0,0,True,False,False,False,False,V1_P0_C0,medium,V1_P0_C0__medium
005118,train,1242,375,5,1,4,1,0,0,True,False,False,False,False,V1_P0_C0,low,V1_P0_C0__low
005119,train,1242,375,12,12,0,11,1,0,True,True,False,False,False,V1_P1_C0,high,V1_P1_C0__high
005120,train,1242,375,6,4,2,4,0,0,True,False,False,False,False,V1_P0_C0,medium,V1_P0_C0__medium
005121,train,1242,375,2,1,1,1,0,0,True,False,False,False,False,V1_P0_C0,low,V1_P0_C0__low
005122,train,1242,375,5,4,1,4,0,0,True,False,False,False,False,V1_P0_C0,medium,V1_P0_C0__medium
005123,train,1242,375,6,5,1,5,0,0,True,False,False,False,False,V1_P0_C0,medium,V1_P0_C0__medium
005124,train,1224,370,1,1,0,0,1,0,False,True,False,False,False,V0_P1_C0,low,V0_P1_C0__low
005125,train,1242,375,12,7,5,7,0,0,True,False,False,False,False,V1_P0_C0,high,V1_P0_C0__high
005126,train,1242,375,15,15,0,15,0,0,True,False,False,False,False,V1_P0_C0,high,V1_P0_C0__high
005127,val,1242,375,5,5,0,5,0,0,True,False,False,False,False,V1_P0_C0,medium,V1_P0_C0__medium
005128,train,1242,375,6,6,0,6,0,0,True,False,False,False,False,V1_P0_C0,medium,V1_P0_C0__medium
005129,train,1242,375,5,4,1,4,0,0,True,False,False,False,False,V1_P0_C0,medium,V1_P0_C0__medium
005130,train,1242,375,1,1,0,1,0,0,True,False,False,False,False,V1_P0_C0,low,V1_P0_C0__low
005131,val,1224,370,11,11,0,1,8,2,True,True,True,False,False,V1_P1_C1,high,V1_P1_C1__high
005132,train,1242,375,6,5,1,5,0,0,True,False,False,False,False,V1_P0_C0,medium,V1_P0_C0__medium
005133,train,1242,375,10,7,3,2,3,2,True,True,True,False,False,V1_P1_C1,high,V1_P1_C1__high
005134,train,1242,375,10,9,1,9,0,0,True,False,False,False,False,V1_P0_C0,high,V1_P0_C0__high
005135,train,1242,375,8,6,2,6,0,0,True,False,False,False,False,V1_P0_C0,medium,V1_P0_C0__medium
005136,train,1242,375,8,5,3,5,0,0,True,False,False,False,False,V1_P0_C0,medium,V1_P0_C0__medium
005137,val,1242,375,13,13,0,10,1,2,True,True,True,False,False,V1_P1_C1,high,V1_P1_C1__high
005138,val,1241,376,10,10,0,10,0,0,True,False,False,False,False,V1_P0_C0,high,V1_P0_C0__high
005139,train,1242,375,5,4,1,4,0,0,True,False,False,False,False,V1_P0_C0,medium,V1_P0_C0__medium
005140,train,1242,375,6,5,1,5,0,0,True,False,False,False,False,V1_P0_C0,medium,V1_P0_C0__medium
005141,train,1242,375,5,2,3,2,0,0,True,False,False,False,False,V1_P0_C0,low,V1_P0_C0__low
005142,train,1224,370,1,1,0,0,1,0,False,True,False,False,False,V0_P1_C0,low,V0_P1_C0__low
005143,train,1242,375,7,5,2,5,0,0,True,False,False,False,False,V1_P0_C0,medium,V1_P0_C0__medium
005144,val,1242,375,6,4,2,4,0,0,True,False,False,False,False,V1_P0_C0,medium,V1_P0_C0__medium
005145,train,1242,375,16,13,3,13,0,0,True,False,False,False,False,V1_P0_C0,high,V1_P0_C0__high
005146,train,1242,375,6,2,4,2,0,0,True,False,False,False,False,V1_P0_C0,low,V1_P0_C0__low
005147,train,1242,375,5,1,4,0,1,0,False,True,False,False,False,V0_P1_C0,low,V0_P1_C0__low
005148,train,1242,375,10,9,1,9,0,0,True,False,False,False,False,V1_P0_C0,high,V1_P0_C0__high
005149,train,1242,375,7,7,0,6,1,0,True,True,False,False,False,V1_P1_C0,high,V1_P1_C0__high
005150,train,1224,370,6,3,3,3,0,0,True,False,False,False,False,V1_P0_C0,low,V1_P0_C0__low
005151,train,1242,375,5,4,1,4,0,0,True,False,False,False,False,V1_P0_C0,medium,V1_P0_C0__medium
005152,train,1242,375,12,7,5,7,0,0,True,False,False,False,False,V1_P0_C0,high,V1_P0_C0__high
005153,train,1242,375,7,5,2,5,0,0,True,False,False,False,False,V1_P0_C0,medium,V1_P0_C0__medium
005154,train,1242,375,6,5,1,5,0,0,True,False,False,False,False,V1_P0_C0,medium,V1_P0_C0__medium
005155,train,1242,375,7,4,3,4,0,0,True,False,False,False,False,V1_P0_C0,medium,V1_P0_C0__medium
005156,train,1242,375,8,6,2,6,0,0,True,False,False,False,False,V1_P0_C0,medium,V1_P0_C0__medium
005157,train,1242,375,10,9,1,7,0,2,True,False,True,False,False,V1_P0_C1,high,V1_P0_C1__high
005158,train,1242,375,6,4,2,4,0,0,True,False,False,False,False,V1_P0_C0,medium,V1_P0_C0__medium
005159,train,1242,375,7,6,1,6,0,0,True,False,False,False,False,V1_P0_C0,medium,V1_P0_C0__medium
005160,train,1242,375,14,13,1,13,0,0,True,False,False,False,False,V1_P0_C0,high,V1_P0_C0__high
005161,train,1242,375,6,5,1,5,0,0,True,False,False,False,False,V1_P0_C0,medium,V1_P0_C0__medium
005162,train,1242,375,17,15,2,14,0,1,True,False,True,False,False,V1_P0_C1,high,V1_P0_C1__high
005163,train,1242,375,10,7,3,7,0,0,True,False,False,False,False,V1_P0_C0,high,V1_P0_C0__high
005164,train,1241,376,9,7,2,7,0,0,True,False,False,False,False,V1_P0_C0,high,V1_P0_C0__high
005165,train,1224,370,10,8,2,0,4,4,False,True,True,False,False,V0_P1_C1,high,V0_P1_C1__high
005166,train,1242,375,11,8,3,8,0,0,True,False,False,False,False,V1_P0_C0,high,V1_P0_C0__high
005167,train,1242,375,7,4,3,4,0,0,True,False,False,False,False,V1_P0_C0,medium,V1_P0_C0__medium
005168,train,1224,370,8,5,3,2,2,1,True,True,True,False,False,V1_P1_C1,medium,V1_P1_C1__medium
005169,train,1242,375,4,1,3,1,0,0,True,False,False,False,False,V1_P0_C0,low,V1_P0_C0__low
005170,train,1238,374,7,5,2,2,3,0,True,True,False,False,False,V1_P1_C0,medium,V1_P1_C0__medium
005171,train,1242,375,17,17,0,16,1,0,True,True,False,False,False,V1_P1_C0,high,V1_P1_C0__high
005172,train,1242,375,3,2,1,1,1,0,True,True,False,False,False,V1_P1_C0,low,V1_P1_C0__low
005173,train,1242,375,9,7,2,7,0,0,True,False,False,False,False,V1_P0_C0,high,V1_P0_C0__high
005174,train,1242,375,14,7,7,7,0,0,True,False,False,False,False,V1_P0_C0,high,V1_P0_C0__high
005175,train,1238,374,5,4,1,4,0,0,True,False,False,False,False,V1_P0_C0,medium,V1_P0_C0__medium
005176,train,1242,375,6,5,1,5,0,0,True,False,False,False,False,V1_P0_C0,medium,V1_P0_C0__medium
005177,val,1242,375,6,5,1,5,0,0,True,False,False,False,False,V1_P0_C0,medium,V1_P0_C0__medium
005178,val,1242,375,15,14,1,14,0,0,True,False,False,False,False,V1_P0_C0,high,V1_P0_C0__high
005179,train,1242,375,6,6,0,6,0,0,True,False,False,False,False,V1_P0_C0,medium,V1_P0_C0__medium
005180,train,1242,375,8,6,2,6,0,0,True,False,False,False,False,V1_P0_C0,medium,V1_P0_C0__medium
005181,train,1242,375,8,3,5,3,0,0,True,False,False,False,False,V1_P0_C0,low,V1_P0_C0__low
005182,val,1242,375,14,9,5,9,0,0,True,False,False,False,False,V1_P0_C0,high,V1_P0_C0__high
005183,train,1242,375,3,2,1,2,0,0,True,False,False,False,False,V1_P0_C0,low,V1_P0_C0__low
005184,train,1242,375,6,4,2,4,0,0,True,False,False,False,False,V1_P0_C0,medium,V1_P0_C0__medium
005185,train,1242,375,6,6,0,4,2,0,True,True,False,False,False,V1_P1_C0,medium,V1_P1_C0__medium
005186,train,1242,375,13,11,2,11,0,0,True,False,False,False,False,V1_P0_C0,high,V1_P0_C0__high
005187,train,1242,375,3,2,1,2,0,0,True,False,False,False,False,V1_P0_C0,low,V1_P0_C0__low
005188,train,1242,375,8,6,2,4,0,2,True,False,True,False,False,V1_P0_C1,medium,V1_P0_C1__medium
005189,train,1242,375,10,9,1,9,0,0,True,False,False,False,False,V1_P0_C0,high,V1_P0_C0__high
005190,train,1242,375,16,11,5,11,0,0,True,False,False,False,False,V1_P0_C0,high,V1_P0_C0__high
005191,train,1241,376,12,12,0,12,0,0,True,False,False,False,False,V1_P0_C0,high,V1_P0_C0__high
005192,train,1242,375,6,4,2,4,0,0,True,False,False,False,False,V1_P0_C0,medium,V1_P0_C0__medium
005193,train,1242,375,4,3,1,3,0,0,True,False,False,False,False,V1_P0_C0,low,V1_P0_C0__low
005194,val,1242,375,7,2,5,2,0,0,True,False,False,False,False,V1_P0_C0,low,V1_P0_C0__low
005195,train,1242,375,4,3,1,3,0,0,True,False,False,False,False,V1_P0_C0,low,V1_P0_C0__low
005196,train,1242,375,8,7,1,6,1,0,True,True,False,False,False,V1_P1_C0,high,V1_P1_C0__high
005197,train,1242,375,3,1,2,1,0,0,True,False,False,False,False,V1_P0_C0,low,V1_P0_C0__low
005198,train,1242,375,13,11,2,10,0,1,True,False,True,False,False,V1_P0_C1,high,V1_P0_C1__high
005199,train,1242,375,3,3,0,3,0,0,True,False,False,False,False,V1_P0_C0,low,V1_P0_C0__low
005200,train,1242,375,9,6,3,6,0,0,True,False,False,False,False,V1_P0_C0,medium,V1_P0_C0__medium
005201,val,1242,375,9,7,2,7,0,0,True,False,False,False,False,V1_P0_C0,high,V1_P0_C0__high
005202,train,1242,375,4,3,1,3,0,0,True,False,False,False,False,V1_P0_C0,low,V1_P0_C0__low
005203,train,1242,375,12,12,0,11,1,0,True,True,False,False,False,V1_P1_C0,high,V1_P1_C0__high
005204,train,1242,375,1,1,0,1,0,0,True,False,False,False,False,V1_P0_C0,low,V1_P0_C0__low
005205,train,1242,375,3,1,2,1,0,0,True,False,False,False,False,V1_P0_C0,low,V1_P0_C0__low
005206,val,1242,375,6,3,3,3,0,0,True,False,False,False,False,V1_P0_C0,low,V1_P0_C0__low
005207,train,1242,375,4,3,1,2,1,0,True,True,False,False,False,V1_P1_C0,low,V1_P1_C0__low
005208,train,1242,375,4,3,1,2,1,0,True,True,False,False,False,V1_P1_C0,low,V1_P1_C0__low
005209,train,1242,375,15,15,0,15,0,0,True,False,False,False,False,V1_P0_C0,high,V1_P0_C0__high
005210,val,1242,375,7,6,1,6,0,0,True,False,False,False,False,V1_P0_C0,medium,V1_P0_C0__medium
005211,val,1242,375,6,6,0,5,0,1,True,False,True,False,False,V1_P0_C1,medium,V1_P0_C1__medium
005212,train,1242,375,3,1,2,1,0,0,True,False,False,False,False,V1_P0_C0,low,V1_P0_C0__low
005213,train,1242,375,10,8,2,3,3,2,True,True,True,False,False,V1_P1_C1,high,V1_P1_C1__high
005214,train,1241,376,10,8,2,8,0,0,True,False,False,False,False,V1_P0_C0,high,V1_P0_C0__high
005215,train,1242,375,6,2,4,2,0,0,True,False,False,False,False,V1_P0_C0,low,V1_P0_C0__low
005216,train,1242,375,13,12,1,12,0,0,True,False,False,False,False,V1_P0_C0,high,V1_P0_C0__high
005217,train,1242,375,7,6,1,5,1,0,True,True,False,False,False,V1_P1_C0,medium,V1_P1_C0__medium
005218,val,1224,370,1,1,0,0,1,0,False,True,False,False,False,V0_P1_C0,low,V0_P1_C0__low
005219,train,1242,375,2,2,0,2,0,0,True,False,False,False,False,V1_P0_C0,low,V1_P0_C0__low
005220,val,1242,375,14,11,3,11,0,0,True,False,False,False,False,V1_P0_C0,high,V1_P0_C0__high
005221,train,1242,375,6,4,2,4,0,0,True,False,False,False,False,V1_P0_C0,medium,V1_P0_C0__medium
005222,train,1242,375,6,3,3,3,0,0,True,False,False,False,False,V1_P0_C0,low,V1_P0_C0__low
005223,train,1242,375,2,2,0,2,0,0,True,False,False,False,False,V1_P0_C0,low,V1_P0_C0__low
005224,train,1242,375,4,1,3,1,0,0,True,False,False,False,False,V1_P0_C0,low,V1_P0_C0__low
005225,val,1242,375,1,1,0,1,0,0,True,False,False,False,False,V1_P0_C0,low,V1_P0_C0__low
005226,train,1224,370,18,16,2,1,15,0,True,True,False,False,False,V1_P1_C0,high,V1_P1_C0__high
005227,train,1242,375,3,3,0,3,0,0,True,False,False,False,False,V1_P0_C0,low,V1_P0_C0__low
005228,train,1242,375,7,5,2,4,0,1,True,False,True,False,False,V1_P0_C1,medium,V1_P0_C1__medium
005229,train,1241,376,11,9,2,9,0,0,True,False,False,False,False,V1_P0_C0,high,V1_P0_C0__high
005230,train,1242,375,2,1,1,0,1,0,False,True,False,False,False,V0_P1_C0,low,V0_P1_C0__low
005231,train,1224,370,1,1,0,0,1,0,False,True,False,False,False,V0_P1_C0,low,V0_P1_C0__low
005232,train,1242,375,7,2,5,2,0,0,True,False,False,False,False,V1_P0_C0,low,V1_P0_C0__low
005233,val,1242,375,4,2,2,2,0,0,True,False,False,False,False,V1_P0_C0,low,V1_P0_C0__low
005234,train,1242,375,7,7,0,6,1,0,True,True,False,False,False,V1_P1_C0,high,V1_P1_C0__high
005235,train,1242,375,7,5,2,4,1,0,True,True,False,False,False,V1_P1_C0,medium,V1_P1_C0__medium
005236,train,1242,375,7,4,3,4,0,0,True,False,False,False,False,V1_P0_C0,medium,V1_P0_C0__medium
005237,train,1242,375,7,3,4,3,0,0,True,False,False,False,False,V1_P0_C0,low,V1_P0_C0__low
005238,val,1242,375,5,4,1,4,0,0,True,False,False,False,False,V1_P0_C0,medium,V1_P0_C0__medium
005239,train,1242,375,10,8,2,5,3,0,True,True,False,False,False,V1_P1_C0,high,V1_P1_C0__high
005240,train,1224,370,6,3,3,2,0,1,True,False,True,False,False,V1_P0_C1,low,V1_P0_C1__low
005241,val,1242,375,12,11,1,10,1,0,True,True,False,False,False,V1_P1_C0,high,V1_P1_C0__high
005242,val,1242,375,5,4,1,4,0,0,True,False,False,False,False,V1_P0_C0,medium,V1_P0_C0__medium
005243,val,1242,375,3,2,1,2,0,0,True,False,False,False,False,V1_P0_C0,low,V1_P0_C0__low
005244,train,1242,375,7,4,3,2,0,2,True,False,True,False,False,V1_P0_C1,medium,V1_P0_C1__medium
005245,train,1242,375,18,16,2,13,3,0,True,True,False,False,False,V1_P1_C0,high,V1_P1_C0__high
005246,train,1242,375,7,5,2,5,0,0,True,False,False,False,False,V1_P0_C0,medium,V1_P0_C0__medium
005247,train,1224,370,9,7,2,7,0,0,True,False,False,False,False,V1_P0_C0,high,V1_P0_C0__high
005248,train,1242,375,7,7,0,3,4,0,True,True,False,False,False,V1_P1_C0,high,V1_P1_C0__high
005249,train,1242,375,6,4,2,4,0,0,True,False,False,False,False,V1_P0_C0,medium,V1_P0_C0__medium
005250,train,1242,375,10,9,1,9,0,0,True,False,False,False,False,V1_P0_C0,high,V1_P0_C0__high
005251,train,1242,375,14,11,3,11,0,0,True,False,False,False,False,V1_P0_C0,high,V1_P0_C0__high
005252,val,1242,375,2,2,0,2,0,0,True,False,False,False,False,V1_P0_C0,low,V1_P0_C0__low
005253,train,1242,375,12,10,2,10,0,0,True,False,False,False,False,V1_P0_C0,high,V1_P0_C0__high
005254,train,1242,375,2,2,0,2,0,0,True,False,False,False,False,V1_P0_C0,low,V1_P0_C0__low
005255,train,1242,375,9,7,2,7,0,0,True,False,False,False,False,V1_P0_C0,high,V1_P0_C0__high
005256,train,1242,375,5,3,2,3,0,0,True,False,False,False,False,V1_P0_C0,low,V1_P0_C0__low
005257,train,1242,375,4,4,0,4,0,0,True,False,False,False,False,V1_P0_C0,medium,V1_P0_C0__medium
005258,train,1242,375,7,4,3,0,4,0,False,True,False,False,False,V0_P1_C0,medium,V0_P1_C0__medium
005259,train,1224,370,7,6,1,4,2,0,True,True,False,False,False,V1_P1_C0,medium,V1_P1_C0__medium
005260,train,1241,376,10,9,1,9,0,0,True,False,False,False,False,V1_P0_C0,high,V1_P0_C0__high
005261,val,1242,375,9,5,4,5,0,0,True,False,False,False,False,V1_P0_C0,medium,V1_P0_C0__medium
005262,train,1242,375,5,1,4,1,0,0,True,False,False,False,False,V1_P0_C0,low,V1_P0_C0__low
005263,train,1242,375,4,3,1,2,1,0,True,True,False,False,False,V1_P1_C0,low,V1_P1_C0__low
005264,train,1242,375,6,6,0,6,0,0,True,False,False,False,False,V1_P0_C0,medium,V1_P0_C0__medium
005265,train,1242,375,5,5,0,5,0,0,True,False,False,False,False,V1_P0_C0,medium,V1_P0_C0__medium
005266,val,1242,375,9,5,4,5,0,0,True,False,False,False,False,V1_P0_C0,medium,V1_P0_C0__medium
005267,train,1242,375,3,3,0,2,1,0,True,True,False,False,False,V1_P1_C0,low,V1_P1_C0__low
005268,train,1242,375,5,2,3,2,0,0,True,False,False,False,False,V1_P0_C0,low,V1_P0_C0__low
005269,train,1242,375,9,6,3,6,0,0,True,False,False,False,False,V1_P0_C0,medium,V1_P0_C0__medium
005270,train,1242,375,4,2,2,1,1,0,True,True,False,False,False,V1_P1_C0,low,V1_P1_C0__low
005271,val,1242,375,5,4,1,3,0,1,True,False,True,False,False,V1_P0_C1,medium,V1_P0_C1__medium
005272,train,1242,375,5,5,0,5,0,0,True,False,False,False,False,V1_P0_C0,medium,V1_P0_C0__medium
005273,val,1224,370,7,5,2,4,0,1,True,False,True,False,False,V1_P0_C1,medium,V1_P0_C1__medium
005274,train,1242,375,11,9,2,9,0,0,True,False,False,False,False,V1_P0_C0,high,V1_P0_C0__high
005275,val,1242,375,8,5,3,5,0,0,True,False,False,False,False,V1_P0_C0,medium,V1_P0_C0__medium
005276,train,1242,375,8,7,1,6,0,1,True,False,True,False,False,V1_P0_C1,high,V1_P0_C1__high
005277,train,1242,375,3,3,0,3,0,0,True,False,False,False,False,V1_P0_C0,low,V1_P0_C0__low
005278,train,1242,375,9,8,1,2,5,1,True,True,True,False,False,V1_P1_C1,high,V1_P1_C1__high
005279,train,1242,375,4,2,2,2,0,0,True,False,False,False,False,V1_P0_C0,low,V1_P0_C0__low
005280,val,1242,375,16,14,2,13,0,1,True,False,True,False,False,V1_P0_C1,high,V1_P0_C1__high
005281,val,1242,375,8,3,5,0,3,0,False,True,False,False,False,V0_P1_C0,low,V0_P1_C0__low
005282,val,1242,375,7,5,2,3,0,2,True,False,True,False,False,V1_P0_C1,medium,V1_P0_C1__medium
005283,train,1242,375,4,4,0,4,0,0,True,False,False,False,False,V1_P0_C0,medium,V1_P0_C0__medium
005284,train,1242,375,4,3,1,3,0,0,True,False,False,False,False,V1_P0_C0,low,V1_P0_C0__low
005285,val,1242,375,4,4,0,4,0,0,True,False,False,False,False,V1_P0_C0,medium,V1_P0_C0__medium
005286,train,1242,375,12,8,4,6,2,0,True,True,False,False,False,V1_P1_C0,high,V1_P1_C0__high
005287,train,1242,375,10,8,2,6,2,0,True,True,False,False,False,V1_P1_C0,high,V1_P1_C0__high
005288,train,1242,375,8,7,1,7,0,0,True,False,False,False,False,V1_P0_C0,high,V1_P0_C0__high
005289,train,1242,375,8,5,3,4,0,1,True,False,True,False,False,V1_P0_C1,medium,V1_P0_C1__medium
005290,train,1242,375,3,3,0,3,0,0,True,False,False,False,False,V1_P0_C0,low,V1_P0_C0__low
005291,train,1224,370,9,8,1,8,0,0,True,False,False,False,False,V1_P0_C0,high,V1_P0_C0__high
005292,val,1242,375,1,1,0,1,0,0,True,False,False,False,False,V1_P0_C0,low,V1_P0_C0__low
005293,train,1242,375,3,3,0,3,0,0,True,False,False,False,False,V1_P0_C0,low,V1_P0_C0__low
005294,train,1242,375,10,9,1,5,4,0,True,True,False,False,False,V1_P1_C0,high,V1_P1_C0__high
005295,val,1242,375,6,4,2,4,0,0,True,False,False,False,False,V1_P0_C0,medium,V1_P0_C0__medium
005296,train,1242,375,2,2,0,2,0,0,True,False,False,False,False,V1_P0_C0,low,V1_P0_C0__low
005297,train,1242,375,5,4,1,4,0,0,True,False,False,False,False,V1_P0_C0,medium,V1_P0_C0__medium
005298,val,1242,375,6,4,2,4,0,0,True,False,False,False,False,V1_P0_C0,medium,V1_P0_C0__medium
005299,val,1242,375,6,3,3,3,0,0,True,False,False,False,False,V1_P0_C0,low,V1_P0_C0__low
005300,train,1242,375,7,7,0,6,0,1,True,False,True,False,False,V1_P0_C1,high,V1_P0_C1__high
005301,train,1224,370,1,1,0,0,1,0,False,True,False,False,False,V0_P1_C0,low,V0_P1_C0__low
005302,train,1242,375,1,1,0,1,0,0,True,False,False,False,False,V1_P0_C0,low,V1_P0_C0__low
005303,train,1242,375,4,2,2,2,0,0,True,False,False,False,False,V1_P0_C0,low,V1_P0_C0__low
005304,train,1242,375,1,1,0,1,0,0,True,False,False,False,False,V1_P0_C0,low,V1_P0_C0__low
005305,train,1238,374,2,1,1,1,0,0,True,False,False,False,False,V1_P0_C0,low,V1_P0_C0__low
005306,train,1242,375,8,7,1,7,0,0,True,False,False,False,False,V1_P0_C0,high,V1_P0_C0__high
005307,train,1242,375,1,1,0,1,0,0,True,False,False,False,False,V1_P0_C0,low,V1_P0_C0__low
005308,val,1242,375,11,5,6,5,0,0,True,False,False,False,False,V1_P0_C0,medium,V1_P0_C0__medium
005309,val,1242,375,5,2,3,1,1,0,True,True,False,False,False,V1_P1_C0,low,V1_P1_C0__low
005310,train,1242,375,4,3,1,3,0,0,True,False,False,False,False,V1_P0_C0,low,V1_P0_C0__low
005311,train,1242,375,17,15,2,13,2,0,True,True,False,False,False,V1_P1_C0,high,V1_P1_C0__high
005312,train,1242,375,7,7,0,6,1,0,True,True,False,False,False,V1_P1_C0,high,V1_P1_C0__high
005313,train,1242,375,7,4,3,4,0,0,True,False,False,False,False,V1_P0_C0,medium,V1_P0_C0__medium
005314,train,1242,375,13,13,0,12,1,0,True,True,False,False,False,V1_P1_C0,high,V1_P1_C0__high
005315,train,1242,375,5,4,1,4,0,0,True,False,False,False,False,V1_P0_C0,medium,V1_P0_C0__medium
005316,train,1242,375,12,7,5,6,1,0,True,True,False,False,False,V1_P1_C0,high,V1_P1_C0__high
005317,train,1224,370,1,1,0,0,1,0,False,True,False,False,False,V0_P1_C0,low,V0_P1_C0__low
005318,train,1241,376,10,8,2,8,0,0,True,False,False,False,False,V1_P0_C0,high,V1_P0_C0__high
005319,val,1242,375,8,6,2,6,0,0,True,False,False,False,False,V1_P0_C0,medium,V1_P0_C0__medium
005320,train,1242,375,14,13,1,13,0,0,True,False,False,False,False,V1_P0_C0,high,V1_P0_C0__high
005321,train,1241,376,11,11,0,11,0,0,True,False,False,False,False,V1_P0_C0,high,V1_P0_C0__high
005322,val,1242,375,6,4,2,4,0,0,True,False,False,False,False,V1_P0_C0,medium,V1_P0_C0__medium
005323,train,1242,375,3,2,1,1,0,1,True,False,True,False,False,V1_P0_C1,low,V1_P0_C1__low
005324,train,1224,370,1,1,0,0,1,0,False,True,False,False,False,V0_P1_C0,low,V0_P1_C0__low
005325,train,1242,375,4,4,0,4,0,0,True,False,False,False,False,V1_P0_C0,medium,V1_P0_C0__medium
005326,train,1242,375,9,8,1,8,0,0,True,False,False,False,False,V1_P0_C0,high,V1_P0_C0__high
005327,train,1242,375,8,7,1,7,0,0,True,False,False,False,False,V1_P0_C0,high,V1_P0_C0__high
005328,val,1242,375,4,2,2,2,0,0,True,False,False,False,False,V1_P0_C0,low,V1_P0_C0__low
005329,train,1224,370,1,1,0,0,1,0,False,True,False,False,False,V0_P1_C0,low,V0_P1_C0__low
005330,train,1242,375,8,6,2,6,0,0,True,False,False,False,False,V1_P0_C0,medium,V1_P0_C0__medium
005331,train,1242,375,1,1,0,1,0,0,True,False,False,False,False,V1_P0_C0,low,V1_P0_C0__low
005332,train,1242,375,10,7,3,7,0,0,True,False,False,False,False,V1_P0_C0,high,V1_P0_C0__high
005333,train,1242,375,8,8,0,7,0,1,True,False,True,False,False,V1_P0_C1,high,V1_P0_C1__high
005334,train,1242,375,4,4,0,4,0,0,True,False,False,False,False,V1_P0_C0,medium,V1_P0_C0__medium
005335,train,1242,375,5,4,1,3,1,0,True,True,False,False,False,V1_P1_C0,medium,V1_P1_C0__medium
005336,train,1238,374,8,7,1,1,5,1,True,True,True,False,False,V1_P1_C1,high,V1_P1_C1__high
005337,train,1242,375,4,3,1,3,0,0,True,False,False,False,False,V1_P0_C0,low,V1_P0_C0__low
005338,train,1242,375,4,1,3,0,1,0,False,True,False,False,False,V0_P1_C0,low,V0_P1_C0__low
005339,train,1242,375,5,4,1,4,0,0,True,False,False,False,False,V1_P0_C0,medium,V1_P0_C0__medium
005340,train,1242,375,9,5,4,5,0,0,True,False,False,False,False,V1_P0_C0,medium,V1_P0_C0__medium
005341,val,1242,375,2,1,1,0,1,0,False,True,False,False,False,V0_P1_C0,low,V0_P1_C0__low
005342,val,1242,375,6,4,2,4,0,0,True,False,False,False,False,V1_P0_C0,medium,V1_P0_C0__medium
005343,val,1242,375,5,2,3,2,0,0,True,False,False,False,False,V1_P0_C0,low,V1_P0_C0__low
005344,train,1242,375,2,1,1,1,0,0,True,False,False,False,False,V1_P0_C0,low,V1_P0_C0__low
005345,val,1242,375,5,5,0,5,0,0,True,False,False,False,False,V1_P0_C0,medium,V1_P0_C0__medium
005346,train,1242,375,5,3,2,3,0,0,True,False,False,False,False,V1_P0_C0,low,V1_P0_C0__low
005347,val,1242,375,5,5,0,5,0,0,True,False,False,False,False,V1_P0_C0,medium,V1_P0_C0__medium
005348,train,1242,375,10,10,0,9,1,0,True,True,False,False,False,V1_P1_C0,high,V1_P1_C0__high
005349,train,1242,375,3,3,0,3,0,0,True,False,False,False,False,V1_P0_C0,low,V1_P0_C0__low
005350,val,1242,375,7,7,0,7,0,0,True,False,False,False,False,V1_P0_C0,high,V1_P0_C0__high
005351,train,1242,375,3,2,1,2,0,0,True,False,False,False,False,V1_P0_C0,low,V1_P0_C0__low
005352,train,1242,375,15,15,0,15,0,0,True,False,False,False,False,V1_P0_C0,high,V1_P0_C0__high
005353,train,1242,375,3,2,1,1,1,0,True,True,False,False,False,V1_P1_C0,low,V1_P1_C0__low
005354,train,1242,375,10,9,1,9,0,0,True,False,False,False,False,V1_P0_C0,high,V1_P0_C0__high
005355,train,1242,375,4,1,3,1,0,0,True,False,False,False,False,V1_P0_C0,low,V1_P0_C0__low
005356,train,1242,375,18,16,2,13,3,0,True,True,False,False,False,V1_P1_C0,high,V1_P1_C0__high
005357,train,1242,375,6,6,0,6,0,0,True,False,False,False,False,V1_P0_C0,medium,V1_P0_C0__medium
005358,train,1242,375,3,3,0,1,1,1,True,True,True,False,False,V1_P1_C1,low,V1_P1_C1__low
005359,train,1242,375,5,3,2,3,0,0,True,False,False,False,False,V1_P0_C0,low,V1_P0_C0__low
005360,train,1242,375,9,9,0,8,1,0,True,True,False,False,False,V1_P1_C0,high,V1_P1_C0__high
005361,train,1238,374,5,5,0,5,0,0,True,False,False,False,False,V1_P0_C0,medium,V1_P0_C0__medium
005362,train,1242,375,9,7,2,7,0,0,True,False,False,False,False,V1_P0_C0,high,V1_P0_C0__high
005363,train,1242,375,5,3,2,3,0,0,True,False,False,False,False,V1_P0_C0,low,V1_P0_C0__low
005364,val,1242,375,4,3,1,3,0,0,True,False,False,False,False,V1_P0_C0,low,V1_P0_C0__low
005365,val,1242,375,5,4,1,4,0,0,True,False,False,False,False,V1_P0_C0,medium,V1_P0_C0__medium
005366,train,1241,376,13,12,1,12,0,0,True,False,False,False,False,V1_P0_C0,high,V1_P0_C0__high
005367,train,1242,375,11,7,4,7,0,0,True,False,False,False,False,V1_P0_C0,high,V1_P0_C0__high
005368,train,1242,375,3,3,0,3,0,0,True,False,False,False,False,V1_P0_C0,low,V1_P0_C0__low
005369,train,1238,374,4,2,2,1,1,0,True,True,False,False,False,V1_P1_C0,low,V1_P1_C0__low
005370,train,1242,375,4,2,2,1,1,0,True,True,False,False,False,V1_P1_C0,low,V1_P1_C0__low
005371,train,1242,375,10,8,2,6,0,2,True,False,True,False,False,V1_P0_C1,high,V1_P0_C1__high
005372,val,1242,375,2,2,0,1,1,0,True,True,False,False,False,V1_P1_C0,low,V1_P1_C0__low
005373,val,1242,375,5,3,2,3,0,0,True,False,False,False,False,V1_P0_C0,low,V1_P0_C0__low
005374,train,1242,375,5,4,1,4,0,0,True,False,False,False,False,V1_P0_C0,medium,V1_P0_C0__medium
005375,train,1242,375,5,2,3,2,0,0,True,False,False,False,False,V1_P0_C0,low,V1_P0_C0__low
005376,val,1242,375,4,4,0,4,0,0,True,False,False,False,False,V1_P0_C0,medium,V1_P0_C0__medium
005377,val,1242,375,4,3,1,3,0,0,True,False,False,False,False,V1_P0_C0,low,V1_P0_C0__low
005378,train,1242,375,4,3,1,2,0,1,True,False,True,False,False,V1_P0_C1,low,V1_P0_C1__low
005379,train,1242,375,9,7,2,7,0,0,True,False,False,False,False,V1_P0_C0,high,V1_P0_C0__high
005380,train,1242,375,10,2,8,0,2,0,False,True,False,False,False,V0_P1_C0,low,V0_P1_C0__low
005381,train,1242,375,12,10,2,10,0,0,True,False,False,False,False,V1_P0_C0,high,V1_P0_C0__high
005382,train,1242,375,11,9,2,9,0,0,True,False,False,False,False,V1_P0_C0,high,V1_P0_C0__high
005383,train,1242,375,16,16,0,15,1,0,True,True,False,False,False,V1_P1_C0,high,V1_P1_C0__high
005384,train,1242,375,7,6,1,6,0,0,True,False,False,False,False,V1_P0_C0,medium,V1_P0_C0__medium
005385,train,1242,375,4,4,0,4,0,0,True,False,False,False,False,V1_P0_C0,medium,V1_P0_C0__medium
005386,val,1242,375,16,14,2,13,0,1,True,False,True,False,False,V1_P0_C1,high,V1_P0_C1__high
005387,val,1242,375,4,2,2,2,0,0,True,False,False,False,False,V1_P0_C0,low,V1_P0_C0__low
005388,train,1242,375,4,4,0,4,0,0,True,False,False,False,False,V1_P0_C0,medium,V1_P0_C0__medium
005389,train,1242,375,5,4,1,4,0,0,True,False,False,False,False,V1_P0_C0,medium,V1_P0_C0__medium
005390,train,1242,375,4,2,2,2,0,0,True,False,False,False,False,V1_P0_C0,low,V1_P0_C0__low
005391,train,1224,370,14,12,2,3,6,3,True,True,True,False,False,V1_P1_C1,high,V1_P1_C1__high
005392,train,1224,370,10,8,2,8,0,0,True,False,False,False,False,V1_P0_C0,high,V1_P0_C0__high
005393,train,1242,375,2,2,0,2,0,0,True,False,False,False,False,V1_P0_C0,low,V1_P0_C0__low
005394,train,1242,375,6,2,4,2,0,0,True,False,False,False,False,V1_P0_C0,low,V1_P0_C0__low
005395,train,1242,375,7,7,0,6,0,1,True,False,True,False,False,V1_P0_C1,high,V1_P0_C1__high
005396,val,1242,375,4,2,2,2,0,0,True,False,False,False,False,V1_P0_C0,low,V1_P0_C0__low
005397,train,1242,375,6,1,5,1,0,0,True,False,False,False,False,V1_P0_C0,low,V1_P0_C0__low
005398,train,1242,375,9,6,3,6,0,0,True,False,False,False,False,V1_P0_C0,medium,V1_P0_C0__medium
005399,val,1242,375,7,6,1,6,0,0,True,False,False,False,False,V1_P0_C0,medium,V1_P0_C0__medium
005400,val,1242,375,5,4,1,4,0,0,True,False,False,False,False,V1_P0_C0,medium,V1_P0_C0__medium
005401,train,1238,374,6,6,0,6,0,0,True,False,False,False,False,V1_P0_C0,medium,V1_P0_C0__medium
005402,train,1242,375,1,1,0,1,0,0,True,False,False,False,False,V1_P0_C0,low,V1_P0_C0__low
005403,val,1242,375,16,15,1,14,1,0,True,True,False,False,False,V1_P1_C0,high,V1_P1_C0__high
005404,train,1242,375,5,2,3,2,0,0,True,False,False,False,False,V1_P0_C0,low,V1_P0_C0__low
005405,val,1242,375,6,4,2,4,0,0,True,False,False,False,False,V1_P0_C0,medium,V1_P0_C0__medium
005406,val,1242,375,6,5,1,5,0,0,True,False,False,False,False,V1_P0_C0,medium,V1_P0_C0__medium
005407,train,1242,375,8,8,0,8,0,0,True,False,False,False,False,V1_P0_C0,high,V1_P0_C0__high
005408,train,1224,370,11,11,0,1,9,1,True,True,True,False,False,V1_P1_C1,high,V1_P1_C1__high
005409,train,1242,375,6,4,2,4,0,0,True,False,False,False,False,V1_P0_C0,medium,V1_P0_C0__medium
005410,train,1242,375,11,8,3,8,0,0,True,False,False,False,False,V1_P0_C0,high,V1_P0_C0__high
005411,val,1242,375,9,9,0,9,0,0,True,False,False,False,False,V1_P0_C0,high,V1_P0_C0__high
005412,train,1242,375,6,2,4,2,0,0,True,False,False,False,False,V1_P0_C0,low,V1_P0_C0__low
005413,train,1242,375,6,3,3,3,0,0,True,False,False,False,False,V1_P0_C0,low,V1_P0_C0__low
005414,train,1242,375,11,9,2,9,0,0,True,False,False,False,False,V1_P0_C0,high,V1_P0_C0__high
005415,train,1242,375,6,5,1,5,0,0,True,False,False,False,False,V1_P0_C0,medium,V1_P0_C0__medium
005416,train,1242,375,5,5,0,5,0,0,True,False,False,False,False,V1_P0_C0,medium,V1_P0_C0__medium
005417,train,1242,375,7,4,3,3,0,1,True,False,True,False,False,V1_P0_C1,medium,V1_P0_C1__medium
005418,train,1224,370,11,9,2,0,7,2,False,True,True,False,False,V0_P1_C1,high,V0_P1_C1__high
005419,train,1242,375,12,12,0,8,4,0,True,True,False,False,False,V1_P1_C0,high,V1_P1_C0__high
005420,train,1238,374,5,5,0,5,0,0,True,False,False,False,False,V1_P0_C0,medium,V1_P0_C0__medium
005421,train,1242,375,3,2,1,2,0,0,True,False,False,False,False,V1_P0_C0,low,V1_P0_C0__low
005422,train,1224,370,1,1,0,0,1,0,False,True,False,False,False,V0_P1_C0,low,V0_P1_C0__low
005423,train,1242,375,6,5,1,5,0,0,True,False,False,False,False,V1_P0_C0,medium,V1_P0_C0__medium
005424,val,1242,375,1,1,0,1,0,0,True,False,False,False,False,V1_P0_C0,low,V1_P0_C0__low
005425,train,1242,375,5,3,2,3,0,0,True,False,False,False,False,V1_P0_C0,low,V1_P0_C0__low
005426,val,1242,375,16,14,2,13,0,1,True,False,True,False,False,V1_P0_C1,high,V1_P0_C1__high
005427,train,1242,375,13,10,3,10,0,0,True,False,False,False,False,V1_P0_C0,high,V1_P0_C0__high
005428,train,1242,375,8,5,3,4,0,1,True,False,True,False,False,V1_P0_C1,medium,V1_P0_C1__medium
005429,train,1224,370,1,1,0,0,1,0,False,True,False,False,False,V0_P1_C0,low,V0_P1_C0__low
005430,train,1242,375,10,8,2,6,2,0,True,True,False,False,False,V1_P1_C0,high,V1_P1_C0__high
005431,train,1241,376,13,13,0,13,0,0,True,False,False,False,False,V1_P0_C0,high,V1_P0_C0__high
005432,train,1242,375,4,3,1,3,0,0,True,False,False,False,False,V1_P0_C0,low,V1_P0_C0__low
005433,train,1224,370,10,9,1,0,8,1,False,True,True,False,False,V0_P1_C1,high,V0_P1_C1__high
005434,train,1238,374,6,3,3,0,3,0,False,True,False,False,False,V0_P1_C0,low,V0_P1_C0__low
005435,train,1242,375,5,1,4,1,0,0,True,False,False,False,False,V1_P0_C0,low,V1_P0_C0__low
005436,train,1242,375,13,13,0,10,1,2,True,True,True,False,False,V1_P1_C1,high,V1_P1_C1__high
005437,train,1242,375,5,2,3,2,0,0,True,False,False,False,False,V1_P0_C0,low,V1_P0_C0__low
005438,train,1242,375,11,9,2,9,0,0,True,False,False,False,False,V1_P0_C0,high,V1_P0_C0__high
005439,train,1224,370,1,1,0,0,1,0,False,True,False,False,False,V0_P1_C0,low,V0_P1_C0__low
005440,val,1242,375,3,2,1,2,0,0,True,False,False,False,False,V1_P0_C0,low,V1_P0_C0__low
005441,train,1242,375,2,2,0,2,0,0,True,False,False,False,False,V1_P0_C0,low,V1_P0_C0__low
005442,train,1242,375,5,4,1,4,0,0,True,False,False,False,False,V1_P0_C0,medium,V1_P0_C0__medium
005443,train,1242,375,12,10,2,10,0,0,True,False,False,False,False,V1_P0_C0,high,V1_P0_C0__high
005444,val,1241,376,4,3,1,3,0,0,True,False,False,False,False,V1_P0_C0,low,V1_P0_C0__low
005445,train,1242,375,1,1,0,1,0,0,True,False,False,False,False,V1_P0_C0,low,V1_P0_C0__low
005446,train,1242,375,2,1,1,1,0,0,True,False,False,False,False,V1_P0_C0,low,V1_P0_C0__low
005447,train,1242,375,3,2,1,2,0,0,True,False,False,False,False,V1_P0_C0,low,V1_P0_C0__low
005448,train,1242,375,8,7,1,2,3,2,True,True,True,False,False,V1_P1_C1,high,V1_P1_C1__high
005449,train,1242,375,10,8,2,8,0,0,True,False,False,False,False,V1_P0_C0,high,V1_P0_C0__high
005450,train,1242,375,3,3,0,2,1,0,True,True,False,False,False,V1_P1_C0,low,V1_P1_C0__low
005451,val,1242,375,5,2,3,2,0,0,True,False,False,False,False,V1_P0_C0,low,V1_P0_C0__low
005452,train,1242,375,4,3,1,3,0,0,True,False,False,False,False,V1_P0_C0,low,V1_P0_C0__low
005453,train,1242,375,9,9,0,8,1,0,True,True,False,False,False,V1_P1_C0,high,V1_P1_C0__high
005454,train,1242,375,7,6,1,6,0,0,True,False,False,False,False,V1_P0_C0,medium,V1_P0_C0__medium
005455,train,1242,375,6,6,0,6,0,0,True,False,False,False,False,V1_P0_C0,medium,V1_P0_C0__medium
005456,train,1242,375,2,1,1,1,0,0,True,False,False,False,False,V1_P0_C0,low,V1_P0_C0__low
005457,train,1242,375,6,5,1,5,0,0,True,False,False,False,False,V1_P0_C0,medium,V1_P0_C0__medium
005458,train,1242,375,4,3,1,3,0,0,True,False,False,False,False,V1_P0_C0,low,V1_P0_C0__low
005459,train,1238,374,5,4,1,4,0,0,True,False,False,False,False,V1_P0_C0,medium,V1_P0_C0__medium
005460,train,1242,375,4,2,2,2,0,0,True,False,False,False,False,V1_P0_C0,low,V1_P0_C0__low
005461,train,1242,375,10,8,2,8,0,0,True,False,False,False,False,V1_P0_C0,high,V1_P0_C0__high
005462,train,1242,375,5,2,3,1,0,1,True,False,True,False,False,V1_P0_C1,low,V1_P0_C1__low
005463,val,1242,375,2,1,1,1,0,0,True,False,False,False,False,V1_P0_C0,low,V1_P0_C0__low
005464,train,1242,375,5,4,1,4,0,0,True,False,False,False,False,V1_P0_C0,medium,V1_P0_C0__medium
005465,train,1242,375,10,7,3,7,0,0,True,False,False,False,False,V1_P0_C0,high,V1_P0_C0__high
005466,val,1242,375,8,7,1,7,0,0,True,False,False,False,False,V1_P0_C0,high,V1_P0_C0__high
005467,train,1238,374,9,8,1,2,6,0,True,True,False,False,False,V1_P1_C0,high,V1_P1_C0__high
005468,train,1242,375,6,3,3,3,0,0,True,False,False,False,False,V1_P0_C0,low,V1_P0_C0__low
005469,train,1242,375,9,8,1,7,0,1,True,False,True,False,False,V1_P0_C1,high,V1_P0_C1__high
005470,train,1242,375,3,2,1,2,0,0,True,False,False,False,False,V1_P0_C0,low,V1_P0_C0__low
005471,train,1242,375,6,2,4,1,0,1,True,False,True,False,False,V1_P0_C1,low,V1_P0_C1__low
005472,train,1238,374,12,11,1,1,10,0,True,True,False,False,False,V1_P1_C0,high,V1_P1_C0__high
005473,train,1242,375,10,6,4,5,1,0,True,True,False,False,False,V1_P1_C0,medium,V1_P1_C0__medium
005474,train,1242,375,3,2,1,2,0,0,True,False,False,False,False,V1_P0_C0,low,V1_P0_C0__low
005475,train,1242,375,3,2,1,2,0,0,True,False,False,False,False,V1_P0_C0,low,V1_P0_C0__low
005476,val,1242,375,12,5,7,5,0,0,True,False,False,False,False,V1_P0_C0,medium,V1_P0_C0__medium
005477,train,1242,375,2,2,0,2,0,0,True,False,False,False,False,V1_P0_C0,low,V1_P0_C0__low
005478,train,1242,375,4,4,0,4,0,0,True,False,False,False,False,V1_P0_C0,medium,V1_P0_C0__medium
005479,train,1242,375,8,8,0,8,0,0,True,False,False,False,False,V1_P0_C0,high,V1_P0_C0__high
005480,train,1224,370,9,7,2,7,0,0,True,False,False,False,False,V1_P0_C0,high,V1_P0_C0__high
005481,val,1242,375,11,10,1,10,0,0,True,False,False,False,False,V1_P0_C0,high,V1_P0_C0__high
005482,val,1224,370,8,5,3,2,2,1,True,True,True,False,False,V1_P1_C1,medium,V1_P1_C1__medium
005483,train,1242,375,5,2,3,2,0,0,True,False,False,False,False,V1_P0_C0,low,V1_P0_C0__low
005484,train,1242,375,7,3,4,3,0,0,True,False,False,False,False,V1_P0_C0,low,V1_P0_C0__low
005485,train,1242,375,3,3,0,2,0,1,True,False,True,False,False,V1_P0_C1,low,V1_P0_C1__low
005486,val,1242,375,8,7,1,7,0,0,True,False,False,False,False,V1_P0_C0,high,V1_P0_C0__high
005487,train,1242,375,11,8,3,8,0,0,True,False,False,False,False,V1_P0_C0,high,V1_P0_C0__high
005488,train,1242,375,14,13,1,13,0,0,True,False,False,False,False,V1_P0_C0,high,V1_P0_C0__high
005489,val,1242,375,5,4,1,4,0,0,True,False,False,False,False,V1_P0_C0,medium,V1_P0_C0__medium
005490,train,1242,375,3,3,0,3,0,0,True,False,False,False,False,V1_P0_C0,low,V1_P0_C0__low
005491,train,1242,375,1,1,0,1,0,0,True,False,False,False,False,V1_P0_C0,low,V1_P0_C0__low
005492,train,1224,370,9,7,2,7,0,0,True,False,False,False,False,V1_P0_C0,high,V1_P0_C0__high
005493,train,1242,375,3,3,0,3,0,0,True,False,False,False,False,V1_P0_C0,low,V1_P0_C0__low
005494,train,1242,375,4,4,0,3,1,0,True,True,False,False,False,V1_P1_C0,medium,V1_P1_C0__medium
005495,train,1224,370,9,7,2,3,3,1,True,True,True,False,False,V1_P1_C1,high,V1_P1_C1__high
005496,train,1242,375,10,10,0,9,1,0,True,True,False,False,False,V1_P1_C0,high,V1_P1_C0__high
005497,train,1242,375,3,1,2,1,0,0,True,False,False,False,False,V1_P0_C0,low,V1_P0_C0__low
005498,train,1241,376,11,9,2,9,0,0,True,False,False,False,False,V1_P0_C0,high,V1_P0_C0__high
005499,train,1224,370,10,8,2,8,0,0,True,False,False,False,False,V1_P0_C0,high,V1_P0_C0__high
005500,train,1242,375,6,6,0,6,0,0,True,False,False,False,False,V1_P0_C0,medium,V1_P0_C0__medium
005501,val,1242,375,6,5,1,5,0,0,True,False,False,False,False,V1_P0_C0,medium,V1_P0_C0__medium
005502,train,1242,375,2,1,1,1,0,0,True,False,False,False,False,V1_P0_C0,low,V1_P0_C0__low
005503,train,1242,375,7,5,2,5,0,0,True,False,False,False,False,V1_P0_C0,medium,V1_P0_C0__medium
005504,train,1224,370,5,4,1,1,1,2,True,True,True,False,False,V1_P1_C1,medium,V1_P1_C1__medium
005505,train,1242,375,14,7,7,7,0,0,True,False,False,False,False,V1_P0_C0,high,V1_P0_C0__high
005506,val,1242,375,7,2,5,2,0,0,True,False,False,False,False,V1_P0_C0,low,V1_P0_C0__low
005507,train,1242,375,7,6,1,6,0,0,True,False,False,False,False,V1_P0_C0,medium,V1_P0_C0__medium
005508,train,1242,375,8,8,0,8,0,0,True,False,False,False,False,V1_P0_C0,high,V1_P0_C0__high
005509,train,1242,375,4,1,3,1,0,0,True,False,False,False,False,V1_P0_C0,low,V1_P0_C0__low
005510,val,1238,374,14,13,1,1,12,0,True,True,False,False,False,V1_P1_C0,high,V1_P1_C0__high
005511,train,1224,370,9,6,3,2,2,2,True,True,True,False,False,V1_P1_C1,medium,V1_P1_C1__medium
005512,train,1242,375,8,5,3,5,0,0,True,False,False,False,False,V1_P0_C0,medium,V1_P0_C0__medium
005513,val,1242,375,3,2,1,2,0,0,True,False,False,False,False,V1_P0_C0,low,V1_P0_C0__low
005514,train,1242,375,8,6,2,6,0,0,True,False,False,False,False,V1_P0_C0,medium,V1_P0_C0__medium
005515,val,1242,375,6,6,0,4,2,0,True,True,False,False,False,V1_P1_C0,medium,V1_P1_C0__medium
005516,train,1242,375,15,15,0,15,0,0,True,False,False,False,False,V1_P0_C0,high,V1_P0_C0__high
005517,train,1242,375,7,4,3,3,1,0,True,True,False,False,False,V1_P1_C0,medium,V1_P1_C0__medium
005518,train,1242,375,4,2,2,1,1,0,True,True,False,False,False,V1_P1_C0,low,V1_P1_C0__low
005519,train,1242,375,5,5,0,4,1,0,True,True,False,False,False,V1_P1_C0,medium,V1_P1_C0__medium
005520,train,1242,375,4,1,3,1,0,0,True,False,False,False,False,V1_P0_C0,low,V1_P0_C0__low
005521,train,1242,375,5,1,4,1,0,0,True,False,False,False,False,V1_P0_C0,low,V1_P0_C0__low
005522,val,1242,375,1,1,0,1,0,0,True,False,False,False,False,V1_P0_C0,low,V1_P0_C0__low
005523,train,1242,375,10,8,2,6,2,0,True,True,False,False,False,V1_P1_C0,high,V1_P1_C0__high
005524,train,1224,370,11,7,4,0,4,3,False,True,True,False,False,V0_P1_C1,high,V0_P1_C1__high
005525,train,1242,375,4,2,2,2,0,0,True,False,False,False,False,V1_P0_C0,low,V1_P0_C0__low
005526,train,1224,370,1,1,0,0,1,0,False,True,False,False,False,V0_P1_C0,low,V0_P1_C0__low
005527,train,1242,375,8,3,5,3,0,0,True,False,False,False,False,V1_P0_C0,low,V1_P0_C0__low
005528,train,1242,375,11,9,2,4,3,2,True,True,True,False,False,V1_P1_C1,high,V1_P1_C1__high
005529,train,1242,375,3,3,0,3,0,0,True,False,False,False,False,V1_P0_C0,low,V1_P0_C0__low
005530,train,1242,375,15,11,4,11,0,0,True,False,False,False,False,V1_P0_C0,high,V1_P0_C0__high
005531,train,1242,375,4,3,1,3,0,0,True,False,False,False,False,V1_P0_C0,low,V1_P0_C0__low
005532,val,1224,370,16,14,2,1,13,0,True,True,False,False,False,V1_P1_C0,high,V1_P1_C0__high
005533,train,1242,375,7,3,4,2,0,1,True,False,True,False,False,V1_P0_C1,low,V1_P0_C1__low
005534,train,1242,375,9,7,2,7,0,0,True,False,False,False,False,V1_P0_C0,high,V1_P0_C0__high
005535,train,1242,375,3,2,1,2,0,0,True,False,False,False,False,V1_P0_C0,low,V1_P0_C0__low
005536,val,1242,375,9,5,4,0,2,3,False,True,True,False,False,V0_P1_C1,medium,V0_P1_C1__medium
005537,train,1242,375,13,12,1,12,0,0,True,False,False,False,False,V1_P0_C0,high,V1_P0_C0__high
005538,train,1242,375,4,2,2,2,0,0,True,False,False,False,False,V1_P0_C0,low,V1_P0_C0__low
005539,train,1242,375,9,5,4,3,0,2,True,False,True,False,False,V1_P0_C1,medium,V1_P0_C1__medium
005540,val,1224,370,3,3,0,0,2,1,False,True,True,False,False,V0_P1_C1,low,V0_P1_C1__low
005541,train,1242,375,11,6,5,3,0,3,True,False,True,False,False,V1_P0_C1,medium,V1_P0_C1__medium
005542,val,1241,376,11,10,1,10,0,0,True,False,False,False,False,V1_P0_C0,high,V1_P0_C0__high
005543,train,1242,375,4,2,2,2,0,0,True,False,False,False,False,V1_P0_C0,low,V1_P0_C0__low
005544,train,1242,375,10,7,3,6,1,0,True,True,False,False,False,V1_P1_C0,high,V1_P1_C0__high
005545,train,1238,374,7,6,1,2,2,2,True,True,True,False,False,V1_P1_C1,medium,V1_P1_C1__medium
005546,val,1242,375,18,16,2,15,0,1,True,False,True,False,False,V1_P0_C1,high,V1_P0_C1__high
005547,train,1242,375,4,2,2,2,0,0,True,False,False,False,False,V1_P0_C0,low,V1_P0_C0__low
005548,train,1242,375,4,1,3,1,0,0,True,False,False,False,False,V1_P0_C0,low,V1_P0_C0__low
005549,train,1242,375,2,2,0,2,0,0,True,False,False,False,False,V1_P0_C0,low,V1_P0_C0__low
005550,train,1242,375,1,1,0,1,0,0,True,False,False,False,False,V1_P0_C0,low,V1_P0_C0__low
005551,val,1242,375,3,2,1,1,1,0,True,True,False,False,False,V1_P1_C0,low,V1_P1_C0__low
005552,train,1242,375,15,13,2,13,0,0,True,False,False,False,False,V1_P0_C0,high,V1_P0_C0__high
005553,train,1242,375,10,8,2,7,1,0,True,True,False,False,False,V1_P1_C0,high,V1_P1_C0__high
005554,train,1242,375,5,2,3,1,0,1,True,False,True,False,False,V1_P0_C1,low,V1_P0_C1__low
005555,val,1242,375,5,2,3,1,0,1,True,False,True,False,False,V1_P0_C1,low,V1_P0_C1__low
005556,train,1242,375,9,7,2,7,0,0,True,False,False,False,False,V1_P0_C0,high,V1_P0_C0__high
005557,train,1241,376,9,7,2,7,0,0,True,False,False,False,False,V1_P0_C0,high,V1_P0_C0__high
005558,train,1241,376,7,4,3,4,0,0,True,False,False,False,False,V1_P0_C0,medium,V1_P0_C0__medium
005559,train,1224,370,1,1,0,0,1,0,False,True,False,False,False,V0_P1_C0,low,V0_P1_C0__low
005560,train,1242,375,10,8,2,6,0,2,True,False,True,False,False,V1_P0_C1,high,V1_P0_C1__high
005561,val,1242,375,8,6,2,6,0,0,True,False,False,False,False,V1_P0_C0,medium,V1_P0_C0__medium
005562,train,1242,375,4,3,1,3,0,0,True,False,False,False,False,V1_P0_C0,low,V1_P0_C0__low
005563,train,1242,375,2,2,0,2,0,0,True,False,False,False,False,V1_P0_C0,low,V1_P0_C0__low
005564,train,1224,370,8,6,2,6,0,0,True,False,False,False,False,V1_P0_C0,medium,V1_P0_C0__medium
005565,train,1242,375,4,3,1,2,0,1,True,False,True,False,False,V1_P0_C1,low,V1_P0_C1__low
005566,train,1242,375,4,4,0,4,0,0,True,False,False,False,False,V1_P0_C0,medium,V1_P0_C0__medium
005567,train,1224,370,1,1,0,0,1,0,False,True,False,False,False,V0_P1_C0,low,V0_P1_C0__low
005568,train,1224,370,18,18,0,6,12,0,True,True,False,False,False,V1_P1_C0,high,V1_P1_C0__high
005569,val,1242,375,6,4,2,4,0,0,True,False,False,False,False,V1_P0_C0,medium,V1_P0_C0__medium
005570,train,1242,375,9,7,2,7,0,0,True,False,False,False,False,V1_P0_C0,high,V1_P0_C0__high
005571,train,1242,375,10,8,2,3,3,2,True,True,True,False,False,V1_P1_C1,high,V1_P1_C1__high
005572,train,1242,375,9,7,2,7,0,0,True,False,False,False,False,V1_P0_C0,high,V1_P0_C0__high
005573,val,1241,376,10,10,0,10,0,0,True,False,False,False,False,V1_P0_C0,high,V1_P0_C0__high
005574,train,1238,374,5,5,0,5,0,0,True,False,False,False,False,V1_P0_C0,medium,V1_P0_C0__medium
005575,train,1242,375,10,6,4,6,0,0,True,False,False,False,False,V1_P0_C0,medium,V1_P0_C0__medium
005576,train,1242,375,5,3,2,3,0,0,True,False,False,False,False,V1_P0_C0,low,V1_P0_C0__low
005577,train,1242,375,4,4,0,4,0,0,True,False,False,False,False,V1_P0_C0,medium,V1_P0_C0__medium
005578,train,1242,375,13,11,2,11,0,0,True,False,False,False,False,V1_P0_C0,high,V1_P0_C0__high
005579,train,1242,375,10,9,1,7,1,1,True,True,True,False,False,V1_P1_C1,high,V1_P1_C1__high
005580,train,1242,375,12,10,2,10,0,0,True,False,False,False,False,V1_P0_C0,high,V1_P0_C0__high
005581,val,1242,375,7,5,2,5,0,0,True,False,False,False,False,V1_P0_C0,medium,V1_P0_C0__medium
005582,train,1242,375,4,3,1,2,0,1,True,False,True,False,False,V1_P0_C1,low,V1_P0_C1__low
005583,train,1242,375,7,6,1,6,0,0,True,False,False,False,False,V1_P0_C0,medium,V1_P0_C0__medium
005584,train,1242,375,3,1,2,0,1,0,False,True,False,False,False,V0_P1_C0,low,V0_P1_C0__low
005585,train,1242,375,6,5,1,5,0,0,True,False,False,False,False,V1_P0_C0,medium,V1_P0_C0__medium
005586,train,1242,375,5,4,1,4,0,0,True,False,False,False,False,V1_P0_C0,medium,V1_P0_C0__medium
005587,train,1242,375,5,3,2,1,1,1,True,True,True,False,False,V1_P1_C1,low,V1_P1_C1__low
005588,train,1242,375,11,9,2,9,0,0,True,False,False,False,False,V1_P0_C0,high,V1_P0_C0__high
005589,train,1242,375,9,7,2,7,0,0,True,False,False,False,False,V1_P0_C0,high,V1_P0_C0__high
005590,train,1242,375,3,3,0,3,0,0,True,False,False,False,False,V1_P0_C0,low,V1_P0_C0__low
005591,train,1242,375,11,7,4,7,0,0,True,False,False,False,False,V1_P0_C0,high,V1_P0_C0__high
005592,train,1242,375,6,2,4,2,0,0,True,False,False,False,False,V1_P0_C0,low,V1_P0_C0__low
005593,val,1242,375,2,2,0,2,0,0,True,False,False,False,False,V1_P0_C0,low,V1_P0_C0__low
005594,train,1242,375,9,7,2,7,0,0,True,False,False,False,False,V1_P0_C0,high,V1_P0_C0__high
005595,val,1242,375,13,10,3,10,0,0,True,False,False,False,False,V1_P0_C0,high,V1_P0_C0__high
005596,train,1238,374,4,3,1,3,0,0,True,False,False,False,False,V1_P0_C0,low,V1_P0_C0__low
005597,train,1242,375,1,1,0,1,0,0,True,False,False,False,False,V1_P0_C0,low,V1_P0_C0__low
005598,train,1242,375,15,13,2,11,2,0,True,True,False,False,False,V1_P1_C0,high,V1_P1_C0__high
005599,train,1238,374,6,6,0,6,0,0,True,False,False,False,False,V1_P0_C0,medium,V1_P0_C0__medium
005600,train,1242,375,5,4,1,4,0,0,True,False,False,False,False,V1_P0_C0,medium,V1_P0_C0__medium
005601,train,1242,375,3,1,2,0,1,0,False,True,False,False,False,V0_P1_C0,low,V0_P1_C0__low
005602,train,1242,375,9,8,1,7,0,1,True,False,True,False,False,V1_P0_C1,high,V1_P0_C1__high
005603,train,1242,375,3,2,1,2,0,0,True,False,False,False,False,V1_P0_C0,low,V1_P0_C0__low
005604,val,1242,375,14,10,4,1,6,3,True,True,True,False,False,V1_P1_C1,high,V1_P1_C1__high
005605,val,1242,375,6,5,1,5,0,0,True,False,False,False,False,V1_P0_C0,medium,V1_P0_C0__medium
005606,train,1242,375,8,5,3,5,0,0,True,False,False,False,False,V1_P0_C0,medium,V1_P0_C0__medium
005607,train,1242,375,3,2,1,2,0,0,True,False,False,False,False,V1_P0_C0,low,V1_P0_C0__low
005608,val,1224,370,15,13,2,4,8,1,True,True,True,False,False,V1_P1_C1,high,V1_P1_C1__high
005609,train,1242,375,12,11,1,11,0,0,True,False,False,False,False,V1_P0_C0,high,V1_P0_C0__high
005610,train,1242,375,8,6,2,6,0,0,True,False,False,False,False,V1_P0_C0,medium,V1_P0_C0__medium
005611,train,1242,375,3,1,2,1,0,0,True,False,False,False,False,V1_P0_C0,low,V1_P0_C0__low
005612,train,1242,375,6,5,1,4,0,1,True,False,True,False,False,V1_P0_C1,medium,V1_P0_C1__medium
005613,train,1242,375,7,5,2,5,0,0,True,False,False,False,False,V1_P0_C0,medium,V1_P0_C0__medium
005614,val,1242,375,2,1,1,1,0,0,True,False,False,False,False,V1_P0_C0,low,V1_P0_C0__low
005615,train,1242,375,7,3,4,3,0,0,True,False,False,False,False,V1_P0_C0,low,V1_P0_C0__low
005616,val,1242,375,5,4,1,4,0,0,True,False,False,False,False,V1_P0_C0,medium,V1_P0_C0__medium
005617,val,1238,374,12,12,0,1,11,0,True,True,False,False,False,V1_P1_C0,high,V1_P1_C0__high
005618,train,1242,375,8,7,1,7,0,0,True,False,False,False,False,V1_P0_C0,high,V1_P0_C0__high
005619,val,1242,375,5,3,2,2,1,0,True,True,False,False,False,V1_P1_C0,low,V1_P1_C0__low
005620,train,1242,375,7,7,0,7,0,0,True,False,False,False,False,V1_P0_C0,high,V1_P0_C0__high
005621,train,1242,375,8,7,1,6,0,1,True,False,True,False,False,V1_P0_C1,high,V1_P0_C1__high
005622,train,1242,375,13,9,4,7,2,0,True,True,False,False,False,V1_P1_C0,high,V1_P1_C0__high
005623,train,1242,375,9,7,2,7,0,0,True,False,False,False,False,V1_P0_C0,high,V1_P0_C0__high
005624,train,1238,374,5,5,0,5,0,0,True,False,False,False,False,V1_P0_C0,medium,V1_P0_C0__medium
005625,train,1242,375,18,17,1,16,0,1,True,False,True,False,False,V1_P0_C1,high,V1_P0_C1__high
005626,train,1242,375,6,5,1,5,0,0,True,False,False,False,False,V1_P0_C0,medium,V1_P0_C0__medium
005627,val,1242,375,8,6,2,6,0,0,True,False,False,False,False,V1_P0_C0,medium,V1_P0_C0__medium
005628,train,1242,375,13,11,2,11,0,0,True,False,False,False,False,V1_P0_C0,high,V1_P0_C0__high
005629,train,1242,375,4,4,0,4,0,0,True,False,False,False,False,V1_P0_C0,medium,V1_P0_C0__medium
005630,train,1242,375,10,8,2,8,0,0,True,False,False,False,False,V1_P0_C0,high,V1_P0_C0__high
005631,val,1242,375,9,9,0,8,0,1,True,False,True,False,False,V1_P0_C1,high,V1_P0_C1__high
005632,train,1242,375,11,10,1,10,0,0,True,False,False,False,False,V1_P0_C0,high,V1_P0_C0__high
005633,train,1224,370,10,8,2,3,4,1,True,True,True,False,False,V1_P1_C1,high,V1_P1_C1__high
005634,train,1242,375,10,7,3,7,0,0,True,False,False,False,False,V1_P0_C0,high,V1_P0_C0__high
005635,train,1241,376,7,5,2,5,0,0,True,False,False,False,False,V1_P0_C0,medium,V1_P0_C0__medium
005636,train,1242,375,6,6,0,6,0,0,True,False,False,False,False,V1_P0_C0,medium,V1_P0_C0__medium
005637,train,1224,370,1,1,0,0,1,0,False,True,False,False,False,V0_P1_C0,low,V0_P1_C0__low
005638,train,1242,375,6,2,4,2,0,0,True,False,False,False,False,V1_P0_C0,low,V1_P0_C0__low
005639,train,1242,375,11,9,2,9,0,0,True,False,False,False,False,V1_P0_C0,high,V1_P0_C0__high
005640,train,1242,375,5,4,1,4,0,0,True,False,False,False,False,V1_P0_C0,medium,V1_P0_C0__medium
005641,train,1242,375,3,2,1,2,0,0,True,False,False,False,False,V1_P0_C0,low,V1_P0_C0__low
005642,train,1242,375,7,4,3,4,0,0,True,False,False,False,False,V1_P0_C0,medium,V1_P0_C0__medium
005643,train,1242,375,5,5,0,5,0,0,True,False,False,False,False,V1_P0_C0,medium,V1_P0_C0__medium
005644,train,1242,375,2,2,0,2,0,0,True,False,False,False,False,V1_P0_C0,low,V1_P0_C0__low
005645,train,1242,375,7,6,1,6,0,0,True,False,False,False,False,V1_P0_C0,medium,V1_P0_C0__medium
005646,train,1242,375,5,5,0,5,0,0,True,False,False,False,False,V1_P0_C0,medium,V1_P0_C0__medium
005647,train,1224,370,1,1,0,0,1,0,False,True,False,False,False,V0_P1_C0,low,V0_P1_C0__low
005648,train,1242,375,13,13,0,13,0,0,True,False,False,False,False,V1_P0_C0,high,V1_P0_C0__high
005649,train,1242,375,7,3,4,3,0,0,True,False,False,False,False,V1_P0_C0,low,V1_P0_C0__low
005650,train,1242,375,6,3,3,3,0,0,True,False,False,False,False,V1_P0_C0,low,V1_P0_C0__low
005651,train,1242,375,3,2,1,2,0,0,True,False,False,False,False,V1_P0_C0,low,V1_P0_C0__low
005652,train,1241,376,9,8,1,8,0,0,True,False,False,False,False,V1_P0_C0,high,V1_P0_C0__high
005653,train,1242,375,6,4,2,4,0,0,True,False,False,False,False,V1_P0_C0,medium,V1_P0_C0__medium
005654,train,1242,375,12,12,0,11,1,0,True,True,False,False,False,V1_P1_C0,high,V1_P1_C0__high
005655,val,1242,375,1,1,0,1,0,0,True,False,False,False,False,V1_P0_C0,low,V1_P0_C0__low
005656,train,1242,375,6,3,3,2,1,0,True,True,False,False,False,V1_P1_C0,low,V1_P1_C0__low
005657,train,1242,375,2,2,0,2,0,0,True,False,False,False,False,V1_P0_C0,low,V1_P0_C0__low
005658,train,1242,375,4,3,1,3,0,0,True,False,False,False,False,V1_P0_C0,low,V1_P0_C0__low
005659,val,1242,375,6,4,2,4,0,0,True,False,False,False,False,V1_P0_C0,medium,V1_P0_C0__medium
005660,train,1242,375,9,7,2,7,0,0,True,False,False,False,False,V1_P0_C0,high,V1_P0_C0__high
005661,train,1242,375,15,14,1,13,1,0,True,True,False,False,False,V1_P1_C0,high,V1_P1_C0__high
005662,train,1242,375,2,2,0,2,0,0,True,False,False,False,False,V1_P0_C0,low,V1_P0_C0__low
005663,train,1224,370,22,21,1,4,13,4,True,True,True,False,False,V1_P1_C1,high,V1_P1_C1__high
005664,train,1242,375,9,7,2,7,0,0,True,False,False,False,False,V1_P0_C0,high,V1_P0_C0__high
005665,train,1224,370,12,10,2,0,7,3,False,True,True,False,False,V0_P1_C1,high,V0_P1_C1__high
005666,train,1242,375,11,10,1,7,3,0,True,True,False,False,False,V1_P1_C0,high,V1_P1_C0__high
005667,train,1242,375,8,6,2,6,0,0,True,False,False,False,False,V1_P0_C0,medium,V1_P0_C0__medium
005668,train,1242,375,9,8,1,8,0,0,True,False,False,False,False,V1_P0_C0,high,V1_P0_C0__high
005669,val,1242,375,7,5,2,4,0,1,True,False,True,False,False,V1_P0_C1,medium,V1_P0_C1__medium
005670,train,1224,370,8,4,4,0,4,0,False,True,False,False,False,V0_P1_C0,medium,V0_P1_C0__medium
005671,val,1242,375,6,1,5,0,1,0,False,True,False,False,False,V0_P1_C0,low,V0_P1_C0__low
005672,val,1242,375,6,4,2,4,0,0,True,False,False,False,False,V1_P0_C0,medium,V1_P0_C0__medium
005673,train,1242,375,3,3,0,2,1,0,True,True,False,False,False,V1_P1_C0,low,V1_P1_C0__low
005674,train,1242,375,16,16,0,16,0,0,True,False,False,False,False,V1_P0_C0,high,V1_P0_C0__high
005675,train,1242,375,9,6,3,6,0,0,True,False,False,False,False,V1_P0_C0,medium,V1_P0_C0__medium
005676,train,1242,375,3,2,1,2,0,0,True,False,False,False,False,V1_P0_C0,low,V1_P0_C0__low
005677,train,1242,375,9,7,2,6,0,1,True,False,True,False,False,V1_P0_C1,high,V1_P0_C1__high
005678,train,1242,375,2,2,0,2,0,0,True,False,False,False,False,V1_P0_C0,low,V1_P0_C0__low
005679,train,1242,375,5,2,3,2,0,0,True,False,False,False,False,V1_P0_C0,low,V1_P0_C0__low
005680,train,1241,376,9,9,0,9,0,0,True,False,False,False,False,V1_P0_C0,high,V1_P0_C0__high
005681,val,1242,375,2,1,1,1,0,0,True,False,False,False,False,V1_P0_C0,low,V1_P0_C0__low
005682,train,1242,375,15,15,0,14,1,0,True,True,False,False,False,V1_P1_C0,high,V1_P1_C0__high
005683,train,1224,370,1,1,0,0,1,0,False,True,False,False,False,V0_P1_C0,low,V0_P1_C0__low
005684,val,1242,375,6,3,3,3,0,0,True,False,False,False,False,V1_P0_C0,low,V1_P0_C0__low
005685,val,1241,376,8,6,2,6,0,0,True,False,False,False,False,V1_P0_C0,medium,V1_P0_C0__medium
005686,val,1224,370,1,1,0,0,1,0,False,True,False,False,False,V0_P1_C0,low,V0_P1_C0__low
005687,train,1242,375,8,7,1,6,0,1,True,False,True,False,False,V1_P0_C1,high,V1_P0_C1__high
005688,train,1242,375,6,5,1,1,4,0,True,True,False,False,False,V1_P1_C0,medium,V1_P1_C0__medium
005689,val,1242,375,5,4,1,4,0,0,True,False,False,False,False,V1_P0_C0,medium,V1_P0_C0__medium
005690,val,1242,375,3,3,0,1,1,1,True,True,True,False,False,V1_P1_C1,low,V1_P1_C1__low
005691,train,1242,375,14,14,0,14,0,0,True,False,False,False,False,V1_P0_C0,high,V1_P0_C0__high
005692,train,1242,375,16,14,2,2,9,3,True,True,True,False,False,V1_P1_C1,high,V1_P1_C1__high
005693,train,1242,375,8,7,1,6,0,1,True,False,True,False,False,V1_P0_C1,high,V1_P0_C1__high
005694,train,1242,375,4,3,1,3,0,0,True,False,False,False,False,V1_P0_C0,low,V1_P0_C0__low
005695,train,1242,375,13,11,2,11,0,0,True,False,False,False,False,V1_P0_C0,high,V1_P0_C0__high
005696,train,1224,370,12,9,3,0,5,4,False,True,True,False,False,V0_P1_C1,high,V0_P1_C1__high
005697,train,1242,375,4,4,0,4,0,0,True,False,False,False,False,V1_P0_C0,medium,V1_P0_C0__medium
005698,train,1242,375,5,3,2,3,0,0,True,False,False,False,False,V1_P0_C0,low,V1_P0_C0__low
005699,train,1242,375,3,1,2,0,1,0,False,True,False,False,False,V0_P1_C0,low,V0_P1_C0__low
005700,val,1241,376,12,10,2,10,0,0,True,False,False,False,False,V1_P0_C0,high,V1_P0_C0__high
005701,val,1242,375,3,2,1,2,0,0,True,False,False,False,False,V1_P0_C0,low,V1_P0_C0__low
005702,train,1242,375,2,1,1,1,0,0,True,False,False,False,False,V1_P0_C0,low,V1_P0_C0__low
005703,train,1242,375,4,3,1,3,0,0,True,False,False,False,False,V1_P0_C0,low,V1_P0_C0__low
005704,train,1242,375,5,5,0,5,0,0,True,False,False,False,False,V1_P0_C0,medium,V1_P0_C0__medium
005705,train,1242,375,9,7,2,7,0,0,True,False,False,False,False,V1_P0_C0,high,V1_P0_C0__high
005706,train,1241,376,7,4,3,4,0,0,True,False,False,False,False,V1_P0_C0,medium,V1_P0_C0__medium
005707,train,1242,375,7,5,2,5,0,0,True,False,False,False,False,V1_P0_C0,medium,V1_P0_C0__medium
005708,train,1242,375,4,3,1,3,0,0,True,False,False,False,False,V1_P0_C0,low,V1_P0_C0__low
005709,train,1242,375,5,4,1,4,0,0,True,False,False,False,False,V1_P0_C0,medium,V1_P0_C0__medium
005710,train,1242,375,3,2,1,2,0,0,True,False,False,False,False,V1_P0_C0,low,V1_P0_C0__low
005711,val,1224,370,1,1,0,0,1,0,False,True,False,False,False,V0_P1_C0,low,V0_P1_C0__low
005712,train,1242,375,7,4,3,4,0,0,True,False,False,False,False,V1_P0_C0,medium,V1_P0_C0__medium
005713,val,1242,375,5,2,3,1,0,1,True,False,True,False,False,V1_P0_C1,low,V1_P0_C1__low
005714,train,1238,374,11,11,0,1,10,0,True,True,False,False,False,V1_P1_C0,high,V1_P1_C0__high
005715,train,1242,375,7,2,5,2,0,0,True,False,False,False,False,V1_P0_C0,low,V1_P0_C0__low
005716,train,1242,375,4,4,0,4,0,0,True,False,False,False,False,V1_P0_C0,medium,V1_P0_C0__medium
005717,train,1242,375,14,9,5,9,0,0,True,False,False,False,False,V1_P0_C0,high,V1_P0_C0__high
005718,train,1242,375,10,9,1,6,3,0,True,True,False,False,False,V1_P1_C0,high,V1_P1_C0__high
005719,train,1242,375,9,7,2,6,0,1,True,False,True,False,False,V1_P0_C1,high,V1_P0_C1__high
005720,train,1242,375,7,5,2,5,0,0,True,False,False,False,False,V1_P0_C0,medium,V1_P0_C0__medium
005721,train,1242,375,10,7,3,7,0,0,True,False,False,False,False,V1_P0_C0,high,V1_P0_C0__high
005722,train,1238,374,6,6,0,6,0,0,True,False,False,False,False,V1_P0_C0,medium,V1_P0_C0__medium
005723,val,1242,375,4,3,1,3,0,0,True,False,False,False,False,V1_P0_C0,low,V1_P0_C0__low
005724,train,1224,370,1,1,0,0,1,0,False,True,False,False,False,V0_P1_C0,low,V0_P1_C0__low
005725,val,1242,375,7,5,2,5,0,0,True,False,False,False,False,V1_P0_C0,medium,V1_P0_C0__medium
005726,train,1242,375,1,1,0,1,0,0,True,False,False,False,False,V1_P0_C0,low,V1_P0_C0__low
005727,val,1242,375,5,3,2,3,0,0,True,False,False,False,False,V1_P0_C0,low,V1_P0_C0__low
005728,val,1241,376,11,10,1,10,0,0,True,False,False,False,False,V1_P0_C0,high,V1_P0_C0__high
005729,train,1242,375,14,12,2,12,0,0,True,False,False,False,False,V1_P0_C0,high,V1_P0_C0__high
005730,train,1242,375,9,7,2,7,0,0,True,False,False,False,False,V1_P0_C0,high,V1_P0_C0__high
005731,train,1242,375,1,1,0,1,0,0,True,False,False,False,False,V1_P0_C0,low,V1_P0_C0__low
005732,train,1242,375,12,11,1,11,0,0,True,False,False,False,False,V1_P0_C0,high,V1_P0_C0__high
005733,train,1242,375,3,3,0,2,1,0,True,True,False,False,False,V1_P1_C0,low,V1_P1_C0__low
005734,train,1242,375,5,5,0,5,0,0,True,False,False,False,False,V1_P0_C0,medium,V1_P0_C0__medium
005735,train,1224,370,1,1,0,0,1,0,False,True,False,False,False,V0_P1_C0,low,V0_P1_C0__low
005736,val,1242,375,4,4,0,4,0,0,True,False,False,False,False,V1_P0_C0,medium,V1_P0_C0__medium
005737,train,1242,375,8,7,1,7,0,0,True,False,False,False,False,V1_P0_C0,high,V1_P0_C0__high
005738,train,1242,375,5,3,2,3,0,0,True,False,False,False,False,V1_P0_C0,low,V1_P0_C0__low
005739,train,1242,375,6,5,1,5,0,0,True,False,False,False,False,V1_P0_C0,medium,V1_P0_C0__medium
005740,train,1242,375,1,1,0,1,0,0,True,False,False,False,False,V1_P0_C0,low,V1_P0_C0__low
005741,train,1242,375,6,4,2,4,0,0,True,False,False,False,False,V1_P0_C0,medium,V1_P0_C0__medium
005742,val,1242,375,3,3,0,3,0,0,True,False,False,False,False,V1_P0_C0,low,V1_P0_C0__low
005743,val,1238,374,10,7,3,0,7,0,False,True,False,False,False,V0_P1_C0,high,V0_P1_C0__high
005744,train,1224,370,1,1,0,0,1,0,False,True,False,False,False,V0_P1_C0,low,V0_P1_C0__low
005745,train,1242,375,2,1,1,1,0,0,True,False,False,False,False,V1_P0_C0,low,V1_P0_C0__low
005746,train,1224,370,1,1,0,0,1,0,False,True,False,False,False,V0_P1_C0,low,V0_P1_C0__low
005747,train,1242,375,2,2,0,2,0,0,True,False,False,False,False,V1_P0_C0,low,V1_P0_C0__low
005748,train,1242,375,15,14,1,14,0,0,True,False,False,False,False,V1_P0_C0,high,V1_P0_C0__high
005749,train,1242,375,2,1,1,1,0,0,True,False,False,False,False,V1_P0_C0,low,V1_P0_C0__low
005750,val,1242,375,6,2,4,1,0,1,True,False,True,False,False,V1_P0_C1,low,V1_P0_C1__low
005751,train,1242,375,12,7,5,7,0,0,True,False,False,False,False,V1_P0_C0,high,V1_P0_C0__high
005752,train,1242,375,5,4,1,4,0,0,True,False,False,False,False,V1_P0_C0,medium,V1_P0_C0__medium
005753,train,1242,375,1,1,0,1,0,0,True,False,False,False,False,V1_P0_C0,low,V1_P0_C0__low
005754,val,1241,376,12,11,1,11,0,0,True,False,False,False,False,V1_P0_C0,high,V1_P0_C0__high
005755,val,1238,374,5,5,0,5,0,0,True,False,False,False,False,V1_P0_C0,medium,V1_P0_C0__medium
005756,train,1242,375,1,1,0,1,0,0,True,False,False,False,False,V1_P0_C0,low,V1_P0_C0__low
005757,train,1242,375,13,10,3,10,0,0,True,False,False,False,False,V1_P0_C0,high,V1_P0_C0__high
005758,train,1242,375,6,3,3,3,0,0,True,False,False,False,False,V1_P0_C0,low,V1_P0_C0__low
005759,train,1242,375,6,5,1,5,0,0,True,False,False,False,False,V1_P0_C0,medium,V1_P0_C0__medium
005760,train,1224,370,1,1,0,0,1,0,False,True,False,False,False,V0_P1_C0,low,V0_P1_C0__low
005761,val,1242,375,13,11,2,11,0,0,True,False,False,False,False,V1_P0_C0,high,V1_P0_C0__high
005762,train,1242,375,16,14,2,13,0,1,True,False,True,False,False,V1_P0_C1,high,V1_P0_C1__high
005763,val,1224,370,5,3,2,2,0,1,True,False,True,False,False,V1_P0_C1,low,V1_P0_C1__low
005764,train,1242,375,15,14,1,14,0,0,True,False,False,False,False,V1_P0_C0,high,V1_P0_C0__high
005765,train,1238,374,5,4,1,4,0,0,True,False,False,False,False,V1_P0_C0,medium,V1_P0_C0__medium
005766,train,1242,375,10,7,3,4,0,3,True,False,True,False,False,V1_P0_C1,high,V1_P0_C1__high
005767,val,1242,375,2,1,1,1,0,0,True,False,False,False,False,V1_P0_C0,low,V1_P0_C0__low
005768,val,1242,375,2,1,1,1,0,0,True,False,False,False,False,V1_P0_C0,low,V1_P0_C0__low
005769,train,1242,375,7,3,4,2,0,1,True,False,True,False,False,V1_P0_C1,low,V1_P0_C1__low
005770,train,1242,375,6,5,1,4,0,1,True,False,True,False,False,V1_P0_C1,medium,V1_P0_C1__medium
005771,val,1242,375,12,9,3,7,2,0,True,True,False,False,False,V1_P1_C0,high,V1_P1_C0__high
005772,train,1242,375,5,4,1,4,0,0,True,False,False,False,False,V1_P0_C0,medium,V1_P0_C0__medium
005773,train,1242,375,13,11,2,9,1,1,True,True,True,False,False,V1_P1_C1,high,V1_P1_C1__high
005774,val,1242,375,8,8,0,8,0,0,True,False,False,False,False,V1_P0_C0,high,V1_P0_C0__high
005775,train,1242,375,3,3,0,3,0,0,True,False,False,False,False,V1_P0_C0,low,V1_P0_C0__low
005776,val,1242,375,6,1,5,1,0,0,True,False,False,False,False,V1_P0_C0,low,V1_P0_C0__low
005777,val,1242,375,10,9,1,9,0,0,True,False,False,False,False,V1_P0_C0,high,V1_P0_C0__high
005778,val,1242,375,6,6,0,5,0,1,True,False,True,False,False,V1_P0_C1,medium,V1_P0_C1__medium
005779,train,1224,370,1,1,0,0,1,0,False,True,False,False,False,V0_P1_C0,low,V0_P1_C0__low
005780,train,1242,375,9,7,2,7,0,0,True,False,False,False,False,V1_P0_C0,high,V1_P0_C0__high
005781,train,1242,375,6,6,0,6,0,0,True,False,False,False,False,V1_P0_C0,medium,V1_P0_C0__medium
005782,train,1242,375,5,3,2,3,0,0,True,False,False,False,False,V1_P0_C0,low,V1_P0_C0__low
005783,train,1242,375,2,2,0,2,0,0,True,False,False,False,False,V1_P0_C0,low,V1_P0_C0__low
005784,train,1242,375,6,6,0,4,1,1,True,True,True,False,False,V1_P1_C1,medium,V1_P1_C1__medium
005785,train,1242,375,7,3,4,3,0,0,True,False,False,False,False,V1_P0_C0,low,V1_P0_C0__low
005786,train,1242,375,5,2,3,2,0,0,True,False,False,False,False,V1_P0_C0,low,V1_P0_C0__low
005787,train,1242,375,6,4,2,4,0,0,True,False,False,False,False,V1_P0_C0,medium,V1_P0_C0__medium
005788,val,1242,375,6,6,0,6,0,0,True,False,False,False,False,V1_P0_C0,medium,V1_P0_C0__medium
005789,train,1242,375,3,1,2,1,0,0,True,False,False,False,False,V1_P0_C0,low,V1_P0_C0__low
005790,train,1224,370,5,3,2,2,0,1,True,False,True,False,False,V1_P0_C1,low,V1_P0_C1__low
005791,val,1242,375,11,11,0,10,1,0,True,True,False,False,False,V1_P1_C0,high,V1_P1_C0__high
005792,train,1242,375,4,2,2,2,0,0,True,False,False,False,False,V1_P0_C0,low,V1_P0_C0__low
005793,train,1242,375,5,5,0,4,1,0,True,True,False,False,False,V1_P1_C0,medium,V1_P1_C0__medium
005794,train,1242,375,4,4,0,4,0,0,True,False,False,False,False,V1_P0_C0,medium,V1_P0_C0__medium
005795,train,1242,375,9,6,3,6,0,0,True,False,False,False,False,V1_P0_C0,medium,V1_P0_C0__medium
005796,train,1224,370,5,4,1,3,0,1,True,False,True,False,False,V1_P0_C1,medium,V1_P0_C1__medium
005797,val,1242,375,9,6,3,6,0,0,True,False,False,False,False,V1_P0_C0,medium,V1_P0_C0__medium
005798,train,1242,375,6,5,1,5,0,0,True,False,False,False,False,V1_P0_C0,medium,V1_P0_C0__medium
005799,train,1242,375,2,2,0,2,0,0,True,False,False,False,False,V1_P0_C0,low,V1_P0_C0__low
005800,train,1242,375,10,8,2,7,0,1,True,False,True,False,False,V1_P0_C1,high,V1_P0_C1__high
005801,train,1224,370,1,1,0,0,1,0,False,True,False,False,False,V0_P1_C0,low,V0_P1_C0__low
005802,train,1242,375,9,5,4,5,0,0,True,False,False,False,False,V1_P0_C0,medium,V1_P0_C0__medium
005803,train,1242,375,16,14,2,14,0,0,True,False,False,False,False,V1_P0_C0,high,V1_P0_C0__high
005804,train,1224,370,2,2,0,1,1,0,True,True,False,False,False,V1_P1_C0,low,V1_P1_C0__low
005805,train,1242,375,2,1,1,1,0,0,True,False,False,False,False,V1_P0_C0,low,V1_P0_C0__low
005806,train,1224,370,1,1,0,0,1,0,False,True,False,False,False,V0_P1_C0,low,V0_P1_C0__low
005807,train,1242,375,7,4,3,4,0,0,True,False,False,False,False,V1_P0_C0,medium,V1_P0_C0__medium
005808,train,1224,370,2,2,0,1,1,0,True,True,False,False,False,V1_P1_C0,low,V1_P1_C0__low
005809,train,1242,375,2,1,1,1,0,0,True,False,False,False,False,V1_P0_C0,low,V1_P0_C0__low
005810,train,1242,375,6,1,5,1,0,0,True,False,False,False,False,V1_P0_C0,low,V1_P0_C0__low
005811,val,1241,376,8,6,2,6,0,0,True,False,False,False,False,V1_P0_C0,medium,V1_P0_C0__medium
005812,val,1238,374,9,5,4,0,5,0,False,True,False,False,False,V0_P1_C0,medium,V0_P1_C0__medium
005813,train,1242,375,9,4,5,0,4,0,False,True,False,False,False,V0_P1_C0,medium,V0_P1_C0__medium
005814,train,1242,375,7,5,2,5,0,0,True,False,False,False,False,V1_P0_C0,medium,V1_P0_C0__medium
005815,train,1242,375,5,4,1,4,0,0,True,False,False,False,False,V1_P0_C0,medium,V1_P0_C0__medium
005816,train,1242,375,1,1,0,1,0,0,True,False,False,False,False,V1_P0_C0,low,V1_P0_C0__low
005817,train,1224,370,1,1,0,0,1,0,False,True,False,False,False,V0_P1_C0,low,V0_P1_C0__low
005818,train,1242,375,3,1,2,0,1,0,False,True,False,False,False,V0_P1_C0,low,V0_P1_C0__low
005819,train,1242,375,6,6,0,6,0,0,True,False,False,False,False,V1_P0_C0,medium,V1_P0_C0__medium
005820,val,1242,375,6,5,1,5,0,0,True,False,False,False,False,V1_P0_C0,medium,V1_P0_C0__medium
005821,train,1242,375,3,3,0,3,0,0,True,False,False,False,False,V1_P0_C0,low,V1_P0_C0__low
005822,train,1242,375,9,7,2,6,0,1,True,False,True,False,False,V1_P0_C1,high,V1_P0_C1__high
005823,train,1242,375,3,3,0,2,0,1,True,False,True,False,False,V1_P0_C1,low,V1_P0_C1__low
005824,val,1242,375,7,4,3,0,4,0,False,True,False,False,False,V0_P1_C0,medium,V0_P1_C0__medium
005825,train,1224,370,8,8,0,1,5,2,True,True,True,False,False,V1_P1_C1,high,V1_P1_C1__high
005826,train,1242,375,2,1,1,1,0,0,True,False,False,False,False,V1_P0_C0,low,V1_P0_C0__low
005827,val,1242,375,7,3,4,3,0,0,True,False,False,False,False,V1_P0_C0,low,V1_P0_C0__low
005828,train,1242,375,2,2,0,2,0,0,True,False,False,False,False,V1_P0_C0,low,V1_P0_C0__low
005829,train,1242,375,6,6,0,5,1,0,True,True,False,False,False,V1_P1_C0,medium,V1_P1_C0__medium
005830,train,1242,375,7,6,1,6,0,0,True,False,False,False,False,V1_P0_C0,medium,V1_P0_C0__medium
005831,train,1242,375,11,9,2,9,0,0,True,False,False,False,False,V1_P0_C0,high,V1_P0_C0__high
005832,val,1242,375,7,6,1,6,0,0,True,False,False,False,False,V1_P0_C0,medium,V1_P0_C0__medium
005833,val,1242,375,7,7,0,7,0,0,True,False,False,False,False,V1_P0_C0,high,V1_P0_C0__high
005834,train,1241,376,11,9,2,9,0,0,True,False,False,False,False,V1_P0_C0,high,V1_P0_C0__high
005835,train,1224,370,1,1,0,0,1,0,False,True,False,False,False,V0_P1_C0,low,V0_P1_C0__low
005836,train,1224,370,5,4,1,2,2,0,True,True,False,False,False,V1_P1_C0,medium,V1_P1_C0__medium
005837,train,1242,375,8,5,3,0,5,0,False,True,False,False,False,V0_P1_C0,medium,V0_P1_C0__medium
005838,train,1224,370,11,8,3,4,3,1,True,True,True,False,False,V1_P1_C1,high,V1_P1_C1__high
005839,val,1241,376,7,3,4,3,0,0,True,False,False,False,False,V1_P0_C0,low,V1_P0_C0__low
005840,train,1224,370,10,9,1,3,4,2,True,True,True,False,False,V1_P1_C1,high,V1_P1_C1__high
005841,train,1242,375,4,3,1,3,0,0,True,False,False,False,False,V1_P0_C0,low,V1_P0_C0__low
005842,train,1242,375,7,6,1,6,0,0,True,False,False,False,False,V1_P0_C0,medium,V1_P0_C0__medium
005843,train,1242,375,12,10,2,8,0,2,True,False,True,False,False,V1_P0_C1,high,V1_P0_C1__high
005844,val,1242,375,9,6,3,6,0,0,True,False,False,False,False,V1_P0_C0,medium,V1_P0_C0__medium
005845,train,1242,375,3,2,1,2,0,0,True,False,False,False,False,V1_P0_C0,low,V1_P0_C0__low
005846,train,1242,375,10,8,2,2,4,2,True,True,True,False,False,V1_P1_C1,high,V1_P1_C1__high
005847,train,1242,375,5,5,0,4,0,1,True,False,True,False,False,V1_P0_C1,medium,V1_P0_C1__medium
005848,train,1242,375,10,9,1,9,0,0,True,False,False,False,False,V1_P0_C0,high,V1_P0_C0__high
005849,train,1242,375,9,8,1,7,0,1,True,False,True,False,False,V1_P0_C1,high,V1_P0_C1__high
005850,val,1242,375,5,2,3,2,0,0,True,False,False,False,False,V1_P0_C0,low,V1_P0_C0__low
005851,train,1242,375,2,2,0,2,0,0,True,False,False,False,False,V1_P0_C0,low,V1_P0_C0__low
005852,train,1242,375,5,4,1,3,0,1,True,False,True,False,False,V1_P0_C1,medium,V1_P0_C1__medium
005853,train,1242,375,15,15,0,14,1,0,True,True,False,False,False,V1_P1_C0,high,V1_P1_C0__high
005854,val,1242,375,4,2,2,2,0,0,True,False,False,False,False,V1_P0_C0,low,V1_P0_C0__low
005855,val,1241,376,10,9,1,9,0,0,True,False,False,False,False,V1_P0_C0,high,V1_P0_C0__high
005856,val,1242,375,6,1,5,0,1,0,False,True,False,False,False,V0_P1_C0,low,V0_P1_C0__low
005857,val,1242,375,4,2,2,2,0,0,True,False,False,False,False,V1_P0_C0,low,V1_P0_C0__low
005858,train,1242,375,15,13,2,13,0,0,True,False,False,False,False,V1_P0_C0,high,V1_P0_C0__high
005859,train,1242,375,5,3,2,3,0,0,True,False,False,False,False,V1_P0_C0,low,V1_P0_C0__low
005860,train,1242,375,9,6,3,6,0,0,True,False,False,False,False,V1_P0_C0,medium,V1_P0_C0__medium
005861,train,1242,375,5,4,1,4,0,0,True,False,False,False,False,V1_P0_C0,medium,V1_P0_C0__medium
005862,train,1242,375,5,2,3,2,0,0,True,False,False,False,False,V1_P0_C0,low,V1_P0_C0__low
005863,train,1242,375,4,3,1,3,0,0,True,False,False,False,False,V1_P0_C0,low,V1_P0_C0__low
005864,train,1242,375,11,9,2,8,1,0,True,True,False,False,False,V1_P1_C0,high,V1_P1_C0__high
005865,train,1242,375,4,4,0,4,0,0,True,False,False,False,False,V1_P0_C0,medium,V1_P0_C0__medium
005866,train,1242,375,18,16,2,13,2,1,True,True,True,False,False,V1_P1_C1,high,V1_P1_C1__high
005867,train,1242,375,4,1,3,1,0,0,True,False,False,False,False,V1_P0_C0,low,V1_P0_C0__low
005868,train,1242,375,11,10,1,10,0,0,True,False,False,False,False,V1_P0_C0,high,V1_P0_C0__high
005869,train,1242,375,3,1,2,1,0,0,True,False,False,False,False,V1_P0_C0,low,V1_P0_C0__low
005870,val,1242,375,5,5,0,5,0,0,True,False,False,False,False,V1_P0_C0,medium,V1_P0_C0__medium
005871,train,1242,375,6,6,0,6,0,0,True,False,False,False,False,V1_P0_C0,medium,V1_P0_C0__medium
005872,train,1242,375,8,5,3,5,0,0,True,False,False,False,False,V1_P0_C0,medium,V1_P0_C0__medium
005873,train,1242,375,6,4,2,3,0,1,True,False,True,False,False,V1_P0_C1,medium,V1_P0_C1__medium
005874,train,1242,375,4,4,0,4,0,0,True,False,False,False,False,V1_P0_C0,medium,V1_P0_C0__medium
005875,train,1238,374,2,1,1,1,0,0,True,False,False,False,False,V1_P0_C0,low,V1_P0_C0__low
005876,train,1242,375,6,6,0,4,1,1,True,True,True,False,False,V1_P1_C1,medium,V1_P1_C1__medium
005877,train,1238,374,6,6,0,6,0,0,True,False,False,False,False,V1_P0_C0,medium,V1_P0_C0__medium
005878,train,1242,375,10,4,6,3,1,0,True,True,False,False,False,V1_P1_C0,medium,V1_P1_C0__medium
005879,train,1242,375,4,3,1,3,0,0,True,False,False,False,False,V1_P0_C0,low,V1_P0_C0__low
005880,train,1242,375,7,6,1,2,3,1,True,True,True,False,False,V1_P1_C1,medium,V1_P1_C1__medium
005881,train,1242,375,11,10,1,7,3,0,True,True,False,False,False,V1_P1_C0,high,V1_P1_C0__high
005882,train,1242,375,5,3,2,2,0,1,True,False,True,False,False,V1_P0_C1,low,V1_P0_C1__low
005883,val,1242,375,2,1,1,1,0,0,True,False,False,False,False,V1_P0_C0,low,V1_P0_C0__low
005884,train,1242,375,5,4,1,4,0,0,True,False,False,False,False,V1_P0_C0,medium,V1_P0_C0__medium
005885,train,1242,375,8,6,2,6,0,0,True,False,False,False,False,V1_P0_C0,medium,V1_P0_C0__medium
005886,train,1242,375,9,7,2,7,0,0,True,False,False,False,False,V1_P0_C0,high,V1_P0_C0__high
005887,train,1242,375,2,1,1,1,0,0,True,False,False,False,False,V1_P0_C0,low,V1_P0_C0__low
005888,train,1224,370,1,1,0,0,1,0,False,True,False,False,False,V0_P1_C0,low,V0_P1_C0__low
005889,train,1242,375,6,4,2,4,0,0,True,False,False,False,False,V1_P0_C0,medium,V1_P0_C0__medium
005890,train,1242,375,8,8,0,7,1,0,True,True,False,False,False,V1_P1_C0,high,V1_P1_C0__high
005891,train,1242,375,10,10,0,6,4,0,True,True,False,False,False,V1_P1_C0,high,V1_P1_C0__high
005892,train,1242,375,11,10,1,10,0,0,True,False,False,False,False,V1_P0_C0,high,V1_P0_C0__high
005893,train,1241,376,7,6,1,6,0,0,True,False,False,False,False,V1_P0_C0,medium,V1_P0_C0__medium
005894,train,1242,375,2,2,0,2,0,0,True,False,False,False,False,V1_P0_C0,low,V1_P0_C0__low
005895,train,1242,375,3,3,0,2,0,1,True,False,True,False,False,V1_P0_C1,low,V1_P0_C1__low
005896,val,1242,375,2,1,1,1,0,0,True,False,False,False,False,V1_P0_C0,low,V1_P0_C0__low
005897,train,1242,375,4,4,0,4,0,0,True,False,False,False,False,V1_P0_C0,medium,V1_P0_C0__medium
005898,train,1242,375,4,3,1,2,0,1,True,False,True,False,False,V1_P0_C1,low,V1_P0_C1__low
005899,val,1224,370,2,2,0,1,1,0,True,True,False,False,False,V1_P1_C0,low,V1_P1_C0__low
005900,train,1242,375,12,8,4,8,0,0,True,False,False,False,False,V1_P0_C0,high,V1_P0_C0__high
005901,train,1242,375,13,11,2,11,0,0,True,False,False,False,False,V1_P0_C0,high,V1_P0_C0__high
005902,val,1224,370,6,6,0,2,2,2,True,True,True,False,False,V1_P1_C1,medium,V1_P1_C1__medium
005903,train,1242,375,12,10,2,10,0,0,True,False,False,False,False,V1_P0_C0,high,V1_P0_C0__high
005904,train,1242,375,4,3,1,3,0,0,True,False,False,False,False,V1_P0_C0,low,V1_P0_C0__low
005905,val,1238,374,9,6,3,0,6,0,False,True,False,False,False,V0_P1_C0,medium,V0_P1_C0__medium
005906,train,1242,375,3,3,0,3,0,0,True,False,False,False,False,V1_P0_C0,low,V1_P0_C0__low
005907,train,1242,375,2,1,1,1,0,0,True,False,False,False,False,V1_P0_C0,low,V1_P0_C0__low
005908,val,1242,375,8,8,0,8,0,0,True,False,False,False,False,V1_P0_C0,high,V1_P0_C0__high
005909,train,1242,375,11,7,4,7,0,0,True,False,False,False,False,V1_P0_C0,high,V1_P0_C0__high
005910,train,1238,374,10,6,4,0,4,2,False,True,True,False,False,V0_P1_C1,medium,V0_P1_C1__medium
005911,train,1242,375,6,5,1,5,0,0,True,False,False,False,False,V1_P0_C0,medium,V1_P0_C0__medium
005912,train,1242,375,4,2,2,1,0,1,True,False,True,False,False,V1_P0_C1,low,V1_P0_C1__low
005913,train,1241,376,6,5,1,5,0,0,True,False,False,False,False,V1_P0_C0,medium,V1_P0_C0__medium
005914,train,1242,375,8,5,3,3,0,2,True,False,True,False,False,V1_P0_C1,medium,V1_P0_C1__medium
005915,train,1242,375,14,12,2,10,1,1,True,True,True,False,False,V1_P1_C1,high,V1_P1_C1__high
005916,val,1242,375,4,2,2,2,0,0,True,False,False,False,False,V1_P0_C0,low,V1_P0_C0__low
005917,train,1242,375,11,9,2,9,0,0,True,False,False,False,False,V1_P0_C0,high,V1_P0_C0__high
005918,val,1242,375,11,6,5,5,1,0,True,True,False,False,False,V1_P1_C0,medium,V1_P1_C0__medium
005919,val,1242,375,10,9,1,9,0,0,True,False,False,False,False,V1_P0_C0,high,V1_P0_C0__high
005920,train,1242,375,8,7,1,4,2,1,True,True,True,False,False,V1_P1_C1,high,V1_P1_C1__high
005921,train,1242,375,6,4,2,4,0,0,True,False,False,False,False,V1_P0_C0,medium,V1_P0_C0__medium
005922,train,1242,375,7,5,2,5,0,0,True,False,False,False,False,V1_P0_C0,medium,V1_P0_C0__medium
005923,train,1242,375,7,4,3,4,0,0,True,False,False,False,False,V1_P0_C0,medium,V1_P0_C0__medium
005924,train,1224,370,1,1,0,0,1,0,False,True,False,False,False,V0_P1_C0,low,V0_P1_C0__low
005925,val,1242,375,3,2,1,2,0,0,True,False,False,False,False,V1_P0_C0,low,V1_P0_C0__low
005926,train,1242,375,8,4,4,4,0,0,True,False,False,False,False,V1_P0_C0,medium,V1_P0_C0__medium
005927,train,1242,375,16,9,7,9,0,0,True,False,False,False,False,V1_P0_C0,high,V1_P0_C0__high
005928,train,1242,375,8,8,0,7,0,1,True,False,True,False,False,V1_P0_C1,high,V1_P0_C1__high
005929,train,1242,375,16,16,0,16,0,0,True,False,False,False,False,V1_P0_C0,high,V1_P0_C0__high
005930,train,1242,375,1,1,0,1,0,0,True,False,False,False,False,V1_P0_C0,low,V1_P0_C0__low
005931,train,1224,370,1,1,0,0,1,0,False,True,False,False,False,V0_P1_C0,low,V0_P1_C0__low
005932,train,1242,375,8,6,2,6,0,0,True,False,False,False,False,V1_P0_C0,medium,V1_P0_C0__medium
005933,train,1242,375,4,3,1,2,1,0,True,True,False,False,False,V1_P1_C0,low,V1_P1_C0__low
005934,train,1224,370,5,5,0,2,1,2,True,True,True,False,False,V1_P1_C1,medium,V1_P1_C1__medium
005935,train,1241,376,13,11,2,11,0,0,True,False,False,False,False,V1_P0_C0,high,V1_P0_C0__high
005936,train,1242,375,12,10,2,10,0,0,True,False,False,False,False,V1_P0_C0,high,V1_P0_C0__high
005937,train,1224,370,1,1,0,0,1,0,False,True,False,False,False,V0_P1_C0,low,V0_P1_C0__low
005938,train,1242,375,5,2,3,2,0,0,True,False,False,False,False,V1_P0_C0,low,V1_P0_C0__low
005939,train,1242,375,5,2,3,2,0,0,True,False,False,False,False,V1_P0_C0,low,V1_P0_C0__low
005940,train,1242,375,15,11,4,11,0,0,True,False,False,False,False,V1_P0_C0,high,V1_P0_C0__high
005941,train,1242,375,2,1,1,1,0,0,True,False,False,False,False,V1_P0_C0,low,V1_P0_C0__low
005942,train,1238,374,4,4,0,4,0,0,True,False,False,False,False,V1_P0_C0,medium,V1_P0_C0__medium
005943,train,1242,375,4,4,0,4,0,0,True,False,False,False,False,V1_P0_C0,medium,V1_P0_C0__medium
005944,train,1242,375,6,2,4,1,0,1,True,False,True,False,False,V1_P0_C1,low,V1_P0_C1__low
005945,train,1242,375,7,2,5,0,2,0,False,True,False,False,False,V0_P1_C0,low,V0_P1_C0__low
005946,train,1242,375,17,14,3,14,0,0,True,False,False,False,False,V1_P0_C0,high,V1_P0_C0__high
005947,train,1242,375,5,4,1,4,0,0,True,False,False,False,False,V1_P0_C0,medium,V1_P0_C0__medium
005948,train,1242,375,19,18,1,17,0,1,True,False,True,False,False,V1_P0_C1,high,V1_P0_C1__high
005949,train,1242,375,12,9,3,8,1,0,True,True,False,False,False,V1_P1_C0,high,V1_P1_C0__high
005950,val,1242,375,10,10,0,9,1,0,True,True,False,False,False,V1_P1_C0,high,V1_P1_C0__high
005951,train,1242,375,3,2,1,2,0,0,True,False,False,False,False,V1_P0_C0,low,V1_P0_C0__low
005952,train,1241,376,9,8,1,8,0,0,True,False,False,False,False,V1_P0_C0,high,V1_P0_C0__high
005953,train,1242,375,4,4,0,4,0,0,True,False,False,False,False,V1_P0_C0,medium,V1_P0_C0__medium
005954,train,1224,370,1,1,0,0,1,0,False,True,False,False,False,V0_P1_C0,low,V0_P1_C0__low
005955,train,1242,375,6,4,2,4,0,0,True,False,False,False,False,V1_P0_C0,medium,V1_P0_C0__medium
005956,train,1242,375,2,1,1,1,0,0,True,False,False,False,False,V1_P0_C0,low,V1_P0_C0__low
005957,train,1242,375,10,9,1,9,0,0,True,False,False,False,False,V1_P0_C0,high,V1_P0_C0__high
005958,train,1224,370,1,1,0,0,1,0,False,True,False,False,False,V0_P1_C0,low,V0_P1_C0__low
005959,train,1242,375,10,10,0,9,1,0,True,True,False,False,False,V1_P1_C0,high,V1_P1_C0__high
005960,train,1242,375,7,2,5,2,0,0,True,False,False,False,False,V1_P0_C0,low,V1_P0_C0__low
005961,val,1242,375,1,1,0,1,0,0,True,False,False,False,False,V1_P0_C0,low,V1_P0_C0__low
005962,train,1242,375,6,4,2,4,0,0,True,False,False,False,False,V1_P0_C0,medium,V1_P0_C0__medium
005963,train,1242,375,8,8,0,8,0,0,True,False,False,False,False,V1_P0_C0,high,V1_P0_C0__high
005964,train,1242,375,7,3,4,2,0,1,True,False,True,False,False,V1_P0_C1,low,V1_P0_C1__low
005965,val,1224,370,9,6,3,2,2,2,True,True,True,False,False,V1_P1_C1,medium,V1_P1_C1__medium
005966,train,1242,375,2,1,1,1,0,0,True,False,False,False,False,V1_P0_C0,low,V1_P0_C0__low
005967,train,1242,375,9,5,4,5,0,0,True,False,False,False,False,V1_P0_C0,medium,V1_P0_C0__medium
005968,val,1242,375,5,3,2,3,0,0,True,False,False,False,False,V1_P0_C0,low,V1_P0_C0__low
005969,train,1242,375,2,1,1,1,0,0,True,False,False,False,False,V1_P0_C0,low,V1_P0_C0__low
005970,train,1242,375,12,10,2,10,0,0,True,False,False,False,False,V1_P0_C0,high,V1_P0_C0__high
005971,train,1242,375,6,4,2,4,0,0,True,False,False,False,False,V1_P0_C0,medium,V1_P0_C0__medium
005972,train,1238,374,4,4,0,4,0,0,True,False,False,False,False,V1_P0_C0,medium,V1_P0_C0__medium
005973,train,1242,375,7,6,1,6,0,0,True,False,False,False,False,V1_P0_C0,medium,V1_P0_C0__medium
005974,val,1242,375,3,2,1,2,0,0,True,False,False,False,False,V1_P0_C0,low,V1_P0_C0__low
005975,val,1242,375,7,5,2,5,0,0,True,False,False,False,False,V1_P0_C0,medium,V1_P0_C0__medium
005976,train,1242,375,4,1,3,1,0,0,True,False,False,False,False,V1_P0_C0,low,V1_P0_C0__low
005977,train,1242,375,5,5,0,5,0,0,True,False,False,False,False,V1_P0_C0,medium,V1_P0_C0__medium
005978,train,1242,375,1,1,0,1,0,0,True,False,False,False,False,V1_P0_C0,low,V1_P0_C0__low
005979,train,1242,375,5,5,0,5,0,0,True,False,False,False,False,V1_P0_C0,medium,V1_P0_C0__medium
005980,val,1242,375,6,6,0,2,3,1,True,True,True,False,False,V1_P1_C1,medium,V1_P1_C1__medium
005981,train,1241,376,9,7,2,7,0,0,True,False,False,False,False,V1_P0_C0,high,V1_P0_C0__high
005982,train,1242,375,11,10,1,8,0,2,True,False,True,False,False,V1_P0_C1,high,V1_P0_C1__high
005983,train,1242,375,16,15,1,15,0,0,True,False,False,False,False,V1_P0_C0,high,V1_P0_C0__high
005984,train,1242,375,12,9,3,8,1,0,True,True,False,False,False,V1_P1_C0,high,V1_P1_C0__high
005985,train,1242,375,12,4,8,0,2,2,False,True,True,False,False,V0_P1_C1,medium,V0_P1_C1__medium
005986,val,1241,376,7,6,1,6,0,0,True,False,False,False,False,V1_P0_C0,medium,V1_P0_C0__medium
005987,train,1242,375,6,5,1,5,0,0,True,False,False,False,False,V1_P0_C0,medium,V1_P0_C0__medium
005988,val,1224,370,19,17,2,1,16,0,True,True,False,False,False,V1_P1_C0,high,V1_P1_C0__high
005989,train,1242,375,4,1,3,1,0,0,True,False,False,False,False,V1_P0_C0,low,V1_P0_C0__low
005990,train,1242,375,2,2,0,2,0,0,True,False,False,False,False,V1_P0_C0,low,V1_P0_C0__low
005991,train,1242,375,8,5,3,4,1,0,True,True,False,False,False,V1_P1_C0,medium,V1_P1_C0__medium
005992,train,1242,375,5,5,0,5,0,0,True,False,False,False,False,V1_P0_C0,medium,V1_P0_C0__medium
005993,train,1242,375,1,1,0,1,0,0,True,False,False,False,False,V1_P0_C0,low,V1_P0_C0__low
005994,val,1224,370,5,4,1,1,3,0,True,True,False,False,False,V1_P1_C0,medium,V1_P1_C0__medium
005995,train,1242,375,2,1,1,1,0,0,True,False,False,False,False,V1_P0_C0,low,V1_P0_C0__low
005996,val,1242,375,12,10,2,10,0,0,True,False,False,False,False,V1_P0_C0,high,V1_P0_C0__high
005997,train,1242,375,7,5,2,3,0,2,True,False,True,False,False,V1_P0_C1,medium,V1_P0_C1__medium
005998,train,1242,375,5,5,0,5,0,0,True,False,False,False,False,V1_P0_C0,medium,V1_P0_C0__medium
005999,val,1242,375,8,7,1,7,0,0,True,False,False,False,False,V1_P0_C0,high,V1_P0_C0__high
006000,train,1242,375,5,5,0,5,0,0,True,False,False,False,False,V1_P0_C0,medium,V1_P0_C0__medium
006001,train,1242,375,4,3,1,3,0,0,True,False,False,False,False,V1_P0_C0,low,V1_P0_C0__low
006002,train,1242,375,6,5,1,5,0,0,True,False,False,False,False,V1_P0_C0,medium,V1_P0_C0__medium
006003,train,1242,375,14,9,5,9,0,0,True,False,False,False,False,V1_P0_C0,high,V1_P0_C0__high
006004,train,1242,375,6,5,1,5,0,0,True,False,False,False,False,V1_P0_C0,medium,V1_P0_C0__medium
006005,train,1242,375,11,9,2,9,0,0,True,False,False,False,False,V1_P0_C0,high,V1_P0_C0__high
006006,train,1224,370,13,10,3,0,7,3,False,True,True,False,False,V0_P1_C1,high,V0_P1_C1__high
006007,train,1242,375,15,15,0,15,0,0,True,False,False,False,False,V1_P0_C0,high,V1_P0_C0__high
006008,train,1241,376,8,8,0,8,0,0,True,False,False,False,False,V1_P0_C0,high,V1_P0_C0__high
006009,train,1242,375,5,4,1,4,0,0,True,False,False,False,False,V1_P0_C0,medium,V1_P0_C0__medium
006010,train,1242,375,4,2,2,1,0,1,True,False,True,False,False,V1_P0_C1,low,V1_P0_C1__low
006011,train,1242,375,12,12,0,9,3,0,True,True,False,False,False,V1_P1_C0,high,V1_P1_C0__high
006012,val,1242,375,5,1,4,1,0,0,True,False,False,False,False,V1_P0_C0,low,V1_P0_C0__low
006013,train,1242,375,5,3,2,3,0,0,True,False,False,False,False,V1_P0_C0,low,V1_P0_C0__low
006014,val,1242,375,5,4,1,4,0,0,True,False,False,False,False,V1_P0_C0,medium,V1_P0_C0__medium
006015,train,1238,374,5,5,0,5,0,0,True,False,False,False,False,V1_P0_C0,medium,V1_P0_C0__medium
006016,train,1242,375,11,9,2,8,0,1,True,False,True,False,False,V1_P0_C1,high,V1_P0_C1__high
006017,train,1242,375,2,2,0,2,0,0,True,False,False,False,False,V1_P0_C0,low,V1_P0_C0__low
006018,train,1242,375,8,7,1,7,0,0,True,False,False,False,False,V1_P0_C0,high,V1_P0_C0__high
006019,train,1242,375,3,3,0,2,0,1,True,False,True,False,False,V1_P0_C1,low,V1_P0_C1__low
006020,train,1242,375,5,2,3,2,0,0,True,False,False,False,False,V1_P0_C0,low,V1_P0_C0__low
006021,train,1242,375,4,4,0,3,0,1,True,False,True,False,False,V1_P0_C1,medium,V1_P0_C1__medium
006022,train,1242,375,3,3,0,3,0,0,True,False,False,False,False,V1_P0_C0,low,V1_P0_C0__low
006023,train,1242,375,4,3,1,2,0,1,True,False,True,False,False,V1_P0_C1,low,V1_P0_C1__low
006024,val,1224,370,6,5,1,2,2,1,True,True,True,False,False,V1_P1_C1,medium,V1_P1_C1__medium
006025,train,1242,375,8,5,3,5,0,0,True,False,False,False,False,V1_P0_C0,medium,V1_P0_C0__medium
006026,train,1242,375,10,8,2,6,0,2,True,False,True,False,False,V1_P0_C1,high,V1_P0_C1__high
006027,train,1242,375,9,8,1,6,0,2,True,False,True,False,False,V1_P0_C1,high,V1_P0_C1__high
006028,train,1242,375,2,1,1,1,0,0,True,False,False,False,False,V1_P0_C0,low,V1_P0_C0__low
006029,train,1224,370,1,1,0,0,1,0,False,True,False,False,False,V0_P1_C0,low,V0_P1_C0__low
006030,train,1242,375,5,4,1,4,0,0,True,False,False,False,False,V1_P0_C0,medium,V1_P0_C0__medium
006031,train,1242,375,7,5,2,5,0,0,True,False,False,False,False,V1_P0_C0,medium,V1_P0_C0__medium
006032,train,1242,375,3,3,0,3,0,0,True,False,False,False,False,V1_P0_C0,low,V1_P0_C0__low
006033,train,1242,375,11,6,5,6,0,0,True,False,False,False,False,V1_P0_C0,medium,V1_P0_C0__medium
006034,train,1242,375,18,16,2,15,0,1,True,False,True,False,False,V1_P0_C1,high,V1_P0_C1__high
006035,train,1224,370,1,1,0,0,1,0,False,True,False,False,False,V0_P1_C0,low,V0_P1_C0__low
006036,train,1242,375,6,3,3,3,0,0,True,False,False,False,False,V1_P0_C0,low,V1_P0_C0__low
006037,train,1242,375,6,5,1,5,0,0,True,False,False,False,False,V1_P0_C0,medium,V1_P0_C0__medium
006038,train,1242,375,6,2,4,2,0,0,True,False,False,False,False,V1_P0_C0,low,V1_P0_C0__low
006039,train,1242,375,9,8,1,7,0,1,True,False,True,False,False,V1_P0_C1,high,V1_P0_C1__high
006040,train,1242,375,6,5,1,5,0,0,True,False,False,False,False,V1_P0_C0,medium,V1_P0_C0__medium
006041,train,1241,376,7,6,1,6,0,0,True,False,False,False,False,V1_P0_C0,medium,V1_P0_C0__medium
006042,train,1242,375,5,4,1,4,0,0,True,False,False,False,False,V1_P0_C0,medium,V1_P0_C0__medium
006043,train,1242,375,3,3,0,3,0,0,True,False,False,False,False,V1_P0_C0,low,V1_P0_C0__low
006044,train,1242,375,5,3,2,3,0,0,True,False,False,False,False,V1_P0_C0,low,V1_P0_C0__low
006045,val,1241,376,8,7,1,7,0,0,True,False,False,False,False,V1_P0_C0,high,V1_P0_C0__high
006046,train,1242,375,12,5,7,5,0,0,True,False,False,False,False,V1_P0_C0,medium,V1_P0_C0__medium
006047,train,1242,375,11,6,5,6,0,0,True,False,False,False,False,V1_P0_C0,medium,V1_P0_C0__medium
006048,train,1241,376,8,7,1,7,0,0,True,False,False,False,False,V1_P0_C0,high,V1_P0_C0__high
006049,val,1242,375,6,2,4,2,0,0,True,False,False,False,False,V1_P0_C0,low,V1_P0_C0__low
006050,train,1242,375,9,7,2,7,0,0,True,False,False,False,False,V1_P0_C0,high,V1_P0_C0__high
006051,val,1224,370,7,6,1,4,2,0,True,True,False,False,False,V1_P1_C0,medium,V1_P1_C0__medium
006052,train,1242,375,11,7,4,6,1,0,True,True,False,False,False,V1_P1_C0,high,V1_P1_C0__high
006053,train,1224,370,1,1,0,0,1,0,False,True,False,False,False,V0_P1_C0,low,V0_P1_C0__low
006054,train,1242,375,9,8,1,8,0,0,True,False,False,False,False,V1_P0_C0,high,V1_P0_C0__high
006055,train,1242,375,13,13,0,13,0,0,True,False,False,False,False,V1_P0_C0,high,V1_P0_C0__high
006056,train,1242,375,4,3,1,3,0,0,True,False,False,False,False,V1_P0_C0,low,V1_P0_C0__low
006057,train,1242,375,2,2,0,2,0,0,True,False,False,False,False,V1_P0_C0,low,V1_P0_C0__low
006058,train,1242,375,5,3,2,3,0,0,True,False,False,False,False,V1_P0_C0,low,V1_P0_C0__low
006059,train,1242,375,6,6,0,6,0,0,True,False,False,False,False,V1_P0_C0,medium,V1_P0_C0__medium
006060,val,1242,375,12,10,2,10,0,0,True,False,False,False,False,V1_P0_C0,high,V1_P0_C0__high
006061,val,1242,375,2,2,0,2,0,0,True,False,False,False,False,V1_P0_C0,low,V1_P0_C0__low
006062,train,1242,375,4,3,1,2,1,0,True,True,False,False,False,V1_P1_C0,low,V1_P1_C0__low
006063,train,1241,376,10,9,1,9,0,0,True,False,False,False,False,V1_P0_C0,high,V1_P0_C0__high
006064,train,1242,375,16,15,1,15,0,0,True,False,False,False,False,V1_P0_C0,high,V1_P0_C0__high
006065,train,1224,370,7,6,1,4,2,0,True,True,False,False,False,V1_P1_C0,medium,V1_P1_C0__medium
006066,val,1242,375,10,8,2,8,0,0,True,False,False,False,False,V1_P0_C0,high,V1_P0_C0__high
006067,train,1242,375,7,7,0,6,1,0,True,True,False,False,False,V1_P1_C0,high,V1_P1_C0__high
006068,val,1242,375,6,6,0,5,1,0,True,True,False,False,False,V1_P1_C0,medium,V1_P1_C0__medium
006069,train,1242,375,7,6,1,6,0,0,True,False,False,False,False,V1_P0_C0,medium,V1_P0_C0__medium
006070,train,1238,374,11,8,3,1,4,3,True,True,True,False,False,V1_P1_C1,high,V1_P1_C1__high
006071,train,1238,374,6,5,1,1,2,2,True,True,True,False,False,V1_P1_C1,medium,V1_P1_C1__medium
006072,train,1242,375,6,3,3,3,0,0,True,False,False,False,False,V1_P0_C0,low,V1_P0_C0__low
006073,train,1224,370,9,7,2,7,0,0,True,False,False,False,False,V1_P0_C0,high,V1_P0_C0__high
006074,train,1242,375,6,4,2,4,0,0,True,False,False,False,False,V1_P0_C0,medium,V1_P0_C0__medium
006075,train,1224,370,5,4,1,1,3,0,True,True,False,False,False,V1_P1_C0,medium,V1_P1_C0__medium
006076,train,1224,370,2,2,0,1,1,0,True,True,False,False,False,V1_P1_C0,low,V1_P1_C0__low
006077,val,1242,375,12,11,1,11,0,0,True,False,False,False,False,V1_P0_C0,high,V1_P0_C0__high
006078,train,1242,375,14,8,6,8,0,0,True,False,False,False,False,V1_P0_C0,high,V1_P0_C0__high
006079,train,1242,375,6,3,3,3,0,0,True,False,False,False,False,V1_P0_C0,low,V1_P0_C0__low
006080,train,1242,375,5,5,0,5,0,0,True,False,False,False,False,V1_P0_C0,medium,V1_P0_C0__medium
006081,train,1242,375,7,7,0,7,0,0,True,False,False,False,False,V1_P0_C0,high,V1_P0_C0__high
006082,train,1242,375,11,11,0,7,4,0,True,True,False,False,False,V1_P1_C0,high,V1_P1_C0__high
006083,train,1238,374,6,5,1,1,2,2,True,True,True,False,False,V1_P1_C1,medium,V1_P1_C1__medium
006084,train,1242,375,15,14,1,14,0,0,True,False,False,False,False,V1_P0_C0,high,V1_P0_C0__high
006085,train,1242,375,2,2,0,2,0,0,True,False,False,False,False,V1_P0_C0,low,V1_P0_C0__low
006086,val,1242,375,2,2,0,2,0,0,True,False,False,False,False,V1_P0_C0,low,V1_P0_C0__low
006087,train,1224,370,6,4,2,1,3,0,True,True,False,False,False,V1_P1_C0,medium,V1_P1_C0__medium
006088,train,1238,374,10,8,2,1,6,1,True,True,True,False,False,V1_P1_C1,high,V1_P1_C1__high
006089,train,1224,370,1,1,0,0,1,0,False,True,False,False,False,V0_P1_C0,low,V0_P1_C0__low
006090,train,1242,375,9,8,1,8,0,0,True,False,False,False,False,V1_P0_C0,high,V1_P0_C0__high
006091,val,1242,375,3,1,2,1,0,0,True,False,False,False,False,V1_P0_C0,low,V1_P0_C0__low
006092,train,1242,375,8,5,3,4,0,1,True,False,True,False,False,V1_P0_C1,medium,V1_P0_C1__medium
006093,train,1242,375,5,4,1,3,1,0,True,True,False,False,False,V1_P1_C0,medium,V1_P1_C0__medium
006094,train,1242,375,3,3,0,1,1,1,True,True,True,False,False,V1_P1_C1,low,V1_P1_C1__low
006095,val,1242,375,5,4,1,3,1,0,True,True,False,False,False,V1_P1_C0,medium,V1_P1_C0__medium
006096,train,1242,375,4,3,1,3,0,0,True,False,False,False,False,V1_P0_C0,low,V1_P0_C0__low
006097,train,1242,375,10,7,3,7,0,0,True,False,False,False,False,V1_P0_C0,high,V1_P0_C0__high
006098,train,1242,375,6,4,2,4,0,0,True,False,False,False,False,V1_P0_C0,medium,V1_P0_C0__medium
006099,val,1242,375,3,3,0,3,0,0,True,False,False,False,False,V1_P0_C0,low,V1_P0_C0__low
006100,train,1242,375,5,3,2,2,0,1,True,False,True,False,False,V1_P0_C1,low,V1_P0_C1__low
006101,train,1242,375,2,1,1,1,0,0,True,False,False,False,False,V1_P0_C0,low,V1_P0_C0__low
006102,train,1242,375,6,6,0,5,1,0,True,True,False,False,False,V1_P1_C0,medium,V1_P1_C0__medium
006103,train,1242,375,7,5,2,5,0,0,True,False,False,False,False,V1_P0_C0,medium,V1_P0_C0__medium
006104,train,1242,375,1,1,0,1,0,0,True,False,False,False,False,V1_P0_C0,low,V1_P0_C0__low
006105,train,1242,375,2,2,0,2,0,0,True,False,False,False,False,V1_P0_C0,low,V1_P0_C0__low
006106,train,1242,375,10,9,1,9,0,0,True,False,False,False,False,V1_P0_C0,high,V1_P0_C0__high
006107,val,1242,375,2,2,0,2,0,0,True,False,False,False,False,V1_P0_C0,low,V1_P0_C0__low
006108,train,1242,375,8,6,2,6,0,0,True,False,False,False,False,V1_P0_C0,medium,V1_P0_C0__medium
006109,train,1242,375,9,6,3,5,1,0,True,True,False,False,False,V1_P1_C0,medium,V1_P1_C0__medium
006110,train,1242,375,10,9,1,9,0,0,True,False,False,False,False,V1_P0_C0,high,V1_P0_C0__high
006111,train,1242,375,6,4,2,4,0,0,True,False,False,False,False,V1_P0_C0,medium,V1_P0_C0__medium
006112,train,1242,375,7,2,5,2,0,0,True,False,False,False,False,V1_P0_C0,low,V1_P0_C0__low
006113,train,1242,375,9,8,1,8,0,0,True,False,False,False,False,V1_P0_C0,high,V1_P0_C0__high
006114,train,1242,375,7,6,1,6,0,0,True,False,False,False,False,V1_P0_C0,medium,V1_P0_C0__medium
006115,train,1242,375,4,3,1,3,0,0,True,False,False,False,False,V1_P0_C0,low,V1_P0_C0__low
006116,train,1242,375,9,5,4,5,0,0,True,False,False,False,False,V1_P0_C0,medium,V1_P0_C0__medium
006117,val,1242,375,9,7,2,7,0,0,True,False,False,False,False,V1_P0_C0,high,V1_P0_C0__high
006118,train,1224,370,8,4,4,2,2,0,True,True,False,False,False,V1_P1_C0,medium,V1_P1_C0__medium
006119,train,1242,375,5,1,4,1,0,0,True,False,False,False,False,V1_P0_C0,low,V1_P0_C0__low
006120,train,1242,375,2,1,1,1,0,0,True,False,False,False,False,V1_P0_C0,low,V1_P0_C0__low
006121,val,1224,370,19,16,3,1,15,0,True,True,False,False,False,V1_P1_C0,high,V1_P1_C0__high
006122,train,1238,374,9,6,3,0,4,2,False,True,True,False,False,V0_P1_C1,medium,V0_P1_C1__medium
006123,val,1242,375,7,7,0,6,1,0,True,True,False,False,False,V1_P1_C0,high,V1_P1_C0__high
006124,train,1242,375,3,2,1,2,0,0,True,False,False,False,False,V1_P0_C0,low,V1_P0_C0__low
006125,val,1242,375,5,4,1,4,0,0,True,False,False,False,False,V1_P0_C0,medium,V1_P0_C0__medium
006126,train,1242,375,6,5,1,5,0,0,True,False,False,False,False,V1_P0_C0,medium,V1_P0_C0__medium
006127,train,1241,376,15,13,2,13,0,0,True,False,False,False,False,V1_P0_C0,high,V1_P0_C0__high
006128,val,1242,375,3,2,1,2,0,0,True,False,False,False,False,V1_P0_C0,low,V1_P0_C0__low
006129,train,1224,370,9,8,1,8,0,0,True,False,False,False,False,V1_P0_C0,high,V1_P0_C0__high
006130,train,1238,374,11,9,2,0,8,1,False,True,True,False,False,V0_P1_C1,high,V0_P1_C1__high
006131,val,1242,375,4,1,3,1,0,0,True,False,False,False,False,V1_P0_C0,low,V1_P0_C0__low
006132,val,1242,375,5,2,3,2,0,0,True,False,False,False,False,V1_P0_C0,low,V1_P0_C0__low
006133,train,1242,375,5,3,2,3,0,0,True,False,False,False,False,V1_P0_C0,low,V1_P0_C0__low
006134,train,1242,375,6,4,2,4,0,0,True,False,False,False,False,V1_P0_C0,medium,V1_P0_C0__medium
006135,train,1242,375,7,6,1,6,0,0,True,False,False,False,False,V1_P0_C0,medium,V1_P0_C0__medium
006136,train,1242,375,8,6,2,6,0,0,True,False,False,False,False,V1_P0_C0,medium,V1_P0_C0__medium
006137,train,1242,375,9,7,2,7,0,0,True,False,False,False,False,V1_P0_C0,high,V1_P0_C0__high
006138,train,1242,375,6,6,0,6,0,0,True,False,False,False,False,V1_P0_C0,medium,V1_P0_C0__medium
006139,train,1224,370,21,19,2,1,18,0,True,True,False,False,False,V1_P1_C0,high,V1_P1_C0__high
006140,val,1242,375,3,2,1,2,0,0,True,False,False,False,False,V1_P0_C0,low,V1_P0_C0__low
006141,train,1242,375,9,8,1,8,0,0,True,False,False,False,False,V1_P0_C0,high,V1_P0_C0__high
006142,train,1242,375,2,1,1,1,0,0,True,False,False,False,False,V1_P0_C0,low,V1_P0_C0__low
006143,train,1242,375,15,14,1,14,0,0,True,False,False,False,False,V1_P0_C0,high,V1_P0_C0__high
006144,train,1241,376,5,3,2,3,0,0,True,False,False,False,False,V1_P0_C0,low,V1_P0_C0__low
006145,train,1242,375,14,12,2,12,0,0,True,False,False,False,False,V1_P0_C0,high,V1_P0_C0__high
006146,train,1242,375,6,5,1,5,0,0,True,False,False,False,False,V1_P0_C0,medium,V1_P0_C0__medium
006147,train,1242,375,8,5,3,5,0,0,True,False,False,False,False,V1_P0_C0,medium,V1_P0_C0__medium
006148,train,1224,370,8,5,3,2,2,1,True,True,True,False,False,V1_P1_C1,medium,V1_P1_C1__medium
006149,val,1242,375,9,7,2,7,0,0,True,False,False,False,False,V1_P0_C0,high,V1_P0_C0__high
006150,val,1242,375,10,9,1,9,0,0,True,False,False,False,False,V1_P0_C0,high,V1_P0_C0__high
006151,val,1224,370,1,1,0,0,1,0,False,True,False,False,False,V0_P1_C0,low,V0_P1_C0__low
006152,train,1224,370,1,1,0,0,1,0,False,True,False,False,False,V0_P1_C0,low,V0_P1_C0__low
006153,train,1242,375,9,7,2,7,0,0,True,False,False,False,False,V1_P0_C0,high,V1_P0_C0__high
006154,train,1241,376,6,6,0,6,0,0,True,False,False,False,False,V1_P0_C0,medium,V1_P0_C0__medium
006155,train,1242,375,8,5,3,5,0,0,True,False,False,False,False,V1_P0_C0,medium,V1_P0_C0__medium
006156,train,1242,375,14,12,2,12,0,0,True,False,False,False,False,V1_P0_C0,high,V1_P0_C0__high
006157,train,1242,375,17,16,1,16,0,0,True,False,False,False,False,V1_P0_C0,high,V1_P0_C0__high
006158,train,1224,370,1,1,0,0,1,0,False,True,False,False,False,V0_P1_C0,low,V0_P1_C0__low
006159,train,1242,375,6,6,0,5,1,0,True,True,False,False,False,V1_P1_C0,medium,V1_P1_C0__medium
006160,train,1242,375,8,6,2,5,0,1,True,False,True,False,False,V1_P0_C1,medium,V1_P0_C1__medium
006161,train,1242,375,10,7,3,7,0,0,True,False,False,False,False,V1_P0_C0,high,V1_P0_C0__high
006162,val,1242,375,7,5,2,5,0,0,True,False,False,False,False,V1_P0_C0,medium,V1_P0_C0__medium
006163,train,1242,375,20,17,3,16,0,1,True,False,True,False,False,V1_P0_C1,high,V1_P0_C1__high
006164,train,1224,370,1,1,0,0,1,0,False,True,False,False,False,V0_P1_C0,low,V0_P1_C0__low
006165,train,1242,375,6,3,3,3,0,0,True,False,False,False,False,V1_P0_C0,low,V1_P0_C0__low
006166,train,1242,375,7,7,0,6,1,0,True,True,False,False,False,V1_P1_C0,high,V1_P1_C0__high
006167,train,1242,375,6,4,2,4,0,0,True,False,False,False,False,V1_P0_C0,medium,V1_P0_C0__medium
006168,train,1242,375,4,2,2,2,0,0,True,False,False,False,False,V1_P0_C0,low,V1_P0_C0__low
006169,train,1242,375,9,8,1,7,0,1,True,False,True,False,False,V1_P0_C1,high,V1_P0_C1__high
006170,train,1242,375,3,2,1,2,0,0,True,False,False,False,False,V1_P0_C0,low,V1_P0_C0__low
006171,val,1242,375,2,1,1,1,0,0,True,False,False,False,False,V1_P0_C0,low,V1_P0_C0__low
006172,val,1242,375,11,9,2,9,0,0,True,False,False,False,False,V1_P0_C0,high,V1_P0_C0__high
006173,train,1242,375,8,5,3,5,0,0,True,False,False,False,False,V1_P0_C0,medium,V1_P0_C0__medium
006174,train,1242,375,6,3,3,1,2,0,True,True,False,False,False,V1_P1_C0,low,V1_P1_C0__low
006175,val,1242,375,8,5,3,5,0,0,True,False,False,False,False,V1_P0_C0,medium,V1_P0_C0__medium
006176,val,1238,374,11,8,3,1,4,3,True,True,True,False,False,V1_P1_C1,high,V1_P1_C1__high
006177,train,1242,375,6,4,2,3,0,1,True,False,True,False,False,V1_P0_C1,medium,V1_P0_C1__medium
006178,train,1242,375,2,2,0,2,0,0,True,False,False,False,False,V1_P0_C0,low,V1_P0_C0__low
006179,train,1242,375,12,12,0,10,2,0,True,True,False,False,False,V1_P1_C0,high,V1_P1_C0__high
006180,train,1242,375,16,15,1,15,0,0,True,False,False,False,False,V1_P0_C0,high,V1_P0_C0__high
006181,train,1242,375,4,3,1,3,0,0,True,False,False,False,False,V1_P0_C0,low,V1_P0_C0__low
006182,train,1238,374,4,3,1,3,0,0,True,False,False,False,False,V1_P0_C0,low,V1_P0_C0__low
006183,train,1242,375,2,2,0,2,0,0,True,False,False,False,False,V1_P0_C0,low,V1_P0_C0__low
006184,train,1242,375,3,3,0,1,1,1,True,True,True,False,False,V1_P1_C1,low,V1_P1_C1__low
006185,train,1242,375,3,3,0,2,1,0,True,True,False,False,False,V1_P1_C0,low,V1_P1_C0__low
006186,val,1242,375,8,7,1,7,0,0,True,False,False,False,False,V1_P0_C0,high,V1_P0_C0__high
006187,train,1242,375,12,10,2,10,0,0,True,False,False,False,False,V1_P0_C0,high,V1_P0_C0__high
006188,val,1242,375,5,1,4,1,0,0,True,False,False,False,False,V1_P0_C0,low,V1_P0_C0__low
006189,train,1242,375,17,15,2,12,3,0,True,True,False,False,False,V1_P1_C0,high,V1_P1_C0__high
006190,train,1242,375,10,4,6,0,2,2,False,True,True,False,False,V0_P1_C1,medium,V0_P1_C1__medium
006191,train,1242,375,12,10,2,10,0,0,True,False,False,False,False,V1_P0_C0,high,V1_P0_C0__high
006192,train,1242,375,12,11,1,11,0,0,True,False,False,False,False,V1_P0_C0,high,V1_P0_C0__high
006193,train,1242,375,2,1,1,1,0,0,True,False,False,False,False,V1_P0_C0,low,V1_P0_C0__low
006194,train,1224,370,1,1,0,0,1,0,False,True,False,False,False,V0_P1_C0,low,V0_P1_C0__low
006195,train,1242,375,7,4,3,4,0,0,True,False,False,False,False,V1_P0_C0,medium,V1_P0_C0__medium
006196,train,1224,370,6,4,2,3,0,1,True,False,True,False,False,V1_P0_C1,medium,V1_P0_C1__medium
006197,train,1242,375,6,2,4,2,0,0,True,False,False,False,False,V1_P0_C0,low,V1_P0_C0__low
006198,train,1242,375,11,10,1,7,3,0,True,True,False,False,False,V1_P1_C0,high,V1_P1_C0__high
006199,train,1242,375,12,7,5,7,0,0,True,False,False,False,False,V1_P0_C0,high,V1_P0_C0__high
006200,train,1242,375,6,2,4,2,0,0,True,False,False,False,False,V1_P0_C0,low,V1_P0_C0__low
006201,train,1224,370,1,1,0,0,1,0,False,True,False,False,False,V0_P1_C0,low,V0_P1_C0__low
006202,val,1241,376,13,11,2,11,0,0,True,False,False,False,False,V1_P0_C0,high,V1_P0_C0__high
006203,train,1242,375,4,3,1,3,0,0,True,False,False,False,False,V1_P0_C0,low,V1_P0_C0__low
006204,train,1242,375,2,2,0,2,0,0,True,False,False,False,False,V1_P0_C0,low,V1_P0_C0__low
006205,train,1242,375,7,5,2,5,0,0,True,False,False,False,False,V1_P0_C0,medium,V1_P0_C0__medium
006206,train,1242,375,2,1,1,1,0,0,True,False,False,False,False,V1_P0_C0,low,V1_P0_C0__low
006207,val,1242,375,1,1,0,1,0,0,True,False,False,False,False,V1_P0_C0,low,V1_P0_C0__low
006208,train,1242,375,12,8,4,8,0,0,True,False,False,False,False,V1_P0_C0,high,V1_P0_C0__high
006209,train,1242,375,2,1,1,1,0,0,True,False,False,False,False,V1_P0_C0,low,V1_P0_C0__low
006210,train,1238,374,8,4,4,1,3,0,True,True,False,False,False,V1_P1_C0,medium,V1_P1_C0__medium
006211,train,1242,375,15,15,0,14,1,0,True,True,False,False,False,V1_P1_C0,high,V1_P1_C0__high
006212,train,1242,375,2,1,1,1,0,0,True,False,False,False,False,V1_P0_C0,low,V1_P0_C0__low
006213,train,1242,375,17,15,2,13,2,0,True,True,False,False,False,V1_P1_C0,high,V1_P1_C0__high
006214,val,1242,375,3,3,0,2,0,1,True,False,True,False,False,V1_P0_C1,low,V1_P0_C1__low
006215,val,1224,370,1,1,0,0,1,0,False,True,False,False,False,V0_P1_C0,low,V0_P1_C0__low
006216,train,1242,375,3,2,1,2,0,0,True,False,False,False,False,V1_P0_C0,low,V1_P0_C0__low
006217,train,1242,375,2,1,1,1,0,0,True,False,False,False,False,V1_P0_C0,low,V1_P0_C0__low
006218,val,1238,374,3,2,1,2,0,0,True,False,False,False,False,V1_P0_C0,low,V1_P0_C0__low
006219,train,1242,375,6,2,4,2,0,0,True,False,False,False,False,V1_P0_C0,low,V1_P0_C0__low
006220,train,1242,375,5,3,2,3,0,0,True,False,False,False,False,V1_P0_C0,low,V1_P0_C0__low
006221,val,1242,375,7,7,0,3,3,1,True,True,True,False,False,V1_P1_C1,high,V1_P1_C1__high
006222,train,1224,370,1,1,0,0,1,0,False,True,False,False,False,V0_P1_C0,low,V0_P1_C0__low
006223,train,1242,375,1,1,0,1,0,0,True,False,False,False,False,V1_P0_C0,low,V1_P0_C0__low
006224,train,1242,375,15,14,1,13,1,0,True,True,False,False,False,V1_P1_C0,high,V1_P1_C0__high
006225,train,1242,375,7,6,1,6,0,0,True,False,False,False,False,V1_P0_C0,medium,V1_P0_C0__medium
006226,train,1242,375,4,3,1,2,1,0,True,True,False,False,False,V1_P1_C0,low,V1_P1_C0__low
006227,val,1242,375,2,2,0,2,0,0,True,False,False,False,False,V1_P0_C0,low,V1_P0_C0__low
006228,train,1224,370,1,1,0,0,1,0,False,True,False,False,False,V0_P1_C0,low,V0_P1_C0__low
006229,val,1242,375,10,4,6,0,2,2,False,True,True,False,False,V0_P1_C1,medium,V0_P1_C1__medium
006230,train,1242,375,3,1,2,1,0,0,True,False,False,False,False,V1_P0_C0,low,V1_P0_C0__low
006231,train,1242,375,6,6,0,5,0,1,True,False,True,False,False,V1_P0_C1,medium,V1_P0_C1__medium
006232,train,1242,375,7,7,0,6,1,0,True,True,False,False,False,V1_P1_C0,high,V1_P1_C0__high
006233,train,1242,375,6,5,1,5,0,0,True,False,False,False,False,V1_P0_C0,medium,V1_P0_C0__medium
006234,val,1242,375,3,2,1,1,0,1,True,False,True,False,False,V1_P0_C1,low,V1_P0_C1__low
006235,train,1242,375,3,3,0,3,0,0,True,False,False,False,False,V1_P0_C0,low,V1_P0_C0__low
006236,train,1242,375,15,14,1,13,1,0,True,True,False,False,False,V1_P1_C0,high,V1_P1_C0__high
006237,train,1242,375,8,4,4,4,0,0,True,False,False,False,False,V1_P0_C0,medium,V1_P0_C0__medium
006238,train,1241,376,10,9,1,9,0,0,True,False,False,False,False,V1_P0_C0,high,V1_P0_C0__high
006239,train,1242,375,1,1,0,1,0,0,True,False,False,False,False,V1_P0_C0,low,V1_P0_C0__low
006240,train,1224,370,1,1,0,0,1,0,False,True,False,False,False,V0_P1_C0,low,V0_P1_C0__low
006241,train,1242,375,5,4,1,4,0,0,True,False,False,False,False,V1_P0_C0,medium,V1_P0_C0__medium
006242,train,1242,375,6,6,0,5,0,1,True,False,True,False,False,V1_P0_C1,medium,V1_P0_C1__medium
006243,train,1242,375,3,3,0,3,0,0,True,False,False,False,False,V1_P0_C0,low,V1_P0_C0__low
006244,train,1242,375,1,1,0,1,0,0,True,False,False,False,False,V1_P0_C0,low,V1_P0_C0__low
006245,train,1242,375,8,6,2,6,0,0,True,False,False,False,False,V1_P0_C0,medium,V1_P0_C0__medium
006246,train,1242,375,5,5,0,5,0,0,True,False,False,False,False,V1_P0_C0,medium,V1_P0_C0__medium
006247,train,1242,375,5,3,2,2,0,1,True,False,True,False,False,V1_P0_C1,low,V1_P0_C1__low
006248,train,1242,375,7,4,3,4,0,0,True,False,False,False,False,V1_P0_C0,medium,V1_P0_C0__medium
006249,train,1242,375,9,4,5,4,0,0,True,False,False,False,False,V1_P0_C0,medium,V1_P0_C0__medium
006250,train,1242,375,5,4,1,4,0,0,True,False,False,False,False,V1_P0_C0,medium,V1_P0_C0__medium
006251,train,1242,375,14,14,0,14,0,0,True,False,False,False,False,V1_P0_C0,high,V1_P0_C0__high
006252,train,1242,375,2,1,1,1,0,0,True,False,False,False,False,V1_P0_C0,low,V1_P0_C0__low
006253,val,1242,375,6,6,0,6,0,0,True,False,False,False,False,V1_P0_C0,medium,V1_P0_C0__medium
006254,train,1242,375,7,6,1,6,0,0,True,False,False,False,False,V1_P0_C0,medium,V1_P0_C0__medium
006255,train,1242,375,7,2,5,2,0,0,True,False,False,False,False,V1_P0_C0,low,V1_P0_C0__low
006256,val,1242,375,12,12,0,8,4,0,True,True,False,False,False,V1_P1_C0,high,V1_P1_C0__high
006257,val,1242,375,6,4,2,3,0,1,True,False,True,False,False,V1_P0_C1,medium,V1_P0_C1__medium
006258,train,1224,370,1,1,0,0,1,0,False,True,False,False,False,V0_P1_C0,low,V0_P1_C0__low
006259,train,1242,375,5,2,3,2,0,0,True,False,False,False,False,V1_P0_C0,low,V1_P0_C0__low
006260,train,1242,375,14,14,0,14,0,0,True,False,False,False,False,V1_P0_C0,high,V1_P0_C0__high
006261,train,1242,375,7,7,0,6,0,1,True,False,True,False,False,V1_P0_C1,high,V1_P0_C1__high
006262,train,1242,375,9,9,0,7,1,1,True,True,True,False,False,V1_P1_C1,high,V1_P1_C1__high
006263,val,1242,375,11,6,5,6,0,0,True,False,False,False,False,V1_P0_C0,medium,V1_P0_C0__medium
006264,train,1242,375,5,4,1,4,0,0,True,False,False,False,False,V1_P0_C0,medium,V1_P0_C0__medium
006265,train,1242,375,5,3,2,2,0,1,True,False,True,False,False,V1_P0_C1,low,V1_P0_C1__low
006266,train,1242,375,6,6,0,6,0,0,True,False,False,False,False,V1_P0_C0,medium,V1_P0_C0__medium
006267,val,1242,375,7,3,4,3,0,0,True,False,False,False,False,V1_P0_C0,low,V1_P0_C0__low
006268,train,1242,375,10,7,3,0,7,0,False,True,False,False,False,V0_P1_C0,high,V0_P1_C0__high
006269,train,1242,375,6,4,2,4,0,0,True,False,False,False,False,V1_P0_C0,medium,V1_P0_C0__medium
006270,train,1242,375,2,2,0,2,0,0,True,False,False,False,False,V1_P0_C0,low,V1_P0_C0__low
006271,train,1242,375,9,5,4,5,0,0,True,False,False,False,False,V1_P0_C0,medium,V1_P0_C0__medium
006272,train,1242,375,13,10,3,10,0,0,True,False,False,False,False,V1_P0_C0,high,V1_P0_C0__high
006273,train,1242,375,8,7,1,6,0,1,True,False,True,False,False,V1_P0_C1,high,V1_P0_C1__high
006274,train,1242,375,3,3,0,2,1,0,True,True,False,False,False,V1_P1_C0,low,V1_P1_C0__low
006275,train,1242,375,6,4,2,4,0,0,True,False,False,False,False,V1_P0_C0,medium,V1_P0_C0__medium
006276,train,1224,370,13,9,4,2,3,4,True,True,True,False,False,V1_P1_C1,high,V1_P1_C1__high
006277,train,1242,375,8,1,7,0,1,0,False,True,False,False,False,V0_P1_C0,low,V0_P1_C0__low
006278,val,1242,375,7,6,1,6,0,0,True,False,False,False,False,V1_P0_C0,medium,V1_P0_C0__medium
006279,train,1242,375,2,2,0,2,0,0,True,False,False,False,False,V1_P0_C0,low,V1_P0_C0__low
006280,train,1242,375,5,3,2,2,0,1,True,False,True,False,False,V1_P0_C1,low,V1_P0_C1__low
006281,train,1242,375,15,15,0,15,0,0,True,False,False,False,False,V1_P0_C0,high,V1_P0_C0__high
006282,train,1242,375,5,3,2,3,0,0,True,False,False,False,False,V1_P0_C0,low,V1_P0_C0__low
006283,train,1242,375,3,2,1,2,0,0,True,False,False,False,False,V1_P0_C0,low,V1_P0_C0__low
006284,train,1224,370,10,8,2,0,7,1,False,True,True,False,False,V0_P1_C1,high,V0_P1_C1__high
006285,train,1242,375,11,7,4,7,0,0,True,False,False,False,False,V1_P0_C0,high,V1_P0_C0__high
006286,train,1242,375,8,4,4,4,0,0,True,False,False,False,False,V1_P0_C0,medium,V1_P0_C0__medium
006287,train,1242,375,4,2,2,2,0,0,True,False,False,False,False,V1_P0_C0,low,V1_P0_C0__low
006288,train,1242,375,5,1,4,1,0,0,True,False,False,False,False,V1_P0_C0,low,V1_P0_C0__low
006289,train,1242,375,2,1,1,1,0,0,True,False,False,False,False,V1_P0_C0,low,V1_P0_C0__low
006290,train,1242,375,6,4,2,4,0,0,True,False,False,False,False,V1_P0_C0,medium,V1_P0_C0__medium
006291,train,1242,375,16,14,2,14,0,0,True,False,False,False,False,V1_P0_C0,high,V1_P0_C0__high
006292,train,1224,370,1,1,0,0,1,0,False,True,False,False,False,V0_P1_C0,low,V0_P1_C0__low
006293,train,1242,375,9,6,3,4,1,1,True,True,True,False,False,V1_P1_C1,medium,V1_P1_C1__medium
006294,train,1224,370,1,1,0,0,1,0,False,True,False,False,False,V0_P1_C0,low,V0_P1_C0__low
006295,train,1242,375,14,13,1,13,0,0,True,False,False,False,False,V1_P0_C0,high,V1_P0_C0__high
006296,train,1242,375,7,5,2,5,0,0,True,False,False,False,False,V1_P0_C0,medium,V1_P0_C0__medium
006297,train,1242,375,6,4,2,4,0,0,True,False,False,False,False,V1_P0_C0,medium,V1_P0_C0__medium
006298,val,1242,375,9,7,2,6,1,0,True,True,False,False,False,V1_P1_C0,high,V1_P1_C0__high
006299,val,1224,370,1,1,0,0,1,0,False,True,False,False,False,V0_P1_C0,low,V0_P1_C0__low
006300,train,1242,375,16,11,5,11,0,0,True,False,False,False,False,V1_P0_C0,high,V1_P0_C0__high
006301,train,1242,375,9,8,1,7,1,0,True,True,False,False,False,V1_P1_C0,high,V1_P1_C0__high
006302,train,1242,375,4,3,1,3,0,0,True,False,False,False,False,V1_P0_C0,low,V1_P0_C0__low
006303,train,1242,375,12,8,4,6,2,0,True,True,False,False,False,V1_P1_C0,high,V1_P1_C0__high
006304,train,1242,375,4,2,2,2,0,0,True,False,False,False,False,V1_P0_C0,low,V1_P0_C0__low
006305,val,1242,375,6,4,2,4,0,0,True,False,False,False,False,V1_P0_C0,medium,V1_P0_C0__medium
006306,train,1242,375,12,11,1,11,0,0,True,False,False,False,False,V1_P0_C0,high,V1_P0_C0__high
006307,train,1242,375,9,7,2,7,0,0,True,False,False,False,False,V1_P0_C0,high,V1_P0_C0__high
006308,train,1224,370,1,1,0,0,1,0,False,True,False,False,False,V0_P1_C0,low,V0_P1_C0__low
006309,train,1242,375,2,1,1,1,0,0,True,False,False,False,False,V1_P0_C0,low,V1_P0_C0__low
006310,train,1242,375,8,7,1,7,0,0,True,False,False,False,False,V1_P0_C0,high,V1_P0_C0__high
006311,train,1242,375,1,1,0,1,0,0,True,False,False,False,False,V1_P0_C0,low,V1_P0_C0__low
006312,val,1241,376,9,9,0,9,0,0,True,False,False,False,False,V1_P0_C0,high,V1_P0_C0__high
006313,train,1242,375,6,2,4,1,1,0,True,True,False,False,False,V1_P1_C0,low,V1_P1_C0__low
006314,train,1242,375,13,10,3,10,0,0,True,False,False,False,False,V1_P0_C0,high,V1_P0_C0__high
006315,train,1242,375,5,3,2,3,0,0,True,False,False,False,False,V1_P0_C0,low,V1_P0_C0__low
006316,train,1242,375,1,1,0,1,0,0,True,False,False,False,False,V1_P0_C0,low,V1_P0_C0__low
006317,train,1242,375,4,3,1,3,0,0,True,False,False,False,False,V1_P0_C0,low,V1_P0_C0__low
006318,val,1242,375,7,1,6,1,0,0,True,False,False,False,False,V1_P0_C0,low,V1_P0_C0__low
006319,train,1242,375,4,4,0,4,0,0,True,False,False,False,False,V1_P0_C0,medium,V1_P0_C0__medium
006320,train,1242,375,9,8,1,8,0,0,True,False,False,False,False,V1_P0_C0,high,V1_P0_C0__high
006321,train,1242,375,2,1,1,1,0,0,True,False,False,False,False,V1_P0_C0,low,V1_P0_C0__low
006322,train,1242,375,10,8,2,8,0,0,True,False,False,False,False,V1_P0_C0,high,V1_P0_C0__high
006323,train,1242,375,6,2,4,2,0,0,True,False,False,False,False,V1_P0_C0,low,V1_P0_C0__low
006324,train,1242,375,8,5,3,5,0,0,True,False,False,False,False,V1_P0_C0,medium,V1_P0_C0__medium
006325,val,1242,375,5,2,3,2,0,0,True,False,False,False,False,V1_P0_C0,low,V1_P0_C0__low
006326,train,1242,375,6,5,1,5,0,0,True,False,False,False,False,V1_P0_C0,medium,V1_P0_C0__medium
006327,val,1242,375,2,1,1,1,0,0,True,False,False,False,False,V1_P0_C0,low,V1_P0_C0__low
006328,train,1242,375,11,8,3,7,1,0,True,True,False,False,False,V1_P1_C0,high,V1_P1_C0__high
006329,train,1242,375,5,5,0,5,0,0,True,False,False,False,False,V1_P0_C0,medium,V1_P0_C0__medium
006330,train,1242,375,8,7,1,7,0,0,True,False,False,False,False,V1_P0_C0,high,V1_P0_C0__high
006331,train,1242,375,4,2,2,2,0,0,True,False,False,False,False,V1_P0_C0,low,V1_P0_C0__low
006332,train,1242,375,4,3,1,3,0,0,True,False,False,False,False,V1_P0_C0,low,V1_P0_C0__low
006333,train,1242,375,8,5,3,3,0,2,True,False,True,False,False,V1_P0_C1,medium,V1_P0_C1__medium
006334,train,1242,375,10,8,2,6,2,0,True,True,False,False,False,V1_P1_C0,high,V1_P1_C0__high
006335,train,1242,375,6,4,2,4,0,0,True,False,False,False,False,V1_P0_C0,medium,V1_P0_C0__medium
006336,train,1242,375,13,7,6,7,0,0,True,False,False,False,False,V1_P0_C0,high,V1_P0_C0__high
006337,train,1224,370,1,1,0,0,1,0,False,True,False,False,False,V0_P1_C0,low,V0_P1_C0__low
006338,train,1242,375,10,8,2,8,0,0,True,False,False,False,False,V1_P0_C0,high,V1_P0_C0__high
006339,train,1242,375,3,2,1,1,0,1,True,False,True,False,False,V1_P0_C1,low,V1_P0_C1__low
006340,train,1242,375,5,2,3,2,0,0,True,False,False,False,False,V1_P0_C0,low,V1_P0_C0__low
006341,train,1224,370,9,5,4,0,4,1,False,True,True,False,False,V0_P1_C1,medium,V0_P1_C1__medium
006342,val,1242,375,13,11,2,11,0,0,True,False,False,False,False,V1_P0_C0,high,V1_P0_C0__high
006343,train,1242,375,4,2,2,2,0,0,True,False,False,False,False,V1_P0_C0,low,V1_P0_C0__low
006344,train,1241,376,11,10,1,10,0,0,True,False,False,False,False,V1_P0_C0,high,V1_P0_C0__high
006345,val,1241,376,13,13,0,13,0,0,True,False,False,False,False,V1_P0_C0,high,V1_P0_C0__high
006346,train,1242,375,7,3,4,3,0,0,True,False,False,False,False,V1_P0_C0,low,V1_P0_C0__low
006347,train,1242,375,2,1,1,1,0,0,True,False,False,False,False,V1_P0_C0,low,V1_P0_C0__low
006348,train,1242,375,3,1,2,1,0,0,True,False,False,False,False,V1_P0_C0,low,V1_P0_C0__low
006349,train,1242,375,2,1,1,1,0,0,True,False,False,False,False,V1_P0_C0,low,V1_P0_C0__low
006350,train,1242,375,4,4,0,4,0,0,True,False,False,False,False,V1_P0_C0,medium,V1_P0_C0__medium
006351,train,1242,375,2,2,0,2,0,0,True,False,False,False,False,V1_P0_C0,low,V1_P0_C0__low
006352,train,1242,375,5,2,3,1,0,1,True,False,True,False,False,V1_P0_C1,low,V1_P0_C1__low
006353,val,1242,375,2,2,0,2,0,0,True,False,False,False,False,V1_P0_C0,low,V1_P0_C0__low
006354,val,1224,370,1,1,0,0,1,0,False,True,False,False,False,V0_P1_C0,low,V0_P1_C0__low
006355,train,1242,375,5,3,2,3,0,0,True,False,False,False,False,V1_P0_C0,low,V1_P0_C0__low
006356,train,1242,375,10,8,2,8,0,0,True,False,False,False,False,V1_P0_C0,high,V1_P0_C0__high
006357,train,1242,375,2,2,0,2,0,0,True,False,False,False,False,V1_P0_C0,low,V1_P0_C0__low
006358,train,1242,375,7,4,3,3,0,1,True,False,True,False,False,V1_P0_C1,medium,V1_P0_C1__medium
006359,train,1242,375,2,1,1,1,0,0,True,False,False,False,False,V1_P0_C0,low,V1_P0_C0__low
006360,train,1242,375,5,3,2,3,0,0,True,False,False,False,False,V1_P0_C0,low,V1_P0_C0__low
006361,train,1242,375,11,11,0,10,1,0,True,True,False,False,False,V1_P1_C0,high,V1_P1_C0__high
006362,train,1242,375,9,8,1,5,3,0,True,True,False,False,False,V1_P1_C0,high,V1_P1_C0__high
006363,val,1242,375,7,5,2,5,0,0,True,False,False,False,False,V1_P0_C0,medium,V1_P0_C0__medium
006364,train,1242,375,8,2,6,1,1,0,True,True,False,False,False,V1_P1_C0,low,V1_P1_C0__low
006365,val,1242,375,15,12,3,12,0,0,True,False,False,False,False,V1_P0_C0,high,V1_P0_C0__high
006366,train,1242,375,11,9,2,9,0,0,True,False,False,False,False,V1_P0_C0,high,V1_P0_C0__high
006367,train,1242,375,6,4,2,4,0,0,True,False,False,False,False,V1_P0_C0,medium,V1_P0_C0__medium
006368,train,1242,375,10,9,1,9,0,0,True,False,False,False,False,V1_P0_C0,high,V1_P0_C0__high
006369,train,1242,375,7,5,2,4,0,1,True,False,True,False,False,V1_P0_C1,medium,V1_P0_C1__medium
006370,val,1242,375,7,6,1,6,0,0,True,False,False,False,False,V1_P0_C0,medium,V1_P0_C0__medium
006371,train,1242,375,8,8,0,7,0,1,True,False,True,False,False,V1_P0_C1,high,V1_P0_C1__high
006372,train,1242,375,8,7,1,7,0,0,True,False,False,False,False,V1_P0_C0,high,V1_P0_C0__high
006373,train,1242,375,5,2,3,2,0,0,True,False,False,False,False,V1_P0_C0,low,V1_P0_C0__low
006374,train,1242,375,4,2,2,2,0,0,True,False,False,False,False,V1_P0_C0,low,V1_P0_C0__low
006375,train,1242,375,2,1,1,1,0,0,True,False,False,False,False,V1_P0_C0,low,V1_P0_C0__low
006376,train,1242,375,16,16,0,16,0,0,True,False,False,False,False,V1_P0_C0,high,V1_P0_C0__high
006377,val,1242,375,5,2,3,2,0,0,True,False,False,False,False,V1_P0_C0,low,V1_P0_C0__low
006378,train,1242,375,9,5,4,2,0,3,True,False,True,False,False,V1_P0_C1,medium,V1_P0_C1__medium
006379,train,1242,375,15,13,2,13,0,0,True,False,False,False,False,V1_P0_C0,high,V1_P0_C0__high
006380,train,1242,375,7,2,5,1,0,1,True,False,True,False,False,V1_P0_C1,low,V1_P0_C1__low
006381,train,1242,375,6,6,0,5,1,0,True,True,False,False,False,V1_P1_C0,medium,V1_P1_C0__medium
006382,train,1242,375,4,4,0,2,1,1,True,True,True,False,False,V1_P1_C1,medium,V1_P1_C1__medium
006383,train,1242,375,2,1,1,1,0,0,True,False,False,False,False,V1_P0_C0,low,V1_P0_C0__low
006384,train,1242,375,2,1,1,1,0,0,True,False,False,False,False,V1_P0_C0,low,V1_P0_C0__low
006385,val,1242,375,5,4,1,4,0,0,True,False,False,False,False,V1_P0_C0,medium,V1_P0_C0__medium
006386,train,1242,375,6,5,1,5,0,0,True,False,False,False,False,V1_P0_C0,medium,V1_P0_C0__medium
006387,train,1242,375,6,2,4,2,0,0,True,False,False,False,False,V1_P0_C0,low,V1_P0_C0__low
006388,train,1242,375,7,4,3,4,0,0,True,False,False,False,False,V1_P0_C0,medium,V1_P0_C0__medium
006389,train,1242,375,14,14,0,14,0,0,True,False,False,False,False,V1_P0_C0,high,V1_P0_C0__high
006390,train,1242,375,16,15,1,14,1,0,True,True,False,False,False,V1_P1_C0,high,V1_P1_C0__high
006391,train,1242,375,7,6,1,6,0,0,True,False,False,False,False,V1_P0_C0,medium,V1_P0_C0__medium
006392,train,1242,375,2,1,1,1,0,0,True,False,False,False,False,V1_P0_C0,low,V1_P0_C0__low
006393,train,1242,375,1,1,0,1,0,0,True,False,False,False,False,V1_P0_C0,low,V1_P0_C0__low
006394,train,1241,376,8,7,1,7,0,0,True,False,False,False,False,V1_P0_C0,high,V1_P0_C0__high
006395,val,1238,374,10,9,1,0,8,1,False,True,True,False,False,V0_P1_C1,high,V0_P1_C1__high
006396,train,1224,370,16,14,2,3,7,4,True,True,True,False,False,V1_P1_C1,high,V1_P1_C1__high
006397,train,1242,375,7,2,5,2,0,0,True,False,False,False,False,V1_P0_C0,low,V1_P0_C0__low
006398,train,1242,375,4,3,1,3,0,0,True,False,False,False,False,V1_P0_C0,low,V1_P0_C0__low
006399,train,1242,375,15,14,1,14,0,0,True,False,False,False,False,V1_P0_C0,high,V1_P0_C0__high
006400,train,1242,375,9,6,3,0,6,0,False,True,False,False,False,V0_P1_C0,medium,V0_P1_C0__medium
006401,val,1242,375,15,14,1,14,0,0,True,False,False,False,False,V1_P0_C0,high,V1_P0_C0__high
006402,train,1242,375,5,5,0,5,0,0,True,False,False,False,False,V1_P0_C0,medium,V1_P0_C0__medium
006403,train,1242,375,8,6,2,6,0,0,True,False,False,False,False,V1_P0_C0,medium,V1_P0_C0__medium
006404,train,1242,375,11,10,1,10,0,0,True,False,False,False,False,V1_P0_C0,high,V1_P0_C0__high
006405,train,1242,375,5,3,2,3,0,0,True,False,False,False,False,V1_P0_C0,low,V1_P0_C0__low
006406,train,1242,375,3,2,1,1,0,1,True,False,True,False,False,V1_P0_C1,low,V1_P0_C1__low
006407,train,1224,370,11,6,5,3,0,3,True,False,True,False,False,V1_P0_C1,medium,V1_P0_C1__medium
006408,val,1242,375,8,7,1,7,0,0,True,False,False,False,False,V1_P0_C0,high,V1_P0_C0__high
006409,val,1242,375,4,3,1,3,0,0,True,False,False,False,False,V1_P0_C0,low,V1_P0_C0__low
006410,val,1242,375,9,7,2,7,0,0,True,False,False,False,False,V1_P0_C0,high,V1_P0_C0__high
006411,train,1224,370,1,1,0,0,1,0,False,True,False,False,False,V0_P1_C0,low,V0_P1_C0__low
006412,train,1242,375,7,4,3,0,4,0,False,True,False,False,False,V0_P1_C0,medium,V0_P1_C0__medium
006413,train,1242,375,6,4,2,4,0,0,True,False,False,False,False,V1_P0_C0,medium,V1_P0_C0__medium
006414,val,1242,375,6,2,4,1,0,1,True,False,True,False,False,V1_P0_C1,low,V1_P0_C1__low
006415,val,1242,375,6,4,2,2,0,2,True,False,True,False,False,V1_P0_C1,medium,V1_P0_C1__medium
006416,train,1242,375,13,11,2,11,0,0,True,False,False,False,False,V1_P0_C0,high,V1_P0_C0__high
006417,val,1242,375,10,5,5,5,0,0,True,False,False,False,False,V1_P0_C0,medium,V1_P0_C0__medium
006418,val,1242,375,8,6,2,6,0,0,True,False,False,False,False,V1_P0_C0,medium,V1_P0_C0__medium
006419,train,1242,375,5,3,2,3,0,0,True,False,False,False,False,V1_P0_C0,low,V1_P0_C0__low
006420,train,1241,376,6,5,1,5,0,0,True,False,False,False,False,V1_P0_C0,medium,V1_P0_C0__medium
006421,train,1242,375,8,5,3,5,0,0,True,False,False,False,False,V1_P0_C0,medium,V1_P0_C0__medium
006422,train,1224,370,20,20,0,5,14,1,True,True,True,False,False,V1_P1_C1,high,V1_P1_C1__high
006423,val,1241,376,9,9,0,9,0,0,True,False,False,False,False,V1_P0_C0,high,V1_P0_C0__high
006424,val,1238,374,13,12,1,3,9,0,True,True,False,False,False,V1_P1_C0,high,V1_P1_C0__high
006425,train,1242,375,4,4,0,4,0,0,True,False,False,False,False,V1_P0_C0,medium,V1_P0_C0__medium
006426,train,1242,375,15,12,3,12,0,0,True,False,False,False,False,V1_P0_C0,high,V1_P0_C0__high
006427,train,1238,374,11,10,1,1,9,0,True,True,False,False,False,V1_P1_C0,high,V1_P1_C0__high
006428,train,1242,375,6,1,5,1,0,0,True,False,False,False,False,V1_P0_C0,low,V1_P0_C0__low
006429,train,1242,375,11,10,1,10,0,0,True,False,False,False,False,V1_P0_C0,high,V1_P0_C0__high
006430,train,1238,374,5,5,0,5,0,0,True,False,False,False,False,V1_P0_C0,medium,V1_P0_C0__medium
006431,train,1242,375,16,16,0,10,4,2,True,True,True,False,False,V1_P1_C1,high,V1_P1_C1__high
006432,train,1242,375,9,6,3,6,0,0,True,False,False,False,False,V1_P0_C0,medium,V1_P0_C0__medium
006433,train,1224,370,8,5,3,2,2,1,True,True,True,False,False,V1_P1_C1,medium,V1_P1_C1__medium
006434,train,1224,370,1,1,0,0,1,0,False,True,False,False,False,V0_P1_C0,low,V0_P1_C0__low
006435,train,1242,375,2,2,0,2,0,0,True,False,False,False,False,V1_P0_C0,low,V1_P0_C0__low
006436,train,1242,375,5,3,2,3,0,0,True,False,False,False,False,V1_P0_C0,low,V1_P0_C0__low
006437,train,1242,375,4,4,0,4,0,0,True,False,False,False,False,V1_P0_C0,medium,V1_P0_C0__medium
006438,train,1242,375,9,6,3,6,0,0,True,False,False,False,False,V1_P0_C0,medium,V1_P0_C0__medium
006439,train,1242,375,7,4,3,4,0,0,True,False,False,False,False,V1_P0_C0,medium,V1_P0_C0__medium
006440,train,1242,375,3,3,0,2,1,0,True,True,False,False,False,V1_P1_C0,low,V1_P1_C0__low
006441,train,1238,374,5,4,1,2,2,0,True,True,False,False,False,V1_P1_C0,medium,V1_P1_C0__medium
006442,train,1242,375,7,3,4,3,0,0,True,False,False,False,False,V1_P0_C0,low,V1_P0_C0__low
006443,train,1242,375,7,4,3,4,0,0,True,False,False,False,False,V1_P0_C0,medium,V1_P0_C0__medium
006444,train,1238,374,12,11,1,2,9,0,True,True,False,False,False,V1_P1_C0,high,V1_P1_C0__high
006445,train,1242,375,9,7,2,7,0,0,True,False,False,False,False,V1_P0_C0,high,V1_P0_C0__high
006446,train,1242,375,5,2,3,1,0,1,True,False,True,False,False,V1_P0_C1,low,V1_P0_C1__low
006447,val,1242,375,6,6,0,6,0,0,True,False,False,False,False,V1_P0_C0,medium,V1_P0_C0__medium
006448,val,1242,375,9,5,4,5,0,0,True,False,False,False,False,V1_P0_C0,medium,V1_P0_C0__medium
006449,train,1242,375,10,9,1,7,1,1,True,True,True,False,False,V1_P1_C1,high,V1_P1_C1__high
006450,train,1242,375,8,6,2,6,0,0,True,False,False,False,False,V1_P0_C0,medium,V1_P0_C0__medium
006451,train,1224,370,1,1,0,0,1,0,False,True,False,False,False,V0_P1_C0,low,V0_P1_C0__low
006452,train,1242,375,4,4,0,4,0,0,True,False,False,False,False,V1_P0_C0,medium,V1_P0_C0__medium
006453,train,1238,374,10,3,7,0,3,0,False,True,False,False,False,V0_P1_C0,low,V0_P1_C0__low
006454,val,1242,375,6,4,2,4,0,0,True,False,False,False,False,V1_P0_C0,medium,V1_P0_C0__medium
006455,train,1238,374,2,1,1,1,0,0,True,False,False,False,False,V1_P0_C0,low,V1_P0_C0__low
006456,train,1242,375,1,1,0,1,0,0,True,False,False,False,False,V1_P0_C0,low,V1_P0_C0__low
006457,train,1242,375,7,6,1,6,0,0,True,False,False,False,False,V1_P0_C0,medium,V1_P0_C0__medium
006458,train,1224,370,1,1,0,0,1,0,False,True,False,False,False,V0_P1_C0,low,V0_P1_C0__low
006459,train,1242,375,5,3,2,3,0,0,True,False,False,False,False,V1_P0_C0,low,V1_P0_C0__low
006460,val,1242,375,6,3,3,2,0,1,True,False,True,False,False,V1_P0_C1,low,V1_P0_C1__low
006461,train,1242,375,8,5,3,5,0,0,True,False,False,False,False,V1_P0_C0,medium,V1_P0_C0__medium
006462,train,1242,375,5,3,2,3,0,0,True,False,False,False,False,V1_P0_C0,low,V1_P0_C0__low
006463,val,1242,375,8,5,3,5,0,0,True,False,False,False,False,V1_P0_C0,medium,V1_P0_C0__medium
006464,train,1242,375,6,2,4,0,1,1,False,True,True,False,False,V0_P1_C1,low,V0_P1_C1__low
006465,train,1242,375,5,4,1,4,0,0,True,False,False,False,False,V1_P0_C0,medium,V1_P0_C0__medium
006466,train,1242,375,3,1,2,1,0,0,True,False,False,False,False,V1_P0_C0,low,V1_P0_C0__low
006467,train,1242,375,9,8,1,5,3,0,True,True,False,False,False,V1_P1_C0,high,V1_P1_C0__high
006468,train,1242,375,10,8,2,8,0,0,True,False,False,False,False,V1_P0_C0,high,V1_P0_C0__high
006469,train,1241,376,7,6,1,6,0,0,True,False,False,False,False,V1_P0_C0,medium,V1_P0_C0__medium
006470,val,1242,375,6,5,1,5,0,0,True,False,False,False,False,V1_P0_C0,medium,V1_P0_C0__medium
006471,train,1224,370,1,1,0,0,1,0,False,True,False,False,False,V0_P1_C0,low,V0_P1_C0__low
006472,train,1224,370,1,1,0,0,1,0,False,True,False,False,False,V0_P1_C0,low,V0_P1_C0__low
006473,train,1242,375,7,2,5,1,0,1,True,False,True,False,False,V1_P0_C1,low,V1_P0_C1__low
006474,train,1242,375,16,8,8,7,1,0,True,True,False,False,False,V1_P1_C0,high,V1_P1_C0__high
006475,val,1238,374,13,12,1,1,10,1,True,True,True,False,False,V1_P1_C1,high,V1_P1_C1__high
006476,train,1242,375,4,2,2,1,1,0,True,True,False,False,False,V1_P1_C0,low,V1_P1_C0__low
006477,train,1242,375,8,4,4,4,0,0,True,False,False,False,False,V1_P0_C0,medium,V1_P0_C0__medium
006478,train,1238,374,8,6,2,2,4,0,True,True,False,False,False,V1_P1_C0,medium,V1_P1_C0__medium
006479,val,1242,375,7,3,4,2,0,1,True,False,True,False,False,V1_P0_C1,low,V1_P0_C1__low
006480,train,1224,370,1,1,0,0,1,0,False,True,False,False,False,V0_P1_C0,low,V0_P1_C0__low
006481,train,1242,375,5,3,2,3,0,0,True,False,False,False,False,V1_P0_C0,low,V1_P0_C0__low
006482,train,1242,375,6,4,2,4,0,0,True,False,False,False,False,V1_P0_C0,medium,V1_P0_C0__medium
006483,train,1242,375,6,5,1,5,0,0,True,False,False,False,False,V1_P0_C0,medium,V1_P0_C0__medium
006484,val,1242,375,5,2,3,1,0,1,True,False,True,False,False,V1_P0_C1,low,V1_P0_C1__low
006485,train,1242,375,2,1,1,1,0,0,True,False,False,False,False,V1_P0_C0,low,V1_P0_C0__low
006486,train,1224,370,2,2,0,0,2,0,False,True,False,False,False,V0_P1_C0,low,V0_P1_C0__low
006487,val,1242,375,4,3,1,3,0,0,True,False,False,False,False,V1_P0_C0,low,V1_P0_C0__low
006488,train,1238,374,11,10,1,1,9,0,True,True,False,False,False,V1_P1_C0,high,V1_P1_C0__high
006489,train,1242,375,13,12,1,12,0,0,True,False,False,False,False,V1_P0_C0,high,V1_P0_C0__high
006490,train,1242,375,8,7,1,7,0,0,True,False,False,False,False,V1_P0_C0,high,V1_P0_C0__high
006491,train,1242,375,6,3,3,3,0,0,True,False,False,False,False,V1_P0_C0,low,V1_P0_C0__low
006492,train,1242,375,7,5,2,4,0,1,True,False,True,False,False,V1_P0_C1,medium,V1_P0_C1__medium
006493,train,1242,375,8,6,2,6,0,0,True,False,False,False,False,V1_P0_C0,medium,V1_P0_C0__medium
006494,train,1242,375,10,7,3,7,0,0,True,False,False,False,False,V1_P0_C0,high,V1_P0_C0__high
006495,train,1242,375,7,6,1,6,0,0,True,False,False,False,False,V1_P0_C0,medium,V1_P0_C0__medium
006496,val,1224,370,10,10,0,3,5,2,True,True,True,False,False,V1_P1_C1,high,V1_P1_C1__high
006497,train,1241,376,11,11,0,11,0,0,True,False,False,False,False,V1_P0_C0,high,V1_P0_C0__high
006498,train,1242,375,8,8,0,7,1,0,True,True,False,False,False,V1_P1_C0,high,V1_P1_C0__high
006499,val,1242,375,2,2,0,2,0,0,True,False,False,False,False,V1_P0_C0,low,V1_P0_C0__low
006500,train,1242,375,8,5,3,4,0,1,True,False,True,False,False,V1_P0_C1,medium,V1_P0_C1__medium
006501,train,1242,375,5,4,1,4,0,0,True,False,False,False,False,V1_P0_C0,medium,V1_P0_C0__medium
006502,train,1224,370,1,1,0,0,1,0,False,True,False,False,False,V0_P1_C0,low,V0_P1_C0__low
006503,train,1224,370,6,5,1,4,0,1,True,False,True,False,False,V1_P0_C1,medium,V1_P0_C1__medium
006504,train,1242,375,4,4,0,4,0,0,True,False,False,False,False,V1_P0_C0,medium,V1_P0_C0__medium
006505,train,1242,375,5,2,3,2,0,0,True,False,False,False,False,V1_P0_C0,low,V1_P0_C0__low
006506,train,1238,374,6,5,1,5,0,0,True,False,False,False,False,V1_P0_C0,medium,V1_P0_C0__medium
006507,train,1242,375,6,4,2,4,0,0,True,False,False,False,False,V1_P0_C0,medium,V1_P0_C0__medium
006508,val,1242,375,7,7,0,6,1,0,True,True,False,False,False,V1_P1_C0,high,V1_P1_C0__high
006509,train,1242,375,4,4,0,4,0,0,True,False,False,False,False,V1_P0_C0,medium,V1_P0_C0__medium
006510,val,1238,374,2,1,1,1,0,0,True,False,False,False,False,V1_P0_C0,low,V1_P0_C0__low
006511,train,1242,375,10,8,2,4,4,0,True,True,False,False,False,V1_P1_C0,high,V1_P1_C0__high
006512,val,1242,375,5,3,2,3,0,0,True,False,False,False,False,V1_P0_C0,low,V1_P0_C0__low
006513,val,1242,375,8,6,2,6,0,0,True,False,False,False,False,V1_P0_C0,medium,V1_P0_C0__medium
006514,train,1242,375,5,4,1,4,0,0,True,False,False,False,False,V1_P0_C0,medium,V1_P0_C0__medium
006515,val,1242,375,5,4,1,4,0,0,True,False,False,False,False,V1_P0_C0,medium,V1_P0_C0__medium
006516,train,1242,375,4,2,2,2,0,0,True,False,False,False,False,V1_P0_C0,low,V1_P0_C0__low
006517,train,1242,375,6,2,4,0,1,1,False,True,True,False,False,V0_P1_C1,low,V0_P1_C1__low
006518,train,1242,375,3,2,1,2,0,0,True,False,False,False,False,V1_P0_C0,low,V1_P0_C0__low
006519,val,1242,375,12,11,1,8,3,0,True,True,False,False,False,V1_P1_C0,high,V1_P1_C0__high
006520,train,1242,375,10,8,2,8,0,0,True,False,False,False,False,V1_P0_C0,high,V1_P0_C0__high
006521,train,1242,375,1,1,0,1,0,0,True,False,False,False,False,V1_P0_C0,low,V1_P0_C0__low
006522,train,1224,370,7,6,1,4,2,0,True,True,False,False,False,V1_P1_C0,medium,V1_P1_C0__medium
006523,train,1242,375,14,12,2,12,0,0,True,False,False,False,False,V1_P0_C0,high,V1_P0_C0__high
006524,train,1242,375,4,4,0,4,0,0,True,False,False,False,False,V1_P0_C0,medium,V1_P0_C0__medium
006525,train,1242,375,8,7,1,6,1,0,True,True,False,False,False,V1_P1_C0,high,V1_P1_C0__high
006526,train,1224,370,8,6,2,6,0,0,True,False,False,False,False,V1_P0_C0,medium,V1_P0_C0__medium
006527,train,1242,375,13,9,4,9,0,0,True,False,False,False,False,V1_P0_C0,high,V1_P0_C0__high
006528,val,1242,375,14,12,2,2,7,3,True,True,True,False,False,V1_P1_C1,high,V1_P1_C1__high
006529,train,1242,375,6,2,4,2,0,0,True,False,False,False,False,V1_P0_C0,low,V1_P0_C0__low
006530,train,1242,375,7,7,0,7,0,0,True,False,False,False,False,V1_P0_C0,high,V1_P0_C0__high
006531,train,1242,375,7,5,2,5,0,0,True,False,False,False,False,V1_P0_C0,medium,V1_P0_C0__medium
006532,train,1242,375,10,8,2,8,0,0,True,False,False,False,False,V1_P0_C0,high,V1_P0_C0__high
006533,train,1242,375,6,4,2,4,0,0,True,False,False,False,False,V1_P0_C0,medium,V1_P0_C0__medium
006534,val,1242,375,5,5,0,4,1,0,True,True,False,False,False,V1_P1_C0,medium,V1_P1_C0__medium
006535,val,1242,375,11,9,2,9,0,0,True,False,False,False,False,V1_P0_C0,high,V1_P0_C0__high
006536,train,1242,375,9,7,2,6,1,0,True,True,False,False,False,V1_P1_C0,high,V1_P1_C0__high
006537,train,1242,375,4,2,2,2,0,0,True,False,False,False,False,V1_P0_C0,low,V1_P0_C0__low
006538,val,1242,375,10,6,4,6,0,0,True,False,False,False,False,V1_P0_C0,medium,V1_P0_C0__medium
006539,train,1224,370,9,5,4,0,4,1,False,True,True,False,False,V0_P1_C1,medium,V0_P1_C1__medium
006540,train,1242,375,4,4,0,4,0,0,True,False,False,False,False,V1_P0_C0,medium,V1_P0_C0__medium
006541,train,1242,375,3,1,2,1,0,0,True,False,False,False,False,V1_P0_C0,low,V1_P0_C0__low
006542,train,1242,375,7,5,2,5,0,0,True,False,False,False,False,V1_P0_C0,medium,V1_P0_C0__medium
006543,val,1242,375,8,6,2,6,0,0,True,False,False,False,False,V1_P0_C0,medium,V1_P0_C0__medium
006544,val,1242,375,5,4,1,4,0,0,True,False,False,False,False,V1_P0_C0,medium,V1_P0_C0__medium
006545,train,1242,375,5,1,4,1,0,0,True,False,False,False,False,V1_P0_C0,low,V1_P0_C0__low
006546,train,1242,375,3,2,1,1,1,0,True,True,False,False,False,V1_P1_C0,low,V1_P1_C0__low
006547,val,1242,375,5,2,3,2,0,0,True,False,False,False,False,V1_P0_C0,low,V1_P0_C0__low
006548,val,1242,375,6,4,2,4,0,0,True,False,False,False,False,V1_P0_C0,medium,V1_P0_C0__medium
006549,train,1242,375,16,14,2,14,0,0,True,False,False,False,False,V1_P0_C0,high,V1_P0_C0__high
006550,train,1242,375,3,2,1,2,0,0,True,False,False,False,False,V1_P0_C0,low,V1_P0_C0__low
006551,train,1242,375,6,3,3,3,0,0,True,False,False,False,False,V1_P0_C0,low,V1_P0_C0__low
006552,train,1224,370,4,4,0,0,4,0,False,True,False,False,False,V0_P1_C0,medium,V0_P1_C0__medium
006553,train,1242,375,4,2,2,2,0,0,True,False,False,False,False,V1_P0_C0,low,V1_P0_C0__low
006554,val,1242,375,3,2,1,2,0,0,True,False,False,False,False,V1_P0_C0,low,V1_P0_C0__low
006555,train,1242,375,3,2,1,2,0,0,True,False,False,False,False,V1_P0_C0,low,V1_P0_C0__low
006556,train,1242,375,4,4,0,3,1,0,True,True,False,False,False,V1_P1_C0,medium,V1_P1_C0__medium
006557,train,1242,375,8,6,2,6,0,0,True,False,False,False,False,V1_P0_C0,medium,V1_P0_C0__medium
006558,train,1242,375,2,2,0,2,0,0,True,False,False,False,False,V1_P0_C0,low,V1_P0_C0__low
006559,train,1242,375,15,15,0,15,0,0,True,False,False,False,False,V1_P0_C0,high,V1_P0_C0__high
006560,train,1242,375,6,4,2,4,0,0,True,False,False,False,False,V1_P0_C0,medium,V1_P0_C0__medium
006561,val,1242,375,7,3,4,3,0,0,True,False,False,False,False,V1_P0_C0,low,V1_P0_C0__low
006562,train,1242,375,16,15,1,15,0,0,True,False,False,False,False,V1_P0_C0,high,V1_P0_C0__high
006563,train,1242,375,4,2,2,2,0,0,True,False,False,False,False,V1_P0_C0,low,V1_P0_C0__low
006564,train,1242,375,12,11,1,9,1,1,True,True,True,False,False,V1_P1_C1,high,V1_P1_C1__high
006565,val,1242,375,5,2,3,2,0,0,True,False,False,False,False,V1_P0_C0,low,V1_P0_C0__low
006566,train,1242,375,2,1,1,1,0,0,True,False,False,False,False,V1_P0_C0,low,V1_P0_C0__low
006567,train,1242,375,8,8,0,8,0,0,True,False,False,False,False,V1_P0_C0,high,V1_P0_C0__high
006568,val,1242,375,11,10,1,10,0,0,True,False,False,False,False,V1_P0_C0,high,V1_P0_C0__high
006569,train,1242,375,8,5,3,5,0,0,True,False,False,False,False,V1_P0_C0,medium,V1_P0_C0__medium
006570,train,1242,375,7,7,0,6,1,0,True,True,False,False,False,V1_P1_C0,high,V1_P1_C0__high
006571,train,1242,375,7,6,1,6,0,0,True,False,False,False,False,V1_P0_C0,medium,V1_P0_C0__medium
006572,val,1242,375,3,3,0,2,1,0,True,True,False,False,False,V1_P1_C0,low,V1_P1_C0__low
006573,train,1224,370,1,1,0,0,1,0,False,True,False,False,False,V0_P1_C0,low,V0_P1_C0__low
006574,val,1242,375,3,3,0,2,0,1,True,False,True,False,False,V1_P0_C1,low,V1_P0_C1__low
006575,train,1224,370,1,1,0,0,1,0,False,True,False,False,False,V0_P1_C0,low,V0_P1_C0__low
006576,train,1242,375,5,4,1,4,0,0,True,False,False,False,False,V1_P0_C0,medium,V1_P0_C0__medium
006577,train,1242,375,4,4,0,4,0,0,True,False,False,False,False,V1_P0_C0,medium,V1_P0_C0__medium
006578,train,1238,374,11,10,1,0,9,1,False,True,True,False,False,V0_P1_C1,high,V0_P1_C1__high
006579,val,1242,375,1,1,0,0,1,0,False,True,False,False,False,V0_P1_C0,low,V0_P1_C0__low
006580,val,1242,375,1,1,0,1,0,0,True,False,False,False,False,V1_P0_C0,low,V1_P0_C0__low
006581,val,1242,375,4,4,0,4,0,0,True,False,False,False,False,V1_P0_C0,medium,V1_P0_C0__medium
006582,train,1242,375,2,2,0,2,0,0,True,False,False,False,False,V1_P0_C0,low,V1_P0_C0__low
006583,train,1224,370,20,19,1,1,18,0,True,True,False,False,False,V1_P1_C0,high,V1_P1_C0__high
006584,train,1242,375,1,1,0,1,0,0,True,False,False,False,False,V1_P0_C0,low,V1_P0_C0__low
006585,train,1224,370,1,1,0,0,1,0,False,True,False,False,False,V0_P1_C0,low,V0_P1_C0__low
006586,train,1242,375,5,2,3,2,0,0,True,False,False,False,False,V1_P0_C0,low,V1_P0_C0__low
006587,train,1242,375,9,7,2,7,0,0,True,False,False,False,False,V1_P0_C0,high,V1_P0_C0__high
006588,val,1242,375,8,7,1,7,0,0,True,False,False,False,False,V1_P0_C0,high,V1_P0_C0__high
006589,train,1242,375,20,20,0,18,2,0,True,True,False,False,False,V1_P1_C0,high,V1_P1_C0__high
006590,train,1242,375,6,6,0,6,0,0,True,False,False,False,False,V1_P0_C0,medium,V1_P0_C0__medium
006591,train,1242,375,3,3,0,3,0,0,True,False,False,False,False,V1_P0_C0,low,V1_P0_C0__low
006592,train,1242,375,2,2,0,2,0,0,True,False,False,False,False,V1_P0_C0,low,V1_P0_C0__low
006593,val,1242,375,6,5,1,5,0,0,True,False,False,False,False,V1_P0_C0,medium,V1_P0_C0__medium
006594,train,1242,375,12,11,1,11,0,0,True,False,False,False,False,V1_P0_C0,high,V1_P0_C0__high
006595,train,1242,375,14,9,5,9,0,0,True,False,False,False,False,V1_P0_C0,high,V1_P0_C0__high
006596,val,1242,375,3,1,2,1,0,0,True,False,False,False,False,V1_P0_C0,low,V1_P0_C0__low
006597,train,1242,375,11,8,3,5,0,3,True,False,True,False,False,V1_P0_C1,high,V1_P0_C1__high
006598,train,1242,375,14,11,3,11,0,0,True,False,False,False,False,V1_P0_C0,high,V1_P0_C0__high
006599,val,1242,375,5,4,1,4,0,0,True,False,False,False,False,V1_P0_C0,medium,V1_P0_C0__medium
006600,train,1242,375,4,4,0,3,1,0,True,True,False,False,False,V1_P1_C0,medium,V1_P1_C0__medium
006601,train,1242,375,4,2,2,2,0,0,True,False,False,False,False,V1_P0_C0,low,V1_P0_C0__low
006602,train,1242,375,13,12,1,12,0,0,True,False,False,False,False,V1_P0_C0,high,V1_P0_C0__high
006603,train,1242,375,4,2,2,1,0,1,True,False,True,False,False,V1_P0_C1,low,V1_P0_C1__low
006604,train,1242,375,5,4,1,3,0,1,True,False,True,False,False,V1_P0_C1,medium,V1_P0_C1__medium
006605,train,1242,375,9,7,2,0,5,2,False,True,True,False,False,V0_P1_C1,high,V0_P1_C1__high
006606,train,1238,374,2,1,1,1,0,0,True,False,False,False,False,V1_P0_C0,low,V1_P0_C0__low
006607,train,1242,375,2,1,1,1,0,0,True,False,False,False,False,V1_P0_C0,low,V1_P0_C0__low
006608,train,1242,375,18,15,3,2,10,3,True,True,True,False,False,V1_P1_C1,high,V1_P1_C1__high
006609,train,1242,375,1,1,0,1,0,0,True,False,False,False,False,V1_P0_C0,low,V1_P0_C0__low
006610,train,1242,375,4,2,2,2,0,0,True,False,False,False,False,V1_P0_C0,low,V1_P0_C0__low
006611,train,1242,375,9,8,1,6,0,2,True,False,True,False,False,V1_P0_C1,high,V1_P0_C1__high
006612,train,1242,375,12,9,3,7,0,2,True,False,True,False,False,V1_P0_C1,high,V1_P0_C1__high
006613,train,1238,374,9,8,1,1,7,0,True,True,False,False,False,V1_P1_C0,high,V1_P1_C0__high
006614,train,1242,375,6,4,2,4,0,0,True,False,False,False,False,V1_P0_C0,medium,V1_P0_C0__medium
006615,train,1242,375,2,1,1,1,0,0,True,False,False,False,False,V1_P0_C0,low,V1_P0_C0__low
006616,train,1242,375,7,6,1,6,0,0,True,False,False,False,False,V1_P0_C0,medium,V1_P0_C0__medium
006617,val,1224,370,7,6,1,4,2,0,True,True,False,False,False,V1_P1_C0,medium,V1_P1_C0__medium
006618,val,1242,375,5,4,1,4,0,0,True,False,False,False,False,V1_P0_C0,medium,V1_P0_C0__medium
006619,train,1242,375,6,5,1,5,0,0,True,False,False,False,False,V1_P0_C0,medium,V1_P0_C0__medium
006620,train,1242,375,7,3,4,3,0,0,True,False,False,False,False,V1_P0_C0,low,V1_P0_C0__low
006621,train,1242,375,7,3,4,3,0,0,True,False,False,False,False,V1_P0_C0,low,V1_P0_C0__low
006622,train,1242,375,12,11,1,11,0,0,True,False,False,False,False,V1_P0_C0,high,V1_P0_C0__high
006623,train,1242,375,9,7,2,3,3,1,True,True,True,False,False,V1_P1_C1,high,V1_P1_C1__high
006624,train,1241,376,9,8,1,8,0,0,True,False,False,False,False,V1_P0_C0,high,V1_P0_C0__high
006625,train,1242,375,14,10,4,10,0,0,True,False,False,False,False,V1_P0_C0,high,V1_P0_C0__high
006626,train,1242,375,3,2,1,2,0,0,True,False,False,False,False,V1_P0_C0,low,V1_P0_C0__low
006627,train,1242,375,8,7,1,3,4,0,True,True,False,False,False,V1_P1_C0,high,V1_P1_C0__high
006628,val,1242,375,8,8,0,7,0,1,True,False,True,False,False,V1_P0_C1,high,V1_P0_C1__high
006629,train,1242,375,9,8,1,7,1,0,True,True,False,False,False,V1_P1_C0,high,V1_P1_C0__high
006630,train,1242,375,10,6,4,6,0,0,True,False,False,False,False,V1_P0_C0,medium,V1_P0_C0__medium
006631,train,1242,375,6,4,2,4,0,0,True,False,False,False,False,V1_P0_C0,medium,V1_P0_C0__medium
006632,val,1242,375,9,8,1,7,0,1,True,False,True,False,False,V1_P0_C1,high,V1_P0_C1__high
006633,train,1242,375,6,4,2,4,0,0,True,False,False,False,False,V1_P0_C0,medium,V1_P0_C0__medium
006634,train,1242,375,5,3,2,3,0,0,True,False,False,False,False,V1_P0_C0,low,V1_P0_C0__low
006635,train,1242,375,8,5,3,4,0,1,True,False,True,False,False,V1_P0_C1,medium,V1_P0_C1__medium
006636,val,1242,375,5,1,4,1,0,0,True,False,False,False,False,V1_P0_C0,low,V1_P0_C0__low
006637,train,1241,376,11,10,1,10,0,0,True,False,False,False,False,V1_P0_C0,high,V1_P0_C0__high
006638,val,1242,375,10,8,2,8,0,0,True,False,False,False,False,V1_P0_C0,high,V1_P0_C0__high
006639,train,1242,375,15,14,1,13,1,0,True,True,False,False,False,V1_P1_C0,high,V1_P1_C0__high
006640,train,1242,375,8,8,0,8,0,0,True,False,False,False,False,V1_P0_C0,high,V1_P0_C0__high
006641,train,1242,375,1,1,0,1,0,0,True,False,False,False,False,V1_P0_C0,low,V1_P0_C0__low
006642,val,1242,375,10,10,0,9,1,0,True,True,False,False,False,V1_P1_C0,high,V1_P1_C0__high
006643,train,1242,375,6,4,2,4,0,0,True,False,False,False,False,V1_P0_C0,medium,V1_P0_C0__medium
006644,train,1242,375,5,4,1,4,0,0,True,False,False,False,False,V1_P0_C0,medium,V1_P0_C0__medium
006645,val,1242,375,6,3,3,0,3,0,False,True,False,False,False,V0_P1_C0,low,V0_P1_C0__low
006646,train,1242,375,4,4,0,4,0,0,True,False,False,False,False,V1_P0_C0,medium,V1_P0_C0__medium
006647,train,1242,375,7,5,2,4,0,1,True,False,True,False,False,V1_P0_C1,medium,V1_P0_C1__medium
006648,train,1242,375,17,12,5,12,0,0,True,False,False,False,False,V1_P0_C0,high,V1_P0_C0__high
006649,val,1242,375,10,8,2,7,1,0,True,True,False,False,False,V1_P1_C0,high,V1_P1_C0__high
006650,train,1242,375,5,3,2,0,2,1,False,True,True,False,False,V0_P1_C1,low,V0_P1_C1__low
006651,train,1242,375,6,2,4,1,0,1,True,False,True,False,False,V1_P0_C1,low,V1_P0_C1__low
006652,train,1224,370,1,1,0,0,1,0,False,True,False,False,False,V0_P1_C0,low,V0_P1_C0__low
006653,train,1224,370,1,1,0,0,1,0,False,True,False,False,False,V0_P1_C0,low,V0_P1_C0__low
006654,val,1242,375,2,2,0,2,0,0,True,False,False,False,False,V1_P0_C0,low,V1_P0_C0__low
006655,train,1242,375,13,9,4,9,0,0,True,False,False,False,False,V1_P0_C0,high,V1_P0_C0__high
006656,val,1224,370,1,1,0,0,1,0,False,True,False,False,False,V0_P1_C0,low,V0_P1_C0__low
006657,train,1242,375,5,5,0,2,1,2,True,True,True,False,False,V1_P1_C1,medium,V1_P1_C1__medium
006658,train,1241,376,6,4,2,4,0,0,True,False,False,False,False,V1_P0_C0,medium,V1_P0_C0__medium
006659,train,1242,375,8,6,2,5,0,1,True,False,True,False,False,V1_P0_C1,medium,V1_P0_C1__medium
006660,val,1242,375,14,12,2,12,0,0,True,False,False,False,False,V1_P0_C0,high,V1_P0_C0__high
006661,train,1224,370,1,1,0,0,1,0,False,True,False,False,False,V0_P1_C0,low,V0_P1_C0__low
006662,train,1242,375,12,9,3,9,0,0,True,False,False,False,False,V1_P0_C0,high,V1_P0_C0__high
006663,val,1242,375,10,8,2,8,0,0,True,False,False,False,False,V1_P0_C0,high,V1_P0_C0__high
006664,train,1238,374,6,5,1,5,0,0,True,False,False,False,False,V1_P0_C0,medium,V1_P0_C0__medium
006665,train,1238,374,7,7,0,7,0,0,True,False,False,False,False,V1_P0_C0,high,V1_P0_C0__high
006666,train,1224,370,1,1,0,0,1,0,False,True,False,False,False,V0_P1_C0,low,V0_P1_C0__low
006667,val,1242,375,7,5,2,5,0,0,True,False,False,False,False,V1_P0_C0,medium,V1_P0_C0__medium
006668,train,1242,375,2,2,0,2,0,0,True,False,False,False,False,V1_P0_C0,low,V1_P0_C0__low
006669,train,1242,375,6,5,1,5,0,0,True,False,False,False,False,V1_P0_C0,medium,V1_P0_C0__medium
006670,train,1241,376,7,3,4,3,0,0,True,False,False,False,False,V1_P0_C0,low,V1_P0_C0__low
006671,train,1238,374,3,2,1,2,0,0,True,False,False,False,False,V1_P0_C0,low,V1_P0_C0__low
006672,train,1224,370,9,6,3,6,0,0,True,False,False,False,False,V1_P0_C0,medium,V1_P0_C0__medium
006673,train,1242,375,10,9,1,9,0,0,True,False,False,False,False,V1_P0_C0,high,V1_P0_C0__high
006674,train,1242,375,3,3,0,3,0,0,True,False,False,False,False,V1_P0_C0,low,V1_P0_C0__low
006675,val,1242,375,3,3,0,3,0,0,True,False,False,False,False,V1_P0_C0,low,V1_P0_C0__low
006676,train,1224,370,1,1,0,0,1,0,False,True,False,False,False,V0_P1_C0,low,V0_P1_C0__low
006677,val,1242,375,3,1,2,1,0,0,True,False,False,False,False,V1_P0_C0,low,V1_P0_C0__low
006678,val,1242,375,12,10,2,10,0,0,True,False,False,False,False,V1_P0_C0,high,V1_P0_C0__high
006679,train,1242,375,9,8,1,8,0,0,True,False,False,False,False,V1_P0_C0,high,V1_P0_C0__high
006680,train,1242,375,4,2,2,2,0,0,True,False,False,False,False,V1_P0_C0,low,V1_P0_C0__low
006681,val,1242,375,3,3,0,3,0,0,True,False,False,False,False,V1_P0_C0,low,V1_P0_C0__low
006682,train,1224,370,16,15,1,3,7,5,True,True,True,False,False,V1_P1_C1,high,V1_P1_C1__high
006683,train,1242,375,2,2,0,2,0,0,True,False,False,False,False,V1_P0_C0,low,V1_P0_C0__low
006684,train,1242,375,8,7,1,7,0,0,True,False,False,False,False,V1_P0_C0,high,V1_P0_C0__high
006685,val,1224,370,1,1,0,0,1,0,False,True,False,False,False,V0_P1_C0,low,V0_P1_C0__low
006686,val,1242,375,4,4,0,4,0,0,True,False,False,False,False,V1_P0_C0,medium,V1_P0_C0__medium
006687,train,1242,375,5,5,0,5,0,0,True,False,False,False,False,V1_P0_C0,medium,V1_P0_C0__medium
006688,train,1242,375,5,2,3,2,0,0,True,False,False,False,False,V1_P0_C0,low,V1_P0_C0__low
006689,train,1242,375,7,6,1,6,0,0,True,False,False,False,False,V1_P0_C0,medium,V1_P0_C0__medium
006690,val,1242,375,6,3,3,2,0,1,True,False,True,False,False,V1_P0_C1,low,V1_P0_C1__low
006691,val,1242,375,1,1,0,1,0,0,True,False,False,False,False,V1_P0_C0,low,V1_P0_C0__low
006692,train,1242,375,10,7,3,7,0,0,True,False,False,False,False,V1_P0_C0,high,V1_P0_C0__high
006693,train,1242,375,5,2,3,2,0,0,True,False,False,False,False,V1_P0_C0,low,V1_P0_C0__low
006694,train,1242,375,8,6,2,6,0,0,True,False,False,False,False,V1_P0_C0,medium,V1_P0_C0__medium
006695,train,1242,375,12,10,2,8,0,2,True,False,True,False,False,V1_P0_C1,high,V1_P0_C1__high
006696,train,1242,375,5,3,2,2,0,1,True,False,True,False,False,V1_P0_C1,low,V1_P0_C1__low
006697,train,1238,374,2,1,1,1,0,0,True,False,False,False,False,V1_P0_C0,low,V1_P0_C0__low
006698,train,1242,375,5,1,4,1,0,0,True,False,False,False,False,V1_P0_C0,low,V1_P0_C0__low
006699,val,1224,370,6,5,1,5,0,0,True,False,False,False,False,V1_P0_C0,medium,V1_P0_C0__medium
006700,train,1242,375,5,2,3,1,1,0,True,True,False,False,False,V1_P1_C0,low,V1_P1_C0__low
006701,train,1242,375,3,1,2,1,0,0,True,False,False,False,False,V1_P0_C0,low,V1_P0_C0__low
006702,train,1242,375,3,3,0,3,0,0,True,False,False,False,False,V1_P0_C0,low,V1_P0_C0__low
006703,val,1238,374,10,8,2,1,7,0,True,True,False,False,False,V1_P1_C0,high,V1_P1_C0__high
006704,train,1242,375,10,6,4,0,5,1,False,True,True,False,False,V0_P1_C1,medium,V0_P1_C1__medium
006705,train,1242,375,3,2,1,2,0,0,True,False,False,False,False,V1_P0_C0,low,V1_P0_C0__low
006706,val,1242,375,2,2,0,2,0,0,True,False,False,False,False,V1_P0_C0,low,V1_P0_C0__low
006707,train,1242,375,9,6,3,6,0,0,True,False,False,False,False,V1_P0_C0,medium,V1_P0_C0__medium
006708,val,1242,375,3,3,0,3,0,0,True,False,False,False,False,V1_P0_C0,low,V1_P0_C0__low
006709,train,1242,375,1,1,0,1,0,0,True,False,False,False,False,V1_P0_C0,low,V1_P0_C0__low
006710,train,1242,375,9,7,2,7,0,0,True,False,False,False,False,V1_P0_C0,high,V1_P0_C0__high
006711,val,1242,375,4,1,3,1,0,0,True,False,False,False,False,V1_P0_C0,low,V1_P0_C0__low
006712,train,1242,375,4,3,1,3,0,0,True,False,False,False,False,V1_P0_C0,low,V1_P0_C0__low
006713,train,1242,375,5,4,1,4,0,0,True,False,False,False,False,V1_P0_C0,medium,V1_P0_C0__medium
006714,train,1242,375,6,4,2,4,0,0,True,False,False,False,False,V1_P0_C0,medium,V1_P0_C0__medium
006715,train,1242,375,7,2,5,2,0,0,True,False,False,False,False,V1_P0_C0,low,V1_P0_C0__low
006716,train,1242,375,3,2,1,2,0,0,True,False,False,False,False,V1_P0_C0,low,V1_P0_C0__low
006717,train,1242,375,5,5,0,4,0,1,True,False,True,False,False,V1_P0_C1,medium,V1_P0_C1__medium
006718,train,1242,375,9,8,1,8,0,0,True,False,False,False,False,V1_P0_C0,high,V1_P0_C0__high
006719,val,1242,375,3,3,0,3,0,0,True,False,False,False,False,V1_P0_C0,low,V1_P0_C0__low
006720,val,1242,375,5,3,2,3,0,0,True,False,False,False,False,V1_P0_C0,low,V1_P0_C0__low
006721,val,1242,375,14,14,0,14,0,0,True,False,False,False,False,V1_P0_C0,high,V1_P0_C0__high
006722,train,1224,370,1,1,0,0,1,0,False,True,False,False,False,V0_P1_C0,low,V0_P1_C0__low
006723,train,1242,375,5,5,0,5,0,0,True,False,False,False,False,V1_P0_C0,medium,V1_P0_C0__medium
006724,train,1242,375,5,4,1,4,0,0,True,False,False,False,False,V1_P0_C0,medium,V1_P0_C0__medium
006725,train,1242,375,9,7,2,7,0,0,True,False,False,False,False,V1_P0_C0,high,V1_P0_C0__high
006726,train,1241,376,8,7,1,7,0,0,True,False,False,False,False,V1_P0_C0,high,V1_P0_C0__high
006727,train,1242,375,3,2,1,2,0,0,True,False,False,False,False,V1_P0_C0,low,V1_P0_C0__low
006728,val,1242,375,10,10,0,6,4,0,True,True,False,False,False,V1_P1_C0,high,V1_P1_C0__high
006729,train,1242,375,4,3,1,3,0,0,True,False,False,False,False,V1_P0_C0,low,V1_P0_C0__low
006730,train,1242,375,2,1,1,1,0,0,True,False,False,False,False,V1_P0_C0,low,V1_P0_C0__low
006731,train,1242,375,9,8,1,8,0,0,True,False,False,False,False,V1_P0_C0,high,V1_P0_C0__high
006732,train,1242,375,1,1,0,1,0,0,True,False,False,False,False,V1_P0_C0,low,V1_P0_C0__low
006733,train,1242,375,17,11,6,11,0,0,True,False,False,False,False,V1_P0_C0,high,V1_P0_C0__high
006734,train,1242,375,9,6,3,3,0,3,True,False,True,False,False,V1_P0_C1,medium,V1_P0_C1__medium
006735,train,1242,375,5,4,1,4,0,0,True,False,False,False,False,V1_P0_C0,medium,V1_P0_C0__medium
006736,train,1242,375,7,6,1,6,0,0,True,False,False,False,False,V1_P0_C0,medium,V1_P0_C0__medium
006737,train,1242,375,5,4,1,3,0,1,True,False,True,False,False,V1_P0_C1,medium,V1_P0_C1__medium
006738,train,1242,375,6,4,2,4,0,0,True,False,False,False,False,V1_P0_C0,medium,V1_P0_C0__medium
006739,train,1242,375,2,2,0,2,0,0,True,False,False,False,False,V1_P0_C0,low,V1_P0_C0__low
006740,train,1242,375,3,3,0,3,0,0,True,False,False,False,False,V1_P0_C0,low,V1_P0_C0__low
006741,train,1242,375,5,3,2,2,0,1,True,False,True,False,False,V1_P0_C1,low,V1_P0_C1__low
006742,train,1242,375,4,3,1,3,0,0,True,False,False,False,False,V1_P0_C0,low,V1_P0_C0__low
006743,train,1242,375,6,6,0,6,0,0,True,False,False,False,False,V1_P0_C0,medium,V1_P0_C0__medium
006744,val,1224,370,6,4,2,2,2,0,True,True,False,False,False,V1_P1_C0,medium,V1_P1_C0__medium
006745,train,1238,374,6,5,1,2,2,1,True,True,True,False,False,V1_P1_C1,medium,V1_P1_C1__medium
006746,val,1242,375,8,8,0,8,0,0,True,False,False,False,False,V1_P0_C0,high,V1_P0_C0__high
006747,train,1242,375,4,3,1,3,0,0,True,False,False,False,False,V1_P0_C0,low,V1_P0_C0__low
006748,train,1242,375,2,2,0,2,0,0,True,False,False,False,False,V1_P0_C0,low,V1_P0_C0__low
006749,train,1224,370,12,11,1,1,8,2,True,True,True,False,False,V1_P1_C1,high,V1_P1_C1__high
006750,train,1224,370,4,4,0,3,0,1,True,False,True,False,False,V1_P0_C1,medium,V1_P0_C1__medium
006751,val,1242,375,8,5,3,5,0,0,True,False,False,False,False,V1_P0_C0,medium,V1_P0_C0__medium
006752,train,1242,375,11,10,1,7,3,0,True,True,False,False,False,V1_P1_C0,high,V1_P1_C0__high
006753,train,1242,375,9,7,2,7,0,0,True,False,False,False,False,V1_P0_C0,high,V1_P0_C0__high
006754,train,1242,375,10,7,3,7,0,0,True,False,False,False,False,V1_P0_C0,high,V1_P0_C0__high
006755,train,1242,375,8,6,2,6,0,0,True,False,False,False,False,V1_P0_C0,medium,V1_P0_C0__medium
006756,val,1242,375,8,6,2,6,0,0,True,False,False,False,False,V1_P0_C0,medium,V1_P0_C0__medium
006757,train,1242,375,7,6,1,6,0,0,True,False,False,False,False,V1_P0_C0,medium,V1_P0_C0__medium
006758,train,1242,375,5,5,0,5,0,0,True,False,False,False,False,V1_P0_C0,medium,V1_P0_C0__medium
006759,train,1242,375,4,1,3,1,0,0,True,False,False,False,False,V1_P0_C0,low,V1_P0_C0__low
006760,train,1242,375,4,2,2,1,0,1,True,False,True,False,False,V1_P0_C1,low,V1_P0_C1__low
006761,train,1242,375,10,8,2,3,3,2,True,True,True,False,False,V1_P1_C1,high,V1_P1_C1__high
006762,train,1242,375,5,4,1,3,1,0,True,True,False,False,False,V1_P1_C0,medium,V1_P1_C0__medium
006763,train,1242,375,2,2,0,2,0,0,True,False,False,False,False,V1_P0_C0,low,V1_P0_C0__low
006764,train,1242,375,8,6,2,6,0,0,True,False,False,False,False,V1_P0_C0,medium,V1_P0_C0__medium
006765,train,1242,375,12,11,1,8,3,0,True,True,False,False,False,V1_P1_C0,high,V1_P1_C0__high
006766,train,1242,375,11,8,3,7,1,0,True,True,False,False,False,V1_P1_C0,high,V1_P1_C0__high
006767,train,1242,375,4,3,1,3,0,0,True,False,False,False,False,V1_P0_C0,low,V1_P0_C0__low
006768,val,1238,374,12,8,4,2,6,0,True,True,False,False,False,V1_P1_C0,high,V1_P1_C0__high
006769,val,1242,375,11,7,4,7,0,0,True,False,False,False,False,V1_P0_C0,high,V1_P0_C0__high
006770,train,1242,375,11,6,5,6,0,0,True,False,False,False,False,V1_P0_C0,medium,V1_P0_C0__medium
006771,train,1242,375,6,4,2,2,0,2,True,False,True,False,False,V1_P0_C1,medium,V1_P0_C1__medium
006772,train,1242,375,8,6,2,6,0,0,True,False,False,False,False,V1_P0_C0,medium,V1_P0_C0__medium
006773,val,1241,376,4,3,1,3,0,0,True,False,False,False,False,V1_P0_C0,low,V1_P0_C0__low
006774,train,1242,375,3,2,1,2,0,0,True,False,False,False,False,V1_P0_C0,low,V1_P0_C0__low
006775,val,1242,375,10,7,3,7,0,0,True,False,False,False,False,V1_P0_C0,high,V1_P0_C0__high
006776,train,1242,375,2,2,0,1,0,1,True,False,True,False,False,V1_P0_C1,low,V1_P0_C1__low
006777,val,1242,375,6,2,4,1,1,0,True,True,False,False,False,V1_P1_C0,low,V1_P1_C0__low
006778,train,1242,375,6,5,1,4,0,1,True,False,True,False,False,V1_P0_C1,medium,V1_P0_C1__medium
006779,train,1242,375,11,11,0,10,1,0,True,True,False,False,False,V1_P1_C0,high,V1_P1_C0__high
006780,val,1241,376,14,13,1,13,0,0,True,False,False,False,False,V1_P0_C0,high,V1_P0_C0__high
006781,train,1241,376,8,8,0,8,0,0,True,False,False,False,False,V1_P0_C0,high,V1_P0_C0__high
006782,train,1242,375,7,5,2,5,0,0,True,False,False,False,False,V1_P0_C0,medium,V1_P0_C0__medium
006783,train,1242,375,17,16,1,15,0,1,True,False,True,False,False,V1_P0_C1,high,V1_P0_C1__high
006784,train,1242,375,2,1,1,1,0,0,True,False,False,False,False,V1_P0_C0,low,V1_P0_C0__low
006785,train,1242,375,8,7,1,2,3,2,True,True,True,False,False,V1_P1_C1,high,V1_P1_C1__high
006786,train,1242,375,5,1,4,1,0,0,True,False,False,False,False,V1_P0_C0,low,V1_P0_C0__low
006787,val,1242,375,7,6,1,6,0,0,True,False,False,False,False,V1_P0_C0,medium,V1_P0_C0__medium
006788,train,1242,375,11,7,4,7,0,0,True,False,False,False,False,V1_P0_C0,high,V1_P0_C0__high
006789,train,1241,376,10,8,2,8,0,0,True,False,False,False,False,V1_P0_C0,high,V1_P0_C0__high
006790,train,1242,375,1,1,0,1,0,0,True,False,False,False,False,V1_P0_C0,low,V1_P0_C0__low
006791,val,1242,375,11,6,5,6,0,0,True,False,False,False,False,V1_P0_C0,medium,V1_P0_C0__medium
006792,val,1242,375,4,2,2,2,0,0,True,False,False,False,False,V1_P0_C0,low,V1_P0_C0__low
006793,val,1242,375,6,2,4,2,0,0,True,False,False,False,False,V1_P0_C0,low,V1_P0_C0__low
006794,train,1242,375,4,1,3,1,0,0,True,False,False,False,False,V1_P0_C0,low,V1_P0_C0__low
006795,train,1224,370,1,1,0,0,1,0,False,True,False,False,False,V0_P1_C0,low,V0_P1_C0__low
006796,train,1242,375,5,4,1,4,0,0,True,False,False,False,False,V1_P0_C0,medium,V1_P0_C0__medium
006797,train,1242,375,2,1,1,1,0,0,True,False,False,False,False,V1_P0_C0,low,V1_P0_C0__low
006798,train,1242,375,11,10,1,9,1,0,True,True,False,False,False,V1_P1_C0,high,V1_P1_C0__high
006799,train,1224,370,1,1,0,0,1,0,False,True,False,False,False,V0_P1_C0,low,V0_P1_C0__low
006800,train,1238,374,10,7,3,2,5,0,True,True,False,False,False,V1_P1_C0,high,V1_P1_C0__high
006801,train,1224,370,18,17,1,4,12,1,True,True,True,False,False,V1_P1_C1,high,V1_P1_C1__high
006802,train,1242,375,3,3,0,2,0,1,True,False,True,False,False,V1_P0_C1,low,V1_P0_C1__low
006803,train,1242,375,4,2,2,2,0,0,True,False,False,False,False,V1_P0_C0,low,V1_P0_C0__low
006804,train,1224,370,1,1,0,0,1,0,False,True,False,False,False,V0_P1_C0,low,V0_P1_C0__low
006805,train,1242,375,11,9,2,9,0,0,True,False,False,False,False,V1_P0_C0,high,V1_P0_C0__high
006806,train,1242,375,5,3,2,3,0,0,True,False,False,False,False,V1_P0_C0,low,V1_P0_C0__low
006807,train,1224,370,1,1,0,0,1,0,False,True,False,False,False,V0_P1_C0,low,V0_P1_C0__low
006808,train,1242,375,6,4,2,4,0,0,True,False,False,False,False,V1_P0_C0,medium,V1_P0_C0__medium
006809,train,1242,375,2,2,0,1,1,0,True,True,False,False,False,V1_P1_C0,low,V1_P1_C0__low
006810,val,1242,375,9,9,0,8,1,0,True,True,False,False,False,V1_P1_C0,high,V1_P1_C0__high
006811,train,1242,375,6,3,3,3,0,0,True,False,False,False,False,V1_P0_C0,low,V1_P0_C0__low
006812,train,1242,375,4,3,1,3,0,0,True,False,False,False,False,V1_P0_C0,low,V1_P0_C0__low
006813,train,1224,370,15,13,2,2,7,4,True,True,True,False,False,V1_P1_C1,high,V1_P1_C1__high
006814,train,1242,375,11,11,0,9,2,0,True,True,False,False,False,V1_P1_C0,high,V1_P1_C0__high
006815,train,1242,375,3,2,1,2,0,0,True,False,False,False,False,V1_P0_C0,low,V1_P0_C0__low
006816,train,1242,375,2,1,1,1,0,0,True,False,False,False,False,V1_P0_C0,low,V1_P0_C0__low
006817,train,1242,375,8,7,1,7,0,0,True,False,False,False,False,V1_P0_C0,high,V1_P0_C0__high
006818,val,1238,374,5,4,1,2,2,0,True,True,False,False,False,V1_P1_C0,medium,V1_P1_C0__medium
006819,train,1242,375,2,2,0,1,0,1,True,False,True,False,False,V1_P0_C1,low,V1_P0_C1__low
006820,val,1242,375,11,11,0,11,0,0,True,False,False,False,False,V1_P0_C0,high,V1_P0_C0__high
006821,train,1242,375,2,2,0,2,0,0,True,False,False,False,False,V1_P0_C0,low,V1_P0_C0__low
006822,train,1242,375,8,7,1,6,1,0,True,True,False,False,False,V1_P1_C0,high,V1_P1_C0__high
006823,train,1242,375,4,3,1,3,0,0,True,False,False,False,False,V1_P0_C0,low,V1_P0_C0__low
006824,train,1242,375,6,5,1,5,0,0,True,False,False,False,False,V1_P0_C0,medium,V1_P0_C0__medium
006825,val,1242,375,7,3,4,0,3,0,False,True,False,False,False,V0_P1_C0,low,V0_P1_C0__low
006826,val,1242,375,6,4,2,4,0,0,True,False,False,False,False,V1_P0_C0,medium,V1_P0_C0__medium
006827,train,1242,375,3,2,1,1,1,0,True,True,False,False,False,V1_P1_C0,low,V1_P1_C0__low
006828,train,1238,374,10,8,2,0,6,2,False,True,True,False,False,V0_P1_C1,high,V0_P1_C1__high
006829,train,1242,375,5,4,1,4,0,0,True,False,False,False,False,V1_P0_C0,medium,V1_P0_C0__medium
006830,val,1224,370,1,1,0,0,1,0,False,True,False,False,False,V0_P1_C0,low,V0_P1_C0__low
006831,train,1242,375,8,7,1,7,0,0,True,False,False,False,False,V1_P0_C0,high,V1_P0_C0__high
006832,train,1238,374,9,5,4,0,5,0,False,True,False,False,False,V0_P1_C0,medium,V0_P1_C0__medium
006833,val,1242,375,21,20,1,19,0,1,True,False,True,False,False,V1_P0_C1,high,V1_P0_C1__high
006834,train,1242,375,8,7,1,7,0,0,True,False,False,False,False,V1_P0_C0,high,V1_P0_C0__high
006835,train,1242,375,7,6,1,2,3,1,True,True,True,False,False,V1_P1_C1,medium,V1_P1_C1__medium
006836,train,1242,375,6,4,2,4,0,0,True,False,False,False,False,V1_P0_C0,medium,V1_P0_C0__medium
006837,train,1242,375,6,5,1,3,0,2,True,False,True,False,False,V1_P0_C1,medium,V1_P0_C1__medium
006838,train,1242,375,7,7,0,6,0,1,True,False,True,False,False,V1_P0_C1,high,V1_P0_C1__high
006839,train,1242,375,2,2,0,2,0,0,True,False,False,False,False,V1_P0_C0,low,V1_P0_C0__low
006840,train,1242,375,6,4,2,4,0,0,True,False,False,False,False,V1_P0_C0,medium,V1_P0_C0__medium
006841,val,1242,375,5,3,2,3,0,0,True,False,False,False,False,V1_P0_C0,low,V1_P0_C0__low
006842,val,1242,375,13,11,2,9,1,1,True,True,True,False,False,V1_P1_C1,high,V1_P1_C1__high
006843,val,1242,375,10,9,1,7,0,2,True,False,True,False,False,V1_P0_C1,high,V1_P0_C1__high
006844,train,1242,375,12,9,3,9,0,0,True,False,False,False,False,V1_P0_C0,high,V1_P0_C0__high
006845,val,1242,375,12,10,2,10,0,0,True,False,False,False,False,V1_P0_C0,high,V1_P0_C0__high
006846,val,1242,375,7,7,0,7,0,0,True,False,False,False,False,V1_P0_C0,high,V1_P0_C0__high
006847,train,1238,374,8,6,2,0,6,0,False,True,False,False,False,V0_P1_C0,medium,V0_P1_C0__medium
006848,train,1242,375,5,4,1,4,0,0,True,False,False,False,False,V1_P0_C0,medium,V1_P0_C0__medium
006849,val,1242,375,6,4,2,3,0,1,True,False,True,False,False,V1_P0_C1,medium,V1_P0_C1__medium
006850,train,1242,375,2,2,0,2,0,0,True,False,False,False,False,V1_P0_C0,low,V1_P0_C0__low
006851,train,1242,375,4,4,0,4,0,0,True,False,False,False,False,V1_P0_C0,medium,V1_P0_C0__medium
006852,train,1241,376,3,3,0,3,0,0,True,False,False,False,False,V1_P0_C0,low,V1_P0_C0__low
006853,train,1241,376,9,8,1,8,0,0,True,False,False,False,False,V1_P0_C0,high,V1_P0_C0__high
006854,train,1242,375,6,5,1,5,0,0,True,False,False,False,False,V1_P0_C0,medium,V1_P0_C0__medium
006855,train,1242,375,4,3,1,3,0,0,True,False,False,False,False,V1_P0_C0,low,V1_P0_C0__low
006856,train,1241,376,6,5,1,5,0,0,True,False,False,False,False,V1_P0_C0,medium,V1_P0_C0__medium
006857,train,1242,375,8,5,3,5,0,0,True,False,False,False,False,V1_P0_C0,medium,V1_P0_C0__medium
006858,train,1242,375,5,5,0,5,0,0,True,False,False,False,False,V1_P0_C0,medium,V1_P0_C0__medium
006859,val,1242,375,11,9,2,7,1,1,True,True,True,False,False,V1_P1_C1,high,V1_P1_C1__high
006860,train,1242,375,3,1,2,1,0,0,True,False,False,False,False,V1_P0_C0,low,V1_P0_C0__low
006861,train,1224,370,1,1,0,0,1,0,False,True,False,False,False,V0_P1_C0,low,V0_P1_C0__low
006862,train,1241,376,10,9,1,9,0,0,True,False,False,False,False,V1_P0_C0,high,V1_P0_C0__high
006863,train,1242,375,8,5,3,5,0,0,True,False,False,False,False,V1_P0_C0,medium,V1_P0_C0__medium
006864,val,1242,375,13,10,3,10,0,0,True,False,False,False,False,V1_P0_C0,high,V1_P0_C0__high
006865,train,1242,375,1,1,0,1,0,0,True,False,False,False,False,V1_P0_C0,low,V1_P0_C0__low
006866,train,1242,375,8,6,2,6,0,0,True,False,False,False,False,V1_P0_C0,medium,V1_P0_C0__medium
006867,train,1242,375,9,7,2,7,0,0,True,False,False,False,False,V1_P0_C0,high,V1_P0_C0__high
006868,train,1242,375,8,6,2,6,0,0,True,False,False,False,False,V1_P0_C0,medium,V1_P0_C0__medium
006869,train,1242,375,4,4,0,4,0,0,True,False,False,False,False,V1_P0_C0,medium,V1_P0_C0__medium
006870,val,1242,375,11,8,3,8,0,0,True,False,False,False,False,V1_P0_C0,high,V1_P0_C0__high
006871,train,1242,375,9,5,4,5,0,0,True,False,False,False,False,V1_P0_C0,medium,V1_P0_C0__medium
006872,train,1238,374,9,7,2,1,6,0,True,True,False,False,False,V1_P1_C0,high,V1_P1_C0__high
006873,train,1224,370,1,1,0,0,1,0,False,True,False,False,False,V0_P1_C0,low,V0_P1_C0__low
006874,train,1242,375,4,3,1,3,0,0,True,False,False,False,False,V1_P0_C0,low,V1_P0_C0__low
006875,train,1242,375,2,2,0,2,0,0,True,False,False,False,False,V1_P0_C0,low,V1_P0_C0__low
006876,train,1242,375,8,3,5,3,0,0,True,False,False,False,False,V1_P0_C0,low,V1_P0_C0__low
006877,train,1242,375,7,6,1,6,0,0,True,False,False,False,False,V1_P0_C0,medium,V1_P0_C0__medium
006878,train,1224,370,8,5,3,0,4,1,False,True,True,False,False,V0_P1_C1,medium,V0_P1_C1__medium
006879,train,1242,375,10,9,1,8,0,1,True,False,True,False,False,V1_P0_C1,high,V1_P0_C1__high
006880,train,1242,375,2,2,0,2,0,0,True,False,False,False,False,V1_P0_C0,low,V1_P0_C0__low
006881,train,1242,375,6,6,0,4,2,0,True,True,False,False,False,V1_P1_C0,medium,V1_P1_C0__medium
006882,train,1242,375,6,5,1,4,0,1,True,False,True,False,False,V1_P0_C1,medium,V1_P0_C1__medium
006883,val,1242,375,5,3,2,3,0,0,True,False,False,False,False,V1_P0_C0,low,V1_P0_C0__low
006884,val,1242,375,5,1,4,1,0,0,True,False,False,False,False,V1_P0_C0,low,V1_P0_C0__low
006885,train,1242,375,9,7,2,7,0,0,True,False,False,False,False,V1_P0_C0,high,V1_P0_C0__high
006886,train,1242,375,12,10,2,8,1,1,True,True,True,False,False,V1_P1_C1,high,V1_P1_C1__high
006887,train,1242,375,6,4,2,3,0,1,True,False,True,False,False,V1_P0_C1,medium,V1_P0_C1__medium
006888,train,1242,375,6,2,4,2,0,0,True,False,False,False,False,V1_P0_C0,low,V1_P0_C0__low
006889,train,1241,376,9,9,0,9,0,0,True,False,False,False,False,V1_P0_C0,high,V1_P0_C0__high
006890,train,1242,375,2,2,0,2,0,0,True,False,False,False,False,V1_P0_C0,low,V1_P0_C0__low
006891,train,1242,375,5,3,2,3,0,0,True,False,False,False,False,V1_P0_C0,low,V1_P0_C0__low
006892,train,1224,370,1,1,0,0,1,0,False,True,False,False,False,V0_P1_C0,low,V0_P1_C0__low
006893,val,1242,375,5,1,4,1,0,0,True,False,False,False,False,V1_P0_C0,low,V1_P0_C0__low
006894,train,1224,370,13,11,2,0,9,2,False,True,True,False,False,V0_P1_C1,high,V0_P1_C1__high
006895,val,1242,375,7,5,2,5,0,0,True,False,False,False,False,V1_P0_C0,medium,V1_P0_C0__medium
006896,train,1242,375,4,2,2,2,0,0,True,False,False,False,False,V1_P0_C0,low,V1_P0_C0__low
006897,train,1242,375,11,9,2,9,0,0,True,False,False,False,False,V1_P0_C0,high,V1_P0_C0__high
006898,train,1242,375,1,1,0,1,0,0,True,False,False,False,False,V1_P0_C0,low,V1_P0_C0__low
006899,train,1242,375,5,3,2,3,0,0,True,False,False,False,False,V1_P0_C0,low,V1_P0_C0__low
006900,train,1242,375,3,1,2,1,0,0,True,False,False,False,False,V1_P0_C0,low,V1_P0_C0__low
006901,val,1242,375,2,1,1,1,0,0,True,False,False,False,False,V1_P0_C0,low,V1_P0_C0__low
006902,train,1242,375,12,11,1,11,0,0,True,False,False,False,False,V1_P0_C0,high,V1_P0_C0__high
006903,val,1224,370,1,1,0,0,1,0,False,True,False,False,False,V0_P1_C0,low,V0_P1_C0__low
006904,train,1242,375,12,11,1,10,1,0,True,True,False,False,False,V1_P1_C0,high,V1_P1_C0__high
006905,train,1242,375,2,2,0,2,0,0,True,False,False,False,False,V1_P0_C0,low,V1_P0_C0__low
006906,train,1242,375,4,3,1,3,0,0,True,False,False,False,False,V1_P0_C0,low,V1_P0_C0__low
006907,train,1241,376,7,5,2,5,0,0,True,False,False,False,False,V1_P0_C0,medium,V1_P0_C0__medium
006908,val,1238,374,10,9,1,1,7,1,True,True,True,False,False,V1_P1_C1,high,V1_P1_C1__high
006909,val,1242,375,6,5,1,5,0,0,True,False,False,False,False,V1_P0_C0,medium,V1_P0_C0__medium
006910,train,1242,375,11,9,2,7,2,0,True,True,False,False,False,V1_P1_C0,high,V1_P1_C0__high
006911,val,1242,375,11,8,3,7,1,0,True,True,False,False,False,V1_P1_C0,high,V1_P1_C0__high
006912,train,1242,375,6,3,3,2,0,1,True,False,True,False,False,V1_P0_C1,low,V1_P0_C1__low
006913,val,1242,375,7,4,3,4,0,0,True,False,False,False,False,V1_P0_C0,medium,V1_P0_C0__medium
006914,train,1242,375,4,4,0,4,0,0,True,False,False,False,False,V1_P0_C0,medium,V1_P0_C0__medium
006915,train,1242,375,3,3,0,3,0,0,True,False,False,False,False,V1_P0_C0,low,V1_P0_C0__low
006916,train,1242,375,4,4,0,2,1,1,True,True,True,False,False,V1_P1_C1,medium,V1_P1_C1__medium
006917,val,1242,375,7,5,2,5,0,0,True,False,False,False,False,V1_P0_C0,medium,V1_P0_C0__medium
006918,train,1242,375,3,1,2,1,0,0,True,False,False,False,False,V1_P0_C0,low,V1_P0_C0__low
006919,train,1242,375,9,5,4,2,0,3,True,False,True,False,False,V1_P0_C1,medium,V1_P0_C1__medium
006920,train,1242,375,8,6,2,6,0,0,True,False,False,False,False,V1_P0_C0,medium,V1_P0_C0__medium
006921,train,1238,374,3,2,1,2,0,0,True,False,False,False,False,V1_P0_C0,low,V1_P0_C0__low
006922,train,1242,375,12,10,2,10,0,0,True,False,False,False,False,V1_P0_C0,high,V1_P0_C0__high
006923,train,1242,375,6,6,0,5,0,1,True,False,True,False,False,V1_P0_C1,medium,V1_P0_C1__medium
006924,train,1242,375,3,1,2,1,0,0,True,False,False,False,False,V1_P0_C0,low,V1_P0_C0__low
006925,train,1238,374,11,9,2,1,8,0,True,True,False,False,False,V1_P1_C0,high,V1_P1_C0__high
006926,train,1242,375,17,15,2,13,2,0,True,True,False,False,False,V1_P1_C0,high,V1_P1_C0__high
006927,val,1242,375,10,7,3,7,0,0,True,False,False,False,False,V1_P0_C0,high,V1_P0_C0__high
006928,train,1241,376,9,9,0,9,0,0,True,False,False,False,False,V1_P0_C0,high,V1_P0_C0__high
006929,train,1242,375,12,11,1,10,1,0,True,True,False,False,False,V1_P1_C0,high,V1_P1_C0__high
006930,train,1242,375,2,2,0,2,0,0,True,False,False,False,False,V1_P0_C0,low,V1_P0_C0__low
006931,val,1242,375,1,1,0,1,0,0,True,False,False,False,False,V1_P0_C0,low,V1_P0_C0__low
006932,val,1242,375,17,16,1,15,1,0,True,True,False,False,False,V1_P1_C0,high,V1_P1_C0__high
006933,train,1242,375,4,3,1,3,0,0,True,False,False,False,False,V1_P0_C0,low,V1_P0_C0__low
006934,val,1242,375,2,1,1,1,0,0,True,False,False,False,False,V1_P0_C0,low,V1_P0_C0__low
006935,train,1224,370,3,3,0,0,3,0,False,True,False,False,False,V0_P1_C0,low,V0_P1_C0__low
006936,train,1242,375,8,6,2,6,0,0,True,False,False,False,False,V1_P0_C0,medium,V1_P0_C0__medium
006937,train,1238,374,13,10,3,2,8,0,True,True,False,False,False,V1_P1_C0,high,V1_P1_C0__high
006938,train,1242,375,3,2,1,2,0,0,True,False,False,False,False,V1_P0_C0,low,V1_P0_C0__low
006939,val,1242,375,6,5,1,5,0,0,True,False,False,False,False,V1_P0_C0,medium,V1_P0_C0__medium
006940,train,1242,375,3,3,0,3,0,0,True,False,False,False,False,V1_P0_C0,low,V1_P0_C0__low
006941,train,1224,370,1,1,0,0,1,0,False,True,False,False,False,V0_P1_C0,low,V0_P1_C0__low
006942,train,1242,375,15,13,2,12,0,1,True,False,True,False,False,V1_P0_C1,high,V1_P0_C1__high
006943,train,1241,376,8,8,0,8,0,0,True,False,False,False,False,V1_P0_C0,high,V1_P0_C0__high
006944,train,1242,375,10,6,4,6,0,0,True,False,False,False,False,V1_P0_C0,medium,V1_P0_C0__medium
006945,train,1242,375,7,6,1,6,0,0,True,False,False,False,False,V1_P0_C0,medium,V1_P0_C0__medium
006946,val,1242,375,7,2,5,2,0,0,True,False,False,False,False,V1_P0_C0,low,V1_P0_C0__low
006947,train,1242,375,3,1,2,1,0,0,True,False,False,False,False,V1_P0_C0,low,V1_P0_C0__low
006948,val,1242,375,15,8,7,8,0,0,True,False,False,False,False,V1_P0_C0,high,V1_P0_C0__high
006949,train,1242,375,3,2,1,2,0,0,True,False,False,False,False,V1_P0_C0,low,V1_P0_C0__low
006950,train,1242,375,12,7,5,7,0,0,True,False,False,False,False,V1_P0_C0,high,V1_P0_C0__high
006951,val,1224,370,1,1,0,0,1,0,False,True,False,False,False,V0_P1_C0,low,V0_P1_C0__low
006952,train,1242,375,15,14,1,13,1,0,True,True,False,False,False,V1_P1_C0,high,V1_P1_C0__high
006953,train,1241,376,11,8,3,8,0,0,True,False,False,False,False,V1_P0_C0,high,V1_P0_C0__high
006954,train,1242,375,8,4,4,4,0,0,True,False,False,False,False,V1_P0_C0,medium,V1_P0_C0__medium
006955,train,1224,370,1,1,0,0,1,0,False,True,False,False,False,V0_P1_C0,low,V0_P1_C0__low
006956,train,1242,375,8,5,3,5,0,0,True,False,False,False,False,V1_P0_C0,medium,V1_P0_C0__medium
006957,train,1242,375,9,7,2,3,4,0,True,True,False,False,False,V1_P1_C0,high,V1_P1_C0__high
006958,train,1242,375,12,6,6,6,0,0,True,False,False,False,False,V1_P0_C0,medium,V1_P0_C0__medium
006959,train,1242,375,5,4,1,4,0,0,True,False,False,False,False,V1_P0_C0,medium,V1_P0_C0__medium
006960,train,1242,375,13,8,5,8,0,0,True,False,False,False,False,V1_P0_C0,high,V1_P0_C0__high
006961,train,1242,375,8,6,2,6,0,0,True,False,False,False,False,V1_P0_C0,medium,V1_P0_C0__medium
006962,val,1242,375,6,4,2,2,0,2,True,False,True,False,False,V1_P0_C1,medium,V1_P0_C1__medium
006963,train,1242,375,7,6,1,6,0,0,True,False,False,False,False,V1_P0_C0,medium,V1_P0_C0__medium
006964,train,1242,375,6,4,2,4,0,0,True,False,False,False,False,V1_P0_C0,medium,V1_P0_C0__medium
006965,train,1242,375,2,2,0,2,0,0,True,False,False,False,False,V1_P0_C0,low,V1_P0_C0__low
006966,train,1238,374,3,2,1,2,0,0,True,False,False,False,False,V1_P0_C0,low,V1_P0_C0__low
006967,train,1242,375,10,6,4,6,0,0,True,False,False,False,False,V1_P0_C0,medium,V1_P0_C0__medium
006968,train,1242,375,9,8,1,7,1,0,True,True,False,False,False,V1_P1_C0,high,V1_P1_C0__high
006969,train,1242,375,7,3,4,0,3,0,False,True,False,False,False,V0_P1_C0,low,V0_P1_C0__low
006970,train,1242,375,8,7,1,7,0,0,True,False,False,False,False,V1_P0_C0,high,V1_P0_C0__high
006971,train,1242,375,9,4,5,0,2,2,False,True,True,False,False,V0_P1_C1,medium,V0_P1_C1__medium
006972,train,1242,375,5,5,0,5,0,0,True,False,False,False,False,V1_P0_C0,medium,V1_P0_C0__medium
006973,train,1242,375,8,5,3,5,0,0,True,False,False,False,False,V1_P0_C0,medium,V1_P0_C0__medium
006974,train,1242,375,3,2,1,2,0,0,True,False,False,False,False,V1_P0_C0,low,V1_P0_C0__low
006975,train,1242,375,7,3,4,3,0,0,True,False,False,False,False,V1_P0_C0,low,V1_P0_C0__low
006976,train,1242,375,4,1,3,1,0,0,True,False,False,False,False,V1_P0_C0,low,V1_P0_C0__low
006977,train,1242,375,2,2,0,2,0,0,True,False,False,False,False,V1_P0_C0,low,V1_P0_C0__low
006978,train,1241,376,7,5,2,5,0,0,True,False,False,False,False,V1_P0_C0,medium,V1_P0_C0__medium
006979,train,1224,370,8,7,1,7,0,0,True,False,False,False,False,V1_P0_C0,high,V1_P0_C0__high
006980,train,1238,374,16,14,2,0,13,1,False,True,True,False,False,V0_P1_C1,high,V0_P1_C1__high
006981,train,1242,375,2,1,1,1,0,0,True,False,False,False,False,V1_P0_C0,low,V1_P0_C0__low
006982,train,1242,375,7,6,1,6,0,0,True,False,False,False,False,V1_P0_C0,medium,V1_P0_C0__medium
006983,train,1242,375,9,5,4,5,0,0,True,False,False,False,False,V1_P0_C0,medium,V1_P0_C0__medium
006984,train,1242,375,8,6,2,6,0,0,True,False,False,False,False,V1_P0_C0,medium,V1_P0_C0__medium
006985,train,1242,375,9,7,2,6,1,0,True,True,False,False,False,V1_P1_C0,high,V1_P1_C0__high
006986,train,1242,375,3,1,2,1,0,0,True,False,False,False,False,V1_P0_C0,low,V1_P0_C0__low
006987,train,1242,375,8,6,2,6,0,0,True,False,False,False,False,V1_P0_C0,medium,V1_P0_C0__medium
006988,train,1242,375,2,2,0,2,0,0,True,False,False,False,False,V1_P0_C0,low,V1_P0_C0__low
006989,train,1242,375,7,5,2,5,0,0,True,False,False,False,False,V1_P0_C0,medium,V1_P0_C0__medium
006990,val,1242,375,7,7,0,7,0,0,True,False,False,False,False,V1_P0_C0,high,V1_P0_C0__high
006991,train,1242,375,7,6,1,6,0,0,True,False,False,False,False,V1_P0_C0,medium,V1_P0_C0__medium
006992,val,1242,375,14,13,1,13,0,0,True,False,False,False,False,V1_P0_C0,high,V1_P0_C0__high
006993,train,1242,375,8,7,1,7,0,0,True,False,False,False,False,V1_P0_C0,high,V1_P0_C0__high
006994,train,1224,370,5,4,1,1,3,0,True,True,False,False,False,V1_P1_C0,medium,V1_P1_C0__medium
006995,train,1242,375,7,6,1,6,0,0,True,False,False,False,False,V1_P0_C0,medium,V1_P0_C0__medium
006996,val,1242,375,5,5,0,5,0,0,True,False,False,False,False,V1_P0_C0,medium,V1_P0_C0__medium
006997,train,1242,375,9,5,4,3,1,1,True,True,True,False,False,V1_P1_C1,medium,V1_P1_C1__medium
006998,train,1242,375,6,5,1,5,0,0,True,False,False,False,False,V1_P0_C0,medium,V1_P0_C0__medium
006999,train,1242,375,4,2,2,2,0,0,True,False,False,False,False,V1_P0_C0,low,V1_P0_C0__low
007000,train,1242,375,11,9,2,7,0,2,True,False,True,False,False,V1_P0_C1,high,V1_P0_C1__high
007001,train,1242,375,6,4,2,4,0,0,True,False,False,False,False,V1_P0_C0,medium,V1_P0_C0__medium
007002,train,1242,375,3,3,0,3,0,0,True,False,False,False,False,V1_P0_C0,low,V1_P0_C0__low
007003,val,1242,375,10,9,1,9,0,0,True,False,False,False,False,V1_P0_C0,high,V1_P0_C0__high
007004,val,1224,370,7,6,1,4,2,0,True,True,False,False,False,V1_P1_C0,medium,V1_P1_C0__medium
007005,train,1242,375,9,9,0,9,0,0,True,False,False,False,False,V1_P0_C0,high,V1_P0_C0__high
007006,train,1242,375,5,3,2,2,0,1,True,False,True,False,False,V1_P0_C1,low,V1_P0_C1__low
007007,train,1242,375,9,7,2,7,0,0,True,False,False,False,False,V1_P0_C0,high,V1_P0_C0__high
007008,train,1241,376,4,3,1,3,0,0,True,False,False,False,False,V1_P0_C0,low,V1_P0_C0__low
007009,train,1242,375,2,1,1,1,0,0,True,False,False,False,False,V1_P0_C0,low,V1_P0_C0__low
007010,train,1242,375,5,4,1,4,0,0,True,False,False,False,False,V1_P0_C0,medium,V1_P0_C0__medium
007011,train,1242,375,11,10,1,10,0,0,True,False,False,False,False,V1_P0_C0,high,V1_P0_C0__high
007012,train,1242,375,8,5,3,5,0,0,True,False,False,False,False,V1_P0_C0,medium,V1_P0_C0__medium
007013,train,1242,375,14,6,8,6,0,0,True,False,False,False,False,V1_P0_C0,medium,V1_P0_C0__medium
007014,val,1242,375,14,9,5,9,0,0,True,False,False,False,False,V1_P0_C0,high,V1_P0_C0__high
007015,train,1241,376,13,10,3,10,0,0,True,False,False,False,False,V1_P0_C0,high,V1_P0_C0__high
007016,train,1242,375,11,7,4,3,2,2,True,True,True,False,False,V1_P1_C1,high,V1_P1_C1__high
007017,train,1224,370,1,1,0,0,1,0,False,True,False,False,False,V0_P1_C0,low,V0_P1_C0__low
007018,train,1242,375,9,6,3,0,4,2,False,True,True,False,False,V0_P1_C1,medium,V0_P1_C1__medium
007019,train,1242,375,11,8,3,8,0,0,True,False,False,False,False,V1_P0_C0,high,V1_P0_C0__high
007020,val,1242,375,8,4,4,4,0,0,True,False,False,False,False,V1_P0_C0,medium,V1_P0_C0__medium
007021,val,1242,375,10,7,3,4,0,3,True,False,True,False,False,V1_P0_C1,high,V1_P0_C1__high
007022,train,1242,375,7,6,1,6,0,0,True,False,False,False,False,V1_P0_C0,medium,V1_P0_C0__medium
007023,train,1224,370,1,1,0,0,1,0,False,True,False,False,False,V0_P1_C0,low,V0_P1_C0__low
007024,val,1242,375,2,2,0,2,0,0,True,False,False,False,False,V1_P0_C0,low,V1_P0_C0__low
007025,val,1242,375,3,2,1,2,0,0,True,False,False,False,False,V1_P0_C0,low,V1_P0_C0__low
007026,val,1242,375,12,9,3,9,0,0,True,False,False,False,False,V1_P0_C0,high,V1_P0_C0__high
007027,train,1242,375,7,6,1,6,0,0,True,False,False,False,False,V1_P0_C0,medium,V1_P0_C0__medium
007028,train,1242,375,7,5,2,5,0,0,True,False,False,False,False,V1_P0_C0,medium,V1_P0_C0__medium
007029,train,1242,375,7,6,1,6,0,0,True,False,False,False,False,V1_P0_C0,medium,V1_P0_C0__medium
007030,train,1242,375,3,2,1,2,0,0,True,False,False,False,False,V1_P0_C0,low,V1_P0_C0__low
007031,train,1242,375,12,9,3,9,0,0,True,False,False,False,False,V1_P0_C0,high,V1_P0_C0__high
007032,train,1242,375,7,5,2,5,0,0,True,False,False,False,False,V1_P0_C0,medium,V1_P0_C0__medium
007033,train,1242,375,8,6,2,5,0,1,True,False,True,False,False,V1_P0_C1,medium,V1_P0_C1__medium
007034,val,1242,375,5,5,0,4,1,0,True,True,False,False,False,V1_P1_C0,medium,V1_P1_C0__medium
007035,train,1242,375,11,6,5,6,0,0,True,False,False,False,False,V1_P0_C0,medium,V1_P0_C0__medium
007036,train,1224,370,1,1,0,0,1,0,False,True,False,False,False,V0_P1_C0,low,V0_P1_C0__low
007037,train,1242,375,3,3,0,3,0,0,True,False,False,False,False,V1_P0_C0,low,V1_P0_C0__low
007038,train,1242,375,4,4,0,4,0,0,True,False,False,False,False,V1_P0_C0,medium,V1_P0_C0__medium
007039,train,1242,375,10,6,4,6,0,0,True,False,False,False,False,V1_P0_C0,medium,V1_P0_C0__medium
007040,train,1242,375,1,1,0,1,0,0,True,False,False,False,False,V1_P0_C0,low,V1_P0_C0__low
007041,train,1242,375,8,6,2,6,0,0,True,False,False,False,False,V1_P0_C0,medium,V1_P0_C0__medium
007042,train,1242,375,10,6,4,6,0,0,True,False,False,False,False,V1_P0_C0,medium,V1_P0_C0__medium
007043,train,1242,375,8,6,2,6,0,0,True,False,False,False,False,V1_P0_C0,medium,V1_P0_C0__medium
007044,val,1242,375,5,4,1,4,0,0,True,False,False,False,False,V1_P0_C0,medium,V1_P0_C0__medium
007045,train,1242,375,11,7,4,4,0,3,True,False,True,False,False,V1_P0_C1,high,V1_P0_C1__high
007046,train,1242,375,15,14,1,13,1,0,True,True,False,False,False,V1_P1_C0,high,V1_P1_C0__high
007047,train,1242,375,11,10,1,10,0,0,True,False,False,False,False,V1_P0_C0,high,V1_P0_C0__high
007048,train,1242,375,3,2,1,2,0,0,True,False,False,False,False,V1_P0_C0,low,V1_P0_C0__low
007049,train,1242,375,4,2,2,1,0,1,True,False,True,False,False,V1_P0_C1,low,V1_P0_C1__low
007050,train,1242,375,9,7,2,7,0,0,True,False,False,False,False,V1_P0_C0,high,V1_P0_C0__high
007051,train,1242,375,10,6,4,6,0,0,True,False,False,False,False,V1_P0_C0,medium,V1_P0_C0__medium
007052,train,1242,375,10,7,3,6,1,0,True,True,False,False,False,V1_P1_C0,high,V1_P1_C0__high
007053,train,1242,375,8,7,1,5,0,2,True,False,True,False,False,V1_P0_C1,high,V1_P0_C1__high
007054,train,1242,375,4,1,3,1,0,0,True,False,False,False,False,V1_P0_C0,low,V1_P0_C0__low
007055,train,1242,375,5,3,2,3,0,0,True,False,False,False,False,V1_P0_C0,low,V1_P0_C0__low
007056,val,1242,375,10,7,3,6,1,0,True,True,False,False,False,V1_P1_C0,high,V1_P1_C0__high
007057,train,1242,375,4,3,1,3,0,0,True,False,False,False,False,V1_P0_C0,low,V1_P0_C0__low
007058,train,1242,375,5,1,4,1,0,0,True,False,False,False,False,V1_P0_C0,low,V1_P0_C0__low
007059,train,1242,375,6,5,1,5,0,0,True,False,False,False,False,V1_P0_C0,medium,V1_P0_C0__medium
007060,train,1242,375,6,5,1,5,0,0,True,False,False,False,False,V1_P0_C0,medium,V1_P0_C0__medium
007061,val,1242,375,7,6,1,6,0,0,True,False,False,False,False,V1_P0_C0,medium,V1_P0_C0__medium
007062,train,1242,375,4,2,2,2,0,0,True,False,False,False,False,V1_P0_C0,low,V1_P0_C0__low
007063,train,1242,375,5,4,1,4,0,0,True,False,False,False,False,V1_P0_C0,medium,V1_P0_C0__medium
007064,train,1242,375,8,6,2,6,0,0,True,False,False,False,False,V1_P0_C0,medium,V1_P0_C0__medium
007065,val,1242,375,6,6,0,6,0,0,True,False,False,False,False,V1_P0_C0,medium,V1_P0_C0__medium
007066,val,1242,375,11,6,5,6,0,0,True,False,False,False,False,V1_P0_C0,medium,V1_P0_C0__medium
007067,train,1242,375,11,10,1,8,0,2,True,False,True,False,False,V1_P0_C1,high,V1_P0_C1__high
007068,train,1242,375,4,4,0,4,0,0,True,False,False,False,False,V1_P0_C0,medium,V1_P0_C0__medium
007069,val,1242,375,10,9,1,9,0,0,True,False,False,False,False,V1_P0_C0,high,V1_P0_C0__high
007070,train,1242,375,9,8,1,5,2,1,True,True,True,False,False,V1_P1_C1,high,V1_P1_C1__high
007071,train,1242,375,13,9,4,9,0,0,True,False,False,False,False,V1_P0_C0,high,V1_P0_C0__high
007072,train,1242,375,2,1,1,0,1,0,False,True,False,False,False,V0_P1_C0,low,V0_P1_C0__low
007073,train,1224,370,1,1,0,0,1,0,False,True,False,False,False,V0_P1_C0,low,V0_P1_C0__low
007074,train,1242,375,2,2,0,2,0,0,True,False,False,False,False,V1_P0_C0,low,V1_P0_C0__low
007075,val,1224,370,1,1,0,0,1,0,False,True,False,False,False,V0_P1_C0,low,V0_P1_C0__low
007076,val,1242,375,3,1,2,1,0,0,True,False,False,False,False,V1_P0_C0,low,V1_P0_C0__low
007077,train,1224,370,2,2,0,1,1,0,True,True,False,False,False,V1_P1_C0,low,V1_P1_C0__low
007078,val,1242,375,4,2,2,2,0,0,True,False,False,False,False,V1_P0_C0,low,V1_P0_C0__low
007079,train,1242,375,3,2,1,2,0,0,True,False,False,False,False,V1_P0_C0,low,V1_P0_C0__low
007080,val,1242,375,2,1,1,0,1,0,False,True,False,False,False,V0_P1_C0,low,V0_P1_C0__low
007081,train,1242,375,10,9,1,9,0,0,True,False,False,False,False,V1_P0_C0,high,V1_P0_C0__high
007082,val,1242,375,1,1,0,1,0,0,True,False,False,False,False,V1_P0_C0,low,V1_P0_C0__low
007083,train,1242,375,3,2,1,2,0,0,True,False,False,False,False,V1_P0_C0,low,V1_P0_C0__low
007084,val,1224,370,1,1,0,0,1,0,False,True,False,False,False,V0_P1_C0,low,V0_P1_C0__low
007085,train,1242,375,5,5,0,5,0,0,True,False,False,False,False,V1_P0_C0,medium,V1_P0_C0__medium
007086,val,1242,375,1,1,0,1,0,0,True,False,False,False,False,V1_P0_C0,low,V1_P0_C0__low
007087,val,1242,375,10,9,1,9,0,0,True,False,False,False,False,V1_P0_C0,high,V1_P0_C0__high
007088,train,1242,375,6,5,1,5,0,0,True,False,False,False,False,V1_P0_C0,medium,V1_P0_C0__medium
007089,train,1242,375,4,3,1,3,0,0,True,False,False,False,False,V1_P0_C0,low,V1_P0_C0__low
007090,train,1242,375,4,1,3,1,0,0,True,False,False,False,False,V1_P0_C0,low,V1_P0_C0__low
007091,train,1242,375,7,6,1,6,0,0,True,False,False,False,False,V1_P0_C0,medium,V1_P0_C0__medium
007092,train,1242,375,5,2,3,0,2,0,False,True,False,False,False,V0_P1_C0,low,V0_P1_C0__low
007093,train,1242,375,6,5,1,5,0,0,True,False,False,False,False,V1_P0_C0,medium,V1_P0_C0__medium
007094,train,1242,375,8,8,0,0,8,0,False,True,False,False,False,V0_P1_C0,high,V0_P1_C0__high
007095,train,1242,375,6,4,2,4,0,0,True,False,False,False,False,V1_P0_C0,medium,V1_P0_C0__medium
007096,val,1242,375,7,6,1,6,0,0,True,False,False,False,False,V1_P0_C0,medium,V1_P0_C0__medium
007097,train,1238,374,5,5,0,5,0,0,True,False,False,False,False,V1_P0_C0,medium,V1_P0_C0__medium
007098,train,1242,375,6,3,3,3,0,0,True,False,False,False,False,V1_P0_C0,low,V1_P0_C0__low
007099,train,1242,375,16,15,1,14,1,0,True,True,False,False,False,V1_P1_C0,high,V1_P1_C0__high
007100,train,1242,375,6,3,3,3,0,0,True,False,False,False,False,V1_P0_C0,low,V1_P0_C0__low
007101,val,1242,375,17,15,2,15,0,0,True,False,False,False,False,V1_P0_C0,high,V1_P0_C0__high
007102,train,1242,375,15,14,1,14,0,0,True,False,False,False,False,V1_P0_C0,high,V1_P0_C0__high
007103,val,1242,375,5,2,3,1,0,1,True,False,True,False,False,V1_P0_C1,low,V1_P0_C1__low
007104,train,1242,375,6,5,1,5,0,0,True,False,False,False,False,V1_P0_C0,medium,V1_P0_C0__medium
007105,train,1242,375,4,2,2,2,0,0,True,False,False,False,False,V1_P0_C0,low,V1_P0_C0__low
007106,train,1242,375,4,2,2,2,0,0,True,False,False,False,False,V1_P0_C0,low,V1_P0_C0__low
007107,train,1242,375,12,12,0,12,0,0,True,False,False,False,False,V1_P0_C0,high,V1_P0_C0__high
007108,train,1242,375,6,5,1,5,0,0,True,False,False,False,False,V1_P0_C0,medium,V1_P0_C0__medium
007109,train,1238,374,15,13,2,1,12,0,True,True,False,False,False,V1_P1_C0,high,V1_P1_C0__high
007110,train,1224,370,1,1,0,0,1,0,False,True,False,False,False,V0_P1_C0,low,V0_P1_C0__low
007111,train,1242,375,2,2,0,2,0,0,True,False,False,False,False,V1_P0_C0,low,V1_P0_C0__low
007112,train,1242,375,1,1,0,1,0,0,True,False,False,False,False,V1_P0_C0,low,V1_P0_C0__low
007113,train,1242,375,2,1,1,1,0,0,True,False,False,False,False,V1_P0_C0,low,V1_P0_C0__low
007114,train,1242,375,12,12,0,12,0,0,True,False,False,False,False,V1_P0_C0,high,V1_P0_C0__high
007115,val,1242,375,2,1,1,0,1,0,False,True,False,False,False,V0_P1_C0,low,V0_P1_C0__low
007116,val,1242,375,6,4,2,4,0,0,True,False,False,False,False,V1_P0_C0,medium,V1_P0_C0__medium
007117,train,1242,375,8,6,2,6,0,0,True,False,False,False,False,V1_P0_C0,medium,V1_P0_C0__medium
007118,train,1242,375,4,2,2,0,2,0,False,True,False,False,False,V0_P1_C0,low,V0_P1_C0__low
007119,train,1242,375,6,4,2,4,0,0,True,False,False,False,False,V1_P0_C0,medium,V1_P0_C0__medium
007120,train,1242,375,6,5,1,5,0,0,True,False,False,False,False,V1_P0_C0,medium,V1_P0_C0__medium
007121,val,1242,375,11,11,0,10,1,0,True,True,False,False,False,V1_P1_C0,high,V1_P1_C0__high
007122,train,1242,375,7,6,1,5,1,0,True,True,False,False,False,V1_P1_C0,medium,V1_P1_C0__medium
007123,train,1242,375,8,7,1,6,1,0,True,True,False,False,False,V1_P1_C0,high,V1_P1_C0__high
007124,val,1242,375,7,7,0,7,0,0,True,False,False,False,False,V1_P0_C0,high,V1_P0_C0__high
007125,train,1242,375,4,2,2,2,0,0,True,False,False,False,False,V1_P0_C0,low,V1_P0_C0__low
007126,train,1224,370,1,1,0,0,1,0,False,True,False,False,False,V0_P1_C0,low,V0_P1_C0__low
007127,train,1242,375,2,1,1,1,0,0,True,False,False,False,False,V1_P0_C0,low,V1_P0_C0__low
007128,val,1242,375,8,6,2,6,0,0,True,False,False,False,False,V1_P0_C0,medium,V1_P0_C0__medium
007129,val,1242,375,10,7,3,0,5,2,False,True,True,False,False,V0_P1_C1,high,V0_P1_C1__high
007130,val,1242,375,5,2,3,1,0,1,True,False,True,False,False,V1_P0_C1,low,V1_P0_C1__low
007131,val,1242,375,10,9,1,9,0,0,True,False,False,False,False,V1_P0_C0,high,V1_P0_C0__high
007132,train,1242,375,11,10,1,9,0,1,True,False,True,False,False,V1_P0_C1,high,V1_P0_C1__high
007133,train,1242,375,3,2,1,2,0,0,True,False,False,False,False,V1_P0_C0,low,V1_P0_C0__low
007134,train,1242,375,7,6,1,6,0,0,True,False,False,False,False,V1_P0_C0,medium,V1_P0_C0__medium
007135,train,1242,375,7,7,0,6,1,0,True,True,False,False,False,V1_P1_C0,high,V1_P1_C0__high
007136,train,1238,374,10,8,2,1,7,0,True,True,False,False,False,V1_P1_C0,high,V1_P1_C0__high
007137,train,1242,375,11,11,0,11,0,0,True,False,False,False,False,V1_P0_C0,high,V1_P0_C0__high
007138,train,1242,375,8,7,1,7,0,0,True,False,False,False,False,V1_P0_C0,high,V1_P0_C0__high
007139,train,1242,375,6,6,0,6,0,0,True,False,False,False,False,V1_P0_C0,medium,V1_P0_C0__medium
007140,train,1242,375,5,5,0,5,0,0,True,False,False,False,False,V1_P0_C0,medium,V1_P0_C0__medium
007141,train,1242,375,3,2,1,2,0,0,True,False,False,False,False,V1_P0_C0,low,V1_P0_C0__low
007142,train,1242,375,8,7,1,7,0,0,True,False,False,False,False,V1_P0_C0,high,V1_P0_C0__high
007143,train,1242,375,5,2,3,2,0,0,True,False,False,False,False,V1_P0_C0,low,V1_P0_C0__low
007144,train,1242,375,4,4,0,4,0,0,True,False,False,False,False,V1_P0_C0,medium,V1_P0_C0__medium
007145,train,1242,375,8,6,2,6,0,0,True,False,False,False,False,V1_P0_C0,medium,V1_P0_C0__medium
007146,train,1242,375,4,3,1,3,0,0,True,False,False,False,False,V1_P0_C0,low,V1_P0_C0__low
007147,train,1224,370,4,4,0,3,0,1,True,False,True,False,False,V1_P0_C1,medium,V1_P0_C1__medium
007148,val,1238,374,5,5,0,5,0,0,True,False,False,False,False,V1_P0_C0,medium,V1_P0_C0__medium
007149,train,1242,375,9,8,1,7,1,0,True,True,False,False,False,V1_P1_C0,high,V1_P1_C0__high
007150,val,1224,370,1,1,0,0,1,0,False,True,False,False,False,V0_P1_C0,low,V0_P1_C0__low
007151,train,1242,375,11,11,0,11,0,0,True,False,False,False,False,V1_P0_C0,high,V1_P0_C0__high
007152,train,1242,375,5,3,2,3,0,0,True,False,False,False,False,V1_P0_C0,low,V1_P0_C0__low
007153,train,1242,375,8,6,2,6,0,0,True,False,False,False,False,V1_P0_C0,medium,V1_P0_C0__medium
007154,train,1224,370,1,1,0,0,1,0,False,True,False,False,False,V0_P1_C0,low,V0_P1_C0__low
007155,train,1242,375,1,1,0,1,0,0,True,False,False,False,False,V1_P0_C0,low,V1_P0_C0__low
007156,train,1242,375,13,12,1,10,2,0,True,True,False,False,False,V1_P1_C0,high,V1_P1_C0__high
007157,val,1242,375,5,4,1,3,1,0,True,True,False,False,False,V1_P1_C0,medium,V1_P1_C0__medium
007158,train,1242,375,2,2,0,2,0,0,True,False,False,False,False,V1_P0_C0,low,V1_P0_C0__low
007159,train,1224,370,2,2,0,0,2,0,False,True,False,False,False,V0_P1_C0,low,V0_P1_C0__low
007160,train,1242,375,8,8,0,8,0,0,True,False,False,False,False,V1_P0_C0,high,V1_P0_C0__high
007161,train,1238,374,7,5,2,1,4,0,True,True,False,False,False,V1_P1_C0,medium,V1_P1_C0__medium
007162,val,1241,376,9,8,1,8,0,0,True,False,False,False,False,V1_P0_C0,high,V1_P0_C0__high
007163,train,1242,375,11,8,3,8,0,0,True,False,False,False,False,V1_P0_C0,high,V1_P0_C0__high
007164,train,1242,375,4,3,1,3,0,0,True,False,False,False,False,V1_P0_C0,low,V1_P0_C0__low
007165,val,1242,375,6,5,1,5,0,0,True,False,False,False,False,V1_P0_C0,medium,V1_P0_C0__medium
007166,train,1242,375,10,9,1,9,0,0,True,False,False,False,False,V1_P0_C0,high,V1_P0_C0__high
007167,train,1242,375,7,4,3,4,0,0,True,False,False,False,False,V1_P0_C0,medium,V1_P0_C0__medium
007168,train,1242,375,6,3,3,2,0,1,True,False,True,False,False,V1_P0_C1,low,V1_P0_C1__low
007169,val,1242,375,9,8,1,8,0,0,True,False,False,False,False,V1_P0_C0,high,V1_P0_C0__high
007170,train,1238,374,4,4,0,4,0,0,True,False,False,False,False,V1_P0_C0,medium,V1_P0_C0__medium
007171,val,1242,375,12,7,5,7,0,0,True,False,False,False,False,V1_P0_C0,high,V1_P0_C0__high
007172,val,1238,374,5,3,2,3,0,0,True,False,False,False,False,V1_P0_C0,low,V1_P0_C0__low
007173,train,1242,375,2,2,0,2,0,0,True,False,False,False,False,V1_P0_C0,low,V1_P0_C0__low
007174,train,1242,375,13,8,5,8,0,0,True,False,False,False,False,V1_P0_C0,high,V1_P0_C0__high
007175,train,1242,375,1,1,0,1,0,0,True,False,False,False,False,V1_P0_C0,low,V1_P0_C0__low
007176,train,1242,375,5,3,2,3,0,0,True,False,False,False,False,V1_P0_C0,low,V1_P0_C0__low
007177,val,1242,375,9,8,1,6,0,2,True,False,True,False,False,V1_P0_C1,high,V1_P0_C1__high
007178,train,1242,375,9,8,1,7,1,0,True,True,False,False,False,V1_P1_C0,high,V1_P1_C0__high
007179,train,1242,375,6,4,2,0,4,0,False,True,False,False,False,V0_P1_C0,medium,V0_P1_C0__medium
007180,train,1242,375,4,4,0,4,0,0,True,False,False,False,False,V1_P0_C0,medium,V1_P0_C0__medium
007181,train,1242,375,2,2,0,2,0,0,True,False,False,False,False,V1_P0_C0,low,V1_P0_C0__low
007182,val,1242,375,11,11,0,8,3,0,True,True,False,False,False,V1_P1_C0,high,V1_P1_C0__high
007183,train,1242,375,9,7,2,7,0,0,True,False,False,False,False,V1_P0_C0,high,V1_P0_C0__high
007184,train,1242,375,4,3,1,3,0,0,True,False,False,False,False,V1_P0_C0,low,V1_P0_C0__low
007185,train,1242,375,12,10,2,9,1,0,True,True,False,False,False,V1_P1_C0,high,V1_P1_C0__high
007186,train,1242,375,4,1,3,1,0,0,True,False,False,False,False,V1_P0_C0,low,V1_P0_C0__low
007187,val,1242,375,1,1,0,1,0,0,True,False,False,False,False,V1_P0_C0,low,V1_P0_C0__low
007188,train,1224,370,1,1,0,0,1,0,False,True,False,False,False,V0_P1_C0,low,V0_P1_C0__low
007189,val,1242,375,7,5,2,0,5,0,False,True,False,False,False,V0_P1_C0,medium,V0_P1_C0__medium
007190,train,1242,375,2,2,0,2,0,0,True,False,False,False,False,V1_P0_C0,low,V1_P0_C0__low
007191,train,1242,375,4,3,1,3,0,0,True,False,False,False,False,V1_P0_C0,low,V1_P0_C0__low
007192,train,1242,375,11,9,2,6,3,0,True,True,False,False,False,V1_P1_C0,high,V1_P1_C0__high
007193,train,1242,375,5,4,1,4,0,0,True,False,False,False,False,V1_P0_C0,medium,V1_P0_C0__medium
007194,train,1242,375,5,4,1,4,0,0,True,False,False,False,False,V1_P0_C0,medium,V1_P0_C0__medium
007195,train,1242,375,12,10,2,10,0,0,True,False,False,False,False,V1_P0_C0,high,V1_P0_C0__high
007196,train,1242,375,8,7,1,7,0,0,True,False,False,False,False,V1_P0_C0,high,V1_P0_C0__high
007197,val,1242,375,5,2,3,2,0,0,True,False,False,False,False,V1_P0_C0,low,V1_P0_C0__low
007198,train,1242,375,5,3,2,3,0,0,True,False,False,False,False,V1_P0_C0,low,V1_P0_C0__low
007199,train,1242,375,6,2,4,0,1,1,False,True,True,False,False,V0_P1_C1,low,V0_P1_C1__low
007200,train,1242,375,11,10,1,10,0,0,True,False,False,False,False,V1_P0_C0,high,V1_P0_C0__high
007201,train,1238,374,9,4,5,0,4,0,False,True,False,False,False,V0_P1_C0,medium,V0_P1_C0__medium
007202,train,1238,374,15,13,2,0,12,1,False,True,True,False,False,V0_P1_C1,high,V0_P1_C1__high
007203,train,1242,375,10,10,0,6,4,0,True,True,False,False,False,V1_P1_C0,high,V1_P1_C0__high
007204,train,1242,375,8,7,1,7,0,0,True,False,False,False,False,V1_P0_C0,high,V1_P0_C0__high
007205,train,1242,375,5,3,2,3,0,0,True,False,False,False,False,V1_P0_C0,low,V1_P0_C0__low
007206,val,1242,375,7,6,1,5,0,1,True,False,True,False,False,V1_P0_C1,medium,V1_P0_C1__medium
007207,train,1242,375,4,3,1,2,0,1,True,False,True,False,False,V1_P0_C1,low,V1_P0_C1__low
007208,train,1242,375,11,10,1,10,0,0,True,False,False,False,False,V1_P0_C0,high,V1_P0_C0__high
007209,val,1242,375,13,13,0,13,0,0,True,False,False,False,False,V1_P0_C0,high,V1_P0_C0__high
007210,val,1242,375,12,9,3,9,0,0,True,False,False,False,False,V1_P0_C0,high,V1_P0_C0__high
007211,val,1242,375,6,4,2,4,0,0,True,False,False,False,False,V1_P0_C0,medium,V1_P0_C0__medium
007212,train,1242,375,2,1,1,1,0,0,True,False,False,False,False,V1_P0_C0,low,V1_P0_C0__low
007213,val,1242,375,5,3,2,3,0,0,True,False,False,False,False,V1_P0_C0,low,V1_P0_C0__low
007214,train,1242,375,5,4,1,4,0,0,True,False,False,False,False,V1_P0_C0,medium,V1_P0_C0__medium
007215,train,1242,375,3,2,1,2,0,0,True,False,False,False,False,V1_P0_C0,low,V1_P0_C0__low
007216,val,1224,370,7,6,1,6,0,0,True,False,False,False,False,V1_P0_C0,medium,V1_P0_C0__medium
007217,train,1242,375,3,3,0,3,0,0,True,False,False,False,False,V1_P0_C0,low,V1_P0_C0__low
007218,train,1242,375,11,5,6,5,0,0,True,False,False,False,False,V1_P0_C0,medium,V1_P0_C0__medium
007219,train,1238,374,6,4,2,4,0,0,True,False,False,False,False,V1_P0_C0,medium,V1_P0_C0__medium
007220,train,1242,375,1,1,0,1,0,0,True,False,False,False,False,V1_P0_C0,low,V1_P0_C0__low
007221,train,1242,375,5,3,2,2,0,1,True,False,True,False,False,V1_P0_C1,low,V1_P0_C1__low
007222,train,1242,375,10,5,5,5,0,0,True,False,False,False,False,V1_P0_C0,medium,V1_P0_C0__medium
007223,train,1224,370,1,1,0,0,1,0,False,True,False,False,False,V0_P1_C0,low,V0_P1_C0__low
007224,train,1242,375,3,3,0,3,0,0,True,False,False,False,False,V1_P0_C0,low,V1_P0_C0__low
007225,train,1242,375,7,6,1,6,0,0,True,False,False,False,False,V1_P0_C0,medium,V1_P0_C0__medium
007226,train,1242,375,7,4,3,4,0,0,True,False,False,False,False,V1_P0_C0,medium,V1_P0_C0__medium
007227,val,1242,375,3,2,1,2,0,0,True,False,False,False,False,V1_P0_C0,low,V1_P0_C0__low
007228,val,1242,375,14,13,1,13,0,0,True,False,False,False,False,V1_P0_C0,high,V1_P0_C0__high
007229,train,1242,375,5,3,2,2,0,1,True,False,True,False,False,V1_P0_C1,low,V1_P0_C1__low
007230,val,1242,375,6,5,1,5,0,0,True,False,False,False,False,V1_P0_C0,medium,V1_P0_C0__medium
007231,train,1224,370,1,1,0,0,1,0,False,True,False,False,False,V0_P1_C0,low,V0_P1_C0__low
007232,train,1242,375,6,5,1,4,0,1,True,False,True,False,False,V1_P0_C1,medium,V1_P0_C1__medium
007233,val,1242,375,12,11,1,11,0,0,True,False,False,False,False,V1_P0_C0,high,V1_P0_C0__high
007234,train,1242,375,5,4,1,4,0,0,True,False,False,False,False,V1_P0_C0,medium,V1_P0_C0__medium
007235,train,1242,375,6,4,2,4,0,0,True,False,False,False,False,V1_P0_C0,medium,V1_P0_C0__medium
007236,train,1242,375,8,6,2,6,0,0,True,False,False,False,False,V1_P0_C0,medium,V1_P0_C0__medium
007237,train,1224,370,1,1,0,0,1,0,False,True,False,False,False,V0_P1_C0,low,V0_P1_C0__low
007238,train,1242,375,5,2,3,2,0,0,True,False,False,False,False,V1_P0_C0,low,V1_P0_C0__low
007239,train,1242,375,7,4,3,4,0,0,True,False,False,False,False,V1_P0_C0,medium,V1_P0_C0__medium
007240,train,1242,375,7,5,2,4,0,1,True,False,True,False,False,V1_P0_C1,medium,V1_P0_C1__medium
007241,val,1238,374,5,4,1,4,0,0,True,False,False,False,False,V1_P0_C0,medium,V1_P0_C0__medium
007242,train,1242,375,12,7,5,7,0,0,True,False,False,False,False,V1_P0_C0,high,V1_P0_C0__high
007243,val,1242,375,13,13,0,13,0,0,True,False,False,False,False,V1_P0_C0,high,V1_P0_C0__high
007244,train,1238,374,6,4,2,4,0,0,True,False,False,False,False,V1_P0_C0,medium,V1_P0_C0__medium
007245,train,1242,375,3,2,1,2,0,0,True,False,False,False,False,V1_P0_C0,low,V1_P0_C0__low
007246,train,1242,375,5,4,1,4,0,0,True,False,False,False,False,V1_P0_C0,medium,V1_P0_C0__medium
007247,train,1242,375,8,4,4,4,0,0,True,False,False,False,False,V1_P0_C0,medium,V1_P0_C0__medium
007248,train,1242,375,14,13,1,13,0,0,True,False,False,False,False,V1_P0_C0,high,V1_P0_C0__high
007249,val,1242,375,7,6,1,6,0,0,True,False,False,False,False,V1_P0_C0,medium,V1_P0_C0__medium
007250,train,1242,375,6,5,1,5,0,0,True,False,False,False,False,V1_P0_C0,medium,V1_P0_C0__medium
007251,train,1242,375,1,1,0,1,0,0,True,False,False,False,False,V1_P0_C0,low,V1_P0_C0__low
007252,val,1242,375,5,3,2,3,0,0,True,False,False,False,False,V1_P0_C0,low,V1_P0_C0__low
007253,val,1242,375,2,1,1,0,1,0,False,True,False,False,False,V0_P1_C0,low,V0_P1_C0__low
007254,train,1242,375,3,3,0,0,3,0,False,True,False,False,False,V0_P1_C0,low,V0_P1_C0__low
007255,train,1224,370,9,5,4,2,2,1,True,True,True,False,False,V1_P1_C1,medium,V1_P1_C1__medium
007256,train,1242,375,13,12,1,12,0,0,True,False,False,False,False,V1_P0_C0,high,V1_P0_C0__high
007257,val,1242,375,2,1,1,1,0,0,True,False,False,False,False,V1_P0_C0,low,V1_P0_C0__low
007258,val,1242,375,4,3,1,3,0,0,True,False,False,False,False,V1_P0_C0,low,V1_P0_C0__low
007259,val,1242,375,8,7,1,7,0,0,True,False,False,False,False,V1_P0_C0,high,V1_P0_C0__high
007260,val,1242,375,12,10,2,7,3,0,True,True,False,False,False,V1_P1_C0,high,V1_P1_C0__high
007261,train,1242,375,5,4,1,4,0,0,True,False,False,False,False,V1_P0_C0,medium,V1_P0_C0__medium
007262,train,1242,375,5,1,4,1,0,0,True,False,False,False,False,V1_P0_C0,low,V1_P0_C0__low
007263,val,1242,375,16,15,1,15,0,0,True,False,False,False,False,V1_P0_C0,high,V1_P0_C0__high
007264,train,1242,375,6,6,0,5,0,1,True,False,True,False,False,V1_P0_C1,medium,V1_P0_C1__medium
007265,train,1238,374,8,7,1,1,6,0,True,True,False,False,False,V1_P1_C0,high,V1_P1_C0__high
007266,train,1242,375,10,7,3,7,0,0,True,False,False,False,False,V1_P0_C0,high,V1_P0_C0__high
007267,val,1242,375,4,4,0,4,0,0,True,False,False,False,False,V1_P0_C0,medium,V1_P0_C0__medium
007268,val,1242,375,7,2,5,2,0,0,True,False,False,False,False,V1_P0_C0,low,V1_P0_C0__low
007269,val,1224,370,1,1,0,0,1,0,False,True,False,False,False,V0_P1_C0,low,V0_P1_C0__low
007270,train,1242,375,2,2,0,2,0,0,True,False,False,False,False,V1_P0_C0,low,V1_P0_C0__low
007271,train,1242,375,3,2,1,2,0,0,True,False,False,False,False,V1_P0_C0,low,V1_P0_C0__low
007272,val,1224,370,1,1,0,0,1,0,False,True,False,False,False,V0_P1_C0,low,V0_P1_C0__low
007273,val,1241,376,10,9,1,9,0,0,True,False,False,False,False,V1_P0_C0,high,V1_P0_C0__high
007274,train,1241,376,3,3,0,3,0,0,True,False,False,False,False,V1_P0_C0,low,V1_P0_C0__low
007275,val,1242,375,1,1,0,1,0,0,True,False,False,False,False,V1_P0_C0,low,V1_P0_C0__low
007276,train,1242,375,4,1,3,1,0,0,True,False,False,False,False,V1_P0_C0,low,V1_P0_C0__low
007277,train,1242,375,9,8,1,6,0,2,True,False,True,False,False,V1_P0_C1,high,V1_P0_C1__high
007278,train,1224,370,1,1,0,0,1,0,False,True,False,False,False,V0_P1_C0,low,V0_P1_C0__low
007279,val,1242,375,3,2,1,2,0,0,True,False,False,False,False,V1_P0_C0,low,V1_P0_C0__low
007280,train,1242,375,8,6,2,3,0,3,True,False,True,False,False,V1_P0_C1,medium,V1_P0_C1__medium
007281,train,1242,375,7,5,2,5,0,0,True,False,False,False,False,V1_P0_C0,medium,V1_P0_C0__medium
007282,val,1242,375,2,1,1,1,0,0,True,False,False,False,False,V1_P0_C0,low,V1_P0_C0__low
007283,train,1242,375,9,8,1,8,0,0,True,False,False,False,False,V1_P0_C0,high,V1_P0_C0__high
007284,train,1242,375,7,4,3,3,0,1,True,False,True,False,False,V1_P0_C1,medium,V1_P0_C1__medium
007285,train,1242,375,2,2,0,1,0,1,True,False,True,False,False,V1_P0_C1,low,V1_P0_C1__low
007286,train,1242,375,10,9,1,2,6,1,True,True,True,False,False,V1_P1_C1,high,V1_P1_C1__high
007287,train,1242,375,9,2,7,2,0,0,True,False,False,False,False,V1_P0_C0,low,V1_P0_C0__low
007288,val,1224,370,1,1,0,0,1,0,False,True,False,False,False,V0_P1_C0,low,V0_P1_C0__low
007289,train,1242,375,18,14,4,13,1,0,True,True,False,False,False,V1_P1_C0,high,V1_P1_C0__high
007290,val,1224,370,6,6,0,1,5,0,True,True,False,False,False,V1_P1_C0,medium,V1_P1_C0__medium
007291,train,1242,375,5,4,1,4,0,0,True,False,False,False,False,V1_P0_C0,medium,V1_P0_C0__medium
007292,train,1242,375,6,3,3,3,0,0,True,False,False,False,False,V1_P0_C0,low,V1_P0_C0__low
007293,val,1242,375,2,1,1,1,0,0,True,False,False,False,False,V1_P0_C0,low,V1_P0_C0__low
007294,train,1242,375,8,7,1,6,0,1,True,False,True,False,False,V1_P0_C1,high,V1_P0_C1__high
007295,train,1242,375,3,2,1,2,0,0,True,False,False,False,False,V1_P0_C0,low,V1_P0_C0__low
007296,train,1242,375,11,5,6,5,0,0,True,False,False,False,False,V1_P0_C0,medium,V1_P0_C0__medium
007297,val,1242,375,4,3,1,3,0,0,True,False,False,False,False,V1_P0_C0,low,V1_P0_C0__low
007298,train,1242,375,4,2,2,2,0,0,True,False,False,False,False,V1_P0_C0,low,V1_P0_C0__low
007299,train,1242,375,8,6,2,6,0,0,True,False,False,False,False,V1_P0_C0,medium,V1_P0_C0__medium
007300,train,1242,375,5,1,4,0,1,0,False,True,False,False,False,V0_P1_C0,low,V0_P1_C0__low
007301,train,1242,375,14,13,1,10,1,2,True,True,True,False,False,V1_P1_C1,high,V1_P1_C1__high
007302,val,1242,375,4,3,1,3,0,0,True,False,False,False,False,V1_P0_C0,low,V1_P0_C0__low
007303,train,1242,375,4,3,1,3,0,0,True,False,False,False,False,V1_P0_C0,low,V1_P0_C0__low
007304,train,1242,375,2,1,1,1,0,0,True,False,False,False,False,V1_P0_C0,low,V1_P0_C0__low
007305,train,1242,375,2,2,0,2,0,0,True,False,False,False,False,V1_P0_C0,low,V1_P0_C0__low
007306,train,1242,375,6,4,2,4,0,0,True,False,False,False,False,V1_P0_C0,medium,V1_P0_C0__medium
007307,train,1242,375,1,1,0,1,0,0,True,False,False,False,False,V1_P0_C0,low,V1_P0_C0__low
007308,train,1224,370,1,1,0,0,1,0,False,True,False,False,False,V0_P1_C0,low,V0_P1_C0__low
007309,val,1242,375,10,9,1,9,0,0,True,False,False,False,False,V1_P0_C0,high,V1_P0_C0__high
007310,train,1224,370,1,1,0,0,1,0,False,True,False,False,False,V0_P1_C0,low,V0_P1_C0__low
007311,train,1242,375,6,4,2,4,0,0,True,False,False,False,False,V1_P0_C0,medium,V1_P0_C0__medium
007312,train,1242,375,5,3,2,3,0,0,True,False,False,False,False,V1_P0_C0,low,V1_P0_C0__low
007313,train,1242,375,15,15,0,15,0,0,True,False,False,False,False,V1_P0_C0,high,V1_P0_C0__high
007314,train,1242,375,14,13,1,13,0,0,True,False,False,False,False,V1_P0_C0,high,V1_P0_C0__high
007315,train,1242,375,15,14,1,13,0,1,True,False,True,False,False,V1_P0_C1,high,V1_P0_C1__high
007316,train,1242,375,8,5,3,5,0,0,True,False,False,False,False,V1_P0_C0,medium,V1_P0_C0__medium
007317,train,1242,375,7,4,3,4,0,0,True,False,False,False,False,V1_P0_C0,medium,V1_P0_C0__medium
007318,val,1238,374,10,7,3,0,4,3,False,True,True,False,False,V0_P1_C1,high,V0_P1_C1__high
007319,train,1238,374,10,7,3,1,6,0,True,True,False,False,False,V1_P1_C0,high,V1_P1_C0__high
007320,train,1224,370,1,1,0,0,1,0,False,True,False,False,False,V0_P1_C0,low,V0_P1_C0__low
007321,train,1224,370,3,3,0,1,2,0,True,True,False,False,False,V1_P1_C0,low,V1_P1_C0__low
007322,train,1242,375,1,1,0,1,0,0,True,False,False,False,False,V1_P0_C0,low,V1_P0_C0__low
007323,train,1242,375,10,8,2,8,0,0,True,False,False,False,False,V1_P0_C0,high,V1_P0_C0__high
007324,val,1242,375,9,5,4,2,0,3,True,False,True,False,False,V1_P0_C1,medium,V1_P0_C1__medium
007325,train,1242,375,11,10,1,10,0,0,True,False,False,False,False,V1_P0_C0,high,V1_P0_C0__high
007326,val,1224,370,5,3,2,2,0,1,True,False,True,False,False,V1_P0_C1,low,V1_P0_C1__low
007327,train,1224,370,1,1,0,0,1,0,False,True,False,False,False,V0_P1_C0,low,V0_P1_C0__low
007328,val,1242,375,4,3,1,3,0,0,True,False,False,False,False,V1_P0_C0,low,V1_P0_C0__low
007329,train,1241,376,9,7,2,7,0,0,True,False,False,False,False,V1_P0_C0,high,V1_P0_C0__high
007330,train,1242,375,6,6,0,6,0,0,True,False,False,False,False,V1_P0_C0,medium,V1_P0_C0__medium
007331,train,1242,375,6,2,4,1,1,0,True,True,False,False,False,V1_P1_C0,low,V1_P1_C0__low
007332,train,1242,375,1,1,0,1,0,0,True,False,False,False,False,V1_P0_C0,low,V1_P0_C0__low
007333,train,1242,375,10,7,3,0,7,0,False,True,False,False,False,V0_P1_C0,high,V0_P1_C0__high
007334,train,1242,375,8,5,3,4,1,0,True,True,False,False,False,V1_P1_C0,medium,V1_P1_C0__medium
007335,train,1242,375,2,2,0,2,0,0,True,False,False,False,False,V1_P0_C0,low,V1_P0_C0__low
007336,train,1242,375,3,3,0,3,0,0,True,False,False,False,False,V1_P0_C0,low,V1_P0_C0__low
007337,train,1242,375,7,7,0,7,0,0,True,False,False,False,False,V1_P0_C0,high,V1_P0_C0__high
007338,train,1242,375,2,2,0,0,1,1,False,True,True,False,False,V0_P1_C1,low,V0_P1_C1__low
007339,train,1241,376,10,8,2,8,0,0,True,False,False,False,False,V1_P0_C0,high,V1_P0_C0__high
007340,train,1242,375,4,2,2,2,0,0,True,False,False,False,False,V1_P0_C0,low,V1_P0_C0__low
007341,val,1242,375,8,7,1,7,0,0,True,False,False,False,False,V1_P0_C0,high,V1_P0_C0__high
007342,train,1242,375,11,9,2,9,0,0,True,False,False,False,False,V1_P0_C0,high,V1_P0_C0__high
007343,train,1242,375,4,3,1,3,0,0,True,False,False,False,False,V1_P0_C0,low,V1_P0_C0__low
007344,train,1224,370,1,1,0,0,1,0,False,True,False,False,False,V0_P1_C0,low,V0_P1_C0__low
007345,train,1242,375,3,2,1,2,0,0,True,False,False,False,False,V1_P0_C0,low,V1_P0_C0__low
007346,train,1238,374,5,5,0,5,0,0,True,False,False,False,False,V1_P0_C0,medium,V1_P0_C0__medium
007347,train,1224,370,9,5,4,2,2,1,True,True,True,False,False,V1_P1_C1,medium,V1_P1_C1__medium
007348,val,1242,375,2,1,1,1,0,0,True,False,False,False,False,V1_P0_C0,low,V1_P0_C0__low
007349,train,1242,375,7,6,1,5,0,1,True,False,True,False,False,V1_P0_C1,medium,V1_P0_C1__medium
007350,train,1242,375,11,10,1,10,0,0,True,False,False,False,False,V1_P0_C0,high,V1_P0_C0__high
007351,train,1224,370,1,1,0,0,1,0,False,True,False,False,False,V0_P1_C0,low,V0_P1_C0__low
007352,train,1241,376,6,3,3,3,0,0,True,False,False,False,False,V1_P0_C0,low,V1_P0_C0__low
007353,train,1242,375,10,8,2,8,0,0,True,False,False,False,False,V1_P0_C0,high,V1_P0_C0__high
007354,train,1242,375,3,1,2,1,0,0,True,False,False,False,False,V1_P0_C0,low,V1_P0_C0__low
007355,train,1242,375,8,7,1,6,1,0,True,True,False,False,False,V1_P1_C0,high,V1_P1_C0__high
007356,train,1242,375,7,5,2,5,0,0,True,False,False,False,False,V1_P0_C0,medium,V1_P0_C0__medium
007357,train,1242,375,7,5,2,5,0,0,True,False,False,False,False,V1_P0_C0,medium,V1_P0_C0__medium
007358,val,1242,375,3,3,0,3,0,0,True,False,False,False,False,V1_P0_C0,low,V1_P0_C0__low
007359,val,1224,370,6,4,2,3,0,1,True,False,True,False,False,V1_P0_C1,medium,V1_P0_C1__medium
007360,train,1241,376,12,9,3,9,0,0,True,False,False,False,False,V1_P0_C0,high,V1_P0_C0__high
007361,train,1242,375,10,4,6,4,0,0,True,False,False,False,False,V1_P0_C0,medium,V1_P0_C0__medium
007362,train,1224,370,2,2,0,1,1,0,True,True,False,False,False,V1_P1_C0,low,V1_P1_C0__low
007363,train,1242,375,7,5,2,4,0,1,True,False,True,False,False,V1_P0_C1,medium,V1_P0_C1__medium
007364,train,1241,376,8,8,0,8,0,0,True,False,False,False,False,V1_P0_C0,high,V1_P0_C0__high
007365,val,1242,375,8,7,1,7,0,0,True,False,False,False,False,V1_P0_C0,high,V1_P0_C0__high
007366,train,1242,375,11,8,3,7,0,1,True,False,True,False,False,V1_P0_C1,high,V1_P0_C1__high
007367,train,1242,375,1,1,0,1,0,0,True,False,False,False,False,V1_P0_C0,low,V1_P0_C0__low
007368,val,1242,375,7,2,5,0,2,0,False,True,False,False,False,V0_P1_C0,low,V0_P1_C0__low
007369,train,1238,374,6,1,5,0,1,0,False,True,False,False,False,V0_P1_C0,low,V0_P1_C0__low
007370,train,1242,375,2,2,0,2,0,0,True,False,False,False,False,V1_P0_C0,low,V1_P0_C0__low
007371,train,1242,375,5,3,2,3,0,0,True,False,False,False,False,V1_P0_C0,low,V1_P0_C0__low
007372,val,1224,370,1,1,0,0,1,0,False,True,False,False,False,V0_P1_C0,low,V0_P1_C0__low
007373,train,1242,375,2,1,1,1,0,0,True,False,False,False,False,V1_P0_C0,low,V1_P0_C0__low
007374,train,1242,375,4,2,2,1,0,1,True,False,True,False,False,V1_P0_C1,low,V1_P0_C1__low
007375,train,1238,374,6,1,5,0,1,0,False,True,False,False,False,V0_P1_C0,low,V0_P1_C0__low
007376,train,1242,375,6,5,1,5,0,0,True,False,False,False,False,V1_P0_C0,medium,V1_P0_C0__medium
007377,val,1242,375,4,2,2,1,0,1,True,False,True,False,False,V1_P0_C1,low,V1_P0_C1__low
007378,train,1242,375,5,3,2,3,0,0,True,False,False,False,False,V1_P0_C0,low,V1_P0_C0__low
007379,val,1242,375,6,5,1,5,0,0,True,False,False,False,False,V1_P0_C0,medium,V1_P0_C0__medium
007380,train,1242,375,3,3,0,3,0,0,True,False,False,False,False,V1_P0_C0,low,V1_P0_C0__low
007381,train,1242,375,3,2,1,2,0,0,True,False,False,False,False,V1_P0_C0,low,V1_P0_C0__low
007382,train,1238,374,7,5,2,5,0,0,True,False,False,False,False,V1_P0_C0,medium,V1_P0_C0__medium
007383,train,1242,375,9,7,2,7,0,0,True,False,False,False,False,V1_P0_C0,high,V1_P0_C0__high
007384,train,1242,375,6,4,2,4,0,0,True,False,False,False,False,V1_P0_C0,medium,V1_P0_C0__medium
007385,train,1242,375,5,4,1,3,1,0,True,True,False,False,False,V1_P1_C0,medium,V1_P1_C0__medium
007386,train,1242,375,9,9,0,9,0,0,True,False,False,False,False,V1_P0_C0,high,V1_P0_C0__high
007387,train,1224,370,1,1,0,0,1,0,False,True,False,False,False,V0_P1_C0,low,V0_P1_C0__low
007388,train,1242,375,15,12,3,12,0,0,True,False,False,False,False,V1_P0_C0,high,V1_P0_C0__high
007389,train,1241,376,6,3,3,3,0,0,True,False,False,False,False,V1_P0_C0,low,V1_P0_C0__low
007390,train,1242,375,4,2,2,2,0,0,True,False,False,False,False,V1_P0_C0,low,V1_P0_C0__low
007391,train,1242,375,6,3,3,3,0,0,True,False,False,False,False,V1_P0_C0,low,V1_P0_C0__low
007392,train,1242,375,10,7,3,7,0,0,True,False,False,False,False,V1_P0_C0,high,V1_P0_C0__high
007393,val,1242,375,15,14,1,13,1,0,True,True,False,False,False,V1_P1_C0,high,V1_P1_C0__high
007394,train,1242,375,15,14,1,14,0,0,True,False,False,False,False,V1_P0_C0,high,V1_P0_C0__high
007395,train,1242,375,3,3,0,2,1,0,True,True,False,False,False,V1_P1_C0,low,V1_P1_C0__low
007396,train,1241,376,9,7,2,7,0,0,True,False,False,False,False,V1_P0_C0,high,V1_P0_C0__high
007397,train,1242,375,3,2,1,2,0,0,True,False,False,False,False,V1_P0_C0,low,V1_P0_C0__low
007398,train,1242,375,9,6,3,5,0,1,True,False,True,False,False,V1_P0_C1,medium,V1_P0_C1__medium
007399,train,1238,374,2,1,1,1,0,0,True,False,False,False,False,V1_P0_C0,low,V1_P0_C0__low
007400,train,1242,375,15,11,4,11,0,0,True,False,False,False,False,V1_P0_C0,high,V1_P0_C0__high
007401,train,1242,375,9,8,1,8,0,0,True,False,False,False,False,V1_P0_C0,high,V1_P0_C0__high
007402,train,1242,375,10,9,1,9,0,0,True,False,False,False,False,V1_P0_C0,high,V1_P0_C0__high
007403,val,1242,375,7,6,1,6,0,0,True,False,False,False,False,V1_P0_C0,medium,V1_P0_C0__medium
007404,train,1242,375,12,12,0,12,0,0,True,False,False,False,False,V1_P0_C0,high,V1_P0_C0__high
007405,val,1238,374,5,3,2,3,0,0,True,False,False,False,False,V1_P0_C0,low,V1_P0_C0__low
007406,train,1242,375,9,7,2,3,4,0,True,True,False,False,False,V1_P1_C0,high,V1_P1_C0__high
007407,train,1242,375,7,6,1,4,0,2,True,False,True,False,False,V1_P0_C1,medium,V1_P0_C1__medium
007408,train,1224,370,1,1,0,0,1,0,False,True,False,False,False,V0_P1_C0,low,V0_P1_C0__low
007409,train,1242,375,1,1,0,1,0,0,True,False,False,False,False,V1_P0_C0,low,V1_P0_C0__low
007410,train,1238,374,10,6,4,2,2,2,True,True,True,False,False,V1_P1_C1,medium,V1_P1_C1__medium
007411,train,1242,375,6,5,1,5,0,0,True,False,False,False,False,V1_P0_C0,medium,V1_P0_C0__medium
007412,train,1238,374,10,8,2,0,7,1,False,True,True,False,False,V0_P1_C1,high,V0_P1_C1__high
007413,train,1242,375,2,2,0,2,0,0,True,False,False,False,False,V1_P0_C0,low,V1_P0_C0__low
007414,train,1242,375,13,12,1,10,1,1,True,True,True,False,False,V1_P1_C1,high,V1_P1_C1__high
007415,train,1242,375,8,4,4,4,0,0,True,False,False,False,False,V1_P0_C0,medium,V1_P0_C0__medium
007416,train,1242,375,3,2,1,1,0,1,True,False,True,False,False,V1_P0_C1,low,V1_P0_C1__low
007417,train,1242,375,1,1,0,1,0,0,True,False,False,False,False,V1_P0_C0,low,V1_P0_C0__low
007418,val,1242,375,3,1,2,1,0,0,True,False,False,False,False,V1_P0_C0,low,V1_P0_C0__low
007419,train,1242,375,4,3,1,3,0,0,True,False,False,False,False,V1_P0_C0,low,V1_P0_C0__low
007420,train,1238,374,19,16,3,1,15,0,True,True,False,False,False,V1_P1_C0,high,V1_P1_C0__high
007421,train,1242,375,14,12,2,12,0,0,True,False,False,False,False,V1_P0_C0,high,V1_P0_C0__high
007422,train,1242,375,14,10,4,10,0,0,True,False,False,False,False,V1_P0_C0,high,V1_P0_C0__high
007423,train,1242,375,6,5,1,5,0,0,True,False,False,False,False,V1_P0_C0,medium,V1_P0_C0__medium
007424,train,1242,375,12,11,1,11,0,0,True,False,False,False,False,V1_P0_C0,high,V1_P0_C0__high
007425,val,1242,375,5,2,3,2,0,0,True,False,False,False,False,V1_P0_C0,low,V1_P0_C0__low
007426,train,1238,374,6,4,2,4,0,0,True,False,False,False,False,V1_P0_C0,medium,V1_P0_C0__medium
007427,train,1224,370,1,1,0,0,1,0,False,True,False,False,False,V0_P1_C0,low,V0_P1_C0__low
007428,train,1242,375,5,5,0,5,0,0,True,False,False,False,False,V1_P0_C0,medium,V1_P0_C0__medium
007429,train,1242,375,7,6,1,6,0,0,True,False,False,False,False,V1_P0_C0,medium,V1_P0_C0__medium
007430,train,1242,375,10,9,1,9,0,0,True,False,False,False,False,V1_P0_C0,high,V1_P0_C0__high
007431,train,1224,370,1,1,0,0,1,0,False,True,False,False,False,V0_P1_C0,low,V0_P1_C0__low
007432,train,1242,375,3,1,2,1,0,0,True,False,False,False,False,V1_P0_C0,low,V1_P0_C0__low
007433,train,1238,374,7,6,1,6,0,0,True,False,False,False,False,V1_P0_C0,medium,V1_P0_C0__medium
007434,val,1242,375,4,2,2,1,0,1,True,False,True,False,False,V1_P0_C1,low,V1_P0_C1__low
007435,train,1242,375,9,7,2,7,0,0,True,False,False,False,False,V1_P0_C0,high,V1_P0_C0__high
007436,val,1224,370,1,1,0,0,1,0,False,True,False,False,False,V0_P1_C0,low,V0_P1_C0__low
007437,train,1242,375,6,5,1,5,0,0,True,False,False,False,False,V1_P0_C0,medium,V1_P0_C0__medium
007438,train,1242,375,2,1,1,1,0,0,True,False,False,False,False,V1_P0_C0,low,V1_P0_C0__low
007439,train,1242,375,4,2,2,2,0,0,True,False,False,False,False,V1_P0_C0,low,V1_P0_C0__low
007440,train,1242,375,11,9,2,9,0,0,True,False,False,False,False,V1_P0_C0,high,V1_P0_C0__high
007441,val,1242,375,2,1,1,1,0,0,True,False,False,False,False,V1_P0_C0,low,V1_P0_C0__low
007442,train,1242,375,8,7,1,7,0,0,True,False,False,False,False,V1_P0_C0,high,V1_P0_C0__high
007443,train,1242,375,4,3,1,3,0,0,True,False,False,False,False,V1_P0_C0,low,V1_P0_C0__low
007444,train,1238,374,5,4,1,4,0,0,True,False,False,False,False,V1_P0_C0,medium,V1_P0_C0__medium
007445,train,1242,375,9,7,2,7,0,0,True,False,False,False,False,V1_P0_C0,high,V1_P0_C0__high
007446,train,1242,375,3,2,1,1,1,0,True,True,False,False,False,V1_P1_C0,low,V1_P1_C0__low
007447,train,1242,375,5,4,1,3,1,0,True,True,False,False,False,V1_P1_C0,medium,V1_P1_C0__medium
007448,train,1224,370,1,1,0,0,1,0,False,True,False,False,False,V0_P1_C0,low,V0_P1_C0__low
007449,train,1241,376,3,3,0,3,0,0,True,False,False,False,False,V1_P0_C0,low,V1_P0_C0__low
007450,val,1242,375,2,1,1,1,0,0,True,False,False,False,False,V1_P0_C0,low,V1_P0_C0__low
007451,val,1242,375,10,9,1,6,3,0,True,True,False,False,False,V1_P1_C0,high,V1_P1_C0__high
007452,train,1224,370,8,5,3,3,2,0,True,True,False,False,False,V1_P1_C0,medium,V1_P1_C0__medium
007453,val,1242,375,7,4,3,4,0,0,True,False,False,False,False,V1_P0_C0,medium,V1_P0_C0__medium
007454,train,1238,374,6,6,0,6,0,0,True,False,False,False,False,V1_P0_C0,medium,V1_P0_C0__medium
007455,val,1242,375,1,1,0,1,0,0,True,False,False,False,False,V1_P0_C0,low,V1_P0_C0__low
007456,train,1242,375,6,5,1,5,0,0,True,False,False,False,False,V1_P0_C0,medium,V1_P0_C0__medium
007457,train,1242,375,8,2,6,2,0,0,True,False,False,False,False,V1_P0_C0,low,V1_P0_C0__low
007458,train,1242,375,21,20,1,19,0,1,True,False,True,False,False,V1_P0_C1,high,V1_P0_C1__high
007459,train,1242,375,6,5,1,5,0,0,True,False,False,False,False,V1_P0_C0,medium,V1_P0_C0__medium
007460,train,1242,375,2,1,1,1,0,0,True,False,False,False,False,V1_P0_C0,low,V1_P0_C0__low
007461,train,1242,375,1,1,0,1,0,0,True,False,False,False,False,V1_P0_C0,low,V1_P0_C0__low
007462,train,1242,375,10,9,1,9,0,0,True,False,False,False,False,V1_P0_C0,high,V1_P0_C0__high
007463,train,1242,375,8,7,1,6,0,1,True,False,True,False,False,V1_P0_C1,high,V1_P0_C1__high
007464,train,1238,374,6,5,1,1,4,0,True,True,False,False,False,V1_P1_C0,medium,V1_P1_C0__medium
007465,train,1242,375,8,8,0,7,0,1,True,False,True,False,False,V1_P0_C1,high,V1_P0_C1__high
007466,val,1238,374,6,4,2,4,0,0,True,False,False,False,False,V1_P0_C0,medium,V1_P0_C0__medium
007467,train,1242,375,5,3,2,3,0,0,True,False,False,False,False,V1_P0_C0,low,V1_P0_C0__low
007468,val,1241,376,6,4,2,4,0,0,True,False,False,False,False,V1_P0_C0,medium,V1_P0_C0__medium
007469,train,1238,374,7,6,1,2,2,2,True,True,True,False,False,V1_P1_C1,medium,V1_P1_C1__medium
007470,train,1242,375,10,9,1,9,0,0,True,False,False,False,False,V1_P0_C0,high,V1_P0_C0__high
007471,val,1242,375,1,1,0,1,0,0,True,False,False,False,False,V1_P0_C0,low,V1_P0_C0__low
007472,train,1242,375,2,1,1,1,0,0,True,False,False,False,False,V1_P0_C0,low,V1_P0_C0__low
007473,val,1224,370,5,3,2,2,0,1,True,False,True,False,False,V1_P0_C1,low,V1_P0_C1__low
007474,train,1242,375,7,7,0,7,0,0,True,False,False,False,False,V1_P0_C0,high,V1_P0_C0__high
007475,val,1241,376,8,7,1,7,0,0,True,False,False,False,False,V1_P0_C0,high,V1_P0_C0__high
007476,val,1242,375,5,5,0,4,0,1,True,False,True,False,False,V1_P0_C1,medium,V1_P0_C1__medium
007477,train,1224,370,1,1,0,0,1,0,False,True,False,False,False,V0_P1_C0,low,V0_P1_C0__low
007478,val,1242,375,5,4,1,4,0,0,True,False,False,False,False,V1_P0_C0,medium,V1_P0_C0__medium
007479,train,1242,375,8,7,1,7,0,0,True,False,False,False,False,V1_P0_C0,high,V1_P0_C0__high
007480,val,1242,375,16,15,1,14,0,1,True,False,True,False,False,V1_P0_C1,high,V1_P0_C1__high
