partition,global_image_id,image_filename,coco_annotation_count,yolo_row_count,matched_box_count,class_count_mismatch,maximum_normalized_error,maximum_pixel_error,minimum_iou,image_passed
kitti_train,1,000000.png,1,1,1,False,4.906253181502507e-11,3.789995162151172e-08,0.999999998618137,True
kitti_train,2,000001.png,3,3,3,False,3.335937082127316e-11,3.200000264769187e-08,0.9999999925143015,True
kitti_train,3,000002.png,1,1,1,False,4.656249691370462e-11,2.9799998912949377e-08,0.9999999974006991,True
kitti_train,5,000004.png,2,2,2,False,4.773437201066599e-11,3.200000264769187e-08,0.9999999930900898,True
kitti_train,7,000006.png,4,4,4,False,4.921875060293068e-11,3.799993919528788e-08,0.9999999945340827,True
kitti_train,8,000007.png,4,4,4,False,4.5468753762101244e-11,3.819997118625906e-08,0.9999999940663495,True
kitti_train,9,000008.png,6,6,6,False,4.8593754020664903e-11,3.11000007968687e-08,0.9999999957362371,True
kitti_train,10,000009.png,3,3,3,False,3.335937082127316e-11,3.200000264769187e-08,0.9999999932460247,True
kitti_train,12,000011.png,6,6,6,False,3.8593753193261193e-11,3.200000264769187e-08,0.9999999925676266,True
kitti_train,13,000012.png,2,2,2,False,4.3593750137516096e-11,3.200000264769187e-08,0.999999993741331,True
kitti_train,14,000013.png,1,1,1,False,4.22656354359674e-11,2.5399998548891745e-08,0.9999999972300234,True
kitti_train,15,000014.png,1,1,1,False,3.335937082127316e-11,3.200000264769187e-08,0.9999999948317249,True
kitti_train,16,000015.png,5,5,5,False,4.921874019458983e-11,4.190002300674678e-08,0.9999999929172614,True
kitti_train,17,000016.png,5,5,5,False,4.8515580441943484e-11,3.780002089115442e-08,0.9999999928186765,True
kitti_train,18,000017.png,1,1,1,False,3.453124591823453e-11,3.199994580427301e-08,0.999999995969642,True
kitti_train,19,000018.png,2,2,2,False,4.968750064171523e-11,3.180000085478696e-08,0.9999999923026603,True
kitti_train,20,000019.png,4,4,4,False,4.750000393016762e-11,3.200000264769187e-08,0.9999999969843106,True
kitti_train,22,000021.png,8,8,8,False,4.9375031840881434e-11,3.200005949111073e-08,0.9999999967830968,True
kitti_train,23,000022.png,2,2,2,False,4.9453136030663813e-11,3.909999790607799e-08,0.999999996696806,True
kitti_train,24,000023.png,3,3,3,False,4.187499652585913e-11,2.7299989824314252e-08,0.9999999961217597,True
kitti_train,27,000026.png,2,2,2,False,4.5312531504748677e-11,2.1300003538726742e-08,0.9999999933036762,True
kitti_train,28,000027.png,2,2,2,False,4.265623965160614e-11,2.7299989824314252e-08,0.9999999912610099,True
kitti_train,29,000028.png,1,1,1,False,2.218750183580198e-11,1.899999801935337e-08,0.9999999989133806,True
kitti_train,30,000029.png,1,1,1,False,4.234375003409063e-11,2.7100000465907215e-08,0.999999995854231,True
kitti_train,31,000030.png,1,1,1,False,4.109374646121822e-11,2.629999862335808e-08,0.9999999950728684,True
kitti_train,32,000031.png,6,6,6,False,4.4531253684532146e-11,3.25999849337677e-08,0.9999999954868288,True
kitti_train,34,000033.png,2,2,2,False,4.93749763297302e-11,3.200000264769187e-08,0.9999999915060317,True
kitti_train,35,000034.png,2,2,2,False,3.328126663149078e-11,2.9000005952184438e-08,0.9999999947958869,True
kitti_train,37,000036.png,7,7,7,False,4.5312531504748677e-11,3.2100047064886894e-08,0.9999999947705149,True
kitti_train,39,000038.png,12,12,12,False,4.7656253943095805e-11,3.849999075100641e-08,0.9999999932649135,True
kitti_train,40,000039.png,6,6,6,False,4.679678866637005e-11,4.1799978589551756e-08,0.9999999944798362,True
kitti_train,41,000040.png,2,2,2,False,3.7812496189726374e-11,2.8700014809146523e-08,0.9999999947039105,True
kitti_train,42,000041.png,1,1,1,False,2.2968751900442896e-11,1.4699999439926614e-08,0.9999999995889979,True
kitti_train,44,000043.png,4,4,4,False,4.718749696541735e-11,3.0199998946045525e-08,0.9999999977540791,True
kitti_train,45,000044.png,2,2,2,False,4.8593740142877095e-11,3.109997237515927e-08,0.9999999988748988,True
kitti_train,46,000045.png,6,6,6,False,4.617189963695978e-11,3.200000264769187e-08,0.9999999946535203,True
kitti_train,47,000046.png,6,6,6,False,4.9531240220446193e-11,3.200005949111073e-08,0.999999994798427,True
kitti_train,49,000048.png,4,4,4,False,4.8359427573529956e-11,3.4200013487861725e-08,0.9999999943196373,True
kitti_train,50,000049.png,18,18,18,False,4.8593754020664903e-11,4.35999822911981e-08,0.9999999923851906,True
kitti_train,51,000050.png,5,5,5,False,4.109376727789993e-11,3.200000264769187e-08,0.9999999956122839,True
kitti_train,52,000051.png,2,2,2,False,4.90625005900025e-11,3.200000264769187e-08,0.9999999952199665,True
kitti_train,54,000053.png,7,7,7,False,4.914069151595868e-11,3.200005949111073e-08,0.9999999960733988,True
kitti_train,55,000054.png,1,1,1,False,4.726563584966925e-11,2.4200005555030657e-08,0.99999999887946,True
kitti_train,56,000055.png,5,5,5,False,4.640625383967034e-11,3.200005949111073e-08,0.9999999968418072,True
kitti_train,57,000056.png,1,1,1,False,4.2656250059947e-11,3.609994791986537e-08,0.9999999937139679,True
kitti_train,58,000057.png,3,3,3,False,3.773437118326228e-11,2.8199963253427995e-08,0.9999999907467574,True
kitti_train,59,000058.png,1,1,1,False,4.312498969039069e-11,2.7599995178206882e-08,0.999999999068967,True
kitti_train,60,000059.png,5,5,5,False,4.8671844332659475e-11,4.620000026989146e-08,0.9999999927497953,True
kitti_train,62,000061.png,5,5,5,False,4.8750004033593086e-11,3.200000264769187e-08,0.9999999960591358,True
kitti_train,63,000062.png,5,5,5,False,4.8437476252161105e-11,3.740001375263091e-08,0.9999999905982339,True
kitti_train,64,000063.png,4,4,4,False,4.1875003464753036e-11,3.200000264769187e-08,0.9999999962258377,True
kitti_train,65,000064.png,4,4,4,False,4.625000382674216e-11,4.259999286659877e-08,0.9999999970492592,True
kitti_train,67,000066.png,2,2,2,False,3.882816290712299e-11,2.210000360491904e-08,0.9999999964087443,True
kitti_train,68,000067.png,6,6,6,False,4.734374003945163e-11,3.200000264769187e-08,0.9999999939606768,True
kitti_train,69,000068.png,12,12,12,False,4.67187399877389e-11,4.250000529282261e-08,0.9999999949231413,True
kitti_train,70,000069.png,2,2,2,False,4.921874019458983e-11,2.4100017981254496e-08,0.9999999927435503,True
kitti_train,71,000070.png,1,1,1,False,4.1250003413040304e-11,2.7400062663218705e-08,0.9999999991623795,True
kitti_train,72,000071.png,1,1,1,False,3.335942633242439e-11,2.1300003538726742e-08,0.9999999975978349,True
kitti_train,73,000072.png,3,3,3,False,4.781250395602399e-11,3.200000264769187e-08,0.9999999959903233,True
kitti_train,74,000073.png,7,7,7,False,4.7578163631101233e-11,3.200000264769187e-08,0.9999999899253232,True
kitti_train,75,000074.png,3,3,3,False,4.9687504111162184e-11,4.2399960875627585e-08,0.9999999988000735,True
kitti_train,76,000075.png,5,5,5,False,4.7656323332034844e-11,2.8600027235370362e-08,0.9999999971968215,True
kitti_train,77,000076.png,9,9,9,False,4.968749717226828e-11,4.3699998286683694e-08,0.9999999914624791,True
kitti_train,78,000077.png,1,1,1,False,3.328124928425602e-11,2.1299999986013063e-08,0.9999999980208026,True
kitti_train,80,000079.png,6,6,6,False,4.718747614873564e-11,3.200000264769187e-08,0.9999999974896732,True
kitti_train,82,000081.png,2,2,2,False,4.5468739884313436e-11,3.200000264769187e-08,0.9999999931248593,True
kitti_train,83,000082.png,2,2,2,False,4.6250000357295207e-11,4.289995558792725e-08,0.9999999896449562,True
kitti_train,85,000084.png,2,2,2,False,3.578126683834171e-11,3.200000264769187e-08,0.999999996129588,True
kitti_train,86,000085.png,4,4,4,False,4.781250395602399e-11,3.200000264769187e-08,0.9999999979401554,True
kitti_train,88,000087.png,6,6,6,False,4.1562496500002766e-11,3.389999392311438e-08,0.9999999935455324,True
kitti_train,89,000088.png,1,1,1,False,4.734374003945163e-11,3.200000264769187e-08,0.9999999981969233,True
kitti_train,90,000089.png,6,6,6,False,4.249998963867796e-11,3.4300001061637886e-08,0.9999999951325593,True
kitti_train,91,000090.png,1,1,1,False,4.562500377502943e-11,2.920000952144619e-08,0.9999999991988553,True
kitti_train,92,000091.png,2,2,2,False,4.515625373624488e-11,3.200005949111073e-08,0.9999999955691979,True
kitti_train,94,000093.png,6,6,6,False,4.4375059182755194e-11,3.880001031575375e-08,0.9999999946019623,True
kitti_train,95,000094.png,1,1,1,False,3.335942633242439e-11,3.200000264769187e-08,0.9999999985079261,True
kitti_train,96,000095.png,15,15,15,False,4.8593740142877095e-11,3.6199992337060394e-08,0.9999999922548282,True
kitti_train,97,000096.png,5,5,5,False,4.843749012994891e-11,3.099999901223782e-08,0.9999999956353942,True
kitti_train,101,000100.png,4,4,4,False,4.171874651293095e-11,3.200000264769187e-08,0.9999999979371932,True
kitti_train,102,000101.png,3,3,3,False,3.3515627773095247e-11,3.200000264769187e-08,0.9999999975454212,True
kitti_train,103,000102.png,2,2,2,False,3.335942633242439e-11,2.1300003538726742e-08,0.9999999968042861,True
kitti_train,104,000103.png,1,1,1,False,3.078124560795814e-11,1.969999630091479e-08,0.9999999992979759,True
kitti_train,105,000104.png,7,7,7,False,4.7812531711599604e-11,3.270002935096272e-08,0.9999999923120391,True
kitti_train,106,000105.png,2,2,2,False,4.234390615920347e-11,3.6200106023898115e-08,0.9999999953831673,True
kitti_train,107,000106.png,4,4,4,False,4.796875049950522e-11,3.200000264769187e-08,0.9999999965207902,True
kitti_train,109,000108.png,2,2,2,False,3.687500305105118e-11,3.200000264769187e-08,0.9999999985117205,True
kitti_train,110,000109.png,1,1,1,False,4.5703107964811807e-11,3.8899997889529914e-08,0.9999999975615015,True
kitti_train,111,000110.png,12,12,12,False,4.9687504111162184e-11,3.4899983347713714e-08,0.9999999950800263,True
kitti_train,112,000111.png,14,14,14,False,4.890643445776277e-11,4.390005869936431e-08,0.9999999900647033,True
kitti_train,113,000112.png,10,10,10,False,4.953137899832427e-11,3.3600002780076466e-08,0.9999999963607303,True
kitti_train,114,000113.png,15,15,15,False,4.867195535496194e-11,4.4300008994468953e-08,0.9999999944748869,True
kitti_train,115,000114.png,12,12,12,False,4.5468739884313436e-11,3.279996008132002e-08,0.9999999949637087,True
kitti_train,116,000115.png,1,1,1,False,3.8593753193261193e-11,2.4700000267330324e-08,0.9999999956878796,True
kitti_train,117,000116.png,4,4,4,False,4.992189994723617e-11,3.91999606108584e-08,0.9999999956504102,True
kitti_train,118,000117.png,8,8,8,False,4.968747635558657e-11,3.2800073768157745e-08,0.9999999961377467,True
kitti_train,119,000118.png,5,5,5,False,4.992184443608494e-11,4.459997171579744e-08,0.9999999955758831,True
kitti_train,120,000119.png,5,5,5,False,4.4531253684532146e-11,3.200005949111073e-08,0.9999999949470464,True
kitti_train,121,000120.png,10,10,10,False,4.828125399480854e-11,3.5500022477208404e-08,0.9999999964135633,True
kitti_train,122,000121.png,4,4,4,False,4.890625057707432e-11,3.469997977845196e-08,0.9999999945878228,True
kitti_train,123,000122.png,2,2,2,False,3.335942633242439e-11,2.240000185338431e-08,0.999999997083524,True
kitti_train,124,000123.png,1,1,1,False,3.328121112033955e-11,2.1299968011589954e-08,0.99999999539973,True
kitti_train,126,000125.png,7,7,7,False,4.640625383967034e-11,3.200005949111073e-08,0.999999994731147,True
kitti_train,127,000126.png,2,2,2,False,3.335931531012193e-11,2.1300024855008814e-08,0.9999999975020333,True
kitti_train,128,000127.png,11,11,11,False,4.9296788873220976e-11,3.329995479361969e-08,0.999999989746098,True
kitti_train,130,000129.png,6,6,6,False,4.992184443608494e-11,3.2199977795244195e-08,0.9999999948047191,True
kitti_train,131,000130.png,1,1,1,False,1.8906265442097947e-11,1.2100016988370044e-08,0.9999999995710888,True
kitti_train,132,000131.png,7,7,7,False,4.8750004033593086e-11,3.9099973037082236e-08,0.9999999903727593,True
kitti_train,134,000133.png,1,1,1,False,3.328124928425602e-11,2.1299999986013063e-08,0.9999999973797945,True
kitti_train,135,000134.png,15,15,15,False,4.9687504111162184e-11,4.519999663443741e-08,0.9999999950893828,True
kitti_train,136,000135.png,8,8,8,False,4.812501785966816e-11,3.800000669684778e-08,0.99999999684264,True
kitti_train,137,000136.png,6,6,6,False,4.1640579873103434e-11,3.599996034608921e-08,0.9999999940737975,True
kitti_train,138,000137.png,5,5,5,False,4.0156239444755215e-11,3.200000264769187e-08,0.999999994622481,True
kitti_train,139,000138.png,7,7,7,False,4.6718750396079756e-11,4.409997700349777e-08,0.9999999908213876,True
kitti_train,140,000139.png,3,3,3,False,4.96875318667378e-11,3.750000132640707e-08,0.9999999938484821,True
kitti_train,142,000141.png,1,1,1,False,3.8750003206189376e-11,3.200000264769187e-08,0.9999999981807813,True
kitti_train,143,000142.png,14,14,14,False,4.8437476252161105e-11,3.870002274197759e-08,0.9999999939247131,True
kitti_train,144,000143.png,4,4,4,False,4.687500387845489e-11,3.200005949111073e-08,0.9999999952032098,True
kitti_train,145,000144.png,7,7,7,False,4.8984372114091457e-11,4.409997700349777e-08,0.9999999939899379,True
kitti_train,146,000145.png,15,15,15,False,4.992184443608494e-11,4.150001586822327e-08,0.9999999910971648,True
kitti_train,149,000148.png,1,1,1,False,4.2109316034100175e-11,2.379994157308829e-08,0.9999999958648886,True
kitti_train,150,000149.png,11,11,11,False,4.8203219193965197e-11,4.32999058830319e-08,0.9999999937863432,True
kitti_train,151,000150.png,4,4,4,False,4.8749948522441855e-11,4.429998057275952e-08,0.9999999938348744,True
kitti_train,152,000151.png,4,4,4,False,4.8359372062378725e-11,3.200000264769187e-08,0.9999999906713914,True
kitti_train,153,000152.png,7,7,7,False,4.9218754072377635e-11,4.620000026989146e-08,0.999999992813542,True
kitti_train,154,000153.png,4,4,4,False,4.593747604531018e-11,2.8899989956698846e-08,0.9999999819193955,True
kitti_train,155,000154.png,9,9,9,False,4.58593718555278e-11,3.389999392311438e-08,0.9999999925114975,True
kitti_train,156,000155.png,4,4,4,False,3.7031239186191556e-11,2.4799987841106486e-08,0.9999999960678024,True
kitti_train,157,000156.png,2,2,2,False,4.320310775796088e-11,3.659994263216504e-08,0.9999999981653312,True
kitti_train,158,000157.png,8,8,8,False,4.921874713348373e-11,3.200005949111073e-08,0.9999999980018793,True
kitti_train,159,000158.png,1,1,1,False,3.335931531012193e-11,2.1299999986013063e-08,0.9999999974939827,True
kitti_train,160,000159.png,8,8,8,False,4.6562503852598525e-11,4.2300001723560854e-08,0.9999999920892872,True
kitti_train,161,000160.png,4,4,4,False,4.789058039023075e-11,3.200005949111073e-08,0.9999999937468604,True
kitti_train,162,000161.png,13,13,13,False,4.874999015580528e-11,3.200000264769187e-08,0.9999999954021769,True
kitti_train,163,000162.png,5,5,5,False,4.546874682320734e-11,3.590000119402248e-08,0.9999999919170282,True
kitti_train,164,000163.png,7,7,7,False,4.9062490181661644e-11,3.200000264769187e-08,0.9999999965968634,True
kitti_train,165,000164.png,4,4,4,False,3.5468752934697534e-11,3.200000264769187e-08,0.9999999944974508,True
kitti_train,167,000166.png,4,4,4,False,4.140624648707458e-11,3.200000087133503e-08,0.9999999958379858,True
kitti_train,168,000167.png,3,3,3,False,4.156249996944972e-11,3.9700069009995786e-08,0.9999999913439284,True
kitti_train,169,000168.png,5,5,5,False,4.8515635953094716e-11,3.4899983347713714e-08,0.9999999948923993,True
kitti_train,171,000170.png,3,3,3,False,4.73436845283004e-11,2.789994368868065e-08,0.9999999897123497,True
kitti_train,172,000171.png,4,4,4,False,4.0312503335471206e-11,3.200000264769187e-08,0.999999997999741,True
kitti_train,173,000172.png,9,9,9,False,4.640625383967034e-11,3.200005949111073e-08,0.999999992510728,True
kitti_train,174,000173.png,7,7,7,False,4.4296899481821583e-11,3.5600010050984565e-08,0.9999999960876369,True
kitti_train,177,000176.png,5,5,5,False,4.914069151595868e-11,4.429995215105009e-08,0.9999999960263304,True
kitti_train,178,000177.png,8,8,8,False,4.8671844332659475e-11,3.8299958760035224e-08,0.9999999958632908,True
kitti_train,180,000179.png,2,2,2,False,4.171874651293095e-11,3.109997237515927e-08,0.9999999943376524,True
kitti_train,181,000180.png,2,2,2,False,3.335942633242439e-11,3.199994580427301e-08,0.9999999939732618,True
kitti_train,182,000181.png,13,13,13,False,4.960931665465296e-11,3.590002961573191e-08,0.9999999942578943,True
kitti_train,183,000182.png,3,3,3,False,4.937499020751801e-11,4.0200035300586023e-08,0.9999999955096625,True
kitti_train,184,000183.png,7,7,7,False,4.976563605652018e-11,4.180009227638948e-08,0.9999999923038267,True
kitti_train,186,000185.png,6,6,6,False,4.8593754020664903e-11,3.200005949111073e-08,0.999999995389824,True
kitti_train,187,000186.png,9,9,9,False,4.67187399877389e-11,3.200000264769187e-08,0.9999999946634139,True
kitti_train,188,000187.png,1,1,1,False,3.335931531012193e-11,3.199994580427301e-08,0.9999999979729572,True
kitti_train,189,000188.png,4,4,4,False,4.218758675733625e-11,3.4899983347713714e-08,0.9999999944983031,True
kitti_train,190,000189.png,5,5,5,False,4.9687504111162184e-11,3.180000085478696e-08,0.9999999974135652,True
kitti_train,191,000190.png,4,4,4,False,4.8203219193965197e-11,2.640007323861937e-08,0.999999997666292,True
kitti_train,192,000191.png,10,10,10,False,4.789058039023075e-11,4.20999981542991e-08,0.9999999933446198,True
kitti_train,193,000192.png,7,7,7,False,4.937500408530582e-11,3.819997118625906e-08,0.9999999934703322,True
kitti_train,194,000193.png,1,1,1,False,4.7031253891383074e-11,3.510000112783018e-08,0.9999999989918835,True
kitti_train,195,000194.png,3,3,3,False,3.843758644705986e-11,3.3499986784590874e-08,0.9999999903991273,True
kitti_train,196,000195.png,2,2,2,False,3.335942633242439e-11,3.200000264769187e-08,0.9999999956600197,True
kitti_train,197,000196.png,1,1,1,False,4.500000025386974e-11,3.200000264769187e-08,0.99999999625102,True
kitti_train,200,000199.png,1,1,1,False,4.593750380088579e-11,4.159994659858057e-08,0.9999999979741842,True
kitti_train,201,000200.png,3,3,3,False,4.937505959645705e-11,3.199994580427301e-08,0.9999999966626235,True
kitti_train,203,000202.png,1,1,1,False,4.6250000357295207e-11,2.9599998896401303e-08,0.9999999950379845,True
kitti_train,204,000203.png,3,3,3,False,4.281253129789775e-11,3.459996378296637e-08,0.9999999945547099,True
kitti_train,205,000204.png,4,4,4,False,3.335931531012193e-11,3.200000264769187e-08,0.9999999945845218,True
kitti_train,206,000205.png,2,2,2,False,4.8203108171662734e-11,3.200000264769187e-08,0.9999999943227068,True
kitti_train,208,000207.png,4,4,4,False,4.726552482736679e-11,2.6499996863549313e-08,0.9999999897549735,True
kitti_train,209,000208.png,3,3,3,False,4.1953107654535415e-11,3.200000264769187e-08,0.9999999948971853,True
kitti_train,211,000210.png,6,6,6,False,4.703126776917088e-11,3.200005949111073e-08,0.9999999949393565,True
kitti_train,212,000211.png,8,8,8,False,4.828125399480854e-11,3.200005949111073e-08,0.999999994567835,True
kitti_train,214,000213.png,10,10,10,False,4.6874976122879275e-11,3.200005949111073e-08,0.9999999962993439,True
kitti_train,217,000216.png,5,5,5,False,4.375000361989123e-11,3.200000264769187e-08,0.9999999966216876,True
kitti_train,218,000217.png,8,8,8,False,4.4375059182755194e-11,4.219998572807526e-08,0.9999999929958481,True
kitti_train,220,000219.png,4,4,4,False,4.023437139011321e-11,3.6900019040331244e-08,0.9999999957166947,True
kitti_train,221,000220.png,2,2,2,False,3.945310744768449e-11,2.979999180752202e-08,0.9999999929397008,True
kitti_train,222,000221.png,3,3,3,False,4.8593740142877095e-11,3.200000264769187e-08,0.9999999977546692,True
kitti_train,223,000222.png,7,7,7,False,4.695310806823727e-11,3.389999392311438e-08,0.9999999939373575,True
kitti_train,225,000224.png,1,1,1,False,3.984373941889885e-11,2.1299999986013063e-08,0.9999999960263682,True
kitti_train,226,000225.png,5,5,5,False,3.914063517740374e-11,2.8800002382922685e-08,0.9999999931953567,True
kitti_train,227,000226.png,9,9,9,False,4.750000393016762e-11,4.460001434836158e-08,0.9999999954772127,True
kitti_train,229,000228.png,5,5,5,False,4.710937195895326e-11,3.949998017560574e-08,0.9999999944760866,True
kitti_train,230,000229.png,1,1,1,False,2.4062501990940177e-11,1.5400001274201713e-08,0.9999999988747896,True
kitti_train,231,000230.png,3,3,3,False,4.421875365867578e-11,3.200000264769187e-08,0.999999997677207,True
kitti_train,232,000231.png,5,5,5,False,4.289063548768013e-11,2.4700000267330324e-08,0.9999999949638424,True
kitti_train,233,000232.png,2,2,2,False,3.335931531012193e-11,2.1300024855008814e-08,0.9999999977523804,True
kitti_train,234,000233.png,2,2,2,False,4.312500009873155e-11,3.199994580427301e-08,0.9999999941720757,True
kitti_train,235,000234.png,7,7,7,False,4.984374024630256e-11,3.7000006614107406e-08,0.9999999963348952,True
kitti_train,236,000235.png,4,4,4,False,4.94531082750882e-11,3.4999999343199306e-08,0.9999999950198218,True
kitti_train,237,000236.png,9,9,9,False,4.968751798894999e-11,3.40000383403094e-08,0.9999999953304831,True
kitti_train,238,000237.png,3,3,3,False,4.593750033143884e-11,2.9400000656210068e-08,0.9999999951475333,True
kitti_train,239,000238.png,3,3,3,False,4.8593684631725864e-11,3.0799981232121354e-08,0.9999999928753677,True
kitti_train,240,000239.png,2,2,2,False,3.335931531012193e-11,2.4700000267330324e-08,0.9999999960562055,True
kitti_train,242,000241.png,2,2,2,False,4.593750033143884e-11,3.200000264769187e-08,0.9999999913974298,True
kitti_train,243,000242.png,3,3,3,False,3.945316295883572e-11,3.200000264769187e-08,0.9999999966642815,True
kitti_train,244,000243.png,5,5,5,False,4.6562503852598525e-11,4.269998044037493e-08,0.9999999961998565,True
kitti_train,245,000244.png,10,10,10,False,4.312494805702727e-11,3.640002432803158e-08,0.9999999955513558,True
kitti_train,246,000245.png,5,5,5,False,4.953126797602181e-11,4.3899945012526587e-08,0.9999999941838145,True
kitti_train,247,000246.png,7,7,7,False,4.999999025923074e-11,4.35999822911981e-08,0.9999999955785532,True
kitti_train,248,000247.png,1,1,1,False,3.328124928425602e-11,2.1299999986013063e-08,0.9999999966796335,True
kitti_train,250,000249.png,8,8,8,False,4.937500408530582e-11,4.2499983976540534e-08,0.9999999965871913,True
kitti_train,251,000250.png,3,3,3,False,3.335942633242439e-11,2.350000194439872e-08,0.9999999969800718,True
kitti_train,252,000251.png,2,2,2,False,4.140624648707458e-11,2.790000053209951e-08,0.99999999851717,True
kitti_train,253,000252.png,4,4,4,False,4.406253140132321e-11,3.810004045590176e-08,0.999999993552543,True
kitti_train,254,000253.png,3,3,3,False,4.421875018922883e-11,3.200000264769187e-08,0.999999992453955,True
kitti_train,255,000254.png,11,11,11,False,4.843750400773672e-11,4.1700019437485025e-08,0.9999999950581557,True
kitti_train,257,000256.png,3,3,3,False,4.593749686199189e-11,3.200000264769187e-08,0.9999999968661026,True
kitti_train,258,000257.png,2,2,2,False,3.7343746150941826e-11,3.200000264769187e-08,0.9999999962141377,True
kitti_train,259,000258.png,5,5,5,False,4.593753155646141e-11,3.750000132640707e-08,0.9999999944670833,True
kitti_train,260,000259.png,4,4,4,False,4.687500387845489e-11,3.7599988900183234e-08,0.9999999971946475,True
kitti_train,261,000260.png,2,2,2,False,3.335942633242439e-11,3.199994580427301e-08,0.9999999933937322,True
kitti_train,262,000261.png,4,4,4,False,4.484374677149461e-11,3.200000264769187e-08,0.9999999949931313,True
kitti_train,264,000263.png,1,1,1,False,4.8593740142877095e-11,3.109999369144134e-08,0.9999999992317673,True
kitti_train,265,000264.png,17,17,17,False,4.8437497068842816e-11,3.5000027764908737e-08,0.9999999949828035,True
kitti_train,266,000265.png,5,5,5,False,4.8124998777709926e-11,3.199994580427301e-08,0.9999999940023427,True
kitti_train,267,000266.png,11,11,11,False,4.718753165988687e-11,4.490001970225421e-08,0.9999999920932658,True
kitti_train,268,000267.png,3,3,3,False,4.2343739625749777e-11,3.200000264769187e-08,0.9999999960828049,True
kitti_train,269,000268.png,3,3,3,False,4.789058039023075e-11,3.200000264769187e-08,0.9999999973610448,True
kitti_train,270,000269.png,7,7,7,False,4.796875396895217e-11,3.7599988900183234e-08,0.9999999963382037,True
kitti_train,271,000270.png,3,3,3,False,3.335931531012193e-11,2.1300001762369902e-08,0.9999999976241946,True
kitti_train,273,000272.png,1,1,1,False,3.328115560918832e-11,2.1299968011589954e-08,0.99999999569047,True
kitti_train,274,000273.png,14,14,14,False,4.7812497017130084e-11,4.089997673872858e-08,0.999999993645213,True
kitti_train,277,000276.png,5,5,5,False,4.6718750396079756e-11,3.200000264769187e-08,0.9999999947663769,True
kitti_train,278,000277.png,10,10,10,False,4.9531254098234e-11,3.9099973037082236e-08,0.9999999966146309,True
kitti_train,279,000278.png,2,2,2,False,4.5624948263878196e-11,3.469995135674253e-08,0.9999999923981927,True
kitti_train,280,000279.png,7,7,7,False,4.984374024630256e-11,3.9999989098760125e-08,0.9999999962917029,True
kitti_train,281,000280.png,2,2,2,False,4.2343753503537584e-11,2.8900046800117707e-08,0.9999999960286552,True
kitti_train,282,000281.png,3,3,3,False,4.765621230973238e-11,3.9099916193663375e-08,0.9999999953323313,True
kitti_train,283,000282.png,2,2,2,False,4.5156267614032686e-11,3.249999735999154e-08,0.9999999926416142,True
kitti_train,284,000283.png,3,3,3,False,4.7656253943095805e-11,3.199994580427301e-08,0.9999999968746803,True
kitti_train,285,000284.png,9,9,9,False,4.359375360696305e-11,3.200000264769187e-08,0.999999992994048,True
kitti_train,288,000287.png,2,2,2,False,3.335942633242439e-11,2.3800055259926012e-08,0.9999999969992136,True
kitti_train,289,000288.png,1,1,1,False,3.250000268906206e-11,3.11000007968687e-08,0.9999999988059611,True
kitti_train,291,000290.png,1,1,1,False,4.703124695248917e-11,3.049999008908344e-08,0.9999999989774853,True
kitti_train,292,000291.png,4,4,4,False,4.2968753555250316e-11,3.200000264769187e-08,0.9999999946018419,True
kitti_train,293,000292.png,2,2,2,False,3.437500110947678e-11,2.2000000043931323e-08,0.9999999935833924,True
kitti_train,295,000294.png,1,1,1,False,4.8359372062378725e-11,3.2200006216953625e-08,0.9999999986317368,True
kitti_train,297,000296.png,5,5,5,False,4.6093753813813976e-11,3.200005949111073e-08,0.9999999970177055,True
kitti_train,298,000297.png,6,6,6,False,4.242189932668339e-11,3.200000264769187e-08,0.9999999912423166,True
kitti_train,300,000299.png,1,1,1,False,3.335942633242439e-11,2.1299999986013063e-08,0.9999999917582612,True
kitti_train,301,000300.png,2,2,2,False,3.6718753038123e-11,3.199994580427301e-08,0.999999996175451,True
kitti_train,303,000302.png,3,3,3,False,4.8984372114091457e-11,2.4200005555030657e-08,0.9999999963810935,True
kitti_train,304,000303.png,7,7,7,False,4.390621199945599e-11,3.200005949111073e-08,0.9999999936665114,True
kitti_train,306,000305.png,5,5,5,False,4.76562470042019e-11,3.0500000747224476e-08,0.9999999948491071,True
kitti_train,308,000307.png,4,4,4,False,4.953126797602181e-11,3.400000991859997e-08,0.999999988680622,True
kitti_train,309,000308.png,5,5,5,False,4.8671899843810706e-11,4.5000007276030374e-08,0.9999999889417707,True
kitti_train,310,000309.png,4,4,4,False,4.625000382674216e-11,2.960000244911498e-08,0.9999999963862382,True
kitti_train,311,000310.png,10,10,10,False,4.359379524032647e-11,3.699999240325269e-08,0.9999999966918408,True
kitti_train,312,000311.png,10,10,10,False,4.5468739884313436e-11,3.5599981629275135e-08,0.999999990646987,True
kitti_train,313,000312.png,5,5,5,False,4.250000351646577e-11,3.319999564155296e-08,0.999999995145636,True
kitti_train,314,000313.png,1,1,1,False,3.328126663149078e-11,2.2100010710346396e-08,0.9999999976457377,True
kitti_train,315,000314.png,4,4,4,False,3.781250312862028e-11,3.1099986586013983e-08,0.9999999955338578,True
kitti_train,316,000315.png,3,3,3,False,3.796874967210151e-11,3.199994580427301e-08,0.9999999959555929,True
kitti_train,317,000316.png,12,12,12,False,4.960942767695542e-11,3.9099973037082236e-08,0.9999999949332741,True
kitti_train,318,000317.png,10,10,10,False,4.8359372062378725e-11,3.8899997889529914e-08,0.9999999904998009,True
kitti_train,320,000319.png,4,4,4,False,4.9374997146411914e-11,3.65999994755839e-08,0.9999999943982129,True
kitti_train,321,000320.png,5,5,5,False,4.726558033851802e-11,3.790000846493058e-08,0.9999999931754111,True
kitti_train,322,000321.png,4,4,4,False,3.9687503283758474e-11,2.5400002101605423e-08,0.9999999968304093,True
kitti_train,323,000322.png,2,2,2,False,3.3828134737845517e-11,3.200000264769187e-08,0.999999993151279,True
kitti_train,324,000323.png,6,6,6,False,4.4921844022383084e-11,3.899998968215357e-08,0.9999999957903876,True
kitti_train,326,000325.png,8,8,8,False,4.9765608300944564e-11,4.1999996369668224e-08,0.9999999954966774,True
kitti_train,327,000326.png,2,2,2,False,3.335942633242439e-11,2.1300003538726742e-08,0.9999999983093368,True
kitti_train,328,000327.png,1,1,1,False,4.046875334839939e-11,2.5900007472046127e-08,0.9999999987994078,True
kitti_train,329,000328.png,11,11,11,False,4.812494847072912e-11,3.799996761699731e-08,0.9999999890296384,True
kitti_train,331,000330.png,10,10,10,False,4.421875365867578e-11,3.730002617885475e-08,0.9999999928072489,True
kitti_train,332,000331.png,3,3,3,False,3.914063517740374e-11,3.200000264769187e-08,0.9999999954179802,True
kitti_train,334,000333.png,4,4,4,False,4.640625383967034e-11,2.96999971283185e-08,0.999999997402528,True
kitti_train,335,000334.png,2,2,2,False,4.9531156953719346e-11,4.4300008994468953e-08,0.9999999944036717,True
kitti_train,336,000335.png,7,7,7,False,4.3593746668069144e-11,2.8600027235370362e-08,0.9999999950118565,True
kitti_train,338,000337.png,1,1,1,False,4.843749012994891e-11,3.099999901223782e-08,0.9999999989935817,True
kitti_train,339,000338.png,8,8,8,False,4.382812168746142e-11,3.740001375263091e-08,0.9999999945747726,True
kitti_train,340,000339.png,11,11,11,False,4.5000003723316695e-11,3.200000264769187e-08,0.9999999942803509,True
kitti_train,341,000340.png,4,4,4,False,4.328125358110668e-11,2.769999696283776e-08,0.9999999965244694,True
kitti_train,342,000341.png,7,7,7,False,4.7656253943095805e-11,3.0500004299938155e-08,0.9999999968525969,True
kitti_train,343,000342.png,4,4,4,False,4.5703121842599614e-11,3.200000264769187e-08,0.9999999981951421,True
kitti_train,344,000343.png,4,4,4,False,4.1953107654535415e-11,3.200000264769187e-08,0.9999999958098507,True
kitti_train,345,000344.png,5,5,5,False,4.976563605652018e-11,4.1000021155923605e-08,0.9999999773290912,True
kitti_train,346,000345.png,6,6,6,False,4.742184422923401e-11,4.020000687887659e-08,0.9999999952015454,True
kitti_train,347,000346.png,9,9,9,False,4.8984372114091457e-11,4.399998942972161e-08,0.9999999960950331,True
kitti_train,349,000348.png,10,10,10,False,4.687500387845489e-11,3.2800016924738884e-08,0.9999999927596503,True
kitti_train,350,000349.png,3,3,3,False,4.5468753762101244e-11,3.200000264769187e-08,0.999999997270013,True
kitti_train,352,000351.png,8,8,8,False,4.734379555060286e-11,3.7000006614107406e-08,0.9999999950632,True
kitti_train,354,000353.png,2,2,2,False,4.367189943010885e-11,3.509998691697547e-08,0.9999999981618231,True
kitti_train,355,000354.png,6,6,6,False,4.375000361989123e-11,3.309997964606737e-08,0.9999999937928318,True
kitti_train,356,000355.png,3,3,3,False,3.921874630608002e-11,3.200005949111073e-08,0.999999997160286,True
kitti_train,357,000356.png,8,8,8,False,4.578126766574542e-11,3.200000264769187e-08,0.9999999944569377,True
kitti_train,358,000357.png,10,10,10,False,4.992189994723617e-11,4.219998572807526e-08,0.9999999935594203,True
kitti_train,360,000359.png,3,3,3,False,3.335931531012193e-11,2.580003410912468e-08,0.99999999444255,True
kitti_train,361,000360.png,5,5,5,False,4.796875049950522e-11,3.5599981629275135e-08,0.9999999950673881,True
kitti_train,363,000362.png,10,10,10,False,4.593749686199189e-11,3.650001190180774e-08,0.9999999838231676,True
kitti_train,364,000363.png,4,4,4,False,4.1171899223257924e-11,2.1300024855008814e-08,0.999999990976753,True
kitti_train,365,000364.png,3,3,3,False,4.484374677149461e-11,4.200001058052294e-08,0.9999999962604689,True
kitti_train,366,000365.png,1,1,1,False,3.1406252598564777e-11,2.0799973299290286e-08,0.9999999992528354,True
kitti_train,367,000366.png,6,6,6,False,4.437499673271006e-11,2.8899989956698846e-08,0.9999999934402327,True
kitti_train,368,000367.png,1,1,1,False,3.734374962038878e-11,2.3900000201138027e-08,0.9999999953282208,True
kitti_train,369,000368.png,1,1,1,False,2.4375002016796543e-11,1.90000264410628e-08,0.999999999109739,True
kitti_train,370,000369.png,13,13,13,False,4.99219554583874e-11,4.539998599284445e-08,0.9999999906418235,True
kitti_train,371,000370.png,9,9,9,False,4.7968740091164364e-11,3.4300001061637886e-08,0.9999999930349505,True
kitti_train,373,000372.png,3,3,3,False,4.5156267614032686e-11,4.22000008271084e-08,0.9999999984864426,True
kitti_train,374,000373.png,5,5,5,False,4.421873978088797e-11,3.200000264769187e-08,0.9999999979756335,True
kitti_train,375,000374.png,5,5,5,False,4.390624669392551e-11,3.200000264769187e-08,0.9999999922805523,True
kitti_train,378,000377.png,5,5,5,False,4.992184443608494e-11,3.989993047071039e-08,0.9999999931982452,True
kitti_train,379,000378.png,3,3,3,False,3.4687475114481003e-11,2.2199984073267842e-08,0.9999999984971699,True
kitti_train,380,000379.png,4,4,4,False,4.421875018922883e-11,3.819997118625906e-08,0.9999999886688425,True
kitti_train,381,000380.png,9,9,9,False,4.484375371038851e-11,3.679997462313622e-08,0.9999999919998585,True
kitti_train,382,000381.png,1,1,1,False,4.593750380088579e-11,2.9400005985280586e-08,0.999999996651937,True
kitti_train,383,000382.png,8,8,8,False,4.554689958524705e-11,3.999997488790541e-08,0.9999999940087212,True
kitti_train,385,000384.png,16,16,16,False,4.906253181502507e-11,4.150001586822327e-08,0.999999995168694,True
kitti_train,387,000386.png,9,9,9,False,4.95312471593401e-11,3.879995347233489e-08,0.9999999957185269,True
kitti_train,388,000387.png,4,4,4,False,4.421875365867578e-11,3.8899997889529914e-08,0.9999999940777287,True
kitti_train,389,000388.png,2,2,2,False,4.968750064171523e-11,3.180000085478696e-08,0.9999999920233222,True
kitti_train,390,000389.png,9,9,9,False,4.906250405944945e-11,4.06000140174001e-08,0.9999999936593508,True
kitti_train,391,000390.png,2,2,2,False,4.7890691412533215e-11,4.280002485756995e-08,0.9999999959791673,True
kitti_train,392,000391.png,4,4,4,False,5.000000413701855e-11,4.3300005359014904e-08,0.9999999965333195,True
kitti_train,394,000393.png,9,9,9,False,4.976562217873237e-11,3.6199990560703554e-08,0.9999999915932888,True
kitti_train,395,000394.png,3,3,3,False,4.015625158781955e-11,3.380000634933822e-08,0.9999999953982919,True
kitti_train,399,000398.png,1,1,1,False,3.101563450513822e-11,2.1800019567308482e-08,0.9999999986773135,True
kitti_train,400,000399.png,3,3,3,False,4.1406211792605063e-11,3.0100011372269364e-08,0.9999999926926051,True
kitti_train,401,000400.png,5,5,5,False,4.906250405944945e-11,3.6300036754255416e-08,0.99999999767598,True
kitti_train,402,000401.png,10,10,10,False,4.828125399480854e-11,4.3799957438750425e-08,0.9999999937007482,True
kitti_train,403,000402.png,4,4,4,False,4.7031253891383074e-11,3.199994580427301e-08,0.9999999952321779,True
kitti_train,405,000404.png,12,12,12,False,5.00000006675716e-11,4.1000021155923605e-08,0.9999999886350593,True
kitti_train,407,000406.png,1,1,1,False,3.992184360868123e-11,2.489999673116472e-08,0.9999999972110895,True
kitti_train,408,000407.png,1,1,1,False,4.117187146768231e-11,3.199997422598244e-08,0.9999999981117967,True
kitti_train,409,000408.png,8,8,8,False,4.539069120568229e-11,3.380000634933822e-08,0.9999999920949938,True
kitti_train,410,000409.png,3,3,3,False,4.8828052712224235e-11,4.139997145102825e-08,0.9999999924599247,True
kitti_train,411,000410.png,7,7,7,False,4.421875018922883e-11,3.750000132640707e-08,0.9999999922297481,True
kitti_train,412,000411.png,2,2,2,False,3.5859315516972856e-11,2.1300081698427675e-08,0.999999997248238,True
kitti_train,413,000412.png,7,7,7,False,4.9531240220446193e-11,4.3000000005122274e-08,0.999999995569546,True
kitti_train,414,000413.png,3,3,3,False,4.921874019458983e-11,3.200000264769187e-08,0.9999999953787052,True
kitti_train,415,000414.png,1,1,1,False,3.335931531012193e-11,2.1299996433299384e-08,0.9999999988479199,True
kitti_train,416,000415.png,11,11,11,False,4.8749948522441855e-11,3.200000264769187e-08,0.999999992997725,True
kitti_train,417,000416.png,2,2,2,False,4.2187475735033786e-11,3.2800016924738884e-08,0.999999990898941,True
kitti_train,418,000417.png,2,2,2,False,3.5468752934697534e-11,3.200000264769187e-08,0.9999999963989019,True
kitti_train,420,000419.png,3,3,3,False,3.414057925255065e-11,2.6599991542752832e-08,0.9999999927380239,True
kitti_train,421,000420.png,5,5,5,False,4.7968740091164364e-11,3.4800052617356414e-08,0.99999999822202,True
kitti_train,423,000422.png,8,8,8,False,4.421875018922883e-11,3.460002062638523e-08,0.9999999952106461,True
kitti_train,424,000423.png,14,14,14,False,4.8437476252161105e-11,3.2299965369020356e-08,0.9999999958039092,True
kitti_train,425,000424.png,8,8,8,False,4.656253160817414e-11,4.139997145102825e-08,0.9999999965870888,True
kitti_train,426,000425.png,7,7,7,False,4.8437476252161105e-11,3.709999418788357e-08,0.9999999952428525,True
kitti_train,427,000426.png,4,4,4,False,4.5781212154594186e-11,3.5600010050984565e-08,0.9999999913991497,True
kitti_train,429,000428.png,4,4,4,False,4.328126745889449e-11,2.849998281817534e-08,0.9999999964005093,True
kitti_train,430,000429.png,10,10,10,False,4.687494836730366e-11,4.1000021155923605e-08,0.999999994343539,True
kitti_train,431,000430.png,4,4,4,False,4.625000382674216e-11,3.200005949111073e-08,0.999999996042714,True
kitti_train,433,000432.png,15,15,15,False,4.9062476303873837e-11,4.3099987578898435e-08,0.999999992573798,True
kitti_train,434,000433.png,4,4,4,False,4.781250395602399e-11,4.119999630347593e-08,0.9999999957654018,True
kitti_train,435,000434.png,1,1,1,False,3.335942633242439e-11,3.200005949111073e-08,0.9999999958754942,True
kitti_train,436,000435.png,5,5,5,False,4.437500367160396e-11,2.839999524439918e-08,0.9999999965416407,True
kitti_train,438,000437.png,2,2,2,False,3.335942633242439e-11,2.1299999986013063e-08,0.9999999943443173,True
kitti_train,439,000438.png,2,2,2,False,4.8359372062378725e-11,2.6700000432811066e-08,0.9999999948091531,True
kitti_train,440,000439.png,7,7,7,False,4.8593684631725864e-11,3.65999994755839e-08,0.9999999941013996,True
kitti_train,441,000440.png,2,2,2,False,4.7031253891383074e-11,3.0100004266842006e-08,0.9999999965576757,True
kitti_train,442,000441.png,7,7,7,False,4.6874996939560987e-11,3.200000264769187e-08,0.9999999957800135,True
kitti_train,443,000442.png,7,7,7,False,4.906249712055555e-11,4.290001243134611e-08,0.9999999956422048,True
kitti_train,444,000443.png,8,8,8,False,4.976558054536895e-11,3.750000132640707e-08,0.999999993778296,True
kitti_train,445,000444.png,1,1,1,False,4.874999709469918e-11,3.2200034638663055e-08,0.9999999972154718,True
kitti_train,446,000445.png,17,17,17,False,4.85156081975191e-11,4.130001229896152e-08,0.9999999956712557,True
kitti_train,447,000446.png,2,2,2,False,4.750000393016762e-11,3.200000264769187e-08,0.9999999968611065,True
kitti_train,448,000447.png,6,6,6,False,4.8671899843810706e-11,4.2400017719046446e-08,0.9999999916345935,True
kitti_train,449,000448.png,7,7,7,False,4.992178892493371e-11,4.4300008994468953e-08,0.9999999930736986,True
kitti_train,450,000449.png,6,6,6,False,4.1718739574037045e-11,3.200000264769187e-08,0.9999999937658878,True
kitti_train,451,000450.png,3,3,3,False,4.4531267562319954e-11,3.200000264769187e-08,0.9999999954346839,True
kitti_train,452,000451.png,2,2,2,False,4.078126725204356e-11,3.200000264769187e-08,0.9999999878671024,True
kitti_train,453,000452.png,3,3,3,False,4.5078125260333834e-11,3.200000087133503e-08,0.9999999964917544,True
kitti_train,455,000454.png,3,3,3,False,3.890625321911756e-11,3.200000264769187e-08,0.9999999959094467,True
kitti_train,457,000456.png,2,2,2,False,4.960937216580419e-11,3.6299979910836555e-08,0.9999999941139774,True
kitti_train,458,000457.png,3,3,3,False,3.335931531012193e-11,3.200000264769187e-08,0.9999999943466795,True
kitti_train,459,000458.png,5,5,5,False,4.726569136082048e-11,3.7700033317378256e-08,0.9999999950726158,True
kitti_train,460,000459.png,4,4,4,False,3.984385044120131e-11,3.520005975587992e-08,0.9999999967727214,True
kitti_train,461,000460.png,5,5,5,False,4.593750380088579e-11,2.9400002432566907e-08,0.9999999943454233,True
kitti_train,462,000461.png,3,3,3,False,4.664063579795652e-11,3.3600002780076466e-08,0.9999999957282751,True
kitti_train,463,000462.png,12,12,12,False,4.8203219193965197e-11,4.159994659858057e-08,0.9999999826969918,True
kitti_train,465,000464.png,7,7,7,False,3.937500325790211e-11,3.200005949111073e-08,0.9999999970993041,True
kitti_train,466,000465.png,1,1,1,False,3.7812517006408086e-11,2.4200005555030657e-08,0.9999999984507045,True
kitti_train,467,000466.png,3,3,3,False,4.890625404652127e-11,3.130000436613045e-08,0.9999999963977279,True
kitti_train,468,000467.png,1,1,1,False,3.328126663149078e-11,2.1300024855008814e-08,0.9999999936048483,True
kitti_train,469,000468.png,5,5,5,False,4.718753165988687e-11,4.410003384691663e-08,0.99999999378016,True
kitti_train,470,000469.png,13,13,13,False,4.992184443608494e-11,4.2399960875627585e-08,0.9999999964255611,True
kitti_train,471,000470.png,10,10,10,False,4.953121246487058e-11,4.459997171579744e-08,0.9999999943078187,True
kitti_train,474,000473.png,1,1,1,False,4.5156267614032686e-11,3.199994580427301e-08,0.9999999942293635,True
kitti_train,475,000474.png,2,2,2,False,4.9531254098234e-11,3.200000264769187e-08,0.9999999946805291,True
kitti_train,476,000475.png,8,8,8,False,4.5624948263878196e-11,3.200000264769187e-08,0.9999999969369511,True
kitti_train,477,000476.png,1,1,1,False,3.335942633242439e-11,2.1299999986013063e-08,0.999999996324068,True
kitti_train,478,000477.png,1,1,1,False,4.906250405944945e-11,2.179999825102641e-08,0.9999999976260755,True
kitti_train,479,000478.png,4,4,4,False,4.437499673271006e-11,3.7700033317378256e-08,0.9999999919929596,True
kitti_train,480,000479.png,5,5,5,False,4.671875386552671e-11,3.649995505838888e-08,0.9999999927643398,True
kitti_train,481,000480.png,4,4,4,False,4.8750000564146134e-11,3.1199999028785896e-08,0.9999999938291193,True
kitti_train,482,000481.png,3,3,3,False,3.335931531012193e-11,3.200000264769187e-08,0.9999999961704418,True
kitti_train,483,000482.png,2,2,2,False,3.335931531012193e-11,3.199994580427301e-08,0.9999999985501522,True
kitti_train,485,000484.png,7,7,7,False,4.7812497017130084e-11,4.060007086081896e-08,0.9999999927305554,True
kitti_train,486,000485.png,4,4,4,False,3.335942633242439e-11,3.200000264769187e-08,0.9999999968515993,True
kitti_train,487,000486.png,8,8,8,False,4.8750004033593086e-11,4.019997845716716e-08,0.9999999952507598,True
kitti_train,488,000487.png,3,3,3,False,4.343747583845925e-11,3.200005949111073e-08,0.999999992905887,True
kitti_train,489,000488.png,9,9,9,False,4.8906247107627365e-11,4.330001956986962e-08,0.999999994576728,True
kitti_train,490,000489.png,2,2,2,False,4.4218795292039204e-11,2.1300024855008814e-08,0.9999999935344941,True
kitti_train,491,000490.png,9,9,9,False,4.929687213994782e-11,3.610000476328423e-08,0.9999999936668788,True
kitti_train,492,000491.png,5,5,5,False,3.671873916033519e-11,3.200005949111073e-08,0.9999999961929014,True
kitti_train,493,000492.png,11,11,11,False,4.781250395602399e-11,3.260001335547713e-08,0.9999999950395732,True
kitti_train,494,000493.png,4,4,4,False,4.828125399480854e-11,3.200000264769187e-08,0.9999999966794201,True
kitti_train,496,000495.png,5,5,5,False,4.710937195895326e-11,2.9299997095222352e-08,0.9999999943940585,True
kitti_train,497,000496.png,3,3,3,False,4.4921955044685546e-11,2.8700000598291808e-08,0.9999999954128711,True
kitti_train,500,000499.png,1,1,1,False,4.31250035681785e-11,3.199994580427301e-08,0.9999999865811326,True
kitti_train,501,000500.png,14,14,14,False,4.992189994723617e-11,3.200000264769187e-08,0.9999999886568602,True
kitti_train,502,000501.png,3,3,3,False,4.531250374917306e-11,3.200005949111073e-08,0.9999999880516546,True
kitti_train,504,000503.png,4,4,4,False,4.8593684631725864e-11,3.8399946333811386e-08,0.9999999959054723,True
kitti_train,505,000504.png,2,2,2,False,4.718747614873564e-11,3.380000634933822e-08,0.999999997836472,True
kitti_train,508,000507.png,3,3,3,False,3.8906211585754136e-11,2.4900003836592077e-08,0.9999999972877546,True
kitti_train,509,000508.png,3,3,3,False,4.7812497017130084e-11,3.389993707969552e-08,0.999999994433167,True
kitti_train,510,000509.png,1,1,1,False,4.1953107654535415e-11,1.8199955320596928e-08,0.9999999985832033,True
kitti_train,512,000511.png,6,6,6,False,4.6874996939560987e-11,3.200000264769187e-08,0.999999995587374,True
kitti_train,513,000512.png,2,2,2,False,4.906249712055555e-11,3.60999763415748e-08,0.9999999973392245,True
kitti_train,514,000513.png,14,14,14,False,4.531249681027916e-11,3.589991592889419e-08,0.9999999923027946,True
kitti_train,516,000515.png,9,9,9,False,4.687500387845489e-11,4.150001586822327e-08,0.9999999956460174,True
kitti_train,517,000516.png,4,4,4,False,3.335937082127316e-11,2.1300024855008814e-08,0.9999999929383778,True
kitti_train,518,000517.png,4,4,4,False,4.5468739884313436e-11,2.6700000432811066e-08,0.9999999962047177,True
kitti_train,519,000518.png,9,9,9,False,4.906249712055555e-11,3.839999784815973e-08,0.9999999972635855,True
kitti_train,521,000520.png,1,1,1,False,3.468736409217854e-11,2.2199913018994266e-08,0.9999999984417737,True
kitti_train,524,000523.png,2,2,2,False,3.328125275370297e-11,2.3500007273469237e-08,0.9999999931552177,True
kitti_train,525,000524.png,3,3,3,False,4.593750033143884e-11,3.200000264769187e-08,0.9999999946184195,True
kitti_train,527,000526.png,1,1,1,False,4.382816332082484e-11,3.7600045743602095e-08,0.9999999921546532,True
kitti_train,530,000529.png,7,7,7,False,4.335931613752564e-11,3.329995479361969e-08,0.9999999913638459,True
kitti_train,531,000530.png,4,4,4,False,4.5937489923097985e-11,4.2400017719046446e-08,0.9999999958346106,True
kitti_train,532,000531.png,12,12,12,False,4.703121225801965e-11,3.200000264769187e-08,0.9999999959637036,True
kitti_train,533,000532.png,1,1,1,False,4.328125358110668e-11,2.769999696283776e-08,0.999999998788918,True
kitti_train,535,000534.png,1,1,1,False,3.335942633242439e-11,2.9500029086193535e-08,0.9999999938588056,True
kitti_train,538,000537.png,3,3,3,False,4.1406249956521535e-11,2.6500000416262992e-08,0.9999999948091671,True
kitti_train,540,000539.png,8,8,8,False,4.742187198480963e-11,4.080000337580714e-08,0.9999999942426098,True
kitti_train,541,000540.png,14,14,14,False,4.796875396895217e-11,4.020000687887659e-08,0.9999999947977622,True
kitti_train,543,000542.png,5,5,5,False,4.5000003723316695e-11,2.9600016659969697e-08,0.9999999938915305,True
kitti_train,544,000543.png,3,3,3,False,4.1328163113973915e-11,3.200000264769187e-08,0.999999996682933,True
kitti_train,545,000544.png,2,2,2,False,4.9687490233374376e-11,3.319999564155296e-08,0.9999999967525911,True
kitti_train,546,000545.png,4,4,4,False,4.8281267872596345e-11,4.31999751526746e-08,0.9999999963193416,True
kitti_train,548,000547.png,2,2,2,False,3.7187499607460595e-11,3.519997449075163e-08,0.9999999928859522,True
kitti_train,549,000548.png,8,8,8,False,4.5156250266797926e-11,3.920001745427726e-08,0.9999999943318086,True
kitti_train,550,000549.png,7,7,7,False,4.8750004033593086e-11,3.200005949111073e-08,0.9999999953373842,True
kitti_train,551,000550.png,2,2,2,False,3.328125275370297e-11,2.1300003538726742e-08,0.9999999972877487,True
kitti_train,552,000551.png,5,5,5,False,4.468750022801338e-11,2.979999180752202e-08,0.9999999909453218,True
kitti_train,554,000553.png,16,16,16,False,4.8750004033593086e-11,4.0299994452652754e-08,0.9999999943926566,True
kitti_train,555,000554.png,8,8,8,False,4.5468753762101244e-11,3.700002082496212e-08,0.9999999940141783,True
kitti_train,556,000555.png,4,4,4,False,4.359375360696305e-11,3.200000264769187e-08,0.9999999954883123,True
kitti_train,557,000556.png,2,2,2,False,3.328125275370297e-11,2.1300001762369902e-08,0.9999999975526771,True
kitti_train,560,000559.png,9,9,9,False,4.921874019458983e-11,3.3400056054233573e-08,0.9999999952447379,True
kitti_train,561,000560.png,2,2,2,False,4.843749012994891e-11,3.099999901223782e-08,0.9999999983459764,True
kitti_train,562,000561.png,2,2,2,False,4.343753134961048e-11,3.200005949111073e-08,0.9999999940601059,True
kitti_train,563,000562.png,5,5,5,False,4.031247557989559e-11,2.520000208505735e-08,0.9999999959642996,True
kitti_train,564,000563.png,1,1,1,False,3.328126663149078e-11,2.1299968011589954e-08,0.9999999944432502,True
kitti_train,565,000564.png,3,3,3,False,4.1874947953601804e-11,3.200000264769187e-08,0.9999999916729339,True
kitti_train,566,000565.png,1,1,1,False,4.2734316085812907e-11,2.0899999952916914e-08,0.999999996312872,True
kitti_train,567,000566.png,3,3,3,False,3.335937082127316e-11,3.200000264769187e-08,0.9999999976817396,True
kitti_train,568,000567.png,6,6,6,False,4.7578274653403696e-11,3.240000978621538e-08,0.9999999946128477,True
kitti_train,569,000568.png,1,1,1,False,3.335931531012193e-11,3.200000264769187e-08,0.999999991281469,True
kitti_train,572,000571.png,12,12,12,False,5.000000413701855e-11,3.850010443784413e-08,0.9999999971478847,True
kitti_train,573,000572.png,9,9,9,False,4.687500387845489e-11,4.149995902480441e-08,0.999999994755285,True
kitti_train,575,000574.png,1,1,1,False,4.7656253943095805e-11,3.04999971945108e-08,0.9999999956502168,True
kitti_train,576,000575.png,6,6,6,False,4.0312503335471206e-11,3.200005949111073e-08,0.9999999965605093,True
kitti_train,577,000576.png,3,3,3,False,4.9921872191660555e-11,4.2699994651229645e-08,0.9999999947077883,True
kitti_train,578,000577.png,5,5,5,False,4.9531240220446193e-11,3.200005949111073e-08,0.999999997998139,True
kitti_train,579,000578.png,7,7,7,False,4.5390580183379825e-11,3.200005949111073e-08,0.9999999960391344,True
kitti_train,580,000579.png,12,12,12,False,4.734374003945163e-11,3.200000264769187e-08,0.9999999945191445,True
kitti_train,581,000580.png,1,1,1,False,4.296873967746251e-11,3.069999365834519e-08,0.9999999974520738,True
kitti_train,582,000581.png,1,1,1,False,1.8437529281101206e-11,9.899963515636045e-09,0.9999999987285235,True
kitti_train,584,000583.png,4,4,4,False,4.9374997146411914e-11,3.200000264769187e-08,0.9999999964540814,True
kitti_train,585,000584.png,1,1,1,False,4.03906352808292e-11,2.15999875763373e-08,0.9999999984170027,True
kitti_train,586,000585.png,4,4,4,False,3.765624617679819e-11,3.200000264769187e-08,0.9999999950861574,True
kitti_train,588,000587.png,2,2,2,False,4.7421955251536474e-11,3.199994580427301e-08,0.999999990156096,True
kitti_train,590,000589.png,4,4,4,False,4.8125003981880354e-11,3.930000502805342e-08,0.9999999954534269,True
kitti_train,591,000590.png,19,19,19,False,4.8124998777709926e-11,4.009996246168157e-08,0.9999999910388033,True
kitti_train,592,000591.png,7,7,7,False,4.9531240220446193e-11,3.200005949111073e-08,0.9999999939819892,True
kitti_train,593,000592.png,7,7,7,False,4.9687504111162184e-11,3.1800006183857477e-08,0.9999999957558037,True
kitti_train,594,000593.png,1,1,1,False,4.94531082750882e-11,3.1499951091973344e-08,0.9999999958475049,True
kitti_train,595,000594.png,4,4,4,False,4.656249691370462e-11,3.200000264769187e-08,0.9999999929367025,True
kitti_train,597,000596.png,10,10,10,False,4.914069151595868e-11,3.409999749237613e-08,0.9999999955423776,True
kitti_train,598,000597.png,12,12,12,False,4.2343739625749777e-11,3.200000264769187e-08,0.9999999947831197,True
kitti_train,599,000598.png,1,1,1,False,3.781250312862028e-11,2.4199991344175942e-08,0.9999999991484005,True
kitti_train,601,000600.png,9,9,9,False,4.976563605652018e-11,3.8400003177230246e-08,0.9999999959712896,True
kitti_train,602,000601.png,4,4,4,False,4.648437190724053e-11,3.9000042306724936e-08,0.9999999951013621,True
kitti_train,603,000602.png,1,1,1,False,3.328124928425602e-11,2.1299999986013063e-08,0.9999999978122629,True
kitti_train,605,000604.png,2,2,2,False,4.515623985845707e-11,3.199999909497819e-08,0.9999999977548757,True
kitti_train,606,000605.png,4,4,4,False,3.67968988612688e-11,2.1300003538726742e-08,0.9999999947148037,True
kitti_train,607,000606.png,1,1,1,False,3.335942633242439e-11,2.1299999986013063e-08,0.9999999954269948,True
kitti_train,608,000607.png,1,1,1,False,3.328137765379324e-11,2.1300024855008814e-08,0.9999999960623057,True
kitti_train,609,000608.png,7,7,7,False,4.054684366039396e-11,3.249999735999154e-08,0.9999999953934754,True
kitti_train,610,000609.png,3,3,3,False,4.531258701589991e-11,2.850001123988477e-08,0.9999999954511278,True
kitti_train,611,000610.png,2,2,2,False,4.750000393016762e-11,2.30999717132363e-08,0.9999999900227413,True
kitti_train,612,000611.png,3,3,3,False,4.109374646121822e-11,3.200000264769187e-08,0.999999994979852,True
kitti_train,613,000612.png,12,12,12,False,4.5000003723316695e-11,3.440000284626876e-08,0.9999999955541865,True
kitti_train,615,000614.png,8,8,8,False,4.265625352939395e-11,3.91999606108584e-08,0.9999999954460647,True
kitti_train,616,000615.png,7,7,7,False,4.984368473515133e-11,4.459997171579744e-08,0.9999999934349828,True
kitti_train,617,000616.png,3,3,3,False,4.8125003981880354e-11,3.200000264769187e-08,0.9999999958800849,True
kitti_train,618,000617.png,3,3,3,False,4.359368421802401e-11,3.6199992337060394e-08,0.9999999934480817,True
kitti_train,619,000618.png,2,2,2,False,4.109375340011212e-11,3.200000264769187e-08,0.9999999987520874,True
kitti_train,621,000620.png,6,6,6,False,4.781250395602399e-11,3.0599998979141674e-08,0.9999999964791054,True
kitti_train,622,000621.png,3,3,3,False,4.687500387845489e-11,4.31999751526746e-08,0.9999999976860581,True
kitti_train,623,000622.png,3,3,3,False,4.1250003413040304e-11,3.479999577393755e-08,0.999999990858482,True
kitti_train,625,000624.png,3,3,3,False,3.515625290884117e-11,3.200005949111073e-08,0.999999998136441,True
kitti_train,626,000625.png,11,11,11,False,4.8593747081771e-11,4.269998044037493e-08,0.9999999931983606,True
kitti_train,627,000626.png,5,5,5,False,4.273437159696414e-11,3.200000264769187e-08,0.9999999959628444,True
kitti_train,628,000627.png,3,3,3,False,4.343749665514096e-11,3.7899990701362185e-08,0.999999995078858,True
kitti_train,629,000628.png,14,14,14,False,4.703115674686842e-11,3.3600002780076466e-08,0.9999999944820013,True
kitti_train,630,000629.png,2,2,2,False,4.8671844332659475e-11,3.200000264769187e-08,0.9999999910272265,True
kitti_train,631,000630.png,3,3,3,False,3.7187503076907547e-11,3.200005949111073e-08,0.9999999960291092,True
kitti_train,632,000631.png,6,6,6,False,4.9531254098234e-11,3.20000310694013e-08,0.9999999784547359,True
kitti_train,633,000632.png,11,11,11,False,4.9218754072377635e-11,3.480000998479227e-08,0.999999992404249,True
kitti_train,634,000633.png,1,1,1,False,4.8281267872596345e-11,3.979999974035309e-08,0.99999999844196,True
kitti_train,635,000634.png,5,5,5,False,4.88281637345267e-11,3.3499986784590874e-08,0.9999999924279614,True
kitti_train,636,000635.png,4,4,4,False,3.796868375260942e-11,3.269997250754386e-08,0.9999999917409683,True
kitti_train,637,000636.png,2,2,2,False,4.8437497068842816e-11,3.3600031201785896e-08,0.9999999890520745,True
kitti_train,639,000638.png,10,10,10,False,4.9531240220446193e-11,3.200000264769187e-08,0.9999999912401455,True
kitti_train,640,000639.png,8,8,8,False,4.8593740142877095e-11,4.450004098544014e-08,0.9999999960209833,True
kitti_train,641,000640.png,4,4,4,False,4.515623985845707e-11,3.460002062638523e-08,0.9999999970257288,True
kitti_train,642,000641.png,7,7,7,False,4.609373993602617e-11,3.1200002581499575e-08,0.9999999947681752,True
kitti_train,643,000642.png,4,4,4,False,4.218758675733625e-11,3.4300057905056747e-08,0.9999999955950496,True
kitti_train,645,000644.png,3,3,3,False,4.5234427314966297e-11,3.640002432803158e-08,0.9999999907974986,True
kitti_train,646,000645.png,4,4,4,False,4.499999678442279e-11,2.8799995277495327e-08,0.9999999928468963,True
kitti_train,647,000646.png,1,1,1,False,4.9687490233374376e-11,2.6999998681276338e-08,0.9999999975308644,True
kitti_train,648,000647.png,6,6,6,False,5.000000413701855e-11,3.200000264769187e-08,0.9999999923305376,True
kitti_train,649,000648.png,3,3,3,False,4.0312503335471206e-11,2.580000568741525e-08,0.9999999975466599,True
kitti_train,651,000650.png,2,2,2,False,4.648442741839176e-11,3.4900011769423145e-08,0.9999999950604441,True
kitti_train,652,000651.png,9,9,9,False,4.94531082750882e-11,3.31000080677768e-08,0.9999999962340931,True
kitti_train,653,000652.png,4,4,4,False,4.953126797602181e-11,3.2199977795244195e-08,0.9999999922792265,True
kitti_train,654,000653.png,1,1,1,False,4.484375024094156e-11,2.8700000598291808e-08,0.9999999932430751,True
kitti_train,655,000654.png,1,1,1,False,3.335942633242439e-11,3.200000264769187e-08,0.999999996180545,True
kitti_train,656,000655.png,5,5,5,False,4.4609371752102334e-11,3.4200013487861725e-08,0.9999999945310465,True
kitti_train,657,000656.png,2,2,2,False,3.953124980138334e-11,3.470000820016139e-08,0.9999999945694125,True
kitti_train,658,000657.png,2,2,2,False,4.2656251794670474e-11,2.730000048245529e-08,0.9999999929449787,True
kitti_train,659,000658.png,2,2,2,False,4.789058039023075e-11,3.200000264769187e-08,0.9999999894616588,True
kitti_train,660,000659.png,3,3,3,False,4.484375024094156e-11,3.199994580427301e-08,0.999999995771429,True
kitti_train,661,000660.png,2,2,2,False,3.335937082127316e-11,2.1299998209656223e-08,0.9999999953715496,True
kitti_train,662,000661.png,2,2,2,False,4.812494847072912e-11,3.2199977795244195e-08,0.9999999980940963,True
kitti_train,663,000662.png,2,2,2,False,4.960931665465296e-11,3.200000264769187e-08,0.9999999968353926,True
kitti_train,664,000663.png,2,2,2,False,4.367184391895762e-11,2.720003067224752e-08,0.9999999979795494,True
kitti_train,665,000664.png,5,5,5,False,4.8593747081771e-11,3.469995135674253e-08,0.9999999961321214,True
kitti_train,666,000665.png,1,1,1,False,3.335942633242439e-11,2.1299999986013063e-08,0.9999999960844472,True
kitti_train,668,000667.png,7,7,7,False,4.39843717003896e-11,3.200000264769187e-08,0.999999994521978,True
kitti_train,670,000669.png,11,11,11,False,4.781250395602399e-11,4.279999643586052e-08,0.9999999954660623,True
kitti_train,671,000670.png,1,1,1,False,4.2187475735033786e-11,2.4799987841106486e-08,0.9999999967384081,True
kitti_train,673,000672.png,2,2,2,False,4.499999678442279e-11,3.200000264769187e-08,0.9999999961523215,True
kitti_train,674,000673.png,2,2,2,False,4.656242058587168e-11,3.199994580427301e-08,0.999999994064908,True
kitti_train,676,000675.png,5,5,5,False,4.921875060293068e-11,4.46000285592163e-08,0.9999999959501101,True
kitti_train,677,000676.png,4,4,4,False,4.21875034906094e-11,3.169998308294453e-08,0.9999999947799961,True
kitti_train,678,000677.png,12,12,12,False,4.7187503904311257e-11,3.91999606108584e-08,0.9999999921596693,True
kitti_train,679,000678.png,2,2,2,False,3.335942633242439e-11,3.200000264769187e-08,0.999999996196701,True
kitti_train,680,000679.png,4,4,4,False,4.296874661635641e-11,3.4300057905056747e-08,0.9999999971534347,True
kitti_train,681,000680.png,4,4,4,False,4.9531254098234e-11,3.200000264769187e-08,0.99999999829864,True
kitti_train,682,000681.png,1,1,1,False,3.1406252598564777e-11,2.009999633401094e-08,0.9999999992708983,True
kitti_train,683,000682.png,2,2,2,False,3.390626668320351e-11,3.200000264769187e-08,0.9999999956800474,True
kitti_train,684,000683.png,4,4,4,False,4.7812497017130084e-11,3.199994580427301e-08,0.9999999914440735,True
kitti_train,685,000684.png,7,7,7,False,4.8671844332659475e-11,3.4999999343199306e-08,0.9999999948800555,True
kitti_train,686,000685.png,12,12,12,False,4.976563605652018e-11,3.520005975587992e-08,0.9999999951968125,True
kitti_train,687,000686.png,6,6,6,False,4.421873978088797e-11,3.200000264769187e-08,0.9999999965840769,True
kitti_train,688,000687.png,1,1,1,False,4.656247609702291e-11,2.1900007141084643e-08,0.999999991871126,True
kitti_train,689,000688.png,7,7,7,False,4.679678866637005e-11,3.8399946333811386e-08,0.9999999925542731,True
kitti_train,690,000689.png,1,1,1,False,3.335942633242439e-11,2.1299999986013063e-08,0.9999999962475704,True
kitti_train,691,000690.png,2,2,2,False,3.5000002895912985e-11,3.200000264769187e-08,0.9999999993381493,True
kitti_train,692,000691.png,8,8,8,False,4.515625373624488e-11,3.200000264769187e-08,0.999999994894844,True
kitti_train,693,000692.png,10,10,10,False,4.812499704298645e-11,3.579998519853689e-08,0.9999999917341466,True
kitti_train,694,000693.png,1,1,1,False,4.437499673271006e-11,2.8399998797112858e-08,0.9999999980199386,True
kitti_train,696,000695.png,1,1,1,False,4.375000361989123e-11,2.8000002316730388e-08,0.9999999990050872,True
kitti_train,697,000696.png,6,6,6,False,4.984374718519646e-11,3.880001031575375e-08,0.9999999941614264,True
kitti_train,698,000697.png,5,5,5,False,4.5234371803815066e-11,3.200000264769187e-08,0.9999999945368937,True
kitti_train,699,000698.png,4,4,4,False,4.843749012994891e-11,3.920001745427726e-08,0.999999994320055,True
kitti_train,700,000699.png,3,3,3,False,4.757805260879877e-11,4.4499984142021276e-08,0.9999999937972572,True
kitti_train,701,000700.png,2,2,2,False,4.874999882942266e-11,3.1199999028785896e-08,0.9999999940108255,True
kitti_train,702,000701.png,1,1,1,False,2.875011340108813e-11,2.0700042568932986e-08,0.9999999992285145,True
kitti_train,703,000702.png,3,3,3,False,4.8046899792097975e-11,3.200000264769187e-08,0.9999999969685849,True
kitti_train,704,000703.png,1,1,1,False,4.3281239703318874e-11,2.769999696283776e-08,0.9999999989954166,True
kitti_train,705,000704.png,4,4,4,False,4.4765621765030517e-11,3.200000264769187e-08,0.9999999953318324,True
kitti_train,708,000707.png,2,2,2,False,3.937500325790211e-11,2.8800002382922685e-08,0.9999999964837439,True
kitti_train,709,000708.png,9,9,9,False,4.8515635953094716e-11,3.890001210038463e-08,0.9999999965867394,True
kitti_train,710,000709.png,3,3,3,False,4.156250343889667e-11,3.200005949111073e-08,0.9999999979028978,True
kitti_train,712,000711.png,2,2,2,False,3.335931531012193e-11,3.199994580427301e-08,0.9999999968119496,True
kitti_train,713,000712.png,8,8,8,False,4.484374677149461e-11,3.479999577393755e-08,0.9999999804850853,True
kitti_train,714,000713.png,6,6,6,False,4.734375044779249e-11,3.9100001458791667e-08,0.999999994736454,True
kitti_train,715,000714.png,9,9,9,False,4.796874703005827e-11,3.200000264769187e-08,0.9999999974320034,True
kitti_train,716,000715.png,2,2,2,False,4.1093795033475544e-11,3.4900040191132575e-08,0.9999999902599394,True
kitti_train,717,000716.png,3,3,3,False,4.10155798213907e-11,3.209999022146803e-08,0.9999999937076227,True
kitti_train,718,000717.png,2,2,2,False,4.445310786138634e-11,3.200000264769187e-08,0.9999999977683284,True
kitti_train,719,000718.png,12,12,12,False,4.8593754020664903e-11,4.200001058052294e-08,0.9999999937629757,True
kitti_train,720,000719.png,10,10,10,False,4.9531254098234e-11,3.200000264769187e-08,0.9999999973910322,True
kitti_train,721,000720.png,3,3,3,False,4.9218754072377635e-11,3.199994580427301e-08,0.9999999945748499,True
kitti_train,724,000723.png,2,2,2,False,4.94531082750882e-11,3.719998176165973e-08,0.9999999947878442,True
kitti_train,725,000724.png,4,4,4,False,3.945312479491925e-11,3.199999909497819e-08,0.9999999961655021,True
kitti_train,726,000725.png,8,8,8,False,4.890625404652127e-11,3.650004032351717e-08,0.9999999949670032,True
kitti_train,729,000728.png,3,3,3,False,4.375005913104246e-11,3.200000264769187e-08,0.9999999969538734,True
kitti_train,730,000729.png,8,8,8,False,4.7656240065308e-11,3.4200013487861725e-08,0.9999999979528119,True
kitti_train,731,000730.png,1,1,1,False,3.335931531012193e-11,2.1299998209656223e-08,0.999999994029363,True
kitti_train,733,000732.png,10,10,10,False,4.968747635558657e-11,4.609998427440587e-08,0.9999999970444309,True
kitti_train,734,000733.png,5,5,5,False,4.375000361989123e-11,3.390002234482381e-08,0.9999999930044428,True
kitti_train,735,000734.png,9,9,9,False,4.5156246797350974e-11,3.5500022477208404e-08,0.9999999938854675,True
kitti_train,736,000735.png,4,4,4,False,4.984375412409037e-11,3.4999970921489876e-08,0.9999999936754334,True
kitti_train,737,000736.png,10,10,10,False,4.8515635953094716e-11,3.7700033317378256e-08,0.9999999907307159,True
kitti_train,738,000737.png,8,8,8,False,4.984374024630256e-11,4.529999841906829e-08,0.9999999970472032,True
kitti_train,739,000738.png,1,1,1,False,4.7734483032968456e-11,2.1299999986013063e-08,0.9999999951814985,True
kitti_train,740,000739.png,4,4,4,False,4.4531253684532146e-11,3.479999577393755e-08,0.9999999978404487,True
kitti_train,741,000740.png,2,2,2,False,4.94531082750882e-11,4.000003173132427e-08,0.9999999991786513,True
kitti_train,743,000742.png,10,10,10,False,4.890626792430908e-11,4.470001613299246e-08,0.9999999929195619,True
kitti_train,744,000743.png,5,5,5,False,4.750000046072067e-11,3.199994580427301e-08,0.9999999929071881,True
kitti_train,746,000745.png,8,8,8,False,4.6953135823812886e-11,4.150001586822327e-08,0.9999999953286625,True
kitti_train,747,000746.png,1,1,1,False,4.9687504111162184e-11,4.0599999806545384e-08,0.9999999977131786,True
kitti_train,748,000747.png,5,5,5,False,4.953125062878705e-11,3.169999907015608e-08,0.9999999950080004,True
kitti_train,749,000748.png,3,3,3,False,3.335942633242439e-11,3.199994580427301e-08,0.9999999957833541,True
kitti_train,750,000749.png,6,6,6,False,4.250000351646577e-11,3.2800016924738884e-08,0.99999999263574,True
kitti_train,751,000750.png,5,5,5,False,4.890626792430908e-11,3.249999735999154e-08,0.9999999899046437,True
kitti_train,753,000752.png,11,11,11,False,4.999999025923074e-11,3.930000502805342e-08,0.9999999926837935,True
kitti_train,754,000753.png,4,4,4,False,4.968747635558657e-11,3.200000264769187e-08,0.9999999947221935,True
kitti_train,755,000754.png,8,8,8,False,4.95312471593401e-11,3.930000502805342e-08,0.9999999950303524,True
kitti_train,756,000755.png,10,10,10,False,4.828124011702073e-11,3.579998519853689e-08,0.9999999951282098,True
kitti_train,757,000756.png,8,8,8,False,4.9999997198124646e-11,4.549997356662061e-08,0.9999999955330228,True
kitti_train,758,000757.png,14,14,14,False,4.656242058587168e-11,3.200000264769187e-08,0.999999997289873,True
kitti_train,759,000758.png,3,3,3,False,4.031247557989559e-11,3.4999999343199306e-08,0.9999999937593319,True
kitti_train,760,000759.png,2,2,2,False,4.67187399877389e-11,2.2100010710346396e-08,0.9999999965845145,True
kitti_train,763,000762.png,7,7,7,False,4.695310806823727e-11,4.5000007276030374e-08,0.9999999915422434,True
kitti_train,764,000763.png,7,7,7,False,4.6562503852598525e-11,3.200005949111073e-08,0.9999999890162004,True
kitti_train,765,000764.png,17,17,17,False,4.8593795654028327e-11,4.31999751526746e-08,0.9999999913235568,True
kitti_train,766,000765.png,4,4,4,False,4.859375055121795e-11,3.200000264769187e-08,0.9999999958302761,True
kitti_train,767,000766.png,3,3,3,False,3.335942633242439e-11,3.199994580427301e-08,0.9999999969525635,True
kitti_train,768,000767.png,2,2,2,False,4.968749717226828e-11,3.4999999343199306e-08,0.9999999953083587,True
kitti_train,769,000768.png,10,10,10,False,4.750000393016762e-11,4.529999841906829e-08,0.9999999955583004,True
kitti_train,771,000770.png,9,9,9,False,4.726563584966925e-11,3.6299979910836555e-08,0.9999999882266312,True
kitti_train,772,000771.png,4,4,4,False,4.968749717226828e-11,4.680003939938615e-08,0.999999994661128,True
kitti_train,773,000772.png,4,4,4,False,4.750000393016762e-11,3.65999994755839e-08,0.9999999976529437,True
kitti_train,774,000773.png,2,2,2,False,3.953121163746687e-11,3.470000820016139e-08,0.9999999930581625,True
kitti_train,775,000774.png,2,2,2,False,3.335931531012193e-11,3.199994580427301e-08,0.9999999958946821,True
kitti_train,776,000775.png,2,2,2,False,4.632810801652454e-11,3.4199956644442864e-08,0.9999999927548007,True
kitti_train,777,000776.png,6,6,6,False,4.0625010300221476e-11,3.120004521406372e-08,0.9999999955808903,True
kitti_train,778,000777.png,2,2,2,False,3.328124928425602e-11,2.1299998209656223e-08,0.9999999975618079,True
kitti_train,779,000778.png,6,6,6,False,4.5468739884313436e-11,4.139997145102825e-08,0.9999999962383523,True
kitti_train,780,000779.png,1,1,1,False,4.7968740091164364e-11,3.200005949111073e-08,0.9999999988742588,True
kitti_train,781,000780.png,15,15,15,False,4.976563605652018e-11,4.340000714364578e-08,0.9999999915157609,True
kitti_train,782,000781.png,1,1,1,False,4.69531635793885e-11,2.9300025516931782e-08,0.9999999971803014,True
kitti_train,783,000782.png,7,7,7,False,4.757810811995e-11,4.399998942972161e-08,0.9999999941445487,True
kitti_train,784,000783.png,2,2,2,False,3.375000279248752e-11,3.199994580427301e-08,0.9999999953130931,True
kitti_train,787,000786.png,2,2,2,False,4.8906212413157846e-11,3.8200028029677924e-08,0.9999999904010247,True
kitti_train,788,000787.png,7,7,7,False,4.5390635694531056e-11,3.369999035385263e-08,0.9999999941315662,True
kitti_train,789,000788.png,4,4,4,False,4.984368473515133e-11,3.6399967484612716e-08,0.9999999907940428,True
kitti_train,791,000790.png,3,3,3,False,4.5390580183379825e-11,2.380000196922083e-08,0.9999999971753293,True
kitti_train,792,000791.png,11,11,11,False,4.531249681027916e-11,3.200000264769187e-08,0.9999999963505064,True
kitti_train,795,000794.png,2,2,2,False,3.5546787735540875e-11,2.2700000101849582e-08,0.999999993494187,True
kitti_train,796,000795.png,9,9,9,False,4.8281250525361585e-11,3.8899997889529914e-08,0.9999999946794915,True
kitti_train,797,000796.png,13,13,13,False,4.8671899843810706e-11,3.40999690706667e-08,0.9999999933732081,True
kitti_train,799,000798.png,9,9,9,False,4.750000393016762e-11,3.5699997624760726e-08,0.9999999977729521,True
kitti_train,801,000800.png,5,5,5,False,4.4687496758566425e-11,2.9400013090707944e-08,0.999999994335389,True
kitti_train,802,000801.png,3,3,3,False,4.156251731668448e-11,3.199997422598244e-08,0.999999998776533,True
kitti_train,803,000802.png,9,9,9,False,4.8593740142877095e-11,3.4199985066152294e-08,0.9999999971437595,True
kitti_train,804,000803.png,5,5,5,False,4.8671899843810706e-11,4.1999996369668224e-08,0.9999999952545101,True
kitti_train,805,000804.png,6,6,6,False,4.874999015580528e-11,3.200000264769187e-08,0.9999999928076089,True
kitti_train,807,000806.png,1,1,1,False,3.390625107069223e-11,2.9299997095222352e-08,0.9999999928400014,True
kitti_train,808,000807.png,3,3,3,False,4.000000330961484e-11,2.4200002002316978e-08,0.9999999974684188,True
kitti_train,809,000808.png,8,8,8,False,4.617184412580855e-11,4.250000529282261e-08,0.9999999936541858,True
kitti_train,810,000809.png,11,11,11,False,4.4843739832600704e-11,4.0399982026428916e-08,0.9999999946177301,True
kitti_train,811,000810.png,1,1,1,False,3.515625290884117e-11,2.2500003638015187e-08,0.9999999983544798,True
kitti_train,812,000811.png,3,3,3,False,4.8359427573529956e-11,4.1700047859194456e-08,0.999999990980434,True
kitti_train,813,000812.png,2,2,2,False,4.906249712055555e-11,3.4200013487861725e-08,0.9999999970542416,True
kitti_train,814,000813.png,2,2,2,False,4.984375412409037e-11,3.1900000863060995e-08,0.9999999937335873,True
kitti_train,815,000814.png,13,13,13,False,4.7187503904311257e-11,3.3299997426183836e-08,0.999999988390806,True
kitti_train,816,000815.png,1,1,1,False,4.8437497068842816e-11,4.4399996568245115e-08,0.9999999965485404,True
kitti_train,817,000816.png,4,4,4,False,4.8593740142877095e-11,3.320002406326239e-08,0.999999998178158,True
kitti_train,818,000817.png,4,4,4,False,4.093750338718394e-11,3.200000264769187e-08,0.9999999977623699,True
kitti_train,819,000818.png,2,2,2,False,4.773437201066599e-11,3.200000264769187e-08,0.9999999931310586,True
kitti_train,820,000819.png,7,7,7,False,4.749997617459201e-11,4.019995003545773e-08,0.9999999966436349,True
kitti_train,821,000820.png,1,1,1,False,1.749999450906259e-11,1.1199997373978476e-08,0.999999999600019,True
kitti_train,823,000822.png,3,3,3,False,4.960937216580419e-11,3.4899983347713714e-08,0.9999999920877062,True
kitti_train,824,000823.png,5,5,5,False,4.812499704298645e-11,3.240000978621538e-08,0.9999999951901896,True
kitti_train,825,000824.png,1,1,1,False,3.328121112033955e-11,2.1299968011589954e-08,0.9999999945784228,True
kitti_train,826,000825.png,1,1,1,False,4.046873947061158e-11,2.5899993261191412e-08,0.9999999980924005,True
kitti_train,827,000826.png,6,6,6,False,4.7187503904311257e-11,3.209999022146803e-08,0.9999999960899577,True
kitti_train,828,000827.png,1,1,1,False,4.3749989742103423e-11,4.080001758666185e-08,0.9999999983389275,True
kitti_train,829,000828.png,1,1,1,False,3.335931531012193e-11,3.200000264769187e-08,0.9999999976993129,True
kitti_train,830,000829.png,2,2,2,False,4.6093753813813976e-11,2.9500000664484105e-08,0.999999996962964,True
kitti_train,831,000830.png,5,5,5,False,4.710942747010449e-11,3.200000264769187e-08,0.9999999777219597,True
kitti_train,832,000831.png,13,13,13,False,4.9843768001878175e-11,3.3100015173204156e-08,0.999999996038518,True
kitti_train,834,000833.png,13,13,13,False,4.984374718519646e-11,3.920001745427726e-08,0.999999993705481,True
kitti_train,835,000834.png,1,1,1,False,3.328126663149078e-11,2.1299968011589954e-08,0.9999999943018392,True
kitti_train,837,000836.png,3,3,3,False,4.992189994723617e-11,4.189999458503735e-08,0.9999999972969212,True
kitti_train,838,000837.png,11,11,11,False,4.976563605652018e-11,4.5899980705144117e-08,0.9999999941522199,True
kitti_train,839,000838.png,1,1,1,False,5.000000413701855e-11,3.200000264769187e-08,0.9999999959792101,True
kitti_train,840,000839.png,1,1,1,False,4.578125378795761e-11,3.249999735999154e-08,0.9999999975261311,True
kitti_train,841,000840.png,9,9,9,False,4.9687504111162184e-11,3.6899962196912384e-08,0.9999999924773812,True
kitti_train,843,000842.png,3,3,3,False,4.554687182967143e-11,3.200000264769187e-08,0.999999992560181,True
kitti_train,844,000843.png,9,9,9,False,4.929689989552344e-11,3.5699969203051296e-08,0.9999999933436765,True
kitti_train,845,000844.png,3,3,3,False,3.328125275370297e-11,2.1299999986013063e-08,0.999999997489035,True
kitti_train,847,000846.png,10,10,10,False,4.8750004033593086e-11,3.5600010050984565e-08,0.9999999888016795,True
kitti_train,849,000848.png,4,4,4,False,4.1406211792605063e-11,3.9599967749381904e-08,0.9999999978879931,True
kitti_train,850,000849.png,5,5,5,False,4.515625373624488e-11,3.200005949111073e-08,0.9999999948157788,True
kitti_train,851,000850.png,7,7,7,False,4.3593767484750856e-11,2.9299997095222352e-08,0.9999999960784056,True
kitti_train,852,000851.png,2,2,2,False,4.578125031851066e-11,3.1499951091973344e-08,0.9999999942303037,True
kitti_train,853,000852.png,3,3,3,False,4.3906239755031606e-11,3.200000264769187e-08,0.9999999965634023,True
kitti_train,854,000853.png,4,4,4,False,4.937500408530582e-11,4.6399975417443784e-08,0.9999999936158128,True
kitti_train,855,000854.png,3,3,3,False,4.7656253943095805e-11,4.100000694506889e-08,0.9999999933804004,True
kitti_train,856,000855.png,2,2,2,False,4.531249681027916e-11,4.3000000005122274e-08,0.9999999960602884,True
kitti_train,857,000856.png,7,7,7,False,4.8593754020664903e-11,3.260004177718656e-08,0.9999999959941195,True
kitti_train,858,000857.png,6,6,6,False,4.5156212102881454e-11,3.200000264769187e-08,0.9999999938815265,True
kitti_train,859,000858.png,2,2,2,False,3.406250281834389e-11,2.1800005356453767e-08,0.9999999985312269,True
kitti_train,860,000859.png,7,7,7,False,4.2031250008234267e-11,3.200005949111073e-08,0.9999999957041265,True
kitti_train,861,000860.png,4,4,4,False,4.906250405944945e-11,3.200005949111073e-08,0.9999999964899229,True
kitti_train,862,000861.png,6,6,6,False,4.4921955044685546e-11,3.6399910641193856e-08,0.9999999929033687,True
kitti_train,863,000862.png,2,2,2,False,4.8593754020664903e-11,4.5799936287949095e-08,0.9999999972768789,True
kitti_train,864,000863.png,3,3,3,False,3.5468752934697534e-11,3.200000264769187e-08,0.9999999951192773,True
kitti_train,866,000865.png,2,2,2,False,3.453121122376501e-11,2.13000106441541e-08,0.999999995067663,True
kitti_train,867,000866.png,2,2,2,False,4.7968795602315595e-11,2.230004270131758e-08,0.9999999945698971,True
kitti_train,868,000867.png,14,14,14,False,4.203125347768122e-11,3.250002578170097e-08,0.999999996671154,True
kitti_train,869,000868.png,11,11,11,False,4.8671844332659475e-11,3.9100001458791667e-08,0.9999999912696969,True
kitti_train,870,000869.png,4,4,4,False,4.960942767695542e-11,3.00000237984932e-08,0.9999999938716239,True
kitti_train,872,000871.png,5,5,5,False,4.6875031634030506e-11,4.020000687887659e-08,0.9999999937264431,True
kitti_train,873,000872.png,2,2,2,False,4.664058028680529e-11,3.320002406326239e-08,0.9999999963278791,True
kitti_train,874,000873.png,3,3,3,False,4.976563605652018e-11,3.200000264769187e-08,0.9999999934165748,True
kitti_train,875,000874.png,17,17,17,False,4.968750064171523e-11,3.5500022477208404e-08,0.9999999938076889,True
kitti_train,876,000875.png,4,4,4,False,4.765621230973238e-11,4.139997145102825e-08,0.9999999978712724,True
kitti_train,877,000876.png,3,3,3,False,4.4687475941884713e-11,3.199997422598244e-08,0.9999999965167146,True
kitti_train,879,000878.png,2,2,2,False,4.453123980674434e-11,3.200000264769187e-08,0.9999999957080611,True
kitti_train,880,000879.png,3,3,3,False,4.1953163165686647e-11,3.200000264769187e-08,0.9999999906233915,True
kitti_train,883,000882.png,9,9,9,False,4.8593740142877095e-11,3.200005949111073e-08,0.9999999941105754,True
kitti_train,884,000883.png,7,7,7,False,4.937500408530582e-11,4.140008513786597e-08,0.9999999968043852,True
kitti_train,886,000885.png,5,5,5,False,3.7968739263760654e-11,3.380006319275708e-08,0.9999999960595846,True
kitti_train,887,000886.png,5,5,5,False,4.140624648707458e-11,3.200000264769187e-08,0.999999992043849,True
kitti_train,888,000887.png,6,6,6,False,4.8593754020664903e-11,3.4699993989306677e-08,0.9999999972261756,True
kitti_train,889,000888.png,1,1,1,False,3.8593794826624617e-11,3.200005949111073e-08,0.99999999477732,True
kitti_train,890,000889.png,5,5,5,False,4.8593747081771e-11,3.109999724415502e-08,0.9999999871799276,True
kitti_train,891,000890.png,6,6,6,False,4.6874996939560987e-11,3.730008302227361e-08,0.9999999963552656,True
kitti_train,892,000891.png,1,1,1,False,3.335942633242439e-11,3.200000264769187e-08,0.9999999970191322,True
kitti_train,893,000892.png,7,7,7,False,4.5156246797350974e-11,3.4200013487861725e-08,0.999999996654665,True
kitti_train,894,000893.png,2,2,2,False,3.562500294762572e-11,3.320008090668125e-08,0.9999999980408917,True
kitti_train,895,000894.png,3,3,3,False,4.5390635694531056e-11,4.149995902480441e-08,0.9999999972404027,True
kitti_train,896,000895.png,1,1,1,False,3.335942633242439e-11,2.1299999986013063e-08,0.9999999970932,True
kitti_train,897,000896.png,1,1,1,False,4.734374003945163e-11,3.979999974035309e-08,0.9999999953298822,True
kitti_train,898,000897.png,4,4,4,False,4.593750033143884e-11,3.200000264769187e-08,0.9999999931728594,True
kitti_train,899,000898.png,3,3,3,False,3.734374962038878e-11,2.3900000201138027e-08,0.9999999943731741,True
kitti_train,900,000899.png,3,3,3,False,3.960937133840048e-11,2.1299999986013063e-08,0.9999999965034421,True
kitti_train,901,000900.png,1,1,1,False,3.335942633242439e-11,3.199994580427301e-08,0.9999999942951503,True
kitti_train,902,000901.png,1,1,1,False,3.328124928425602e-11,2.1299999986013063e-08,0.999999997215016,True
kitti_train,903,000902.png,9,9,9,False,4.578125031851066e-11,3.2999992072291207e-08,0.9999999913582047,True
kitti_train,904,000903.png,6,6,6,False,4.843750400773672e-11,3.200000264769187e-08,0.9999999987796238,True
kitti_train,905,000904.png,4,4,4,False,4.906250405944945e-11,3.440001705712348e-08,0.9999999938308908,True
kitti_train,906,000905.png,1,1,1,False,3.367189860270514e-11,2.1299968011589954e-08,0.9999999959538035,True
kitti_train,907,000906.png,6,6,6,False,4.499998984552889e-11,3.1999995542264514e-08,0.9999999942178577,True
kitti_train,908,000907.png,4,4,4,False,4.742184422923401e-11,4.139999276731032e-08,0.9999999982842551,True
kitti_train,909,000908.png,2,2,2,False,4.9062476303873837e-11,3.240006662963424e-08,0.999999994918561,True
kitti_train,911,000910.png,13,13,13,False,4.8828052712224235e-11,3.570001183561544e-08,0.9999999943083148,True
kitti_train,912,000911.png,3,3,3,False,4.710931644780203e-11,4.2400017719046446e-08,0.9999999943989082,True
kitti_train,914,000913.png,6,6,6,False,4.8593740142877095e-11,4.41000054252072e-08,0.9999999920614934,True
kitti_train,915,000914.png,4,4,4,False,4.8125003981880354e-11,3.199999909497819e-08,0.9999999981364858,True
kitti_train,916,000915.png,6,6,6,False,4.93749763297302e-11,3.200005949111073e-08,0.9999999946708953,True
kitti_train,917,000916.png,4,4,4,False,4.640625037022339e-11,2.970000068103218e-08,0.9999999962116837,True
kitti_train,918,000917.png,4,4,4,False,4.9687504111162184e-11,3.279996008132002e-08,0.9999999971748135,True
kitti_train,919,000918.png,7,7,7,False,4.9687504111162184e-11,3.200000264769187e-08,0.9999999956784555,True
kitti_train,920,000919.png,9,9,9,False,4.914069151595868e-11,3.450000463089964e-08,0.9999999915507731,True
kitti_train,921,000920.png,4,4,4,False,4.976563605652018e-11,4.160001765285415e-08,0.9999999970042144,True
kitti_train,922,000921.png,2,2,2,False,4.69531635793885e-11,2.779998453661392e-08,0.9999999964678835,True
kitti_train,924,000923.png,7,7,7,False,4.8750004033593086e-11,3.25999849337677e-08,0.9999999956428988,True
kitti_train,925,000924.png,5,5,5,False,4.984375238936689e-11,3.1900000863060995e-08,0.9999999935834656,True
kitti_train,926,000925.png,5,5,5,False,4.968749717226828e-11,3.3699961932143196e-08,0.9999999907226241,True
kitti_train,927,000926.png,2,2,2,False,3.335931531012193e-11,3.199994580427301e-08,0.9999999978460424,True
kitti_train,928,000927.png,7,7,7,False,4.1250003413040304e-11,2.6400002184345794e-08,0.9999999972133713,True
kitti_train,929,000928.png,16,16,16,False,4.999994862586732e-11,4.409997700349777e-08,0.9999999931756284,True
kitti_train,930,000929.png,3,3,3,False,4.406247589017198e-11,3.6399967484612716e-08,0.9999999968040213,True
kitti_train,931,000930.png,4,4,4,False,4.156250343889667e-11,3.329999032075648e-08,0.9999999954674313,True
kitti_train,932,000931.png,4,4,4,False,4.734375044779249e-11,3.199994580427301e-08,0.9999999939177837,True
kitti_train,933,000932.png,3,3,3,False,4.8671844332659475e-11,3.1999995542264514e-08,0.9999999869369848,True
kitti_train,934,000933.png,1,1,1,False,4.8437497068842816e-11,3.099999901223782e-08,0.999999996390358,True
kitti_train,935,000934.png,1,1,1,False,4.5156250266797926e-11,2.8900000614839882e-08,0.9999999967841735,True
kitti_train,936,000935.png,14,14,14,False,4.8593754020664903e-11,3.920001745427726e-08,0.9999999950268615,True
kitti_train,937,000936.png,16,16,16,False,4.7968740091164364e-11,3.920000324342254e-08,0.9999999950075414,True
kitti_train,938,000937.png,6,6,6,False,4.640625037022339e-11,3.729996933543589e-08,0.9999999949836477,True
kitti_train,940,000939.png,3,3,3,False,4.914063600480745e-11,3.200000264769187e-08,0.9999999922971802,True
kitti_train,941,000940.png,4,4,4,False,3.3593745840665434e-11,3.200005949111073e-08,0.9999999936533672,True
kitti_train,942,000941.png,3,3,3,False,4.984374024630256e-11,3.200000264769187e-08,0.9999999939994483,True
kitti_train,944,000943.png,4,4,4,False,4.5000003723316695e-11,3.849999075100641e-08,0.9999999980648956,True
kitti_train,945,000944.png,11,11,11,False,4.781250395602399e-11,4.3099987578898435e-08,0.9999999941607471,True
kitti_train,946,000945.png,11,11,11,False,4.859375055121795e-11,4.3099987578898435e-08,0.9999999941574975,True
kitti_train,947,000946.png,5,5,5,False,4.9062490181661644e-11,3.25999849337677e-08,0.9999999944207417,True
kitti_train,948,000947.png,2,2,2,False,4.31250035681785e-11,3.200000264769187e-08,0.9999999986744031,True
kitti_train,949,000948.png,3,3,3,False,4.6250031582317774e-11,3.200005949111073e-08,0.9999999929578156,True
kitti_train,950,000949.png,4,4,4,False,4.593750380088579e-11,3.200000264769187e-08,0.9999999976560043,True
kitti_train,951,000950.png,1,1,1,False,4.593750033143884e-11,3.750000132640707e-08,0.9999999968818744,True
kitti_train,952,000951.png,11,11,11,False,4.9453136030663813e-11,3.199994580427301e-08,0.9999999967920812,True
kitti_train,954,000953.png,5,5,5,False,4.851569146424595e-11,3.819997118625906e-08,0.9999999965511098,True
kitti_train,956,000955.png,6,6,6,False,4.656248997481072e-11,4.200001058052294e-08,0.9999999946667186,True
kitti_train,957,000956.png,10,10,10,False,4.9999997198124646e-11,3.80999836124829e-08,0.9999999938347517,True
kitti_train,958,000957.png,1,1,1,False,3.648437107983682e-11,1.9899971448467113e-08,0.9999999990724618,True
kitti_train,959,000958.png,4,4,4,False,3.335942633242439e-11,2.7600009389061597e-08,0.9999999987008492,True
kitti_train,960,000959.png,11,11,11,False,4.593750380088579e-11,3.3500043628009735e-08,0.999999991987293,True
kitti_train,963,000962.png,6,6,6,False,4.9374997146411914e-11,3.740001375263091e-08,0.9999999943369356,True
kitti_train,964,000963.png,5,5,5,False,4.49218717779587e-11,3.200000264769187e-08,0.9999999979064658,True
kitti_train,965,000964.png,11,11,11,False,4.921874019458983e-11,4.550008725345833e-08,0.9999999972047358,True
kitti_train,966,000965.png,12,12,12,False,4.9140580493656216e-11,3.200000264769187e-08,0.9999999951245145,True
kitti_train,967,000966.png,18,18,18,False,4.999989311471609e-11,3.410002591408556e-08,0.9999999954267628,True
kitti_train,968,000967.png,3,3,3,False,4.31250035681785e-11,4.0900033582147444e-08,0.9999999937952554,True
kitti_train,969,000968.png,1,1,1,False,3.328124581480907e-11,2.1299998209656223e-08,0.9999999975079013,True
kitti_train,971,000970.png,7,7,7,False,4.906250405944945e-11,3.200000264769187e-08,0.9999999944741303,True
kitti_train,972,000971.png,5,5,5,False,4.828125399480854e-11,3.2899947655096184e-08,0.9999999964709002,True
kitti_train,973,000972.png,3,3,3,False,4.8984372114091457e-11,4.259999286659877e-08,0.9999999924278332,True
kitti_train,974,000973.png,2,2,2,False,4.8359427573529956e-11,2.780001295832335e-08,0.9999999975231542,True
kitti_train,975,000974.png,3,3,3,False,3.335937082127316e-11,2.1300001762369902e-08,0.9999999959511273,True
kitti_train,977,000976.png,6,6,6,False,4.703126776917088e-11,3.200000264769187e-08,0.9999999962503356,True
kitti_train,978,000977.png,14,14,14,False,4.906249712055555e-11,3.200005949111073e-08,0.9999999918679827,True
kitti_train,979,000978.png,2,2,2,False,4.156250343889667e-11,2.660000220089387e-08,0.9999999974858094,True
kitti_train,980,000979.png,2,2,2,False,4.8125003981880354e-11,3.080000254840343e-08,0.9999999966770097,True
kitti_train,981,000980.png,6,6,6,False,4.6249996887848255e-11,3.610001897413895e-08,0.9999999950683014,True
kitti_train,985,000984.png,3,3,3,False,4.8125003981880354e-11,4.5800021553077386e-08,0.9999999935667869,True
kitti_train,986,000985.png,12,12,12,False,4.992189994723617e-11,4.529999841906829e-08,0.9999999907758528,True
kitti_train,987,000986.png,12,12,12,False,4.39843717003896e-11,3.8300015603454085e-08,0.9999999912558102,True
kitti_train,988,000987.png,5,5,5,False,4.3437500124587913e-11,2.9700004233745858e-08,0.9999999956850194,True
kitti_train,989,000988.png,4,4,4,False,4.7031253891383074e-11,4.220001414978469e-08,0.9999999935685587,True
kitti_train,990,000989.png,1,1,1,False,4.703115674686842e-11,2.8199963253427995e-08,0.9999999962127196,True
kitti_train,993,000992.png,13,13,13,False,5.000000413701855e-11,4.1000021155923605e-08,0.9999999916952593,True
kitti_train,994,000993.png,1,1,1,False,3.328124928425602e-11,2.1299999986013063e-08,0.9999999975967493,True
kitti_train,995,000994.png,7,7,7,False,3.9843767174474465e-11,3.199994580427301e-08,0.9999999944718452,True
kitti_train,996,000995.png,6,6,6,False,4.593750033143884e-11,4.089997673872858e-08,0.9999999941003128,True
kitti_train,997,000996.png,12,12,12,False,4.7187503904311257e-11,3.6900019040331244e-08,0.9999999953311841,True
kitti_train,998,000997.png,2,2,2,False,3.335942633242439e-11,2.719997382882866e-08,0.9999999943061326,True
kitti_train,999,000998.png,9,9,9,False,4.382810780967361e-11,3.810004045590176e-08,0.9999999904996553,True
kitti_train,1000,000999.png,14,14,14,False,4.921874019458983e-11,4.2299973301851423e-08,0.9999999957177536,True
kitti_train,1001,001000.png,3,3,3,False,4.320321878026334e-11,3.199994580427301e-08,0.9999999952403438,True
kitti_train,1003,001002.png,5,5,5,False,4.375000015044428e-11,3.200000264769187e-08,0.9999999943073532,True
kitti_train,1004,001003.png,7,7,7,False,4.906250405944945e-11,4.410003384691663e-08,0.9999999949275719,True
kitti_train,1008,001007.png,8,8,8,False,4.7968740091164364e-11,3.200005949111073e-08,0.9999999968742167,True
kitti_train,1009,001008.png,5,5,5,False,4.171874651293095e-11,3.249999735999154e-08,0.9999999961208623,True
kitti_train,1010,001009.png,5,5,5,False,4.812499704298645e-11,4.20999981542991e-08,0.9999999932125271,True
kitti_train,1012,001011.png,9,9,9,False,4.7187503904311257e-11,3.200005949111073e-08,0.9999999928395693,True
kitti_train,1014,001013.png,10,10,10,False,4.984374718519646e-11,3.939999260182958e-08,0.9999999954941331,True
kitti_train,1015,001014.png,2,2,2,False,4.421875365867578e-11,3.199994580427301e-08,0.9999999945397404,True
kitti_train,1016,001015.png,8,8,8,False,4.0468850492914044e-11,2.9599988238260266e-08,0.9999999917130892,True
kitti_train,1017,001016.png,7,7,7,False,4.734375391723944e-11,3.639999590632215e-08,0.999999994579952,True
kitti_train,1018,001017.png,3,3,3,False,4.3281239703318874e-11,3.200000264769187e-08,0.9999999964524721,True
kitti_train,1019,001018.png,1,1,1,False,3.335931531012193e-11,3.200000264769187e-08,0.9999999990386352,True
kitti_train,1020,001019.png,1,1,1,False,3.328126663149078e-11,2.1299968011589954e-08,0.9999999936805724,True
kitti_train,1021,001020.png,5,5,5,False,4.718749002652345e-11,3.1500007935392205e-08,0.9999999957493622,True
kitti_train,1022,001021.png,7,7,7,False,4.656248997481072e-11,3.200000264769187e-08,0.9999999957955347,True
kitti_train,1023,001022.png,5,5,5,False,4.640632322860938e-11,3.240006662963424e-08,0.9999999964842015,True
kitti_train,1025,001024.png,7,7,7,False,4.437500367160396e-11,3.2999992072291207e-08,0.9999999970573967,True
kitti_train,1026,001025.png,2,2,2,False,4.304689937839612e-11,3.199994580427301e-08,0.9999999918231757,True
kitti_train,1027,001026.png,3,3,3,False,4.109374993066517e-11,3.200005949111073e-08,0.9999999951622518,True
kitti_train,1028,001027.png,2,2,2,False,4.4062496706853693e-11,3.0199998946045525e-08,0.9999999970521739,True
kitti_train,1029,001028.png,8,8,8,False,4.8671844332659475e-11,3.4900040191132575e-08,0.9999999934341701,True
kitti_train,1030,001029.png,1,1,1,False,2.4375002016796543e-11,1.5600008396177145e-08,0.99999999935612,True
kitti_train,1031,001030.png,1,1,1,False,3.328115560918832e-11,2.1299968011589954e-08,0.9999999985868973,True
kitti_train,1032,001031.png,1,1,1,False,3.375000279248752e-11,2.0499996367107087e-08,0.9999999986373513,True
kitti_train,1033,001032.png,5,5,5,False,4.2031250008234267e-11,3.200005949111073e-08,0.9999999961854851,True
kitti_train,1034,001033.png,1,1,1,False,2.6952995391127388e-11,1.639995161895058e-08,0.9999999992442662,True
kitti_train,1035,001034.png,5,5,5,False,4.656250038315157e-11,2.9800000689306216e-08,0.9999999943274861,True
kitti_train,1036,001035.png,11,11,11,False,4.7500114952470085e-11,4.290001243134611e-08,0.9999999960210567,True
kitti_train,1037,001036.png,1,1,1,False,4.726563584966925e-11,4.410003384691663e-08,0.9999999991735345,True
kitti_train,1038,001037.png,1,1,1,False,4.7656240065308e-11,3.04999971945108e-08,0.9999999989102165,True
kitti_train,1039,001038.png,12,12,12,False,4.976574707882264e-11,4.5100023271515965e-08,0.9999999951558853,True
kitti_train,1040,001039.png,5,5,5,False,4.8125003981880354e-11,3.0800009653830784e-08,0.9999999935491937,True
kitti_train,1041,001040.png,4,4,4,False,4.8281267872596345e-11,3.520000291246106e-08,0.9999999952630314,True
kitti_train,1043,001042.png,5,5,5,False,4.750000393016762e-11,3.200005949111073e-08,0.9999999937888451,True
kitti_train,1045,001044.png,13,13,13,False,4.812499704298645e-11,4.180003543297062e-08,0.9999999937703501,True
kitti_train,1046,001045.png,9,9,9,False,4.8593747081771e-11,3.260004177718656e-08,0.9999999955566461,True
kitti_train,1047,001046.png,11,11,11,False,4.8593747081771e-11,4.1600003441999434e-08,0.9999999944338115,True
kitti_train,1050,001049.png,14,14,14,False,5.000000413701855e-11,3.449997620919021e-08,0.999999995125463,True
kitti_train,1052,001051.png,1,1,1,False,3.9218753244973925e-11,3.479993893051869e-08,0.9999999956436982,True
kitti_train,1053,001052.png,9,9,9,False,3.8046898964694265e-11,3.439998863541405e-08,0.9999999943764473,True
kitti_train,1054,001053.png,2,2,2,False,4.343753134961048e-11,3.4999970921489876e-08,0.9999999938984419,True
kitti_train,1055,001054.png,12,12,12,False,4.843750400773672e-11,4.139999987273768e-08,0.9999999952754632,True
kitti_train,1057,001056.png,5,5,5,False,4.40625036457476e-11,3.200000264769187e-08,0.9999999934828133,True
kitti_train,1058,001057.png,1,1,1,False,3.921879487833735e-11,2.849998281817534e-08,0.9999999986066237,True
kitti_train,1059,001058.png,5,5,5,False,4.562500377502943e-11,3.319999564155296e-08,0.9999999935792308,True
kitti_train,1060,001059.png,4,4,4,False,3.7031253063979364e-11,2.3700000184589953e-08,0.9999999954682561,True
kitti_train,1062,001061.png,4,4,4,False,3.335942633242439e-11,3.200005949111073e-08,0.9999999923487685,True
kitti_train,1064,001063.png,3,3,3,False,4.109376727789993e-11,3.200000264769187e-08,0.9999999950731525,True
kitti_train,1065,001064.png,2,2,2,False,4.40625036457476e-11,2.8200002333278462e-08,0.9999999956378898,True
kitti_train,1066,001065.png,11,11,11,False,4.87500317891687e-11,4.35999822911981e-08,0.9999999865624919,True
kitti_train,1067,001066.png,1,1,1,False,3.359373890177153e-11,2.1500000002561137e-08,0.9999999989904711,True
kitti_train,1068,001067.png,2,2,2,False,3.335931531012193e-11,3.200000264769187e-08,0.9999999990740769,True
kitti_train,1071,001070.png,11,11,11,False,4.8125003981880354e-11,4.5199954001873266e-08,0.9999999922590298,True
kitti_train,1073,001072.png,4,4,4,False,4.750000393016762e-11,3.200000264769187e-08,0.9999999961825449,True
kitti_train,1074,001073.png,1,1,1,False,3.328124928425602e-11,2.1299999986013063e-08,0.9999999982940398,True
kitti_train,1075,001074.png,1,1,1,False,3.5703107137408097e-11,2.13000106441541e-08,0.9999999988987727,True
kitti_train,1078,001077.png,14,14,14,False,4.9531254098234e-11,4.459997171579744e-08,0.9999999915268853,True
kitti_train,1079,001078.png,8,8,8,False,4.562498989724162e-11,4.079998916495242e-08,0.9999999943220488,True
kitti_train,1080,001079.png,1,1,1,False,4.640621220630692e-11,3.3599974358367035e-08,0.999999995418112,True
kitti_train,1081,001080.png,3,3,3,False,4.929689989552344e-11,4.0399982026428916e-08,0.9999999937222455,True
kitti_train,1083,001082.png,14,14,14,False,4.757810811995e-11,3.200000264769187e-08,0.9999999929599405,True
kitti_train,1084,001083.png,9,9,9,False,4.4531267562319954e-11,3.979999974035309e-08,0.999999993755386,True
kitti_train,1085,001084.png,7,7,7,False,4.906250405944945e-11,3.200005949111073e-08,0.9999999955428882,True
kitti_train,1086,001085.png,5,5,5,False,4.7031253891383074e-11,3.6399967484612716e-08,0.9999999952429645,True
kitti_train,1087,001086.png,8,8,8,False,4.88281637345267e-11,3.200005949111073e-08,0.9999999964392432,True
kitti_train,1088,001087.png,5,5,5,False,4.5703107964811807e-11,3.5600066894403426e-08,0.9999999956297076,True
kitti_train,1089,001088.png,1,1,1,False,3.8593753193261193e-11,2.4700007372757682e-08,0.9999999992071278,True
kitti_train,1090,001089.png,7,7,7,False,4.4453163372537574e-11,3.200005949111073e-08,0.9999999955565,True
kitti_train,1091,001090.png,1,1,1,False,3.335931531012193e-11,3.200000264769187e-08,0.9999999967634813,True
kitti_train,1092,001091.png,1,1,1,False,2.968747470077915e-11,1.5600008396177145e-08,0.9999999992585048,True
kitti_train,1093,001092.png,2,2,2,False,4.062500336132757e-11,3.200005949111073e-08,0.9999999940930915,True
kitti_train,1094,001093.png,2,2,2,False,4.664063579795652e-11,4.050002644362394e-08,0.9999999949361653,True
kitti_train,1096,001095.png,3,3,3,False,3.335942633242439e-11,3.200005949111073e-08,0.9999999952608742,True
kitti_train,1097,001096.png,6,6,6,False,4.976563605652018e-11,4.390000185594545e-08,0.999999996249354,True
kitti_train,1099,001098.png,1,1,1,False,3.328124581480907e-11,2.1299999986013063e-08,0.9999999980864557,True
kitti_train,1100,001099.png,2,2,2,False,3.335931531012193e-11,3.199994580427301e-08,0.9999999963140336,True
kitti_train,1101,001100.png,13,13,13,False,4.960937216580419e-11,3.919990376743954e-08,0.9999999926469181,True
kitti_train,1102,001101.png,11,11,11,False,4.9218754072377635e-11,4.1799978589551756e-08,0.9999999973118447,True
kitti_train,1103,001102.png,9,9,9,False,4.67187399877389e-11,3.200000264769187e-08,0.9999999952250542,True
kitti_train,1106,001105.png,1,1,1,False,3.8750003206189376e-11,3.4199956644442864e-08,0.9999999978299555,True
kitti_train,1107,001106.png,9,9,9,False,4.984374718519646e-11,4.219998572807526e-08,0.9999999749645758,True
kitti_train,1108,001107.png,6,6,6,False,4.750000393016762e-11,3.200000264769187e-08,0.9999999973638601,True
kitti_train,1109,001108.png,10,10,10,False,4.781250395602399e-11,3.790000846493058e-08,0.9999999961674554,True
kitti_train,1110,001109.png,1,1,1,False,3.335942633242439e-11,2.1299999986013063e-08,0.9999999975689169,True
kitti_train,1111,001110.png,2,2,2,False,3.335931531012193e-11,3.199994580427301e-08,0.9999999974597742,True
kitti_train,1112,001111.png,2,2,2,False,4.531249681027916e-11,2.899999884675708e-08,0.9999999980425509,True
kitti_train,1113,001112.png,5,5,5,False,3.671862813803273e-11,3.200005949111073e-08,0.9999999942996173,True
kitti_train,1114,001113.png,1,1,1,False,4.968747635558657e-11,3.40999690706667e-08,0.9999999983828308,True
kitti_train,1115,001114.png,4,4,4,False,4.8593684631725864e-11,2.640001639520051e-08,0.9999999968201572,True
kitti_train,1116,001115.png,2,2,2,False,3.984379493005008e-11,3.339999921081471e-08,0.9999999936047506,True
kitti_train,1118,001117.png,5,5,5,False,3.867195452755823e-11,3.610006160670309e-08,0.9999999934986947,True
kitti_train,1119,001118.png,5,5,5,False,4.5078107913099075e-11,3.109997237515927e-08,0.9999999946976085,True
kitti_train,1121,001120.png,8,8,8,False,5.000000413701855e-11,4.420002142069279e-08,0.999999996241094,True
kitti_train,1123,001122.png,3,3,3,False,4.437500367160396e-11,3.270000092925329e-08,0.9999999940206166,True
kitti_train,1124,001123.png,7,7,7,False,4.656242058587168e-11,4.31999751526746e-08,0.9999999919791154,True
kitti_train,1125,001124.png,1,1,1,False,4.062494785017634e-11,3.2900004498515045e-08,0.9999999987607281,True
kitti_train,1126,001125.png,9,9,9,False,4.6250031582317774e-11,3.200000264769187e-08,0.9999999961699878,True
kitti_train,1127,001126.png,2,2,2,False,4.796874703005827e-11,3.200000264769187e-08,0.999999996926183,True
kitti_train,1128,001127.png,7,7,7,False,4.890632343546031e-11,3.200005949111073e-08,0.9999999943711405,True
kitti_train,1130,001129.png,4,4,4,False,4.437499673271006e-11,4.189996616332792e-08,0.999999993864098,True
kitti_train,1131,001130.png,2,2,2,False,3.335942633242439e-11,3.200005949111073e-08,0.9999999959222063,True
kitti_train,1132,001131.png,3,3,3,False,4.9375000615858866e-11,3.1600000838238884e-08,0.9999999932966557,True
kitti_train,1133,001132.png,7,7,7,False,4.9687490233374376e-11,4.190002300674678e-08,0.999999994388573,True
kitti_train,1135,001134.png,6,6,6,False,4.8281247055914633e-11,3.200005949111073e-08,0.9999999941881934,True
kitti_train,1137,001136.png,9,9,9,False,4.859375055121795e-11,3.200005949111073e-08,0.9999999959409802,True
kitti_train,1139,001138.png,10,10,10,False,4.9999997198124646e-11,4.149995902480441e-08,0.9999999966316712,True
kitti_train,1140,001139.png,7,7,7,False,4.7656240065308e-11,3.200000264769187e-08,0.999999996573812,True
kitti_train,1142,001141.png,5,5,5,False,4.8750000564146134e-11,3.269997250754386e-08,0.9999999947374605,True
kitti_train,1143,001142.png,15,15,15,False,4.9687504111162184e-11,3.2100047064886894e-08,0.9999999962244083,True
kitti_train,1144,001143.png,4,4,4,False,4.0859426952977174e-11,3.200000264769187e-08,0.9999999948457957,True
kitti_train,1145,001144.png,1,1,1,False,4.2734316085812907e-11,3.949998017560574e-08,0.9999999954042016,True
kitti_train,1146,001145.png,5,5,5,False,4.5000003723316695e-11,3.200005949111073e-08,0.9999999956942417,True
kitti_train,1147,001146.png,5,5,5,False,4.6093753813813976e-11,4.340000714364578e-08,0.9999999933392012,True
kitti_train,1148,001147.png,7,7,7,False,4.585942736667903e-11,4.200001058052294e-08,0.9999999955302921,True
kitti_train,1150,001149.png,3,3,3,False,4.46093162409511e-11,3.449997620919021e-08,0.999999992350139,True
kitti_train,1151,001150.png,6,6,6,False,4.4843795343751935e-11,4.000003173132427e-08,0.9999999977085527,True
kitti_train,1152,001151.png,6,6,6,False,4.859376789845271e-11,3.200000264769187e-08,0.9999999962512319,True
kitti_train,1154,001153.png,6,6,6,False,4.593758706761264e-11,3.5000027764908737e-08,0.999999803210414,True
kitti_train,1155,001154.png,4,4,4,False,3.6718749568676046e-11,3.200000264769187e-08,0.9999999958781776,True
kitti_train,1156,001155.png,1,1,1,False,3.328124581480907e-11,2.1299999986013063e-08,0.9999999980388726,True
kitti_train,1157,001156.png,3,3,3,False,3.812499968502969e-11,3.200005949111073e-08,0.99999999466916,True
kitti_train,1158,001157.png,4,4,4,False,3.687500305105118e-11,2.7599980967352167e-08,0.9999999963879613,True
kitti_train,1159,001158.png,6,6,6,False,4.890624016873346e-11,3.679997462313622e-08,0.9999999954396961,True
kitti_train,1161,001160.png,2,2,2,False,4.593750380088579e-11,4.149995902480441e-08,0.9999999984914684,True
kitti_train,1162,001161.png,1,1,1,False,4.648437190724053e-11,2.9299997095222352e-08,0.9999999986139911,True
kitti_train,1163,001162.png,9,9,9,False,4.4140691102256824e-11,3.200005949111073e-08,0.9999999933079822,True
kitti_train,1165,001164.png,5,5,5,False,4.484375024094156e-11,2.869999882193497e-08,0.9999999945220759,True
kitti_train,1167,001166.png,2,2,2,False,4.632805250537331e-11,3.7599988900183234e-08,0.9999999942231128,True
kitti_train,1169,001168.png,4,4,4,False,4.2421843815532156e-11,3.200000264769187e-08,0.9999999969111957,True
kitti_train,1170,001169.png,9,9,9,False,4.8359316551227494e-11,3.5500022477208404e-08,0.9999999867848951,True
kitti_train,1171,001170.png,6,6,6,False,4.8984372114091457e-11,3.6999949770688545e-08,0.9999999951666163,True
kitti_train,1172,001171.png,2,2,2,False,4.593750380088579e-11,2.9400005985280586e-08,0.999999995207061,True
kitti_train,1173,001172.png,6,6,6,False,4.9687504111162184e-11,4.4300008994468953e-08,0.9999999928689906,True
kitti_train,1175,001174.png,1,1,1,False,4.734379555060286e-11,2.9399984668998513e-08,0.9999999982623197,True
kitti_train,1176,001175.png,15,15,15,False,4.718736512643318e-11,3.449997620919021e-08,0.9999999935803028,True
kitti_train,1177,001176.png,2,2,2,False,3.335942633242439e-11,3.200000264769187e-08,0.9999999948814228,True
kitti_train,1178,001177.png,3,3,3,False,4.718747614873564e-11,4.1100008729699766e-08,0.9999999947655046,True
kitti_train,1179,001178.png,4,4,4,False,4.414058007995436e-11,2.520000208505735e-08,0.9999999976238447,True
kitti_train,1180,001179.png,4,4,4,False,3.3984481895288354e-11,3.00000237984932e-08,0.9999999968477519,True
kitti_train,1182,001181.png,5,5,5,False,4.8593747081771e-11,4.410003384691663e-08,0.9999999961312069,True
kitti_train,1183,001182.png,5,5,5,False,4.1250003413040304e-11,2.5299925709987292e-08,0.9999999951653401,True
kitti_train,1184,001183.png,6,6,6,False,4.8906247107627365e-11,3.7599988900183234e-08,0.9999999972446602,True
kitti_train,1185,001184.png,7,7,7,False,4.8281250525361585e-11,3.200000264769187e-08,0.9999999924388469,True
kitti_train,1186,001185.png,5,5,5,False,4.8359427573529956e-11,4.61999434264726e-08,0.9999999961387136,True
kitti_train,1187,001186.png,1,1,1,False,3.335931531012193e-11,3.200000264769187e-08,0.9999999938706418,True
kitti_train,1188,001187.png,6,6,6,False,4.718749696541735e-11,3.780002089115442e-08,0.9999999950090847,True
kitti_train,1189,001188.png,3,3,3,False,4.320316326911211e-11,3.6299979910836555e-08,0.9999999885745139,True
kitti_train,1190,001189.png,1,1,1,False,4.312498969039069e-11,3.100001322309254e-08,0.9999999989548644,True
kitti_train,1191,001190.png,7,7,7,False,4.8125003981880354e-11,4.3899945012526587e-08,0.9999999948468992,True
kitti_train,1192,001191.png,1,1,1,False,4.0468767226187197e-11,2.5900021682900842e-08,0.999999998514238,True
kitti_train,1193,001192.png,4,4,4,False,4.765621230973238e-11,3.200000264769187e-08,0.999999995148567,True
kitti_train,1194,001193.png,8,8,8,False,4.8593740142877095e-11,3.6200049180479255e-08,0.9999999964206682,True
kitti_train,1196,001195.png,10,10,10,False,4.8750004033593086e-11,3.609994791986537e-08,0.9999999925851042,True
kitti_train,1197,001196.png,7,7,7,False,4.890625404652127e-11,4.46999592895736e-08,0.9999999953370486,True
kitti_train,1199,001198.png,7,7,7,False,4.94531082750882e-11,4.0400038869847776e-08,0.9999999965333849,True
kitti_train,1200,001199.png,11,11,11,False,4.906250405944945e-11,3.50000846083276e-08,0.9999999950741397,True
kitti_train,1201,001200.png,5,5,5,False,4.734379555060286e-11,3.200000264769187e-08,0.9999999928841993,True
kitti_train,1202,001201.png,7,7,7,False,4.687500387845489e-11,3.200000264769187e-08,0.9999999951328755,True
kitti_train,1203,001202.png,1,1,1,False,4.406253140132321e-11,3.199994580427301e-08,0.999999991711887,True
kitti_train,1204,001203.png,5,5,5,False,4.5468739884313436e-11,3.200005949111073e-08,0.999999994348673,True
kitti_train,1205,001204.png,8,8,8,False,4.828125399480854e-11,4.0200063722295454e-08,0.9999999952402577,True
kitti_train,1206,001205.png,1,1,1,False,2.03125294362394e-11,1.2999976206629071e-08,0.9999999991855112,True
kitti_train,1207,001206.png,8,8,8,False,3.945310744768449e-11,3.200005949111073e-08,0.9999999966762153,True
kitti_train,1209,001208.png,1,1,1,False,2.703126611436346e-11,2.4200005555030657e-08,0.9999999989067586,True
kitti_train,1210,001209.png,14,14,14,False,4.906250405944945e-11,4.200001058052294e-08,0.9999999873671044,True
kitti_train,1211,001210.png,1,1,1,False,3.335942633242439e-11,3.200005949111073e-08,0.9999999956617693,True
kitti_train,1212,001211.png,3,3,3,False,4.984374718519646e-11,3.490000111128211e-08,0.999999996585129,True
kitti_train,1213,001212.png,2,2,2,False,4.015624638364912e-11,3.200005949111073e-08,0.9999999973266769,True
kitti_train,1214,001213.png,2,2,2,False,4.8593754020664903e-11,3.200000264769187e-08,0.9999999884650494,True
kitti_train,1215,001214.png,4,4,4,False,4.8437476252161105e-11,3.200000264769187e-08,0.9999999971917093,True
kitti_train,1216,001215.png,1,1,1,False,3.335942633242439e-11,3.200000264769187e-08,0.9999999992084615,True
kitti_train,1218,001217.png,5,5,5,False,4.7031253891383074e-11,3.200000264769187e-08,0.999999995230566,True
kitti_train,1219,001218.png,3,3,3,False,4.1875003464753036e-11,3.199994580427301e-08,0.9999999962971169,True
kitti_train,1220,001219.png,2,2,2,False,3.328125275370297e-11,2.1299999986013063e-08,0.9999999963926113,True
kitti_train,1221,001220.png,11,11,11,False,4.968747635558657e-11,3.8899997889529914e-08,0.9999999936967654,True
kitti_train,1222,001221.png,11,11,11,False,4.843750400773672e-11,3.200005949111073e-08,0.9999999935173721,True
kitti_train,1223,001222.png,10,10,10,False,4.8750004033593086e-11,4.480000370676862e-08,0.9999999929352129,True
kitti_train,1224,001223.png,13,13,13,False,4.8437531763312336e-11,4.330001956986962e-08,0.9999999922950926,True
kitti_train,1225,001224.png,9,9,9,False,4.5234371803815066e-11,3.200000264769187e-08,0.9999999958116587,True
kitti_train,1226,001225.png,6,6,6,False,4.890625404652127e-11,4.159998923114472e-08,0.999999997078664,True
kitti_train,1227,001226.png,6,6,6,False,4.96875318667378e-11,4.349993787400308e-08,0.9999999906624271,True
kitti_train,1228,001227.png,15,15,15,False,4.828125399480854e-11,3.200000264769187e-08,0.9999999926552572,True
kitti_train,1232,001231.png,2,2,2,False,4.06250588724788e-11,3.199994580427301e-08,0.9999999928212463,True
kitti_train,1233,001232.png,8,8,8,False,4.4765635642818324e-11,3.200000264769187e-08,0.9999999947298885,True
kitti_train,1234,001233.png,1,1,1,False,4.375000361989123e-11,2.3399998383411003e-08,0.9999999981917665,True
kitti_train,1236,001235.png,1,1,1,False,3.335931531012193e-11,3.200000264769187e-08,0.9999999953190982,True
kitti_train,1237,001236.png,2,2,2,False,3.8281246228510923e-11,3.200000264769187e-08,0.9999999955621427,True
kitti_train,1238,001237.png,10,10,10,False,4.843750400773672e-11,3.2900032920224476e-08,0.9999999954618506,True
kitti_train,1241,001240.png,6,6,6,False,4.562497601945381e-11,3.269997250754386e-08,0.9999999967921284,True
kitti_train,1242,001241.png,6,6,6,False,4.703115674686842e-11,3.200000264769187e-08,0.9999999966024404,True
kitti_train,1243,001242.png,2,2,2,False,4.367184391895762e-11,3.519997449075163e-08,0.999999996072968,True
kitti_train,1244,001243.png,6,6,6,False,4.367189943010885e-11,3.590000119402248e-08,0.9999999936456131,True
kitti_train,1245,001244.png,11,11,11,False,4.9999997198124646e-11,3.880006715917261e-08,0.9999999934751733,True
kitti_train,1246,001245.png,4,4,4,False,4.6093753813813976e-11,3.5999974556943926e-08,0.9999999946282104,True
kitti_train,1247,001246.png,10,10,10,False,4.9062476303873837e-11,3.200000264769187e-08,0.9999999963457958,True
kitti_train,1248,001247.png,6,6,6,False,4.40625036457476e-11,3.2900004498515045e-08,0.9999999934905597,True
kitti_train,1249,001248.png,12,12,12,False,4.968742084443534e-11,4.0299994452652754e-08,0.9999999952896231,True
kitti_train,1250,001249.png,1,1,1,False,4.593750380088579e-11,2.939999887985323e-08,0.9999999981050395,True
kitti_train,1251,001250.png,2,2,2,False,3.7656253115692095e-11,3.199994580427301e-08,0.9999999957950413,True
kitti_train,1252,001251.png,2,2,2,False,4.4921844022383084e-11,4.020000687887659e-08,0.9999999905486865,True
kitti_train,1254,001253.png,4,4,4,False,4.17187499823779e-11,3.200000264769187e-08,0.9999999937751072,True
kitti_train,1256,001255.png,4,4,4,False,4.367184391895762e-11,3.199994580427301e-08,0.9999999937521569,True
kitti_train,1257,001256.png,1,1,1,False,4.312494805702727e-11,3.8899997889529914e-08,0.9999999972703043,True
kitti_train,1258,001257.png,3,3,3,False,3.335937082127316e-11,3.200000264769187e-08,0.9999999937867204,True
kitti_train,1259,001258.png,1,1,1,False,4.218750002116245e-11,3.8999985463306075e-08,0.9999999927418013,True
kitti_train,1260,001259.png,2,2,2,False,4.328124664221278e-11,3.200000264769187e-08,0.999999991760661,True
kitti_train,1261,001260.png,2,2,2,False,3.5624947436474486e-11,2.8999920687056147e-08,0.999999998838027,True
kitti_train,1262,001261.png,5,5,5,False,4.710937195895326e-11,3.200000264769187e-08,0.9999999943819599,True
kitti_train,1264,001263.png,4,4,4,False,4.984374718519646e-11,3.1899999086704156e-08,0.9999999908205607,True
kitti_train,1265,001264.png,4,4,4,False,4.640625037022339e-11,3.200000264769187e-08,0.9999999911359531,True
kitti_train,1266,001265.png,2,2,2,False,4.9218754072377635e-11,3.150000082996485e-08,0.9999999974382483,True
kitti_train,1267,001266.png,3,3,3,False,4.31250035681785e-11,3.2900004498515045e-08,0.999999994758007,True
kitti_train,1268,001267.png,7,7,7,False,4.703125042193612e-11,3.0100011372269364e-08,0.9999999929221527,True
kitti_train,1269,001268.png,6,6,6,False,4.906249712055555e-11,3.200005949111073e-08,0.9999999892331468,True
kitti_train,1270,001269.png,2,2,2,False,4.7187503904311257e-11,3.0199998946045525e-08,0.9999999964668032,True
kitti_train,1273,001272.png,1,1,1,False,1.625000134453103e-11,1.4699992334499257e-08,0.9999999996442313,True
kitti_train,1274,001273.png,3,3,3,False,4.5156212102881454e-11,4.259999286659877e-08,0.9999999965835824,True
kitti_train,1275,001274.png,9,9,9,False,4.9375000615858866e-11,3.4299944218219025e-08,0.9999999944429766,True
kitti_train,1276,001275.png,4,4,4,False,4.773437201066599e-11,3.200000264769187e-08,0.9999999933172516,True
kitti_train,1277,001276.png,6,6,6,False,4.8046899792097975e-11,4.06000140174001e-08,0.9999999951136388,True
kitti_train,1278,001277.png,8,8,8,False,4.2499996577571864e-11,3.65999994755839e-08,0.9999999964498765,True
kitti_train,1279,001278.png,5,5,5,False,4.9687504111162184e-11,4.209994131088024e-08,0.999999993693209,True
kitti_train,1280,001279.png,1,1,1,False,1.1796896792759526e-11,8.600011369708227e-09,0.9999999993825194,True
kitti_train,1281,001280.png,8,8,8,False,4.8124990104092547e-11,3.200000264769187e-08,0.9999999959738225,True
kitti_train,1282,001281.png,5,5,5,False,4.0937531142759553e-11,3.200000264769187e-08,0.9999999935884206,True
kitti_train,1283,001282.png,1,1,1,False,4.937500408530582e-11,3.199994580427301e-08,0.9999999968968919,True
kitti_train,1284,001283.png,3,3,3,False,4.039052425852674e-11,3.749997290469764e-08,0.9999999963120714,True
kitti_train,1286,001285.png,2,2,2,False,4.1953107654535415e-11,2.1299996433299384e-08,0.9999999971702696,True
kitti_train,1288,001287.png,12,12,12,False,4.937500408530582e-11,4.290001243134611e-08,0.9999999942396934,True
kitti_train,1290,001289.png,4,4,4,False,4.992184443608494e-11,4.3099987578898435e-08,0.9999999959660946,True
kitti_train,1292,001291.png,3,3,3,False,4.2500000047018816e-11,2.9299997095222352e-08,0.9999999949161867,True
kitti_train,1294,001293.png,10,10,10,False,4.718747614873564e-11,3.859997832478257e-08,0.9999999948943555,True
kitti_train,1295,001294.png,8,8,8,False,4.531250374917306e-11,3.200000264769187e-08,0.9999999967890661,True
kitti_train,1296,001295.png,7,7,7,False,4.73436845283004e-11,3.370001877556206e-08,0.9999999928643304,True
kitti_train,1297,001296.png,4,4,4,False,4.7343746978345536e-11,3.9600024592800764e-08,0.9999999949824833,True
kitti_train,1298,001297.png,1,1,1,False,3.968758655048532e-11,2.1299999986013063e-08,0.9999999957597864,True
kitti_train,1299,001298.png,1,1,1,False,3.335931531012193e-11,2.1299999986013063e-08,0.9999999933310426,True
kitti_train,1301,001300.png,1,1,1,False,4.7656253943095805e-11,3.0500004299938155e-08,0.9999999986909187,True
kitti_train,1302,001301.png,12,12,12,False,4.8203219193965197e-11,3.9700012166576926e-08,0.999999990396338,True
kitti_train,1303,001302.png,2,2,2,False,4.8437497068842816e-11,3.099999901223782e-08,0.9999999969154558,True
kitti_train,1304,001303.png,3,3,3,False,4.687505938960612e-11,3.270000092925329e-08,0.9999999977189603,True
kitti_train,1305,001304.png,4,4,4,False,4.7656250473648853e-11,3.200000264769187e-08,0.9999999943725941,True
kitti_train,1306,001305.png,5,5,5,False,4.906249712055555e-11,3.199994580427301e-08,0.9999999953339774,True
kitti_train,1307,001306.png,10,10,10,False,4.9843750654643415e-11,3.2299965369020356e-08,0.9999999945110845,True
kitti_train,1308,001307.png,4,4,4,False,3.750000310276391e-11,2.909996510425117e-08,0.9999999955469997,True
kitti_train,1309,001308.png,4,4,4,False,4.703126776917088e-11,3.0100011372269364e-08,0.9999999968148231,True
kitti_train,1311,001310.png,3,3,3,False,4.429684397067035e-11,3.200005949111073e-08,0.9999999893738953,True
kitti_train,1312,001311.png,11,11,11,False,4.2343753503537584e-11,3.200005949111073e-08,0.999999994244009,True
kitti_train,1313,001312.png,2,2,2,False,4.4531250215085194e-11,3.200000264769187e-08,0.9999999904647292,True
kitti_train,1314,001313.png,2,2,2,False,4.8749893011290624e-11,4.21999288846564e-08,0.9999999977690367,True
kitti_train,1316,001315.png,1,1,1,False,4.953126797602181e-11,3.199994580427301e-08,0.9999999933199629,True
kitti_train,1317,001316.png,1,1,1,False,3.328126663149078e-11,2.1299968011589954e-08,0.9999999985772041,True
kitti_train,1318,001317.png,6,6,6,False,4.88281637345267e-11,3.469995135674253e-08,0.9999999944397325,True
kitti_train,1319,001318.png,4,4,4,False,3.9218753244973925e-11,3.45999922046758e-08,0.9999999931375343,True
kitti_train,1320,001319.png,6,6,6,False,4.57812399101698e-11,3.759999600561059e-08,0.9999999954810225,True
kitti_train,1321,001320.png,4,4,4,False,4.375000361989123e-11,3.200000264769187e-08,0.9999999959694232,True
kitti_train,1322,001321.png,1,1,1,False,3.328125275370297e-11,2.3300003704207484e-08,0.9999999995094504,True
kitti_train,1323,001322.png,8,8,8,False,4.562500377502943e-11,3.989998731412925e-08,0.9999999910648625,True
kitti_train,1325,001324.png,2,2,2,False,4.2343739625749777e-11,2.620000216779772e-08,0.9999999952086663,True
kitti_train,1328,001327.png,2,2,2,False,3.335931531012193e-11,2.1300024855008814e-08,0.9999999960300694,True
kitti_train,1329,001328.png,4,4,4,False,4.8671844332659475e-11,3.200000264769187e-08,0.9999999967713062,True
kitti_train,1330,001329.png,1,1,1,False,3.328124928425602e-11,2.1299999986013063e-08,0.9999999977767772,True
kitti_train,1331,001330.png,7,7,7,False,4.859375055121795e-11,4.139997145102825e-08,0.9999999954451916,True
kitti_train,1332,001331.png,3,3,3,False,3.9374996319008204e-11,3.199999909497819e-08,0.9999999955221831,True
kitti_train,1333,001332.png,5,5,5,False,4.515625373624488e-11,2.9700004233745858e-08,0.9999999951431555,True
kitti_train,1334,001333.png,7,7,7,False,4.359375360696305e-11,3.1099986586013983e-08,0.9999999973332738,True
kitti_train,1335,001334.png,4,4,4,False,3.828125143268135e-11,3.200000264769187e-08,0.9999999964870394,True
kitti_train,1336,001335.png,2,2,2,False,3.335942633242439e-11,2.1299999986013063e-08,0.9999999970551647,True
kitti_train,1338,001337.png,6,6,6,False,4.984374718519646e-11,3.200000264769187e-08,0.9999999967294921,True
kitti_train,1339,001338.png,1,1,1,False,3.39062458665218e-11,2.7300018246023683e-08,0.999999998501566,True
kitti_train,1340,001339.png,2,2,2,False,4.304689937839612e-11,3.200000264769187e-08,0.9999999961878284,True
kitti_train,1341,001340.png,3,3,3,False,4.421875018922883e-11,3.200000264769187e-08,0.9999999953295438,True
kitti_train,1342,001341.png,1,1,1,False,3.328125275370297e-11,2.5400083814020036e-08,0.9999999980076409,True
kitti_train,1344,001343.png,2,2,2,False,3.335942633242439e-11,3.200005949111073e-08,0.9999999927590741,True
kitti_train,1345,001344.png,4,4,4,False,4.921874713348373e-11,4.600000025334339e-08,0.9999999949727899,True
kitti_train,1347,001346.png,5,5,5,False,3.335942633242439e-11,3.200005949111073e-08,0.9999999905631233,True
kitti_train,1349,001348.png,1,1,1,False,4.046873947061158e-11,2.5899993261191412e-08,0.9999999987245403,True
kitti_train,1350,001349.png,13,13,13,False,4.8906212413157846e-11,4.479997528505919e-08,0.9999999902641538,True
kitti_train,1351,001350.png,2,2,2,False,4.2343739625749777e-11,3.859997832478257e-08,0.999999989321092,True
kitti_train,1352,001351.png,6,6,6,False,4.765621230973238e-11,3.979999974035309e-08,0.9999999821542986,True
kitti_train,1353,001352.png,3,3,3,False,4.718747614873564e-11,3.019998473519081e-08,0.9999999956582443,True
kitti_train,1354,001353.png,1,1,1,False,3.328132214264201e-11,2.1300024855008814e-08,0.9999999932171388,True
kitti_train,1355,001354.png,6,6,6,False,4.992184443608494e-11,3.869999432026816e-08,0.9999999947090134,True
kitti_train,1356,001355.png,13,13,13,False,4.984375412409037e-11,3.719998176165973e-08,0.9999999956282959,True
kitti_train,1358,001357.png,8,8,8,False,4.726563584966925e-11,3.720003860507859e-08,0.9999999901946249,True
kitti_train,1359,001358.png,6,6,6,False,4.578126766574542e-11,3.240000978621538e-08,0.9999999944539593,True
kitti_train,1360,001359.png,2,2,2,False,3.703126694176717e-11,2.370001084273099e-08,0.9999999977894606,True
kitti_train,1361,001360.png,7,7,7,False,4.593750380088579e-11,3.200000264769187e-08,0.9999999943807893,True
kitti_train,1363,001362.png,1,1,1,False,3.335931531012193e-11,2.2599977000936633e-08,0.9999999956135217,True
kitti_train,1364,001363.png,5,5,5,False,4.7812531711599604e-11,4.049996960020508e-08,0.9999999957793594,True
kitti_train,1365,001364.png,1,1,1,False,4.8906212413157846e-11,3.859997832478257e-08,0.9999999938725005,True
kitti_train,1366,001365.png,4,4,4,False,4.890626792430908e-11,3.8600006746492e-08,0.9999999988907269,True
kitti_train,1367,001366.png,13,13,13,False,4.601569125739502e-11,3.680000304484565e-08,0.9999999953999655,True
kitti_train,1368,001367.png,9,9,9,False,4.67187399877389e-11,4.330001956986962e-08,0.9999999958895154,True
kitti_train,1369,001368.png,15,15,15,False,4.914063600480745e-11,3.680003146655508e-08,0.9999999921153606,True
kitti_train,1370,001369.png,6,6,6,False,4.898436517519755e-11,3.200000264769187e-08,0.9999999953719122,True
kitti_train,1371,001370.png,15,15,15,False,4.734374003945163e-11,3.200005949111073e-08,0.9999999921598064,True
kitti_train,1372,001371.png,7,7,7,False,4.749994841901639e-11,4.010001930510043e-08,0.9999999893800067,True
kitti_train,1373,001372.png,5,5,5,False,4.5390635694531056e-11,3.379994950591936e-08,0.9999999942672689,True
kitti_train,1374,001373.png,4,4,4,False,4.718747614873564e-11,3.979999974035309e-08,0.9999999928965816,True
kitti_train,1377,001376.png,6,6,6,False,4.867173331035701e-11,4.079993232153356e-08,0.9999999953395721,True
kitti_train,1378,001377.png,4,4,4,False,4.6874996939560987e-11,3.200005949111073e-08,0.9999999961141675,True
kitti_train,1381,001380.png,7,7,7,False,4.953126797602181e-11,3.810009729932062e-08,0.999999992491062,True
kitti_train,1382,001381.png,1,1,1,False,4.1484427004689906e-11,3.6900019040331244e-08,0.9999999983823692,True
kitti_train,1383,001382.png,2,2,2,False,4.9687504111162184e-11,3.1800013289284834e-08,0.9999999984985294,True
kitti_train,1384,001383.png,12,12,12,False,4.94531082750882e-11,4.489999128054478e-08,0.9999999923557017,True
kitti_train,1385,001384.png,2,2,2,False,3.460937786359253e-11,3.1999995542264514e-08,0.9999999992656255,True
kitti_train,1386,001385.png,1,1,1,False,3.914069068855497e-11,3.540003490343224e-08,0.999999993508361,True
kitti_train,1387,001386.png,2,2,2,False,3.7968850286063116e-11,3.00000237984932e-08,0.999999998702948,True
kitti_train,1388,001387.png,3,3,3,False,3.335942633242439e-11,2.4299993128806818e-08,0.9999999936302147,True
kitti_train,1389,001388.png,7,7,7,False,4.812494847072912e-11,4.3000113691959996e-08,0.9999999956752004,True
kitti_train,1390,001389.png,7,7,7,False,4.359373972917524e-11,3.200000264769187e-08,0.9999999972367025,True
kitti_train,1393,001392.png,4,4,4,False,4.328125358110668e-11,3.25999849337677e-08,0.9999999970777396,True
kitti_train,1394,001393.png,6,6,6,False,4.5156246797350974e-11,3.270002935096272e-08,0.9999999966946346,True
kitti_train,1395,001394.png,1,1,1,False,2.7031238358787846e-11,2.4200005555030657e-08,0.9999999993250019,True
kitti_train,1396,001395.png,1,1,1,False,4.937500408530582e-11,3.309997964606737e-08,0.9999999956794852,True
kitti_train,1397,001396.png,7,7,7,False,4.8750000564146134e-11,3.200000264769187e-08,0.9999999893122697,True
kitti_train,1398,001397.png,1,1,1,False,5.000000413701855e-11,3.04999971945108e-08,0.9999999985226317,True
kitti_train,1399,001398.png,6,6,6,False,4.2031250008234267e-11,3.20000310694013e-08,0.9999999937370526,True
kitti_train,1400,001399.png,1,1,1,False,4.3124996629284595e-11,2.759999873092056e-08,0.9999999938867628,True
kitti_train,1401,001400.png,1,1,1,False,3.328115560918832e-11,2.1299911168171093e-08,0.9999999972773841,True
kitti_train,1402,001401.png,1,1,1,False,3.328124928425602e-11,2.1299999986013063e-08,0.9999999948933974,True
kitti_train,1403,001402.png,2,2,2,False,4.796875396895217e-11,3.070000076377255e-08,0.9999999909847318,True
kitti_train,1405,001404.png,16,16,16,False,4.8984372114091457e-11,3.930006187147228e-08,0.9999999843840732,True
kitti_train,1406,001405.png,3,3,3,False,3.335942633242439e-11,2.1299996433299384e-08,0.9999999962579529,True
kitti_train,1407,001406.png,1,1,1,False,4.437494816045273e-11,2.7599995178206882e-08,0.9999999986669051,True
kitti_train,1408,001407.png,14,14,14,False,4.671875386552671e-11,4.089997673872858e-08,0.9999999921584655,True
kitti_train,1409,001408.png,1,1,1,False,4.2343739625749777e-11,3.880001031575375e-08,0.999999993982536,True
kitti_train,1410,001409.png,4,4,4,False,4.734375044779249e-11,3.0899968805897515e-08,0.9999999939438646,True
kitti_train,1411,001410.png,12,12,12,False,4.8125003981880354e-11,4.5799993131367955e-08,0.9999999964769843,True
kitti_train,1413,001412.png,13,13,13,False,4.9375000615858866e-11,4.149995902480441e-08,0.9999999922241961,True
kitti_train,1415,001414.png,5,5,5,False,4.445310786138634e-11,3.4100082757504424e-08,0.999999994618166,True
kitti_train,1416,001415.png,6,6,6,False,4.8046844280946743e-11,3.8299958760035224e-08,0.9999999950058476,True
kitti_train,1417,001416.png,5,5,5,False,4.906249712055555e-11,3.200000264769187e-08,0.9999999950542051,True
kitti_train,1418,001417.png,10,10,10,False,4.937500408530582e-11,3.570005446817959e-08,0.9999999973327689,True
kitti_train,1419,001418.png,3,3,3,False,4.5624948263878196e-11,3.200000264769187e-08,0.9999999927048275,True
kitti_train,1420,001419.png,9,9,9,False,4.7656253943095805e-11,3.660005631900276e-08,0.9999999934472165,True
kitti_train,1421,001420.png,2,2,2,False,3.335937082127316e-11,3.200000264769187e-08,0.9999999931991859,True
kitti_train,1422,001421.png,1,1,1,False,3.250000268906206e-11,2.0800001720999717e-08,0.9999999988107137,True
kitti_train,1424,001423.png,1,1,1,False,4.054678814924273e-11,3.459996378296637e-08,0.9999999988742851,True
kitti_train,1425,001424.png,7,7,7,False,4.890624016873346e-11,4.4499991247448634e-08,0.9999999887971233,True
kitti_train,1426,001425.png,5,5,5,False,4.9140580493656216e-11,3.199994580427301e-08,0.9999999957628254,True
kitti_train,1427,001426.png,17,17,17,False,4.812499704298645e-11,3.339994236739585e-08,0.9999999920575746,True
kitti_train,1428,001427.png,1,1,1,False,4.03124963965773e-11,2.5799998581987893e-08,0.999999996801948,True
kitti_train,1429,001428.png,8,8,8,False,4.9687504111162184e-11,3.95000370190246e-08,0.9999999852882272,True
kitti_train,1430,001429.png,11,11,11,False,4.960942767695542e-11,4.609998427440587e-08,0.9999999959984799,True
kitti_train,1431,001430.png,2,2,2,False,3.4531252857128436e-11,2.210000005220536e-08,0.9999999963013503,True
kitti_train,1432,001431.png,1,1,1,False,3.5156211275477744e-11,3.0299986519821687e-08,0.9999999991191766,True
kitti_train,1433,001432.png,1,1,1,False,4.273437159696414e-11,4.049996960020508e-08,0.9999999969057466,True
kitti_train,1434,001433.png,6,6,6,False,4.906250405944945e-11,3.5600010050984565e-08,0.9999999918120228,True
kitti_train,1435,001434.png,4,4,4,False,4.953121246487058e-11,3.2899976076805615e-08,0.9999999983670378,True
kitti_train,1439,001438.png,8,8,8,False,4.2343739625749777e-11,3.410002591408556e-08,0.9999999948554809,True
kitti_train,1440,001439.png,3,3,3,False,4.58593718555278e-11,3.799999603870674e-08,0.9999999906002455,True
kitti_train,1441,001440.png,1,1,1,False,3.335931531012193e-11,2.1299999986013063e-08,0.9999999971593679,True
kitti_train,1443,001442.png,5,5,5,False,4.95312471593401e-11,3.200005949111073e-08,0.999999991171582,True
kitti_train,1444,001443.png,5,5,5,False,4.5156250266797926e-11,4.180003543297062e-08,0.9999999965925536,True
kitti_train,1445,001444.png,1,1,1,False,2.4374946505645312e-11,2.2499989427160472e-08,0.9999999989149524,True
kitti_train,1446,001445.png,5,5,5,False,4.890632343546031e-11,3.200000264769187e-08,0.9999999927087517,True
kitti_train,1448,001447.png,5,5,5,False,4.515623985845707e-11,3.200000264769187e-08,0.9999999936220216,True
kitti_train,1449,001448.png,4,4,4,False,4.8125059493031586e-11,3.920001745427726e-08,0.9999999897019355,True
kitti_train,1450,001449.png,1,1,1,False,4.968749717226828e-11,4.1000021155923605e-08,0.999999997857928,True
kitti_train,1451,001450.png,2,2,2,False,4.46093162409511e-11,3.199994580427301e-08,0.9999999915816525,True
kitti_train,1453,001452.png,6,6,6,False,4.640632322860938e-11,3.200000264769187e-08,0.9999999942328711,True
kitti_train,1454,001453.png,4,4,4,False,4.984374024630256e-11,3.199994580427301e-08,0.9999999935746545,True
kitti_train,1456,001455.png,4,4,4,False,4.593750033143884e-11,3.639999590632215e-08,0.99999999381161,True
kitti_train,1457,001456.png,4,4,4,False,4.8750004033593086e-11,3.200000264769187e-08,0.999999996606615,True
kitti_train,1459,001458.png,9,9,9,False,4.88281637345267e-11,3.640002432803158e-08,0.9999999954636559,True
kitti_train,1461,001460.png,5,5,5,False,4.562500377502943e-11,3.2799988503029454e-08,0.9999999967905111,True
kitti_train,1462,001461.png,5,5,5,False,4.796874703005827e-11,4.259999286659877e-08,0.9999999939899388,True
kitti_train,1463,001462.png,3,3,3,False,4.578125378795761e-11,3.200005949111073e-08,0.9999999953091071,True
kitti_train,1465,001464.png,21,21,21,False,4.890625404652127e-11,4.280002485756995e-08,0.9999999941526219,True
kitti_train,1466,001465.png,6,6,6,False,4.890626792430908e-11,4.390005869936431e-08,0.9999999961537686,True
kitti_train,1467,001466.png,5,5,5,False,4.9062420792722605e-11,3.6300036754255416e-08,0.9999999932555396,True
kitti_train,1468,001467.png,6,6,6,False,4.8437497068842816e-11,4.390000185594545e-08,0.9999999976524796,True
kitti_train,1469,001468.png,18,18,18,False,4.8750000564146134e-11,4.0099990883391e-08,0.9999999885192218,True
kitti_train,1470,001469.png,8,8,8,False,4.953126797602181e-11,4.089997673872858e-08,0.9999999940367759,True
kitti_train,1471,001470.png,4,4,4,False,3.937500325790211e-11,3.200005949111073e-08,0.9999999953365475,True
kitti_train,1472,001471.png,2,2,2,False,4.718747614873564e-11,2.4400002018865052e-08,0.9999999961288676,True
kitti_train,1473,001472.png,5,5,5,False,4.968749717226828e-11,3.179999730207328e-08,0.9999999900924195,True
kitti_train,1474,001473.png,2,2,2,False,3.8749999736742424e-11,3.200000264769187e-08,0.9999999956835007,True
kitti_train,1475,001474.png,5,5,5,False,4.695310806823727e-11,3.989998731412925e-08,0.999999995696467,True
kitti_train,1476,001475.png,12,12,12,False,4.984374024630256e-11,4.189996616332792e-08,0.9999999962908049,True
kitti_train,1477,001476.png,10,10,10,False,4.703126776917088e-11,4.1100008729699766e-08,0.9999999941544426,True
kitti_train,1478,001477.png,1,1,1,False,4.6015524723941326e-11,2.3399934434564784e-08,0.9999999980912586,True
kitti_train,1479,001478.png,2,2,2,False,4.984368473515133e-11,4.1699991015775595e-08,0.9999999963363027,True
kitti_train,1480,001479.png,3,3,3,False,4.921875060293068e-11,3.200000264769187e-08,0.9999999930267701,True
kitti_train,1481,001480.png,3,3,3,False,4.984379575745379e-11,3.330001163703855e-08,0.9999999931105503,True
kitti_train,1483,001482.png,2,2,2,False,3.328126663149078e-11,2.1299968011589954e-08,0.9999999979067223,True
kitti_train,1484,001483.png,7,7,7,False,4.390624669392551e-11,3.199994580427301e-08,0.999999994465255,True
kitti_train,1485,001484.png,3,3,3,False,4.7890635901381984e-11,3.200000264769187e-08,0.9999999934236624,True
kitti_train,1486,001485.png,4,4,4,False,4.968747635558657e-11,4.5899923861725256e-08,0.9999999919646146,True
kitti_train,1488,001487.png,3,3,3,False,4.8437497068842816e-11,3.099999901223782e-08,0.9999999946755912,True
kitti_train,1489,001488.png,2,2,2,False,2.343747418365183e-11,1.8799937606672756e-08,0.9999999974638799,True
kitti_train,1490,001489.png,2,2,2,False,4.109368401117308e-11,3.200000264769187e-08,0.9999999929453784,True
kitti_train,1491,001490.png,6,6,6,False,4.7890691412533215e-11,3.9599967749381904e-08,0.999999993725706,True
kitti_train,1492,001491.png,6,6,6,False,4.023448241241567e-11,3.200000264769187e-08,0.999999994994635,True
kitti_train,1493,001492.png,2,2,2,False,4.46093162409511e-11,3.199994580427301e-08,0.999999996025847,True
kitti_train,1494,001493.png,6,6,6,False,4.992188606944836e-11,3.200000264769187e-08,0.9999999954475672,True
kitti_train,1495,001494.png,11,11,11,False,4.976563605652018e-11,3.200000264769187e-08,0.9999999967125811,True
kitti_train,1499,001498.png,5,5,5,False,4.210942705640264e-11,3.65000687452266e-08,0.9999999953627395,True
kitti_train,1500,001499.png,4,4,4,False,4.968747635558657e-11,3.200000264769187e-08,0.999999994639717,True
kitti_train,1502,001501.png,2,2,2,False,3.4765634815414614e-11,3.200000264769187e-08,0.9999999945471323,True
kitti_train,1504,001503.png,2,2,2,False,4.914069151595868e-11,2.6699979116528993e-08,0.9999999945744383,True
kitti_train,1505,001504.png,5,5,5,False,4.2968750085803364e-11,3.380000634933822e-08,0.9999999936957858,True
kitti_train,1506,001505.png,9,9,9,False,4.6562503852598525e-11,3.200000264769187e-08,0.9999999966321674,True
kitti_train,1507,001506.png,8,8,8,False,4.671875386552671e-11,4.480000370676862e-08,0.9999999959641651,True
kitti_train,1508,001507.png,4,4,4,False,4.406253140132321e-11,3.200000264769187e-08,0.999999993999946,True
kitti_train,1510,001509.png,1,1,1,False,1.8984369631880327e-11,1.2100002777515328e-08,0.9999999990721918,True
kitti_train,1511,001510.png,6,6,6,False,4.046873947061158e-11,3.790000846493058e-08,0.9999999925412363,True
kitti_train,1513,001512.png,12,12,12,False,4.984374024630256e-11,4.35999822911981e-08,0.9999999962620548,True
kitti_train,1514,001513.png,8,8,8,False,4.9452997252785735e-11,3.8900026311239344e-08,0.9999999976204049,True
kitti_train,1515,001514.png,11,11,11,False,4.804687203652236e-11,3.709999418788357e-08,0.9999999949656915,True
kitti_train,1516,001515.png,5,5,5,False,4.054689917154519e-11,3.200000264769187e-08,0.9999999915658334,True
kitti_train,1518,001517.png,4,4,4,False,4.062499989188062e-11,3.200000264769187e-08,0.9999999925669539,True
kitti_train,1519,001518.png,1,1,1,False,3.328125275370297e-11,2.1299999986013063e-08,0.9999999989851704,True
kitti_train,1520,001519.png,1,1,1,False,4.187505897590427e-11,3.1599995509168366e-08,0.9999999985222623,True
kitti_train,1521,001520.png,5,5,5,False,4.914063600480745e-11,4.709998790985992e-08,0.9999999950967905,True
kitti_train,1522,001521.png,3,3,3,False,4.6406239961882534e-11,3.199998843683716e-08,0.999999995486052,True
kitti_train,1525,001524.png,2,2,2,False,4.515623985845707e-11,2.8899997062126204e-08,0.9999999967872566,True
kitti_train,1526,001525.png,4,4,4,False,4.812497622630474e-11,3.329989795020083e-08,0.9999999981750682,True
kitti_train,1529,001528.png,5,5,5,False,4.0781253374255755e-11,3.7000006614107406e-08,0.9999999923045482,True
kitti_train,1530,001529.png,11,11,11,False,4.8593754020664903e-11,3.790006530834944e-08,0.9999999904752792,True
kitti_train,1531,001530.png,9,9,9,False,4.468736491958225e-11,3.200000264769187e-08,0.9999999932048318,True
kitti_train,1532,001531.png,4,4,4,False,4.531250374917306e-11,2.9000005952184438e-08,0.9999999961580402,True
kitti_train,1533,001532.png,2,2,2,False,4.890625057707432e-11,3.130000081341677e-08,0.9999999941448101,True
kitti_train,1534,001533.png,10,10,10,False,4.7421955251536474e-11,3.200000264769187e-08,0.9999999939662598,True
kitti_train,1535,001534.png,3,3,3,False,4.929689989552344e-11,3.790000846493058e-08,0.9999999920240927,True
kitti_train,1536,001535.png,9,9,9,False,4.7187587171038103e-11,4.470001613299246e-08,0.9999999963137363,True
kitti_train,1537,001536.png,4,4,4,False,4.374994810874e-11,4.020000687887659e-08,0.9999999933064623,True
kitti_train,1538,001537.png,4,4,4,False,3.749999616387001e-11,3.199999909497819e-08,0.9999999921640388,True
kitti_train,1540,001539.png,6,6,6,False,4.734375391723944e-11,3.989998731412925e-08,0.9999999970082357,True
kitti_train,1541,001540.png,2,2,2,False,4.773436507177209e-11,3.200000264769187e-08,0.9999999987564016,True
kitti_train,1542,001541.png,5,5,5,False,4.859375055121795e-11,4.489999128054478e-08,0.999999995436216,True
kitti_train,1543,001542.png,4,4,4,False,4.750000393016762e-11,4.2499976871113176e-08,0.9999999920395894,True
kitti_train,1545,001544.png,1,1,1,False,2.2812501887514713e-11,1.4600001208009417e-08,0.999999999234073,True
kitti_train,1546,001545.png,8,8,8,False,4.742184422923401e-11,4.35999822911981e-08,0.999999993682008,True
kitti_train,1548,001547.png,1,1,1,False,4.046873947061158e-11,3.0999956379673677e-08,0.999999998581929,True
kitti_train,1549,001548.png,1,1,1,False,4.7031253891383074e-11,4.21999288846564e-08,0.9999999981396599,True
kitti_train,1550,001549.png,4,4,4,False,4.000000330961484e-11,2.7500050236994866e-08,0.9999999972021515,True
kitti_train,1551,001550.png,8,8,8,False,4.8671844332659475e-11,3.2999992072291207e-08,0.9999999917514321,True
kitti_train,1552,001551.png,5,5,5,False,4.2812503542322133e-11,3.200000264769187e-08,0.9999999968612415,True
kitti_train,1555,001554.png,1,1,1,False,4.843758727446357e-11,3.25000542034104e-08,0.999999992816841,True
kitti_train,1556,001555.png,4,4,4,False,4.8359316551227494e-11,4.409997700349777e-08,0.9999999972480419,True
kitti_train,1557,001556.png,3,3,3,False,3.335937082127316e-11,3.200000264769187e-08,0.9999999948956646,True
kitti_train,1558,001557.png,8,8,8,False,4.95312471593401e-11,3.200000264769187e-08,0.9999999961957335,True
kitti_train,1559,001558.png,3,3,3,False,4.906250405944945e-11,3.140000259804765e-08,0.9999999975074925,True
kitti_train,1560,001559.png,6,6,6,False,4.8593740142877095e-11,3.200005949111073e-08,0.9999999955758487,True
kitti_train,1562,001561.png,2,2,2,False,4.1874999995306084e-11,3.200000264769187e-08,0.9999999951421006,True
kitti_train,1563,001562.png,5,5,5,False,4.90625005900025e-11,4.390000185594545e-08,0.9999999936898112,True
kitti_train,1565,001564.png,13,13,13,False,4.9999976381442934e-11,4.620000026989146e-08,0.9999999928337767,True
kitti_train,1566,001565.png,7,7,7,False,4.960937216580419e-11,4.489999128054478e-08,0.9999999942155408,True
kitti_train,1567,001566.png,3,3,3,False,4.742184422923401e-11,4.1099951886280905e-08,0.9999999944288942,True
kitti_train,1569,001568.png,2,2,2,False,4.515623985845707e-11,3.1999995542264514e-08,0.9999999989305031,True
kitti_train,1571,001570.png,6,6,6,False,4.8593754020664903e-11,3.490000111128211e-08,0.999999991779,True
kitti_train,1572,001571.png,1,1,1,False,4.859376789845271e-11,3.1100015007723414e-08,0.9999999977586299,True
kitti_train,1574,001573.png,8,8,8,False,4.5468739884313436e-11,3.8999928619887214e-08,0.999999995284955,True
kitti_train,1575,001574.png,1,1,1,False,4.328126745889449e-11,3.370007561898092e-08,0.9999999990294857,True
kitti_train,1577,001576.png,9,9,9,False,5.00000006675716e-11,4.290001243134611e-08,0.99999999502266,True
kitti_train,1579,001578.png,4,4,4,False,4.968750064171523e-11,3.179999907843012e-08,0.9999999947107083,True
kitti_train,1580,001579.png,3,3,3,False,4.968749717226828e-11,3.200000264769187e-08,0.9999999978386439,True
kitti_train,1582,001581.png,1,1,1,False,4.1250003413040304e-11,3.1999995542264514e-08,0.9999999986382698,True
kitti_train,1583,001582.png,6,6,6,False,4.9687504111162184e-11,4.35999822911981e-08,0.9999999960623439,True
kitti_train,1584,001583.png,15,15,15,False,4.921874019458983e-11,3.970000150843589e-08,0.9999999951647549,True
kitti_train,1585,001584.png,4,4,4,False,4.21874965517155e-11,2.6999998681276338e-08,0.9999999979058316,True
kitti_train,1586,001585.png,6,6,6,False,3.726563502226554e-11,3.200000264769187e-08,0.9999999950217205,True
kitti_train,1587,001586.png,4,4,4,False,3.9843749827239705e-11,3.249999735999154e-08,0.9999999950555488,True
kitti_train,1589,001588.png,4,4,4,False,4.328124664221278e-11,3.8300015603454085e-08,0.9999999946530463,True
kitti_train,1590,001589.png,6,6,6,False,4.593750380088579e-11,3.980005658377195e-08,0.9999999943842662,True
kitti_train,1591,001590.png,6,6,6,False,4.906253181502507e-11,4.1600003441999434e-08,0.9999999956186237,True
kitti_train,1593,001592.png,11,11,11,False,4.9375000615858866e-11,3.80999836124829e-08,0.9999999893197699,True
kitti_train,1594,001593.png,7,7,7,False,4.796874703005827e-11,3.200000264769187e-08,0.9999999969480832,True
kitti_train,1597,001596.png,14,14,14,False,4.9374997146411914e-11,4.219998572807526e-08,0.999999992241552,True
kitti_train,1598,001597.png,5,5,5,False,4.9687504111162184e-11,3.18000026311438e-08,0.999999993068648,True
kitti_train,1600,001599.png,1,1,1,False,3.335931531012193e-11,2.1299999986013063e-08,0.9999999960288142,True
kitti_train,1602,001601.png,2,2,2,False,4.093750338718394e-11,3.880001031575375e-08,0.9999999930051392,True
kitti_train,1603,001602.png,8,8,8,False,4.937500408530582e-11,3.209999022146803e-08,0.9999999946132629,True
kitti_train,1604,001603.png,11,11,11,False,4.781250395602399e-11,4.4300065837887814e-08,0.9999999941710521,True
kitti_train,1605,001604.png,6,6,6,False,4.000000330961484e-11,3.309997964606737e-08,0.9999999956691431,True
kitti_train,1607,001606.png,7,7,7,False,4.7968740091164364e-11,3.200000264769187e-08,0.9999999965846839,True
kitti_train,1609,001608.png,8,8,8,False,4.734375391723944e-11,3.200000264769187e-08,0.9999999912428041,True
kitti_train,1610,001609.png,1,1,1,False,4.1250003413040304e-11,3.600001718950807e-08,0.9999999986926728,True
kitti_train,1611,001610.png,10,10,10,False,4.781250395602399e-11,3.5699940781341866e-08,0.9999999863139734,True
kitti_train,1612,001611.png,13,13,13,False,4.8593747081771e-11,3.80999836124829e-08,0.9999999888137956,True
kitti_train,1613,001612.png,16,16,16,False,4.890626792430908e-11,4.4300065837887814e-08,0.9999999946849697,True
kitti_train,1614,001613.png,3,3,3,False,4.5000003723316695e-11,2.1299999986013063e-08,0.9999999970534313,True
kitti_train,1615,001614.png,8,8,8,False,4.8125003981880354e-11,4.540001441455388e-08,0.9999999975740775,True
kitti_train,1616,001615.png,2,2,2,False,4.640625383967034e-11,3.739995690921205e-08,0.9999999937082164,True
kitti_train,1617,001616.png,10,10,10,False,4.953126797602181e-11,4.3600039134616964e-08,0.9999999945691841,True
kitti_train,1618,001617.png,2,2,2,False,4.796875396895217e-11,3.070000076377255e-08,0.9999999947305134,True
kitti_train,1619,001618.png,11,11,11,False,4.593750380088579e-11,3.9699955323158065e-08,0.999999995716023,True
kitti_train,1620,001619.png,1,1,1,False,1.8984369631880327e-11,1.7899992599268444e-08,0.9999999997665137,True
kitti_train,1621,001620.png,2,2,2,False,4.968747635558657e-11,3.179999907843012e-08,0.9999999974254348,True
kitti_train,1622,001621.png,3,3,3,False,4.6953135823812886e-11,3.240000978621538e-08,0.9999999971964306,True
kitti_train,1623,001622.png,2,2,2,False,3.999999984016789e-11,3.199994580427301e-08,0.9999999947693982,True
kitti_train,1624,001623.png,3,3,3,False,4.6718746926632804e-11,4.090000516043801e-08,0.9999999953577189,True
kitti_train,1625,001624.png,8,8,8,False,4.968749717226828e-11,3.179999907843012e-08,0.9999999961461533,True
kitti_train,1626,001625.png,11,11,11,False,4.94531082750882e-11,4.0900033582147444e-08,0.9999999950344419,True
kitti_train,1628,001627.png,3,3,3,False,4.22656354359674e-11,3.7699976473959396e-08,0.9999999951130928,True
kitti_train,1629,001628.png,1,1,1,False,3.460931541354739e-11,2.1300024855008814e-08,0.9999999970192794,True
kitti_train,1630,001629.png,3,3,3,False,4.8671844332659475e-11,3.4299944218219025e-08,0.9999999952619198,True
kitti_train,1631,001630.png,9,9,9,False,4.898442762524269e-11,3.929997660634399e-08,0.9999999955426049,True
kitti_train,1632,001631.png,4,4,4,False,3.335942633242439e-11,3.200000264769187e-08,0.9999999974201471,True
kitti_train,1633,001632.png,1,1,1,False,4.046875334839939e-11,2.590000036661877e-08,0.9999999990147662,True
kitti_train,1634,001633.png,5,5,5,False,4.734376779502725e-11,3.200000264769187e-08,0.9999999961607643,True
kitti_train,1635,001634.png,10,10,10,False,4.8750004033593086e-11,3.200000264769187e-08,0.9999999950518738,True
kitti_train,1636,001635.png,1,1,1,False,2.7656252288288385e-11,2.4200005555030657e-08,0.9999999976121332,True
kitti_train,1637,001636.png,4,4,4,False,4.734374003945163e-11,4.119999630347593e-08,0.999999986189624,True
kitti_train,1638,001637.png,3,3,3,False,4.03124894576834e-11,3.200000264769187e-08,0.9999999980070504,True
kitti_train,1640,001639.png,2,2,2,False,4.8593795654028327e-11,4.3000000005122274e-08,0.9999999951030909,True
kitti_train,1641,001640.png,10,10,10,False,4.9687504111162184e-11,4.060007086081896e-08,0.999999991455848,True
kitti_train,1642,001641.png,1,1,1,False,1.7578161148890104e-11,7.900000653648931e-09,0.9999999983147739,True
kitti_train,1643,001642.png,1,1,1,False,3.335931531012193e-11,3.200000264769187e-08,0.9999999963438478,True
kitti_train,1644,001643.png,15,15,15,False,4.640626771745815e-11,3.6300008332545985e-08,0.9999999834498925,True
kitti_train,1646,001645.png,4,4,4,False,4.750000393016762e-11,3.200000264769187e-08,0.9999999974104804,True
kitti_train,1647,001646.png,8,8,8,False,4.703126776917088e-11,4.4399996568245115e-08,0.999999994621894,True
kitti_train,1648,001647.png,3,3,3,False,4.742189974038524e-11,2.9200002416018833e-08,0.9999999977131286,True
kitti_train,1649,001648.png,15,15,15,False,4.9687504111162184e-11,4.390005869936431e-08,0.9999999927911821,True
kitti_train,1650,001649.png,8,8,8,False,4.8359372062378725e-11,4.599996827892028e-08,0.9999999965996523,True
kitti_train,1651,001650.png,1,1,1,False,4.539069120568229e-11,3.410002591408556e-08,0.9999999946291682,True
kitti_train,1652,001651.png,5,5,5,False,4.968747635558657e-11,4.1700047859194456e-08,0.9999999936822692,True
kitti_train,1653,001652.png,2,2,2,False,3.968749634486457e-11,3.199994580427301e-08,0.9999999957678952,True
kitti_train,1654,001653.png,1,1,1,False,2.796875231414475e-11,2.3899985990283312e-08,0.9999999981923835,True
kitti_train,1655,001654.png,1,1,1,False,4.3281239703318874e-11,2.769999696283776e-08,0.9999999987070889,True
kitti_train,1656,001655.png,4,4,4,False,4.906250405944945e-11,4.450004098544014e-08,0.9999999974778024,True
kitti_train,1658,001657.png,2,2,2,False,3.8984371286687747e-11,2.2500046270579332e-08,0.9999999940049309,True
kitti_train,1659,001658.png,4,4,4,False,4.8281247055914633e-11,4.009996246168157e-08,0.9999999931873872,True
kitti_train,1660,001659.png,9,9,9,False,4.921874019458983e-11,3.200005949111073e-08,0.9999999942634004,True
kitti_train,1662,001661.png,3,3,3,False,4.710931644780203e-11,4.339995030022692e-08,0.9999999955530825,True
kitti_train,1663,001662.png,7,7,7,False,4.687500387845489e-11,3.200000264769187e-08,0.9999999922586695,True
kitti_train,1664,001663.png,7,7,7,False,4.000000330961484e-11,3.200000264769187e-08,0.9999999963937444,True
kitti_train,1665,001664.png,4,4,4,False,4.312505907932973e-11,3.200005949111073e-08,0.9999999978772357,True
kitti_train,1666,001665.png,4,4,4,False,4.937494857415459e-11,3.5500022477208404e-08,0.9999999927861748,True
kitti_train,1667,001666.png,4,4,4,False,4.1718739574037045e-11,3.200000264769187e-08,0.9999999949622302,True
kitti_train,1669,001668.png,4,4,4,False,4.81250005124334e-11,4.1099951886280905e-08,0.9999999952898643,True
kitti_train,1670,001669.png,2,2,2,False,4.5156212102881454e-11,2.8200020096846856e-08,0.9999999951838928,True
kitti_train,1671,001670.png,5,5,5,False,4.39843717003896e-11,3.200005949111073e-08,0.9999999944896115,True
kitti_train,1672,001671.png,4,4,4,False,4.046875334839939e-11,2.5900003919332448e-08,0.9999999938808467,True
kitti_train,1674,001673.png,10,10,10,False,4.8593754020664903e-11,3.7500058169825934e-08,0.9999999964216822,True
kitti_train,1675,001674.png,17,17,17,False,4.9531240220446193e-11,3.750000132640707e-08,0.9999999917405433,True
kitti_train,1676,001675.png,2,2,2,False,3.7265607266689926e-11,2.3200001919576607e-08,0.9999999965334031,True
kitti_train,1677,001676.png,11,11,11,False,4.95312471593401e-11,3.200000264769187e-08,0.9999999969379548,True
kitti_train,1678,001677.png,3,3,3,False,4.17187499823779e-11,2.6699998656454227e-08,0.9999999966080165,True
kitti_train,1679,001678.png,3,3,3,False,3.445312438121739e-11,3.200000264769187e-08,0.9999999975625007,True
kitti_train,1680,001679.png,6,6,6,False,4.976563605652018e-11,4.590003754856298e-08,0.9999999962129967,True
kitti_train,1681,001680.png,3,3,3,False,4.5156267614032686e-11,3.200000264769187e-08,0.9999999948657632,True
kitti_train,1682,001681.png,13,13,13,False,4.5703107964811807e-11,3.589997277231305e-08,0.9999999921620214,True
kitti_train,1683,001682.png,6,6,6,False,4.828124011702073e-11,3.439998863541405e-08,0.9999999963451636,True
kitti_train,1684,001683.png,8,8,8,False,4.1250003413040304e-11,3.200005949111073e-08,0.9999999962903429,True
kitti_train,1685,001684.png,3,3,3,False,4.906250405944945e-11,3.139999904533397e-08,0.9999999939865984,True
kitti_train,1686,001685.png,7,7,7,False,4.890625404652127e-11,3.200005949111073e-08,0.9999999975259931,True
kitti_train,1687,001686.png,4,4,4,False,4.843750053828977e-11,3.100000078859466e-08,0.999999995318906,True
kitti_train,1688,001687.png,6,6,6,False,4.273437159696414e-11,3.200005949111073e-08,0.9999999979398654,True
kitti_train,1689,001688.png,5,5,5,False,4.906250405944945e-11,3.790003688664001e-08,0.9999999944594653,True
kitti_train,1690,001689.png,1,1,1,False,3.9140579666252506e-11,2.6099996830453165e-08,0.9999999979996883,True
kitti_train,1692,001691.png,4,4,4,False,4.5468753762101244e-11,3.200000264769187e-08,0.9999999932675048,True
kitti_train,1693,001692.png,9,9,9,False,4.992178892493371e-11,4.06000140174001e-08,0.9999999917886363,True
kitti_train,1694,001693.png,13,13,13,False,4.453124674563824e-11,3.65999994755839e-08,0.9999999961152242,True
kitti_train,1696,001695.png,5,5,5,False,4.921879570574106e-11,3.249999735999154e-08,0.9999999949742274,True
kitti_train,1697,001696.png,2,2,2,False,3.335931531012193e-11,3.200000264769187e-08,0.9999999954144805,True
kitti_train,1698,001697.png,11,11,11,False,4.9999997198124646e-11,3.500001355405402e-08,0.9999999917227976,True
kitti_train,1700,001699.png,5,5,5,False,4.7656267820883613e-11,3.9400006812684296e-08,0.9999999967321067,True
kitti_train,1701,001700.png,5,5,5,False,4.968750064171523e-11,4.6400032260862645e-08,0.999999990251976,True
kitti_train,1702,001701.png,9,9,9,False,4.945321929739066e-11,4.05000832870428e-08,0.9999999951475985,True
kitti_train,1703,001702.png,2,2,2,False,4.03906352808292e-11,3.199994580427301e-08,0.9999999963510012,True
kitti_train,1704,001703.png,2,2,2,False,4.007810749939722e-11,3.199994580427301e-08,0.9999999922243384,True
kitti_train,1705,001704.png,2,2,2,False,3.40625305739195e-11,2.1299999986013063e-08,0.9999999925932327,True
kitti_train,1706,001705.png,9,9,9,False,4.937494857415459e-11,3.7599988900183234e-08,0.9999999957794359,True
kitti_train,1707,001706.png,4,4,4,False,4.8281250525361585e-11,4.06000140174001e-08,0.999999993480815,True
kitti_train,1708,001707.png,2,2,2,False,3.328115560918832e-11,2.1299968011589954e-08,0.9999999978320588,True
kitti_train,1709,001708.png,5,5,5,False,4.94531082750882e-11,3.479999577393755e-08,0.9999999872185028,True
kitti_train,1711,001710.png,7,7,7,False,4.796876784673998e-11,3.910001566964638e-08,0.9999999969146453,True
kitti_train,1713,001712.png,3,3,3,False,4.421875018922883e-11,3.119998837064486e-08,0.9999999949641897,True
kitti_train,1714,001713.png,4,4,4,False,4.968747635558657e-11,2.96999971283185e-08,0.9999999951051285,True
kitti_train,1715,001714.png,13,13,13,False,4.992184443608494e-11,4.5799993131367955e-08,0.9999999953967035,True
kitti_train,1716,001715.png,1,1,1,False,3.335931531012193e-11,2.370001084273099e-08,0.9999999937293439,True
kitti_train,1717,001716.png,18,18,18,False,4.992184443608494e-11,3.870002274197759e-08,0.9999999937831283,True
kitti_train,1718,001717.png,3,3,3,False,3.406250108362041e-11,2.180000002738325e-08,0.9999999939072269,True
kitti_train,1719,001718.png,7,7,7,False,4.5781212154594186e-11,4.2299973301851423e-08,0.9999999953374018,True
kitti_train,1721,001720.png,4,4,4,False,4.375000361989123e-11,3.1999995542264514e-08,0.9999999961736011,True
kitti_train,1722,001721.png,10,10,10,False,4.710937195895326e-11,4.4300008994468953e-08,0.9999999890327816,True
kitti_train,1723,001722.png,3,3,3,False,4.781249007823618e-11,3.189998665220628e-08,0.9999999969444979,True
kitti_train,1724,001723.png,11,11,11,False,4.773437201066599e-11,3.529999048623722e-08,0.9999999959165834,True
kitti_train,1725,001724.png,1,1,1,False,4.296873967746251e-11,3.200005949111073e-08,0.9999999964173742,True
kitti_train,1726,001725.png,9,9,9,False,4.8671844332659475e-11,3.5500022477208404e-08,0.9999999905754643,True
kitti_train,1727,001726.png,2,2,2,False,4.921876795016544e-11,3.1500007935392205e-08,0.9999999984395851,True
kitti_train,1728,001727.png,2,2,2,False,4.9843750654643415e-11,3.1899999086704156e-08,0.9999999962724636,True
kitti_train,1730,001729.png,2,2,2,False,3.328126663149078e-11,2.640001639520051e-08,0.9999999971315772,True
kitti_train,1731,001730.png,2,2,2,False,4.328125011165973e-11,3.200000264769187e-08,0.9999999918323241,True
kitti_train,1732,001731.png,7,7,7,False,4.8281267872596345e-11,4.26000212883082e-08,0.9999999956068769,True
kitti_train,1733,001732.png,1,1,1,False,3.335931531012193e-11,2.1299999986013063e-08,0.9999999968655738,True
kitti_train,1734,001733.png,8,8,8,False,4.937500408530582e-11,3.5000027764908737e-08,0.9999999861811434,True
kitti_train,1735,001734.png,9,9,9,False,4.8671844332659475e-11,3.979999974035309e-08,0.9999999945255663,True
kitti_train,1736,001735.png,6,6,6,False,4.93749763297302e-11,4.320000357438403e-08,0.9999999959535749,True
kitti_train,1737,001736.png,4,4,4,False,4.562497601945381e-11,3.199998843683716e-08,0.9999999981561043,True
kitti_train,1738,001737.png,4,4,4,False,4.6406239961882534e-11,3.500001355405402e-08,0.999999992678826,True
kitti_train,1739,001738.png,2,2,2,False,4.656249691370462e-11,3.2900004498515045e-08,0.9999999963736511,True
kitti_train,1740,001739.png,2,2,2,False,4.6718750396079756e-11,2.9899998921223414e-08,0.999999991350569,True
kitti_train,1741,001740.png,6,6,6,False,3.7187586343634393e-11,3.200005949111073e-08,0.9999999952490977,True
kitti_train,1742,001741.png,12,12,12,False,4.96875318667378e-11,3.880001031575375e-08,0.999999991196878,True
kitti_train,1743,001742.png,7,7,7,False,4.468750369746033e-11,3.200000264769187e-08,0.999999995805089,True
kitti_train,1744,001743.png,11,11,11,False,4.710931644780203e-11,3.200000264769187e-08,0.9999999930326452,True
kitti_train,1745,001744.png,4,4,4,False,4.718753165988687e-11,3.999997488790541e-08,0.999999992131092,True
kitti_train,1746,001745.png,9,9,9,False,4.7656267820883613e-11,4.019995003545773e-08,0.9999999962317847,True
kitti_train,1747,001746.png,8,8,8,False,4.625000382674216e-11,3.200000264769187e-08,0.9999999958192398,True
kitti_train,1748,001747.png,9,9,9,False,4.640625383967034e-11,3.6199963915350963e-08,0.9999999950072482,True
kitti_train,1749,001748.png,4,4,4,False,4.76562470042019e-11,3.65999994755839e-08,0.9999999941621005,True
kitti_train,1750,001749.png,1,1,1,False,3.7499989224976105e-11,2.3999994880341546e-08,0.9999999964155342,True
kitti_train,1751,001750.png,7,7,7,False,4.812499704298645e-11,3.6999978192397975e-08,0.9999999943443671,True
kitti_train,1753,001752.png,2,2,2,False,4.375000361989123e-11,3.200005949111073e-08,0.9999999918927245,True
kitti_train,1754,001753.png,7,7,7,False,4.953126797602181e-11,3.940004944524844e-08,0.9999999937452132,True
kitti_train,1755,001754.png,5,5,5,False,4.914069151595868e-11,4.4300122681306675e-08,0.9999999979351525,True
kitti_train,1756,001755.png,5,5,5,False,4.046875334839939e-11,3.859997832478257e-08,0.9999999966481171,True
kitti_train,1757,001756.png,2,2,2,False,4.953121246487058e-11,4.279996801415109e-08,0.9999999955256269,True
kitti_train,1758,001757.png,3,3,3,False,4.515625373624488e-11,3.200000264769187e-08,0.999999997031462,True
kitti_train,1759,001758.png,1,1,1,False,4.0546871415969576e-11,3.429998685078317e-08,0.9999999985003242,True
kitti_train,1761,001760.png,2,2,2,False,3.335942633242439e-11,3.200000264769187e-08,0.9999999941131693,True
kitti_train,1762,001761.png,2,2,2,False,4.000000330961484e-11,3.670001547106949e-08,0.9999999970175393,True
kitti_train,1763,001762.png,3,3,3,False,4.8515635953094716e-11,3.5000027764908737e-08,0.9999999910649892,True
kitti_train,1764,001763.png,7,7,7,False,3.8984371286687747e-11,3.1999995542264514e-08,0.999999993427698,True
kitti_train,1765,001764.png,11,11,11,False,4.8984261091788994e-11,4.429995215105009e-08,0.9999999970758726,True
kitti_train,1766,001765.png,9,9,9,False,4.914063600480745e-11,3.200000264769187e-08,0.9999999954609308,True
kitti_train,1767,001766.png,6,6,6,False,4.58593718555278e-11,3.200000264769187e-08,0.9999999843295532,True
kitti_train,1768,001767.png,15,15,15,False,4.9609386043591996e-11,3.980002816206252e-08,0.9999999927053369,True
kitti_train,1769,001768.png,2,2,2,False,3.57812529605539e-11,3.190001507391571e-08,0.9999999956200187,True
kitti_train,1770,001769.png,6,6,6,False,4.750000046072067e-11,3.200005949111073e-08,0.999999994527548,True
kitti_train,1771,001770.png,7,7,7,False,4.992184443608494e-11,3.849999075100641e-08,0.9999999909869351,True
kitti_train,1772,001771.png,6,6,6,False,4.5000003723316695e-11,4.259999286659877e-08,0.9999999969097192,True
kitti_train,1773,001772.png,5,5,5,False,4.9140580493656216e-11,3.199994580427301e-08,0.9999999955108633,True
kitti_train,1774,001773.png,14,14,14,False,4.968751798894999e-11,3.590002961573191e-08,0.9999999948161098,True
kitti_train,1775,001774.png,4,4,4,False,3.921874630608002e-11,3.200005949111073e-08,0.9999999933663105,True
kitti_train,1776,001775.png,5,5,5,False,4.8515635953094716e-11,3.5600038472693996e-08,0.9999999946155026,True
kitti_train,1777,001776.png,10,10,10,False,4.8203219193965197e-11,3.7599988900183234e-08,0.999999994541151,True
kitti_train,1778,001777.png,1,1,1,False,3.2421842988128446e-11,1.7300010313192615e-08,0.9999999992426407,True
kitti_train,1779,001778.png,7,7,7,False,4.890626792430908e-11,3.199998843683716e-08,0.9999999954481871,True
kitti_train,1780,001779.png,7,7,7,False,4.750000046072067e-11,3.200000264769187e-08,0.9999999931602452,True
kitti_train,1781,001780.png,10,10,10,False,4.4843739832600704e-11,3.80999836124829e-08,0.9999999948135007,True
kitti_train,1783,001782.png,1,1,1,False,3.2031266528065316e-11,1.820001216401579e-08,0.9999999987242517,True
kitti_train,1784,001783.png,2,2,2,False,4.6250000357295207e-11,4.089997673872858e-08,0.9999999935137059,True
kitti_train,1785,001784.png,2,2,2,False,4.593750380088579e-11,3.200000264769187e-08,0.9999999981681544,True
kitti_train,1786,001785.png,16,16,16,False,4.968750064171523e-11,3.8899997889529914e-08,0.9999999949861987,True
kitti_train,1787,001786.png,3,3,3,False,4.0312503335471206e-11,2.580000568741525e-08,0.9999999947729846,True
kitti_train,1788,001787.png,4,4,4,False,4.484375371038851e-11,3.200005949111073e-08,0.9999999954115937,True
kitti_train,1789,001788.png,11,11,11,False,4.8593754020664903e-11,3.330001163703855e-08,0.9999999955113773,True
kitti_train,1790,001789.png,2,2,2,False,3.328126663149078e-11,2.1300024855008814e-08,0.999999996962821,True
kitti_train,1792,001791.png,1,1,1,False,3.546874599580363e-11,3.0900025649316376e-08,0.9999999987338831,True
kitti_train,1793,001792.png,4,4,4,False,4.921876795016544e-11,3.200000264769187e-08,0.9999999965129035,True
kitti_train,1794,001793.png,1,1,1,False,3.328125275370297e-11,2.1299999986013063e-08,0.9999999982908531,True
kitti_train,1795,001794.png,13,13,13,False,4.8359427573529956e-11,4.0900033582147444e-08,0.9999999924123908,True
kitti_train,1797,001796.png,7,7,7,False,4.88281637345267e-11,4.050002644362394e-08,0.999999993241513,True
kitti_train,1798,001797.png,4,4,4,False,4.093747563160832e-11,3.00999545288505e-08,0.9999999974499354,True
kitti_train,1799,001798.png,1,1,1,False,3.335931531012193e-11,2.1299999986013063e-08,0.9999999944730912,True
kitti_train,1801,001800.png,2,2,2,False,4.914069151595868e-11,2.790000053209951e-08,0.999999996126226,True
kitti_train,1802,001801.png,12,12,12,False,4.6093753813813976e-11,3.870007958539645e-08,0.999999992524456,True
kitti_train,1804,001803.png,3,3,3,False,4.1328107602822683e-11,3.599996034608921e-08,0.9999999924961278,True
kitti_train,1805,001804.png,1,1,1,False,4.578126766574542e-11,4.349999471742194e-08,0.9999999978682815,True
kitti_train,1806,001805.png,2,2,2,False,3.328125275370297e-11,2.1300003538726742e-08,0.9999999963465059,True
kitti_train,1807,001806.png,12,12,12,False,4.726563584966925e-11,4.419996457727393e-08,0.9999999955975398,True
kitti_train,1808,001807.png,2,2,2,False,4.9062490181661644e-11,3.139999904533397e-08,0.9999999978429619,True
kitti_train,1810,001809.png,1,1,1,False,4.0937499917736986e-11,2.620000216779772e-08,0.9999999985825291,True
kitti_train,1811,001810.png,2,2,2,False,3.335931531012193e-11,2.1299999986013063e-08,0.999999995568945,True
kitti_train,1812,001811.png,4,4,4,False,4.562500377502943e-11,4.1099980307990336e-08,0.9999999986477345,True
kitti_train,1813,001812.png,16,16,16,False,4.6718750396079756e-11,4.330001956986962e-08,0.9999999942512248,True
kitti_train,1816,001815.png,5,5,5,False,4.5468753762101244e-11,3.630000122711863e-08,0.9999999944890136,True
kitti_train,1817,001816.png,4,4,4,False,4.828125399480854e-11,3.200000264769187e-08,0.9999999980801711,True
kitti_train,1818,001817.png,1,1,1,False,4.7343906572905325e-11,2.8900000614839882e-08,0.9999999974478098,True
kitti_train,1819,001818.png,6,6,6,False,4.984368473515133e-11,3.200000264769187e-08,0.9999999933991247,True
kitti_train,1820,001819.png,1,1,1,False,3.992195463098369e-11,1.760002987793996e-08,0.9999999983839165,True
kitti_train,1822,001821.png,3,3,3,False,3.9999975554039224e-11,3.199994580427301e-08,0.9999999986298815,True
kitti_train,1823,001822.png,6,6,6,False,4.968750064171523e-11,3.179999996660854e-08,0.9999999951162573,True
kitti_train,1824,001823.png,3,3,3,False,3.968749981431152e-11,3.200000264769187e-08,0.9999999954837981,True
kitti_train,1825,001824.png,3,3,3,False,3.4218849975786725e-11,3.110005764028756e-08,0.9999999944189303,True
kitti_train,1826,001825.png,8,8,8,False,4.812499704298645e-11,3.200005949111073e-08,0.9999999952646159,True
kitti_train,1827,001826.png,3,3,3,False,4.1796843763819425e-11,3.6900019040331244e-08,0.9999999960236261,True
kitti_train,1828,001827.png,3,3,3,False,4.984374024630256e-11,3.200000264769187e-08,0.9999999959568588,True
kitti_train,1829,001828.png,3,3,3,False,4.968749717226828e-11,3.179999907843012e-08,0.9999999915169451,True
kitti_train,1830,001829.png,6,6,6,False,4.8593684631725864e-11,3.5500022477208404e-08,0.9999999950480587,True
kitti_train,1831,001830.png,2,2,2,False,3.7656322504631135e-11,2.9599959816550836e-08,0.9999999920752322,True
kitti_train,1832,001831.png,4,4,4,False,4.7656250473648853e-11,4.5000035697739804e-08,0.9999999930567726,True
kitti_train,1833,001832.png,2,2,2,False,4.625000382674216e-11,3.200000264769187e-08,0.9999999990629317,True
kitti_train,1834,001833.png,4,4,4,False,4.90625005900025e-11,3.200000264769187e-08,0.9999999944303479,True
kitti_train,1835,001834.png,2,2,2,False,4.1250003413040304e-11,3.200000264769187e-08,0.999999993585478,True
kitti_train,1836,001835.png,1,1,1,False,4.437499673271006e-11,2.8400002349826536e-08,0.9999999990386436,True
kitti_train,1837,001836.png,8,8,8,False,4.6093767691601784e-11,3.200000264769187e-08,0.9999999944413188,True
kitti_train,1838,001837.png,10,10,10,False,4.7187500434864305e-11,3.609989107644651e-08,0.99999999312393,True
kitti_train,1839,001838.png,6,6,6,False,4.656253160817414e-11,4.1000021155923605e-08,0.9999999977389072,True
kitti_train,1840,001839.png,8,8,8,False,3.8515635125691006e-11,3.200005949111073e-08,0.9999999957575616,True
kitti_train,1841,001840.png,11,11,11,False,4.5703107964811807e-11,3.879995347233489e-08,0.9999999961060626,True
kitti_train,1842,001841.png,7,7,7,False,4.687500387845489e-11,4.310000178975315e-08,0.9999999969426226,True
kitti_train,1843,001842.png,5,5,5,False,4.593750033143884e-11,3.399992465347168e-08,0.9999999958975796,True
kitti_train,1844,001843.png,8,8,8,False,4.95312471593401e-11,3.950000859731517e-08,0.9999999948374759,True
kitti_train,1846,001845.png,6,6,6,False,4.999994862586732e-11,3.479999577393755e-08,0.9999999963530216,True
kitti_train,1847,001846.png,1,1,1,False,4.695299704593481e-11,3.069987997150747e-08,0.9999999980399,True
kitti_train,1848,001847.png,1,1,1,False,3.7968739263760654e-11,1.8100024590239627e-08,0.9999999984686704,True
kitti_train,1849,001848.png,7,7,7,False,4.94531082750882e-11,4.3099987578898435e-08,0.9999999943232507,True
kitti_train,1851,001850.png,8,8,8,False,4.656249691370462e-11,3.200005949111073e-08,0.999999994044115,True
kitti_train,1853,001852.png,9,9,9,False,4.945316378623943e-11,3.200000264769187e-08,0.9999999960840827,True
kitti_train,1854,001853.png,2,2,2,False,4.1718739574037045e-11,2.8700014809146523e-08,0.9999999994691322,True
kitti_train,1855,001854.png,2,2,2,False,4.8593795654028327e-11,2.5400026970601175e-08,0.9999999927804297,True
kitti_train,1856,001855.png,11,11,11,False,4.4843739832600704e-11,3.8600006746492e-08,0.9999999942334497,True
kitti_train,1857,001856.png,7,7,7,False,4.992184443608494e-11,4.349999471742194e-08,0.9999999930744234,True
kitti_train,1858,001857.png,5,5,5,False,4.9765608300944564e-11,3.200000264769187e-08,0.9999999959886144,True
kitti_train,1859,001858.png,7,7,7,False,4.99219554583874e-11,3.5600010050984565e-08,0.9999999918574487,True
kitti_train,1861,001860.png,7,7,7,False,4.484375371038851e-11,3.200000264769187e-08,0.9999999958714151,True
kitti_train,1862,001861.png,2,2,2,False,3.59375307290577e-11,2.1299999986013063e-08,0.9999999987423488,True
kitti_train,1864,001863.png,4,4,4,False,3.8515579614539774e-11,2.2900000118397656e-08,0.9999999958441983,True
kitti_train,1865,001864.png,1,1,1,False,4.8437497068842816e-11,3.099999901223782e-08,0.9999999989746796,True
kitti_train,1866,001865.png,2,2,2,False,4.703126776917088e-11,3.740001375263091e-08,0.9999999936098658,True
kitti_train,1867,001866.png,2,2,2,False,4.749999981019937e-11,3.199997422598244e-08,0.9999999672751347,True
kitti_train,1868,001867.png,7,7,7,False,4.4218795292039204e-11,3.200000264769187e-08,0.9999999974802973,True
kitti_train,1869,001868.png,10,10,10,False,4.773437201066599e-11,3.91000298805011e-08,0.9999999872895927,True
kitti_train,1870,001869.png,2,2,2,False,3.328126663149078e-11,2.1300024855008814e-08,0.999999996725733,True
kitti_train,1871,001870.png,9,9,9,False,4.6093750344367024e-11,3.200000087133503e-08,0.9999999965402636,True
kitti_train,1872,001871.png,1,1,1,False,3.328115560918832e-11,2.1299968011589954e-08,0.9999999953432994,True
kitti_train,1873,001872.png,7,7,7,False,4.8046899792097975e-11,4.2399960875627585e-08,0.9999999888451283,True
kitti_train,1874,001873.png,2,2,2,False,4.265621189603053e-11,3.330001163703855e-08,0.9999999939593389,True
kitti_train,1875,001874.png,9,9,9,False,4.984379575745379e-11,4.280002485756995e-08,0.9999999895448861,True
kitti_train,1876,001875.png,3,3,3,False,4.093750338718394e-11,3.200000264769187e-08,0.9999999951572222,True
kitti_train,1877,001876.png,4,4,4,False,4.632816352767577e-11,3.6900019040331244e-08,0.9999999935151279,True
kitti_train,1878,001877.png,5,5,5,False,4.374999668099733e-11,3.469997977845196e-08,0.9999999933892592,True
kitti_train,1880,001879.png,3,3,3,False,3.015621086177589e-11,2.109999286403763e-08,0.9999999977922603,True
kitti_train,1881,001880.png,2,2,2,False,3.335942633242439e-11,3.200005949111073e-08,0.9999999982591286,True
kitti_train,1882,001881.png,3,3,3,False,3.687494753989995e-11,2.1299999986013063e-08,0.9999999892161378,True
kitti_train,1883,001882.png,6,6,6,False,4.96875318667378e-11,4.530002684077772e-08,0.9999999948483081,True
kitti_train,1884,001883.png,8,8,8,False,4.9218754072377635e-11,3.200005949111073e-08,0.9999999919722585,True
kitti_train,1885,001884.png,3,3,3,False,4.593750033143884e-11,2.939999887985323e-08,0.9999999949931551,True
kitti_train,1887,001886.png,3,3,3,False,4.5703107964811807e-11,3.040003093701671e-08,0.9999999950122124,True
kitti_train,1888,001887.png,3,3,3,False,4.656249691370462e-11,4.190002300674678e-08,0.9999999971108544,True
kitti_train,1889,001888.png,3,3,3,False,4.73436845283004e-11,3.199994580427301e-08,0.9999999981447887,True
kitti_train,1890,001889.png,2,2,2,False,3.335937082127316e-11,2.4000030407478334e-08,0.9999999936760543,True
kitti_train,1891,001890.png,3,3,3,False,4.187505897590427e-11,3.790000846493058e-08,0.9999999901733303,True
kitti_train,1892,001891.png,14,14,14,False,3.937505876905334e-11,3.3499986784590874e-08,0.9999999926331901,True
kitti_train,1893,001892.png,2,2,2,False,4.9374997146411914e-11,3.200000264769187e-08,0.999999994650713,True
kitti_train,1894,001893.png,10,10,10,False,4.953126797602181e-11,4.1600060285418294e-08,0.9999999932625089,True
kitti_train,1895,001894.png,1,1,1,False,3.328124928425602e-11,2.1299999986013063e-08,0.9999999982330585,True
kitti_train,1897,001896.png,7,7,7,False,4.9687504111162184e-11,4.540004283626331e-08,0.9999999928449385,True
kitti_train,1898,001897.png,8,8,8,False,4.921874019458983e-11,3.200000264769187e-08,0.999999996380326,True
kitti_train,1899,001898.png,8,8,8,False,4.851569146424595e-11,3.200000264769187e-08,0.9999999936813497,True
kitti_train,1900,001899.png,1,1,1,False,4.4609371752102334e-11,2.7100000465907215e-08,0.9999999935180546,True
kitti_train,1901,001900.png,2,2,2,False,4.7187500434864305e-11,3.199994580427301e-08,0.9999999940507528,True
kitti_train,1902,001901.png,3,3,3,False,4.8125003981880354e-11,3.080000254840343e-08,0.9999999941185977,True
kitti_train,1903,001902.png,1,1,1,False,4.640625383967034e-11,3.719998176165973e-08,0.9999999979785038,True
kitti_train,1904,001903.png,1,1,1,False,4.8124990104092547e-11,3.079999544297607e-08,0.9999999978700649,True
kitti_train,1906,001905.png,2,2,2,False,3.3281238875915164e-11,2.1299996433299384e-08,0.9999999989768108,True
kitti_train,1907,001906.png,2,2,2,False,3.656241975846797e-11,2.1300024855008814e-08,0.9999999974329103,True
kitti_train,1908,001907.png,6,6,6,False,4.960937216580419e-11,3.610000476328423e-08,0.9999999954041766,True
kitti_train,1909,001908.png,16,16,16,False,4.984379575745379e-11,4.2399960875627585e-08,0.999999995364164,True
kitti_train,1910,001909.png,9,9,9,False,4.8359372062378725e-11,4.250000529282261e-08,0.9999999956976156,True
kitti_train,1911,001910.png,6,6,6,False,4.5078052401947843e-11,4.269998044037493e-08,0.9999999961215396,True
kitti_train,1913,001912.png,5,5,5,False,4.8593795654028327e-11,3.549996563378954e-08,0.9999999936369444,True
kitti_train,1914,001913.png,1,1,1,False,4.906253181502507e-11,2.8200000556921623e-08,0.9999999939669012,True
kitti_train,1915,001914.png,4,4,4,False,3.8046898964694265e-11,2.4799987841106486e-08,0.9999999940623026,True
kitti_train,1916,001915.png,2,2,2,False,4.921874713348373e-11,3.279996008132002e-08,0.9999999984133523,True
kitti_train,1917,001916.png,12,12,12,False,4.8984261091788994e-11,4.410003384691663e-08,0.9999999918474642,True
kitti_train,1918,001917.png,5,5,5,False,4.328126745889449e-11,3.750000132640707e-08,0.9999999960084545,True
kitti_train,1919,001918.png,4,4,4,False,3.898442679783898e-11,2.1300024855008814e-08,0.9999999962463967,True
kitti_train,1920,001919.png,9,9,9,False,4.5859316344376566e-11,4.3099987578898435e-08,0.9999999976186345,True
kitti_train,1921,001920.png,3,3,3,False,4.093747563160832e-11,3.6899962196912384e-08,0.9999999950765613,True
kitti_train,1922,001921.png,12,12,12,False,4.828115685029388e-11,3.200000264769187e-08,0.9999999927284998,True
kitti_train,1923,001922.png,5,5,5,False,4.828124011702073e-11,3.200000264769187e-08,0.999999995631851,True
kitti_train,1924,001923.png,1,1,1,False,3.992184360868123e-11,2.6799995112014585e-08,0.9999999984226082,True
kitti_train,1925,001924.png,4,4,4,False,4.9531240220446193e-11,3.200000264769187e-08,0.9999999977502873,True
kitti_train,1926,001925.png,5,5,5,False,4.8906247107627365e-11,3.540003490343224e-08,0.9999999949364472,True
kitti_train,1927,001926.png,11,11,11,False,4.9687504111162184e-11,3.730008302227361e-08,0.9999999959556367,True
kitti_train,1928,001927.png,2,2,2,False,3.976563522911647e-11,2.1300024855008814e-08,0.9999999984353682,True
kitti_train,1930,001929.png,11,11,11,False,4.7656240065308e-11,4.0999992734214175e-08,0.99999999300775,True
kitti_train,1932,001931.png,4,4,4,False,4.632816352767577e-11,2.849992597475648e-08,0.9999999978610794,True
kitti_train,1933,001932.png,4,4,4,False,4.531250374917306e-11,3.6399967484612716e-08,0.9999999935268101,True
kitti_train,1934,001933.png,2,2,2,False,4.9843750654643415e-11,3.200000264769187e-08,0.9999999911837916,True
kitti_train,1935,001934.png,3,3,3,False,4.968750064171523e-11,3.319996721984353e-08,0.9999999894113744,True
kitti_train,1936,001935.png,1,1,1,False,4.5000003723316695e-11,3.330001163703855e-08,0.9999999962162254,True
kitti_train,1937,001936.png,2,2,2,False,3.335942633242439e-11,2.1299999986013063e-08,0.9999999981219313,True
kitti_train,1938,001937.png,8,8,8,False,4.625000382674216e-11,3.580004204195575e-08,0.9999999918442939,True
kitti_train,1939,001938.png,5,5,5,False,4.906251793723726e-11,3.8199999607968493e-08,0.9999999976555395,True
kitti_train,1940,001939.png,8,8,8,False,4.8828052712224235e-11,4.61999434264726e-08,0.9999999978443614,True
kitti_train,1941,001940.png,14,14,14,False,4.8281247055914633e-11,4.559996114039677e-08,0.9999999918849561,True
kitti_train,1942,001941.png,11,11,11,False,4.8750004033593086e-11,4.259999286659877e-08,0.9999999917079254,True
kitti_train,1943,001942.png,5,5,5,False,4.710937195895326e-11,3.2900032920224476e-08,0.9999999976644014,True
kitti_train,1945,001944.png,2,2,2,False,3.335942633242439e-11,3.199994580427301e-08,0.9999999966346602,True
kitti_train,1946,001945.png,4,4,4,False,4.601560799066817e-11,2.760000228363424e-08,0.9999999957098237,True
kitti_train,1947,001946.png,2,2,2,False,4.250000351646577e-11,2.720000225053809e-08,0.9999999985510786,True
kitti_train,1948,001947.png,8,8,8,False,4.8593754020664903e-11,4.3199918309255736e-08,0.9999999944512814,True
kitti_train,1949,001948.png,5,5,5,False,4.640625383967034e-11,3.4900040191132575e-08,0.9999999958207676,True
kitti_train,1951,001950.png,1,1,1,False,3.335937082127316e-11,2.1299999986013063e-08,0.9999999911354703,True
kitti_train,1952,001951.png,9,9,9,False,4.062500336132757e-11,3.200000264769187e-08,0.9999999957381195,True
kitti_train,1953,001952.png,2,2,2,False,3.328115560918832e-11,2.1299968011589954e-08,0.9999999978963625,True
kitti_train,1954,001953.png,3,3,3,False,4.7421955251536474e-11,3.930000502805342e-08,0.9999999973758841,True
kitti_train,1955,001954.png,9,9,9,False,4.8984385991879265e-11,3.200000264769187e-08,0.9999999944332054,True
kitti_train,1956,001955.png,15,15,15,False,4.7656323332034844e-11,3.91000298805011e-08,0.999999995960431,True
kitti_train,1957,001956.png,6,6,6,False,4.531264252705114e-11,3.9700012166576926e-08,0.9999999917797247,True
kitti_train,1958,001957.png,2,2,2,False,4.4687475941884713e-11,3.200005949111073e-08,0.9999999937928903,True
kitti_train,1960,001959.png,8,8,8,False,4.9687504111162184e-11,3.200000264769187e-08,0.9999999965171192,True
kitti_train,1961,001960.png,4,4,4,False,4.5468739884313436e-11,3.7599988900183234e-08,0.9999999966632549,True
kitti_train,1962,001961.png,1,1,1,False,3.328124928425602e-11,2.1299999986013063e-08,0.999999997213811,True
kitti_train,1963,001962.png,5,5,5,False,4.687505938960612e-11,4.1100008729699766e-08,0.9999999899874259,True
kitti_train,1964,001963.png,10,10,10,False,4.656247609702291e-11,3.6199992337060394e-08,0.999999995104961,True
kitti_train,1965,001964.png,12,12,12,False,4.8125003981880354e-11,3.200005949111073e-08,0.9999999913103943,True
kitti_train,1967,001966.png,7,7,7,False,4.6093684424874937e-11,4.1799978589551756e-08,0.9999999975049204,True
kitti_train,1968,001967.png,8,8,8,False,4.695299704593481e-11,3.200000264769187e-08,0.999999993980197,True
kitti_train,1969,001968.png,2,2,2,False,4.648437190724053e-11,3.580001362024632e-08,0.9999999981749019,True
kitti_train,1970,001969.png,8,8,8,False,4.773437201066599e-11,3.300000628314592e-08,0.9999999962348807,True
kitti_train,1971,001970.png,1,1,1,False,3.1093794206071834e-11,1.4700049177918117e-08,0.9999999992704253,True
kitti_train,1975,001974.png,3,3,3,False,4.656249691370462e-11,3.200000264769187e-08,0.9999999948348188,True
kitti_train,1976,001975.png,1,1,1,False,4.5625000305582475e-11,4.010001930510043e-08,0.9999999915441853,True
kitti_train,1978,001977.png,5,5,5,False,4.703126776917088e-11,3.200000264769187e-08,0.999999996838177,True
kitti_train,1980,001979.png,7,7,7,False,4.94531082750882e-11,4.159998923114472e-08,0.999999996702909,True
kitti_train,1981,001980.png,3,3,3,False,4.0781253374255755e-11,2.6100000383166844e-08,0.9999999970774281,True
kitti_train,1982,001981.png,5,5,5,False,4.953125062878705e-11,3.200000264769187e-08,0.9999999935231556,True
kitti_train,1983,001982.png,1,1,1,False,3.718749613801364e-11,2.379999841650715e-08,0.9999999986571816,True
kitti_train,1984,001983.png,1,1,1,False,4.1406253425968487e-11,2.650000396897667e-08,0.999999998171482,True
kitti_train,1985,001984.png,1,1,1,False,3.781250312862028e-11,2.4200005555030657e-08,0.9999999982974662,True
kitti_train,1986,001985.png,2,2,2,False,4.8750004033593086e-11,3.170001150465396e-08,0.9999999939185746,True
kitti_train,1988,001987.png,4,4,4,False,4.2500000047018816e-11,3.879995347233489e-08,0.9999999845485967,True
kitti_train,1989,001988.png,12,12,12,False,4.562499683613552e-11,3.889994104611105e-08,0.9999999972058866,True
kitti_train,1990,001989.png,5,5,5,False,4.5703107964811807e-11,3.200005949111073e-08,0.9999999936843204,True
kitti_train,1991,001990.png,5,5,5,False,3.593750297348208e-11,3.200000264769187e-08,0.9999999951568361,True
kitti_train,1992,001991.png,8,8,8,False,4.7812497017130084e-11,4.0900033582147444e-08,0.9999999957526372,True
kitti_train,1994,001993.png,2,2,2,False,4.015625332254302e-11,3.200000264769187e-08,0.9999999963326552,True
kitti_train,1995,001994.png,1,1,1,False,4.8593740142877095e-11,3.720003860507859e-08,0.9999999988136042,True
kitti_train,1996,001995.png,1,1,1,False,3.328126663149078e-11,2.1299968011589954e-08,0.999999996401256,True
kitti_train,1997,001996.png,3,3,3,False,4.9531240220446193e-11,3.169998308294453e-08,0.9999999976516654,True
kitti_train,1998,001997.png,3,3,3,False,3.328137765379324e-11,2.1300024855008814e-08,0.9999999970505785,True
kitti_train,1999,001998.png,7,7,7,False,4.8593795654028327e-11,3.740001375263091e-08,0.9999999895443621,True
kitti_train,2000,001999.png,20,20,20,False,4.531249681027916e-11,3.200005949111073e-08,0.9999999900808884,True
kitti_train,2001,002000.png,5,5,5,False,4.8593740142877095e-11,4.200001058052294e-08,0.9999999963394159,True
kitti_train,2002,002001.png,2,2,2,False,4.6406239961882534e-11,4.3100044422317296e-08,0.9999999992992187,True
kitti_train,2003,002002.png,6,6,6,False,4.874999709469918e-11,3.269997250754386e-08,0.9999999937798386,True
kitti_train,2004,002003.png,11,11,11,False,4.8125003981880354e-11,3.669998704936006e-08,0.9999999954956299,True
kitti_train,2006,002005.png,3,3,3,False,4.984374024630256e-11,3.249999735999154e-08,0.9999999947448587,True
kitti_train,2007,002006.png,5,5,5,False,3.5000002895912985e-11,3.200000264769187e-08,0.9999999931420421,True
kitti_train,2008,002007.png,6,6,6,False,4.43748926493015e-11,3.200005949111073e-08,0.9999999923206544,True
kitti_train,2009,002008.png,4,4,4,False,4.906250405944945e-11,3.139999904533397e-08,0.9999999964431923,True
kitti_train,2010,002009.png,3,3,3,False,4.06250588724788e-11,3.200005949111073e-08,0.9999999945693175,True
kitti_train,2011,002010.png,2,2,2,False,3.8203107344259024e-11,2.4599984271844733e-08,0.999999992147773,True
kitti_train,2012,002011.png,2,2,2,False,4.249998963867796e-11,2.7199988039683376e-08,0.9999999984686856,True
kitti_train,2013,002012.png,13,13,13,False,4.531249681027916e-11,3.200000264769187e-08,0.9999999967195555,True
kitti_train,2014,002013.png,1,1,1,False,4.375000361989123e-11,2.1299968011589954e-08,0.9999999934385726,True
kitti_train,2015,002014.png,5,5,5,False,4.4453163372537574e-11,2.5900021682900842e-08,0.999999996842265,True
kitti_train,2016,002015.png,6,6,6,False,4.773437201066599e-11,4.1699991015775595e-08,0.9999999965275057,True
kitti_train,2017,002016.png,2,2,2,False,4.515632312518392e-11,4.190007985016564e-08,0.9999999971470402,True
kitti_train,2018,002017.png,3,3,3,False,4.937494857415459e-11,3.889996946782048e-08,0.9999999910956376,True
kitti_train,2019,002018.png,9,9,9,False,4.21875034906094e-11,3.200000264769187e-08,0.9999999943291955,True
kitti_train,2020,002019.png,1,1,1,False,4.734375391723944e-11,3.03000007306764e-08,0.9999999971099662,True
kitti_train,2021,002020.png,9,9,9,False,4.445310786138634e-11,3.9700012166576926e-08,0.9999999970439586,True
kitti_train,2022,002021.png,4,4,4,False,4.203125347768122e-11,2.6899996896645462e-08,0.9999999971167833,True
kitti_train,2024,002023.png,1,1,1,False,4.734379555060286e-11,3.2900061341933906e-08,0.9999999982343405,True
kitti_train,2025,002024.png,11,11,11,False,4.976558054536895e-11,3.200005949111073e-08,0.999999995013805,True
kitti_train,2026,002025.png,2,2,2,False,4.7812500486577036e-11,3.060000075549851e-08,0.9999999939546976,True
kitti_train,2027,002026.png,1,1,1,False,4.2499996577571864e-11,2.7199998697824412e-08,0.9999999987823519,True
kitti_train,2028,002027.png,4,4,4,False,4.390625016337246e-11,3.0100011372269364e-08,0.9999999950361905,True
kitti_train,2031,002030.png,1,1,1,False,4.843750400773672e-11,3.11000007968687e-08,0.9999999975931911,True
kitti_train,2032,002031.png,1,1,1,False,3.328125275370297e-11,2.1300001762369902e-08,0.9999999981033318,True
kitti_train,2035,002034.png,2,2,2,False,3.328125275370297e-11,2.6800023533724016e-08,0.9999999963305539,True
kitti_train,2036,002035.png,8,8,8,False,4.8828122101163274e-11,4.0399982026428916e-08,0.9999999935114914,True
kitti_train,2038,002037.png,2,2,2,False,4.3749989742103423e-11,3.200000264769187e-08,0.9999999940590296,True
kitti_train,2039,002038.png,6,6,6,False,4.632816352767577e-11,3.849999075100641e-08,0.9999999970116331,True
kitti_train,2040,002039.png,4,4,4,False,3.640632240120567e-11,3.320008090668125e-08,0.9999999941567412,True
kitti_train,2041,002040.png,5,5,5,False,4.8828122101163274e-11,3.240000978621538e-08,0.9999999963239129,True
kitti_train,2042,002041.png,7,7,7,False,4.906253181502507e-11,3.2100018643177464e-08,0.9999999984461458,True
kitti_train,2043,002042.png,9,9,9,False,4.796868458001313e-11,3.589997277231305e-08,0.9999999925897601,True
kitti_train,2045,002044.png,13,13,13,False,4.9999997198124646e-11,3.80999836124829e-08,0.9999999920253737,True
kitti_train,2046,002045.png,6,6,6,False,4.7578163631101233e-11,3.799999603870674e-08,0.9999999969520988,True
kitti_train,2047,002046.png,4,4,4,False,4.757810811995e-11,4.3000000005122274e-08,0.9999999948614472,True
kitti_train,2050,002049.png,5,5,5,False,4.843758727446357e-11,4.34001208304835e-08,0.9999999950035949,True
kitti_train,2052,002051.png,5,5,5,False,4.9062420792722605e-11,2.7400005819799844e-08,0.9999999958227512,True
kitti_train,2056,002055.png,1,1,1,False,3.335937082127316e-11,2.1299998209656223e-08,0.9999999955170216,True
kitti_train,2057,002056.png,3,3,3,False,4.078123949646795e-11,3.199999909497819e-08,0.9999999952167496,True
kitti_train,2058,002057.png,5,5,5,False,4.992184443608494e-11,3.920001745427726e-08,0.9999999957976885,True
kitti_train,2059,002058.png,1,1,1,False,4.593750380088579e-11,2.939999887985323e-08,0.9999999984717783,True
kitti_train,2060,002059.png,1,1,1,False,4.73436845283004e-11,4.499992201090208e-08,0.9999999988484422,True
kitti_train,2061,002060.png,7,7,7,False,4.8281247055914633e-11,4.3800014282169286e-08,0.9999999948646247,True
kitti_train,2062,002061.png,2,2,2,False,4.960937216580419e-11,3.0500000747224476e-08,0.9999999976326344,True
kitti_train,2063,002062.png,6,6,6,False,4.8125059493031586e-11,3.200000264769187e-08,0.9999999967623515,True
kitti_train,2064,002063.png,11,11,11,False,4.640625037022339e-11,3.6300036754255416e-08,0.9999999939946238,True
kitti_train,2066,002065.png,2,2,2,False,3.5312530677344967e-11,3.060000608456903e-08,0.9999999949543235,True
kitti_train,2067,002066.png,1,1,1,False,4.2031250008234267e-11,3.100001322309254e-08,0.999999995135434,True
kitti_train,2068,002067.png,14,14,14,False,4.992189994723617e-11,4.5100023271515965e-08,0.9999999966807009,True
kitti_train,2069,002068.png,6,6,6,False,3.718747532133193e-11,3.200000264769187e-08,0.9999999965657127,True
kitti_train,2070,002069.png,2,2,2,False,3.546874946525058e-11,3.330001163703855e-08,0.9999999926562211,True
kitti_train,2072,002071.png,8,8,8,False,4.984379575745379e-11,3.5700004730188084e-08,0.9999999914240532,True
kitti_train,2073,002072.png,5,5,5,False,4.9843768001878175e-11,3.999997488790541e-08,0.9999999957732151,True
kitti_train,2074,002073.png,4,4,4,False,4.593750380088579e-11,4.120005314689479e-08,0.9999999973906625,True
kitti_train,2075,002074.png,4,4,4,False,4.7968740091164364e-11,4.139997145102825e-08,0.9999999929461193,True
kitti_train,2076,002075.png,1,1,1,False,4.757810811995e-11,3.200000264769187e-08,0.9999999895305748,True
kitti_train,2077,002076.png,6,6,6,False,4.976563605652018e-11,4.7100002120714635e-08,0.9999999927599136,True
kitti_train,2080,002079.png,5,5,5,False,4.609374687492007e-11,3.600001718950807e-08,0.9999999965855265,True
kitti_train,2081,002080.png,8,8,8,False,4.8593740142877095e-11,4.4499984142021276e-08,0.9999999932793543,True
kitti_train,2082,002081.png,6,6,6,False,4.640621220630692e-11,4.4399996568245115e-08,0.9999999971600201,True
kitti_train,2083,002082.png,9,9,9,False,4.062500336132757e-11,3.200000264769187e-08,0.9999999957888649,True
kitti_train,2084,002083.png,4,4,4,False,4.890625404652127e-11,3.4200013487861725e-08,0.9999999951491823,True
kitti_train,2085,002084.png,7,7,7,False,4.687500387845489e-11,3.2199977795244195e-08,0.9999999833658428,True
kitti_train,2086,002085.png,9,9,9,False,4.937500408530582e-11,3.810004045590176e-08,0.9999999968435346,True
kitti_train,2087,002086.png,9,9,9,False,4.843750400773672e-11,4.200001058052294e-08,0.9999999953649418,True
kitti_train,2088,002087.png,3,3,3,False,4.7187503904311257e-11,3.0200002498759204e-08,0.999999997264084,True
kitti_train,2089,002088.png,12,12,12,False,4.328125358110668e-11,3.8800003210326395e-08,0.9999999956292588,True
kitti_train,2090,002089.png,2,2,2,False,3.593750297348208e-11,2.9400041512417374e-08,0.9999999988083187,True
kitti_train,2091,002090.png,3,3,3,False,4.929684438437221e-11,3.709999418788357e-08,0.9999999966485019,True
kitti_train,2092,002091.png,2,2,2,False,3.945321846998695e-11,2.8899989956698846e-08,0.9999999984483137,True
kitti_train,2093,002092.png,9,9,9,False,4.898437905298536e-11,3.9700012166576926e-08,0.9999999955996847,True
kitti_train,2094,002093.png,4,4,4,False,4.9531240220446193e-11,3.200000264769187e-08,0.9999999959745492,True
kitti_train,2096,002095.png,14,14,14,False,4.8671844332659475e-11,3.6399967484612716e-08,0.9999999927357549,True
kitti_train,2097,002096.png,11,11,11,False,4.67187399877389e-11,4.05000832870428e-08,0.9999999924049087,True
kitti_train,2099,002098.png,4,4,4,False,4.7968740091164364e-11,3.5600010050984565e-08,0.9999999948216166,True
kitti_train,2100,002099.png,2,2,2,False,4.742189974038524e-11,4.149995902480441e-08,0.9999999947482928,True
kitti_train,2101,002100.png,1,1,1,False,4.421875365867578e-11,2.830000056519566e-08,0.9999999962157363,True
kitti_train,2104,002103.png,5,5,5,False,4.2812420275595287e-11,3.9799942896934226e-08,0.9999999940234213,True
kitti_train,2105,002104.png,2,2,2,False,4.8124990104092547e-11,3.200000264769187e-08,0.9999999975027984,True
kitti_train,2106,002105.png,13,13,13,False,4.5781212154594186e-11,3.410002591408556e-08,0.9999999954924214,True
kitti_train,2107,002106.png,15,15,15,False,4.976563605652018e-11,4.61000126961153e-08,0.9999999951127494,True
kitti_train,2108,002107.png,11,11,11,False,4.90625005900025e-11,3.380000634933822e-08,0.9999999921116429,True
kitti_train,2109,002108.png,1,1,1,False,4.5156246797350974e-11,3.950000859731517e-08,0.9999999977919583,True
kitti_train,2110,002109.png,3,3,3,False,3.718753083248316e-11,3.200000264769187e-08,0.999999995338302,True
kitti_train,2112,002111.png,3,3,3,False,4.2968628655160046e-11,3.529993364281836e-08,0.9999999950548719,True
kitti_train,2117,002116.png,2,2,2,False,4.9375031840881434e-11,3.200000264769187e-08,0.9999999957537131,True
kitti_train,2118,002117.png,1,1,1,False,4.843749012994891e-11,3.099999901223782e-08,0.999999998888338,True
kitti_train,2119,002118.png,4,4,4,False,3.437494733304902e-11,2.9399984668998513e-08,0.9999999922644417,True
kitti_train,2120,002119.png,6,6,6,False,4.890624016873346e-11,3.450000463089964e-08,0.9999999960945595,True
kitti_train,2121,002120.png,1,1,1,False,4.8593740142877095e-11,3.4199956644442864e-08,0.9999999987826961,True
kitti_train,2122,002121.png,2,2,2,False,3.335942633242439e-11,3.200000264769187e-08,0.9999999968999932,True
kitti_train,2123,002122.png,2,2,2,False,4.2343739625749777e-11,3.170000084651292e-08,0.9999999993116337,True
kitti_train,2124,002123.png,3,3,3,False,4.7812497017130084e-11,3.0599998979141674e-08,0.9999999961487787,True
kitti_train,2125,002124.png,5,5,5,False,4.328126745889449e-11,3.200000264769187e-08,0.9999999957244068,True
kitti_train,2126,002125.png,2,2,2,False,4.914069151595868e-11,4.06000140174001e-08,0.9999999924727518,True
kitti_train,2127,002126.png,14,14,14,False,4.937494857415459e-11,4.5199954001873266e-08,0.9999999936030785,True
kitti_train,2128,002127.png,2,2,2,False,3.335931531012193e-11,2.7900057375518372e-08,0.9999999932662387,True
kitti_train,2129,002128.png,7,7,7,False,4.554689958524705e-11,3.200005949111073e-08,0.9999999953441474,True
kitti_train,2130,002129.png,13,13,13,False,4.843750053828977e-11,3.819997118625906e-08,0.9999999938253148,True
kitti_train,2131,002130.png,6,6,6,False,4.640626771745815e-11,2.9700004233745858e-08,0.9999999964834672,True
kitti_train,2132,002131.png,4,4,4,False,4.937500408530582e-11,3.200000264769187e-08,0.9999999947503567,True
kitti_train,2133,002132.png,4,4,4,False,4.5781156643442955e-11,3.599996034608921e-08,0.9999999953511096,True
kitti_train,2134,002133.png,3,3,3,False,4.593749686199189e-11,3.200000264769187e-08,0.9999999968010403,True
kitti_train,2135,002134.png,14,14,14,False,4.687500387845489e-11,4.2499891605984885e-08,0.9999999977554677,True
kitti_train,2136,002135.png,15,15,15,False,4.906253181502507e-11,3.65999994755839e-08,0.9999999935031754,True
kitti_train,2137,002136.png,5,5,5,False,4.796875396895217e-11,3.8099999599694456e-08,0.9999999959489547,True
kitti_train,2139,002138.png,4,4,4,False,4.359379524032647e-11,3.200000264769187e-08,0.9999999975904174,True
kitti_train,2140,002139.png,9,9,9,False,4.890625404652127e-11,4.120005314689479e-08,0.9999999939681474,True
kitti_train,2141,002140.png,5,5,5,False,4.937500408530582e-11,3.060000608456903e-08,0.9999999954344897,True
kitti_train,2142,002141.png,2,2,2,False,3.335942633242439e-11,3.200000264769187e-08,0.9999999974095679,True
kitti_train,2145,002144.png,1,1,1,False,4.906250405944945e-11,3.140000259804765e-08,0.9999999984322575,True
kitti_train,2146,002145.png,6,6,6,False,4.8984261091788994e-11,3.91999606108584e-08,0.9999999956134447,True
kitti_train,2147,002146.png,1,1,1,False,3.843750318033301e-11,2.4599998482699448e-08,0.9999999966244659,True
kitti_train,2148,002147.png,15,15,15,False,4.914069151595868e-11,3.669995862765063e-08,0.9999999954115697,True
kitti_train,2149,002148.png,1,1,1,False,2.734375226243202e-11,1.7499999671599653e-08,0.9999999988982317,True
kitti_train,2150,002149.png,6,6,6,False,4.5625000305582475e-11,2.9199999751483574e-08,0.9999999927261922,True
kitti_train,2151,002150.png,9,9,9,False,4.874999015580528e-11,3.470000820016139e-08,0.9999999976598075,True
kitti_train,2152,002151.png,4,4,4,False,4.499999678442279e-11,3.060006292798789e-08,0.9999999954717778,True
kitti_train,2154,002153.png,10,10,10,False,4.734375044779249e-11,4.219998572807526e-08,0.9999999861997536,True
kitti_train,2155,002154.png,1,1,1,False,3.328126663149078e-11,2.1300024855008814e-08,0.9999999937105296,True
kitti_train,2156,002155.png,15,15,15,False,4.984374024630256e-11,4.2300030145270284e-08,0.9999999956281294,True
kitti_train,2158,002157.png,11,11,11,False,4.8281247055914633e-11,3.25000542034104e-08,0.9999999925782297,True
kitti_train,2159,002158.png,7,7,7,False,4.1875003464753036e-11,3.65999994755839e-08,0.9999999965434789,True
kitti_train,2162,002161.png,9,9,9,False,4.890624016873346e-11,4.199998215881351e-08,0.9999999907731487,True
kitti_train,2164,002163.png,4,4,4,False,4.171874651293095e-11,3.200000264769187e-08,0.9999999949569182,True
kitti_train,2165,002164.png,4,4,4,False,4.593750033143884e-11,3.459996378296637e-08,0.9999999910956754,True
kitti_train,2167,002166.png,3,3,3,False,4.937499888113539e-11,3.389999392311438e-08,0.9999999945974558,True
kitti_train,2170,002169.png,9,9,9,False,4.710937195895326e-11,3.339999921081471e-08,0.9999999957789466,True
kitti_train,2171,002170.png,5,5,5,False,4.585942736667903e-11,2.3699998408233114e-08,0.9999999928731945,True
kitti_train,2172,002171.png,14,14,14,False,4.99219554583874e-11,4.06000140174001e-08,0.9999999828688432,True
kitti_train,2174,002173.png,9,9,9,False,4.468750369746033e-11,3.200000264769187e-08,0.9999999962765331,True
kitti_train,2176,002175.png,16,16,16,False,4.8593754020664903e-11,3.889994104611105e-08,0.9999999932390461,True
kitti_train,2178,002177.png,10,10,10,False,4.578125378795761e-11,3.249994051657268e-08,0.9999999943533239,True
kitti_train,2179,002178.png,1,1,1,False,3.7812530884195894e-11,3.200000264769187e-08,0.999999998789809,True
kitti_train,2180,002179.png,1,1,1,False,3.3749988914699713e-11,2.1599994681764656e-08,0.9999999980243482,True
kitti_train,2181,002180.png,5,5,5,False,4.773437201066599e-11,3.590002961573191e-08,0.9999999924829454,True
kitti_train,2182,002181.png,13,13,13,False,4.781247620044837e-11,3.329995479361969e-08,0.9999999963477082,True
kitti_train,2183,002182.png,9,9,9,False,4.921876795016544e-11,4.219998572807526e-08,0.9999999933536639,True
kitti_train,2184,002183.png,7,7,7,False,4.578125378795761e-11,3.610003318499366e-08,0.9999999946940725,True
kitti_train,2185,002184.png,2,2,2,False,4.5156246797350974e-11,2.8899997062126204e-08,0.9999999951319876,True
kitti_train,2186,002185.png,7,7,7,False,4.984375412409037e-11,3.199994580427301e-08,0.9999999959463459,True
kitti_train,2187,002186.png,1,1,1,False,3.328126663149078e-11,2.1300024855008814e-08,0.9999999954319388,True
kitti_train,2188,002187.png,10,10,10,False,4.7578163631101233e-11,4.530002684077772e-08,0.9999999958632662,True
kitti_train,2189,002188.png,3,3,3,False,3.8750003206189376e-11,2.580000568741525e-08,0.9999999945349105,True
kitti_train,2190,002189.png,5,5,5,False,4.7187500434864305e-11,3.200000264769187e-08,0.9999999950773582,True
kitti_train,2191,002190.png,1,1,1,False,3.7812496189726374e-11,2.41999984496033e-08,0.9999999970271679,True
kitti_train,2193,002192.png,1,1,1,False,4.437500367160396e-11,2.6300028821424348e-08,0.9999999962119515,True
kitti_train,2194,002193.png,5,5,5,False,4.921874019458983e-11,4.489999128054478e-08,0.9999999933442113,True
kitti_train,2195,002194.png,15,15,15,False,4.5781212154594186e-11,4.270003728379379e-08,0.9999999963635604,True
kitti_train,2200,002199.png,8,8,8,False,4.328126745889449e-11,2.2100039132055826e-08,0.9999999941426043,True
kitti_train,2201,002200.png,8,8,8,False,4.710931644780203e-11,3.200005949111073e-08,0.999999995378432,True
kitti_train,2202,002201.png,7,7,7,False,4.4687475941884713e-11,3.989998731412925e-08,0.9999999940901335,True
kitti_train,2204,002203.png,1,1,1,False,3.7656266993479903e-11,1.760002987793996e-08,0.9999999985604944,True
kitti_train,2207,002206.png,8,8,8,False,4.9218754072377635e-11,4.209996973258967e-08,0.9999999956931712,True
kitti_train,2208,002207.png,3,3,3,False,4.078123949646795e-11,3.200000264769187e-08,0.9999999981578831,True
kitti_train,2209,002208.png,1,1,1,False,4.1406253425968487e-11,2.650000396897667e-08,0.9999999979488837,True
kitti_train,2211,002210.png,7,7,7,False,4.687500040900794e-11,3.199997422598244e-08,0.9999999907936089,True
kitti_train,2212,002211.png,6,6,6,False,4.6171788614657316e-11,4.320000357438403e-08,0.9999999929726698,True
kitti_train,2213,002212.png,13,13,13,False,4.890625404652127e-11,3.91000298805011e-08,0.999999991389495,True
kitti_train,2214,002213.png,1,1,1,False,3.335931531012193e-11,2.1300001762369902e-08,0.9999999955776387,True
kitti_train,2215,002214.png,6,6,6,False,4.9218754072377635e-11,3.819997118625906e-08,0.9999999964022331,True
kitti_train,2216,002215.png,4,4,4,False,4.351563553939286e-11,3.200000264769187e-08,0.9999999971511765,True
kitti_train,2219,002218.png,4,4,4,False,4.28905799765289e-11,3.519997449075163e-08,0.9999999962680101,True
kitti_train,2220,002219.png,9,9,9,False,4.8281247055914633e-11,4.539998599284445e-08,0.9999999972100567,True
kitti_train,2221,002220.png,1,1,1,False,3.328126663149078e-11,2.1299968011589954e-08,0.9999999913649713,True
kitti_train,2222,002221.png,5,5,5,False,3.335942633242439e-11,3.200005949111073e-08,0.9999999970056898,True
kitti_train,2223,002222.png,1,1,1,False,3.601563491884008e-11,2.1300024855008814e-08,0.9999999897420131,True
kitti_train,2224,002223.png,7,7,7,False,4.9218754072377635e-11,4.4499984142021276e-08,0.999999995534398,True
kitti_train,2225,002224.png,3,3,3,False,4.671875386552671e-11,3.199994580427301e-08,0.9999999933903212,True
kitti_train,2226,002225.png,9,9,9,False,4.8906212413157846e-11,3.8999985463306075e-08,0.9999999962928515,True
kitti_train,2228,002227.png,6,6,6,False,4.992189994723617e-11,2.6600005753607547e-08,0.9999999940191178,True
kitti_train,2229,002228.png,6,6,6,False,4.7656250473648853e-11,3.559999584012985e-08,0.9999999908513321,True
kitti_train,2230,002229.png,5,5,5,False,4.5468753762101244e-11,2.9100004184101635e-08,0.9999999943404709,True
kitti_train,2231,002230.png,10,10,10,False,4.9062476303873837e-11,4.320003199609346e-08,0.9999999947031684,True
kitti_train,2232,002231.png,1,1,1,False,3.328125275370297e-11,2.1299999986013063e-08,0.9999999990183852,True
kitti_train,2233,002232.png,6,6,6,False,4.4609371752102334e-11,3.740001375263091e-08,0.9999999936127643,True
kitti_train,2234,002233.png,5,5,5,False,4.7656253943095805e-11,4.5699977135882364e-08,0.9999999975805134,True
kitti_train,2235,002234.png,7,7,7,False,4.960931665465296e-11,3.8400003177230246e-08,0.999999997787553,True
kitti_train,2236,002235.png,2,2,2,False,4.562500377502943e-11,2.1299999986013063e-08,0.9999999972870472,True
kitti_train,2237,002236.png,3,3,3,False,4.562500377502943e-11,2.9200002416018833e-08,0.9999999946552206,True
kitti_train,2238,002237.png,5,5,5,False,4.796875396895217e-11,3.549996563378954e-08,0.9999999956244876,True
kitti_train,2240,002239.png,4,4,4,False,4.9062476303873837e-11,3.200000264769187e-08,0.9999999964606047,True
kitti_train,2241,002240.png,3,3,3,False,3.9999975554039224e-11,3.199994580427301e-08,0.9999999958939478,True
kitti_train,2242,002241.png,6,6,6,False,4.4296899481821583e-11,4.1700019437485025e-08,0.9999999902257888,True
kitti_train,2243,002242.png,1,1,1,False,3.328126663149078e-11,2.1300024855008814e-08,0.999999997419789,True
kitti_train,2244,002243.png,3,3,3,False,4.8593747081771e-11,3.579998519853689e-08,0.9999999980086387,True
kitti_train,2245,002244.png,1,1,1,False,4.039057976967797e-11,3.600001718950807e-08,0.9999999942866282,True
kitti_train,2248,002247.png,1,1,1,False,4.3281239703318874e-11,3.6299979910836555e-08,0.9999999982013507,True
kitti_train,2249,002248.png,3,3,3,False,4.2187489612821594e-11,3.200005949111073e-08,0.9999999955115766,True
kitti_train,2250,002249.png,1,1,1,False,2.5468738229506016e-11,2.109999286403763e-08,0.9999999988722398,True
kitti_train,2253,002252.png,1,1,1,False,4.117184371210669e-11,2.9299997095222352e-08,0.9999999949914588,True
kitti_train,2254,002253.png,7,7,7,False,4.953126797602181e-11,4.410003384691663e-08,0.9999999943597165,True
kitti_train,2255,002254.png,13,13,13,False,4.992184443608494e-11,3.65999994755839e-08,0.9999999886272629,True
kitti_train,2256,002255.png,4,4,4,False,4.7656323332034844e-11,4.2400074562465306e-08,0.9999999959492745,True
kitti_train,2258,002257.png,16,16,16,False,4.718749870014083e-11,3.8899997889529914e-08,0.999999989046683,True
kitti_train,2259,002258.png,4,4,4,False,4.8593754020664903e-11,3.200000264769187e-08,0.9999999935187305,True
kitti_train,2260,002259.png,3,3,3,False,4.8203219193965197e-11,4.470007297641132e-08,0.999999996165695,True
kitti_train,2261,002260.png,5,5,5,False,4.8671844332659475e-11,4.520001084529213e-08,0.9999999952405931,True
kitti_train,2262,002261.png,1,1,1,False,3.328124581480907e-11,2.1299999986013063e-08,0.9999999985860224,True
kitti_train,2263,002262.png,9,9,9,False,4.664063579795652e-11,3.580001362024632e-08,0.9999999927689178,True
kitti_train,2264,002263.png,9,9,9,False,4.843750400773672e-11,4.4999978854320943e-08,0.9999999968511769,True
kitti_train,2265,002264.png,3,3,3,False,4.94531082750882e-11,2.350000016804188e-08,0.9999999935506104,True
kitti_train,2266,002265.png,2,2,2,False,3.8984371286687747e-11,3.200000264769187e-08,0.9999999969586921,True
kitti_train,2267,002266.png,7,7,7,False,4.421873978088797e-11,3.509998691697547e-08,0.9999999922982724,True
kitti_train,2268,002267.png,1,1,1,False,3.5234370976411356e-11,2.3400048121402506e-08,0.9999999985217359,True
kitti_train,2269,002268.png,6,6,6,False,4.937500408530582e-11,3.9700012166576926e-08,0.9999999941595492,True
kitti_train,2270,002269.png,3,3,3,False,4.7968740091164364e-11,3.2100018643177464e-08,0.999999992697203,True
kitti_train,2271,002270.png,6,6,6,False,4.8437476252161105e-11,2.9400041512417374e-08,0.9999999942785183,True
kitti_train,2272,002271.png,1,1,1,False,4.046873947061158e-11,1.9000012230208085e-08,0.9999999989807132,True
kitti_train,2273,002272.png,7,7,7,False,4.734374003945163e-11,3.799999603870674e-08,0.9999999949266134,True
kitti_train,2274,002273.png,1,1,1,False,3.6093752986410266e-11,2.310000013494573e-08,0.9999999972479392,True
kitti_train,2275,002274.png,5,5,5,False,4.58593718555278e-11,3.479999577393755e-08,0.9999999951414791,True
kitti_train,2276,002275.png,10,10,10,False,4.578126766574542e-11,3.200000264769187e-08,0.9999999939805136,True
kitti_train,2277,002276.png,3,3,3,False,4.562500377502943e-11,3.65999994755839e-08,0.9999999964658909,True
kitti_train,2278,002277.png,4,4,4,False,4.343749665514096e-11,3.130003278783988e-08,0.9999999962290457,True
kitti_train,2280,002279.png,3,3,3,False,3.9374999788455156e-11,2.519999942052209e-08,0.9999999904996819,True
kitti_train,2281,002280.png,3,3,3,False,4.773437201066599e-11,4.139997145102825e-08,0.9999999965911789,True
kitti_train,2283,002282.png,9,9,9,False,4.8593795654028327e-11,3.709999418788357e-08,0.9999999952313201,True
kitti_train,2284,002283.png,3,3,3,False,4.8906247107627365e-11,3.830000139259937e-08,0.9999999944493313,True
kitti_train,2285,002284.png,2,2,2,False,3.335937082127316e-11,3.200000264769187e-08,0.999999997466582,True
kitti_train,2287,002286.png,3,3,3,False,4.046879498176281e-11,2.2800008991907816e-08,0.9999999958624691,True
kitti_train,2288,002287.png,1,1,1,False,2.9687488578566956e-11,1.899999801935337e-08,0.9999999992075799,True
kitti_train,2289,002288.png,6,6,6,False,4.984374024630256e-11,4.1600060285418294e-08,0.9999999947162796,True
kitti_train,2290,002289.png,8,8,8,False,4.8984372114091457e-11,3.2900004498515045e-08,0.9999999898931682,True
kitti_train,2291,002290.png,8,8,8,False,4.95312471593401e-11,4.320000357438403e-08,0.9999999968201159,True
kitti_train,2294,002293.png,9,9,9,False,4.984374024630256e-11,3.739995690921205e-08,0.9999999891800944,True
kitti_train,2295,002294.png,6,6,6,False,4.828124987484028e-11,3.200000264769187e-08,0.9999999379539122,True
kitti_train,2296,002295.png,13,13,13,False,4.8593754020664903e-11,4.390000185594545e-08,0.9999999930844244,True
kitti_train,2297,002296.png,3,3,3,False,3.5859315516972856e-11,2.4000001985768904e-08,0.9999999968041998,True
kitti_train,2299,002298.png,2,2,2,False,4.531250027972611e-11,3.8900054732948774e-08,0.9999999882607661,True
kitti_train,2300,002299.png,1,1,1,False,4.578126766574542e-11,2.510000740585383e-08,0.9999999984724021,True
kitti_train,2301,002300.png,4,4,4,False,4.8750004033593086e-11,3.199994580427301e-08,0.9999999960238416,True
kitti_train,2303,002302.png,5,5,5,False,4.39843717003896e-11,3.200000264769187e-08,0.999999995589575,True
kitti_train,2307,002306.png,5,5,5,False,4.6562503852598525e-11,3.8200028029677924e-08,0.9999999958426499,True
kitti_train,2308,002307.png,4,4,4,False,4.718749870014083e-11,3.9600081436219625e-08,0.9999999893171632,True
kitti_train,2309,002308.png,7,7,7,False,4.914060824923183e-11,4.229998751270614e-08,0.99999998669332,True
kitti_train,2310,002309.png,2,2,2,False,4.624994831559093e-11,3.200000264769187e-08,0.9999999968805465,True
kitti_train,2311,002310.png,1,1,1,False,4.906249712055555e-11,3.139999904533397e-08,0.9999999983202297,True
kitti_train,2314,002313.png,6,6,6,False,4.7656323332034844e-11,3.200000264769187e-08,0.9999999929480275,True
kitti_train,2315,002314.png,10,10,10,False,4.6874996939560987e-11,3.610000476328423e-08,0.9999999954079083,True
kitti_train,2316,002315.png,12,12,12,False,4.984374718519646e-11,4.620000026989146e-08,0.9999999967882475,True
kitti_train,2317,002316.png,1,1,1,False,2.703126611436346e-11,1.3700059753318783e-08,0.999999998989677,True
kitti_train,2319,002318.png,13,13,13,False,4.8671844332659475e-11,4.149995902480441e-08,0.9999999951646398,True
kitti_train,2320,002319.png,3,3,3,False,4.742189974038524e-11,3.169998308294453e-08,0.999999993371154,True
kitti_train,2321,002320.png,2,2,2,False,3.335942633242439e-11,3.200005949111073e-08,0.9999999986742298,True
kitti_train,2322,002321.png,1,1,1,False,3.328126663149078e-11,2.1299996433299384e-08,0.9999999983481284,True
kitti_train,2323,002322.png,11,11,11,False,4.734374003945163e-11,4.20999981542991e-08,0.9999999912082059,True
kitti_train,2324,002323.png,1,1,1,False,3.84374893025452e-11,2.4599998482699448e-08,0.9999999970508353,True
kitti_train,2325,002324.png,1,1,1,False,2.9687502456354764e-11,1.899999801935337e-08,0.9999999991430071,True
kitti_train,2328,002327.png,4,4,4,False,4.640625383967034e-11,2.9700004233745858e-08,0.99999999502742,True
kitti_train,2329,002328.png,6,6,6,False,4.968749717226828e-11,3.200005949111073e-08,0.9999999956617672,True
kitti_train,2330,002329.png,1,1,1,False,3.328121112033955e-11,2.1299968011589954e-08,0.9999999957313741,True
kitti_train,2331,002330.png,2,2,2,False,4.2656246590500047e-11,3.200000264769187e-08,0.9999999944937448,True
kitti_train,2332,002331.png,7,7,7,False,4.67187399877389e-11,3.200000264769187e-08,0.9999999977058452,True
kitti_train,2333,002332.png,7,7,7,False,4.734374003945163e-11,3.200005949111073e-08,0.9999999975491988,True
kitti_train,2334,002333.png,11,11,11,False,4.4687531453035945e-11,4.119999630347593e-08,0.9999999916604843,True
kitti_train,2336,002335.png,4,4,4,False,4.8671899843810706e-11,4.299998579426756e-08,0.9999999950264932,True
kitti_train,2338,002337.png,2,2,2,False,3.335942633242439e-11,3.200000264769187e-08,0.999999996710053,True
kitti_train,2339,002338.png,7,7,7,False,4.640624690077644e-11,3.920007429769612e-08,0.9999999963204587,True
kitti_train,2340,002339.png,12,12,12,False,4.656253160817414e-11,3.8400003177230246e-08,0.9999999914740726,True
kitti_train,2341,002340.png,9,9,9,False,4.929684438437221e-11,3.3999995707745256e-08,0.9999999960892089,True
kitti_train,2342,002341.png,10,10,10,False,4.95312471593401e-11,4.089997673872858e-08,0.9999999953621623,True
kitti_train,2343,002342.png,2,2,2,False,3.921873936718612e-11,2.5099993194999115e-08,0.9999999985064756,True
kitti_train,2344,002343.png,1,1,1,False,4.6093750344367024e-11,2.9499998888127266e-08,0.999999996163425,True
kitti_train,2345,002344.png,8,8,8,False,4.874997627801747e-11,3.450003305260907e-08,0.9999999976845529,True
kitti_train,2346,002345.png,8,8,8,False,4.890625404652127e-11,3.5000027764908737e-08,0.9999999927282583,True
kitti_train,2347,002346.png,4,4,4,False,4.531249681027916e-11,3.2199977795244195e-08,0.9999999951829273,True
kitti_train,2348,002347.png,3,3,3,False,4.890625057707432e-11,3.130000081341677e-08,0.9999999945942697,True
kitti_train,2349,002348.png,2,2,2,False,4.8828052712224235e-11,3.269997250754386e-08,0.9999999989261628,True
kitti_train,2350,002349.png,13,13,13,False,4.703124695248917e-11,3.7099937344464706e-08,0.9999999930528798,True
kitti_train,2353,002352.png,4,4,4,False,4.6093753813813976e-11,3.850001917271584e-08,0.9999999950451431,True
kitti_train,2354,002353.png,3,3,3,False,4.898435823630365e-11,3.199994580427301e-08,0.9999999949499623,True
kitti_train,2356,002355.png,2,2,2,False,4.9531254098234e-11,3.17000043992266e-08,0.9999999985354244,True
kitti_train,2357,002356.png,3,3,3,False,3.999999984016789e-11,3.330001163703855e-08,0.9999999953776314,True
kitti_train,2358,002357.png,12,12,12,False,4.7656250473648853e-11,3.200005949111073e-08,0.9999999950489453,True
kitti_train,2359,002358.png,2,2,2,False,3.8750003206189376e-11,2.710001467676193e-08,0.9999999966684054,True
kitti_train,2360,002359.png,4,4,4,False,4.984374024630256e-11,3.640002432803158e-08,0.9999999948489053,True
kitti_train,2361,002360.png,1,1,1,False,3.781241986189343e-11,2.6799966690305155e-08,0.9999999988771036,True
kitti_train,2362,002361.png,4,4,4,False,3.687500305105118e-11,3.200000264769187e-08,0.9999999986609432,True
kitti_train,2363,002362.png,9,9,9,False,4.843750400773672e-11,3.4100082757504424e-08,0.9999999954544483,True
kitti_train,2365,002364.png,4,4,4,False,4.1796899274970656e-11,3.199994580427301e-08,0.9999999945050797,True
kitti_train,2366,002365.png,2,2,2,False,4.1406253425968487e-11,2.650000396897667e-08,0.9999999980703511,True
kitti_train,2367,002366.png,6,6,6,False,4.88281637345267e-11,4.41000054252072e-08,0.9999999938338097,True
kitti_train,2368,002367.png,9,9,9,False,4.5234427314966297e-11,3.599998876779864e-08,0.9999999946714254,True
kitti_train,2369,002368.png,3,3,3,False,4.5703107964811807e-11,2.1300024855008814e-08,0.9999999981362406,True
kitti_train,2370,002369.png,3,3,3,False,4.421875018922883e-11,3.740001375263091e-08,0.999999995004316,True
kitti_train,2371,002370.png,2,2,2,False,4.750000046072067e-11,3.200000264769187e-08,0.9999999932723138,True
kitti_train,2372,002371.png,6,6,6,False,4.8750004033593086e-11,4.110006557311863e-08,0.9999999958286295,True
kitti_train,2375,002374.png,2,2,2,False,3.5624947436474486e-11,3.049996166737401e-08,0.999999993080157,True
kitti_train,2376,002375.png,14,14,14,False,4.9687504111162184e-11,4.0999964312504744e-08,0.9999999956951307,True
kitti_train,2377,002376.png,4,4,4,False,4.992184443608494e-11,2.449999669806857e-08,0.9999999941302409,True
kitti_train,2378,002377.png,4,4,4,False,4.734374003945163e-11,3.0199998946045525e-08,0.9999999963905744,True
kitti_train,2380,002379.png,6,6,6,False,4.5781252053234134e-11,3.640002432803158e-08,0.9999999928420352,True
kitti_train,2381,002380.png,10,10,10,False,4.968758737788903e-11,3.200005949111073e-08,0.9999999957691047,True
kitti_train,2382,002381.png,5,5,5,False,4.8828122101163274e-11,3.419999927700701e-08,0.9999999968321532,True
kitti_train,2383,002382.png,4,4,4,False,4.3281239703318874e-11,2.769999696283776e-08,0.9999999982259759,True
kitti_train,2384,002383.png,5,5,5,False,4.1250003413040304e-11,3.379994950591936e-08,0.9999999986530688,True
kitti_train,2386,002385.png,10,10,10,False,4.7187503904311257e-11,3.790000846493058e-08,0.9999999941734201,True
kitti_train,2387,002386.png,8,8,8,False,4.9687504111162184e-11,4.1600003441999434e-08,0.9999999947451849,True
kitti_train,2388,002387.png,6,6,6,False,4.95312471593401e-11,4.140002829444711e-08,0.9999999954088872,True
kitti_train,2390,002389.png,9,9,9,False,4.773437201066599e-11,3.200000264769187e-08,0.9999999982704477,True
kitti_train,2392,002391.png,2,2,2,False,4.937505959645705e-11,3.200000264769187e-08,0.9999999931842184,True
kitti_train,2396,002395.png,9,9,9,False,4.7968740091164364e-11,4.349993787400308e-08,0.9999999946362849,True
kitti_train,2398,002397.png,5,5,5,False,4.789058039023075e-11,3.199997422598244e-08,0.9999999948711352,True
kitti_train,2399,002398.png,8,8,8,False,4.929689989552344e-11,4.159994659858057e-08,0.9999999948108251,True
kitti_train,2400,002399.png,14,14,14,False,4.914060824923183e-11,3.310003648948623e-08,0.9999999870782704,True
kitti_train,2401,002400.png,6,6,6,False,4.546875029265429e-11,3.1999995542264514e-08,0.9999999952460659,True
kitti_train,2402,002401.png,2,2,2,False,3.328126663149078e-11,2.1300024855008814e-08,0.9999999989910909,True
kitti_train,2403,002402.png,2,2,2,False,4.843750400773672e-11,3.11000007968687e-08,0.9999999977688686,True
kitti_train,2404,002403.png,2,2,2,False,4.7031240013595266e-11,3.009999716141465e-08,0.9999999988028523,True
kitti_train,2406,002405.png,10,10,10,False,4.3593750137516096e-11,3.200005949111073e-08,0.9999999950117284,True
kitti_train,2407,002406.png,5,5,5,False,4.710937195895326e-11,2.5900007472046127e-08,0.9999999959145096,True
kitti_train,2408,002407.png,9,9,9,False,4.9062490181661644e-11,4.199989689368522e-08,0.9999999932367211,True
kitti_train,2409,002408.png,1,1,1,False,4.992184443608494e-11,3.11000007968687e-08,0.9999999978101157,True
kitti_train,2410,002409.png,12,12,12,False,4.7968851113466826e-11,4.180003543297062e-08,0.9999999962256289,True
kitti_train,2411,002410.png,4,4,4,False,4.703124695248917e-11,4.06000140174001e-08,0.9999999986110416,True
kitti_train,2412,002411.png,1,1,1,False,4.624998994895435e-11,3.5699997624760726e-08,0.9999999978911908,True
kitti_train,2413,002412.png,4,4,4,False,4.070312142889776e-11,3.200000264769187e-08,0.9999999980976924,True
kitti_train,2414,002413.png,10,10,10,False,4.640625383967034e-11,3.339999921081471e-08,0.9999999948014991,True
kitti_train,2415,002414.png,11,11,11,False,4.656250038315157e-11,3.199994580427301e-08,0.9999999926863093,True
kitti_train,2417,002416.png,9,9,9,False,4.890625404652127e-11,3.650001190180774e-08,0.9999999940886807,True
kitti_train,2418,002417.png,1,1,1,False,4.9453052763936967e-11,2.109999996946499e-08,0.999999994323403,True
kitti_train,2419,002418.png,6,6,6,False,4.390625016337246e-11,3.200000264769187e-08,0.9999999954288804,True
kitti_train,2420,002419.png,9,9,9,False,3.9140579666252506e-11,2.449999669806857e-08,0.9999999958071052,True
kitti_train,2421,002420.png,4,4,4,False,4.687505938960612e-11,3.2999992072291207e-08,0.9999999925677074,True
kitti_train,2422,002421.png,3,3,3,False,4.421876753646359e-11,3.200005949111073e-08,0.9999999966140907,True
kitti_train,2423,002422.png,7,7,7,False,4.8515635953094716e-11,3.640002432803158e-08,0.999999990338019,True
kitti_train,2424,002423.png,5,5,5,False,4.656242058587168e-11,3.799999603870674e-08,0.9999999951231494,True
kitti_train,2426,002425.png,1,1,1,False,3.8515635125691006e-11,3.4199956644442864e-08,0.9999999942152747,True
kitti_train,2427,002426.png,1,1,1,False,3.335942633242439e-11,2.1500056845979998e-08,0.999999996370545,True
kitti_train,2428,002427.png,6,6,6,False,4.976563605652018e-11,3.5000027764908737e-08,0.9999999936194359,True
kitti_train,2429,002428.png,3,3,3,False,4.406247589017198e-11,2.8199991675137426e-08,0.9999999956757956,True
kitti_train,2430,002429.png,1,1,1,False,3.20312387724897e-11,2.0499982156252372e-08,0.9999999998609161,True
kitti_train,2431,002430.png,1,1,1,False,3.328124928425602e-11,2.1299999986013063e-08,0.9999999982237716,True
kitti_train,2432,002431.png,1,1,1,False,3.335942633242439e-11,2.1299996433299384e-08,0.9999999970745215,True
kitti_train,2433,002432.png,3,3,3,False,4.960931665465296e-11,3.200000264769187e-08,0.9999999936247804,True
kitti_train,2434,002433.png,7,7,7,False,4.632810801652454e-11,4.409997700349777e-08,0.9999999928859257,True
kitti_train,2436,002435.png,11,11,11,False,4.781247620044837e-11,3.7500058169825934e-08,0.9999999947715744,True
kitti_train,2437,002436.png,4,4,4,False,4.992184443608494e-11,3.270002935096272e-08,0.9999999933863483,True
kitti_train,2439,002438.png,2,2,2,False,3.734373921204792e-11,3.200000264769187e-08,0.9999999946252983,True
kitti_train,2441,002440.png,11,11,11,False,4.99219554583874e-11,4.399998942972161e-08,0.9999999908557654,True
kitti_train,2442,002441.png,13,13,13,False,4.8125003981880354e-11,3.079999544297607e-08,0.9999999924758078,True
kitti_train,2443,002442.png,3,3,3,False,4.4375059182755194e-11,3.240006662963424e-08,0.9999999957483848,True
kitti_train,2444,002443.png,5,5,5,False,4.8046899792097975e-11,3.7000006614107406e-08,0.9999999953845486,True
kitti_train,2446,002445.png,3,3,3,False,4.9843768001878175e-11,3.200000264769187e-08,0.9999999987576141,True
kitti_train,2447,002446.png,7,7,7,False,4.7187503904311257e-11,3.200005949111073e-08,0.9999999974638296,True
kitti_train,2449,002448.png,5,5,5,False,4.8437476252161105e-11,3.449997620919021e-08,0.9999999958472993,True
kitti_train,2450,002449.png,13,13,13,False,4.937505959645705e-11,3.200000264769187e-08,0.9999999954764519,True
kitti_train,2451,002450.png,11,11,11,False,4.687500387845489e-11,3.390005076653324e-08,0.9999999953772626,True
kitti_train,2452,002451.png,3,3,3,False,3.5703107137408097e-11,3.200000264769187e-08,0.999999998316822,True
kitti_train,2453,002452.png,15,15,15,False,4.94531082750882e-11,4.46999592895736e-08,0.9999999950760542,True
kitti_train,2454,002453.png,1,1,1,False,3.328125275370297e-11,2.1299999986013063e-08,0.9999999982679716,True
kitti_train,2455,002454.png,9,9,9,False,4.5625000305582475e-11,3.200000264769187e-08,0.9999999924540874,True
kitti_train,2456,002455.png,8,8,8,False,4.6250031582317774e-11,3.200000264769187e-08,0.9999999958848946,True
kitti_train,2458,002457.png,1,1,1,False,4.0312499866024254e-11,3.370001877556206e-08,0.9999999968128673,True
kitti_train,2459,002458.png,3,3,3,False,4.742184422923401e-11,3.200000264769187e-08,0.9999999915027487,True
kitti_train,2460,002459.png,15,15,15,False,4.703126776917088e-11,4.420000188076756e-08,0.9999999948391789,True
kitti_train,2461,002460.png,4,4,4,False,4.750000393016762e-11,4.0299994452652754e-08,0.9999999964683643,True
kitti_train,2462,002461.png,7,7,7,False,4.8906212413157846e-11,4.089997673872858e-08,0.9999999900279148,True
kitti_train,2465,002464.png,1,1,1,False,4.781250395602399e-11,3.060000253185535e-08,0.9999999975481519,True
kitti_train,2466,002465.png,13,13,13,False,4.9687504111162184e-11,4.1000049577633035e-08,0.9999999860339377,True
kitti_train,2467,002466.png,2,2,2,False,3.335937082127316e-11,2.299998413946014e-08,0.9999999936293801,True
kitti_train,2469,002468.png,9,9,9,False,4.3593746668069144e-11,3.4900011769423145e-08,0.9999999963431594,True
kitti_train,2470,002469.png,1,1,1,False,3.664057945940158e-11,3.200000264769187e-08,0.9999999919827847,True
kitti_train,2472,002471.png,16,16,16,False,4.773437201066599e-11,3.9700012166576926e-08,0.9999999949368588,True
kitti_train,2473,002472.png,4,4,4,False,4.7734483032968456e-11,3.730002617885475e-08,0.9999999935491052,True
kitti_train,2474,002473.png,7,7,7,False,4.1406253425968487e-11,3.200000264769187e-08,0.9999999965973488,True
kitti_train,2476,002475.png,1,1,1,False,3.335931531012193e-11,2.1299999986013063e-08,0.9999999958104222,True
kitti_train,2477,002476.png,11,11,11,False,4.828124879063811e-11,3.719998176165973e-08,0.9999999943375469,True
kitti_train,2478,002477.png,13,13,13,False,4.7656240065308e-11,3.4900040191132575e-08,0.9999999964439692,True
kitti_train,2479,002478.png,1,1,1,False,2.5468752107293824e-11,1.6299999572311208e-08,0.999999999339672,True
kitti_train,2480,002479.png,6,6,6,False,4.874999015580528e-11,3.589997277231305e-08,0.9999999954849423,True
kitti_train,2481,002480.png,3,3,3,False,4.7890635901381984e-11,3.200000264769187e-08,0.9999999965714408,True
kitti_train,2482,002481.png,6,6,6,False,3.8750003206189376e-11,3.200000264769187e-08,0.9999999938997952,True
kitti_train,2483,002482.png,1,1,1,False,4.796875049950522e-11,3.070000076377255e-08,0.9999999954968982,True
kitti_train,2484,002483.png,4,4,4,False,3.5234315465260124e-11,3.199994580427301e-08,0.9999999956525646,True
kitti_train,2485,002484.png,7,7,7,False,4.7812497017130084e-11,3.990004415754811e-08,0.9999999959893949,True
kitti_train,2487,002486.png,9,9,9,False,4.890624016873346e-11,4.629998784366762e-08,0.9999999966993339,True
kitti_train,2488,002487.png,19,19,19,False,4.9687504111162184e-11,4.06000140174001e-08,0.9999999946674512,True
kitti_train,2489,002488.png,4,4,4,False,4.335931613752564e-11,3.200000264769187e-08,0.9999999941372814,True
kitti_train,2490,002489.png,5,5,5,False,4.8750004033593086e-11,3.200000264769187e-08,0.9999999946382515,True
kitti_train,2491,002490.png,9,9,9,False,4.28905799765289e-11,3.6199992337060394e-08,0.9999999920841403,True
kitti_train,2493,002492.png,3,3,3,False,4.031247557989559e-11,3.610000476328423e-08,0.9999999965466874,True
kitti_train,2494,002493.png,1,1,1,False,2.8281266217788925e-11,1.3799990483676083e-08,0.9999999993859787,True
kitti_train,2496,002495.png,7,7,7,False,4.968749717226828e-11,3.610000476328423e-08,0.999999996254451,True
kitti_train,2497,002496.png,5,5,5,False,4.4140691102256824e-11,3.4200070331280585e-08,0.9999999930236144,True
kitti_train,2498,002497.png,7,7,7,False,4.9531240220446193e-11,4.699998612522904e-08,0.9999999926756749,True
kitti_train,2499,002498.png,1,1,1,False,4.687500040900794e-11,3.199994580427301e-08,0.9999999919316739,True
kitti_train,2500,002499.png,2,2,2,False,3.593749950403513e-11,2.3000000126671694e-08,0.9999999955156408,True
kitti_train,2501,002500.png,1,1,1,False,3.328125275370297e-11,2.1299999986013063e-08,0.999999998928362,True
kitti_train,2502,002501.png,8,8,8,False,4.531249681027916e-11,3.389999392311438e-08,0.9999999885831165,True
kitti_train,2503,002502.png,2,2,2,False,4.109368401117308e-11,3.539997806001338e-08,0.999999999092996,True
kitti_train,2504,002503.png,8,8,8,False,4.656249691370462e-11,3.260001335547713e-08,0.9999999954973673,True
kitti_train,2506,002505.png,6,6,6,False,4.8125003981880354e-11,3.200005949111073e-08,0.9999999966051822,True
kitti_train,2507,002506.png,2,2,2,False,4.7656250473648853e-11,3.0499998970867637e-08,0.9999999964597606,True
kitti_train,2508,002507.png,1,1,1,False,4.843750400773672e-11,2.6799998664728264e-08,0.9999999976743944,True
kitti_train,2510,002509.png,4,4,4,False,4.640625383967034e-11,3.200005949111073e-08,0.9999999959247838,True
kitti_train,2512,002511.png,3,3,3,False,4.6562503852598525e-11,3.199994580427301e-08,0.9999999955337806,True
kitti_train,2513,002512.png,3,3,3,False,4.8125003981880354e-11,3.079999544297607e-08,0.9999999975517748,True
kitti_train,2514,002513.png,3,3,3,False,4.5390635694531056e-11,2.890000416755356e-08,0.9999999934192172,True
kitti_train,2515,002514.png,4,4,4,False,4.5156250266797926e-11,3.9600024592800764e-08,0.9999999934086765,True
kitti_train,2516,002515.png,2,2,2,False,4.7656267820883613e-11,3.940002102353901e-08,0.9999999971932906,True
kitti_train,2518,002517.png,13,13,13,False,4.8281267872596345e-11,3.579998519853689e-08,0.9999999939853473,True
kitti_train,2521,002520.png,8,8,8,False,4.890625404652127e-11,3.199997422598244e-08,0.9999999928527246,True
kitti_train,2522,002521.png,2,2,2,False,4.609374687492007e-11,2.9499997111770426e-08,0.9999999974152763,True
kitti_train,2523,002522.png,2,2,2,False,3.335931531012193e-11,3.200000264769187e-08,0.9999999963570674,True
kitti_train,2524,002523.png,4,4,4,False,4.382816332082484e-11,3.240000978621538e-08,0.9999999972695829,True
kitti_train,2525,002524.png,3,3,3,False,4.73436845283004e-11,3.80999836124829e-08,0.9999999956608597,True
kitti_train,2526,002525.png,3,3,3,False,4.601563574624379e-11,3.200000264769187e-08,0.9999999917643951,True
kitti_train,2527,002526.png,8,8,8,False,4.890626792430908e-11,3.5599953207565704e-08,0.9999999956004745,True
kitti_train,2528,002527.png,15,15,15,False,4.937499020751801e-11,4.1600003441999434e-08,0.999999992754489,True
kitti_train,2529,002528.png,2,2,2,False,4.687500387845489e-11,2.999999537678377e-08,0.9999999989206326,True
kitti_train,2530,002529.png,1,1,1,False,4.187499652585913e-11,3.849999075100641e-08,0.9999999978893824,True
kitti_train,2531,002530.png,3,3,3,False,4.7656253943095805e-11,3.0500004299938155e-08,0.9999999988257049,True
kitti_train,2532,002531.png,6,6,6,False,4.7265746871971714e-11,3.719998176165973e-08,0.999999991565846,True
kitti_train,2534,002533.png,7,7,7,False,4.929687213994782e-11,3.200000264769187e-08,0.9999999920449246,True
kitti_train,2535,002534.png,3,3,3,False,4.632810801652454e-11,3.460002062638523e-08,0.9999999974494828,True
kitti_train,2536,002535.png,11,11,11,False,4.968758737788903e-11,4.1600003441999434e-08,0.9999999925435996,True
kitti_train,2539,002538.png,2,2,2,False,4.593749686199189e-11,2.939999887985323e-08,0.9999999970528342,True
kitti_train,2541,002540.png,9,9,9,False,4.851552493079225e-11,3.539997806001338e-08,0.9999999945778162,True
kitti_train,2542,002541.png,6,6,6,False,4.921885121689229e-11,3.200000264769187e-08,0.9999999943705951,True
kitti_train,2544,002543.png,5,5,5,False,4.7031240013595266e-11,3.200000264769187e-08,0.9999999943754605,True
kitti_train,2546,002545.png,2,2,2,False,4.984374024630256e-11,3.189998665220628e-08,0.999999998464138,True
kitti_train,2547,002546.png,8,8,8,False,4.3281239703318874e-11,3.5699997624760726e-08,0.9999999942875885,True
kitti_train,2548,002547.png,6,6,6,False,4.9062476303873837e-11,3.9699983744867495e-08,0.9999999906697195,True
kitti_train,2549,002548.png,7,7,7,False,4.875011505589555e-11,3.8300015603454085e-08,0.9999999948285232,True
kitti_train,2550,002549.png,8,8,8,False,4.703121225801965e-11,3.200000264769187e-08,0.9999999976349113,True
kitti_train,2551,002550.png,2,2,2,False,4.421873978088797e-11,2.8300007670623017e-08,0.9999999988732713,True
kitti_train,2552,002551.png,4,4,4,False,4.593750033143884e-11,3.2800016924738884e-08,0.9999999901915753,True
kitti_train,2553,002552.png,5,5,5,False,4.742184422923401e-11,3.6299979910836555e-08,0.9999999952331611,True
kitti_train,2554,002553.png,4,4,4,False,4.593753155646141e-11,3.729999775714532e-08,0.9999999962549774,True
kitti_train,2555,002554.png,1,1,1,False,4.601563574624379e-11,3.2900004498515045e-08,0.9999999983845814,True
kitti_train,2558,002557.png,5,5,5,False,4.874999015580528e-11,4.259993602317991e-08,0.9999999889366794,True
kitti_train,2560,002559.png,8,8,8,False,4.8281267872596345e-11,3.6999978192397975e-08,0.9999999951917984,True
kitti_train,2561,002560.png,3,3,3,False,4.7812531711599604e-11,3.200005949111073e-08,0.9999999924257376,True
kitti_train,2562,002561.png,5,5,5,False,4.5625000305582475e-11,3.300010575912893e-08,0.999999992158107,True
kitti_train,2563,002562.png,1,1,1,False,3.328115560918832e-11,2.1299968011589954e-08,0.9999999964622929,True
kitti_train,2565,002564.png,3,3,3,False,4.234374656464368e-11,3.8999985463306075e-08,0.9999999920170288,True
kitti_train,2566,002565.png,12,12,12,False,4.999989311471609e-11,4.2399960875627585e-08,0.9999999948963049,True
kitti_train,2567,002566.png,4,4,4,False,4.9687504111162184e-11,3.940002102353901e-08,0.9999999965322424,True
kitti_train,2568,002567.png,6,6,6,False,4.109376727789993e-11,3.4199985066152294e-08,0.9999999959059632,True
kitti_train,2569,002568.png,2,2,2,False,4.265621189603053e-11,3.249999735999154e-08,0.9999999952464134,True
kitti_train,2570,002569.png,8,8,8,False,4.437499673271006e-11,3.200000264769187e-08,0.9999999945204567,True
kitti_train,2571,002570.png,5,5,5,False,4.8203108171662734e-11,4.259999286659877e-08,0.9999999966282211,True
kitti_train,2572,002571.png,9,9,9,False,4.4062500176300645e-11,3.200005949111073e-08,0.9999999933864231,True
kitti_train,2573,002572.png,6,6,6,False,4.625000382674216e-11,2.9299997095222352e-08,0.9999999953868146,True
kitti_train,2574,002573.png,6,6,6,False,4.187497570917742e-11,4.000003173132427e-08,0.9999999960773808,True
kitti_train,2575,002574.png,3,3,3,False,4.11718575898945e-11,3.200000264769187e-08,0.999999996477791,True
kitti_train,2576,002575.png,6,6,6,False,3.5468752934697534e-11,3.200000264769187e-08,0.99999999555655,True
kitti_train,2577,002576.png,3,3,3,False,4.453124674563824e-11,3.200000264769187e-08,0.9999999942694564,True
kitti_train,2578,002577.png,3,3,3,False,4.898439986966707e-11,3.739998533092148e-08,0.9999999912294231,True
kitti_train,2579,002578.png,3,3,3,False,4.8671899843810706e-11,4.41000054252072e-08,0.9999999973160768,True
kitti_train,2580,002579.png,7,7,7,False,4.992184443608494e-11,4.750000925923814e-08,0.999999995755703,True
kitti_train,2582,002581.png,3,3,3,False,4.421875365867578e-11,2.83000023415525e-08,0.9999999945251687,True
kitti_train,2583,002582.png,2,2,2,False,3.945310744768449e-11,3.379997792762879e-08,0.9999999987977183,True
kitti_train,2585,002584.png,4,4,4,False,4.94531082750882e-11,4.2299973301851423e-08,0.9999999964184576,True
kitti_train,2586,002585.png,2,2,2,False,4.414063559110559e-11,3.460002062638523e-08,0.9999999926543586,True
kitti_train,2589,002588.png,13,13,13,False,4.812497622630474e-11,3.479999577393755e-08,0.9999999925754272,True
kitti_train,2590,002589.png,1,1,1,False,3.328126663149078e-11,2.1300081698427675e-08,0.9999999987329067,True
kitti_train,2591,002590.png,2,2,2,False,3.328126663149078e-11,2.1300024855008814e-08,0.9999999950717202,True
kitti_train,2592,002591.png,2,2,2,False,3.4296898654417873e-11,3.200005949111073e-08,0.9999999981553979,True
kitti_train,2593,002592.png,7,7,7,False,4.859375055121795e-11,3.729996933543589e-08,0.9999999949340301,True
kitti_train,2594,002593.png,1,1,1,False,3.93749893801143e-11,2.8100004101361264e-08,0.9999999966946995,True
kitti_train,2595,002594.png,7,7,7,False,4.8750000564146134e-11,4.079998916495242e-08,0.9999999937398226,True
kitti_train,2596,002595.png,9,9,9,False,4.789058039023075e-11,4.250000529282261e-08,0.9999999942512682,True
kitti_train,2598,002597.png,6,6,6,False,4.734376779502725e-11,3.460002062638523e-08,0.9999999964683286,True
kitti_train,2599,002598.png,7,7,7,False,4.7578163631101233e-11,4.020000687887659e-08,0.9999999877712252,True
kitti_train,2600,002599.png,8,8,8,False,4.5781246849063706e-11,3.200000264769187e-08,0.9999999952702262,True
kitti_train,2601,002600.png,3,3,3,False,4.7187500434864305e-11,3.949998017560574e-08,0.9999999920873164,True
kitti_train,2602,002601.png,7,7,7,False,4.078121174089233e-11,3.200000264769187e-08,0.9999999956411744,True
kitti_train,2604,002603.png,2,2,2,False,3.351563471198915e-11,3.200000264769187e-08,0.9999999966560378,True
kitti_train,2605,002604.png,7,7,7,False,4.5625000305582475e-11,3.200000264769187e-08,0.9999999915535944,True
kitti_train,2607,002606.png,5,5,5,False,4.578125031851066e-11,3.199994580427301e-08,0.9999999951161979,True
kitti_train,2608,002607.png,2,2,2,False,4.4531253684532146e-11,3.200000264769187e-08,0.9999999959298553,True
kitti_train,2609,002608.png,2,2,2,False,4.8125003981880354e-11,3.1499979513682774e-08,0.9999999973025563,True
kitti_train,2611,002610.png,2,2,2,False,4.7656267820883613e-11,3.200000264769187e-08,0.9999999930147191,True
kitti_train,2613,002612.png,7,7,7,False,4.8125003981880354e-11,3.200000264769187e-08,0.9999999955403451,True
kitti_train,2614,002613.png,3,3,3,False,4.984374024630256e-11,3.670004389277892e-08,0.9999999958771687,True
kitti_train,2615,002614.png,3,3,3,False,4.421873978088797e-11,2.650000396897667e-08,0.9999999959114091,True
kitti_train,2616,002615.png,19,19,19,False,4.984374024630256e-11,3.200005949111073e-08,0.9999999929182031,True
kitti_train,2617,002616.png,5,5,5,False,4.929689989552344e-11,3.9799942896934226e-08,0.9999999939276022,True
kitti_train,2618,002617.png,1,1,1,False,3.8593739315473385e-11,1.8400001522422826e-08,0.9999999985672653,True
kitti_train,2619,002618.png,1,1,1,False,3.515625290884117e-11,2.2500003638015187e-08,0.9999999985741819,True
kitti_train,2620,002619.png,1,1,1,False,4.4921899533534315e-11,2.430004997222568e-08,0.9999999930255475,True
kitti_train,2621,002620.png,2,2,2,False,4.640626771745815e-11,3.790000846493058e-08,0.9999999912443664,True
kitti_train,2622,002621.png,3,3,3,False,3.9921871364256845e-11,3.200005949111073e-08,0.999999997605592,True
kitti_train,2624,002623.png,5,5,5,False,4.906249712055555e-11,3.200000264769187e-08,0.9999999939008345,True
kitti_train,2625,002624.png,2,2,2,False,3.328125275370297e-11,2.1300024855008814e-08,0.9999999952219999,True
kitti_train,2626,002625.png,4,4,4,False,4.085937144182594e-11,2.5700003902784374e-08,0.9999999941168206,True
kitti_train,2628,002627.png,15,15,15,False,4.984374024630256e-11,3.9000013885015505e-08,0.9999999937103188,True
kitti_train,2630,002629.png,11,11,11,False,4.8046899792097975e-11,3.80999836124829e-08,0.9999999969584237,True
kitti_train,2631,002630.png,4,4,4,False,4.5390635694531056e-11,3.200000264769187e-08,0.9999999961835899,True
kitti_train,2632,002631.png,7,7,7,False,4.578125378795761e-11,3.94001062886673e-08,0.9999999922321199,True
kitti_train,2634,002633.png,4,4,4,False,4.8437476252161105e-11,3.8400003177230246e-08,0.9999999959785797,True
kitti_train,2635,002634.png,4,4,4,False,4.7265608094093636e-11,3.200000264769187e-08,0.9999999957276486,True
kitti_train,2636,002635.png,8,8,8,False,4.3437500124587913e-11,3.200000264769187e-08,0.9999999930936776,True
kitti_train,2637,002636.png,3,3,3,False,4.312494805702727e-11,2.4599955850135302e-08,0.9999999868632728,True
kitti_train,2638,002637.png,6,6,6,False,4.828124011702073e-11,3.899999967416079e-08,0.9999999961754784,True
kitti_train,2640,002639.png,5,5,5,False,4.640621220630692e-11,4.3100044422317296e-08,0.9999999956924318,True
kitti_train,2641,002640.png,13,13,13,False,4.828125399480854e-11,3.709999418788357e-08,0.9999999960810239,True
kitti_train,2642,002641.png,6,6,6,False,4.984374024630256e-11,4.150001586822327e-08,0.9999999934034776,True
kitti_train,2643,002642.png,1,1,1,False,4.624994831559093e-11,2.30999717132363e-08,0.999999995553479,True
kitti_train,2644,002643.png,1,1,1,False,4.46093162409511e-11,2.2500003638015187e-08,0.9999999989932178,True
kitti_train,2646,002645.png,4,4,4,False,4.76562470042019e-11,4.259999286659877e-08,0.9999999934563336,True
kitti_train,2647,002646.png,4,4,4,False,4.843750053828977e-11,3.200000264769187e-08,0.9999999950382353,True
kitti_train,2648,002647.png,4,4,4,False,4.593750380088579e-11,3.200000264769187e-08,0.9999999985589496,True
kitti_train,2650,002649.png,1,1,1,False,3.328125275370297e-11,2.1300003538726742e-08,0.9999999984412408,True
kitti_train,2651,002650.png,1,1,1,False,3.6718753038123e-11,3.0199998946045525e-08,0.9999999975281557,True
kitti_train,2652,002651.png,1,1,1,False,4.593750380088579e-11,3.80999836124829e-08,0.9999999980144687,True
kitti_train,2653,002652.png,13,13,13,False,4.773437201066599e-11,4.5099994849806535e-08,0.9999999951119865,True
kitti_train,2654,002653.png,2,2,2,False,3.390626668320351e-11,2.499999141036824e-08,0.9999999896433448,True
kitti_train,2655,002654.png,2,2,2,False,4.664058028680529e-11,3.580004204195575e-08,0.9999999929679427,True
kitti_train,2656,002655.png,2,2,2,False,3.406250281834389e-11,2.1800001803740088e-08,0.9999999970389521,True
kitti_train,2657,002656.png,3,3,3,False,3.984375329668666e-11,3.200000264769187e-08,0.9999999945521357,True
kitti_train,2658,002657.png,2,2,2,False,4.99219554583874e-11,3.850004759442527e-08,0.999999993584246,True
kitti_train,2659,002658.png,7,7,7,False,4.7187503904311257e-11,3.200005949111073e-08,0.9999999952735249,True
kitti_train,2660,002659.png,1,1,1,False,4.1953052143384184e-11,2.1299999986013063e-08,0.9999999907200915,True
kitti_train,2661,002660.png,1,1,1,False,3.335942633242439e-11,2.1299996433299384e-08,0.9999999985615908,True
kitti_train,2662,002661.png,4,4,4,False,4.2265524413664934e-11,3.470000820016139e-08,0.9999999943712057,True
kitti_train,2663,002662.png,16,16,16,False,4.9531254098234e-11,4.340000714364578e-08,0.9999999935241761,True
kitti_train,2664,002663.png,15,15,15,False,4.992184443608494e-11,4.409997700349777e-08,0.9999999941672423,True
kitti_train,2666,002665.png,1,1,1,False,4.9531240220446193e-11,3.200005949111073e-08,0.9999999968964064,True
kitti_train,2668,002667.png,7,7,7,False,4.8593795654028327e-11,4.06000140174001e-08,0.9999999953597083,True
kitti_train,2669,002668.png,1,1,1,False,4.1875003464753036e-11,3.199994580427301e-08,0.9999999958600966,True
kitti_train,2670,002669.png,1,1,1,False,4.328126745889449e-11,2.1300001762369902e-08,0.9999999957499698,True
kitti_train,2671,002670.png,5,5,5,False,4.8281267872596345e-11,3.200005949111073e-08,0.9999999969887351,True
kitti_train,2672,002671.png,1,1,1,False,4.8593684631725864e-11,3.409991222724784e-08,0.9999999978433339,True
kitti_train,2673,002672.png,6,6,6,False,4.273434384138852e-11,2.6899996896645462e-08,0.9999999955494766,True
kitti_train,2674,002673.png,6,6,6,False,4.6562503852598525e-11,3.200000264769187e-08,0.9999999967274688,True
kitti_train,2675,002674.png,10,10,10,False,4.812494847072912e-11,3.200000264769187e-08,0.9999999969108768,True
kitti_train,2676,002675.png,1,1,1,False,3.335931531012193e-11,2.1299998209656223e-08,0.9999999955958485,True
kitti_train,2677,002676.png,1,1,1,False,4.265625352939395e-11,2.7300004035168968e-08,0.9999999971946747,True
kitti_train,2679,002678.png,15,15,15,False,4.867195535496194e-11,4.479997528505919e-08,0.9999999935452536,True
kitti_train,2680,002679.png,4,4,4,False,4.976563605652018e-11,2.9399984668998513e-08,0.9999999945785143,True
kitti_train,2681,002680.png,1,1,1,False,4.3281239703318874e-11,3.7599988900183234e-08,0.9999999983457039,True
kitti_train,2683,002682.png,6,6,6,False,4.6874996939560987e-11,3.530001890794665e-08,0.9999999954473543,True
kitti_train,2684,002683.png,15,15,15,False,4.6718746926632804e-11,3.849999075100641e-08,0.9999999947270123,True
kitti_train,2687,002686.png,2,2,2,False,3.335937082127316e-11,2.13000106441541e-08,0.9999999954366409,True
kitti_train,2690,002689.png,1,1,1,False,3.468750287005662e-11,2.2199998284122557e-08,0.9999999994212235,True
kitti_train,2691,002690.png,6,6,6,False,4.5468739884313436e-11,3.3600031201785896e-08,0.9999999928456685,True
kitti_train,2693,002692.png,7,7,7,False,4.9218754072377635e-11,3.7599988900183234e-08,0.9999999956356433,True
kitti_train,2694,002693.png,1,1,1,False,4.5781212154594186e-11,3.600001718950807e-08,0.9999999984599796,True
kitti_train,2695,002694.png,8,8,8,False,4.179701029727312e-11,3.3500043628009735e-08,0.9999999898833719,True
kitti_train,2696,002695.png,1,1,1,False,4.3593750137516096e-11,3.200000264769187e-08,0.9999999953495031,True
kitti_train,2697,002696.png,4,4,4,False,4.3593750137516096e-11,3.200005949111073e-08,0.9999999951213037,True
kitti_train,2698,002697.png,12,12,12,False,4.890626792430908e-11,3.840006002064911e-08,0.9999999970647827,True
kitti_train,2699,002698.png,7,7,7,False,4.562500377502943e-11,4.2399989297337015e-08,0.9999999933290706,True
kitti_train,2700,002699.png,4,4,4,False,4.9062476303873837e-11,3.0999956379673677e-08,0.9999999989753885,True
kitti_train,2701,002700.png,2,2,2,False,3.335937082127316e-11,2.1300003538726742e-08,0.9999999987419659,True
kitti_train,2702,002701.png,2,2,2,False,3.335942633242439e-11,3.200000264769187e-08,0.9999999964580779,True
kitti_train,2704,002703.png,2,2,2,False,3.335942633242439e-11,3.200000264769187e-08,0.9999999924124369,True
kitti_train,2705,002704.png,10,10,10,False,4.929689989552344e-11,3.650001190180774e-08,0.9999999952740243,True
kitti_train,2707,002706.png,4,4,4,False,4.781249875185356e-11,3.199999909497819e-08,0.9999999934187935,True
kitti_train,2708,002707.png,19,19,19,False,5.000000413701855e-11,4.159994659858057e-08,0.9999999952440992,True
kitti_train,2709,002708.png,12,12,12,False,4.867195535496194e-11,3.450000463089964e-08,0.9999999963339565,True
kitti_train,2710,002709.png,3,3,3,False,4.5234371803815066e-11,3.199998843683716e-08,0.999999996774623,True
kitti_train,2711,002710.png,2,2,2,False,4.5781246849063706e-11,3.800002446041617e-08,0.9999999960997712,True
kitti_train,2712,002711.png,10,10,10,False,4.9999997198124646e-11,4.019995003545773e-08,0.9999999955699017,True
kitti_train,2713,002712.png,7,7,7,False,4.79686290688619e-11,4.279999643586052e-08,0.9999999921882257,True
kitti_train,2715,002714.png,4,4,4,False,4.921874713348373e-11,3.469998688387932e-08,0.999999995978107,True
kitti_train,2716,002715.png,3,3,3,False,4.312500009873155e-11,3.200000264769187e-08,0.9999999928070149,True
kitti_train,2717,002716.png,11,11,11,False,4.945321929739066e-11,3.730002617885475e-08,0.9999999960731838,True
kitti_train,2719,002718.png,1,1,1,False,3.9218753244973925e-11,2.5100000300426473e-08,0.999999998506155,True
kitti_train,2720,002719.png,5,5,5,False,4.796868458001313e-11,4.2800010646715236e-08,0.9999999965976281,True
kitti_train,2721,002720.png,2,2,2,False,4.718749696541735e-11,3.0199998946045525e-08,0.9999999967048607,True
kitti_train,2722,002721.png,7,7,7,False,4.695310806823727e-11,3.670001547106949e-08,0.9999999949543743,True
kitti_train,2724,002723.png,3,3,3,False,3.335931531012193e-11,2.1300024855008814e-08,0.9999999912466461,True
kitti_train,2725,002724.png,6,6,6,False,4.5234371803815066e-11,3.200000264769187e-08,0.9999999963431326,True
kitti_train,2726,002725.png,12,12,12,False,4.8593754020664903e-11,3.11000007968687e-08,0.9999999918210751,True
kitti_train,2727,002726.png,5,5,5,False,4.453123980674434e-11,3.860003516820143e-08,0.9999999956215284,True
kitti_train,2729,002728.png,3,3,3,False,4.296873967746251e-11,3.479996735222812e-08,0.9999999957744454,True
kitti_train,2731,002730.png,10,10,10,False,4.58593718555278e-11,3.1999995542264514e-08,0.9999999961655027,True
kitti_train,2732,002731.png,14,14,14,False,4.890632343546031e-11,3.7699976473959396e-08,0.9999999950440741,True
kitti_train,2735,002734.png,14,14,14,False,4.7812531711599604e-11,3.6199992337060394e-08,0.999999995137998,True
kitti_train,2736,002735.png,1,1,1,False,3.9140579666252506e-11,1.72999961023379e-08,0.9999999988912044,True
kitti_train,2737,002736.png,1,1,1,False,4.0312499866024254e-11,2.780001295832335e-08,0.9999999944238646,True
kitti_train,2738,002737.png,7,7,7,False,4.429687172624597e-11,3.989998731412925e-08,0.9999999940003585,True
kitti_train,2739,002738.png,5,5,5,False,4.78906636569576e-11,3.199994580427301e-08,0.9999999925358358,True
kitti_train,2741,002740.png,2,2,2,False,3.335937082127316e-11,2.1300001762369902e-08,0.9999999937909583,True
kitti_train,2743,002742.png,17,17,17,False,4.968750064171523e-11,4.250000529282261e-08,0.9999999951900161,True
kitti_train,2744,002743.png,10,10,10,False,4.890625404652127e-11,3.529999048623722e-08,0.9999999926569244,True
kitti_train,2746,002745.png,6,6,6,False,4.375000361989123e-11,3.199994580427301e-08,0.9999999976279901,True
kitti_train,2747,002746.png,8,8,8,False,4.1640635384254665e-11,2.9299997095222352e-08,0.99999998624682,True
kitti_train,2748,002747.png,7,7,7,False,4.867195535496194e-11,3.200000264769187e-08,0.9999999956320293,True
kitti_train,2751,002750.png,6,6,6,False,4.624998994895435e-11,4.339995030022692e-08,0.9999999949644203,True
kitti_train,2753,002752.png,9,9,9,False,4.8203163682813965e-11,3.5699997624760726e-08,0.9999999963677426,True
kitti_train,2754,002753.png,10,10,10,False,4.7187503904311257e-11,3.7600017321892665e-08,0.9999999972319616,True
kitti_train,2755,002754.png,6,6,6,False,4.398442721154083e-11,4.150001586822327e-08,0.9999999892156473,True
kitti_train,2756,002755.png,2,2,2,False,4.671879549889013e-11,4.1000077999342466e-08,0.9999999973022243,True
kitti_train,2758,002757.png,1,1,1,False,3.335931531012193e-11,3.200000264769187e-08,0.9999999973104657,True
kitti_train,2759,002758.png,5,5,5,False,4.328126745889449e-11,3.2900004498515045e-08,0.9999999933302095,True
kitti_train,2761,002760.png,3,3,3,False,4.859376789845271e-11,4.3000000005122274e-08,0.9999999957817185,True
kitti_train,2762,002761.png,1,1,1,False,3.335937082127316e-11,3.200000264769187e-08,0.9999999901850266,True
kitti_train,2763,002762.png,11,11,11,False,4.7656240065308e-11,3.200000264769187e-08,0.9999999868090005,True
kitti_train,2764,002763.png,1,1,1,False,1.6406251357459212e-11,1.0499999092417056e-08,0.9999999994026939,True
kitti_train,2765,002764.png,2,2,2,False,3.5703107137408097e-11,3.200000264769187e-08,0.9999999888554032,True
kitti_train,2766,002765.png,4,4,4,False,4.546875029265429e-11,3.7500058169825934e-08,0.9999999934099929,True
kitti_train,2769,002768.png,2,2,2,False,4.8359427573529956e-11,3.410002591408556e-08,0.9999999907835071,True
kitti_train,2771,002770.png,3,3,3,False,4.57812399101698e-11,3.200000264769187e-08,0.9999999950180369,True
kitti_train,2772,002771.png,4,4,4,False,3.7812496189726374e-11,3.200000264769187e-08,0.9999999916282556,True
kitti_train,2773,002772.png,3,3,3,False,3.328126663149078e-11,2.1300024855008814e-08,0.9999999973595649,True
kitti_train,2774,002773.png,7,7,7,False,4.890625057707432e-11,3.200000264769187e-08,0.9999999962682151,True
kitti_train,2775,002774.png,6,6,6,False,4.632805250537331e-11,3.069996523663576e-08,0.9999999928092276,True
kitti_train,2776,002775.png,12,12,12,False,4.976563605652018e-11,4.340000714364578e-08,0.9999999931091597,True
kitti_train,2777,002776.png,2,2,2,False,3.703124959453241e-11,3.199994580427301e-08,0.9999999935765203,True
kitti_train,2779,002778.png,6,6,6,False,4.734375391723944e-11,3.200000264769187e-08,0.9999999952502742,True
kitti_train,2780,002779.png,4,4,4,False,4.593750380088579e-11,3.679997462313622e-08,0.9999999950503298,True
kitti_train,2783,002782.png,8,8,8,False,4.5156212102881454e-11,4.0999964312504744e-08,0.999999993821757,True
kitti_train,2784,002783.png,2,2,2,False,3.335931531012193e-11,3.200000264769187e-08,0.9999999965277937,True
kitti_train,2785,002784.png,1,1,1,False,4.7812497017130084e-11,3.0599998979141674e-08,0.9999999960570711,True
kitti_train,2787,002786.png,7,7,7,False,4.937494857415459e-11,4.150001586822327e-08,0.9999999938771442,True
kitti_train,2788,002787.png,6,6,6,False,4.593753155646141e-11,3.650001190180774e-08,0.9999999852647506,True
kitti_train,2789,002788.png,5,5,5,False,4.9062420792722605e-11,4.599996827892028e-08,0.9999999920458711,True
kitti_train,2792,002791.png,2,2,2,False,4.367184391895762e-11,2.6099996830453165e-08,0.9999999949408626,True
kitti_train,2794,002793.png,9,9,9,False,4.625000382674216e-11,3.200005949111073e-08,0.9999999940207767,True
kitti_train,2795,002794.png,7,7,7,False,4.812499704298645e-11,3.540003490343224e-08,0.9999999911047907,True
kitti_train,2796,002795.png,4,4,4,False,4.8281267872596345e-11,3.25000542034104e-08,0.9999999955167823,True
kitti_train,2798,002797.png,4,4,4,False,3.734373921204792e-11,3.199994580427301e-08,0.9999999973249809,True
kitti_train,2799,002798.png,7,7,7,False,4.9062490181661644e-11,3.200000264769187e-08,0.999999997540263,True
kitti_train,2801,002800.png,6,6,6,False,4.921874019458983e-11,3.540000648172281e-08,0.99999999198903,True
kitti_train,2803,002802.png,3,3,3,False,4.343747583845925e-11,3.80999836124829e-08,0.9999999922040143,True
kitti_train,2804,002803.png,4,4,4,False,4.8593754020664903e-11,3.110000434958238e-08,0.9999999965860015,True
kitti_train,2805,002804.png,2,2,2,False,4.7656253943095805e-11,3.199994580427301e-08,0.9999999867112264,True
kitti_train,2806,002805.png,4,4,4,False,4.1718795085188276e-11,3.440004547883291e-08,0.9999999951939907,True
kitti_train,2807,002806.png,5,5,5,False,3.796874967210151e-11,2.640001639520051e-08,0.99999999730034,True
kitti_train,2808,002807.png,13,13,13,False,4.8359372062378725e-11,3.8999985463306075e-08,0.9999999931500602,True
kitti_train,2809,002808.png,2,2,2,False,4.5000003723316695e-11,3.670001547106949e-08,0.9999999924943362,True
kitti_train,2810,002809.png,4,4,4,False,4.085931593067471e-11,3.200000264769187e-08,0.99999999561775,True
kitti_train,2812,002811.png,1,1,1,False,4.382810780967361e-11,3.869996589855873e-08,0.9999999983327312,True
kitti_train,2813,002812.png,10,10,10,False,4.671875386552671e-11,3.270000092925329e-08,0.999999992831899,True
kitti_train,2814,002813.png,4,4,4,False,4.187498958696523e-11,3.840000029065038e-08,0.9999999962487096,True
kitti_train,2815,002814.png,2,2,2,False,3.6718753038123e-11,3.200000264769187e-08,0.9999999960381554,True
kitti_train,2816,002815.png,15,15,15,False,4.914062212701964e-11,3.999997488790541e-08,0.9999999952926549,True
kitti_train,2817,002816.png,9,9,9,False,4.976574707882264e-11,4.1700047859194456e-08,0.9999999926740777,True
kitti_train,2818,002817.png,11,11,11,False,4.960931665465296e-11,2.9700004233745858e-08,0.9999999972547963,True
kitti_train,2819,002818.png,9,9,9,False,4.539062875563715e-11,3.200000264769187e-08,0.9999999967496865,True
kitti_train,2820,002819.png,3,3,3,False,4.648437190724053e-11,2.690000044935914e-08,0.9999999940874034,True
kitti_train,2821,002820.png,2,2,2,False,4.929689989552344e-11,4.35999822911981e-08,0.9999999955034211,True
kitti_train,2822,002821.png,6,6,6,False,4.968758737788903e-11,3.750000132640707e-08,0.9999999956159321,True
kitti_train,2823,002822.png,15,15,15,False,4.9140580493656216e-11,3.919998903256783e-08,0.9999999880300553,True
kitti_train,2824,002823.png,5,5,5,False,4.5000003723316695e-11,3.040003093701671e-08,0.9999999919110966,True
kitti_train,2825,002824.png,5,5,5,False,4.8828052712224235e-11,3.989998731412925e-08,0.9999999944688956,True
kitti_train,2826,002825.png,6,6,6,False,4.757810811995e-11,3.200005949111073e-08,0.999999991549471,True
kitti_train,2827,002826.png,8,8,8,False,4.734374003945163e-11,3.200000264769187e-08,0.9999999963131401,True
kitti_train,2828,002827.png,4,4,4,False,4.671875386552671e-11,3.200000264769187e-08,0.9999999951972861,True
kitti_train,2830,002829.png,3,3,3,False,4.7031240013595266e-11,4.1100008729699766e-08,0.9999999986544229,True
kitti_train,2831,002830.png,1,1,1,False,4.8203108171662734e-11,3.1500007935392205e-08,0.9999999976640981,True
kitti_train,2832,002831.png,7,7,7,False,4.562499683613552e-11,3.200000264769187e-08,0.9999999963290804,True
kitti_train,2835,002834.png,7,7,7,False,4.984374024630256e-11,4.0300022874362185e-08,0.9999999933576091,True
kitti_train,2836,002835.png,1,1,1,False,4.17187499823779e-11,2.6699998656454227e-08,0.9999999941828753,True
kitti_train,2837,002836.png,3,3,3,False,4.8359316551227494e-11,4.3099930735479575e-08,0.9999999928357466,True
kitti_train,2838,002837.png,2,2,2,False,4.593758706761264e-11,2.6799966690305155e-08,0.9999999988913324,True
kitti_train,2839,002838.png,5,5,5,False,4.531250374917306e-11,4.279999643586052e-08,0.999999994472675,True
kitti_train,2840,002839.png,8,8,8,False,4.671875386552671e-11,3.380000634933822e-08,0.9999999939077255,True
kitti_train,2841,002840.png,4,4,4,False,4.7187503904311257e-11,4.20999981542991e-08,0.9999999923077573,True
kitti_train,2842,002841.png,12,12,12,False,4.953126797602181e-11,3.200000264769187e-08,0.9999999917243233,True
kitti_train,2843,002842.png,2,2,2,False,3.640625301226663e-11,2.3300000151493805e-08,0.999999997632163,True
kitti_train,2844,002843.png,5,5,5,False,4.2734316085812907e-11,3.3600002780076466e-08,0.9999999923298442,True
kitti_train,2845,002844.png,2,2,2,False,4.7656240065308e-11,3.049999008908344e-08,0.9999999992063214,True
kitti_train,2846,002845.png,6,6,6,False,4.999994862586732e-11,3.819997118625906e-08,0.9999999951325327,True
kitti_train,2848,002847.png,7,7,7,False,4.789080243483568e-11,3.610006160670309e-08,0.9999999978278352,True
kitti_train,2849,002848.png,7,7,7,False,4.7031240013595266e-11,3.729999775714532e-08,0.9999999971605101,True
kitti_train,2850,002849.png,3,3,3,False,4.843750400773672e-11,3.200000264769187e-08,0.9999999981392097,True
kitti_train,2852,002851.png,3,3,3,False,4.281250007287518e-11,2.7399998714372487e-08,0.9999999952492317,True
kitti_train,2853,002852.png,2,2,2,False,3.593750297348208e-11,3.199988896085415e-08,0.9999999949040165,True
kitti_train,2854,002853.png,10,10,10,False,4.9687504111162184e-11,4.140000697816504e-08,0.9999999969828502,True
kitti_train,2855,002854.png,5,5,5,False,4.8750004033593086e-11,3.25999849337677e-08,0.9999999935199125,True
kitti_train,2857,002856.png,2,2,2,False,3.500011391821545e-11,3.200000264769187e-08,0.9999999968261064,True
kitti_train,2858,002857.png,1,1,1,False,4.382805229852238e-11,3.810004045590176e-08,0.999999997913511,True
kitti_train,2859,002858.png,6,6,6,False,4.843750053828977e-11,3.1599938665749505e-08,0.9999999921792543,True
kitti_train,2860,002859.png,9,9,9,False,4.8046899792097975e-11,3.5600066894403426e-08,0.9999999937204028,True
kitti_train,2861,002860.png,2,2,2,False,4.9921733413782476e-11,3.40999690706667e-08,0.9999999971318682,True
kitti_train,2863,002862.png,2,2,2,False,3.5312530677344967e-11,2.230007112302701e-08,0.9999999950969006,True
kitti_train,2864,002863.png,1,1,1,False,3.335931531012193e-11,2.1300003538726742e-08,0.9999999963728877,True
kitti_train,2866,002865.png,3,3,3,False,4.937500408530582e-11,3.380000634933822e-08,0.9999999944062208,True
kitti_train,2867,002866.png,5,5,5,False,3.5234370976411356e-11,3.199999909497819e-08,0.9999999942860721,True
kitti_train,2868,002867.png,7,7,7,False,4.960942767695542e-11,3.380000634933822e-08,0.9999999819134517,True
kitti_train,2869,002868.png,1,1,1,False,3.101563450513822e-11,2.849992597475648e-08,0.9999999992319493,True
kitti_train,2870,002869.png,5,5,5,False,4.796875049950522e-11,4.390000185594545e-08,0.9999999979744416,True
kitti_train,2871,002870.png,5,5,5,False,3.937505876905334e-11,3.2900032920224476e-08,0.9999999954332675,True
kitti_train,2872,002871.png,5,5,5,False,4.4531250215085194e-11,3.260004177718656e-08,0.9999999948008806,True
kitti_train,2873,002872.png,13,13,13,False,4.968747635558657e-11,3.200000264769187e-08,0.9999999951088376,True
kitti_train,2874,002873.png,15,15,15,False,4.6874996939560987e-11,3.2299993790729786e-08,0.9999999958907421,True
kitti_train,2875,002874.png,12,12,12,False,4.3593767484750856e-11,3.200000264769187e-08,0.9999999924009761,True
kitti_train,2876,002875.png,1,1,1,False,4.8593795654028327e-11,4.06000140174001e-08,0.9999999992556236,True
kitti_train,2877,002876.png,2,2,2,False,3.335942633242439e-11,2.1299996433299384e-08,0.9999999972453179,True
kitti_train,2878,002877.png,2,2,2,False,3.554689875784334e-11,3.200000264769187e-08,0.9999999907031539,True
kitti_train,2879,002878.png,4,4,4,False,3.8046898964694265e-11,3.200000264769187e-08,0.9999999972725052,True
kitti_train,2880,002879.png,7,7,7,False,4.085931593067471e-11,3.509995849526604e-08,0.9999999963644034,True
kitti_train,2882,002881.png,1,1,1,False,4.999989311471609e-11,3.979999974035309e-08,0.9999999974275363,True
kitti_train,2883,002882.png,2,2,2,False,4.078121174089233e-11,3.199998843683716e-08,0.9999999960028516,True
kitti_train,2885,002884.png,2,2,2,False,3.562500294762572e-11,2.449999669806857e-08,0.9999999978534001,True
kitti_train,2886,002885.png,3,3,3,False,4.8515635953094716e-11,3.669998704936006e-08,0.9999999850881864,True
kitti_train,2887,002886.png,2,2,2,False,3.335942633242439e-11,3.199997422598244e-08,0.9999999979411203,True
kitti_train,2888,002887.png,5,5,5,False,4.664069130910775e-11,3.380012003617594e-08,0.9999999959653013,True
kitti_train,2890,002889.png,2,2,2,False,4.8593754020664903e-11,4.4999978854320943e-08,0.9999999965679894,True
kitti_train,2891,002890.png,4,4,4,False,4.890632343546031e-11,3.200000264769187e-08,0.9999999948079614,True
kitti_train,2892,002891.png,3,3,3,False,4.8984316602940225e-11,4.139999987273768e-08,0.9999999945358187,True
kitti_train,2893,002892.png,11,11,11,False,4.9296788873220976e-11,4.46999592895736e-08,0.9999999970231418,True
kitti_train,2895,002894.png,3,3,3,False,4.7031253891383074e-11,3.009999716141465e-08,0.9999999975092604,True
kitti_train,2896,002895.png,8,8,8,False,4.7656267820883613e-11,3.0500004299938155e-08,0.9999999980027889,True
kitti_train,2897,002896.png,6,6,6,False,4.750000393016762e-11,3.200000264769187e-08,0.9999999971759523,True
kitti_train,2898,002897.png,8,8,8,False,4.8281267872596345e-11,4.41000054252072e-08,0.9999999896600966,True
kitti_train,2899,002898.png,1,1,1,False,4.8593795654028327e-11,2.4200005555030657e-08,0.999999998611543,True
kitti_train,2900,002899.png,9,9,9,False,4.914062212701964e-11,3.270002935096272e-08,0.9999999940611067,True
kitti_train,2902,002901.png,3,3,3,False,3.812497539890103e-11,3.199994580427301e-08,0.9999999941031782,True
kitti_train,2903,002902.png,4,4,4,False,4.734375391723944e-11,3.880001031575375e-08,0.9999999952940875,True
kitti_train,2904,002903.png,1,1,1,False,3.328124581480907e-11,2.1299999986013063e-08,0.999999998794708,True
kitti_train,2905,002904.png,10,10,10,False,4.976563605652018e-11,3.979999974035309e-08,0.9999999860543537,True
kitti_train,2907,002906.png,1,1,1,False,4.5859316344376566e-11,4.320003199609346e-08,0.9999999980315872,True
kitti_train,2909,002908.png,1,1,1,False,3.593749603458818e-11,2.519999497962999e-08,0.9999999977798031,True
kitti_train,2910,002909.png,1,1,1,False,3.328126663149078e-11,2.1300024855008814e-08,0.9999999936183439,True
kitti_train,2911,002910.png,2,2,2,False,4.312498969039069e-11,3.6299979910836555e-08,0.999999997798161,True
kitti_train,2912,002911.png,8,8,8,False,4.921874713348373e-11,3.580004204195575e-08,0.9999999949962334,True
kitti_train,2913,002912.png,16,16,16,False,4.984375412409037e-11,4.1299998088106804e-08,0.9999999950366097,True
kitti_train,2914,002913.png,2,2,2,False,4.750000393016762e-11,3.200000087133503e-08,0.9999999975299583,True
kitti_train,2915,002914.png,3,3,3,False,3.828125143268135e-11,3.200000264769187e-08,0.9999999942253665,True
kitti_train,2916,002915.png,8,8,8,False,4.515625373624488e-11,3.200000264769187e-08,0.9999999956136288,True
kitti_train,2917,002916.png,2,2,2,False,3.937500325790211e-11,2.520000208505735e-08,0.999999995586263,True
kitti_train,2918,002917.png,4,4,4,False,4.7656250473648853e-11,3.200005949111073e-08,0.9999999938145087,True
kitti_train,2919,002918.png,6,6,6,False,4.328125011165973e-11,3.8100004928764974e-08,0.9999999958292981,True
kitti_train,2921,002920.png,11,11,11,False,4.8671844332659475e-11,4.5800049974786816e-08,0.9999999906785424,True
kitti_train,2922,002921.png,1,1,1,False,3.9062475476470127e-11,3.200000264769187e-08,0.9999999993762032,True
kitti_train,2923,002922.png,3,3,3,False,4.4687531453035945e-11,3.5600010050984565e-08,0.9999999923487416,True
kitti_train,2924,002923.png,8,8,8,False,4.9687504111162184e-11,3.200000264769187e-08,0.9999999935951805,True
kitti_train,2925,002924.png,4,4,4,False,4.390626751060722e-11,4.139997145102825e-08,0.9999999950708535,True
kitti_train,2926,002925.png,6,6,6,False,4.625005933789339e-11,3.389999392311438e-08,0.9999999930597456,True
kitti_train,2927,002926.png,7,7,7,False,4.4921899533534315e-11,3.200000264769187e-08,0.9999999941616431,True
kitti_train,2929,002928.png,6,6,6,False,4.359373972917524e-11,3.200000264769187e-08,0.9999999960098422,True
kitti_train,2930,002929.png,9,9,9,False,4.9531240220446193e-11,4.150000165736856e-08,0.9999999958088082,True
kitti_train,2931,002930.png,4,4,4,False,4.890624016873346e-11,3.680003146655508e-08,0.9999999966811159,True
kitti_train,2932,002931.png,2,2,2,False,3.335942633242439e-11,3.199994580427301e-08,0.9999999972517165,True
kitti_train,2933,002932.png,1,1,1,False,3.335931531012193e-11,3.199994580427301e-08,0.9999999992817586,True
kitti_train,2934,002933.png,11,11,11,False,4.906253181502507e-11,4.270001596751172e-08,0.999999984222443,True
kitti_train,2936,002935.png,10,10,10,False,4.421873978088797e-11,3.680003146655508e-08,0.9999999967757115,True
kitti_train,2937,002936.png,1,1,1,False,3.328126663149078e-11,2.1300024855008814e-08,0.9999999968515713,True
kitti_train,2938,002937.png,5,5,5,False,4.90625005900025e-11,4.420002142069279e-08,0.9999999936942634,True
kitti_train,2939,002938.png,2,2,2,False,3.8749999736742424e-11,3.199994580427301e-08,0.9999999936199659,True
kitti_train,2940,002939.png,4,4,4,False,4.4609427263253565e-11,4.070000159117626e-08,0.9999999946190796,True
kitti_train,2941,002940.png,7,7,7,False,4.140623954818068e-11,3.200005949111073e-08,0.9999999943821917,True
kitti_train,2943,002942.png,4,4,4,False,3.765610046002621e-11,3.200000264769187e-08,0.9999999977425724,True
kitti_train,2944,002943.png,4,4,4,False,3.601557940768885e-11,3.200000264769187e-08,0.9999999962926687,True
kitti_train,2945,002944.png,12,12,12,False,4.99219554583874e-11,4.070000159117626e-08,0.9999999922212804,True
kitti_train,2946,002945.png,3,3,3,False,4.0859426952977174e-11,2.1299996433299384e-08,0.999999995413696,True
kitti_train,2948,002947.png,11,11,11,False,4.9374997146411914e-11,3.679997462313622e-08,0.9999999953421772,True
kitti_train,2949,002948.png,6,6,6,False,4.828124011702073e-11,3.8400003177230246e-08,0.9999999926496864,True
kitti_train,2950,002949.png,2,2,2,False,4.437500367160396e-11,3.200000264769187e-08,0.9999999958349243,True
kitti_train,2951,002950.png,1,1,1,False,3.328125275370297e-11,2.1299999986013063e-08,0.9999999981775116,True
kitti_train,2952,002951.png,3,3,3,False,4.703125042193612e-11,3.989998731412925e-08,0.9999999955523196,True
kitti_train,2953,002952.png,1,1,1,False,2.6093682770067517e-11,2.0899960873066448e-08,0.9999999989721159,True
kitti_train,2954,002953.png,7,7,7,False,4.390625016337246e-11,3.200000264769187e-08,0.9999999960238636,True
kitti_train,2956,002955.png,3,3,3,False,4.906250405944945e-11,3.200000264769187e-08,0.9999999987397421,True
kitti_train,2957,002956.png,1,1,1,False,4.046873947061158e-11,3.2899947655096184e-08,0.9999999991514313,True
kitti_train,2958,002957.png,5,5,5,False,4.843750400773672e-11,3.200000264769187e-08,0.9999999952780952,True
kitti_train,2959,002958.png,1,1,1,False,3.335942633242439e-11,3.199994580427301e-08,0.9999999993033218,True
kitti_train,2960,002959.png,8,8,8,False,4.968747635558657e-11,4.470001613299246e-08,0.9999999933990518,True
kitti_train,2961,002960.png,9,9,9,False,4.73436845283004e-11,4.139997145102825e-08,0.9999999968960808,True
kitti_train,2962,002961.png,6,6,6,False,4.8359372062378725e-11,3.200000264769187e-08,0.9999999916352807,True
kitti_train,2963,002962.png,6,6,6,False,4.984375412409037e-11,3.879995347233489e-08,0.9999999921996267,True
kitti_train,2964,002963.png,8,8,8,False,4.8437476252161105e-11,3.1999995542264514e-08,0.9999999976965663,True
kitti_train,2965,002964.png,10,10,10,False,4.890624016873346e-11,4.349999471742194e-08,0.9999999956852637,True
kitti_train,2966,002965.png,5,5,5,False,4.8125003981880354e-11,3.200000264769187e-08,0.9999999968607753,True
kitti_train,2967,002966.png,12,12,12,False,4.914069151595868e-11,4.010001930510043e-08,0.9999999912163886,True
kitti_train,2968,002967.png,7,7,7,False,4.593753155646141e-11,3.810001203419233e-08,0.9999999941345155,True
kitti_train,2969,002968.png,5,5,5,False,4.953125062878705e-11,4.070000159117626e-08,0.9999999935300696,True
kitti_train,2970,002969.png,1,1,1,False,3.335942633242439e-11,2.1299999986013063e-08,0.9999999962402621,True
kitti_train,2971,002970.png,4,4,4,False,4.3124996629284595e-11,3.660005631900276e-08,0.9999999947222808,True
kitti_train,2972,002971.png,3,3,3,False,4.1406322814907526e-11,3.380006319275708e-08,0.999999994931549,True
kitti_train,2974,002973.png,9,9,9,False,4.8593740142877095e-11,4.129998387725209e-08,0.999999995841407,True
kitti_train,2975,002974.png,7,7,7,False,4.609374687492007e-11,4.390000185594545e-08,0.999999995966739,True
kitti_train,2976,002975.png,7,7,7,False,4.750000393016762e-11,4.1700047859194456e-08,0.9999999949280683,True
kitti_train,2977,002976.png,10,10,10,False,4.8281267872596345e-11,3.66999302059412e-08,0.9999999927750794,True
kitti_train,2978,002977.png,2,2,2,False,3.499999942646603e-11,3.200005949111073e-08,0.999999995122314,True
kitti_train,2979,002978.png,12,12,12,False,4.4843795343751935e-11,3.80000528821256e-08,0.9999999915114431,True
kitti_train,2980,002979.png,15,15,15,False,4.906250405944945e-11,3.200000264769187e-08,0.9999999950258154,True
kitti_train,2982,002981.png,4,4,4,False,4.015626720033083e-11,3.200000264769187e-08,0.9999999956948916,True
kitti_train,2983,002982.png,4,4,4,False,3.375000279248752e-11,3.200000264769187e-08,0.9999999975976623,True
kitti_train,2985,002984.png,7,7,7,False,4.398442721154083e-11,3.4999970921489876e-08,0.9999999968024608,True
kitti_train,2986,002985.png,5,5,5,False,4.390624669392551e-11,3.200000264769187e-08,0.9999999920428785,True
kitti_train,2987,002986.png,11,11,11,False,4.921874713348373e-11,3.539997806001338e-08,0.9999999953988677,True
kitti_train,2988,002987.png,6,6,6,False,4.828115685029388e-11,3.279996008132002e-08,0.9999999880742589,True
kitti_train,2989,002988.png,4,4,4,False,4.7812500486577036e-11,3.060000075549851e-08,0.9999999953944159,True
kitti_train,2991,002990.png,5,5,5,False,4.5312531504748677e-11,4.140002829444711e-08,0.9999999928473539,True
kitti_train,2992,002991.png,5,5,5,False,4.8593795654028327e-11,4.290001243134611e-08,0.9999999933761229,True
kitti_train,2994,002993.png,5,5,5,False,4.984375412409037e-11,3.3499986784590874e-08,0.999999996041588,True
kitti_train,2995,002994.png,1,1,1,False,3.1953162338282937e-11,2.570004653534852e-08,0.9999999983385324,True
kitti_train,2997,002996.png,8,8,8,False,4.703121225801965e-11,3.2200034638663055e-08,0.999999993945259,True
kitti_train,2998,002997.png,1,1,1,False,4.4296899481821583e-11,2.109999286403763e-08,0.9999999987633907,True
kitti_train,2999,002998.png,3,3,3,False,4.953125062878705e-11,3.200000264769187e-08,0.9999999933529575,True
kitti_train,3001,003000.png,3,3,3,False,4.960937216580419e-11,3.200000264769187e-08,0.9999999933780649,True
kitti_train,3002,003001.png,9,9,9,False,4.101563533254193e-11,3.50000846083276e-08,0.9999999970252397,True
kitti_train,3003,003002.png,8,8,8,False,4.8593754020664903e-11,3.810004045590176e-08,0.9999999947940132,True
kitti_train,3004,003003.png,3,3,3,False,4.015626720033083e-11,3.200000264769187e-08,0.9999999924350693,True
kitti_train,3005,003004.png,16,16,16,False,4.8828052712224235e-11,3.80999836124829e-08,0.9999999833480796,True
kitti_train,3006,003005.png,3,3,3,False,4.94531082750882e-11,3.4900040191132575e-08,0.9999999964606928,True
kitti_train,3007,003006.png,4,4,4,False,4.7812531711599604e-11,2.2599977000936633e-08,0.9999999957197161,True
kitti_train,3008,003007.png,3,3,3,False,4.3906253632819414e-11,3.200000264769187e-08,0.9999999950514552,True
kitti_train,3009,003008.png,9,9,9,False,4.960942767695542e-11,4.7199989694490796e-08,0.9999999933858836,True
kitti_train,3010,003009.png,14,14,14,False,4.8046885914310167e-11,3.200000264769187e-08,0.9999999959504985,True
kitti_train,3012,003011.png,3,3,3,False,4.640624690077644e-11,3.610000476328423e-08,0.999999994895379,True
kitti_train,3013,003012.png,4,4,4,False,4.250000351646577e-11,3.200000264769187e-08,0.9999999973487168,True
kitti_train,3014,003013.png,6,6,6,False,4.2968753555250316e-11,3.799999603870674e-08,0.9999999971492529,True
kitti_train,3015,003014.png,7,7,7,False,4.8515635953094716e-11,4.249998752925421e-08,0.9999999938296804,True
kitti_train,3016,003015.png,10,10,10,False,4.76562470042019e-11,4.139999987273768e-08,0.9999999953049504,True
kitti_train,3017,003016.png,5,5,5,False,4.8125003981880354e-11,3.219998845338523e-08,0.9999999978529163,True
kitti_train,3019,003018.png,6,6,6,False,4.9453136030663813e-11,3.200005949111073e-08,0.9999999980953795,True
kitti_train,3020,003019.png,7,7,7,False,4.7656267820883613e-11,2.7400005819799844e-08,0.9999999951726071,True
kitti_train,3021,003020.png,3,3,3,False,3.7656249646245143e-11,2.4700000267330324e-08,0.9999999968092887,True
kitti_train,3022,003021.png,9,9,9,False,4.9531254098234e-11,3.649995505838888e-08,0.9999999964063676,True
kitti_train,3023,003022.png,7,7,7,False,4.7890635901381984e-11,3.200005949111073e-08,0.9999999945885936,True
kitti_train,3025,003024.png,1,1,1,False,4.3281239703318874e-11,3.370001877556206e-08,0.9999999987922988,True
kitti_train,3026,003025.png,3,3,3,False,4.578126766574542e-11,3.200000264769187e-08,0.9999999973188006,True
kitti_train,3027,003026.png,4,4,4,False,3.335942633242439e-11,3.200000264769187e-08,0.9999999983716733,True
kitti_train,3028,003027.png,4,4,4,False,4.343749665514096e-11,3.470000820016139e-08,0.9999999950959455,True
kitti_train,3029,003028.png,4,4,4,False,4.960931665465296e-11,4.2400017719046446e-08,0.9999999961930011,True
kitti_train,3032,003031.png,2,2,2,False,4.531250027972611e-11,3.0900025649316376e-08,0.9999999902511257,True
kitti_train,3033,003032.png,5,5,5,False,4.351558002824163e-11,3.339999921081471e-08,0.999999995930398,True
kitti_train,3034,003033.png,7,7,7,False,4.562500377502943e-11,3.520005975587992e-08,0.9999999866118902,True
kitti_train,3036,003035.png,3,3,3,False,4.250000351646577e-11,2.370001084273099e-08,0.9999999957075743,True
kitti_train,3037,003036.png,1,1,1,False,3.328126663149078e-11,2.1300024855008814e-08,0.9999999979496103,True
kitti_train,3038,003037.png,7,7,7,False,4.156249996944972e-11,3.200000264769187e-08,0.999999993214901,True
kitti_train,3039,003038.png,1,1,1,False,4.8046899792097975e-11,2.9399984668998513e-08,0.9999999935756373,True
kitti_train,3041,003040.png,7,7,7,False,4.1484371493538674e-11,3.31000080677768e-08,0.999999994079521,True
kitti_train,3042,003041.png,14,14,14,False,4.937494857415459e-11,4.31999751526746e-08,0.9999999958743215,True
kitti_train,3043,003042.png,6,6,6,False,4.343758686076171e-11,2.580000568741525e-08,0.9999999933621654,True
kitti_train,3044,003043.png,8,8,8,False,4.4843739832600704e-11,3.200005949111073e-08,0.9999999959279701,True
kitti_train,3045,003044.png,2,2,2,False,4.9453122152876006e-11,3.1999995542264514e-08,0.9999999969144824,True
kitti_train,3046,003045.png,2,2,2,False,4.296874661635641e-11,2.7499996946289684e-08,0.9999999906933844,True
kitti_train,3047,003046.png,3,3,3,False,4.906249712055555e-11,3.190001507391571e-08,0.9999999933815127,True
kitti_train,3048,003047.png,14,14,14,False,4.8593754020664903e-11,3.160005235258723e-08,0.9999999926922286,True
kitti_train,3049,003048.png,9,9,9,False,4.31250035681785e-11,3.80999836124829e-08,0.9999999934873512,True
kitti_train,3050,003049.png,1,1,1,False,4.023437139011321e-11,3.200005949111073e-08,0.9999999975780499,True
kitti_train,3051,003050.png,6,6,6,False,4.5078163424250306e-11,3.6299979910836555e-08,0.9999999892842246,True
kitti_train,3052,003051.png,14,14,14,False,4.8046899792097975e-11,4.150001586822327e-08,0.999999993144118,True
kitti_train,3053,003052.png,4,4,4,False,4.703126776917088e-11,3.779996404773556e-08,0.9999999946098845,True
kitti_train,3054,003053.png,5,5,5,False,4.94531082750882e-11,3.880001031575375e-08,0.9999999978717273,True
kitti_train,3056,003055.png,10,10,10,False,4.937494857415459e-11,4.08999909495833e-08,0.9999999921387289,True
kitti_train,3057,003056.png,6,6,6,False,4.976552503421772e-11,3.850004759442527e-08,0.9999999960608354,True
kitti_train,3059,003058.png,4,4,4,False,4.7968740091164364e-11,3.200005949111073e-08,0.9999999938394333,True
kitti_train,3060,003059.png,2,2,2,False,4.9062490181661644e-11,3.139999193990661e-08,0.9999999987113372,True
kitti_train,3062,003061.png,6,6,6,False,4.5234371803815066e-11,2.830000056519566e-08,0.9999999955345651,True
kitti_train,3063,003062.png,3,3,3,False,4.640625037022339e-11,2.970000068103218e-08,0.9999999937723708,True
kitti_train,3064,003063.png,2,2,2,False,4.781249007823618e-11,3.199999909497819e-08,0.9999999983254348,True
kitti_train,3065,003064.png,13,13,13,False,4.960942767695542e-11,4.490004812396364e-08,0.9999999965545774,True
kitti_train,3066,003065.png,5,5,5,False,3.9140579666252506e-11,2.85000396615942e-08,0.9999999968880007,True
kitti_train,3067,003066.png,5,5,5,False,4.5156267614032686e-11,3.5499994055498973e-08,0.9999999937065315,True
kitti_train,3068,003067.png,4,4,4,False,4.414062865221169e-11,3.200000264769187e-08,0.9999999969679306,True
kitti_train,3069,003068.png,2,2,2,False,4.265623965160614e-11,3.8499996080076926e-08,0.9999999949144899,True
kitti_train,3070,003069.png,1,1,1,False,2.4062501990940177e-11,1.5400001274201713e-08,0.999999998802904,True
kitti_train,3071,003070.png,1,1,1,False,3.335942633242439e-11,2.1299999986013063e-08,0.9999999957979536,True
kitti_train,3072,003071.png,3,3,3,False,4.7656250473648853e-11,3.0500000303135266e-08,0.9999999846506763,True
kitti_train,3075,003074.png,4,4,4,False,4.9452997252785735e-11,4.070005843459512e-08,0.9999999961560437,True
kitti_train,3076,003075.png,3,3,3,False,3.9921871364256845e-11,3.619997812620568e-08,0.9999999977553902,True
kitti_train,3077,003076.png,1,1,1,False,3.328126663149078e-11,2.1299968011589954e-08,0.9999999967098487,True
kitti_train,3078,003077.png,2,2,2,False,3.38281069822699e-11,3.200000264769187e-08,0.999999993601746,True
kitti_train,3079,003078.png,8,8,8,False,4.749997617459201e-11,3.409999749237613e-08,0.9999999926452546,True
kitti_train,3080,003079.png,2,2,2,False,4.7968740091164364e-11,3.410002591408556e-08,0.9999999927844855,True
kitti_train,3081,003080.png,4,4,4,False,4.17187499823779e-11,2.6700000432811066e-08,0.9999999978229352,True
kitti_train,3082,003081.png,2,2,2,False,4.1250003413040304e-11,3.200005949111073e-08,0.9999999993223134,True
kitti_train,3083,003082.png,1,1,1,False,3.328115560918832e-11,2.310002855665516e-08,0.9999999914633129,True
kitti_train,3084,003083.png,4,4,4,False,4.812494847072912e-11,3.859997832478257e-08,0.99999999634692,True
kitti_train,3085,003084.png,7,7,7,False,4.67187399877389e-11,3.200005949111073e-08,0.9999999964747562,True
kitti_train,3087,003086.png,5,5,5,False,4.890624016873346e-11,3.200005949111073e-08,0.9999999967515734,True
kitti_train,3088,003087.png,8,8,8,False,4.273437159696414e-11,3.459996378296637e-08,0.9999999954294755,True
kitti_train,3089,003088.png,2,2,2,False,4.750000046072067e-11,3.03999989625936e-08,0.9999999952031725,True
kitti_train,3090,003089.png,2,2,2,False,4.070310755110995e-11,3.459996378296637e-08,0.9999999967282805,True
kitti_train,3091,003090.png,1,1,1,False,4.140623954818068e-11,3.610000476328423e-08,0.9999999985897161,True
kitti_train,3092,003091.png,5,5,5,False,4.328126745889449e-11,3.9700012166576926e-08,0.9999999921691972,True
kitti_train,3093,003092.png,13,13,13,False,4.851569146424595e-11,3.6199992337060394e-08,0.9999999940825616,True
kitti_train,3094,003093.png,12,12,12,False,4.8984372114091457e-11,3.939999260182958e-08,0.9999999948856988,True
kitti_train,3096,003095.png,12,12,12,False,4.9687504111162184e-11,3.200005949111073e-08,0.9999999960016616,True
kitti_train,3097,003096.png,3,3,3,False,3.335942633242439e-11,3.200000264769187e-08,0.9999999959765599,True
kitti_train,3098,003097.png,15,15,15,False,4.742173320693155e-11,4.3700026708393125e-08,0.9999999943664324,True
kitti_train,3099,003098.png,4,4,4,False,4.7656240065308e-11,3.3699961932143196e-08,0.9999999960781779,True
kitti_train,3101,003100.png,2,2,2,False,4.976563605652018e-11,3.200000264769187e-08,0.9999999934173165,True
kitti_train,3102,003101.png,6,6,6,False,4.296873967746251e-11,3.209999022146803e-08,0.9999999929142609,True
kitti_train,3104,003103.png,8,8,8,False,4.476558013166709e-11,3.200005949111073e-08,0.9999999928164067,True
kitti_train,3105,003104.png,6,6,6,False,4.734374003945163e-11,4.479994686334976e-08,0.9999999949036298,True
kitti_train,3106,003105.png,6,6,6,False,4.9218754072377635e-11,3.989998731412925e-08,0.9999999953536418,True
kitti_train,3108,003107.png,10,10,10,False,4.9687504111162184e-11,4.080004600837128e-08,0.999999996959891,True
kitti_train,3109,003108.png,2,2,2,False,3.335937082127316e-11,2.1300000874191483e-08,0.9999999929022149,True
kitti_train,3110,003109.png,3,3,3,False,3.48437459440909e-11,2.8900046800117707e-08,0.999999993133363,True
kitti_train,3111,003110.png,2,2,2,False,4.8984372114091457e-11,3.799999603870674e-08,0.9999999947167013,True
kitti_train,3112,003111.png,2,2,2,False,4.562500377502943e-11,3.200000264769187e-08,0.999999999480984,True
kitti_train,3113,003112.png,2,2,2,False,4.03124963965773e-11,2.5799998581987893e-08,0.9999999925017996,True
kitti_train,3115,003114.png,15,15,15,False,4.968750064171523e-11,4.409997700349777e-08,0.9999999941745056,True
kitti_train,3116,003115.png,7,7,7,False,4.734376779502725e-11,4.1500005210082236e-08,0.9999999956456488,True
kitti_train,3117,003116.png,8,8,8,False,5.000000413701855e-11,3.479996735222812e-08,0.9999999964159116,True
kitti_train,3118,003117.png,2,2,2,False,4.156250343889667e-11,3.200000264769187e-08,0.9999999954480085,True
kitti_train,3119,003118.png,10,10,10,False,4.9062498855279024e-11,3.200000264769187e-08,0.999999992699871,True
kitti_train,3120,003119.png,4,4,4,False,4.1328107602822683e-11,3.200000264769187e-08,0.9999999974357393,True
kitti_train,3121,003120.png,16,16,16,False,4.9531254098234e-11,3.9600024592800764e-08,0.9999999946582027,True
kitti_train,3122,003121.png,1,1,1,False,4.187505897590427e-11,2.6599991542752832e-08,0.9999999980365626,True
kitti_train,3123,003122.png,1,1,1,False,4.593750380088579e-11,2.939999887985323e-08,0.9999999993591563,True
kitti_train,3125,003124.png,8,8,8,False,4.859376789845271e-11,3.200000264769187e-08,0.9999999947273053,True
kitti_train,3126,003125.png,1,1,1,False,4.218753124618502e-11,2.1299999986013063e-08,0.9999999935769286,True
kitti_train,3127,003126.png,3,3,3,False,3.8749999736742424e-11,2.480000027560436e-08,0.9999999928647864,True
kitti_train,3128,003127.png,4,4,4,False,4.9374997146411914e-11,3.1599999061882045e-08,0.9999999947817475,True
kitti_train,3129,003128.png,3,3,3,False,3.4687475114481003e-11,2.1300024855008814e-08,0.9999999973289004,True
kitti_train,3130,003129.png,2,2,2,False,3.335942633242439e-11,3.200000264769187e-08,0.999999994551113,True
kitti_train,3134,003133.png,4,4,4,False,4.8281267872596345e-11,2.6699922273110133e-08,0.9999999981911618,True
kitti_train,3135,003134.png,1,1,1,False,4.8984261091788994e-11,4.349999471742194e-08,0.9999999979233332,True
kitti_train,3137,003136.png,4,4,4,False,4.8437420741009873e-11,3.200000264769187e-08,0.999999990712436,True
kitti_train,3139,003138.png,8,8,8,False,4.7656250473648853e-11,3.3600002780076466e-08,0.9999999937905153,True
kitti_train,3140,003139.png,5,5,5,False,4.7656253943095805e-11,3.470000820016139e-08,0.9999999904854058,True
kitti_train,3141,003140.png,2,2,2,False,3.906253098762136e-11,3.2300000896157144e-08,0.999999995517028,True
kitti_train,3142,003141.png,8,8,8,False,4.906253181502507e-11,3.25999849337677e-08,0.9999999965450352,True
kitti_train,3143,003142.png,5,5,5,False,4.7656253943095805e-11,3.8899997889529914e-08,0.9999999925947267,True
kitti_train,3144,003143.png,4,4,4,False,4.859376789845271e-11,3.200000264769187e-08,0.9999999951685568,True
kitti_train,3145,003144.png,2,2,2,False,3.656249608630091e-11,3.199999909497819e-08,0.9999999981257628,True
kitti_train,3146,003145.png,1,1,1,False,4.203125347768122e-11,3.389999392311438e-08,0.9999999949372664,True
kitti_train,3147,003146.png,7,7,7,False,4.9062490181661644e-11,3.199994580427301e-08,0.9999999962296524,True
kitti_train,3148,003147.png,9,9,9,False,4.8593754020664903e-11,3.619993549364153e-08,0.9999999949019069,True
kitti_train,3150,003149.png,3,3,3,False,4.843750053828977e-11,3.200005949111073e-08,0.9999999964747897,True
kitti_train,3151,003150.png,5,5,5,False,4.742184422923401e-11,3.200000264769187e-08,0.9999999963033029,True
kitti_train,3152,003151.png,6,6,6,False,4.8750004033593086e-11,4.1100008729699766e-08,0.9999999928250619,True
kitti_train,3153,003152.png,1,1,1,False,3.3281238875915164e-11,2.1299996433299384e-08,0.9999999990350765,True
kitti_train,3154,003153.png,1,1,1,False,3.328126663149078e-11,2.1300024855008814e-08,0.999999997461833,True
kitti_train,3155,003154.png,3,3,3,False,4.8984372114091457e-11,4.210002657600853e-08,0.999999997708655,True
kitti_train,3157,003156.png,5,5,5,False,4.9687498906991756e-11,4.219998572807526e-08,0.9999999909740853,True
kitti_train,3158,003157.png,4,4,4,False,4.4843739832600704e-11,3.999999798054432e-08,0.999999997050459,True
kitti_train,3161,003160.png,8,8,8,False,4.937500408530582e-11,3.520000291246106e-08,0.9999999930133021,True
kitti_train,3162,003161.png,1,1,1,False,4.8593754020664903e-11,3.11000007968687e-08,0.9999999974744372,True
kitti_train,3163,003162.png,1,1,1,False,4.593750380088579e-11,2.939999887985323e-08,0.9999999991323533,True
kitti_train,3165,003164.png,1,1,1,False,3.078124560795814e-11,2.3599966425535968e-08,0.9999999989071214,True
kitti_train,3166,003165.png,3,3,3,False,3.335931531012193e-11,3.200000264769187e-08,0.9999999956722361,True
kitti_train,3167,003166.png,2,2,2,False,3.335942633242439e-11,2.1299996433299384e-08,0.9999999968678013,True
kitti_train,3169,003168.png,3,3,3,False,3.437500284420025e-11,2.2000001820288162e-08,0.9999999967726466,True
kitti_train,3170,003169.png,13,13,13,False,4.9062476303873837e-11,3.200005949111073e-08,0.9999999940942478,True
kitti_train,3171,003170.png,5,5,5,False,4.781249007823618e-11,3.200000264769187e-08,0.9999999910518611,True
kitti_train,3172,003171.png,2,2,2,False,4.3281239703318874e-11,4.059995717398124e-08,0.9999999981508108,True
kitti_train,3173,003172.png,8,8,8,False,3.7031239186191556e-11,3.200000264769187e-08,0.9999999947502963,True
kitti_train,3174,003173.png,5,5,5,False,4.921871243901421e-11,3.509995849526604e-08,0.9999999935675707,True
kitti_train,3175,003174.png,1,1,1,False,4.5000003723316695e-11,2.8800002382922685e-08,0.9999999998167607,True
kitti_train,3176,003175.png,3,3,3,False,4.5156267614032686e-11,3.199994580427301e-08,0.999999996597806,True
kitti_train,3177,003176.png,6,6,6,False,4.664058028680529e-11,3.939999260182958e-08,0.9999999950475905,True
kitti_train,3178,003177.png,1,1,1,False,4.5156212102881454e-11,3.3499986784590874e-08,0.9999999981457393,True
kitti_train,3179,003178.png,4,4,4,False,4.468750369746033e-11,3.200000264769187e-08,0.9999999977928017,True
kitti_train,3180,003179.png,4,4,4,False,4.968750064171523e-11,4.7099973699005204e-08,0.9999999919885706,True
kitti_train,3181,003180.png,2,2,2,False,4.703126776917088e-11,4.4300008994468953e-08,0.999999995775814,True
kitti_train,3182,003181.png,4,4,4,False,4.4687586964187176e-11,3.00000237984932e-08,0.9999999931217491,True
kitti_train,3183,003182.png,3,3,3,False,3.335942633242439e-11,2.1300024855008814e-08,0.9999999978406957,True
kitti_train,3184,003183.png,3,3,3,False,4.906249712055555e-11,3.139999904533397e-08,0.9999999899790994,True
kitti_train,3185,003184.png,3,3,3,False,4.9687504111162184e-11,3.179999907843012e-08,0.9999999957421021,True
kitti_train,3186,003185.png,1,1,1,False,4.703124695248917e-11,3.389999392311438e-08,0.9999999983490468,True
kitti_train,3187,003186.png,2,2,2,False,4.1171899223257924e-11,3.200000264769187e-08,0.9999999969879525,True
kitti_train,3188,003187.png,6,6,6,False,4.898442762524269e-11,4.6599950564996107e-08,0.9999999950869463,True
kitti_train,3189,003188.png,1,1,1,False,4.898442762524269e-11,3.200000264769187e-08,0.9999999896548519,True
kitti_train,3190,003189.png,1,1,1,False,2.1796897620163236e-11,1.2499981494329404e-08,0.999999998517434,True
kitti_train,3191,003190.png,3,3,3,False,4.781242068929714e-11,3.190007191733457e-08,0.9999999925474568,True
kitti_train,3192,003191.png,2,2,2,False,3.328126663149078e-11,2.1299996433299384e-08,0.999999998481104,True
kitti_train,3194,003193.png,1,1,1,False,4.843749012994891e-11,3.099999901223782e-08,0.9999999986980124,True
kitti_train,3195,003194.png,10,10,10,False,4.937500408530582e-11,4.280002485756995e-08,0.9999999957643751,True
kitti_train,3196,003195.png,5,5,5,False,4.937499974849713e-11,3.199994580427301e-08,0.999999986772841,True
kitti_train,3198,003197.png,14,14,14,False,4.890625404652127e-11,3.200005949111073e-08,0.9999999822388146,True
kitti_train,3199,003198.png,1,1,1,False,4.8749948522441855e-11,3.580001362024632e-08,0.9999999975017162,True
kitti_train,3200,003199.png,15,15,15,False,4.968749717226828e-11,4.31999751526746e-08,0.9999999949173755,True
kitti_train,3201,003200.png,6,6,6,False,4.703124695248917e-11,3.009999716141465e-08,0.9999999960860116,True
kitti_train,3202,003201.png,2,2,2,False,4.8281247055914633e-11,3.680003146655508e-08,0.9999999945615093,True
kitti_train,3203,003202.png,1,1,1,False,3.328125275370297e-11,2.1300003538726742e-08,0.9999999988944642,True
kitti_train,3204,003203.png,8,8,8,False,4.9374997146411914e-11,3.9000042306724936e-08,0.9999999955900083,True
kitti_train,3206,003205.png,2,2,2,False,4.359375360696305e-11,3.200000264769187e-08,0.9999999989123258,True
kitti_train,3207,003206.png,12,12,12,False,4.999994862586732e-11,4.2400017719046446e-08,0.9999999753567473,True
kitti_train,3209,003208.png,7,7,7,False,4.31250035681785e-11,3.200005949111073e-08,0.9999999959032319,True
kitti_train,3210,003209.png,7,7,7,False,4.9687504111162184e-11,4.390000185594545e-08,0.9999999935424452,True
kitti_train,3211,003210.png,2,2,2,False,3.968758655048532e-11,3.339999921081471e-08,0.9999999970121072,True
kitti_train,3212,003211.png,9,9,9,False,4.6171871881384163e-11,4.000000330961484e-08,0.9999999958268595,True
kitti_train,3213,003212.png,4,4,4,False,4.343758686076171e-11,2.85999703919515e-08,0.9999999953414654,True
kitti_train,3214,003213.png,7,7,7,False,4.9531254098234e-11,3.200000264769187e-08,0.9999999947013569,True
kitti_train,3215,003214.png,9,9,9,False,4.8906212413157846e-11,3.40000383403094e-08,0.9999999951577685,True
kitti_train,3216,003215.png,5,5,5,False,3.781250312862028e-11,3.200005949111073e-08,0.9999999958079192,True
kitti_train,3217,003216.png,7,7,7,False,4.7812500486577036e-11,3.80999836124829e-08,0.9999999930700705,True
kitti_train,3218,003217.png,2,2,2,False,4.124997565746469e-11,2.4799930997687625e-08,0.9999999975455468,True
kitti_train,3220,003219.png,21,21,21,False,4.843750400773672e-11,3.8600006746492e-08,0.9999999959052197,True
kitti_train,3221,003220.png,2,2,2,False,3.335942633242439e-11,2.1299996433299384e-08,0.9999999994342001,True
kitti_train,3222,003221.png,1,1,1,False,4.0468767226187197e-11,2.5900007472046127e-08,0.9999999988600569,True
kitti_train,3223,003222.png,3,3,3,False,4.3671871674533236e-11,3.300000628314592e-08,0.9999999956363819,True
kitti_train,3225,003224.png,9,9,9,False,4.960937910469809e-11,4.0299994452652754e-08,0.9999999958095502,True
kitti_train,3226,003225.png,6,6,6,False,4.499998984552889e-11,2.8799995277495327e-08,0.9999999970407788,True
kitti_train,3227,003226.png,3,3,3,False,4.2812503542322133e-11,3.200000264769187e-08,0.9999999963144799,True
kitti_train,3228,003227.png,7,7,7,False,4.7578163631101233e-11,4.5000007276030374e-08,0.9999999929181739,True
kitti_train,3229,003228.png,6,6,6,False,3.460931541354739e-11,3.200005949111073e-08,0.9999999968418484,True
kitti_train,3230,003229.png,11,11,11,False,4.859375055121795e-11,3.2900004498515045e-08,0.9999999939926254,True
kitti_train,3231,003230.png,5,5,5,False,4.9374997146411914e-11,3.200000264769187e-08,0.9999999936681332,True
kitti_train,3232,003231.png,7,7,7,False,4.7968740091164364e-11,3.930000502805342e-08,0.9999999926196631,True
kitti_train,3233,003232.png,8,8,8,False,4.9687504111162184e-11,3.619993549364153e-08,0.9999999959381699,True
kitti_train,3234,003233.png,7,7,7,False,4.7656323332034844e-11,3.4200013487861725e-08,0.9999999965876448,True
kitti_train,3235,003234.png,7,7,7,False,4.8984372114091457e-11,3.9699983744867495e-08,0.9999999939859112,True
kitti_train,3236,003235.png,4,4,4,False,4.937505959645705e-11,4.4500012563730706e-08,0.9999999953078,True
kitti_train,3237,003236.png,7,7,7,False,4.4531267562319954e-11,3.040003093701671e-08,0.9999999989103487,True
kitti_train,3238,003237.png,13,13,13,False,4.531250374917306e-11,3.779999246944499e-08,0.9999999955420281,True
kitti_train,3239,003238.png,7,7,7,False,4.156250343889667e-11,3.589991592889419e-08,0.9999999955676317,True
kitti_train,3240,003239.png,5,5,5,False,4.578125378795761e-11,3.80999836124829e-08,0.9999999970387955,True
kitti_train,3241,003240.png,10,10,10,False,4.937500408530582e-11,3.200005949111073e-08,0.9999999961682295,True
kitti_train,3242,003241.png,4,4,4,False,4.7656323332034844e-11,2.7599980967352167e-08,0.9999999955906118,True
kitti_train,3243,003242.png,1,1,1,False,3.335942633242439e-11,3.200000264769187e-08,0.999999999048462,True
kitti_train,3244,003243.png,1,1,1,False,3.63280516779696e-11,3.3599974358367035e-08,0.9999999982152582,True
kitti_train,3245,003244.png,5,5,5,False,4.8281247055914633e-11,3.0899997227606946e-08,0.9999999872261595,True
kitti_train,3247,003246.png,4,4,4,False,4.921874019458983e-11,3.200005949111073e-08,0.9999999943180027,True
kitti_train,3248,003247.png,1,1,1,False,4.8593740142877095e-11,3.11000007968687e-08,0.9999999983434145,True
kitti_train,3249,003248.png,1,1,1,False,2.8671842677852055e-11,1.969999630091479e-08,0.9999999985721577,True
kitti_train,3250,003249.png,7,7,7,False,4.9765608300944564e-11,4.1299998088106804e-08,0.9999999959491839,True
kitti_train,3252,003251.png,2,2,2,False,4.3437503594034865e-11,3.200005949111073e-08,0.9999999991781982,True
kitti_train,3253,003252.png,5,5,5,False,4.5000003723316695e-11,3.200000264769187e-08,0.9999999942126447,True
kitti_train,3254,003253.png,3,3,3,False,4.9218754072377635e-11,3.209993337804917e-08,0.9999999951403892,True
kitti_train,3257,003256.png,2,2,2,False,4.640625383967034e-11,3.200000264769187e-08,0.999999998804806,True
kitti_train,3258,003257.png,6,6,6,False,4.921874019458983e-11,3.6999978192397975e-08,0.9999999951092222,True
kitti_train,3260,003259.png,1,1,1,False,4.9140580493656216e-11,3.849999075100641e-08,0.9999999957557313,True
kitti_train,3261,003260.png,11,11,11,False,4.546874682320734e-11,3.980005658377195e-08,0.9999999916254808,True
kitti_train,3262,003261.png,2,2,2,False,3.593750297348208e-11,3.200000264769187e-08,0.9999999947335355,True
kitti_train,3263,003262.png,4,4,4,False,3.437494733304902e-11,3.200000264769187e-08,0.9999999930057912,True
kitti_train,3264,003263.png,3,3,3,False,4.554689958524705e-11,4.289998400963668e-08,0.9999999967930753,True
kitti_train,3265,003264.png,4,4,4,False,4.781242068929714e-11,3.200000264769187e-08,0.9999999947355817,True
kitti_train,3267,003266.png,1,1,1,False,4.31250035681785e-11,3.200000264769187e-08,0.9999999986403625,True
kitti_train,3268,003267.png,8,8,8,False,4.9687504111162184e-11,3.4199985066152294e-08,0.9999999938649542,True
kitti_train,3270,003269.png,1,1,1,False,4.765621230973238e-11,3.2999992072291207e-08,0.9999999977056419,True
kitti_train,3271,003270.png,3,3,3,False,4.796874703005827e-11,3.069999721105887e-08,0.9999999957551423,True
kitti_train,3272,003271.png,3,3,3,False,4.109374646121822e-11,2.6300000399714918e-08,0.9999999966275761,True
kitti_train,3273,003272.png,3,3,3,False,3.335942633242439e-11,2.1300024855008814e-08,0.9999999906088999,True
kitti_train,3274,003273.png,6,6,6,False,4.320310775796088e-11,3.200000264769187e-08,0.9999999942499559,True
kitti_train,3275,003274.png,11,11,11,False,4.812499704298645e-11,4.270009412721265e-08,0.9999999951942401,True
kitti_train,3276,003275.png,5,5,5,False,4.7968740091164364e-11,3.199994580427301e-08,0.999999993552688,True
kitti_train,3277,003276.png,2,2,2,False,4.6093750344367024e-11,2.9500000664484105e-08,0.9999999957630288,True
kitti_train,3278,003277.png,1,1,1,False,2.8750002378785666e-11,1.899996959764394e-08,0.9999999990263712,True
kitti_train,3279,003278.png,6,6,6,False,4.2968753555250316e-11,3.200000264769187e-08,0.999999996055619,True
kitti_train,3280,003279.png,3,3,3,False,3.687500305105118e-11,3.200005949111073e-08,0.9999999932817372,True
kitti_train,3281,003280.png,6,6,6,False,4.632810801652454e-11,4.259999286659877e-08,0.9999999916147281,True
kitti_train,3282,003281.png,5,5,5,False,3.335942633242439e-11,3.199994580427301e-08,0.9999999959643957,True
kitti_train,3284,003283.png,10,10,10,False,4.773437201066599e-11,4.3699969864974264e-08,0.9999999931215423,True
kitti_train,3285,003284.png,5,5,5,False,4.781249007823618e-11,3.890000144224359e-08,0.9999999934880928,True
kitti_train,3288,003287.png,4,4,4,False,4.250000351646577e-11,2.720000225053809e-08,0.9999999988906731,True
kitti_train,3289,003288.png,12,12,12,False,4.8593740142877095e-11,3.930000502805342e-08,0.9999999966258902,True
kitti_train,3290,003289.png,9,9,9,False,4.953126797602181e-11,4.669993813877227e-08,0.99999999292898,True
kitti_train,3291,003290.png,1,1,1,False,3.328126663149078e-11,2.1300024855008814e-08,0.9999999959928666,True
kitti_train,3292,003291.png,5,5,5,False,4.843749012994891e-11,3.460002062638523e-08,0.9999999963325029,True
kitti_train,3293,003292.png,1,1,1,False,3.328126663149078e-11,2.1300024855008814e-08,0.9999999956374266,True
kitti_train,3294,003293.png,4,4,4,False,4.609373993602617e-11,3.399998149689054e-08,0.9999999943632678,True
kitti_train,3296,003295.png,1,1,1,False,3.921876712276173e-11,2.4199991344175942e-08,0.999999998162874,True
kitti_train,3298,003297.png,1,1,1,False,3.3281238875915164e-11,2.1299996433299384e-08,0.9999999993752189,True
kitti_train,3299,003298.png,7,7,7,False,3.9218753244973925e-11,2.5100000300426473e-08,0.9999999966028127,True
kitti_train,3300,003299.png,12,12,12,False,4.8437497068842816e-11,3.339999921081471e-08,0.9999999967721782,True
kitti_train,3301,003300.png,4,4,4,False,4.328125011165973e-11,3.200000264769187e-08,0.999999993012125,True
kitti_train,3302,003301.png,13,13,13,False,4.960942767695542e-11,3.200005949111073e-08,0.9999999950235761,True
kitti_train,3304,003303.png,5,5,5,False,4.7890691412533215e-11,4.210005499771796e-08,0.9999999967804747,True
kitti_train,3305,003304.png,11,11,11,False,4.640624690077644e-11,3.200000264769187e-08,0.9999999961270974,True
kitti_train,3307,003306.png,5,5,5,False,4.921874019458983e-11,3.150000082996485e-08,0.9999999967392369,True
kitti_train,3308,003307.png,1,1,1,False,4.3281239703318874e-11,2.769999696283776e-08,0.999999998860449,True
kitti_train,3309,003308.png,5,5,5,False,4.2187475735033786e-11,3.200005949111073e-08,0.999999996726221,True
kitti_train,3310,003309.png,18,18,18,False,4.8828108223375466e-11,4.2299973301851423e-08,0.9999999934401683,True
kitti_train,3311,003310.png,12,12,12,False,4.437500367160396e-11,3.339999921081471e-08,0.9999999939542208,True
kitti_train,3312,003311.png,10,10,10,False,4.906249712055555e-11,3.799999603870674e-08,0.9999999957688417,True
kitti_train,3313,003312.png,5,5,5,False,4.046875334839939e-11,3.200005949111073e-08,0.9999999949567662,True
kitti_train,3314,003313.png,6,6,6,False,4.968749717226828e-11,3.200000264769187e-08,0.9999999961357762,True
kitti_train,3315,003314.png,6,6,6,False,4.8750000564146134e-11,4.539998599284445e-08,0.9999999919346789,True
kitti_train,3316,003315.png,1,1,1,False,4.867195535496194e-11,2.510000740585383e-08,0.9999999979065247,True
kitti_train,3317,003316.png,2,2,2,False,4.9531254098234e-11,3.200000264769187e-08,0.9999999970668921,True
kitti_train,3318,003317.png,10,10,10,False,4.7187503904311257e-11,4.330001956986962e-08,0.9999999948893503,True
kitti_train,3319,003318.png,1,1,1,False,3.328126663149078e-11,2.1300024855008814e-08,0.9999999949622563,True
kitti_train,3320,003319.png,4,4,4,False,4.7265746871971714e-11,3.25999849337677e-08,0.9999999946402764,True
kitti_train,3321,003320.png,6,6,6,False,4.67187399877389e-11,2.989997938129818e-08,0.9999999987162921,True
kitti_train,3323,003322.png,2,2,2,False,4.33594271598281e-11,2.7600037810771028e-08,0.999999986901046,True
kitti_train,3324,003323.png,9,9,9,False,4.929689989552344e-11,4.139997145102825e-08,0.9999999945248327,True
kitti_train,3327,003326.png,1,1,1,False,4.8281247055914633e-11,3.0899997227606946e-08,0.9999999954097444,True
kitti_train,3328,003327.png,3,3,3,False,4.992184443608494e-11,3.669998704936006e-08,0.9999999972381999,True
kitti_train,3332,003331.png,1,1,1,False,4.859376789845271e-11,3.11000007968687e-08,0.9999999984323481,True
kitti_train,3333,003332.png,3,3,3,False,3.484374941353785e-11,2.2300000068753434e-08,0.9999999965969439,True
kitti_train,3334,003333.png,1,1,1,False,4.046875334839939e-11,2.5900007472046127e-08,0.9999999984910859,True
kitti_train,3335,003334.png,7,7,7,False,4.750000393016762e-11,2.2900024987393408e-08,0.9999999961345476,True
kitti_train,3336,003335.png,12,12,12,False,4.8125003981880354e-11,4.3300005359014904e-08,0.9999999947148631,True
kitti_train,3337,003336.png,6,6,6,False,4.304684386724489e-11,3.200005949111073e-08,0.9999999918930491,True
kitti_train,3338,003337.png,7,7,7,False,4.9531156953719346e-11,4.339995030022692e-08,0.9999999960651468,True
kitti_train,3339,003338.png,8,8,8,False,4.679689968867251e-11,3.479999577393755e-08,0.9999999958942984,True
kitti_train,3340,003339.png,1,1,1,False,4.328126745889449e-11,2.769999696283776e-08,0.9999999991922324,True
kitti_train,3341,003340.png,4,4,4,False,4.632810801652454e-11,4.189999458503735e-08,0.9999999916475788,True
kitti_train,3342,003341.png,10,10,10,False,4.6250000357295207e-11,4.019995003545773e-08,0.9999999916155146,True
kitti_train,3343,003342.png,5,5,5,False,4.937500408530582e-11,3.209999022146803e-08,0.9999999946727339,True
kitti_train,3344,003343.png,4,4,4,False,3.335942633242439e-11,3.200000264769187e-08,0.9999999953985196,True
kitti_train,3346,003345.png,5,5,5,False,4.796875396895217e-11,3.2900004498515045e-08,0.9999999966972427,True
kitti_train,3347,003346.png,5,5,5,False,4.8281267872596345e-11,4.320003199609346e-08,0.9999999978369273,True
kitti_train,3348,003347.png,4,4,4,False,4.17187499823779e-11,3.199994580427301e-08,0.9999999930668181,True
kitti_train,3350,003349.png,1,1,1,False,4.960937216580419e-11,2.939999887985323e-08,0.9999999977500961,True
kitti_train,3351,003350.png,3,3,3,False,4.054678814924273e-11,3.750000132640707e-08,0.9999999959868237,True
kitti_train,3353,003352.png,5,5,5,False,4.7812531711599604e-11,3.790000846493058e-08,0.9999999949676938,True
kitti_train,3354,003353.png,9,9,9,False,4.984375412409037e-11,3.249999735999154e-08,0.9999999922564184,True
kitti_train,3355,003354.png,1,1,1,False,3.328125275370297e-11,2.1299999986013063e-08,0.9999999983546929,True
kitti_train,3356,003355.png,7,7,7,False,4.9218754072377635e-11,3.749994448298821e-08,0.999999994002912,True
kitti_train,3357,003356.png,19,19,19,False,4.8203108171662734e-11,4.3899888169107726e-08,0.9999999951626495,True
kitti_train,3358,003357.png,7,7,7,False,4.5156246797350974e-11,2.8899997062126204e-08,0.9999999941470783,True
kitti_train,3359,003358.png,5,5,5,False,4.1562496500002766e-11,3.199994580427301e-08,0.9999999969610105,True
kitti_train,3361,003360.png,2,2,2,False,3.5078051574544133e-11,3.199994580427301e-08,0.9999999966231605,True
kitti_train,3362,003361.png,5,5,5,False,4.8750000564146134e-11,3.739998533092148e-08,0.9999999928418876,True
kitti_train,3363,003362.png,1,1,1,False,3.328115560918832e-11,2.1299968011589954e-08,0.9999999980106548,True
kitti_train,3364,003363.png,1,1,1,False,3.328126663149078e-11,2.1300024855008814e-08,0.9999999982307,True
kitti_train,3365,003364.png,3,3,3,False,3.640625301226663e-11,3.200000264769187e-08,0.9999999940666261,True
kitti_train,3366,003365.png,1,1,1,False,3.335931531012193e-11,3.200000264769187e-08,0.9999999951221572,True
kitti_train,3367,003366.png,2,2,2,False,3.335942633242439e-11,3.200000264769187e-08,0.999999997515723,True
kitti_train,3368,003367.png,6,6,6,False,4.8281267872596345e-11,4.31999751526746e-08,0.999999995705084,True
kitti_train,3369,003368.png,4,4,4,False,4.7656267820883613e-11,3.979999974035309e-08,0.9999999953491439,True
kitti_train,3370,003369.png,9,9,9,False,4.9140580493656216e-11,3.999997488790541e-08,0.9999999894147307,True
kitti_train,3371,003370.png,5,5,5,False,4.921874019458983e-11,3.200000264769187e-08,0.9999999981396581,True
kitti_train,3372,003371.png,6,6,6,False,4.90625005900025e-11,3.200005949111073e-08,0.9999999954779242,True
kitti_train,3374,003373.png,3,3,3,False,4.968747635558657e-11,3.199994580427301e-08,0.9999999896338304,True
kitti_train,3375,003374.png,4,4,4,False,4.328125358110668e-11,3.9700012166576926e-08,0.9999999988475494,True
kitti_train,3377,003376.png,1,1,1,False,3.414063476370188e-11,2.6199984404229326e-08,0.9999999936352785,True
kitti_train,3378,003377.png,6,6,6,False,3.914063517740374e-11,3.200005949111073e-08,0.9999999935290991,True
kitti_train,3379,003378.png,5,5,5,False,3.5312475166193735e-11,3.200005949111073e-08,0.9999999958090422,True
kitti_train,3381,003380.png,9,9,9,False,4.804687203652236e-11,3.610000476328423e-08,0.9999999961924249,True
kitti_train,3382,003381.png,9,9,9,False,4.687500387845489e-11,3.810004045590176e-08,0.9999999970662592,True
kitti_train,3383,003382.png,6,6,6,False,4.921874019458983e-11,3.319996721984353e-08,0.9999999956791163,True
kitti_train,3384,003383.png,2,2,2,False,4.921874713348373e-11,3.149999727725117e-08,0.9999999923147603,True
kitti_train,3385,003384.png,2,2,2,False,3.335942633242439e-11,2.1300024855008814e-08,0.9999999976484146,True
kitti_train,3387,003386.png,8,8,8,False,4.890625404652127e-11,3.65999994755839e-08,0.9999999964693059,True
kitti_train,3388,003387.png,4,4,4,False,4.593750380088579e-11,3.2899947655096184e-08,0.9999999956758,True
kitti_train,3389,003388.png,5,5,5,False,4.828125399480854e-11,3.260004177718656e-08,0.9999999933721168,True
kitti_train,3390,003389.png,2,2,2,False,4.296873967746251e-11,3.200000264769187e-08,0.9999999969145763,True
kitti_train,3391,003390.png,9,9,9,False,4.890624016873346e-11,3.930000502805342e-08,0.9999999949155303,True
kitti_train,3392,003391.png,9,9,9,False,4.7187503904311257e-11,3.379994950591936e-08,0.99999998912947,True
kitti_train,3393,003392.png,8,8,8,False,4.8593754020664903e-11,3.509995849526604e-08,0.9999999949870924,True
kitti_train,3394,003393.png,6,6,6,False,4.8593795654028327e-11,4.190002300674678e-08,0.9999999896373986,True
kitti_train,3396,003395.png,5,5,5,False,4.796875049950522e-11,3.200005949111073e-08,0.9999999945637708,True
kitti_train,3397,003396.png,8,8,8,False,4.890626792430908e-11,3.199997422598244e-08,0.9999999956141444,True
kitti_train,3398,003397.png,3,3,3,False,4.265626740718176e-11,3.4300001061637886e-08,0.9999999928286648,True
kitti_train,3399,003398.png,18,18,18,False,4.90625005900025e-11,4.06000140174001e-08,0.9999999947860169,True
kitti_train,3401,003400.png,1,1,1,False,3.328125275370297e-11,2.1300001762369902e-08,0.999999997403502,True
kitti_train,3402,003401.png,3,3,3,False,4.242195483783462e-11,2.6499999528084572e-08,0.9999999930764667,True
kitti_train,3403,003402.png,2,2,2,False,3.335942633242439e-11,3.200005949111073e-08,0.9999999953187751,True
kitti_train,3406,003405.png,5,5,5,False,4.960937216580419e-11,4.529999841906829e-08,0.999999995156386,True
kitti_train,3408,003407.png,9,9,9,False,4.9531254098234e-11,3.200000264769187e-08,0.999999993115009,True
kitti_train,3409,003408.png,4,4,4,False,4.953126797602181e-11,3.51000153386849e-08,0.9999999946816356,True
kitti_train,3410,003409.png,14,14,14,False,4.656251773038633e-11,4.1000021155923605e-08,0.9999999945883844,True
kitti_train,3411,003410.png,7,7,7,False,4.992184443608494e-11,4.219998572807526e-08,0.9999999957744634,True
kitti_train,3412,003411.png,1,1,1,False,4.5859316344376566e-11,2.1299996433299384e-08,0.9999999989956053,True
kitti_train,3414,003413.png,2,2,2,False,4.921875060293068e-11,3.200000264769187e-08,0.9999999940686157,True
kitti_train,3415,003414.png,1,1,1,False,3.328126663149078e-11,2.1300024855008814e-08,0.9999999975790145,True
kitti_train,3416,003415.png,3,3,3,False,4.8125003981880354e-11,3.409999749237613e-08,0.9999999978010742,True
kitti_train,3418,003417.png,6,6,6,False,4.960931665465296e-11,3.249999735999154e-08,0.9999999938562357,True
kitti_train,3423,003422.png,4,4,4,False,4.390625016337246e-11,3.200000264769187e-08,0.9999999894935528,True
kitti_train,3425,003424.png,1,1,1,False,3.406250281834389e-11,2.179999825102641e-08,0.9999999975345314,True
kitti_train,3428,003427.png,2,2,2,False,3.335942633242439e-11,2.910002194767003e-08,0.9999999911147311,True
kitti_train,3429,003428.png,3,3,3,False,4.6562503852598525e-11,3.200000264769187e-08,0.9999999943705683,True
kitti_train,3430,003429.png,4,4,4,False,4.7656250473648853e-11,3.200005949111073e-08,0.999999994914742,True
kitti_train,3431,003430.png,5,5,5,False,4.9687504111162184e-11,4.090001937129273e-08,0.9999999941422801,True
kitti_train,3433,003432.png,4,4,4,False,3.335942633242439e-11,3.200000264769187e-08,0.9999999937780976,True
kitti_train,3435,003434.png,8,8,8,False,4.992184443608494e-11,4.529999841906829e-08,0.9999999955539727,True
kitti_train,3436,003435.png,1,1,1,False,4.5078107913099075e-11,3.870002274197759e-08,0.9999999977406395,True
kitti_train,3437,003436.png,8,8,8,False,4.914063600480745e-11,3.200000264769187e-08,0.9999999941640761,True
kitti_train,3438,003437.png,9,9,9,False,5.000000413701855e-11,4.2399960875627585e-08,0.9999999942515568,True
kitti_train,3439,003438.png,9,9,9,False,4.9531254098234e-11,3.539992121659452e-08,0.999999996782274,True
kitti_train,3440,003439.png,3,3,3,False,4.656253160817414e-11,3.200000264769187e-08,0.9999999947298857,True
kitti_train,3441,003440.png,13,13,13,False,4.9687504111162184e-11,4.359992544777924e-08,0.9999999957355592,True
kitti_train,3442,003441.png,9,9,9,False,4.3437503594034865e-11,3.370001877556206e-08,0.999999996538087,True
kitti_train,3443,003442.png,12,12,12,False,4.8906247107627365e-11,3.200005949111073e-08,0.9999999925276564,True
kitti_train,3444,003443.png,7,7,7,False,4.992189994723617e-11,3.8400003177230246e-08,0.9999999944405596,True
kitti_train,3445,003444.png,15,15,15,False,4.890626792430908e-11,3.940004944524844e-08,0.9999999952523091,True
kitti_train,3446,003445.png,1,1,1,False,3.593749950403513e-11,2.2999998350314854e-08,0.9999999964184624,True
kitti_train,3448,003447.png,1,1,1,False,4.1718684062885814e-11,2.1299998209656223e-08,0.999999993204403,True
kitti_train,3450,003449.png,1,1,1,False,3.335931531012193e-11,2.1299996433299384e-08,0.9999999988836072,True
kitti_train,3451,003450.png,3,3,3,False,4.8125003981880354e-11,3.1999995542264514e-08,0.9999999967537057,True
kitti_train,3452,003451.png,2,2,2,False,4.250000351646577e-11,2.720000225053809e-08,0.999999997972243,True
kitti_train,3453,003452.png,2,2,2,False,4.062499989188062e-11,2.5999998598535967e-08,0.9999999972842679,True
kitti_train,3456,003455.png,6,6,6,False,4.7656250473648853e-11,3.0499998970867637e-08,0.9999999958905136,True
kitti_train,3457,003456.png,3,3,3,False,4.1562475683321054e-11,3.199994580427301e-08,0.999999994462376,True
kitti_train,3458,003457.png,4,4,4,False,4.7187587171038103e-11,3.469997977845196e-08,0.9999999944476742,True
kitti_train,3460,003459.png,13,13,13,False,4.843750400773672e-11,4.250000529282261e-08,0.9999999947853885,True
kitti_train,3461,003460.png,4,4,4,False,4.9687504111162184e-11,3.380000634933822e-08,0.9999999798825345,True
kitti_train,3462,003461.png,4,4,4,False,4.31250035681785e-11,2.8899989956698846e-08,0.9999999967964723,True
kitti_train,3463,003462.png,5,5,5,False,4.851552493079225e-11,3.579998519853689e-08,0.9999999945353376,True
kitti_train,3464,003463.png,3,3,3,False,4.015626720033083e-11,3.23000035606924e-08,0.999999995995155,True
kitti_train,3465,003464.png,16,16,16,False,4.8593747081771e-11,3.7000063457526267e-08,0.9999999937315085,True
kitti_train,3466,003465.png,7,7,7,False,4.9218754072377635e-11,3.200005949111073e-08,0.9999999966352305,True
kitti_train,3467,003466.png,6,6,6,False,4.8124990104092547e-11,3.1500007935392205e-08,0.999999995354291,True
kitti_train,3470,003469.png,2,2,2,False,4.984374024630256e-11,2.4700028689039755e-08,0.9999999955690863,True
kitti_train,3471,003470.png,4,4,4,False,4.015615617802837e-11,3.399998149689054e-08,0.9999999939806159,True
kitti_train,3472,003471.png,6,6,6,False,4.8437476252161105e-11,3.200000264769187e-08,0.9999999971998689,True
kitti_train,3473,003472.png,16,16,16,False,4.898442762524269e-11,3.8899997889529914e-08,0.9999999919091583,True
kitti_train,3474,003473.png,13,13,13,False,4.999994862586732e-11,4.0099976672536286e-08,0.9999999945983972,True
kitti_train,3475,003474.png,10,10,10,False,4.8359372062378725e-11,3.920001745427726e-08,0.9999999952861354,True
kitti_train,3476,003475.png,1,1,1,False,3.328126663149078e-11,2.1300024855008814e-08,0.9999999990750194,True
kitti_train,3478,003477.png,4,4,4,False,4.531249681027916e-11,3.229997957987507e-08,0.9999999953464411,True
kitti_train,3479,003478.png,8,8,8,False,4.921875060293068e-11,3.579998519853689e-08,0.9999999944754259,True
kitti_train,3482,003481.png,1,1,1,False,4.593750380088579e-11,2.939999887985323e-08,0.9999999988765408,True
kitti_train,3483,003482.png,4,4,4,False,4.7968740091164364e-11,3.410002591408556e-08,0.9999999964307842,True
kitti_train,3485,003484.png,6,6,6,False,4.320316326911211e-11,3.200000264769187e-08,0.9999999961192371,True
kitti_train,3486,003485.png,1,1,1,False,4.593749686199189e-11,2.939999887985323e-08,0.9999999975643414,True
kitti_train,3487,003486.png,5,5,5,False,3.9374999788455156e-11,3.200005949111073e-08,0.9999999949006526,True
kitti_train,3489,003488.png,9,9,9,False,4.890625057707432e-11,3.6199992337060394e-08,0.9999999957837691,True
kitti_train,3490,003489.png,9,9,9,False,4.726563584966925e-11,3.6299923067417694e-08,0.999999995301654,True
kitti_train,3491,003490.png,6,6,6,False,4.8984372114091457e-11,4.1600003441999434e-08,0.999999993230781,True
kitti_train,3492,003491.png,1,1,1,False,4.859376789845271e-11,4.149995902480441e-08,0.9999999985686331,True
kitti_train,3493,003492.png,1,1,1,False,3.687500305105118e-11,2.9199995310591476e-08,0.9999999989725926,True
kitti_train,3494,003493.png,5,5,5,False,4.6562503852598525e-11,3.200000264769187e-08,0.9999999926396959,True
kitti_train,3495,003494.png,11,11,11,False,4.640626771745815e-11,3.949998017560574e-08,0.9999999918784037,True
kitti_train,3496,003495.png,2,2,2,False,3.328124928425602e-11,2.1299999986013063e-08,0.9999999984274637,True
kitti_train,3497,003496.png,2,2,2,False,3.328115560918832e-11,2.2799980570198386e-08,0.999999995340594,True
kitti_train,3498,003497.png,7,7,7,False,4.687500387845489e-11,3.200005949111073e-08,0.9999999949028099,True
kitti_train,3500,003499.png,5,5,5,False,4.968749717226828e-11,3.200000264769187e-08,0.9999999914725568,True
kitti_train,3502,003501.png,5,5,5,False,4.984374718519646e-11,4.3100016000607866e-08,0.9999999964293103,True
kitti_train,3503,003502.png,17,17,17,False,4.898448313639392e-11,4.139997145102825e-08,0.9999999972394341,True
kitti_train,3504,003503.png,5,5,5,False,4.99219554583874e-11,4.529994157564943e-08,0.9999999959800453,True
kitti_train,3506,003505.png,5,5,5,False,4.8124990104092547e-11,3.3499986784590874e-08,0.999999994714532,True
kitti_train,3507,003506.png,5,5,5,False,4.000000330961484e-11,3.200000264769187e-08,0.9999999952723371,True
kitti_train,3508,003507.png,13,13,13,False,4.8593754020664903e-11,3.57999994093916e-08,0.9999999950873353,True
kitti_train,3509,003508.png,13,13,13,False,4.546875029265429e-11,3.9099973037082236e-08,0.9999999895790883,True
kitti_train,3510,003509.png,3,3,3,False,4.968749717226828e-11,3.179999907843012e-08,0.9999999956819993,True
kitti_train,3511,003510.png,6,6,6,False,4.390625016337246e-11,3.810004045590176e-08,0.9999999943530422,True
kitti_train,3513,003512.png,5,5,5,False,4.773434425509038e-11,3.560012373782229e-08,0.9999999953876998,True
kitti_train,3514,003513.png,9,9,9,False,4.687500387845489e-11,3.7599988900183234e-08,0.9999999929539779,True
kitti_train,3515,003514.png,11,11,11,False,4.984375412409037e-11,3.529999048623722e-08,0.9999999946162706,True
kitti_train,3516,003515.png,5,5,5,False,4.9062490181661644e-11,3.2299965369020356e-08,0.9999999970564032,True
kitti_train,3517,003516.png,3,3,3,False,4.375000361989123e-11,3.790000846493058e-08,0.9999999946882103,True
kitti_train,3519,003518.png,6,6,6,False,4.937500408530582e-11,3.729999775714532e-08,0.9999999958377934,True
kitti_train,3520,003519.png,5,5,5,False,4.8984316602940225e-11,3.960001038194605e-08,0.9999999926632744,True
kitti_train,3521,003520.png,3,3,3,False,4.8437476252161105e-11,3.240000978621538e-08,0.9999999974151096,True
kitti_train,3522,003521.png,8,8,8,False,4.1718739574037045e-11,3.720003860507859e-08,0.9999999971379794,True
kitti_train,3523,003522.png,1,1,1,False,5.000000413701855e-11,2.9600016659969697e-08,0.9999999981379076,True
kitti_train,3524,003523.png,1,1,1,False,3.335931531012193e-11,3.200000264769187e-08,0.9999999974901883,True
kitti_train,3525,003524.png,3,3,3,False,3.890626709690537e-11,2.4900003836592077e-08,0.9999999971918261,True
kitti_train,3528,003527.png,3,3,3,False,4.999994862586732e-11,3.200000264769187e-08,0.9999999963114804,True
kitti_train,3529,003528.png,4,4,4,False,4.0937499917736986e-11,2.619999861508404e-08,0.9999999951034811,True
kitti_train,3530,003529.png,9,9,9,False,4.882812904005718e-11,3.200000264769187e-08,0.999999997300715,True
kitti_train,3531,003530.png,2,2,2,False,4.843750053828977e-11,3.200000264769187e-08,0.9999999954321243,True
kitti_train,3532,003531.png,11,11,11,False,4.5468739884313436e-11,4.250000529282261e-08,0.9999999938737418,True
kitti_train,3534,003533.png,2,2,2,False,3.335942633242439e-11,2.1299999986013063e-08,0.9999999966259834,True
kitti_train,3536,003535.png,3,3,3,False,3.921873936718612e-11,3.200000264769187e-08,0.9999999883771643,True
kitti_train,3538,003537.png,14,14,14,False,4.8437531763312336e-11,3.7100001293310925e-08,0.9999999953118462,True
kitti_train,3539,003538.png,5,5,5,False,4.17187499823779e-11,3.0999956379673677e-08,0.9999999964805217,True
kitti_train,3540,003539.png,4,4,4,False,4.234375003409063e-11,3.449991936577135e-08,0.9999999939859727,True
kitti_train,3541,003540.png,6,6,6,False,4.8828108223375466e-11,3.200000264769187e-08,0.9999999943482872,True
kitti_train,3542,003541.png,11,11,11,False,4.6953135823812886e-11,3.940002102353901e-08,0.9999999948900745,True
kitti_train,3543,003542.png,3,3,3,False,3.390626668320351e-11,3.200005949111073e-08,0.9999999956222849,True
kitti_train,3544,003543.png,4,4,4,False,5.000000413701855e-11,3.320002406326239e-08,0.9999999941612259,True
kitti_train,3545,003544.png,14,14,14,False,4.968749717226828e-11,4.020000687887659e-08,0.9999999926398156,True
kitti_train,3546,003545.png,5,5,5,False,4.906250405944945e-11,3.2199977795244195e-08,0.9999999934705515,True
kitti_train,3547,003546.png,4,4,4,False,4.9375000615858866e-11,3.200000264769187e-08,0.9999999930632617,True
kitti_train,3548,003547.png,4,4,4,False,3.335942633242439e-11,3.200000264769187e-08,0.9999999966201157,True
kitti_train,3549,003548.png,5,5,5,False,4.593749686199189e-11,3.200000264769187e-08,0.9999999936464529,True
kitti_train,3552,003551.png,6,6,6,False,4.937494857415459e-11,3.400000991859997e-08,0.9999999906464875,True
kitti_train,3553,003552.png,4,4,4,False,4.2968753555250316e-11,2.8899989956698846e-08,0.999999997434246,True
kitti_train,3554,003553.png,3,3,3,False,3.937500325790211e-11,3.4999970921489876e-08,0.9999999925206984,True
kitti_train,3555,003554.png,14,14,14,False,4.6093684424874937e-11,3.200005949111073e-08,0.9999999934608811,True
kitti_train,3556,003555.png,9,9,9,False,4.8359372062378725e-11,3.200000264769187e-08,0.9999999918615444,True
kitti_train,3557,003556.png,4,4,4,False,4.8437531763312336e-11,2.799999876401671e-08,0.9999999898403128,True
kitti_train,3558,003557.png,2,2,2,False,4.6250000357295207e-11,4.20999981542991e-08,0.9999999934006889,True
kitti_train,3562,003561.png,4,4,4,False,4.374999668099733e-11,3.200000264769187e-08,0.999999993831759,True
kitti_train,3563,003562.png,3,3,3,False,4.960942767695542e-11,3.200000264769187e-08,0.9999999901445502,True
kitti_train,3564,003563.png,8,8,8,False,4.7812500486577036e-11,4.460000013750687e-08,0.9999999952289722,True
kitti_train,3566,003565.png,9,9,9,False,4.8125003981880354e-11,3.200000264769187e-08,0.9999999968596253,True
kitti_train,3567,003566.png,7,7,7,False,4.5234371803815066e-11,3.570005446817959e-08,0.9999999949364407,True
kitti_train,3568,003567.png,6,6,6,False,4.750000393016762e-11,3.200005949111073e-08,0.9999999949758339,True
kitti_train,3569,003568.png,7,7,7,False,4.999999025923074e-11,3.249996893828211e-08,0.9999999943340553,True
kitti_train,3570,003569.png,6,6,6,False,4.617184412580855e-11,3.240003820792481e-08,0.9999999949352784,True
kitti_train,3571,003570.png,6,6,6,False,4.968758737788903e-11,3.9000042306724936e-08,0.9999999963026766,True
kitti_train,3572,003571.png,1,1,1,False,4.312498969039069e-11,2.7599995178206882e-08,0.9999999985358475,True
kitti_train,3574,003573.png,2,2,2,False,3.335942633242439e-11,3.200000264769187e-08,0.9999999953080132,True
kitti_train,3575,003574.png,12,12,12,False,4.937500408530582e-11,3.200000264769187e-08,0.9999999936995931,True
kitti_train,3576,003575.png,2,2,2,False,3.945316295883572e-11,3.380000634933822e-08,0.9999999986323533,True
kitti_train,3577,003576.png,1,1,1,False,3.781250312862028e-11,2.640001639520051e-08,0.9999999988742652,True
kitti_train,3578,003577.png,16,16,16,False,4.484375371038851e-11,4.200001058052294e-08,0.9999999956368836,True
kitti_train,3580,003579.png,6,6,6,False,4.921874019458983e-11,4.189996616332792e-08,0.9999999955132712,True
kitti_train,3582,003581.png,4,4,4,False,4.6562503852598525e-11,3.779999246944499e-08,0.999999997548588,True
kitti_train,3583,003582.png,1,1,1,False,3.335931531012193e-11,3.199994580427301e-08,0.999999999258264,True
kitti_train,3584,003583.png,4,4,4,False,4.296873967746251e-11,3.200000264769187e-08,0.9999999931689082,True
kitti_train,3585,003584.png,2,2,2,False,4.7187503904311257e-11,3.459996378296637e-08,0.9999999941524014,True
kitti_train,3586,003585.png,10,10,10,False,4.593749686199189e-11,3.249999735999154e-08,0.999999989889818,True
kitti_train,3587,003586.png,2,2,2,False,4.6250000357295207e-11,3.7699976473959396e-08,0.999999993044413,True
kitti_train,3588,003587.png,1,1,1,False,3.593747521790647e-11,2.0800001720999717e-08,0.9999999985209941,True
kitti_train,3589,003588.png,4,4,4,False,3.335931531012193e-11,3.200000264769187e-08,0.9999999921948981,True
kitti_train,3590,003589.png,7,7,7,False,4.749999699127372e-11,4.010001930510043e-08,0.9999999965352612,True
kitti_train,3593,003592.png,4,4,4,False,3.648437107983682e-11,3.200000264769187e-08,0.999999994792704,True
kitti_train,3597,003596.png,1,1,1,False,4.9687504111162184e-11,3.200000264769187e-08,0.9999999988849614,True
kitti_train,3599,003598.png,5,5,5,False,4.968750064171523e-11,3.330001163703855e-08,0.9999999939888475,True
kitti_train,3600,003599.png,14,14,14,False,4.968747635558657e-11,3.4299972639928455e-08,0.9999999927545272,True
kitti_train,3601,003600.png,4,4,4,False,3.335942633242439e-11,3.200000264769187e-08,0.9999999955038967,True
kitti_train,3602,003601.png,4,4,4,False,4.937505959645705e-11,3.200000264769187e-08,0.9999999930450661,True
kitti_train,3603,003602.png,9,9,9,False,4.5312531504748677e-11,4.199998215881351e-08,0.9999999794209141,True
kitti_train,3604,003603.png,11,11,11,False,4.8671844332659475e-11,3.799999603870674e-08,0.999999991598016,True
kitti_train,3605,003604.png,2,2,2,False,4.90625005900025e-11,3.200000264769187e-08,0.9999999920361785,True
kitti_train,3606,003605.png,12,12,12,False,4.890625404652127e-11,4.279996801415109e-08,0.9999999946640423,True
kitti_train,3607,003606.png,2,2,2,False,4.2656250059947e-11,3.200000264769187e-08,0.999999994689335,True
kitti_train,3608,003607.png,2,2,2,False,4.375000361989123e-11,3.200000264769187e-08,0.999999998793693,True
kitti_train,3609,003608.png,3,3,3,False,4.94531082750882e-11,3.199994580427301e-08,0.9999999899484615,True
kitti_train,3611,003610.png,2,2,2,False,4.296873967746251e-11,3.979999974035309e-08,0.9999999958665915,True
kitti_train,3613,003612.png,1,1,1,False,4.750000393016762e-11,4.190002300674678e-08,0.9999999875089791,True
kitti_train,3614,003613.png,2,2,2,False,3.335931531012193e-11,2.1299999986013063e-08,0.9999999941333189,True
kitti_train,3615,003614.png,3,3,3,False,4.81250005124334e-11,4.5100023271515965e-08,0.9999999921490428,True
kitti_train,3616,003615.png,3,3,3,False,4.593750033143884e-11,3.0900025649316376e-08,0.9999999952009475,True
kitti_train,3617,003616.png,3,3,3,False,4.8281250525361585e-11,3.200005949111073e-08,0.9999999918651848,True
kitti_train,3619,003618.png,9,9,9,False,4.9999976381442934e-11,4.2400017719046446e-08,0.9999999964663215,True
kitti_train,3620,003619.png,4,4,4,False,4.554689958524705e-11,3.31000080677768e-08,0.9999999946899101,True
kitti_train,3621,003620.png,11,11,11,False,4.94531082750882e-11,4.319998936352931e-08,0.9999999957903066,True
kitti_train,3622,003621.png,14,14,14,False,4.9687504111162184e-11,3.3599974358367035e-08,0.9999999910005356,True
kitti_train,3623,003622.png,12,12,12,False,4.945321929739066e-11,4.560001798381563e-08,0.9999999941115745,True
kitti_train,3625,003624.png,4,4,4,False,4.601563574624379e-11,3.269997250754386e-08,0.9999999951009337,True
kitti_train,3626,003625.png,9,9,9,False,4.8671844332659475e-11,3.9900001524983963e-08,0.999999992984867,True
kitti_train,3627,003626.png,4,4,4,False,4.9375000615858866e-11,4.340000714364578e-08,0.9999999930454919,True
kitti_train,3628,003627.png,2,2,2,False,4.4374989793816155e-11,3.200000264769187e-08,0.9999999978606617,True
kitti_train,3629,003628.png,6,6,6,False,4.7656250473648853e-11,4.5000035697739804e-08,0.9999999907326171,True
kitti_train,3631,003630.png,2,2,2,False,3.921879487833735e-11,3.200005949111073e-08,0.9999999949401029,True
kitti_train,3632,003631.png,1,1,1,False,3.335931531012193e-11,3.199994580427301e-08,0.9999999958241654,True
kitti_train,3633,003632.png,7,7,7,False,4.968747635558657e-11,3.179997065672069e-08,0.9999999961107328,True
kitti_train,3634,003633.png,13,13,13,False,4.984374024630256e-11,3.9799942896934226e-08,0.9999999946827101,True
kitti_train,3636,003635.png,1,1,1,False,4.6718750396079756e-11,4.35999822911981e-08,0.9999999950941791,True
kitti_train,3637,003636.png,1,1,1,False,3.335942633242439e-11,2.13000106441541e-08,0.9999999992848572,True
kitti_train,3638,003637.png,3,3,3,False,3.335942633242439e-11,3.200005949111073e-08,0.9999999969825446,True
kitti_train,3639,003638.png,4,4,4,False,3.8203107344259024e-11,2.519999497962999e-08,0.9999999952793348,True
kitti_train,3641,003640.png,4,4,4,False,4.7031253891383074e-11,3.200000264769187e-08,0.9999999974988175,True
kitti_train,3642,003641.png,11,11,11,False,4.7499990052379815e-11,4.320003199609346e-08,0.9999999924924654,True
kitti_train,3643,003642.png,17,17,17,False,4.8203219193965197e-11,3.65999994755839e-08,0.9999999913684239,True
kitti_train,3644,003643.png,3,3,3,False,4.250000351646577e-11,3.200000264769187e-08,0.9999999944400378,True
kitti_train,3645,003644.png,2,2,2,False,4.9687490233374376e-11,3.179999197300276e-08,0.9999999962207279,True
kitti_train,3646,003645.png,3,3,3,False,4.039069079198043e-11,3.329998321532912e-08,0.9999999928024464,True
kitti_train,3647,003646.png,16,16,16,False,4.8046955303249206e-11,3.930000502805342e-08,0.999999993923618,True
kitti_train,3649,003648.png,9,9,9,False,4.078129500761918e-11,3.78000066802997e-08,0.9999999973606554,True
kitti_train,3650,003649.png,2,2,2,False,4.1875003464753036e-11,2.6800002217441943e-08,0.9999999993102366,True
kitti_train,3652,003651.png,7,7,7,False,4.4843795343751935e-11,4.130004072067095e-08,0.9999999949692688,True
kitti_train,3653,003652.png,9,9,9,False,4.9531254098234e-11,4.6000081965758e-08,0.9999999940126317,True
kitti_train,3654,003653.png,13,13,13,False,4.8750004033593086e-11,3.669998704936006e-08,0.9999999896056208,True
kitti_train,3655,003654.png,1,1,1,False,3.773437118326228e-11,3.260001335547713e-08,0.9999999972795653,True
kitti_train,3656,003655.png,3,3,3,False,3.640626689005444e-11,2.9700004233745858e-08,0.9999999912132604,True
kitti_train,3657,003656.png,6,6,6,False,4.250000351646577e-11,3.200000264769187e-08,0.999999994677172,True
kitti_train,3658,003657.png,12,12,12,False,4.687500040900794e-11,4.269998044037493e-08,0.9999999919880205,True
kitti_train,3659,003658.png,5,5,5,False,4.023437139011321e-11,3.200005949111073e-08,0.9999999933567556,True
kitti_train,3660,003659.png,9,9,9,False,4.890625404652127e-11,4.019995003545773e-08,0.9999999950339484,True
kitti_train,3662,003661.png,13,13,13,False,4.906250405944945e-11,4.1600003441999434e-08,0.9999999898561666,True
kitti_train,3664,003663.png,10,10,10,False,4.8593754020664903e-11,3.200000264769187e-08,0.999999987594129,True
kitti_train,3665,003664.png,6,6,6,False,3.687500305105118e-11,3.199994580427301e-08,0.9999999912851669,True
kitti_train,3666,003665.png,1,1,1,False,3.546874946525058e-11,2.2699998325492743e-08,0.9999999969497388,True
kitti_train,3668,003667.png,4,4,4,False,3.984374635779275e-11,3.469995135674253e-08,0.9999999968356312,True
kitti_train,3669,003668.png,5,5,5,False,4.906250405944945e-11,3.200000264769187e-08,0.9999999955489834,True
kitti_train,3670,003669.png,4,4,4,False,4.8593684631725864e-11,3.750000132640707e-08,0.9999999927374064,True
kitti_train,3671,003670.png,1,1,1,False,3.781250312862028e-11,2.4200005555030657e-08,0.999999999076693,True
kitti_train,3672,003671.png,2,2,2,False,3.328126663149078e-11,2.1299998209656223e-08,0.9999999967204368,True
kitti_train,3673,003672.png,3,3,3,False,3.335931531012193e-11,2.1299999986013063e-08,0.9999999941540433,True
kitti_train,3674,003673.png,1,1,1,False,3.328125275370297e-11,2.1299999986013063e-08,0.9999999980416269,True
kitti_train,3676,003675.png,1,1,1,False,4.328126745889449e-11,2.7700011173692474e-08,0.9999999993137686,True
kitti_train,3677,003676.png,12,12,12,False,4.828137889489881e-11,4.270003728379379e-08,0.9999999948177752,True
kitti_train,3678,003677.png,8,8,8,False,4.906253181502507e-11,3.5699997624760726e-08,0.999999993348375,True
kitti_train,3679,003678.png,3,3,3,False,4.6562503852598525e-11,3.200005949111073e-08,0.9999999950340084,True
kitti_train,3680,003679.png,3,3,3,False,3.7656249646245143e-11,3.200000264769187e-08,0.9999999928584367,True
kitti_train,3681,003680.png,1,1,1,False,3.335942633242439e-11,3.200000264769187e-08,0.9999999922856357,True
kitti_train,3682,003681.png,8,8,8,False,4.8593754020664903e-11,3.200000264769187e-08,0.999999997121764,True
kitti_train,3683,003682.png,2,2,2,False,3.89063226080566e-11,2.1299996433299384e-08,0.9999999985193225,True
kitti_train,3685,003684.png,8,8,8,False,4.640626771745815e-11,3.5699940781341866e-08,0.9999999933244721,True
kitti_train,3686,003685.png,2,2,2,False,3.335942633242439e-11,2.1299999986013063e-08,0.9999999968851586,True
kitti_train,3687,003686.png,10,10,10,False,4.992189994723617e-11,4.130001229896152e-08,0.9999999815710173,True
kitti_train,3688,003687.png,9,9,9,False,4.8750000564146134e-11,3.4399931791995186e-08,0.9999999915319973,True
kitti_train,3689,003688.png,6,6,6,False,4.8984261091788994e-11,3.509995849526604e-08,0.9999999934051564,True
kitti_train,3690,003689.png,1,1,1,False,3.5078051574544133e-11,3.200000264769187e-08,0.9999999936358533,True
kitti_train,3691,003690.png,9,9,9,False,4.7968740091164364e-11,4.410003384691663e-08,0.9999999950348109,True
kitti_train,3692,003691.png,11,11,11,False,4.632810801652454e-11,3.389999392311438e-08,0.999999990194994,True
kitti_train,3693,003692.png,2,2,2,False,3.7656253115692095e-11,3.200000264769187e-08,0.999999995813726,True
kitti_train,3694,003693.png,2,2,2,False,4.304689937839612e-11,3.8300015603454085e-08,0.9999999963898758,True
kitti_train,3695,003694.png,1,1,1,False,3.7890690585129505e-11,2.770002538454719e-08,0.9999999981499444,True
kitti_train,3696,003695.png,14,14,14,False,4.343758686076171e-11,3.719998176165973e-08,0.9999999940728392,True
kitti_train,3697,003696.png,3,3,3,False,4.4062500176300645e-11,3.200000264769187e-08,0.9999999950692612,True
kitti_train,3698,003697.png,6,6,6,False,4.921875060293068e-11,3.200005949111073e-08,0.9999999938172405,True
kitti_train,3700,003699.png,2,2,2,False,3.335942633242439e-11,2.1299999986013063e-08,0.9999999940619115,True
kitti_train,3702,003701.png,8,8,8,False,4.929684438437221e-11,4.139997145102825e-08,0.9999999931321489,True
kitti_train,3703,003702.png,2,2,2,False,4.265632291833299e-11,3.2300022212439217e-08,0.99999998725404,True
kitti_train,3704,003703.png,1,1,1,False,3.515623903105336e-11,2.2499989427160472e-08,0.9999999990958242,True
kitti_train,3705,003704.png,15,15,15,False,4.781242068929714e-11,4.2400017719046446e-08,0.9999999950155538,True
kitti_train,3706,003705.png,3,3,3,False,4.531249681027916e-11,3.790000846493058e-08,0.9999999951728399,True
kitti_train,3707,003706.png,10,10,10,False,4.640625383967034e-11,4.070003001288569e-08,0.9999999932475384,True
kitti_train,3709,003708.png,9,9,9,False,4.8750000564146134e-11,3.389999392311438e-08,0.9999999941227105,True
kitti_train,3711,003710.png,3,3,3,False,4.81250005124334e-11,3.199999909497819e-08,0.9999999951832776,True
kitti_train,3712,003711.png,3,3,3,False,4.88281637345267e-11,4.3800014282169286e-08,0.999999996981969,True
kitti_train,3713,003712.png,2,2,2,False,3.351563471198915e-11,2.920000952144619e-08,0.9999999961341561,True
kitti_train,3714,003713.png,6,6,6,False,4.67187399877389e-11,4.2499976871113176e-08,0.9999999865063955,True
kitti_train,3715,003714.png,2,2,2,False,3.328125275370297e-11,2.8899989956698846e-08,0.9999999971225824,True
kitti_train,3718,003717.png,8,8,8,False,4.898448313639392e-11,3.809992676906404e-08,0.9999999921640249,True
kitti_train,3719,003718.png,16,16,16,False,4.8593740142877095e-11,3.5600010050984565e-08,0.9999999935963644,True
kitti_train,3720,003719.png,8,8,8,False,4.8593795654028327e-11,4.5700005557591794e-08,0.9999999961885563,True
kitti_train,3721,003720.png,4,4,4,False,4.984374024630256e-11,3.200005949111073e-08,0.9999999934259881,True
kitti_train,3722,003721.png,5,5,5,False,4.578126766574542e-11,3.200000264769187e-08,0.9999999946929221,True
kitti_train,3723,003722.png,7,7,7,False,4.95312471593401e-11,3.2100047064886894e-08,0.999999992177915,True
kitti_train,3724,003723.png,2,2,2,False,3.02343705627095e-11,2.859991354853264e-08,0.9999999957546428,True
kitti_train,3725,003724.png,1,1,1,False,3.335942633242439e-11,2.1299998209656223e-08,0.9999999949598166,True
kitti_train,3727,003726.png,4,4,4,False,4.656250038315157e-11,3.590000119402248e-08,0.9999999946572873,True
kitti_train,3728,003727.png,1,1,1,False,4.76562470042019e-11,4.259999286659877e-08,0.9999999964375941,True
kitti_train,3729,003728.png,5,5,5,False,4.96875318667378e-11,3.2999992072291207e-08,0.99999999337649,True
kitti_train,3730,003729.png,2,2,2,False,4.6874996939560987e-11,2.999999892949745e-08,0.9999999932554432,True
kitti_train,3731,003730.png,9,9,9,False,4.937500408530582e-11,4.349999471742194e-08,0.9999999964200953,True
kitti_train,3733,003732.png,6,6,6,False,4.750000393016762e-11,3.049996166737401e-08,0.9999999963262928,True
kitti_train,3734,003733.png,2,2,2,False,4.4531253684532146e-11,2.8500004134457413e-08,0.9999999974448806,True
kitti_train,3735,003734.png,3,3,3,False,4.937494857415459e-11,3.7600017321892665e-08,0.9999999942695114,True
kitti_train,3736,003735.png,7,7,7,False,4.9999997198124646e-11,3.200000264769187e-08,0.9999999939031576,True
kitti_train,3739,003738.png,2,2,2,False,4.8593740142877095e-11,2.9700004233745858e-08,0.9999999936334101,True
kitti_train,3741,003740.png,7,7,7,False,4.8515635953094716e-11,3.199994580427301e-08,0.999999997401072,True
kitti_train,3742,003741.png,2,2,2,False,4.054689917154519e-11,3.0800038075540215e-08,0.9999999955508426,True
kitti_train,3743,003742.png,5,5,5,False,4.976569156767141e-11,4.4300008994468953e-08,0.9999999904211136,True
kitti_train,3744,003743.png,1,1,1,False,3.359375104483586e-11,2.4600012693554163e-08,0.9999999938941078,True
kitti_train,3746,003745.png,6,6,6,False,4.8203108171662734e-11,4.149998744651384e-08,0.9999999948279679,True
kitti_train,3747,003746.png,9,9,9,False,4.968750064171523e-11,4.130001229896152e-08,0.9999999868798913,True
kitti_train,3750,003749.png,10,10,10,False,4.874997627801747e-11,4.1000021155923605e-08,0.9999999963265644,True
kitti_train,3751,003750.png,2,2,2,False,4.9140580493656216e-11,3.130003278783988e-08,0.9999999942924594,True
kitti_train,3752,003751.png,3,3,3,False,4.0468767226187197e-11,3.200005949111073e-08,0.9999999964526468,True
kitti_train,3753,003752.png,1,1,1,False,3.781250312862028e-11,2.4200002002316978e-08,0.9999999978060994,True
kitti_train,3754,003753.png,16,16,16,False,4.921876795016544e-11,3.799993919528788e-08,0.9999999944397361,True
kitti_train,3755,003754.png,2,2,2,False,4.4687475941884713e-11,2.1300024855008814e-08,0.9999999946824943,True
kitti_train,3756,003755.png,9,9,9,False,4.7812497017130084e-11,3.7699976473959396e-08,0.9999999937578872,True
kitti_train,3757,003756.png,4,4,4,False,4.8203108171662734e-11,3.8300015603454085e-08,0.9999999934701215,True
kitti_train,3758,003757.png,3,3,3,False,4.8593740142877095e-11,3.200000264769187e-08,0.9999999944122102,True
kitti_train,3759,003758.png,19,19,19,False,4.937500408530582e-11,3.719998176165973e-08,0.9999999876895174,True
kitti_train,3760,003759.png,7,7,7,False,4.609374860964355e-11,3.9600024592800764e-08,0.9999999911339672,True
kitti_train,3761,003760.png,4,4,4,False,4.562500377502943e-11,3.5499994055498973e-08,0.9999999964293199,True
kitti_train,3762,003761.png,2,2,2,False,4.359373972917524e-11,4.000000330961484e-08,0.9999999973924165,True
kitti_train,3763,003762.png,1,1,1,False,3.328124581480907e-11,2.1299996433299384e-08,0.9999999985525967,True
kitti_train,3764,003763.png,6,6,6,False,4.7031378791473344e-11,4.070005843459512e-08,0.9999999945405164,True
kitti_train,3765,003764.png,4,4,4,False,4.070299652880749e-11,3.200000264769187e-08,0.9999999968766551,True
kitti_train,3766,003765.png,10,10,10,False,4.5234385681602873e-11,3.200005949111073e-08,0.9999999964426018,True
kitti_train,3767,003766.png,11,11,11,False,4.960937216580419e-11,4.219998572807526e-08,0.9999999926719149,True
kitti_train,3768,003767.png,5,5,5,False,4.5390635694531056e-11,3.389999392311438e-08,0.999999992590293,True
kitti_train,3769,003768.png,1,1,1,False,3.9999996370720936e-11,2.559999856543982e-08,0.9999999981544869,True
kitti_train,3770,003769.png,2,2,2,False,3.335937082127316e-11,2.1300081698427675e-08,0.9999999975778765,True
kitti_train,3771,003770.png,1,1,1,False,3.7187503076907547e-11,2.799999698765987e-08,0.9999999987396067,True
kitti_train,3772,003771.png,2,2,2,False,3.640625301226663e-11,3.200000264769187e-08,0.9999999977394436,True
kitti_train,3773,003772.png,8,8,8,False,4.8593740142877095e-11,3.3999995707745256e-08,0.9999999960659249,True
kitti_train,3774,003773.png,1,1,1,False,3.359379441292276e-11,2.6300000399714918e-08,0.9999999972184934,True
kitti_train,3775,003774.png,2,2,2,False,4.1250003413040304e-11,3.200000264769187e-08,0.9999999989775639,True
kitti_train,3776,003775.png,6,6,6,False,4.843749880356629e-11,4.1699934172356734e-08,0.9999999875874962,True
kitti_train,3778,003777.png,1,1,1,False,1.125002868640479e-11,5.600014674200793e-09,0.9999999994799943,True
kitti_train,3779,003778.png,7,7,7,False,4.8593684631725864e-11,3.65999994755839e-08,0.9999999934714081,True
kitti_train,3781,003780.png,5,5,5,False,4.390625016337246e-11,3.610000476328423e-08,0.9999999920603891,True
kitti_train,3782,003781.png,9,9,9,False,4.9999997198124646e-11,3.199999909497819e-08,0.9999999923715369,True
kitti_train,3784,003783.png,3,3,3,False,4.453124674563824e-11,3.200000264769187e-08,0.9999999958594354,True
kitti_train,3789,003788.png,2,2,2,False,3.335937082127316e-11,3.200000264769187e-08,0.9999999928955542,True
kitti_train,3790,003789.png,1,1,1,False,4.21874965517155e-11,2.6999998681276338e-08,0.9999999978970866,True
kitti_train,3791,003790.png,7,7,7,False,4.578126766574542e-11,3.8999985463306075e-08,0.9999999952389355,True
kitti_train,3793,003792.png,9,9,9,False,4.8984372114091457e-11,3.9700012166576926e-08,0.999999993824669,True
kitti_train,3795,003794.png,4,4,4,False,4.94531082750882e-11,3.200000264769187e-08,0.9999999945926438,True
kitti_train,3796,003795.png,2,2,2,False,4.1796899274970656e-11,3.200000264769187e-08,0.9999999936867969,True
kitti_train,3797,003796.png,6,6,6,False,4.984375412409037e-11,4.279999643586052e-08,0.9999999942049492,True
kitti_train,3798,003797.png,1,1,1,False,4.5937489923097985e-11,3.459996378296637e-08,0.9999999986911444,True
kitti_train,3799,003798.png,2,2,2,False,4.7578163631101233e-11,3.200000264769187e-08,0.9999999933705896,True
kitti_train,3800,003799.png,5,5,5,False,4.5390635694531056e-11,3.269997250754386e-08,0.999999996512045,True
kitti_train,3801,003800.png,8,8,8,False,4.742184422923401e-11,3.200000264769187e-08,0.9999999958522571,True
kitti_train,3802,003801.png,14,14,14,False,4.9218754072377635e-11,4.290001243134611e-08,0.999999994672405,True
kitti_train,3803,003802.png,8,8,8,False,4.7187503904311257e-11,4.1600003441999434e-08,0.999999996015095,True
kitti_train,3804,003803.png,6,6,6,False,3.984375329668666e-11,3.330001163703855e-08,0.9999999940596482,True
kitti_train,3805,003804.png,13,13,13,False,5.00000006675716e-11,4.7799971980566625e-08,0.9999999931674036,True
kitti_train,3806,003805.png,13,13,13,False,4.8984372114091457e-11,3.440000284626876e-08,0.9999999977684637,True
kitti_train,3807,003806.png,11,11,11,False,4.812494847072912e-11,3.470000820016139e-08,0.9999999950448167,True
kitti_train,3808,003807.png,8,8,8,False,4.6874996939560987e-11,3.269997250754386e-08,0.9999999945582055,True
kitti_train,3809,003808.png,7,7,7,False,3.625000299933845e-11,3.200000264769187e-08,0.999999992205777,True
kitti_train,3811,003810.png,6,6,6,False,4.5078052401947843e-11,3.470006504358025e-08,0.9999999978988825,True
kitti_train,3812,003811.png,7,7,7,False,4.968749717226828e-11,4.5799964709658525e-08,0.9999999920340364,True
kitti_train,3813,003812.png,9,9,9,False,4.984375412409037e-11,3.949998017560574e-08,0.9999999959452024,True
kitti_train,3814,003813.png,16,16,16,False,4.874999709469918e-11,3.200005949111073e-08,0.9999999925289924,True
kitti_train,3815,003814.png,2,2,2,False,4.593749686199189e-11,3.979999974035309e-08,0.9999999959542568,True
kitti_train,3816,003815.png,1,1,1,False,3.921873936718612e-11,2.4599998482699448e-08,0.999999997270741,True
kitti_train,3818,003817.png,2,2,2,False,3.906249976259879e-11,3.200000264769187e-08,0.9999999926716026,True
kitti_train,3820,003819.png,1,1,1,False,4.250000351646577e-11,3.1599995509168366e-08,0.9999999986211394,True
kitti_train,3821,003820.png,5,5,5,False,3.8515635125691006e-11,3.200005949111073e-08,0.9999999987247529,True
kitti_train,3822,003821.png,2,2,2,False,3.484368349404576e-11,2.2999927296041278e-08,0.9999999988754008,True
kitti_train,3823,003822.png,11,11,11,False,4.8124990104092547e-11,3.9099973037082236e-08,0.9999999965360854,True
kitti_train,3824,003823.png,1,1,1,False,4.968747635558657e-11,3.810004045590176e-08,0.9999999971330701,True
kitti_train,3825,003824.png,5,5,5,False,4.4374989793816155e-11,3.200000264769187e-08,0.9999999973826716,True
kitti_train,3827,003826.png,7,7,7,False,4.5781246849063706e-11,3.189998665220628e-08,0.9999999944691701,True
kitti_train,3828,003827.png,3,3,3,False,4.914069151595868e-11,3.810004045590176e-08,0.9999999933721196,True
kitti_train,3829,003828.png,2,2,2,False,4.5000003723316695e-11,4.320000357438403e-08,0.9999999947748094,True
kitti_train,3830,003829.png,5,5,5,False,4.890632343546031e-11,4.3800014282169286e-08,0.9999999946227597,True
kitti_train,3831,003830.png,10,10,10,False,4.7968740091164364e-11,3.439998863541405e-08,0.9999999963557665,True
kitti_train,3832,003831.png,11,11,11,False,4.781250395602399e-11,3.659994263216504e-08,0.999999994856018,True
kitti_train,3833,003832.png,4,4,4,False,4.2031250008234267e-11,3.200000264769187e-08,0.9999999968979191,True
kitti_train,3834,003833.png,6,6,6,False,4.7031253891383074e-11,3.200000264769187e-08,0.9999999934326429,True
kitti_train,3835,003834.png,4,4,4,False,4.500000025386974e-11,2.8800000606565845e-08,0.9999999928372126,True
kitti_train,3836,003835.png,1,1,1,False,3.757810729254629e-11,2.1299996433299384e-08,0.9999999990824345,True
kitti_train,3837,003836.png,10,10,10,False,4.937505959645705e-11,3.649995505838888e-08,0.9999999946426255,True
kitti_train,3838,003837.png,3,3,3,False,3.335931531012193e-11,3.200000264769187e-08,0.9999999970673535,True
kitti_train,3839,003838.png,1,1,1,False,4.867195535496194e-11,3.009999716141465e-08,0.9999999984006005,True
kitti_train,3840,003839.png,7,7,7,False,4.703125042193612e-11,3.010000071412833e-08,0.9999999934040296,True
kitti_train,3844,003843.png,1,1,1,False,3.328126663149078e-11,2.1500028424270567e-08,0.9999999965449909,True
kitti_train,3845,003844.png,5,5,5,False,4.750000393016762e-11,3.8600006746492e-08,0.9999999945629198,True
kitti_train,3846,003845.png,5,5,5,False,4.640626771745815e-11,4.31999751526746e-08,0.9999999939630331,True
kitti_train,3847,003846.png,4,4,4,False,3.781241986189343e-11,3.200000264769187e-08,0.9999999966334402,True
kitti_train,3848,003847.png,5,5,5,False,4.937499020751801e-11,4.7100002120714635e-08,0.9999999961252737,True
kitti_train,3849,003848.png,7,7,7,False,3.8750003206189376e-11,3.370001877556206e-08,0.9999999954441064,True
kitti_train,3851,003850.png,3,3,3,False,4.437500367160396e-11,3.200000264769187e-08,0.999999995299713,True
kitti_train,3852,003851.png,5,5,5,False,4.375000361989123e-11,2.7999988105875673e-08,0.9999999977058437,True
kitti_train,3853,003852.png,8,8,8,False,4.992189994723617e-11,4.06000140174001e-08,0.9999999927898009,True
kitti_train,3855,003854.png,3,3,3,False,3.531250292176935e-11,3.199994580427301e-08,0.999999996102452,True
kitti_train,3856,003855.png,11,11,11,False,4.992184443608494e-11,4.529999841906829e-08,0.9999999949864751,True
kitti_train,3857,003856.png,3,3,3,False,4.773437201066599e-11,3.199998843683716e-08,0.9999999978872891,True
kitti_train,3860,003859.png,5,5,5,False,4.7812587222750835e-11,3.470006504358025e-08,0.9999999953169746,True
kitti_train,3861,003860.png,5,5,5,False,4.640625037022339e-11,3.880006715917261e-08,0.9999999948468712,True
kitti_train,3862,003861.png,4,4,4,False,4.382805229852238e-11,3.279996008132002e-08,0.9999999848938884,True
kitti_train,3863,003862.png,2,2,2,False,3.335937082127316e-11,3.200000264769187e-08,0.9999999978190429,True
kitti_train,3866,003865.png,5,5,5,False,4.242195483783462e-11,3.200000264769187e-08,0.9999999955389357,True
kitti_train,3867,003866.png,6,6,6,False,3.718747532133193e-11,3.3500015206300304e-08,0.9999999973202649,True
kitti_train,3870,003869.png,2,2,2,False,4.921875060293068e-11,3.6300036754255416e-08,0.9999999958048298,True
kitti_train,3871,003870.png,10,10,10,False,4.429687172624597e-11,3.2999935228872346e-08,0.999999997653933,True
kitti_train,3872,003871.png,3,3,3,False,4.734374003945163e-11,3.2999992072291207e-08,0.9999999975468357,True
kitti_train,3873,003872.png,10,10,10,False,4.8906247107627365e-11,3.200005949111073e-08,0.9999999949937323,True
kitti_train,3874,003873.png,3,3,3,False,3.335931531012193e-11,3.199994580427301e-08,0.9999999958831747,True
kitti_train,3875,003874.png,3,3,3,False,4.2812503542322133e-11,3.199994580427301e-08,0.9999999953000097,True
kitti_train,3876,003875.png,2,2,2,False,3.335931531012193e-11,3.200000264769187e-08,0.9999999946627811,True
kitti_train,3877,003876.png,9,9,9,False,4.7656253943095805e-11,3.380000634933822e-08,0.9999999851936536,True
kitti_train,3878,003877.png,2,2,2,False,4.632810801652454e-11,3.8199999607968493e-08,0.9999999971844435,True
kitti_train,3880,003879.png,6,6,6,False,4.8515635953094716e-11,3.859997832478257e-08,0.9999999940499241,True
kitti_train,3881,003880.png,5,5,5,False,4.992184443608494e-11,3.469997977845196e-08,0.9999999930386096,True
kitti_train,3882,003881.png,4,4,4,False,4.8671844332659475e-11,3.010000071412833e-08,0.9999999924718835,True
kitti_train,3883,003882.png,6,6,6,False,4.5078052401947843e-11,3.8899997889529914e-08,0.9999999927256306,True
kitti_train,3884,003883.png,4,4,4,False,4.843750400773672e-11,3.200000264769187e-08,0.9999999958332016,True
kitti_train,3885,003884.png,6,6,6,False,4.3906253632819414e-11,3.6900019040331244e-08,0.9999999952012791,True
kitti_train,3887,003886.png,5,5,5,False,4.8593740142877095e-11,3.200000264769187e-08,0.9999999968145769,True
kitti_train,3888,003887.png,10,10,10,False,4.890625057707432e-11,4.350002313913137e-08,0.9999999910225144,True
kitti_train,3891,003890.png,2,2,2,False,3.632816270027206e-11,3.180002750013955e-08,0.9999999934486408,True
kitti_train,3892,003891.png,7,7,7,False,4.296873967746251e-11,3.2199977795244195e-08,0.999999997111546,True
kitti_train,3893,003892.png,3,3,3,False,4.781250395602399e-11,3.200000264769187e-08,0.9999999971621687,True
kitti_train,3894,003893.png,2,2,2,False,3.8671843505255765e-11,3.709999418788357e-08,0.9999999942696732,True
kitti_train,3896,003895.png,1,1,1,False,3.8984371286687747e-11,2.4799987841106486e-08,0.9999999941228873,True
kitti_train,3899,003898.png,6,6,6,False,4.937494857415459e-11,4.049996960020508e-08,0.9999999935493776,True
kitti_train,3900,003899.png,3,3,3,False,3.4375058355351484e-11,2.780006980174221e-08,0.9999999952892672,True
kitti_train,3901,003900.png,3,3,3,False,4.9218754072377635e-11,3.200005949111073e-08,0.9999999978615667,True
kitti_train,3902,003901.png,9,9,9,False,4.7734427521817224e-11,3.940004944524844e-08,0.9999999939872508,True
kitti_train,3904,003903.png,11,11,11,False,4.960931665465296e-11,4.489993443712592e-08,0.9999999922534413,True
kitti_train,3906,003905.png,1,1,1,False,2.6093738281218748e-11,2.13000106441541e-08,0.9999999990744595,True
kitti_train,3907,003906.png,1,1,1,False,3.328124581480907e-11,2.1299996433299384e-08,0.9999999986817051,True
kitti_train,3909,003908.png,3,3,3,False,4.328121194774326e-11,3.950000859731517e-08,0.9999999969458184,True
kitti_train,3910,003909.png,4,4,4,False,4.843750053828977e-11,3.200005949111073e-08,0.999999994580176,True
kitti_train,3912,003911.png,6,6,6,False,4.703125042193612e-11,3.5699997624760726e-08,0.9999999943192486,True
kitti_train,3913,003912.png,6,6,6,False,4.843758727446357e-11,3.4800052617356414e-08,0.999999990331233,True
kitti_train,3914,003913.png,1,1,1,False,3.328124928425602e-11,2.1299999986013063e-08,0.9999999975031522,True
kitti_train,3915,003914.png,4,4,4,False,4.2031250008234267e-11,3.200000264769187e-08,0.99999999356538,True
kitti_train,3916,003915.png,10,10,10,False,4.9531240220446193e-11,3.589999941766564e-08,0.9999999953531588,True
kitti_train,3917,003916.png,3,3,3,False,4.03124963965773e-11,3.200005949111073e-08,0.9999999958005458,True
kitti_train,3918,003917.png,15,15,15,False,4.984374024630256e-11,3.749994448298821e-08,0.9999999912572558,True
kitti_train,3919,003918.png,1,1,1,False,4.750000393016762e-11,3.1499979513682774e-08,0.9999999992889268,True
kitti_train,3921,003920.png,4,4,4,False,4.382810780967361e-11,3.060000608456903e-08,0.9999999944484388,True
kitti_train,3922,003921.png,2,2,2,False,3.4062499348896935e-11,3.200000264769187e-08,0.9999999976922958,True
kitti_train,3924,003923.png,9,9,9,False,4.367178840780639e-11,3.200000264769187e-08,0.9999999949383725,True
kitti_train,3925,003924.png,11,11,11,False,4.859371238730148e-11,3.590002961573191e-08,0.9999999960056488,True
kitti_train,3926,003925.png,2,2,2,False,3.8281267045192635e-11,2.1300024855008814e-08,0.9999999980183725,True
kitti_train,3927,003926.png,2,2,2,False,4.515625373624488e-11,2.890000416755356e-08,0.9999999981974891,True
kitti_train,3928,003927.png,1,1,1,False,3.664057945940158e-11,3.349992994117201e-08,0.9999999978888491,True
kitti_train,3929,003928.png,2,2,2,False,4.6718746926632804e-11,2.9900000697580253e-08,0.999999993960293,True
kitti_train,3931,003930.png,9,9,9,False,4.937500408530582e-11,3.200000264769187e-08,0.999999996461754,True
kitti_train,3933,003932.png,5,5,5,False,4.7656240065308e-11,3.6199992337060394e-08,0.999999996294478,True
kitti_train,3934,003933.png,7,7,7,False,4.859376789845271e-11,4.4399996568245115e-08,0.9999999937260363,True
kitti_train,3935,003934.png,4,4,4,False,4.750000393016762e-11,3.200000264769187e-08,0.999999997296395,True
kitti_train,3936,003935.png,5,5,5,False,4.906249712055555e-11,3.139999904533397e-08,0.9999999973945939,True
kitti_train,3937,003936.png,5,5,5,False,4.078126725204356e-11,3.050001851079287e-08,0.9999999968652625,True
kitti_train,3938,003937.png,6,6,6,False,4.945321929739066e-11,4.5100080114934826e-08,0.9999999922414818,True
kitti_train,3939,003938.png,8,8,8,False,4.8593747081771e-11,3.9000042306724936e-08,0.9999999960164337,True
kitti_train,3940,003939.png,5,5,5,False,4.937494857415459e-11,4.1999996369668224e-08,0.9999999899311797,True
kitti_train,3941,003940.png,1,1,1,False,4.414063559110559e-11,2.1999994714860804e-08,0.9999999949197595,True
kitti_train,3942,003941.png,6,6,6,False,4.726563584966925e-11,3.200005949111073e-08,0.9999999929393854,True
kitti_train,3943,003942.png,1,1,1,False,4.515625373624488e-11,2.8900000614839882e-08,0.9999999985633399,True
kitti_train,3944,003943.png,4,4,4,False,4.999994862586732e-11,3.469995135674253e-08,0.9999999945453673,True
kitti_train,3945,003944.png,7,7,7,False,4.781242068929714e-11,4.560001798381563e-08,0.9999999954761682,True
kitti_train,3946,003945.png,5,5,5,False,4.656250038315157e-11,3.200000264769187e-08,0.999999992547395,True
kitti_train,3947,003946.png,4,4,4,False,4.070310755110995e-11,3.479999577393755e-08,0.9999999952862035,True
kitti_train,3948,003947.png,1,1,1,False,3.8593739315473385e-11,2.2199998284122557e-08,0.9999999988561342,True
kitti_train,3950,003949.png,5,5,5,False,4.890610139085538e-11,4.3899945012526587e-08,0.99999998768191,True
kitti_train,3951,003950.png,3,3,3,False,4.17187499823779e-11,3.209999022146803e-08,0.9999999880887736,True
kitti_train,3953,003952.png,4,4,4,False,3.562499600873181e-11,2.3199987708721892e-08,0.9999999951972819,True
kitti_train,3954,003953.png,1,1,1,False,3.328124928425602e-11,2.1299999986013063e-08,0.9999999985140199,True
kitti_train,3956,003955.png,2,2,2,False,4.2656250059947e-11,3.4900040191132575e-08,0.9999999977654624,True
kitti_train,3957,003956.png,3,3,3,False,4.46093162409511e-11,3.200000264769187e-08,0.9999999963042963,True
kitti_train,3958,003957.png,1,1,1,False,3.335942633242439e-11,3.200005949111073e-08,0.9999999904979,True
kitti_train,3959,003958.png,8,8,8,False,4.562500377502943e-11,3.200000264769187e-08,0.9999999958695536,True
kitti_train,3960,003959.png,14,14,14,False,4.8437497068842816e-11,3.590000119402248e-08,0.9999999959383405,True
kitti_train,3962,003961.png,5,5,5,False,4.7500114952470085e-11,3.7599988900183234e-08,0.9999999942935207,True
kitti_train,3963,003962.png,2,2,2,False,4.937494857415459e-11,2.5400000325248584e-08,0.9999999927640482,True
kitti_train,3964,003963.png,2,2,2,False,4.984374718519646e-11,3.1900000863060995e-08,0.999999996789871,True
kitti_train,3965,003964.png,5,5,5,False,4.914063600480745e-11,3.929994818463456e-08,0.999999994170011,True
kitti_train,3966,003965.png,4,4,4,False,4.687500387845489e-11,4.270000886208436e-08,0.9999999970477936,True
kitti_train,3967,003966.png,1,1,1,False,3.632816270027206e-11,3.2900032920224476e-08,0.9999999966769213,True
kitti_train,3968,003967.png,1,1,1,False,3.468750287005662e-11,2.2199998284122557e-08,0.9999999985298159,True
kitti_train,3969,003968.png,4,4,4,False,4.953126797602181e-11,3.200000264769187e-08,0.9999999943536274,True
kitti_train,3970,003969.png,2,2,2,False,5.000000413701855e-11,2.939999177442587e-08,0.9999999977967241,True
kitti_train,3971,003970.png,3,3,3,False,3.625000299933845e-11,3.200000264769187e-08,0.9999999918888393,True
kitti_train,3972,003971.png,9,9,9,False,4.843750053828977e-11,3.849999075100641e-08,0.9999999924540597,True
kitti_train,3974,003973.png,14,14,14,False,4.515625373624488e-11,3.2300022212439217e-08,0.9999999929111245,True
kitti_train,3979,003978.png,3,3,3,False,4.33594271598281e-11,3.199994580427301e-08,0.9999999937358438,True
kitti_train,3981,003980.png,9,9,9,False,4.625000382674216e-11,3.200005949111073e-08,0.9999999959467166,True
kitti_train,3982,003981.png,1,1,1,False,4.7656240065308e-11,3.04999971945108e-08,0.9999999980875914,True
kitti_train,3983,003982.png,12,12,12,False,4.8984372114091457e-11,3.789998004322115e-08,0.9999999901581217,True
kitti_train,3984,003983.png,8,8,8,False,4.9062420792722605e-11,3.810004045590176e-08,0.9999999956305308,True
kitti_train,3986,003985.png,1,1,1,False,3.328126663149078e-11,2.5599973696444067e-08,0.999999994812995,True
kitti_train,3987,003986.png,8,8,8,False,4.625000382674216e-11,4.149995902480441e-08,0.9999999862445019,True
kitti_train,3989,003988.png,2,2,2,False,4.796875396895217e-11,3.200000264769187e-08,0.9999999949933528,True
kitti_train,3990,003989.png,1,1,1,False,3.593750297348208e-11,2.3399991277983645e-08,0.9999999988270085,True
kitti_train,3991,003990.png,4,4,4,False,4.8750004033593086e-11,4.020000687887659e-08,0.9999999970436877,True
kitti_train,3992,003991.png,14,14,14,False,4.937505959645705e-11,3.880001031575375e-08,0.999999991011303,True
kitti_train,3993,003992.png,4,4,4,False,3.984373941889885e-11,3.200005949111073e-08,0.9999999963746263,True
kitti_train,3995,003994.png,3,3,3,False,4.8750004033593086e-11,3.2999992072291207e-08,0.9999999940409353,True
kitti_train,3996,003995.png,3,3,3,False,3.335931531012193e-11,2.3300003704207484e-08,0.9999999950484103,True
kitti_train,3997,003996.png,4,4,4,False,4.437500367160396e-11,2.8400009455253894e-08,0.9999999960001361,True
kitti_train,3998,003997.png,2,2,2,False,5.000000413701855e-11,3.460002062638523e-08,0.9999999983213127,True
kitti_train,3999,003998.png,3,3,3,False,3.3281238875915164e-11,2.1299996433299384e-08,0.9999999948846483,True
kitti_train,4000,003999.png,7,7,7,False,4.8125003981880354e-11,3.200000264769187e-08,0.9999999945486694,True
kitti_train,4003,004002.png,3,3,3,False,4.3593750137516096e-11,3.799993919528788e-08,0.999999994130841,True
kitti_train,4004,004003.png,2,2,2,False,4.8671899843810706e-11,3.200000264769187e-08,0.9999999864485958,True
kitti_train,4005,004004.png,7,7,7,False,4.664058028680529e-11,3.91999606108584e-08,0.9999999955692565,True
kitti_train,4006,004005.png,2,2,2,False,3.796868375260942e-11,2.1299999986013063e-08,0.9999999943956739,True
kitti_train,4007,004006.png,15,15,15,False,4.898439986966707e-11,3.249994051657268e-08,0.9999999936633521,True
kitti_train,4008,004007.png,9,9,9,False,4.6406239961882534e-11,3.200000264769187e-08,0.9999999952435947,True
kitti_train,4009,004008.png,2,2,2,False,4.000000330961484e-11,3.199994580427301e-08,0.999999992156845,True
kitti_train,4012,004011.png,5,5,5,False,4.359373972917524e-11,3.200005949111073e-08,0.9999999968799498,True
kitti_train,4013,004012.png,1,1,1,False,4.06250588724788e-11,3.2900061341933906e-08,0.9999999990766282,True
kitti_train,4014,004013.png,2,2,2,False,3.335931531012193e-11,2.1300024855008814e-08,0.9999999976718561,True
kitti_train,4015,004014.png,7,7,7,False,4.8984372114091457e-11,3.980002816206252e-08,0.9999999958657115,True
kitti_train,4016,004015.png,2,2,2,False,4.687500387845489e-11,3.200005949111073e-08,0.9999999950806726,True
kitti_train,4017,004016.png,4,4,4,False,4.499999678442279e-11,2.8799998830209006e-08,0.999999990395483,True
kitti_train,4018,004017.png,6,6,6,False,4.531250374917306e-11,3.2800016924738884e-08,0.9999999947883408,True
kitti_train,4019,004018.png,2,2,2,False,4.578125378795761e-11,2.930000064793603e-08,0.9999999957220652,True
kitti_train,4020,004019.png,4,4,4,False,4.2187475735033786e-11,3.200005949111073e-08,0.9999999957692384,True
kitti_train,4021,004020.png,2,2,2,False,4.1406249956521535e-11,2.6500000416262992e-08,0.9999999917423538,True
kitti_train,4022,004021.png,1,1,1,False,4.8750004033593086e-11,3.789995162151172e-08,0.9999999978032573,True
kitti_train,4023,004022.png,4,4,4,False,3.8437496241439106e-11,2.4599998482699448e-08,0.9999999972084371,True
kitti_train,4024,004023.png,5,5,5,False,4.8593747081771e-11,3.11000007968687e-08,0.9999999958679111,True
kitti_train,4025,004024.png,2,2,2,False,4.4921955044685546e-11,2.790000053209951e-08,0.9999999964335732,True
kitti_train,4026,004025.png,4,4,4,False,4.9687504111162184e-11,4.740002168546198e-08,0.9999999935523383,True
kitti_train,4027,004026.png,2,2,2,False,3.335931531012193e-11,2.8099975679651834e-08,0.9999999947334565,True
kitti_train,4028,004027.png,4,4,4,False,4.4687475941884713e-11,3.4899983347713714e-08,0.9999999954100047,True
kitti_train,4029,004028.png,11,11,11,False,4.8593754020664903e-11,4.1600060285418294e-08,0.9999999961453628,True
kitti_train,4032,004031.png,8,8,8,False,4.390621199945599e-11,3.339999921081471e-08,0.9999999862951207,True
kitti_train,4033,004032.png,10,10,10,False,4.31250035681785e-11,4.1000021155923605e-08,0.9999999969092541,True
kitti_train,4036,004035.png,14,14,14,False,4.703124695248917e-11,4.019995003545773e-08,0.9999999957873129,True
kitti_train,4037,004036.png,3,3,3,False,3.890624974967061e-11,3.40999690706667e-08,0.9999999936645169,True
kitti_train,4040,004039.png,7,7,7,False,4.609373993602617e-11,3.200005949111073e-08,0.9999999971178464,True
kitti_train,4041,004040.png,2,2,2,False,4.437500020215701e-11,3.3699961932143196e-08,0.9999999922898134,True
kitti_train,4042,004041.png,4,4,4,False,4.601563574624379e-11,3.260001335547713e-08,0.9999999943282281,True
kitti_train,4043,004042.png,3,3,3,False,4.90625005900025e-11,3.200000264769187e-08,0.999999994542773,True
kitti_train,4044,004043.png,2,2,2,False,3.3437502766631155e-11,3.199994580427301e-08,0.9999999976400011,True
kitti_train,4046,004045.png,13,13,13,False,4.632810801652454e-11,3.319996721984353e-08,0.9999999945216645,True
kitti_train,4047,004046.png,4,4,4,False,4.921874713348373e-11,4.219998572807526e-08,0.9999999931346121,True
kitti_train,4048,004047.png,2,2,2,False,4.531250374917306e-11,3.179999907843012e-08,0.999999992993155,True
kitti_train,4049,004048.png,3,3,3,False,4.57812399101698e-11,3.200000264769187e-08,0.9999999939528642,True
kitti_train,4050,004049.png,1,1,1,False,4.328126745889449e-11,3.2899947655096184e-08,0.9999999991554454,True
kitti_train,4051,004050.png,1,1,1,False,3.335942633242439e-11,2.1299999986013063e-08,0.999999996624107,True
kitti_train,4052,004051.png,13,13,13,False,4.8281267872596345e-11,4.079998916495242e-08,0.9999999907332612,True
kitti_train,4053,004052.png,14,14,14,False,4.9921872191660555e-11,3.590002961573191e-08,0.99999999482282,True
kitti_train,4054,004053.png,1,1,1,False,4.7656267820883613e-11,3.949999438646046e-08,0.9999999982108086,True
kitti_train,4055,004054.png,8,8,8,False,4.8750004033593086e-11,3.790006530834944e-08,0.9999999962756655,True
kitti_train,4056,004055.png,4,4,4,False,4.734379555060286e-11,3.8999985463306075e-08,0.9999999958916863,True
kitti_train,4057,004056.png,2,2,2,False,4.9375031840881434e-11,3.6200020758769824e-08,0.9999999944309859,True
kitti_train,4058,004057.png,6,6,6,False,4.843750053828977e-11,3.119998837064486e-08,0.9999999887126567,True
kitti_train,4060,004059.png,1,1,1,False,4.609374687492007e-11,2.9499997111770426e-08,0.9999999960950461,True
kitti_train,4062,004061.png,4,4,4,False,4.8359372062378725e-11,3.4200013487861725e-08,0.9999999970131214,True
kitti_train,4063,004062.png,9,9,9,False,4.8281267872596345e-11,3.200000264769187e-08,0.9999999940650695,True
kitti_train,4064,004063.png,9,9,9,False,4.8671788821508244e-11,3.200000264769187e-08,0.9999999937667261,True
kitti_train,4065,004064.png,4,4,4,False,3.671873916033519e-11,3.200000264769187e-08,0.9999999925704981,True
kitti_train,4066,004065.png,15,15,15,False,4.992184443608494e-11,3.7000006614107406e-08,0.9999999954040727,True
kitti_train,4067,004066.png,6,6,6,False,4.406253140132321e-11,3.65999994755839e-08,0.9999999942175987,True
kitti_train,4070,004069.png,5,5,5,False,4.453121205116872e-11,3.200000264769187e-08,0.999999995148914,True
kitti_train,4071,004070.png,3,3,3,False,4.304689937839612e-11,3.450000463089964e-08,0.9999999941345462,True
kitti_train,4072,004071.png,13,13,13,False,4.7656240065308e-11,3.7599932056764374e-08,0.999999993124803,True
kitti_train,4073,004072.png,1,1,1,False,3.132805126426774e-11,2.109999286403763e-08,0.9999999990726947,True
kitti_train,4074,004073.png,1,1,1,False,4.3281239703318874e-11,3.810004045590176e-08,0.9999999987596236,True
kitti_train,4075,004074.png,6,6,6,False,4.734379555060286e-11,4.2399960875627585e-08,0.9999999946384787,True
kitti_train,4077,004076.png,3,3,3,False,4.406247589017198e-11,2.6099996830453165e-08,0.9999999975730867,True
kitti_train,4078,004077.png,3,3,3,False,4.390621199945599e-11,2.8700014809146523e-08,0.9999999968558798,True
kitti_train,4079,004078.png,8,8,8,False,4.8671844332659475e-11,4.669999498219113e-08,0.9999999892253653,True
kitti_train,4080,004079.png,1,1,1,False,4.8203163682813965e-11,3.200000264769187e-08,0.9999999985613487,True
kitti_train,4081,004080.png,1,1,1,False,4.8515635953094716e-11,2.6000009256677004e-08,0.9999999958792384,True
kitti_train,4084,004083.png,5,5,5,False,3.4218794464635494e-11,2.3300003704207484e-08,0.9999999945407549,True
kitti_train,4085,004084.png,5,5,5,False,3.8906246280223655e-11,3.200000264769187e-08,0.999999995125859,True
kitti_train,4086,004085.png,5,5,5,False,4.7734483032968456e-11,3.810009729932062e-08,0.9999999907454418,True
kitti_train,4087,004086.png,17,17,17,False,4.9921872191660555e-11,4.349993787400308e-08,0.9999999915756613,True
kitti_train,4088,004087.png,2,2,2,False,3.687500305105118e-11,3.400000991859997e-08,0.9999999959228097,True
kitti_train,4090,004089.png,2,2,2,False,4.671874866135628e-11,3.580004204195575e-08,0.9999999898624541,True
kitti_train,4091,004090.png,9,9,9,False,4.6093750344367024e-11,3.339994236739585e-08,0.9999999925028595,True
kitti_train,4093,004092.png,7,7,7,False,4.8984372114091457e-11,4.2300030145270284e-08,0.9999999911081778,True
kitti_train,4094,004093.png,1,1,1,False,4.8750004033593086e-11,2.3399991277983645e-08,0.9999999988617212,True
kitti_train,4096,004095.png,8,8,8,False,4.6406239961882534e-11,4.119999630347593e-08,0.9999999974588148,True
kitti_train,4097,004096.png,6,6,6,False,4.9531240220446193e-11,4.1000021155923605e-08,0.9999999963757351,True
kitti_train,4098,004097.png,2,2,2,False,4.562500377502943e-11,3.200005949111073e-08,0.9999999893974288,True
kitti_train,4100,004099.png,6,6,6,False,3.8359371234975015e-11,3.200000264769187e-08,0.9999999937704142,True
kitti_train,4101,004100.png,10,10,10,False,4.906250405944945e-11,4.0299994452652754e-08,0.999999995116844,True
kitti_train,4102,004101.png,5,5,5,False,4.9374997146411914e-11,3.339999921081471e-08,0.9999999940078981,True
kitti_train,4103,004102.png,5,5,5,False,3.453123897934063e-11,3.200005949111073e-08,0.9999999945430913,True
kitti_train,4104,004103.png,1,1,1,False,3.101563450513822e-11,1.9199998035901444e-08,0.9999999985112061,True
kitti_train,4106,004105.png,4,4,4,False,4.1718739574037045e-11,2.669999332738371e-08,0.9999999909661604,True
kitti_train,4109,004108.png,3,3,3,False,4.710942747010449e-11,2.769999696283776e-08,0.999999993393969,True
kitti_train,4110,004109.png,4,4,4,False,4.640624690077644e-11,3.0299929676402826e-08,0.9999999973729742,True
kitti_train,4111,004110.png,2,2,2,False,4.0781253374255755e-11,2.6099996830453165e-08,0.9999999985937548,True
kitti_train,4112,004111.png,2,2,2,False,4.062500336132757e-11,2.6000009256677004e-08,0.9999999962102808,True
kitti_train,4113,004112.png,2,2,2,False,4.1953107654535415e-11,2.890000416755356e-08,0.9999999950305177,True
kitti_train,4114,004113.png,3,3,3,False,4.328125011165973e-11,3.6299979910836555e-08,0.9999999913371844,True
kitti_train,4118,004117.png,3,3,3,False,3.335942633242439e-11,2.13000106441541e-08,0.9999999963563485,True
kitti_train,4119,004118.png,7,7,7,False,4.445310786138634e-11,3.6299979910836555e-08,0.9999999960000722,True
kitti_train,4120,004119.png,7,7,7,False,4.828125399480854e-11,3.200000264769187e-08,0.9999999937535513,True
kitti_train,4121,004120.png,7,7,7,False,4.7031253891383074e-11,3.200000264769187e-08,0.9999999958542376,True
kitti_train,4122,004121.png,4,4,4,False,4.640625383967034e-11,4.400001785143104e-08,0.9999999923091228,True
kitti_train,4123,004122.png,8,8,8,False,4.937494857415459e-11,3.200000264769187e-08,0.9999999962699565,True
kitti_train,4124,004123.png,5,5,5,False,4.3593750137516096e-11,2.9600016659969697e-08,0.9999999912670867,True
kitti_train,4125,004124.png,4,4,4,False,4.843750400773672e-11,3.4999999343199306e-08,0.9999999934695063,True
kitti_train,4126,004125.png,1,1,1,False,2.6093745220112652e-11,1.6699999605407356e-08,0.9999999991368432,True
kitti_train,4128,004127.png,16,16,16,False,4.976558054536895e-11,3.8300015603454085e-08,0.9999999896464961,True
kitti_train,4129,004128.png,5,5,5,False,4.921871243901421e-11,3.82999800763173e-08,0.9999999944538495,True
kitti_train,4130,004129.png,3,3,3,False,4.6718750396079756e-11,2.9900000697580253e-08,0.9999999969235052,True
kitti_train,4133,004132.png,3,3,3,False,3.671873916033519e-11,2.8700014809146523e-08,0.9999999935841705,True
kitti_train,4134,004133.png,2,2,2,False,4.8593740142877095e-11,3.8200028029677924e-08,0.9999999974002605,True
kitti_train,4135,004134.png,2,2,2,False,3.6249999529891497e-11,3.449997620919021e-08,0.9999999929149289,True
kitti_train,4136,004135.png,6,6,6,False,4.750000393016762e-11,3.200000264769187e-08,0.9999999952003249,True
kitti_train,4140,004139.png,22,22,22,False,4.992184443608494e-11,4.5800021553077386e-08,0.9999999881048511,True
kitti_train,4141,004140.png,3,3,3,False,4.874999709469918e-11,3.6199963915350963e-08,0.9999999931769611,True
kitti_train,4142,004141.png,6,6,6,False,4.2109316034100175e-11,3.509995849526604e-08,0.9999999936683827,True
kitti_train,4144,004143.png,1,1,1,False,3.328124928425602e-11,2.1299999986013063e-08,0.9999999979292533,True
kitti_train,4146,004145.png,6,6,6,False,4.8437476252161105e-11,4.4999978854320943e-08,0.9999999940545693,True
kitti_train,4147,004146.png,7,7,7,False,4.39843717003896e-11,3.9099916193663375e-08,0.9999999940072033,True
kitti_train,4148,004147.png,2,2,2,False,4.0468767226187197e-11,2.770002538454719e-08,0.9999999987789528,True
kitti_train,4150,004149.png,5,5,5,False,4.7890691412533215e-11,4.5700005557591794e-08,0.9999999942186781,True
kitti_train,4151,004150.png,5,5,5,False,4.843758727446357e-11,2.7999988105875673e-08,0.9999999950170564,True
kitti_train,4152,004151.png,1,1,1,False,3.335931531012193e-11,2.1300001762369902e-08,0.9999999935713798,True
kitti_train,4153,004152.png,3,3,3,False,4.859375055121795e-11,3.2999992072291207e-08,0.9999999944705155,True
kitti_train,4154,004153.png,4,4,4,False,4.31250035681785e-11,3.679997462313622e-08,0.9999999924849668,True
kitti_train,4155,004154.png,9,9,9,False,4.921874019458983e-11,3.9599996171091334e-08,0.9999999960651559,True
kitti_train,4157,004156.png,9,9,9,False,4.76562470042019e-11,3.259999270532887e-08,0.9999999895839894,True
kitti_train,4158,004157.png,5,5,5,False,4.9375000615858866e-11,3.200000264769187e-08,0.9999999948473004,True
kitti_train,4161,004160.png,7,7,7,False,4.625000382674216e-11,4.280002485756995e-08,0.9999999923264241,True
kitti_train,4162,004161.png,3,3,3,False,4.921879570574106e-11,3.199994580427301e-08,0.9999999976992932,True
kitti_train,4163,004162.png,5,5,5,False,4.8984372114091457e-11,4.020000687887659e-08,0.9999999956597035,True
kitti_train,4164,004163.png,10,10,10,False,4.968747635558657e-11,3.679997462313622e-08,0.9999999942612761,True
kitti_train,4166,004165.png,1,1,1,False,4.632816352767577e-11,2.590000036661877e-08,0.9999999981371185,True
kitti_train,4167,004166.png,11,11,11,False,4.898439986966707e-11,3.780007773457328e-08,0.9999999970380933,True
kitti_train,4169,004168.png,1,1,1,False,3.328124928425602e-11,2.1299999986013063e-08,0.9999999980428284,True
kitti_train,4170,004169.png,5,5,5,False,4.5703121842599614e-11,3.200000264769187e-08,0.9999999943125923,True
kitti_train,4172,004171.png,4,4,4,False,3.703124612508546e-11,3.200000264769187e-08,0.9999999979444446,True
kitti_train,4174,004173.png,4,4,4,False,4.640625037022339e-11,3.200000264769187e-08,0.9999999928003053,True
kitti_train,4175,004174.png,5,5,5,False,4.562500377502943e-11,3.330001163703855e-08,0.9999999966402827,True
kitti_train,4176,004175.png,6,6,6,False,3.8671843505255765e-11,3.200005949111073e-08,0.9999999957960471,True
kitti_train,4177,004176.png,3,3,3,False,4.9843750654643415e-11,3.3499986784590874e-08,0.9999999943983537,True
kitti_train,4178,004177.png,2,2,2,False,4.6093684424874937e-11,2.4600000259056287e-08,0.9999999924244392,True
kitti_train,4180,004179.png,12,12,12,False,4.7656267820883613e-11,4.1699991015775595e-08,0.9999999936686208,True
kitti_train,4182,004181.png,9,9,9,False,4.7656253943095805e-11,3.51000153386849e-08,0.999999992423811,True
kitti_train,4185,004184.png,5,5,5,False,4.8593740142877095e-11,4.4999978854320943e-08,0.9999999968709644,True
kitti_train,4186,004185.png,4,4,4,False,4.906250405944945e-11,3.200000264769187e-08,0.9999999972959297,True
kitti_train,4188,004187.png,3,3,3,False,3.9687489405970666e-11,2.9000034373893868e-08,0.9999999962499173,True
kitti_train,4191,004190.png,5,5,5,False,4.46874984932899e-11,3.469995135674253e-08,0.9999999942314429,True
kitti_train,4192,004191.png,3,3,3,False,3.335931531012193e-11,3.200000264769187e-08,0.9999999936391436,True
kitti_train,4193,004192.png,1,1,1,False,4.640626771745815e-11,4.100000694506889e-08,0.9999999986354826,True
kitti_train,4194,004193.png,14,14,14,False,4.9062420792722605e-11,4.189996616332792e-08,0.9999999946507592,True
kitti_train,4195,004194.png,11,11,11,False,4.734374003945163e-11,3.200000264769187e-08,0.9999999877815637,True
kitti_train,4196,004195.png,3,3,3,False,4.828125399480854e-11,3.0900000780320624e-08,0.9999999937833778,True
kitti_train,4198,004197.png,4,4,4,False,4.8593795654028327e-11,3.40999690706667e-08,0.9999999896686234,True
kitti_train,4199,004198.png,5,5,5,False,4.382810780967361e-11,3.2300022212439217e-08,0.9999999943421947,True
kitti_train,4200,004199.png,2,2,2,False,4.351563553939286e-11,3.249999735999154e-08,0.999999993576839,True
kitti_train,4202,004201.png,1,1,1,False,3.335942633242439e-11,2.1300003538726742e-08,0.9999999991415469,True
kitti_train,4203,004202.png,2,2,2,False,3.796874620265456e-11,3.200000264769187e-08,0.9999999892272627,True
kitti_train,4205,004204.png,1,1,1,False,4.87500317891687e-11,4.6000010911484424e-08,0.9999999989319575,True
kitti_train,4207,004206.png,7,7,7,False,4.9218754072377635e-11,4.280000354128788e-08,0.9999999955081088,True
kitti_train,4208,004207.png,9,9,9,False,4.984379575745379e-11,3.790006530834944e-08,0.9999999942107411,True
kitti_train,4209,004208.png,2,2,2,False,3.328126663149078e-11,2.13000106441541e-08,0.9999999981027513,True
kitti_train,4210,004209.png,5,5,5,False,4.890625404652127e-11,3.130000081341677e-08,0.9999999972174142,True
kitti_train,4211,004210.png,4,4,4,False,4.5781246849063706e-11,3.200000264769187e-08,0.9999999949690477,True
kitti_train,4212,004211.png,2,2,2,False,4.8437476252161105e-11,4.6199986059036746e-08,0.9999999973754771,True
kitti_train,4213,004212.png,5,5,5,False,4.515625373624488e-11,3.1599995509168366e-08,0.999999994693873,True
kitti_train,4214,004213.png,10,10,10,False,4.578125378795761e-11,4.2399989297337015e-08,0.9999999953344572,True
kitti_train,4215,004214.png,9,9,9,False,4.937500408530582e-11,4.5799993131367955e-08,0.9999999933094078,True
kitti_train,4216,004215.png,11,11,11,False,4.703124695248917e-11,3.610000476328423e-08,0.9999999913658589,True
kitti_train,4217,004216.png,14,14,14,False,4.95312471593401e-11,3.6300008332545985e-08,0.9999999928622408,True
kitti_train,4219,004218.png,13,13,13,False,4.7031240013595266e-11,3.799999603870674e-08,0.9999999935475492,True
kitti_train,4220,004219.png,1,1,1,False,4.46093162409511e-11,3.0299986519821687e-08,0.9999999984128499,True
kitti_train,4221,004220.png,5,5,5,False,4.234376738132539e-11,3.939999260182958e-08,0.9999999942827393,True
kitti_train,4222,004221.png,7,7,7,False,4.843750400773672e-11,3.5600010050984565e-08,0.9999999964430113,True
kitti_train,4223,004222.png,5,5,5,False,4.328125358110668e-11,3.200000264769187e-08,0.9999999930043258,True
kitti_train,4224,004223.png,2,2,2,False,4.085931593067471e-11,2.0500003472534445e-08,0.9999999988718389,True
kitti_train,4225,004224.png,2,2,2,False,4.9140580493656216e-11,3.4300029483347316e-08,0.9999999944070411,True
kitti_train,4226,004225.png,2,2,2,False,3.328126663149078e-11,2.1300024855008814e-08,0.9999999983176793,True
kitti_train,4227,004226.png,6,6,6,False,4.7031253891383074e-11,3.200000264769187e-08,0.9999999943576758,True
kitti_train,4229,004228.png,6,6,6,False,4.703125042193612e-11,3.200000264769187e-08,0.9999999950350851,True
kitti_train,4230,004229.png,9,9,9,False,4.8671899843810706e-11,4.5000035697739804e-08,0.9999999866310494,True
kitti_train,4231,004230.png,2,2,2,False,4.5234371803815066e-11,3.700002082496212e-08,0.9999999980398692,True
kitti_train,4232,004231.png,2,2,2,False,4.687500387845489e-11,3.380000634933822e-08,0.9999999991457997,True
kitti_train,4233,004232.png,8,8,8,False,4.890624016873346e-11,3.51000153386849e-08,0.999999995478714,True
kitti_train,4234,004233.png,3,3,3,False,4.609390646947986e-11,3.200000264769187e-08,0.9999999973892834,True
kitti_train,4235,004234.png,11,11,11,False,4.328125358110668e-11,3.9700012166576926e-08,0.9999999947741025,True
kitti_train,4236,004235.png,6,6,6,False,4.335937164867687e-11,3.200005949111073e-08,0.9999999976856951,True
kitti_train,4237,004236.png,6,6,6,False,4.968747635558657e-11,3.3499986784590874e-08,0.9999999918868577,True
kitti_train,4238,004237.png,1,1,1,False,2.1562418517362403e-11,2.029997858699062e-08,0.9999999990541101,True
kitti_train,4241,004240.png,4,4,4,False,4.874999882942266e-11,3.7700033317378256e-08,0.9999999911304186,True
kitti_train,4242,004241.png,5,5,5,False,4.539062181674325e-11,3.200000264769187e-08,0.9999999951829938,True
kitti_train,4243,004242.png,4,4,4,False,4.742189974038524e-11,3.200005949111073e-08,0.9999999954607696,True
kitti_train,4244,004243.png,10,10,10,False,4.953126797602181e-11,3.679997462313622e-08,0.999999990036933,True
kitti_train,4246,004245.png,5,5,5,False,3.335942633242439e-11,3.200000264769187e-08,0.9999999976997743,True
kitti_train,4247,004246.png,10,10,10,False,4.921874019458983e-11,3.6199992337060394e-08,0.9999999950730689,True
kitti_train,4248,004247.png,1,1,1,False,4.59375176786736e-11,2.9400013090707944e-08,0.9999999994098243,True
kitti_train,4249,004248.png,6,6,6,False,4.8984372114091457e-11,3.2999992072291207e-08,0.9999999940202617,True
kitti_train,4251,004250.png,4,4,4,False,4.8750004033593086e-11,3.11000007968687e-08,0.9999999954239914,True
kitti_train,4252,004251.png,5,5,5,False,3.351557920083792e-11,3.200000264769187e-08,0.9999999966124521,True
kitti_train,4253,004252.png,1,1,1,False,3.6484260057534357e-11,2.6799966690305155e-08,0.99999999916562,True
kitti_train,4254,004253.png,2,2,2,False,3.687500305105118e-11,2.1299999986013063e-08,0.9999999985310453,True
kitti_train,4257,004256.png,2,2,2,False,4.437500367160396e-11,2.8400009455253894e-08,0.9999999968425183,True
kitti_train,4259,004258.png,1,1,1,False,3.328137765379324e-11,2.1300081698427675e-08,0.9999999966871773,True
kitti_train,4260,004259.png,9,9,9,False,4.7968795602315595e-11,3.659994263216504e-08,0.9999999912519314,True
kitti_train,4261,004260.png,6,6,6,False,4.999989311471609e-11,4.459997171579744e-08,0.9999999952753411,True
kitti_train,4264,004263.png,12,12,12,False,4.3828135565249227e-11,3.200005949111073e-08,0.9999999965882584,True
kitti_train,4265,004264.png,3,3,3,False,4.015625332254302e-11,3.319996721984353e-08,0.9999999953496967,True
kitti_train,4266,004265.png,11,11,11,False,4.8749948522441855e-11,3.750000132640707e-08,0.9999999886116258,True
kitti_train,4267,004266.png,2,2,2,False,3.335942633242439e-11,3.200000264769187e-08,0.9999999939272245,True
kitti_train,4268,004267.png,7,7,7,False,4.437499673271006e-11,3.200005949111073e-08,0.9999999962063949,True
kitti_train,4269,004268.png,10,10,10,False,4.9062490181661644e-11,3.8899997889529914e-08,0.9999999913109917,True
kitti_train,4270,004269.png,11,11,11,False,4.67187399877389e-11,3.609999055242952e-08,0.9999999953998445,True
kitti_train,4271,004270.png,9,9,9,False,4.9999997198124646e-11,3.6200020758769824e-08,0.9999999947492034,True
kitti_train,4273,004272.png,5,5,5,False,4.484375371038851e-11,3.200000264769187e-08,0.9999999964027263,True
kitti_train,4274,004273.png,2,2,2,False,3.9374999788455156e-11,3.200005949111073e-08,0.9999999964324252,True
kitti_train,4275,004274.png,5,5,5,False,4.742184422923401e-11,3.200000264769187e-08,0.9999999921974688,True
kitti_train,4276,004275.png,9,9,9,False,4.8906212413157846e-11,4.0900090425566304e-08,0.9999999927432326,True
kitti_train,4278,004277.png,4,4,4,False,4.8984316602940225e-11,3.529999048623722e-08,0.9999999923902888,True
kitti_train,4280,004279.png,1,1,1,False,4.953121246487058e-11,2.2699992996422225e-08,0.9999999978202284,True
kitti_train,4281,004280.png,4,4,4,False,3.945310744768449e-11,3.200005949111073e-08,0.9999999939281615,True
kitti_train,4283,004282.png,5,5,5,False,4.9531254098234e-11,3.200000264769187e-08,0.9999999936975053,True
kitti_train,4285,004284.png,3,3,3,False,4.328125358110668e-11,3.200000264769187e-08,0.9999999943503182,True
kitti_train,4286,004285.png,3,3,3,False,4.437500367160396e-11,2.8400009455253894e-08,0.9999999936170871,True
kitti_train,4287,004286.png,5,5,5,False,4.8984372114091457e-11,3.40999690706667e-08,0.9999999962827459,True
kitti_train,4288,004287.png,6,6,6,False,4.4531267562319954e-11,3.200000264769187e-08,0.9999999911070429,True
kitti_train,4289,004288.png,15,15,15,False,5.000000413701855e-11,4.090000516043801e-08,0.9999999921466857,True
kitti_train,4291,004290.png,11,11,11,False,4.8281212361445114e-11,4.4300008994468953e-08,0.9999999947986857,True
kitti_train,4292,004291.png,3,3,3,False,4.968749717226828e-11,3.6200049180479255e-08,0.9999999931119972,True
kitti_train,4293,004292.png,6,6,6,False,3.734375308983573e-11,3.200000264769187e-08,0.9999999970544318,True
kitti_train,4294,004293.png,3,3,3,False,4.882813597895108e-11,3.280000626659785e-08,0.9999999971587631,True
kitti_train,4295,004294.png,9,9,9,False,4.734375044779249e-11,4.119993946005707e-08,0.9999999934284286,True
kitti_train,4298,004297.png,10,10,10,False,4.8125003981880354e-11,3.200005949111073e-08,0.9999999933260365,True
kitti_train,4300,004299.png,3,3,3,False,3.335931531012193e-11,3.199994580427301e-08,0.9999999956552427,True
kitti_train,4301,004300.png,9,9,9,False,4.8593754020664903e-11,3.6899962196912384e-08,0.9999999956458525,True
kitti_train,4302,004301.png,10,10,10,False,4.593753155646141e-11,3.249996893828211e-08,0.9999999931964112,True
kitti_train,4303,004302.png,1,1,1,False,4.265626740718176e-11,2.7300018246023683e-08,0.9999999989505736,True
kitti_train,4304,004303.png,5,5,5,False,4.937500408530582e-11,3.199994580427301e-08,0.9999999942460386,True
kitti_train,4305,004304.png,11,11,11,False,4.9687504111162184e-11,3.200000264769187e-08,0.99999999491742,True
kitti_train,4309,004308.png,1,1,1,False,3.8593753193261193e-11,2.4700000267330324e-08,0.9999999989546456,True
kitti_train,4310,004309.png,2,2,2,False,4.984374718519646e-11,3.1900000863060995e-08,0.9999999944525391,True
kitti_train,4311,004310.png,7,7,7,False,4.937505959645705e-11,3.3500043628009735e-08,0.9999999944407765,True
kitti_train,4312,004311.png,7,7,7,False,4.023442690126444e-11,3.200005949111073e-08,0.9999999967175885,True
kitti_train,4313,004312.png,12,12,12,False,4.9843750654643415e-11,3.610000476328423e-08,0.9999999888765383,True
kitti_train,4314,004313.png,4,4,4,False,4.726563584966925e-11,2.170000001910921e-08,0.9999999957843775,True
kitti_train,4315,004314.png,4,4,4,False,4.929684438437221e-11,3.7399999541776197e-08,0.9999999904974699,True
kitti_train,4316,004315.png,2,2,2,False,3.5078051574544133e-11,3.2299965369020356e-08,0.999999998544976,True
kitti_train,4317,004316.png,1,1,1,False,3.8359371234975015e-11,2.1299999986013063e-08,0.9999999969763188,True
kitti_train,4318,004317.png,4,4,4,False,4.76562470042019e-11,3.200005949111073e-08,0.9999999955934021,True
kitti_train,4319,004318.png,3,3,3,False,4.992184443608494e-11,2.519999497962999e-08,0.9999999944943625,True
kitti_train,4321,004320.png,5,5,5,False,4.953126797602181e-11,3.80999836124829e-08,0.9999999957368558,True
kitti_train,4322,004321.png,10,10,10,False,4.953126797602181e-11,3.609994791986537e-08,0.9999999929766442,True
kitti_train,4323,004322.png,13,13,13,False,4.5234371803815066e-11,3.380000634933822e-08,0.9999999947133126,True
kitti_train,4324,004323.png,1,1,1,False,4.328126745889449e-11,2.5099993194999115e-08,0.9999999988678645,True
kitti_train,4326,004325.png,3,3,3,False,4.1406249956521535e-11,3.2199977795244195e-08,0.9999999966629041,True
kitti_train,4327,004326.png,11,11,11,False,4.726563584966925e-11,4.490004812396364e-08,0.9999999948646795,True
kitti_train,4328,004327.png,6,6,6,False,4.8593740142877095e-11,3.269997250754386e-08,0.9999999985856177,True
kitti_train,4329,004328.png,10,10,10,False,4.984374718519646e-11,3.200005949111073e-08,0.9999999909418323,True
kitti_train,4330,004329.png,4,4,4,False,4.2031250008234267e-11,3.200000264769187e-08,0.9999999953123181,True
kitti_train,4331,004330.png,5,5,5,False,4.968758737788903e-11,3.200000264769187e-08,0.999999996490204,True
kitti_train,4332,004331.png,13,13,13,False,4.921874019458983e-11,3.449997620919021e-08,0.9999999923352257,True
kitti_train,4333,004332.png,5,5,5,False,4.6640663553532136e-11,3.200005949111073e-08,0.9999999887253099,True
kitti_train,4334,004333.png,10,10,10,False,4.828125399480854e-11,3.3600031201785896e-08,0.9999999957602606,True
kitti_train,4335,004334.png,1,1,1,False,4.60937954471774e-11,3.200000264769187e-08,0.9999999954029015,True
kitti_train,4336,004335.png,3,3,3,False,4.718753165988687e-11,3.200005949111073e-08,0.9999999951072482,True
kitti_train,4337,004336.png,5,5,5,False,4.6093684424874937e-11,3.200000264769187e-08,0.9999999913462646,True
kitti_train,4338,004337.png,6,6,6,False,4.984368473515133e-11,3.3499986784590874e-08,0.9999999913351094,True
kitti_train,4340,004339.png,2,2,2,False,4.976563605652018e-11,3.200000264769187e-08,0.9999999937099524,True
kitti_train,4341,004340.png,2,2,2,False,3.328126663149078e-11,2.1300024855008814e-08,0.9999999946811511,True
kitti_train,4342,004341.png,6,6,6,False,4.921875060293068e-11,3.200005949111073e-08,0.9999999943046284,True
kitti_train,4343,004342.png,3,3,3,False,4.726563584966925e-11,3.40000383403094e-08,0.9999999922793213,True
kitti_train,4346,004345.png,1,1,1,False,4.273437159696414e-11,2.179996272388962e-08,0.9999999976172282,True
kitti_train,4347,004346.png,2,2,2,False,4.382805229852238e-11,3.100001322309254e-08,0.999999998133561,True
kitti_train,4348,004347.png,5,5,5,False,4.7187503904311257e-11,3.4300001061637886e-08,0.9999999950771584,True
kitti_train,4350,004349.png,3,3,3,False,3.578123908276609e-11,2.6200041247648187e-08,0.9999999990429914,True
kitti_train,4351,004350.png,6,6,6,False,4.687500387845489e-11,3.200005949111073e-08,0.9999999877753801,True
kitti_train,4352,004351.png,10,10,10,False,4.789058039023075e-11,4.140002829444711e-08,0.999999994370826,True
kitti_train,4353,004352.png,9,9,9,False,4.624994831559093e-11,3.990004415754811e-08,0.999999995228827,True
kitti_train,4354,004353.png,5,5,5,False,3.8593739315473385e-11,3.200000264769187e-08,0.9999999978727117,True
kitti_train,4355,004354.png,1,1,1,False,4.304684386724489e-11,2.9399984668998513e-08,0.9999999930053722,True
kitti_train,4356,004355.png,5,5,5,False,3.8828107395971756e-11,2.4199991344175942e-08,0.9999999974283864,True
kitti_train,4357,004356.png,2,2,2,False,4.843749012994891e-11,3.199994580427301e-08,0.9999999985451344,True
kitti_train,4358,004357.png,1,1,1,False,3.460931541354739e-11,2.209999649949168e-08,0.9999999945032185,True
kitti_train,4359,004358.png,4,4,4,False,4.218758675733625e-11,2.1300024855008814e-08,0.9999999835010608,True
kitti_train,4360,004359.png,1,1,1,False,3.328115560918832e-11,2.1299968011589954e-08,0.9999999980775591,True
kitti_train,4363,004362.png,6,6,6,False,4.593750033143884e-11,4.0400038869847776e-08,0.9999999953388848,True
kitti_train,4364,004363.png,7,7,7,False,4.7890635901381984e-11,3.649998348009831e-08,0.9999999963210915,True
kitti_train,4366,004365.png,1,1,1,False,4.968749717226828e-11,3.179999907843012e-08,0.9999999971627931,True
kitti_train,4370,004369.png,10,10,10,False,3.937500325790211e-11,3.200000264769187e-08,0.9999999950385167,True
kitti_train,4371,004370.png,10,10,10,False,4.8281212361445114e-11,3.200000264769187e-08,0.9999999960587169,True
kitti_train,4375,004374.png,2,2,2,False,4.2968750085803364e-11,3.199994580427301e-08,0.9999999915197599,True
kitti_train,4376,004375.png,5,5,5,False,4.8593747081771e-11,3.11000007968687e-08,0.9999999962233943,True
kitti_train,4377,004376.png,7,7,7,False,4.695310806823727e-11,4.3699969864974264e-08,0.999999993099391,True
kitti_train,4378,004377.png,4,4,4,False,3.335942633242439e-11,3.199994580427301e-08,0.9999999954099448,True
kitti_train,4379,004378.png,10,10,10,False,4.21875034906094e-11,3.199994580427301e-08,0.9999999920115795,True
kitti_train,4381,004380.png,1,1,1,False,3.687505856220241e-11,2.85000396615942e-08,0.9999999956971417,True
kitti_train,4383,004382.png,4,4,4,False,4.8593747081771e-11,3.11000007968687e-08,0.999999995996782,True
kitti_train,4384,004383.png,5,5,5,False,3.984373941889885e-11,3.200005949111073e-08,0.9999999971858397,True
kitti_train,4385,004384.png,8,8,8,False,4.8593747081771e-11,3.719998176165973e-08,0.9999999944917344,True
kitti_train,4386,004385.png,4,4,4,False,4.8203108171662734e-11,3.3499986784590874e-08,0.9999999899589683,True
kitti_train,4387,004386.png,5,5,5,False,4.749989290786516e-11,3.2199977795244195e-08,0.9999999959660761,True
kitti_train,4388,004387.png,10,10,10,False,4.906249712055555e-11,4.410003384691663e-08,0.9999999958675788,True
kitti_train,4390,004389.png,7,7,7,False,4.906253181502507e-11,4.409997700349777e-08,0.9999999917094233,True
kitti_train,4391,004390.png,1,1,1,False,4.1562475683321054e-11,3.930000502805342e-08,0.9999999946885249,True
kitti_train,4392,004391.png,13,13,13,False,4.953132348717304e-11,3.200005949111073e-08,0.9999999873874641,True
kitti_train,4393,004392.png,11,11,11,False,4.9218754072377635e-11,3.529999048623722e-08,0.9999999953408812,True
kitti_train,4394,004393.png,2,2,2,False,4.539069120568229e-11,2.3700001960946793e-08,0.9999999958805206,True
kitti_train,4395,004394.png,1,1,1,False,3.328126663149078e-11,2.1300024855008814e-08,0.9999999958445028,True
kitti_train,4396,004395.png,2,2,2,False,3.335942633242439e-11,3.200005949111073e-08,0.9999999958811677,True
kitti_train,4398,004397.png,2,2,2,False,3.335931531012193e-11,2.1299999986013063e-08,0.9999999954132262,True
kitti_train,4400,004399.png,1,1,1,False,4.992184443608494e-11,2.310000013494573e-08,0.999999997776878,True
kitti_train,4401,004400.png,2,2,2,False,4.9062490181661644e-11,4.539992914942559e-08,0.9999999984495909,True
kitti_train,4402,004401.png,9,9,9,False,4.984374024630256e-11,3.729996933543589e-08,0.9999999948034722,True
kitti_train,4403,004402.png,4,4,4,False,4.937500408530582e-11,3.7700004895668826e-08,0.9999999926605727,True
kitti_train,4404,004403.png,4,4,4,False,4.375000015044428e-11,3.200000264769187e-08,0.9999999946948258,True
kitti_train,4405,004404.png,3,3,3,False,4.8593740142877095e-11,4.150001586822327e-08,0.9999999944996181,True
kitti_train,4406,004405.png,4,4,4,False,4.2500000047018816e-11,3.540003490343224e-08,0.9999999953019207,True
kitti_train,4408,004407.png,3,3,3,False,4.5000003723316695e-11,2.8800002382922685e-08,0.9999999948757086,True
kitti_train,4409,004408.png,1,1,1,False,3.335942633242439e-11,3.199994580427301e-08,0.9999999986166267,True
kitti_train,4410,004409.png,9,9,9,False,4.8437531763312336e-11,3.300004891571007e-08,0.9999999972013439,True
kitti_train,4411,004410.png,8,8,8,False,4.8593740142877095e-11,4.289995558792725e-08,0.9999999932620525,True
kitti_train,4412,004411.png,13,13,13,False,4.8593740142877095e-11,4.480000370676862e-08,0.9999999945514476,True
kitti_train,4413,004412.png,5,5,5,False,4.968749717226828e-11,3.179999907843012e-08,0.9999999967248411,True
kitti_train,4414,004413.png,2,2,2,False,3.937500325790211e-11,3.400000991859997e-08,0.999999993990665,True
kitti_train,4415,004414.png,4,4,4,False,4.734379555060286e-11,3.80999836124829e-08,0.9999999810330743,True
kitti_train,4416,004415.png,3,3,3,False,4.867173331035701e-11,3.719998176165973e-08,0.9999999879913717,True
kitti_train,4417,004416.png,1,1,1,False,3.992184360868123e-11,2.1300024855008814e-08,0.9999999940336414,True
kitti_train,4419,004418.png,6,6,6,False,4.796875396895217e-11,3.200000264769187e-08,0.9999999965249236,True
kitti_train,4420,004419.png,2,2,2,False,4.718747614873564e-11,2.90999935259606e-08,0.9999999979465987,True
kitti_train,4421,004420.png,5,5,5,False,4.796875396895217e-11,3.200005949111073e-08,0.9999999970019592,True
kitti_train,4422,004421.png,5,5,5,False,4.9375000615858866e-11,3.1600002614595724e-08,0.9999999947530818,True
kitti_train,4423,004422.png,3,3,3,False,4.867173331035701e-11,4.2399904032208724e-08,0.999999996584519,True
kitti_train,4424,004423.png,3,3,3,False,4.976558054536895e-11,4.5199954001873266e-08,0.9999999924336344,True
kitti_train,4425,004424.png,7,7,7,False,4.7656323332034844e-11,4.200001058052294e-08,0.9999999977113446,True
kitti_train,4426,004425.png,6,6,6,False,4.9687504111162184e-11,3.65999994755839e-08,0.9999999927299145,True
kitti_train,4427,004426.png,8,8,8,False,4.453124674563824e-11,3.200000264769187e-08,0.99999999597028,True
kitti_train,4428,004427.png,2,2,2,False,3.335942633242439e-11,3.200000264769187e-08,0.9999999947702178,True
kitti_train,4429,004428.png,4,4,4,False,4.953132348717304e-11,4.330001956986962e-08,0.9999999897517934,True
kitti_train,4431,004430.png,5,5,5,False,4.7656240065308e-11,3.200005949111073e-08,0.9999999986381103,True
kitti_train,4432,004431.png,5,5,5,False,3.671885018263765e-11,2.1399955585366115e-08,0.9999999954930007,True
kitti_train,4433,004432.png,3,3,3,False,4.437500367160396e-11,3.200000264769187e-08,0.9999999965552643,True
kitti_train,4435,004434.png,4,4,4,False,4.5156246797350974e-11,3.200005949111073e-08,0.9999999972754738,True
kitti_train,4436,004435.png,5,5,5,False,4.4843739832600704e-11,3.200000264769187e-08,0.999999994943717,True
kitti_train,4437,004436.png,2,2,2,False,3.335942633242439e-11,3.200000264769187e-08,0.9999999955670161,True
kitti_train,4440,004439.png,3,3,3,False,4.687505938960612e-11,3.80999836124829e-08,0.9999999918953153,True
kitti_train,4441,004440.png,7,7,7,False,4.4531267562319954e-11,3.5599953207565704e-08,0.999999995688089,True
kitti_train,4442,004441.png,2,2,2,False,3.609375125168679e-11,3.199994580427301e-08,0.9999999921615399,True
kitti_train,4443,004442.png,7,7,7,False,4.5156212102881454e-11,3.200005949111073e-08,0.9999999949019974,True
kitti_train,4444,004443.png,10,10,10,False,4.703125042193612e-11,4.260004971001763e-08,0.9999999941368121,True
kitti_train,4445,004444.png,5,5,5,False,4.781250395602399e-11,3.200005949111073e-08,0.9999999934487798,True
kitti_train,4446,004445.png,2,2,2,False,4.421875365867578e-11,3.200000264769187e-08,0.9999999937077243,True
kitti_train,4447,004446.png,3,3,3,False,3.8281267045192635e-11,3.200000264769187e-08,0.9999999959585562,True
kitti_train,4448,004447.png,11,11,11,False,4.890625057707432e-11,3.200000264769187e-08,0.9999999909668558,True
kitti_train,4449,004448.png,1,1,1,False,3.328124581480907e-11,2.1299999986013063e-08,0.9999999977876296,True
kitti_train,4450,004449.png,1,1,1,False,4.046875334839939e-11,2.5900007472046127e-08,0.9999999992550416,True
kitti_train,4451,004450.png,5,5,5,False,4.890624016873346e-11,3.200000264769187e-08,0.99999999619463,True
kitti_train,4454,004453.png,1,1,1,False,3.328115560918832e-11,2.1299911168171093e-08,0.9999999960184653,True
kitti_train,4455,004454.png,3,3,3,False,3.7734426694413514e-11,3.200000264769187e-08,0.9999999951842171,True
kitti_train,4457,004456.png,2,2,2,False,4.609374687492007e-11,2.9499997111770426e-08,0.9999999958855427,True
kitti_train,4459,004458.png,5,5,5,False,4.429687172624597e-11,2.800000054037355e-08,0.9999999953409705,True
kitti_train,4460,004459.png,3,3,3,False,4.234376044243149e-11,3.199994580427301e-08,0.99999999374508,True
kitti_train,4461,004460.png,1,1,1,False,4.4453163372537574e-11,2.7400005819799844e-08,0.9999999960365574,True
kitti_train,4462,004461.png,2,2,2,False,4.687500387845489e-11,3.1400048783325474e-08,0.9999999968974744,True
kitti_train,4463,004462.png,9,9,9,False,4.96875318667378e-11,4.080001758666185e-08,0.9999999958803167,True
kitti_train,4464,004463.png,5,5,5,False,4.46093162409511e-11,3.999997488790541e-08,0.9999999963088417,True
kitti_train,4465,004464.png,2,2,2,False,4.1093850544626775e-11,3.200000264769187e-08,0.999999992252835,True
kitti_train,4466,004465.png,1,1,1,False,3.328132214264201e-11,2.1300024855008814e-08,0.9999999948117876,True
kitti_train,4467,004466.png,5,5,5,False,4.515625373624488e-11,4.1100008729699766e-08,0.9999999937234805,True
kitti_train,4468,004467.png,5,5,5,False,3.812499968502969e-11,3.5000027764908737e-08,0.9999999928349221,True
kitti_train,4469,004468.png,7,7,7,False,4.640632322860938e-11,4.06000140174001e-08,0.9999999961914667,True
kitti_train,4470,004469.png,1,1,1,False,4.96875318667378e-11,2.9300025516931782e-08,0.999999997535582,True
kitti_train,4472,004471.png,4,4,4,False,4.281249660342823e-11,3.939999260182958e-08,0.9999999949237757,True
kitti_train,4473,004472.png,6,6,6,False,4.578125378795761e-11,3.199994580427301e-08,0.999999995571014,True
kitti_train,4477,004476.png,7,7,7,False,4.953126797602181e-11,3.590000119402248e-08,0.9999999935677063,True
kitti_train,4478,004477.png,4,4,4,False,4.9531254098234e-11,3.200000264769187e-08,0.9999999966696572,True
kitti_train,4479,004478.png,6,6,6,False,4.710937195895326e-11,3.200000264769187e-08,0.9999999967537696,True
kitti_train,4480,004479.png,7,7,7,False,4.828125399480854e-11,3.200005949111073e-08,0.9999999980581135,True
kitti_train,4482,004481.png,8,8,8,False,4.953132348717304e-11,4.520003926700156e-08,0.999999995950594,True
kitti_train,4483,004482.png,1,1,1,False,4.3281239703318874e-11,2.769999696283776e-08,0.9999999987648482,True
kitti_train,4486,004485.png,2,2,2,False,3.234374920668692e-11,2.069999993636884e-08,0.9999999976632249,True
kitti_train,4487,004486.png,4,4,4,False,4.21874965517155e-11,2.6999998681276338e-08,0.9999999952418609,True
kitti_train,4488,004487.png,6,6,6,False,4.94531082750882e-11,4.549997356662061e-08,0.9999999966304877,True
kitti_train,4489,004488.png,7,7,7,False,4.7968740091164364e-11,3.7000006614107406e-08,0.9999999945133858,True
kitti_train,4490,004489.png,2,2,2,False,4.8984372114091457e-11,3.200000264769187e-08,0.9999999983526315,True
kitti_train,4491,004490.png,3,3,3,False,4.437499673271006e-11,3.6199992337060394e-08,0.9999999970637771,True
kitti_train,4492,004491.png,5,5,5,False,4.953137899832427e-11,2.899999884675708e-08,0.9999999963861189,True
kitti_train,4493,004492.png,15,15,15,False,4.6406239961882534e-11,4.349999471742194e-08,0.9999999959336489,True
kitti_train,4494,004493.png,9,9,9,False,4.968747635558657e-11,4.439998729788286e-08,0.9999999959918452,True
kitti_train,4495,004494.png,3,3,3,False,4.609373993602617e-11,3.6300008332545985e-08,0.9999999943630495,True
kitti_train,4496,004495.png,1,1,1,False,3.640624607337273e-11,3.200000264769187e-08,0.9999999945856317,True
kitti_train,4497,004496.png,11,11,11,False,4.3906253632819414e-11,3.389999392311438e-08,0.9999999946525346,True
kitti_train,4498,004497.png,1,1,1,False,1.4218709543101227e-11,1.219999035129149e-08,0.9999999998074709,True
kitti_train,4500,004499.png,10,10,10,False,4.718742063758441e-11,3.7000006614107406e-08,0.9999999924392834,True
kitti_train,4503,004502.png,1,1,1,False,3.335942633242439e-11,3.200000264769187e-08,0.999999996742995,True
kitti_train,4504,004503.png,6,6,6,False,4.8984372114091457e-11,3.11000007968687e-08,0.9999999942844985,True
kitti_train,4505,004504.png,4,4,4,False,4.937494857415459e-11,3.7700033317378256e-08,0.9999999952621905,True
kitti_train,4507,004506.png,5,5,5,False,3.874999626729547e-11,3.449997620919021e-08,0.9999999907422952,True
kitti_train,4508,004507.png,2,2,2,False,4.296874661635641e-11,2.7500000499003363e-08,0.999999992091965,True
kitti_train,4510,004509.png,1,1,1,False,2.9687488578566956e-11,1.899999801935337e-08,0.999999999008192,True
kitti_train,4511,004510.png,6,6,6,False,4.406248976795979e-11,3.200000264769187e-08,0.9999999941185908,True
kitti_train,4514,004513.png,11,11,11,False,4.984374718519646e-11,3.939993575841072e-08,0.9999999958360071,True
kitti_train,4515,004514.png,1,1,1,False,3.250000268906206e-11,2.0800001720999717e-08,0.9999999992675885,True
kitti_train,4516,004515.png,6,6,6,False,4.421875018922883e-11,3.200000264769187e-08,0.9999999918797225,True
kitti_train,4517,004516.png,12,12,12,False,4.8437476252161105e-11,4.1600003441999434e-08,0.9999999926305693,True
kitti_train,4518,004517.png,8,8,8,False,4.5156212102881454e-11,3.879995347233489e-08,0.9999999945426322,True
kitti_train,4519,004518.png,9,9,9,False,4.8437476252161105e-11,4.5700062401010655e-08,0.9999999984588289,True
kitti_train,4520,004519.png,12,12,12,False,4.40625036457476e-11,3.889996946782048e-08,0.9999999908313915,True
kitti_train,4521,004520.png,10,10,10,False,4.73436845283004e-11,4.429995215105009e-08,0.9999999885320036,True
kitti_train,4522,004521.png,1,1,1,False,4.195321867683788e-11,2.510000740585383e-08,0.9999999981742104,True
kitti_train,4523,004522.png,1,1,1,False,3.335942633242439e-11,2.1299998209656223e-08,0.9999999954945596,True
kitti_train,4524,004523.png,1,1,1,False,4.765621230973238e-11,2.649997554726724e-08,0.9999999948963049,True
kitti_train,4525,004524.png,2,2,2,False,4.5000003723316695e-11,3.670004389277892e-08,0.999999995125029,True
kitti_train,4526,004525.png,7,7,7,False,4.929689989552344e-11,3.91999606108584e-08,0.9999999939592377,True
kitti_train,4527,004526.png,4,4,4,False,4.843750053828977e-11,3.099999901223782e-08,0.9999999962527093,True
kitti_train,4529,004528.png,5,5,5,False,4.8281247055914633e-11,3.72000030779418e-08,0.999999993885714,True
kitti_train,4531,004530.png,4,4,4,False,3.914063517740374e-11,3.200000264769187e-08,0.9999999947363607,True
kitti_train,4532,004531.png,2,2,2,False,3.3281238875915164e-11,2.1299996433299384e-08,0.9999999996565099,True
kitti_train,4533,004532.png,9,9,9,False,4.9843750654643415e-11,3.9699955323158065e-08,0.9999999931215298,True
kitti_train,4534,004533.png,13,13,13,False,4.914069151595868e-11,3.2800073768157745e-08,0.9999999921212915,True
kitti_train,4536,004535.png,1,1,1,False,4.421875018922883e-11,4.200001058052294e-08,0.999999991826783,True
kitti_train,4537,004536.png,11,11,11,False,4.9687365333284106e-11,4.349993787400308e-08,0.9999999932858716,True
kitti_train,4538,004537.png,10,10,10,False,4.718749002652345e-11,3.200005949111073e-08,0.9999999940735425,True
kitti_train,4539,004538.png,1,1,1,False,4.8437476252161105e-11,3.200005949111073e-08,0.9999999948496825,True
kitti_train,4541,004540.png,5,5,5,False,4.3281239703318874e-11,3.6300008332545985e-08,0.9999999937518643,True
kitti_train,4542,004541.png,8,8,8,False,4.781250395602399e-11,3.199994580427301e-08,0.9999999945150345,True
kitti_train,4543,004542.png,7,7,7,False,4.937500408530582e-11,3.4300057905056747e-08,0.9999999959969996,True
kitti_train,4546,004545.png,4,4,4,False,4.140624648707458e-11,3.200000264769187e-08,0.9999999944614361,True
kitti_train,4547,004546.png,1,1,1,False,4.4531378584622416e-11,3.119999547607222e-08,0.9999999985692433,True
kitti_train,4548,004547.png,2,2,2,False,3.398442638413712e-11,2.1300081698427675e-08,0.9999999917303554,True
kitti_train,4549,004548.png,5,5,5,False,4.12499964741464e-11,2.6399998631632116e-08,0.9999999936761251,True
kitti_train,4550,004549.png,9,9,9,False,4.906253181502507e-11,4.2999943161703413e-08,0.9999999969375222,True
kitti_train,4551,004550.png,2,2,2,False,3.890626709690537e-11,3.199994580427301e-08,0.9999999985192513,True
kitti_train,4553,004552.png,5,5,5,False,4.7656250473648853e-11,3.66999302059412e-08,0.9999999954355239,True
kitti_train,4554,004553.png,10,10,10,False,3.937500325790211e-11,3.200005949111073e-08,0.9999999953628224,True
kitti_train,4555,004554.png,5,5,5,False,4.484375371038851e-11,3.200000264769187e-08,0.999999997207384,True
kitti_train,4556,004555.png,9,9,9,False,4.546875029265429e-11,3.860003516820143e-08,0.9999999932256117,True
kitti_train,4557,004556.png,3,3,3,False,4.9453122152876006e-11,3.200000264769187e-08,0.9999999951938399,True
kitti_train,4558,004557.png,4,4,4,False,4.812499704298645e-11,3.520000291246106e-08,0.9999999952903431,True
kitti_train,4559,004558.png,7,7,7,False,4.3906253632819414e-11,3.379994950591936e-08,0.999999996229486,True
kitti_train,4560,004559.png,1,1,1,False,3.7500114125066375e-11,3.200000264769187e-08,0.9999999987083261,True
kitti_train,4563,004562.png,7,7,7,False,4.8593754020664903e-11,3.11000007968687e-08,0.9999999926464989,True
kitti_train,4564,004563.png,6,6,6,False,4.9843750654643415e-11,4.6599950564996107e-08,0.9999999941530262,True
kitti_train,4565,004564.png,1,1,1,False,4.8593754020664903e-11,4.149995902480441e-08,0.9999999983857464,True
kitti_train,4566,004565.png,1,1,1,False,3.328126663149078e-11,2.1300024855008814e-08,0.9999999965353062,True
kitti_train,4568,004567.png,6,6,6,False,4.9062498855279024e-11,4.150007271164213e-08,0.9999999920425338,True
kitti_train,4569,004568.png,2,2,2,False,3.625000299933845e-11,2.1300024855008814e-08,0.9999999887714212,True
kitti_train,4571,004570.png,2,2,2,False,3.968749634486457e-11,3.330006848045741e-08,0.9999999836418146,True
kitti_train,4572,004571.png,6,6,6,False,4.9531240220446193e-11,3.7600045743602095e-08,0.9999999963165406,True
kitti_train,4574,004573.png,2,2,2,False,3.640624607337273e-11,3.200000264769187e-08,0.9999999957829466,True
kitti_train,4575,004574.png,3,3,3,False,3.92968435569685e-11,2.2300000068753434e-08,0.999999993467378,True
kitti_train,4576,004575.png,2,2,2,False,3.335931531012193e-11,2.1300003538726742e-08,0.9999999974892975,True
kitti_train,4577,004576.png,4,4,4,False,4.921874019458983e-11,4.7100002120714635e-08,0.9999999916314295,True
kitti_train,4579,004578.png,9,9,9,False,4.375000361989123e-11,3.200005949111073e-08,0.9999999962525365,True
kitti_train,4580,004579.png,2,2,2,False,4.437499673271006e-11,2.8399998797112858e-08,0.9999999957855281,True
kitti_train,4581,004580.png,1,1,1,False,2.4843752055581092e-11,1.5900003091928738e-08,0.9999999990844346,True
kitti_train,4582,004581.png,3,3,3,False,3.39062458665218e-11,3.199994580427301e-08,0.9999999945103271,True
kitti_train,4583,004582.png,2,2,2,False,4.90625005900025e-11,4.180003543297062e-08,0.9999999918757654,True
kitti_train,4585,004584.png,6,6,6,False,4.906249712055555e-11,3.8900054732948774e-08,0.9999999930242788,True
kitti_train,4586,004585.png,4,4,4,False,4.781250395602399e-11,3.200005949111073e-08,0.9999999982959714,True
kitti_train,4589,004588.png,2,2,2,False,4.8125003981880354e-11,3.080000254840343e-08,0.9999999973001246,True
kitti_train,4591,004590.png,2,2,2,False,4.109375340011212e-11,3.1999995542264514e-08,0.9999999980721948,True
kitti_train,4592,004591.png,1,1,1,False,3.328124928425602e-11,2.1299999986013063e-08,0.9999999919032674,True
kitti_train,4595,004594.png,1,1,1,False,2.9687488578566956e-11,1.899999801935337e-08,0.9999999991856924,True
kitti_train,4596,004595.png,1,1,1,False,3.593750297348208e-11,2.2999998350314854e-08,0.9999999994506887,True
kitti_train,4597,004596.png,4,4,4,False,4.5781246849063706e-11,3.2300022212439217e-08,0.9999999955505402,True
kitti_train,4598,004597.png,2,2,2,False,4.7656253943095805e-11,3.1999995542264514e-08,0.9999999992403664,True
kitti_train,4599,004598.png,5,5,5,False,4.312505907932973e-11,2.7199995145110734e-08,0.9999999801936772,True
kitti_train,4602,004601.png,5,5,5,False,4.750000393016762e-11,3.5699997624760726e-08,0.9999999955146022,True
kitti_train,4603,004602.png,5,5,5,False,4.773437201066599e-11,3.200000264769187e-08,0.9999999947325843,True
kitti_train,4604,004603.png,10,10,10,False,4.828125399480854e-11,3.6399967484612716e-08,0.9999999964992076,True
kitti_train,4605,004604.png,12,12,12,False,4.937500408530582e-11,3.60999763415748e-08,0.9999999945691952,True
kitti_train,4606,004605.png,1,1,1,False,4.382816332082484e-11,3.600001718950807e-08,0.9999999983384087,True
kitti_train,4607,004606.png,4,4,4,False,3.335942633242439e-11,2.1300003538726742e-08,0.9999999955894262,True
kitti_train,4608,004607.png,4,4,4,False,4.250000351646577e-11,3.200000264769187e-08,0.9999999964685933,True
kitti_train,4609,004608.png,1,1,1,False,3.335942633242439e-11,2.500001983207767e-08,0.9999999957545729,True
kitti_train,4610,004609.png,6,6,6,False,4.6562503852598525e-11,3.740001375263091e-08,0.9999999974011656,True
kitti_train,4611,004610.png,8,8,8,False,4.890624016873346e-11,3.200005949111073e-08,0.99999999311077,True
kitti_train,4612,004611.png,3,3,3,False,3.48437528829848e-11,3.219999200609891e-08,0.9999999966572094,True
kitti_train,4613,004612.png,4,4,4,False,4.703124695248917e-11,3.009999716141465e-08,0.9999999931137058,True
kitti_train,4614,004613.png,3,3,3,False,4.2421843815532156e-11,2.590000036661877e-08,0.9999999943498036,True
kitti_train,4615,004614.png,12,12,12,False,4.859376789845271e-11,4.020000687887659e-08,0.9999999914920069,True
kitti_train,4616,004615.png,2,2,2,False,4.8281247055914633e-11,3.0899997227606946e-08,0.999999994199381,True
kitti_train,4617,004616.png,11,11,11,False,4.8671899843810706e-11,3.200000264769187e-08,0.9999999944957506,True
kitti_train,4618,004617.png,8,8,8,False,4.4765691153969556e-11,3.380000634933822e-08,0.9999999939463652,True
kitti_train,4619,004618.png,1,1,1,False,4.054689917154519e-11,3.25999849337677e-08,0.9999999979839705,True
kitti_train,4620,004619.png,4,4,4,False,4.5156246797350974e-11,3.370007561898092e-08,0.9999999981730175,True
kitti_train,4621,004620.png,5,5,5,False,4.929684438437221e-11,3.119998837064486e-08,0.9999999946228714,True
kitti_train,4623,004622.png,6,6,6,False,4.4843739832600704e-11,3.789995162151172e-08,0.9999999952118106,True
kitti_train,4624,004623.png,1,1,1,False,4.593750380088579e-11,2.9400002432566907e-08,0.9999999960546828,True
kitti_train,4625,004624.png,7,7,7,False,4.6718746926632804e-11,4.150001586822327e-08,0.9999999940753221,True
kitti_train,4626,004625.png,4,4,4,False,3.914063517740374e-11,2.4200005555030657e-08,0.9999999951724171,True
kitti_train,4627,004626.png,3,3,3,False,4.632810801652454e-11,3.069999365834519e-08,0.9999999969489911,True
kitti_train,4628,004627.png,2,2,2,False,4.8671844332659475e-11,3.099999901223782e-08,0.9999999988716778,True
kitti_train,4629,004628.png,1,1,1,False,3.640624954281968e-11,2.3300000151493805e-08,0.9999999918359634,True
kitti_train,4630,004629.png,2,2,2,False,4.874997627801747e-11,3.200000264769187e-08,0.9999999979804258,True
kitti_train,4631,004630.png,4,4,4,False,4.484375024094156e-11,3.200000264769187e-08,0.999999994289912,True
kitti_train,4632,004631.png,14,14,14,False,4.95312471593401e-11,4.6400032260862645e-08,0.9999999906376463,True
kitti_train,4633,004632.png,5,5,5,False,4.6718767743314515e-11,3.1499979513682774e-08,0.9999999971222542,True
kitti_train,4635,004634.png,2,2,2,False,4.6406239961882534e-11,3.1999995542264514e-08,0.999999998796715,True
kitti_train,4636,004635.png,6,6,6,False,4.718747614873564e-11,3.200000264769187e-08,0.9999999952087546,True
kitti_train,4637,004636.png,9,9,9,False,4.9296788873220976e-11,4.1100008729699766e-08,0.9999999923419026,True
kitti_train,4638,004637.png,10,10,10,False,4.7656250473648853e-11,3.7199995972514444e-08,0.9999999925098854,True
kitti_train,4639,004638.png,1,1,1,False,4.13281353583983e-11,2.1299998209656223e-08,0.9999999952340445,True
kitti_train,4640,004639.png,6,6,6,False,4.7578163631101233e-11,4.080004600837128e-08,0.9999999929910405,True
kitti_train,4641,004640.png,10,10,10,False,4.6718746926632804e-11,3.530001890794665e-08,0.9999999963638994,True
kitti_train,4643,004642.png,2,2,2,False,4.58593718555278e-11,2.1500000002561137e-08,0.9999999978070117,True
kitti_train,4644,004643.png,9,9,9,False,4.749999699127372e-11,4.06000140174001e-08,0.9999999960098094,True
kitti_train,4645,004644.png,4,4,4,False,4.695310806823727e-11,3.979999974035309e-08,0.9999999928035388,True
kitti_train,4648,004647.png,3,3,3,False,4.968750064171523e-11,3.199994580427301e-08,0.9999999913732334,True
kitti_train,4649,004648.png,8,8,8,False,4.9687490233374376e-11,3.379999924391086e-08,0.999999997205202,True
kitti_train,4651,004650.png,3,3,3,False,3.335931531012193e-11,2.3900042833702173e-08,0.999999995252017,True
kitti_train,4652,004651.png,5,5,5,False,3.687500305105118e-11,3.409999749237613e-08,0.9999999955242814,True
kitti_train,4653,004652.png,7,7,7,False,4.625000382674216e-11,3.880001031575375e-08,0.9999999960972863,True
kitti_train,4655,004654.png,5,5,5,False,4.687500387845489e-11,3.200000264769187e-08,0.9999999929926662,True
kitti_train,4656,004655.png,1,1,1,False,3.335942633242439e-11,2.1299999986013063e-08,0.9999999971686017,True
kitti_train,4657,004656.png,1,1,1,False,4.734376779502725e-11,3.030001494153112e-08,0.9999999993592323,True
kitti_train,4658,004657.png,5,5,5,False,4.484374677149461e-11,3.939999260182958e-08,0.9999999945576303,True
kitti_train,4660,004659.png,8,8,8,False,4.4687475941884713e-11,3.200005949111073e-08,0.9999999933327615,True
kitti_train,4661,004660.png,4,4,4,False,4.687494836730366e-11,4.0299994452652754e-08,0.9999999951674875,True
kitti_train,4662,004661.png,6,6,6,False,4.000000330961484e-11,3.200000264769187e-08,0.9999999942514944,True
kitti_train,4664,004663.png,7,7,7,False,4.249998963867796e-11,3.200000264769187e-08,0.9999999951811986,True
kitti_train,4665,004664.png,4,4,4,False,4.4531253684532146e-11,3.380000634933822e-08,0.9999999953654372,True
kitti_train,4667,004666.png,10,10,10,False,4.546874682320734e-11,3.6399967484612716e-08,0.9999999964862278,True
kitti_train,4668,004667.png,4,4,4,False,3.734375308983573e-11,3.269997250754386e-08,0.9999999962976845,True
kitti_train,4669,004668.png,8,8,8,False,4.49218717779587e-11,3.6300008332545985e-08,0.999999995101093,True
kitti_train,4670,004669.png,2,2,2,False,4.171875345182485e-11,3.750000132640707e-08,0.9999999946052824,True
kitti_train,4671,004670.png,4,4,4,False,4.343747583845925e-11,2.999999537678377e-08,0.9999999940795233,True
kitti_train,4672,004671.png,1,1,1,False,3.328124581480907e-11,2.1299999986013063e-08,0.9999999985200747,True
kitti_train,4673,004672.png,7,7,7,False,4.640624690077644e-11,3.200005949111073e-08,0.9999999952145892,True
kitti_train,4674,004673.png,8,8,8,False,4.906250405944945e-11,4.330001956986962e-08,0.9999999924862876,True
kitti_train,4675,004674.png,1,1,1,False,2.156250178408925e-11,1.3800004694530799e-08,0.999999999152485,True
kitti_train,4676,004675.png,2,2,2,False,3.906250323204574e-11,2.4999998515795596e-08,0.9999999959883333,True
kitti_train,4678,004677.png,6,6,6,False,3.874997545061376e-11,3.200005949111073e-08,0.9999999944203128,True
kitti_train,4679,004678.png,1,1,1,False,4.687500040900794e-11,3.000000070585429e-08,0.9999999919047037,True
kitti_train,4681,004680.png,3,3,3,False,4.7578163631101233e-11,2.2100039132055826e-08,0.9999999916134675,True
kitti_train,4682,004681.png,3,3,3,False,4.562500377502943e-11,3.200000264769187e-08,0.9999999940496581,True
kitti_train,4683,004682.png,10,10,10,False,4.7812500486577036e-11,3.060000075549851e-08,0.9999999942448868,True
kitti_train,4684,004683.png,2,2,2,False,3.4453162545133864e-11,3.200000264769187e-08,0.9999999886921682,True
kitti_train,4685,004684.png,14,14,14,False,4.984379575745379e-11,3.580004204195575e-08,0.9999999913204874,True
kitti_train,4686,004685.png,10,10,10,False,4.843750053828977e-11,4.1100008729699766e-08,0.9999999953652896,True
kitti_train,4687,004686.png,13,13,13,False,4.781250395602399e-11,4.020000687887659e-08,0.9999999912989825,True
kitti_train,4688,004687.png,1,1,1,False,3.687499958160423e-11,2.3600000176315916e-08,0.999999995523315,True
kitti_train,4689,004688.png,4,4,4,False,4.7656267820883613e-11,3.930000502805342e-08,0.9999999946442183,True
kitti_train,4690,004689.png,9,9,9,False,4.968758737788903e-11,3.200005949111073e-08,0.9999999958019943,True
kitti_train,4694,004693.png,2,2,2,False,3.335942633242439e-11,2.1300024855008814e-08,0.9999999935568954,True
kitti_train,4695,004694.png,5,5,5,False,4.9452997252785735e-11,3.610000476328423e-08,0.9999999968943064,True
kitti_train,4697,004696.png,1,1,1,False,4.593750380088579e-11,2.939999887985323e-08,0.9999999984545226,True
kitti_train,4698,004697.png,3,3,3,False,4.593747604531018e-11,3.880001031575375e-08,0.999999992452957,True
kitti_train,4699,004698.png,2,2,2,False,3.734374962038878e-11,2.3900000201138027e-08,0.9999999935160573,True
kitti_train,4700,004699.png,2,2,2,False,4.546876763988905e-11,2.2000001820288162e-08,0.9999999976735706,True
kitti_train,4702,004701.png,10,10,10,False,4.8593740142877095e-11,4.110006557311863e-08,0.9999999958656831,True
kitti_train,4703,004702.png,3,3,3,False,4.8906212413157846e-11,4.269998044037493e-08,0.999999992565185,True
kitti_train,4704,004703.png,5,5,5,False,4.343747583845925e-11,3.200005949111073e-08,0.9999999949123792,True
kitti_train,4705,004704.png,19,19,19,False,5.000000413701855e-11,4.73000199008311e-08,0.9999999837467015,True
kitti_train,4706,004705.png,3,3,3,False,3.335942633242439e-11,3.200000264769187e-08,0.9999999954216672,True
kitti_train,4708,004707.png,12,12,12,False,4.8593740142877095e-11,3.200000264769187e-08,0.9999999924806975,True
kitti_train,4710,004709.png,1,1,1,False,3.5000002895912985e-11,2.240000185338431e-08,0.999999999248904,True
kitti_train,4711,004710.png,7,7,7,False,4.6406239961882534e-11,3.200000264769187e-08,0.9999999957389912,True
kitti_train,4712,004711.png,6,6,6,False,4.765621230973238e-11,3.8999985463306075e-08,0.9999999970956849,True
kitti_train,4714,004713.png,12,12,12,False,4.796874703005827e-11,4.06000140174001e-08,0.9999999886373542,True
kitti_train,4715,004714.png,5,5,5,False,4.367189943010885e-11,3.200000264769187e-08,0.999999992115371,True
kitti_train,4716,004715.png,8,8,8,False,4.984375412409037e-11,4.289995558792725e-08,0.9999999943540557,True
kitti_train,4717,004716.png,10,10,10,False,4.625000382674216e-11,3.200005949111073e-08,0.9999999932324561,True
kitti_train,4718,004717.png,5,5,5,False,4.781250395602399e-11,3.669998704936006e-08,0.9999999965313683,True
kitti_train,4719,004718.png,4,4,4,False,4.945321929739066e-11,3.200000264769187e-08,0.9999999936913359,True
kitti_train,4720,004719.png,7,7,7,False,4.625011484904462e-11,3.579998519853689e-08,0.9999999962555368,True
kitti_train,4721,004720.png,8,8,8,False,5.000000413701855e-11,4.059995717398124e-08,0.9999999929908016,True
kitti_train,4722,004721.png,5,5,5,False,4.8125003981880354e-11,3.200000264769187e-08,0.9999999961736455,True
kitti_train,4723,004722.png,6,6,6,False,4.6249996887848255e-11,3.0299986519821687e-08,0.9999999972259033,True
kitti_train,4724,004723.png,1,1,1,False,2.703126611436346e-11,1.5499949768127408e-08,0.9999999987156688,True
kitti_train,4725,004724.png,1,1,1,False,4.046873947061158e-11,2.4300000234234176e-08,0.9999999984141897,True
kitti_train,4728,004727.png,2,2,2,False,4.31250035681785e-11,3.599998876779864e-08,0.9999999979505424,True
kitti_train,4729,004728.png,2,2,2,False,3.718749613801364e-11,3.0899968805897515e-08,0.9999999985389635,True
kitti_train,4730,004729.png,2,2,2,False,3.4843794516348225e-11,3.200000264769187e-08,0.9999999944934871,True
kitti_train,4732,004731.png,1,1,1,False,2.703126611436346e-11,1.7300010313192615e-08,0.9999999991948347,True
kitti_train,4734,004733.png,1,1,1,False,2.9453134375856393e-11,1.7300010313192615e-08,0.9999999985790465,True
kitti_train,4735,004734.png,5,5,5,False,4.890625057707432e-11,4.079993232153356e-08,0.9999999954676886,True
kitti_train,4736,004735.png,10,10,10,False,4.960942767695542e-11,3.4300001061637886e-08,0.9999999973329013,True
kitti_train,4738,004737.png,2,2,2,False,3.335942633242439e-11,3.200000264769187e-08,0.9999999962250218,True
kitti_train,4740,004739.png,7,7,7,False,3.9374999788455156e-11,3.720003860507859e-08,0.9999999957259633,True
kitti_train,4741,004740.png,12,12,12,False,4.9843750654643415e-11,3.600001718950807e-08,0.9999999935275198,True
kitti_train,4742,004741.png,2,2,2,False,4.281249660342823e-11,2.7399998714372487e-08,0.9999999985692862,True
kitti_train,4743,004742.png,8,8,8,False,4.7812531711599604e-11,3.1499979513682774e-08,0.9999999958245139,True
kitti_train,4744,004743.png,11,11,11,False,4.937500408530582e-11,3.95000370190246e-08,0.9999999924728074,True
kitti_train,4745,004744.png,2,2,2,False,4.8281250525361585e-11,3.0900000780320624e-08,0.999999993723898,True
kitti_train,4746,004745.png,4,4,4,False,4.960942767695542e-11,3.4800052617356414e-08,0.9999999953206513,True
kitti_train,4747,004746.png,1,1,1,False,4.484375371038851e-11,3.200000264769187e-08,0.9999999941273903,True
kitti_train,4748,004747.png,20,20,20,False,4.999989311471609e-11,3.849999075100641e-08,0.9999999909359943,True
kitti_train,4750,004749.png,6,6,6,False,4.5234371803815066e-11,3.91000298805011e-08,0.9999999943753707,True
kitti_train,4751,004750.png,4,4,4,False,4.8750004033593086e-11,3.200000264769187e-08,0.9999999942579564,True
kitti_train,4752,004751.png,5,5,5,False,4.6562503852598525e-11,3.2900001833979786e-08,0.9999999992719788,True
kitti_train,4753,004752.png,8,8,8,False,4.906253181502507e-11,3.80000528821256e-08,0.9999999944766859,True
kitti_train,4754,004753.png,7,7,7,False,4.8593754020664903e-11,3.540000648172281e-08,0.9999999949151877,True
kitti_train,4755,004754.png,3,3,3,False,4.640624690077644e-11,2.970000068103218e-08,0.9999999949804859,True
kitti_train,4757,004756.png,7,7,7,False,4.7812500486577036e-11,3.879995347233489e-08,0.9999999967367226,True
kitti_train,4760,004759.png,2,2,2,False,4.570316347596304e-11,3.2200034638663055e-08,0.9999999905390026,True
kitti_train,4761,004760.png,2,2,2,False,4.22656354359674e-11,3.200000264769187e-08,0.9999999965126369,True
kitti_train,4762,004761.png,1,1,1,False,2.5156248611990506e-11,1.7099978322221432e-08,0.999999998823275,True
kitti_train,4763,004762.png,1,1,1,False,3.078126642463985e-11,2.0099975017728866e-08,0.9999999989439154,True
kitti_train,4764,004763.png,4,4,4,False,4.921875060293068e-11,3.200000264769187e-08,0.9999999949290489,True
kitti_train,4765,004764.png,10,10,10,False,4.7421955251536474e-11,4.340006398706464e-08,0.999999978388851,True
kitti_train,4766,004765.png,2,2,2,False,3.328132214264201e-11,2.1300024855008814e-08,0.9999999932954189,True
kitti_train,4767,004766.png,8,8,8,False,4.718753165988687e-11,3.200000264769187e-08,0.9999999953731289,True
kitti_train,4768,004767.png,4,4,4,False,4.421873978088797e-11,3.810004045590176e-08,0.9999999943632234,True
kitti_train,4769,004768.png,1,1,1,False,1.2656257986076724e-11,8.100002446553844e-09,0.9999999995860588,True
kitti_train,4770,004769.png,10,10,10,False,4.671875386552671e-11,3.880001031575375e-08,0.9999999939684847,True
kitti_train,4771,004770.png,7,7,7,False,4.843750400773672e-11,3.8899997889529914e-08,0.9999999934739736,True
kitti_train,4772,004771.png,3,3,3,False,4.8281267872596345e-11,2.7900028953808942e-08,0.9999999941671404,True
kitti_train,4773,004772.png,11,11,11,False,4.921874713348373e-11,3.80999836124829e-08,0.9999999929624436,True
kitti_train,4775,004774.png,7,7,7,False,4.8125003981880354e-11,3.200000264769187e-08,0.9999999953686814,True
kitti_train,4776,004775.png,2,2,2,False,4.7656267820883613e-11,3.200000264769187e-08,0.9999999934908443,True
kitti_train,4777,004776.png,4,4,4,False,4.265625352939395e-11,3.410002591408556e-08,0.9999999936201419,True
kitti_train,4778,004777.png,5,5,5,False,4.906251793723726e-11,3.140000615076133e-08,0.9999999971487986,True
kitti_train,4780,004779.png,10,10,10,False,4.8437476252161105e-11,3.4899983347713714e-08,0.999999994378027,True
kitti_train,4781,004780.png,1,1,1,False,4.31250035681785e-11,2.760000228363424e-08,0.9999999977030523,True
kitti_train,4782,004781.png,9,9,9,False,4.539062181674325e-11,3.8999985463306075e-08,0.9999999953491459,True
kitti_train,4783,004782.png,6,6,6,False,4.88281637345267e-11,3.7700004895668826e-08,0.9999999962325917,True
kitti_train,4785,004784.png,3,3,3,False,4.359375360696305e-11,3.200000264769187e-08,0.9999999978627495,True
kitti_train,4786,004785.png,2,2,2,False,3.335937082127316e-11,3.200000264769187e-08,0.9999999941860434,True
kitti_train,4787,004786.png,10,10,10,False,4.8593795654028327e-11,4.150001586822327e-08,0.9999999886434224,True
kitti_train,4788,004787.png,15,15,15,False,4.6406239961882534e-11,3.200000264769187e-08,0.9999999884297809,True
kitti_train,4789,004788.png,9,9,9,False,4.906250405944945e-11,3.809992676906404e-08,0.9999999931399538,True
kitti_train,4790,004789.png,5,5,5,False,4.968749717226828e-11,3.380000634933822e-08,0.9999999924502758,True
kitti_train,4791,004790.png,6,6,6,False,4.718747614873564e-11,3.7699976473959396e-08,0.9999999909067153,True
kitti_train,4792,004791.png,2,2,2,False,3.9296788045817266e-11,3.219999200609891e-08,0.9999999941961061,True
kitti_train,4794,004793.png,10,10,10,False,4.906249712055555e-11,4.200001058052294e-08,0.9999999967438504,True
kitti_train,4795,004794.png,4,4,4,False,4.968750064171523e-11,4.740002168546198e-08,0.9999999952006827,True
kitti_train,4796,004795.png,2,2,2,False,3.937505876905334e-11,3.7700033317378256e-08,0.9999999964532438,True
kitti_train,4798,004797.png,1,1,1,False,4.593750380088579e-11,2.939999887985323e-08,0.9999999988545526,True
kitti_train,4799,004798.png,7,7,7,False,4.81250005124334e-11,3.200000264769187e-08,0.9999999946686269,True
kitti_train,4800,004799.png,3,3,3,False,4.1250003413040304e-11,2.2999998350314854e-08,0.9999999971663966,True
kitti_train,4801,004800.png,17,17,17,False,4.984374024630256e-11,4.0299994452652754e-08,0.9999999921642492,True
kitti_train,4802,004801.png,6,6,6,False,4.4531267562319954e-11,3.7600045743602095e-08,0.9999999944716552,True
kitti_train,4804,004803.png,5,5,5,False,4.515623985845707e-11,3.200000264769187e-08,0.9999999943139599,True
kitti_train,4805,004804.png,13,13,13,False,4.99219554583874e-11,4.320003199609346e-08,0.9999999962636861,True
kitti_train,4806,004805.png,1,1,1,False,4.8593740142877095e-11,2.650000396897667e-08,0.9999999930785822,True
kitti_train,4807,004806.png,5,5,5,False,4.531250374917306e-11,2.610001104130788e-08,0.999999994441846,True
kitti_train,4809,004808.png,6,6,6,False,4.625000382674216e-11,4.180003543297062e-08,0.9999999967469384,True
kitti_train,4811,004810.png,6,6,6,False,4.39843717003896e-11,3.199998843683716e-08,0.9999999907145097,True
kitti_train,4812,004811.png,8,8,8,False,4.7812587222750835e-11,3.9700012166576926e-08,0.9999999898612353,True
kitti_train,4813,004812.png,3,3,3,False,3.7031253063979364e-11,3.200000264769187e-08,0.9999999976222194,True
kitti_train,4814,004813.png,5,5,5,False,4.8125003981880354e-11,3.200000264769187e-08,0.9999999939962949,True
kitti_train,4815,004814.png,9,9,9,False,4.937500408530582e-11,3.5499994055498973e-08,0.9999999920195217,True
kitti_train,4817,004816.png,5,5,5,False,4.640626771745815e-11,3.180002750013955e-08,0.9999999911172098,True
kitti_train,4818,004817.png,7,7,7,False,4.929689989552344e-11,3.8300015603454085e-08,0.9999999948272801,True
kitti_train,4821,004820.png,3,3,3,False,4.8749948522441855e-11,3.200005949111073e-08,0.9999999970802241,True
kitti_train,4823,004822.png,11,11,11,False,4.93749763297302e-11,3.200005949111073e-08,0.9999999959421834,True
kitti_train,4825,004824.png,4,4,4,False,4.312494805702727e-11,3.669998704936006e-08,0.9999999913674651,True
kitti_train,4826,004825.png,10,10,10,False,4.9687504111162184e-11,3.2999992072291207e-08,0.9999999817610159,True
kitti_train,4827,004826.png,3,3,3,False,4.94531082750882e-11,3.200000264769187e-08,0.999999997457818,True
kitti_train,4828,004827.png,3,3,3,False,4.351563553939286e-11,3.069999365834519e-08,0.999999992632191,True
kitti_train,4829,004828.png,4,4,4,False,4.617189963695978e-11,4.270000886208436e-08,0.9999999928271038,True
kitti_train,4830,004829.png,1,1,1,False,3.8203107344259024e-11,3.200000264769187e-08,0.9999999961212176,True
kitti_train,4831,004830.png,6,6,6,False,3.890623934132975e-11,3.669998704936006e-08,0.9999999963277233,True
kitti_train,4832,004831.png,4,4,4,False,4.046875334839939e-11,3.200005949111073e-08,0.9999999974578108,True
kitti_train,4833,004832.png,10,10,10,False,4.984368473515133e-11,4.220004257149412e-08,0.9999999949387354,True
kitti_train,4834,004833.png,4,4,4,False,3.734375308983573e-11,3.200000264769187e-08,0.9999999975276715,True
kitti_train,4835,004834.png,11,11,11,False,4.601563574624379e-11,4.150001586822327e-08,0.9999999950593116,True
kitti_train,4836,004835.png,4,4,4,False,3.6718753038123e-11,3.200000264769187e-08,0.9999999952273959,True
kitti_train,4837,004836.png,6,6,6,False,4.1093795033475544e-11,3.200000264769187e-08,0.9999999886868726,True
kitti_train,4839,004838.png,16,16,16,False,4.953126797602181e-11,3.580004204195575e-08,0.9999999925716897,True
kitti_train,4841,004840.png,3,3,3,False,4.9374997146411914e-11,3.1599999061882045e-08,0.9999999968171311,True
kitti_train,4842,004841.png,6,6,6,False,4.898442762524269e-11,3.200005949111073e-08,0.9999999943669516,True
kitti_train,4844,004843.png,7,7,7,False,4.984375412409037e-11,3.880001031575375e-08,0.9999999951959999,True
kitti_train,4846,004845.png,6,6,6,False,4.843750400773672e-11,3.200000264769187e-08,0.999999996776522,True
kitti_train,4847,004846.png,4,4,4,False,4.093750338718394e-11,3.200000264769187e-08,0.9999999964375347,True
kitti_train,4849,004848.png,2,2,2,False,4.874997627801747e-11,3.119998837064486e-08,0.9999999966303353,True
kitti_train,4850,004849.png,2,2,2,False,4.734374003945163e-11,4.46000285592163e-08,0.9999999983979386,True
kitti_train,4851,004850.png,7,7,7,False,4.718749002652345e-11,4.1100008729699766e-08,0.9999999948198997,True
kitti_train,4852,004851.png,9,9,9,False,4.921874019458983e-11,3.409998328152142e-08,0.9999999954765202,True
kitti_train,4853,004852.png,4,4,4,False,4.8750000564146134e-11,3.200000264769187e-08,0.9999999935037727,True
kitti_train,4856,004855.png,4,4,4,False,4.1718739574037045e-11,3.200000264769187e-08,0.9999999954268546,True
kitti_train,4857,004856.png,6,6,6,False,4.8359316551227494e-11,4.010001930510043e-08,0.9999999933613587,True
kitti_train,4858,004857.png,16,16,16,False,4.984374024630256e-11,3.320002406326239e-08,0.9999999942232384,True
kitti_train,4859,004858.png,9,9,9,False,4.8125003981880354e-11,3.8200028029677924e-08,0.9999999906236571,True
kitti_train,4860,004859.png,7,7,7,False,4.9765608300944564e-11,3.200000264769187e-08,0.9999999971474381,True
kitti_train,4861,004860.png,8,8,8,False,4.0468767226187197e-11,3.020001315690024e-08,0.9999999955797194,True
kitti_train,4862,004861.png,1,1,1,False,4.5390580183379825e-11,2.1299999986013063e-08,0.9999999971769394,True
kitti_train,4863,004862.png,8,8,8,False,4.265632291833299e-11,3.579998519853689e-08,0.9999999973690453,True
kitti_train,4864,004863.png,3,3,3,False,4.179688539718285e-11,3.3200013405121354e-08,0.99999999543325,True
kitti_train,4865,004864.png,1,1,1,False,3.335942633242439e-11,3.200000264769187e-08,0.9999999954758834,True
kitti_train,4866,004865.png,2,2,2,False,3.328126663149078e-11,2.1300024855008814e-08,0.9999999961340932,True
kitti_train,4867,004866.png,12,12,12,False,4.874999015580528e-11,3.4300001061637886e-08,0.9999999938627125,True
kitti_train,4868,004867.png,5,5,5,False,4.328132297004572e-11,3.5000027764908737e-08,0.9999999941198049,True
kitti_train,4873,004872.png,2,2,2,False,4.7812500486577036e-11,4.26000212883082e-08,0.9999999911301819,True
kitti_train,4874,004873.png,1,1,1,False,3.328125275370297e-11,2.1300003538726742e-08,0.9999999994210025,True
kitti_train,4875,004874.png,10,10,10,False,4.7812531711599604e-11,3.399998149689054e-08,0.9999999945599418,True
kitti_train,4876,004875.png,4,4,4,False,4.976563605652018e-11,3.200000264769187e-08,0.9999999971527777,True
kitti_train,4877,004876.png,6,6,6,False,4.312505907932973e-11,3.719998176165973e-08,0.999999994360481,True
kitti_train,4879,004878.png,2,2,2,False,4.421875018922883e-11,2.830000056519566e-08,0.9999999940666751,True
kitti_train,4880,004879.png,1,1,1,False,3.328125275370297e-11,2.1300003538726742e-08,0.9999999995736139,True
kitti_train,4881,004880.png,3,3,3,False,4.5078163424250306e-11,3.329995479361969e-08,0.9999999925660975,True
kitti_train,4882,004881.png,7,7,7,False,4.9843768001878175e-11,4.530005526248715e-08,0.9999999975557148,True
kitti_train,4884,004883.png,4,4,4,False,4.671875386552671e-11,3.200000264769187e-08,0.9999999972693889,True
kitti_train,4885,004884.png,8,8,8,False,4.156264221677475e-11,3.200005949111073e-08,0.9999999958089667,True
kitti_train,4886,004885.png,10,10,10,False,4.960937216580419e-11,4.489999128054478e-08,0.9999999963066227,True
kitti_train,4887,004886.png,1,1,1,False,3.328124581480907e-11,2.8200020096846856e-08,0.9999999982941243,True
kitti_train,4888,004887.png,7,7,7,False,4.843749012994891e-11,3.5699969203051296e-08,0.9999999960111449,True
kitti_train,4891,004890.png,1,1,1,False,3.335931531012193e-11,3.199994580427301e-08,0.9999999957595403,True
kitti_train,4892,004891.png,4,4,4,False,4.609374687492007e-11,3.330004005874798e-08,0.9999999936667658,True
kitti_train,4893,004892.png,4,4,4,False,4.8281267872596345e-11,3.539997806001338e-08,0.9999999964050809,True
kitti_train,4894,004893.png,3,3,3,False,3.499999942646603e-11,3.200000264769187e-08,0.9999999956278306,True
kitti_train,4895,004894.png,6,6,6,False,4.593753155646141e-11,3.200000264769187e-08,0.9999999930276007,True
kitti_train,4896,004895.png,3,3,3,False,4.2343739625749777e-11,3.200000264769187e-08,0.9999999966910972,True
kitti_train,4897,004896.png,6,6,6,False,4.000000330961484e-11,3.200000264769187e-08,0.9999999963871937,True
kitti_train,4898,004897.png,3,3,3,False,4.703124695248917e-11,3.570001183561544e-08,0.9999999940992497,True
kitti_train,4899,004898.png,2,2,2,False,4.35155245170904e-11,3.2299965369020356e-08,0.9999999966846229,True
kitti_train,4900,004899.png,2,2,2,False,3.773437118326228e-11,3.199999909497819e-08,0.9999999983540123,True
kitti_train,4901,004900.png,11,11,11,False,4.6015524723941326e-11,3.619993549364153e-08,0.9999999963621024,True
kitti_train,4903,004902.png,11,11,11,False,4.8984372114091457e-11,4.129998387725209e-08,0.9999999954281814,True
kitti_train,4904,004903.png,2,2,2,False,4.179688539718285e-11,3.200000264769187e-08,0.9999999992919233,True
kitti_train,4905,004904.png,4,4,4,False,4.7968740091164364e-11,4.070000159117626e-08,0.9999999957775499,True
kitti_train,4909,004908.png,2,2,2,False,3.664057945940158e-11,3.189995823049685e-08,0.9999999935893971,True
kitti_train,4910,004909.png,15,15,15,False,4.921874019458983e-11,3.579998519853689e-08,0.99999998481513,True
kitti_train,4911,004910.png,5,5,5,False,4.640626771745815e-11,3.750000132640707e-08,0.9999999959358518,True
kitti_train,4912,004911.png,9,9,9,False,4.8515635953094716e-11,3.200000264769187e-08,0.9999999978574736,True
kitti_train,4913,004912.png,1,1,1,False,4.0546871415969576e-11,3.65999994755839e-08,0.9999999982398025,True
kitti_train,4914,004913.png,5,5,5,False,4.710937195895326e-11,3.840003159893968e-08,0.9999999952235145,True
kitti_train,4915,004914.png,2,2,2,False,4.9374997146411914e-11,3.199994580427301e-08,0.9999999905108655,True
kitti_train,4916,004915.png,1,1,1,False,3.515623903105336e-11,2.2499989427160472e-08,0.9999999987282893,True
kitti_train,4917,004916.png,12,12,12,False,4.343748971624706e-11,3.270000092925329e-08,0.9999999961708506,True
kitti_train,4918,004917.png,4,4,4,False,4.656249691370462e-11,3.669998704936006e-08,0.9999999930094114,True
kitti_train,4919,004918.png,3,3,3,False,4.5312531504748677e-11,3.200000264769187e-08,0.9999999900294839,True
kitti_train,4920,004919.png,7,7,7,False,4.7812531711599604e-11,3.200000264769187e-08,0.9999999914865616,True
kitti_train,4921,004920.png,10,10,10,False,4.8281267872596345e-11,4.4300008994468953e-08,0.9999999957485753,True
kitti_train,4922,004921.png,4,4,4,False,3.5546787735540875e-11,3.200000264769187e-08,0.9999999936551277,True
kitti_train,4924,004923.png,9,9,9,False,4.4531267562319954e-11,3.31000080677768e-08,0.9999999914114244,True
kitti_train,4925,004924.png,14,14,14,False,4.90625005900025e-11,4.289998400963668e-08,0.9999999941749859,True
kitti_train,4926,004925.png,2,2,2,False,4.406253140132321e-11,2.1300024855008814e-08,0.9999999919902532,True
kitti_train,4928,004927.png,2,2,2,False,3.601563491884008e-11,2.1300024855008814e-08,0.9999999945089119,True
kitti_train,4929,004928.png,13,13,13,False,4.8984372114091457e-11,3.6299979910836555e-08,0.9999999931205562,True
kitti_train,4930,004929.png,9,9,9,False,4.781250395602399e-11,3.880006715917261e-08,0.9999999956949415,True
kitti_train,4932,004931.png,1,1,1,False,4.8671899843810706e-11,3.670004389277892e-08,0.9999999877913861,True
kitti_train,4933,004932.png,5,5,5,False,4.6562503852598525e-11,3.859997832478257e-08,0.9999999945323427,True
kitti_train,4934,004933.png,1,1,1,False,4.375000361989123e-11,2.8000002316730388e-08,0.9999999983551903,True
kitti_train,4935,004934.png,15,15,15,False,4.9218754072377635e-11,3.389996550140495e-08,0.9999999866017236,True
kitti_train,4936,004935.png,6,6,6,False,4.187497570917742e-11,3.200000264769187e-08,0.999999996774636,True
kitti_train,4937,004936.png,1,1,1,False,3.335942633242439e-11,3.200005949111073e-08,0.9999999967102509,True
kitti_train,4939,004938.png,10,10,10,False,4.8281267872596345e-11,4.31999751526746e-08,0.9999999966999796,True
kitti_train,4940,004939.png,3,3,3,False,4.4531378584622416e-11,2.1300081698427675e-08,0.999999994862408,True
kitti_train,4942,004941.png,4,4,4,False,4.7343746978345536e-11,2.990000780300761e-08,0.9999999967751034,True
kitti_train,4943,004942.png,4,4,4,False,4.992184443608494e-11,4.529999841906829e-08,0.9999999965415682,True
kitti_train,4944,004943.png,7,7,7,False,4.695310806823727e-11,3.719998176165973e-08,0.9999999954063331,True
kitti_train,4946,004945.png,11,11,11,False,4.734374003945163e-11,3.200005949111073e-08,0.9999999925838748,True
kitti_train,4947,004946.png,9,9,9,False,4.9921872191660555e-11,4.2399989297337015e-08,0.9999999948947245,True
kitti_train,4949,004948.png,10,10,10,False,4.984374978728168e-11,3.200000264769187e-08,0.9999999899667701,True
kitti_train,4950,004949.png,3,3,3,False,4.046875334839939e-11,3.80999836124829e-08,0.999999998307195,True
kitti_train,4951,004950.png,6,6,6,False,4.953126797602181e-11,3.300002049400064e-08,0.9999999954509113,True
kitti_train,4952,004951.png,1,1,1,False,3.5234370976411356e-11,2.0699992830941483e-08,0.9999999990735449,True
kitti_train,4953,004952.png,2,2,2,False,4.234375003409063e-11,3.200000264769187e-08,0.9999999912515833,True
kitti_train,4954,004953.png,8,8,8,False,4.6093753813813976e-11,3.200000264769187e-08,0.9999999933663254,True
kitti_train,4956,004955.png,5,5,5,False,4.773437201066599e-11,3.590002961573191e-08,0.9999999950677103,True
kitti_train,4957,004956.png,3,3,3,False,4.94531082750882e-11,2.30999717132363e-08,0.9999999946590494,True
kitti_train,4958,004957.png,4,4,4,False,3.335931531012193e-11,3.200000264769187e-08,0.9999999913692377,True
kitti_train,4959,004958.png,4,4,4,False,4.656242058587168e-11,2.6099939987034304e-08,0.9999999918125851,True
kitti_train,4960,004959.png,8,8,8,False,4.8359372062378725e-11,3.200005949111073e-08,0.9999999963393227,True
kitti_train,4961,004960.png,3,3,3,False,4.249999917965708e-11,3.5500022477208404e-08,0.9999999900319845,True
kitti_train,4963,004962.png,7,7,7,False,4.984374718519646e-11,3.700012030094513e-08,0.9999999976987898,True
kitti_train,4964,004963.png,13,13,13,False,4.992184443608494e-11,3.879995347233489e-08,0.9999999951421354,True
kitti_train,4965,004964.png,9,9,9,False,4.500000025386974e-11,3.200000264769187e-08,0.9999999953141779,True
kitti_train,4966,004965.png,15,15,15,False,4.875011505589555e-11,3.730002617885475e-08,0.9999999944080175,True
kitti_train,4967,004966.png,6,6,6,False,4.750000393016762e-11,3.040000251530728e-08,0.9999999974650057,True
kitti_train,4968,004967.png,1,1,1,False,4.3749989742103423e-11,2.799999521130303e-08,0.9999999992049898,True
kitti_train,4969,004968.png,8,8,8,False,4.8906247107627365e-11,4.459997171579744e-08,0.9999999928909946,True
kitti_train,4971,004970.png,4,4,4,False,4.609374687492007e-11,3.200005949111073e-08,0.9999999963418552,True
kitti_train,4972,004971.png,10,10,10,False,4.273437159696414e-11,3.939999260182958e-08,0.9999999948896735,True
kitti_train,4973,004972.png,6,6,6,False,4.8906212413157846e-11,4.219998572807526e-08,0.9999999935990849,True
kitti_train,4974,004973.png,1,1,1,False,4.593750380088579e-11,2.939999887985323e-08,0.9999999979365599,True
kitti_train,4976,004975.png,7,7,7,False,4.578125378795761e-11,3.590002961573191e-08,0.9999999960483856,True
kitti_train,4977,004976.png,2,2,2,False,4.117184371210669e-11,3.929994818463456e-08,0.999999997930943,True
kitti_train,4978,004977.png,3,3,3,False,4.8593748816494475e-11,3.109999990869028e-08,0.9999999928151591,True
kitti_train,4979,004978.png,15,15,15,False,4.921874019458983e-11,3.5899986983167764e-08,0.9999999931019543,True
kitti_train,4980,004979.png,5,5,5,False,4.656253160817414e-11,3.200000264769187e-08,0.9999999962910631,True
kitti_train,4982,004981.png,10,10,10,False,4.992189994723617e-11,3.949998017560574e-08,0.9999999950839654,True
kitti_train,4983,004982.png,6,6,6,False,4.609374687492007e-11,3.920001745427726e-08,0.9999999952398817,True
kitti_train,4986,004985.png,13,13,13,False,4.8593754020664903e-11,3.200000264769187e-08,0.9999999967868067,True
kitti_train,4987,004986.png,1,1,1,False,3.921873936718612e-11,2.2499989427160472e-08,0.9999999983801867,True
kitti_train,4988,004987.png,1,1,1,False,3.843758644705986e-11,3.4200013487861725e-08,0.999999994992861,True
kitti_train,4989,004988.png,3,3,3,False,3.5468752934697534e-11,3.200005949111073e-08,0.9999999958951376,True
kitti_train,4990,004989.png,4,4,4,False,4.8203163682813965e-11,3.670010073619778e-08,0.9999999949112849,True
kitti_train,4991,004990.png,9,9,9,False,4.6250000357295207e-11,4.1600003441999434e-08,0.9999999964109658,True
kitti_train,4994,004993.png,9,9,9,False,4.687500387845489e-11,3.439998863541405e-08,0.9999999957479802,True
kitti_train,4995,004994.png,3,3,3,False,4.8359372062378725e-11,4.080004600837128e-08,0.999999994178264,True
kitti_train,4996,004995.png,4,4,4,False,3.5078162596846596e-11,3.200000264769187e-08,0.9999999941683213,True
kitti_train,4997,004996.png,2,2,2,False,2.9687502456354764e-11,2.509995056243497e-08,0.9999999987583428,True
kitti_train,4998,004997.png,5,5,5,False,4.5156267614032686e-11,2.7599980967352167e-08,0.9999999966843561,True
kitti_train,4999,004998.png,3,3,3,False,4.703124695248917e-11,3.200000264769187e-08,0.9999999857754249,True
kitti_train,5001,005000.png,6,6,6,False,4.8593740142877095e-11,3.110005764028756e-08,0.999999996322073,True
kitti_train,5002,005001.png,3,3,3,False,4.546874682320734e-11,3.200000264769187e-08,0.9999999962568097,True
kitti_train,5003,005002.png,3,3,3,False,3.335942633242439e-11,2.1300003538726742e-08,0.999999998594659,True
kitti_train,5004,005003.png,1,1,1,False,4.343742032730802e-11,2.420000022596014e-08,0.9999999914559683,True
kitti_train,5005,005004.png,3,3,3,False,3.984374635779275e-11,3.200000264769187e-08,0.9999999957204191,True
kitti_train,5006,005005.png,2,2,2,False,4.320321878026334e-11,3.200000264769187e-08,0.9999999975660611,True
kitti_train,5007,005006.png,4,4,4,False,3.906250323204574e-11,3.650001190180774e-08,0.9999999953477654,True
kitti_train,5008,005007.png,1,1,1,False,4.515625373624488e-11,2.8899997062126204e-08,0.9999999988039566,True
kitti_train,5009,005008.png,8,8,8,False,4.796875049950522e-11,3.539992121659452e-08,0.9999999930898241,True
kitti_train,5010,005009.png,1,1,1,False,4.656249691370462e-11,3.599996034608921e-08,0.9999999981527466,True
kitti_train,5011,005010.png,11,11,11,False,4.593749686199189e-11,3.200005949111073e-08,0.9999999929964499,True
kitti_train,5012,005011.png,8,8,8,False,4.7187587171038103e-11,3.200000264769187e-08,0.9999999919060313,True
kitti_train,5013,005012.png,14,14,14,False,4.76562470042019e-11,4.329996272645076e-08,0.9999999926737198,True
kitti_train,5014,005013.png,9,9,9,False,4.5156246797350974e-11,3.9700012166576926e-08,0.9999999955941592,True
kitti_train,5015,005014.png,7,7,7,False,4.328126745889449e-11,3.199994580427301e-08,0.9999999915508883,True
kitti_train,5016,005015.png,3,3,3,False,3.335937082127316e-11,2.1300003538726742e-08,0.9999999963072369,True
kitti_train,5018,005017.png,1,1,1,False,3.000000248221113e-11,2.780001295832335e-08,0.9999999988489009,True
kitti_train,5019,005018.png,6,6,6,False,4.984375412409037e-11,3.200000264769187e-08,0.9999999950880569,True
kitti_train,5020,005019.png,9,9,9,False,4.9999997198124646e-11,4.0900033582147444e-08,0.9999999948744515,True
kitti_train,5021,005020.png,1,1,1,False,4.718747614873564e-11,4.420007826411165e-08,0.9999999957007437,True
kitti_train,5022,005021.png,3,3,3,False,4.984374024630256e-11,3.200000264769187e-08,0.999999982947396,True
kitti_train,5023,005022.png,6,6,6,False,4.734379555060286e-11,3.200005949111073e-08,0.9999999953536566,True
kitti_train,5024,005023.png,7,7,7,False,4.679684417752128e-11,3.200000264769187e-08,0.9999999932634636,True
kitti_train,5025,005024.png,8,8,8,False,4.734376779502725e-11,3.200000264769187e-08,0.9999999972699486,True
kitti_train,5027,005026.png,12,12,12,False,4.7578163631101233e-11,3.380000634933822e-08,0.9999999941923831,True
kitti_train,5028,005027.png,18,18,18,False,4.8593754020664903e-11,4.06000140174001e-08,0.9999999929938017,True
kitti_train,5029,005028.png,3,3,3,False,4.296874661635641e-11,2.7500000499003363e-08,0.9999999948799538,True
kitti_train,5030,005029.png,13,13,13,False,4.9296788873220976e-11,4.5700005557591794e-08,0.9999999911966972,True
kitti_train,5031,005030.png,1,1,1,False,4.593747604531018e-11,2.9399984668998513e-08,0.9999999988142207,True
kitti_train,5033,005032.png,4,4,4,False,4.8281250525361585e-11,4.119999630347593e-08,0.999999995170977,True
kitti_train,5034,005033.png,5,5,5,False,4.4687531453035945e-11,3.610000476328423e-08,0.9999999968667667,True
kitti_train,5035,005034.png,5,5,5,False,4.781249007823618e-11,3.200005949111073e-08,0.9999999947450791,True
kitti_train,5036,005035.png,3,3,3,False,3.890624974967061e-11,2.49000002838784e-08,0.9999999976404768,True
kitti_train,5037,005036.png,6,6,6,False,4.499999678442279e-11,2.8799998830209006e-08,0.9999999960507266,True
kitti_train,5038,005037.png,4,4,4,False,4.734379555060286e-11,3.030004336324055e-08,0.9999999928791248,True
kitti_train,5039,005038.png,9,9,9,False,4.8593795654028327e-11,3.5600066894403426e-08,0.9999999954963531,True
kitti_train,5040,005039.png,5,5,5,False,4.7187503904311257e-11,3.51000153386849e-08,0.9999999953381045,True
kitti_train,5041,005040.png,6,6,6,False,3.4843739005196994e-11,3.200000264769187e-08,0.9999999942998611,True
kitti_train,5042,005041.png,4,4,4,False,4.351558002824163e-11,3.310003648948623e-08,0.9999999927710885,True
kitti_train,5044,005043.png,8,8,8,False,4.8593740142877095e-11,3.730002617885475e-08,0.9999999935606674,True
kitti_train,5045,005044.png,7,7,7,False,4.781247620044837e-11,3.5000027764908737e-08,0.9999999932476029,True
kitti_train,5046,005045.png,7,7,7,False,4.984374024630256e-11,3.200005949111073e-08,0.9999999907167966,True
kitti_train,5047,005046.png,6,6,6,False,4.945316378623943e-11,3.200000264769187e-08,0.9999999939000683,True
kitti_train,5048,005047.png,1,1,1,False,4.750000046072067e-11,3.03999989625936e-08,0.9999999936864251,True
kitti_train,5049,005048.png,3,3,3,False,4.843750053828977e-11,3.100000078859466e-08,0.9999999911670202,True
kitti_train,5050,005049.png,10,10,10,False,4.843750400773672e-11,3.979999974035309e-08,0.9999999962300374,True
kitti_train,5051,005050.png,1,1,1,False,4.31250035681785e-11,2.760000228363424e-08,0.9999999986996939,True
kitti_train,5052,005051.png,4,4,4,False,3.335942633242439e-11,3.200005949111073e-08,0.9999999931305039,True
kitti_train,5053,005052.png,5,5,5,False,4.929689989552344e-11,3.6999978192397975e-08,0.999999997931749,True
kitti_train,5054,005053.png,9,9,9,False,4.7968740091164364e-11,4.010001930510043e-08,0.9999999938625269,True
kitti_train,5055,005054.png,8,8,8,False,4.7578163631101233e-11,3.859997832478257e-08,0.9999999953570318,True
kitti_train,5057,005056.png,9,9,9,False,4.953126797602181e-11,3.2999992072291207e-08,0.9999999929670383,True
kitti_train,5058,005057.png,10,10,10,False,4.984375412409037e-11,3.200000264769187e-08,0.9999999929613775,True
kitti_train,5059,005058.png,10,10,10,False,4.976563605652018e-11,4.089997673872858e-08,0.9999999930905656,True
kitti_train,5060,005059.png,11,11,11,False,4.8984372114091457e-11,4.269992359695607e-08,0.999999987668574,True
kitti_train,5062,005061.png,11,11,11,False,4.4062500176300645e-11,3.200000264769187e-08,0.9999999844334324,True
kitti_train,5063,005062.png,3,3,3,False,3.7812499659173326e-11,3.2300022212439217e-08,0.9999999954043858,True
kitti_train,5064,005063.png,5,5,5,False,4.8125003981880354e-11,3.200000264769187e-08,0.999999993055114,True
kitti_train,5065,005064.png,6,6,6,False,4.9687504111162184e-11,3.18000026311438e-08,0.9999999924789291,True
kitti_train,5067,005066.png,2,2,2,False,3.734379472319915e-11,3.200000264769187e-08,0.9999999917472301,True
kitti_train,5068,005067.png,5,5,5,False,4.750000393016762e-11,3.709999418788357e-08,0.9999999963815319,True
kitti_train,5070,005069.png,8,8,8,False,4.7656253943095805e-11,3.200000264769187e-08,0.9999999923548873,True
kitti_train,5071,005070.png,3,3,3,False,2.70312487671287e-11,1.729999965505158e-08,0.9999999945171617,True
kitti_train,5072,005071.png,6,6,6,False,4.96875318667378e-11,4.480003212847805e-08,0.9999999940314127,True
kitti_train,5073,005072.png,9,9,9,False,4.562500377502943e-11,3.200000264769187e-08,0.9999999943257574,True
kitti_train,5074,005073.png,11,11,11,False,4.9999997198124646e-11,3.539997806001338e-08,0.9999999959990975,True
kitti_train,5076,005075.png,9,9,9,False,4.9687504111162184e-11,4.1600003441999434e-08,0.9999999935862218,True
kitti_train,5077,005076.png,4,4,4,False,4.5000003723316695e-11,3.200000264769187e-08,0.999999997747888,True
kitti_train,5078,005077.png,4,4,4,False,4.953121246487058e-11,3.200005949111073e-08,0.9999999908936122,True
kitti_train,5079,005078.png,4,4,4,False,4.726563584966925e-11,2.939999887985323e-08,0.9999999954163551,True
kitti_train,5080,005079.png,2,2,2,False,4.382816332082484e-11,3.7599988900183234e-08,0.9999999977286862,True
kitti_train,5081,005080.png,4,4,4,False,3.898434353111213e-11,3.200005949111073e-08,0.9999999934048588,True
kitti_train,5082,005081.png,2,2,2,False,4.578125378795761e-11,2.9299997095222352e-08,0.9999999955927024,True
kitti_train,5083,005082.png,12,12,12,False,4.921874019458983e-11,3.749994448298821e-08,0.9999999947935763,True
kitti_train,5084,005083.png,10,10,10,False,4.906249712055555e-11,3.740007059604977e-08,0.9999999949842778,True
kitti_train,5085,005084.png,7,7,7,False,4.906250405944945e-11,3.2800016924738884e-08,0.9999999964338825,True
kitti_train,5086,005085.png,5,5,5,False,4.945321929739066e-11,4.470007297641132e-08,0.9999999963333799,True
kitti_train,5089,005088.png,14,14,14,False,4.859375055121795e-11,4.06000140174001e-08,0.9999999896721532,True
kitti_train,5090,005089.png,6,6,6,False,4.5390580183379825e-11,4.259996444488934e-08,0.999999995755312,True
kitti_train,5091,005090.png,7,7,7,False,5.000000413701855e-11,4.289995558792725e-08,0.9999999982044112,True
kitti_train,5092,005091.png,2,2,2,False,4.8281267872596345e-11,3.0899997227606946e-08,0.9999999990754638,True
kitti_train,5095,005094.png,6,6,6,False,4.843750400773672e-11,4.529999841906829e-08,0.999999994299437,True
kitti_train,5097,005096.png,11,11,11,False,4.843750400773672e-11,3.200000264769187e-08,0.9999999926636695,True
kitti_train,5099,005098.png,14,14,14,False,4.8750004033593086e-11,3.7700033317378256e-08,0.9999999954574775,True
kitti_train,5100,005099.png,5,5,5,False,4.593750380088579e-11,3.200000264769187e-08,0.9999999968636976,True
kitti_train,5101,005100.png,2,2,2,False,4.6093684424874937e-11,3.529999048623722e-08,0.9999999914664345,True
kitti_train,5102,005101.png,4,4,4,False,4.9687504111162184e-11,3.6899990618621814e-08,0.9999999918553206,True
kitti_train,5103,005102.png,11,11,11,False,4.781249007823618e-11,4.050002644362394e-08,0.9999999934543728,True
kitti_train,5104,005103.png,8,8,8,False,4.671875386552671e-11,4.2999971583412844e-08,0.9999999930473005,True
kitti_train,5105,005104.png,10,10,10,False,4.5468753762101244e-11,3.479999577393755e-08,0.9999999961906042,True
kitti_train,5106,005105.png,4,4,4,False,4.33594271598281e-11,4.079998916495242e-08,0.9999999988850975,True
kitti_train,5109,005108.png,3,3,3,False,4.734375391723944e-11,3.930000502805342e-08,0.9999999959694719,True
kitti_train,5111,005110.png,3,3,3,False,4.593750033143884e-11,2.939999887985323e-08,0.9999999903072356,True
kitti_train,5112,005111.png,13,13,13,False,4.8203108171662734e-11,3.600001718950807e-08,0.9999999956190957,True
kitti_train,5114,005113.png,3,3,3,False,4.328125358110668e-11,3.200005949111073e-08,0.9999999956595916,True
kitti_train,5115,005114.png,5,5,5,False,4.6796871933096895e-11,3.200000264769187e-08,0.9999999962968081,True
kitti_train,5116,005115.png,6,6,6,False,4.859376095955881e-11,4.5799993131367955e-08,0.9999999903098074,True
kitti_train,5117,005116.png,10,10,10,False,4.8750000564146134e-11,3.200000264769187e-08,0.9999999932070129,True
kitti_train,5118,005117.png,4,4,4,False,4.734379555060286e-11,3.200000264769187e-08,0.9999999965608724,True
kitti_train,5119,005118.png,1,1,1,False,3.328125275370297e-11,2.1299999986013063e-08,0.9999999988294982,True
kitti_train,5120,005119.png,12,12,12,False,4.757810811995e-11,3.200000264769187e-08,0.9999999960365966,True
kitti_train,5121,005120.png,4,4,4,False,4.484375371038851e-11,3.440004547883291e-08,0.9999999977054334,True
kitti_train,5122,005121.png,1,1,1,False,3.328124928425602e-11,2.1299999986013063e-08,0.9999999981601502,True
kitti_train,5123,005122.png,4,4,4,False,4.937500408530582e-11,3.199994580427301e-08,0.9999999958366335,True
kitti_train,5124,005123.png,5,5,5,False,4.976569156767141e-11,3.540003490343224e-08,0.9999999892785804,True
kitti_train,5125,005124.png,1,1,1,False,4.0468767226187197e-11,2.6599991542752832e-08,0.9999999987495278,True
kitti_train,5126,005125.png,7,7,7,False,4.976563605652018e-11,3.200000264769187e-08,0.9999999934372755,True
kitti_train,5127,005126.png,15,15,15,False,4.9531254098234e-11,3.9100001458791667e-08,0.9999999949449285,True
kitti_train,5129,005128.png,6,6,6,False,4.218758675733625e-11,3.25000542034104e-08,0.9999999978602231,True
kitti_train,5130,005129.png,4,4,4,False,4.4531267562319954e-11,3.199994580427301e-08,0.999999998653008,True
kitti_train,5131,005130.png,1,1,1,False,3.335942633242439e-11,2.1300003538726742e-08,0.9999999985493191,True
kitti_train,5133,005132.png,5,5,5,False,4.796875396895217e-11,3.650001190180774e-08,0.9999999957630312,True
kitti_train,5134,005133.png,7,7,7,False,4.414060783552998e-11,3.200005949111073e-08,0.9999999938986521,True
kitti_train,5135,005134.png,9,9,9,False,4.742189974038524e-11,3.970002637743164e-08,0.9999999958452276,True
kitti_train,5136,005135.png,6,6,6,False,4.906253181502507e-11,3.200005949111073e-08,0.9999999956771987,True
kitti_train,5137,005136.png,5,5,5,False,4.695310806823727e-11,3.200000264769187e-08,0.999999995069804,True
kitti_train,5140,005139.png,4,4,4,False,3.8984371286687747e-11,3.200000264769187e-08,0.9999999962793414,True
kitti_train,5141,005140.png,5,5,5,False,4.906249712055555e-11,3.330001163703855e-08,0.9999999965773536,True
kitti_train,5142,005141.png,2,2,2,False,4.437499673271006e-11,3.200005949111073e-08,0.999999996673904,True
kitti_train,5143,005142.png,1,1,1,False,3.593750297348208e-11,2.9399927825579653e-08,0.9999999986588227,True
kitti_train,5144,005143.png,5,5,5,False,4.710937195895326e-11,3.6299979910836555e-08,0.999999993844908,True
kitti_train,5146,005145.png,13,13,13,False,4.8515635953094716e-11,4.039999623728363e-08,0.9999999966173485,True
kitti_train,5147,005146.png,2,2,2,False,3.984375329668666e-11,3.200000264769187e-08,0.9999999940987209,True
kitti_train,5148,005147.png,1,1,1,False,3.812499968502969e-11,2.4400000242508213e-08,0.9999999972947456,True
kitti_train,5149,005148.png,9,9,9,False,4.9375000615858866e-11,3.200000264769187e-08,0.999999993227862,True
kitti_train,5150,005149.png,7,7,7,False,4.8984372114091457e-11,3.200000264769187e-08,0.9999999949301082,True
kitti_train,5151,005150.png,3,3,3,False,4.4531267562319954e-11,2.760000228363424e-08,0.9999999948699061,True
kitti_train,5152,005151.png,4,4,4,False,4.8750004033593086e-11,4.20999981542991e-08,0.9999999950298216,True
kitti_train,5153,005152.png,7,7,7,False,3.539062098933954e-11,3.200000264769187e-08,0.9999999955553331,True
kitti_train,5154,005153.png,5,5,5,False,4.328121194774326e-11,3.200000264769187e-08,0.9999999936087854,True
kitti_train,5155,005154.png,5,5,5,False,4.453124674563824e-11,3.200000264769187e-08,0.9999999955897793,True
kitti_train,5156,005155.png,4,4,4,False,4.687494836730366e-11,3.549996563378954e-08,0.9999999933432316,True
kitti_train,5157,005156.png,6,6,6,False,4.890626792430908e-11,3.130003278783988e-08,0.9999999974299316,True
kitti_train,5158,005157.png,9,9,9,False,4.453121205116872e-11,3.579998519853689e-08,0.9999999898050252,True
kitti_train,5159,005158.png,4,4,4,False,4.593750033143884e-11,3.200000264769187e-08,0.9999999948738839,True
kitti_train,5160,005159.png,6,6,6,False,4.1718739574037045e-11,3.200000264769187e-08,0.9999999926589749,True
kitti_train,5161,005160.png,13,13,13,False,4.421875365867578e-11,3.200000264769187e-08,0.9999999914773369,True
kitti_train,5162,005161.png,5,5,5,False,4.7656240065308e-11,3.04999971945108e-08,0.9999999971221578,True
kitti_train,5163,005162.png,15,15,15,False,4.9843768001878175e-11,4.219998572807526e-08,0.999999983648362,True
kitti_train,5164,005163.png,7,7,7,False,4.4140691102256824e-11,3.2200006216953625e-08,0.9999999942579069,True
kitti_train,5165,005164.png,7,7,7,False,4.726563584966925e-11,3.470000820016139e-08,0.9999999943878448,True
kitti_train,5166,005165.png,8,8,8,False,4.8671844332659475e-11,3.979999974035309e-08,0.9999999890541338,True
kitti_train,5167,005166.png,8,8,8,False,4.9531254098234e-11,4.269998044037493e-08,0.9999999922554759,True
kitti_train,5168,005167.png,4,4,4,False,4.500000025386974e-11,2.8800000606565845e-08,0.999999995357893,True
kitti_train,5169,005168.png,5,5,5,False,4.859375055121795e-11,3.2900004498515045e-08,0.9999999882884789,True
kitti_train,5170,005169.png,1,1,1,False,4.945316378623943e-11,3.200000264769187e-08,0.9999999956890397,True
kitti_train,5171,005170.png,5,5,5,False,4.7812531711599604e-11,4.2400017719046446e-08,0.9999999983335619,True
kitti_train,5172,005171.png,17,17,17,False,4.976563605652018e-11,3.439996021370462e-08,0.9999999969908298,True
kitti_train,5173,005172.png,2,2,2,False,3.835920470152132e-11,2.1299996433299384e-08,0.9999999959569295,True
kitti_train,5174,005173.png,7,7,7,False,4.992189994723617e-11,3.950000859731517e-08,0.9999999917863801,True
kitti_train,5175,005174.png,7,7,7,False,4.8125003981880354e-11,3.1999995542264514e-08,0.9999999974594794,True
kitti_train,5176,005175.png,4,4,4,False,4.664063579795652e-11,2.15999875763373e-08,0.9999999955620865,True
kitti_train,5177,005176.png,5,5,5,False,4.921874019458983e-11,3.999994646619598e-08,0.9999999974066502,True
kitti_train,5180,005179.png,6,6,6,False,4.953121246487058e-11,3.200005949111073e-08,0.9999999959604453,True
kitti_train,5181,005180.png,6,6,6,False,4.960931665465296e-11,3.859997832478257e-08,0.9999999916960757,True
kitti_train,5182,005181.png,3,3,3,False,3.335942633242439e-11,3.200000264769187e-08,0.9999999958094591,True
kitti_train,5184,005183.png,2,2,2,False,3.7968739263760654e-11,2.2399994747956953e-08,0.9999999960793218,True
kitti_train,5185,005184.png,4,4,4,False,4.203123959989341e-11,3.199994580427301e-08,0.9999999978170937,True
kitti_train,5186,005185.png,6,6,6,False,4.8281250525361585e-11,3.200000264769187e-08,0.9999999967606908,True
kitti_train,5187,005186.png,11,11,11,False,4.8437531763312336e-11,3.780002089115442e-08,0.9999999920066038,True
kitti_train,5188,005187.png,2,2,2,False,3.328126663149078e-11,2.1299968011589954e-08,0.9999999973805386,True
kitti_train,5189,005188.png,6,6,6,False,4.921875060293068e-11,4.349996629571251e-08,0.9999999956416333,True
kitti_train,5190,005189.png,9,9,9,False,4.9296858262160015e-11,3.98000139512078e-08,0.9999999941722718,True
kitti_train,5191,005190.png,11,11,11,False,4.7968740091164364e-11,4.0999964312504744e-08,0.9999999958523156,True
kitti_train,5192,005191.png,12,12,12,False,4.890625057707432e-11,3.680003146655508e-08,0.9999999940790758,True
kitti_train,5193,005192.png,4,4,4,False,4.765621230973238e-11,3.850004759442527e-08,0.9999999932094523,True
kitti_train,5194,005193.png,3,3,3,False,4.625000382674216e-11,3.200000264769187e-08,0.9999999982959268,True
kitti_train,5196,005195.png,3,3,3,False,3.335942633242439e-11,2.7399948976380983e-08,0.9999999904328594,True
kitti_train,5197,005196.png,7,7,7,False,4.4453163372537574e-11,3.6299979910836555e-08,0.9999999894621621,True
kitti_train,5198,005197.png,1,1,1,False,4.8906212413157846e-11,2.7699968541128328e-08,0.9999999881924004,True
kitti_train,5199,005198.png,11,11,11,False,4.8671844332659475e-11,4.3600095978035824e-08,0.9999999891920776,True
kitti_train,5200,005199.png,3,3,3,False,4.734374003945163e-11,3.200000264769187e-08,0.9999999952158116,True
kitti_train,5201,005200.png,6,6,6,False,4.2968753555250316e-11,3.5600010050984565e-08,0.9999999901481795,True
kitti_train,5203,005202.png,3,3,3,False,4.49218717779587e-11,3.200000264769187e-08,0.9999999954251473,True
kitti_train,5204,005203.png,12,12,12,False,4.765621230973238e-11,4.289998400963668e-08,0.9999999937503237,True
kitti_train,5205,005204.png,1,1,1,False,3.335931531012193e-11,2.1299999986013063e-08,0.9999999976870799,True
kitti_train,5206,005205.png,1,1,1,False,3.328115560918832e-11,2.1299968011589954e-08,0.9999999987978719,True
kitti_train,5208,005207.png,3,3,3,False,3.531250292176935e-11,2.2600001869932385e-08,0.9999999929981613,True
kitti_train,5209,005208.png,3,3,3,False,3.531250292176935e-11,2.2600001869932385e-08,0.9999999948007007,True
kitti_train,5210,005209.png,15,15,15,False,4.9531254098234e-11,3.789999780678954e-08,0.9999999893041346,True
kitti_train,5213,005212.png,1,1,1,False,3.328126663149078e-11,2.8199963253427995e-08,0.9999999971640843,True
kitti_train,5214,005213.png,8,8,8,False,4.81250005124334e-11,3.200005949111073e-08,0.9999999939173225,True
kitti_train,5215,005214.png,8,8,8,False,4.781250395602399e-11,3.450003305260907e-08,0.9999999951761964,True
kitti_train,5216,005215.png,2,2,2,False,4.921885121689229e-11,2.510006424927269e-08,0.999999989689294,True
kitti_train,5217,005216.png,12,12,12,False,4.976563605652018e-11,4.5099994849806535e-08,0.999999993092315,True
kitti_train,5218,005217.png,6,6,6,False,4.9062490181661644e-11,4.5700062401010655e-08,0.9999999971816519,True
kitti_train,5220,005219.png,2,2,2,False,4.578125031851066e-11,2.930000064793603e-08,0.9999999949608812,True
kitti_train,5222,005221.png,4,4,4,False,4.093750338718394e-11,3.470000820016139e-08,0.9999999959952743,True
kitti_train,5223,005222.png,3,3,3,False,3.906253098762136e-11,3.240003820792481e-08,0.9999999947478201,True
kitti_train,5224,005223.png,2,2,2,False,3.335942633242439e-11,2.1300003538726742e-08,0.9999999992185102,True
kitti_train,5225,005224.png,1,1,1,False,4.921874019458983e-11,3.1500007935392205e-08,0.9999999991733468,True
kitti_train,5227,005226.png,16,16,16,False,4.8984372114091457e-11,4.660000740841497e-08,0.9999999925988527,True
kitti_train,5228,005227.png,3,3,3,False,4.718747614873564e-11,3.200000264769187e-08,0.9999999957579186,True
kitti_train,5229,005228.png,5,5,5,False,4.437500020215701e-11,2.8399999685291277e-08,0.9999999914846959,True
kitti_train,5230,005229.png,9,9,9,False,4.9531156953719346e-11,4.3600039134616964e-08,0.9999999934012348,True
kitti_train,5231,005230.png,1,1,1,False,3.328126663149078e-11,2.1300024855008814e-08,0.9999999970909169,True
kitti_train,5232,005231.png,1,1,1,False,2.9687502456354764e-11,2.849998281817534e-08,0.99999999920459,True
kitti_train,5233,005232.png,2,2,2,False,4.546875029265429e-11,2.9099998855031117e-08,0.9999999927041952,True
kitti_train,5235,005234.png,7,7,7,False,4.960931665465296e-11,3.199999909497819e-08,0.9999999956319287,True
kitti_train,5236,005235.png,5,5,5,False,4.953126797602181e-11,3.780007773457328e-08,0.9999999889992255,True
kitti_train,5237,005236.png,4,4,4,False,4.906253181502507e-11,2.7600037810771028e-08,0.9999999934248921,True
kitti_train,5238,005237.png,3,3,3,False,4.6718746926632804e-11,3.200000264769187e-08,0.9999999939509947,True
kitti_train,5240,005239.png,8,8,8,False,4.5390580183379825e-11,3.629999412169127e-08,0.999999992571057,True
kitti_train,5241,005240.png,3,3,3,False,4.593750380088579e-11,2.9400002432566907e-08,0.9999999985477384,True
kitti_train,5245,005244.png,4,4,4,False,4.5625000305582475e-11,3.200000264769187e-08,0.9999999963256818,True
kitti_train,5246,005245.png,16,16,16,False,4.9843750654643415e-11,3.200000264769187e-08,0.9999999918762694,True
kitti_train,5247,005246.png,5,5,5,False,4.5703107964811807e-11,3.200000264769187e-08,0.9999999951125346,True
kitti_train,5248,005247.png,7,7,7,False,4.859375055121795e-11,3.109999902051186e-08,0.9999999931474289,True
kitti_train,5249,005248.png,7,7,7,False,4.867195535496194e-11,4.6400032260862645e-08,0.9999999931220179,True
kitti_train,5250,005249.png,4,4,4,False,3.335942633242439e-11,3.200000264769187e-08,0.9999999939732119,True
kitti_train,5251,005250.png,9,9,9,False,4.7812531711599604e-11,4.3000000005122274e-08,0.9999999957228176,True
kitti_train,5252,005251.png,11,11,11,False,4.273437159696414e-11,3.6300036754255416e-08,0.9999999944262948,True
kitti_train,5254,005253.png,10,10,10,False,4.843750053828977e-11,3.200005949111073e-08,0.99999999608728,True
kitti_train,5255,005254.png,2,2,2,False,3.328126663149078e-11,2.1299999986013063e-08,0.9999999985431766,True
kitti_train,5256,005255.png,7,7,7,False,4.8515635953094716e-11,4.4300008994468953e-08,0.9999999957151345,True
kitti_train,5257,005256.png,3,3,3,False,4.828124011702073e-11,3.200000264769187e-08,0.9999999973156503,True
kitti_train,5258,005257.png,4,4,4,False,4.5156250266797926e-11,3.200000264769187e-08,0.9999999955964516,True
kitti_train,5259,005258.png,4,4,4,False,4.734375044779249e-11,3.799999603870674e-08,0.9999999949333943,True
kitti_train,5260,005259.png,6,6,6,False,4.773437201066599e-11,4.329996272645076e-08,0.9999999939559374,True
kitti_train,5261,005260.png,9,9,9,False,4.9843712490726944e-11,3.880001031575375e-08,0.9999999914717032,True
kitti_train,5263,005262.png,1,1,1,False,3.328124928425602e-11,2.179996272388962e-08,0.9999999961111848,True
kitti_train,5264,005263.png,3,3,3,False,4.671875386552671e-11,3.200005949111073e-08,0.9999999982667949,True
kitti_train,5265,005264.png,6,6,6,False,4.359375360696305e-11,3.600001718950807e-08,0.9999999954542099,True
kitti_train,5266,005265.png,5,5,5,False,3.367184309155391e-11,3.200005949111073e-08,0.9999999953367065,True
kitti_train,5268,005267.png,3,3,3,False,4.8281267872596345e-11,4.279996801415109e-08,0.9999999848028769,True
kitti_train,5269,005268.png,2,2,2,False,3.4531252857128436e-11,3.199994580427301e-08,0.9999999942244966,True
kitti_train,5270,005269.png,6,6,6,False,4.617184412580855e-11,2.5699996797357016e-08,0.999999995894922,True
kitti_train,5271,005270.png,2,2,2,False,3.890624974967061e-11,3.200005949111073e-08,0.9999999954074117,True
kitti_train,5273,005272.png,5,5,5,False,4.515625373624488e-11,3.719998176165973e-08,0.9999999941036462,True
kitti_train,5275,005274.png,9,9,9,False,4.7656240065308e-11,4.070000159117626e-08,0.9999999967464243,True
kitti_train,5277,005276.png,7,7,7,False,4.992184443608494e-11,3.539997806001338e-08,0.9999999969104845,True
kitti_train,5278,005277.png,3,3,3,False,4.890625404652127e-11,3.319996721984353e-08,0.9999999962290886,True
kitti_train,5279,005278.png,8,8,8,False,4.398426067808714e-11,3.199994580427301e-08,0.9999999959195416,True
kitti_train,5280,005279.png,2,2,2,False,3.328126663149078e-11,2.1300024855008814e-08,0.9999999981502141,True
kitti_train,5284,005283.png,4,4,4,False,4.656247609702291e-11,3.8899997889529914e-08,0.9999999966499907,True
kitti_train,5285,005284.png,3,3,3,False,4.593749686199189e-11,3.200000264769187e-08,0.9999999964935492,True
kitti_train,5287,005286.png,8,8,8,False,4.382810780967361e-11,3.200000264769187e-08,0.9999999937640871,True
kitti_train,5288,005287.png,8,8,8,False,4.929688601773563e-11,3.25000542034104e-08,0.9999999956764141,True
kitti_train,5289,005288.png,7,7,7,False,4.843750053828977e-11,3.380000634933822e-08,0.9999999939160379,True
kitti_train,5290,005289.png,5,5,5,False,4.9687504111162184e-11,3.200000264769187e-08,0.9999999955557439,True
kitti_train,5291,005290.png,3,3,3,False,4.5468684373162205e-11,4.0999992734214175e-08,0.9999999939350608,True
kitti_train,5292,005291.png,8,8,8,False,4.99219554583874e-11,3.6300036754255416e-08,0.9999999915995983,True
kitti_train,5294,005293.png,3,3,3,False,4.429687172624597e-11,3.200000264769187e-08,0.9999999984890211,True
kitti_train,5295,005294.png,9,9,9,False,4.8125003981880354e-11,4.180009227638948e-08,0.9999999901411784,True
kitti_train,5297,005296.png,2,2,2,False,4.3593746668069144e-11,3.6199992337060394e-08,0.999999993810285,True
kitti_train,5298,005297.png,4,4,4,False,4.218750002116245e-11,3.200005949111073e-08,0.9999999943925599,True
kitti_train,5301,005300.png,7,7,7,False,4.8125003981880354e-11,3.279990323790116e-08,0.9999999937235925,True
kitti_train,5302,005301.png,1,1,1,False,2.7031238358787846e-11,1.90000264410628e-08,0.9999999990454124,True
kitti_train,5303,005302.png,1,1,1,False,3.335942633242439e-11,2.1299999986013063e-08,0.9999999922754786,True
kitti_train,5304,005303.png,2,2,2,False,3.9374999788455156e-11,3.200000264769187e-08,0.9999999930469848,True
kitti_train,5305,005304.png,1,1,1,False,3.328125275370297e-11,2.1300003538726742e-08,0.9999999993766232,True
kitti_train,5306,005305.png,1,1,1,False,4.218750002116245e-11,2.7600037810771028e-08,0.9999999959665878,True
kitti_train,5307,005306.png,7,7,7,False,4.406253140132321e-11,3.669998704936006e-08,0.9999999938125652,True
kitti_train,5308,005307.png,1,1,1,False,3.335942633242439e-11,2.1300003538726742e-08,0.9999999990319891,True
kitti_train,5311,005310.png,3,3,3,False,4.781250395602399e-11,4.480000370676862e-08,0.9999999983076558,True
kitti_train,5312,005311.png,15,15,15,False,4.921874713348373e-11,3.599996034608921e-08,0.9999999940434028,True
kitti_train,5313,005312.png,7,7,7,False,4.656248997481072e-11,3.25999849337677e-08,0.9999999962999016,True
kitti_train,5314,005313.png,4,4,4,False,3.7499989224976105e-11,3.200000264769187e-08,0.9999999985728544,True
kitti_train,5315,005314.png,13,13,13,False,4.81250005124334e-11,3.200000264769187e-08,0.9999999943945046,True
kitti_train,5316,005315.png,4,4,4,False,4.531250374917306e-11,3.7599988900183234e-08,0.9999999951945637,True
kitti_train,5317,005316.png,7,7,7,False,4.9374997146411914e-11,3.940002102353901e-08,0.9999999901414872,True
kitti_train,5318,005317.png,1,1,1,False,3.992195463098369e-11,3.8300072446872946e-08,0.9999999983311381,True
kitti_train,5319,005318.png,8,8,8,False,4.7812500486577036e-11,4.470001613299246e-08,0.9999999960632276,True
kitti_train,5321,005320.png,13,13,13,False,4.76562470042019e-11,3.6300008332545985e-08,0.9999999944708102,True
kitti_train,5322,005321.png,11,11,11,False,4.8125003981880354e-11,3.590000119402248e-08,0.9999999962304951,True
kitti_train,5324,005323.png,2,2,2,False,4.640624690077644e-11,3.200000264769187e-08,0.9999999972835079,True
kitti_train,5325,005324.png,1,1,1,False,2.156250178408925e-11,1.899991275422508e-08,0.9999999996688543,True
kitti_train,5326,005325.png,4,4,4,False,3.335942633242439e-11,3.200005949111073e-08,0.9999999943309312,True
kitti_train,5327,005326.png,8,8,8,False,4.328124664221278e-11,2.839999524439918e-08,0.9999999975258663,True
kitti_train,5328,005327.png,7,7,7,False,4.9687490233374376e-11,3.4200013487861725e-08,0.9999999934310961,True
kitti_train,5330,005329.png,1,1,1,False,3.406250281834389e-11,2.1800001803740088e-08,0.9999999991605611,True
kitti_train,5331,005330.png,6,6,6,False,4.226574645826986e-11,4.010001930510043e-08,0.9999999946448318,True
kitti_train,5332,005331.png,1,1,1,False,3.335931531012193e-11,3.199994580427301e-08,0.9999999963818355,True
kitti_train,5333,005332.png,7,7,7,False,4.9374997146411914e-11,3.200005949111073e-08,0.9999999943370026,True
kitti_train,5334,005333.png,8,8,8,False,4.390621199945599e-11,3.200000264769187e-08,0.9999999941909281,True
kitti_train,5335,005334.png,4,4,4,False,4.125001729082811e-11,3.200005949111073e-08,0.9999999948010937,True
kitti_train,5336,005335.png,4,4,4,False,4.0312499866024254e-11,3.200000264769187e-08,0.999999996115662,True
kitti_train,5337,005336.png,7,7,7,False,4.898448313639392e-11,4.3000000005122274e-08,0.9999999931274342,True
kitti_train,5338,005337.png,3,3,3,False,4.8515580441943484e-11,4.409997700349777e-08,0.9999999982911248,True
kitti_train,5339,005338.png,1,1,1,False,3.625000299933845e-11,3.200005949111073e-08,0.9999999969104355,True
kitti_train,5340,005339.png,4,4,4,False,4.5390580183379825e-11,3.4900040191132575e-08,0.9999999954416338,True
kitti_train,5341,005340.png,5,5,5,False,4.960942767695542e-11,3.200005949111073e-08,0.9999999935599926,True
kitti_train,5345,005344.png,1,1,1,False,4.109374646121822e-11,2.8799945539503824e-08,0.9999999982668765,True
kitti_train,5347,005346.png,3,3,3,False,3.335942633242439e-11,2.6599991542752832e-08,0.9999999966644098,True
kitti_train,5349,005348.png,10,10,10,False,4.937500408530582e-11,4.250003371453204e-08,0.9999999937664276,True
kitti_train,5350,005349.png,3,3,3,False,4.937500408530582e-11,3.160000972002308e-08,0.9999999989667478,True
kitti_train,5352,005351.png,2,2,2,False,3.335942633242439e-11,3.200005949111073e-08,0.9999999988645909,True
kitti_train,5353,005352.png,15,15,15,False,4.890626792430908e-11,4.050002644362394e-08,0.9999999917878744,True
kitti_train,5354,005353.png,2,2,2,False,4.5624948263878196e-11,3.449997620919021e-08,0.9999999955216727,True
kitti_train,5355,005354.png,9,9,9,False,4.968749717226828e-11,3.8499996080076926e-08,0.9999999961504022,True
kitti_train,5356,005355.png,1,1,1,False,3.6874996112157277e-11,2.3599998399959077e-08,0.9999999972086913,True
kitti_train,5357,005356.png,16,16,16,False,4.656253160817414e-11,4.0400038869847776e-08,0.9999999859427567,True
kitti_train,5358,005357.png,6,6,6,False,4.8906212413157846e-11,3.520000291246106e-08,0.9999999946322451,True
kitti_train,5359,005358.png,3,3,3,False,4.5156267614032686e-11,4.169999079373099e-08,0.9999999949742344,True
kitti_train,5360,005359.png,3,3,3,False,3.35936833906203e-11,3.200000264769187e-08,0.99999999618442,True
kitti_train,5361,005360.png,9,9,9,False,4.968750064171523e-11,3.200005949111073e-08,0.9999999935687992,True
kitti_train,5362,005361.png,5,5,5,False,4.8593754020664903e-11,3.469995135674253e-08,0.9999999951325892,True
kitti_train,5363,005362.png,7,7,7,False,4.570321898711427e-11,3.860003516820143e-08,0.9999999922615845,True
kitti_train,5364,005363.png,3,3,3,False,4.062500336132757e-11,3.31000080677768e-08,0.9999999945129338,True
kitti_train,5367,005366.png,12,12,12,False,4.7812531711599604e-11,4.1100008729699766e-08,0.9999999948386923,True
kitti_train,5368,005367.png,7,7,7,False,4.843750400773672e-11,3.199999909497819e-08,0.9999999970347351,True
kitti_train,5369,005368.png,3,3,3,False,4.7812497017130084e-11,4.1099951886280905e-08,0.999999996570348,True
kitti_train,5370,005369.png,2,2,2,False,4.664058028680529e-11,2.4099961137835635e-08,0.9999999985087212,True
kitti_train,5371,005370.png,2,2,2,False,4.937500408530582e-11,3.200000264769187e-08,0.999999990054004,True
kitti_train,5372,005371.png,8,8,8,False,4.960942767695542e-11,4.750000925923814e-08,0.9999999890327105,True
kitti_train,5375,005374.png,4,4,4,False,4.4531267562319954e-11,4.050001223276922e-08,0.9999999965579971,True
kitti_train,5376,005375.png,2,2,2,False,3.382805147111867e-11,2.1299999986013063e-08,0.9999999952632259,True
kitti_train,5379,005378.png,3,3,3,False,4.320316326911211e-11,3.1400020361616043e-08,0.9999999914870327,True
kitti_train,5380,005379.png,7,7,7,False,4.968747635558657e-11,3.6900019040331244e-08,0.9999999965873705,True
kitti_train,5381,005380.png,2,2,2,False,3.328125275370297e-11,2.1299999986013063e-08,0.9999999950422028,True
kitti_train,5382,005381.png,10,10,10,False,4.88281637345267e-11,4.21999288846564e-08,0.9999999960784979,True
kitti_train,5383,005382.png,9,9,9,False,4.5312531504748677e-11,3.2900004498515045e-08,0.9999999960686486,True
kitti_train,5384,005383.png,16,16,16,False,4.992184443608494e-11,3.200005949111073e-08,0.9999999929911562,True
kitti_train,5385,005384.png,6,6,6,False,4.5312531504748677e-11,3.200000264769187e-08,0.9999999948851148,True
kitti_train,5386,005385.png,4,4,4,False,4.7031253891383074e-11,3.0100004266842006e-08,0.9999999962309226,True
kitti_train,5389,005388.png,4,4,4,False,4.968747635558657e-11,3.200005949111073e-08,0.9999999975319376,True
kitti_train,5390,005389.png,4,4,4,False,4.2734316085812907e-11,3.949996596475103e-08,0.9999999969615381,True
kitti_train,5391,005390.png,2,2,2,False,3.328126663149078e-11,2.1300024855008814e-08,0.999999990786145,True
kitti_train,5392,005391.png,12,12,12,False,4.7656253943095805e-11,4.2700001756657e-08,0.9999999953946526,True
kitti_train,5393,005392.png,8,8,8,False,4.9687504111162184e-11,3.9799942896934226e-08,0.9999999936407586,True
kitti_train,5394,005393.png,2,2,2,False,3.328124581480907e-11,2.1299999986013063e-08,0.9999999933064894,True
kitti_train,5395,005394.png,2,2,2,False,3.335931531012193e-11,3.200000264769187e-08,0.9999999948211195,True
kitti_train,5396,005395.png,7,7,7,False,4.9531240220446193e-11,3.439998863541405e-08,0.9999999917710469,True
kitti_train,5398,005397.png,1,1,1,False,4.406247589017198e-11,2.5799998581987893e-08,0.9999999978710216,True
kitti_train,5399,005398.png,6,6,6,False,4.9453136030663813e-11,3.979999974035309e-08,0.9999999957368856,True
kitti_train,5402,005401.png,6,6,6,False,4.968747635558657e-11,4.659997898670554e-08,0.9999999956979762,True
kitti_train,5403,005402.png,1,1,1,False,3.328125275370297e-11,2.1300003538726742e-08,0.9999999992480747,True
kitti_train,5405,005404.png,2,2,2,False,4.484375024094156e-11,3.199994580427301e-08,0.999999994514199,True
kitti_train,5408,005407.png,8,8,8,False,4.914069151595868e-11,3.7000006614107406e-08,0.99999999576293,True
kitti_train,5409,005408.png,11,11,11,False,4.8593754020664903e-11,3.719998176165973e-08,0.9999999963681352,True
kitti_train,5410,005409.png,4,4,4,False,4.296868416631128e-11,3.819997118625906e-08,0.9999999967483852,True
kitti_train,5411,005410.png,8,8,8,False,4.984375412409037e-11,3.2100018643177464e-08,0.9999999961752402,True
kitti_train,5413,005412.png,2,2,2,False,3.335942633242439e-11,2.1299996433299384e-08,0.9999999984044178,True
kitti_train,5414,005413.png,3,3,3,False,4.664063579795652e-11,3.6200020758769824e-08,0.9999999935838289,True
kitti_train,5415,005414.png,9,9,9,False,4.726563584966925e-11,3.479999577393755e-08,0.9999999944051899,True
kitti_train,5416,005415.png,5,5,5,False,4.796874703005827e-11,3.200000264769187e-08,0.9999999950200101,True
kitti_train,5417,005416.png,5,5,5,False,4.101563533254193e-11,2.9499915399355814e-08,0.9999999946170345,True
kitti_train,5418,005417.png,4,4,4,False,4.609373993602617e-11,3.200000264769187e-08,0.9999999951101756,True
kitti_train,5419,005418.png,9,9,9,False,4.875005954474432e-11,3.719998176165973e-08,0.9999999950626698,True
kitti_train,5420,005419.png,12,12,12,False,4.937499974849713e-11,4.119999630347593e-08,0.9999999881885965,True
kitti_train,5421,005420.png,5,5,5,False,4.937494857415459e-11,3.100001322309254e-08,0.999999994612358,True
kitti_train,5422,005421.png,2,2,2,False,4.718736512643318e-11,2.7699968541128328e-08,0.9999999937856486,True
kitti_train,5423,005422.png,1,1,1,False,4.7656240065308e-11,3.04999971945108e-08,0.9999999986253435,True
kitti_train,5424,005423.png,5,5,5,False,4.914063600480745e-11,4.080001758666185e-08,0.999999997900794,True
kitti_train,5426,005425.png,3,3,3,False,4.88281637345267e-11,4.0900033582147444e-08,0.999999994887272,True
kitti_train,5428,005427.png,10,10,10,False,4.968747635558657e-11,3.219999200609891e-08,0.9999999964241497,True
kitti_train,5429,005428.png,5,5,5,False,4.1953163165686647e-11,3.200000264769187e-08,0.999999992662567,True
kitti_train,5430,005429.png,1,1,1,False,4.9687504111162184e-11,3.179999907843012e-08,0.9999999985260835,True
kitti_train,5431,005430.png,8,8,8,False,4.9687504111162184e-11,3.200005949111073e-08,0.9999999968378337,True
kitti_train,5432,005431.png,13,13,13,False,5.000000413701855e-11,4.6499991412929376e-08,0.9999999916815436,True
kitti_train,5433,005432.png,3,3,3,False,4.2343739625749777e-11,3.200000264769187e-08,0.9999999932255986,True
kitti_train,5434,005433.png,9,9,9,False,4.976558054536895e-11,4.7100002120714635e-08,0.9999999912622437,True
kitti_train,5435,005434.png,3,3,3,False,4.992184443608494e-11,3.330001163703855e-08,0.999999998440146,True
kitti_train,5436,005435.png,1,1,1,False,3.335942633242439e-11,3.200005949111073e-08,0.9999999967769144,True
kitti_train,5437,005436.png,13,13,13,False,4.7656267820883613e-11,3.579995677682746e-08,0.9999999955352079,True
kitti_train,5438,005437.png,2,2,2,False,4.648437190724053e-11,2.8100004101361264e-08,0.9999999940022649,True
kitti_train,5439,005438.png,9,9,9,False,4.984374024630256e-11,3.51000153386849e-08,0.9999999970361663,True
kitti_train,5440,005439.png,1,1,1,False,4.5156212102881454e-11,2.2199969862413127e-08,0.9999999984708846,True
kitti_train,5442,005441.png,2,2,2,False,3.468750287005662e-11,2.9399984668998513e-08,0.9999999956934063,True
kitti_train,5443,005442.png,4,4,4,False,4.929689989552344e-11,3.199994580427301e-08,0.9999999959794079,True
kitti_train,5444,005443.png,10,10,10,False,4.953126797602181e-11,3.3500015206300304e-08,0.999999996412693,True
kitti_train,5446,005445.png,1,1,1,False,3.328125275370297e-11,2.4299964707097388e-08,0.9999999993013621,True
kitti_train,5447,005446.png,1,1,1,False,3.328115560918832e-11,2.1299968011589954e-08,0.9999999994092874,True
kitti_train,5448,005447.png,2,2,2,False,4.718753165988687e-11,4.020000687887659e-08,0.9999999867221283,True
kitti_train,5449,005448.png,7,7,7,False,4.968750064171523e-11,3.200000264769187e-08,0.9999999934716177,True
kitti_train,5450,005449.png,8,8,8,False,4.703126776917088e-11,3.6300008332545985e-08,0.999999995793782,True
kitti_train,5451,005450.png,3,3,3,False,4.8125003981880354e-11,3.4300001061637886e-08,0.9999999929576027,True
kitti_train,5453,005452.png,3,3,3,False,4.7578163631101233e-11,4.2400017719046446e-08,0.9999999928919211,True
kitti_train,5454,005453.png,9,9,9,False,4.8750004033593086e-11,4.31999751526746e-08,0.9999999941938122,True
kitti_train,5455,005454.png,6,6,6,False,4.960942767695542e-11,4.490004812396364e-08,0.9999999977397681,True
kitti_train,5456,005455.png,6,6,6,False,4.640625383967034e-11,3.200000264769187e-08,0.9999999965792923,True
kitti_train,5457,005456.png,1,1,1,False,3.328115560918832e-11,2.1299968011589954e-08,0.9999999991944097,True
kitti_train,5458,005457.png,5,5,5,False,4.953126797602181e-11,4.200001058052294e-08,0.9999999908509922,True
kitti_train,5459,005458.png,3,3,3,False,4.8750000564146134e-11,3.2200034638663055e-08,0.9999999967932104,True
kitti_train,5460,005459.png,4,4,4,False,4.703125042193612e-11,3.010000071412833e-08,0.9999999944267325,True
kitti_train,5461,005460.png,2,2,2,False,4.8281250525361585e-11,3.200000264769187e-08,0.9999999901972377,True
kitti_train,5462,005461.png,8,8,8,False,4.203125347768122e-11,3.200000264769187e-08,0.9999999964590792,True
kitti_train,5463,005462.png,2,2,2,False,4.9531240220446193e-11,4.5099909584678244e-08,0.999999992576987,True
kitti_train,5465,005464.png,4,4,4,False,4.8515635953094716e-11,3.5600010050984565e-08,0.9999999962049324,True
kitti_train,5466,005465.png,7,7,7,False,4.9453122152876006e-11,3.579998519853689e-08,0.9999999963849275,True
kitti_train,5468,005467.png,8,8,8,False,4.914080253826114e-11,3.9099973037082236e-08,0.9999999934142836,True
kitti_train,5469,005468.png,3,3,3,False,4.03124963965773e-11,2.5799998581987893e-08,0.9999999959420703,True
kitti_train,5470,005469.png,8,8,8,False,4.796875049950522e-11,3.6999949770688545e-08,0.9999999907492988,True
kitti_train,5471,005470.png,2,2,2,False,4.593747604531018e-11,3.5499994055498973e-08,0.9999999952085267,True
kitti_train,5472,005471.png,2,2,2,False,3.335942633242439e-11,2.1300024855008814e-08,0.9999999956013722,True
kitti_train,5473,005472.png,11,11,11,False,4.953125062878705e-11,3.579998519853689e-08,0.9999999962787811,True
kitti_train,5474,005473.png,6,6,6,False,4.76562470042019e-11,3.5499994055498973e-08,0.9999999813658277,True
kitti_train,5475,005474.png,2,2,2,False,4.656253160817414e-11,2.769999696283776e-08,0.9999999866434638,True
kitti_train,5476,005475.png,2,2,2,False,4.2499996577571864e-11,3.180002750013955e-08,0.9999999934622175,True
kitti_train,5478,005477.png,2,2,2,False,3.328126663149078e-11,2.160004441975616e-08,0.9999999929882022,True
kitti_train,5479,005478.png,4,4,4,False,3.9296677023514803e-11,3.6900019040331244e-08,0.9999999915321129,True
kitti_train,5480,005479.png,8,8,8,False,4.664063579795652e-11,3.9099973037082236e-08,0.9999999946399311,True
kitti_train,5481,005480.png,7,7,7,False,4.859375055121795e-11,4.349999471742194e-08,0.9999999956224587,True
kitti_train,5484,005483.png,2,2,2,False,4.2734316085812907e-11,2.2599977000936633e-08,0.9999999939338704,True
kitti_train,5485,005484.png,3,3,3,False,4.437499673271006e-11,3.200005949111073e-08,0.999999993929611,True
kitti_train,5486,005485.png,3,3,3,False,4.1796899274970656e-11,3.4899983347713714e-08,0.9999999957322052,True
kitti_train,5488,005487.png,8,8,8,False,4.578125378795761e-11,3.200005949111073e-08,0.9999999960635322,True
kitti_train,5489,005488.png,13,13,13,False,4.57812399101698e-11,3.200005949111073e-08,0.9999999978604768,True
kitti_train,5491,005490.png,3,3,3,False,4.8281267872596345e-11,3.6899990618621814e-08,0.999999998022971,True
kitti_train,5492,005491.png,1,1,1,False,3.585942653927532e-11,3.199994580427301e-08,0.9999999958137278,True
kitti_train,5493,005492.png,7,7,7,False,4.7265746871971714e-11,4.410003384691663e-08,0.9999999955438912,True
kitti_train,5494,005493.png,3,3,3,False,3.328126663149078e-11,2.1300024855008814e-08,0.9999999970204264,True
kitti_train,5495,005494.png,4,4,4,False,4.062499642243367e-11,3.200000264769187e-08,0.9999999972019278,True
kitti_train,5496,005495.png,7,7,7,False,4.8671844332659475e-11,4.4999978854320943e-08,0.9999999895991296,True
kitti_train,5497,005496.png,10,10,10,False,4.796876784673998e-11,3.200000264769187e-08,0.9999999955013722,True
kitti_train,5498,005497.png,1,1,1,False,3.195299580482924e-11,2.579997726570582e-08,0.9999999988242988,True
kitti_train,5499,005498.png,9,9,9,False,4.828125399480854e-11,4.289995558792725e-08,0.9999999900089975,True
kitti_train,5500,005499.png,8,8,8,False,4.992184443608494e-11,3.1999997318621354e-08,0.9999999925794283,True
kitti_train,5501,005500.png,6,6,6,False,4.773426098836353e-11,4.46999592895736e-08,0.9999999947009627,True
kitti_train,5503,005502.png,1,1,1,False,3.335942633242439e-11,2.1299999986013063e-08,0.999999996413834,True
kitti_train,5504,005503.png,5,5,5,False,4.664069130910775e-11,3.199994580427301e-08,0.9999999952312231,True
kitti_train,5505,005504.png,4,4,4,False,4.593747604531018e-11,3.3699905088724336e-08,0.9999999967823098,True
kitti_train,5506,005505.png,7,7,7,False,4.843750400773672e-11,4.490001970225421e-08,0.9999999957717912,True
kitti_train,5508,005507.png,6,6,6,False,3.8125003154476644e-11,3.200000264769187e-08,0.9999999961362656,True
kitti_train,5509,005508.png,8,8,8,False,3.687500305105118e-11,3.11000007968687e-08,0.9999999916476338,True
kitti_train,5510,005509.png,1,1,1,False,4.328124664221278e-11,2.769999696283776e-08,0.9999999983332792,True
kitti_train,5512,005511.png,6,6,6,False,4.8671899843810706e-11,3.979999974035309e-08,0.9999999932860245,True
kitti_train,5513,005512.png,5,5,5,False,4.601563574624379e-11,3.200005949111073e-08,0.9999999938771774,True
kitti_train,5515,005514.png,6,6,6,False,4.718749696541735e-11,3.200000264769187e-08,0.9999999970178209,True
kitti_train,5517,005516.png,15,15,15,False,4.984374024630256e-11,4.529999841906829e-08,0.9999999910557723,True
kitti_train,5518,005517.png,4,4,4,False,4.968749717226828e-11,3.200000264769187e-08,0.9999999887977402,True
kitti_train,5519,005518.png,2,2,2,False,3.437500284420025e-11,3.200000264769187e-08,0.9999999924295859,True
kitti_train,5520,005519.png,5,5,5,False,4.898434435851584e-11,3.200000264769187e-08,0.9999999962720354,True
kitti_train,5521,005520.png,1,1,1,False,4.343748971624706e-11,2.7799998747468635e-08,0.9999999980727636,True
kitti_train,5522,005521.png,1,1,1,False,4.3437503594034865e-11,3.0199998946045525e-08,0.9999999982144334,True
kitti_train,5524,005523.png,8,8,8,False,4.88281637345267e-11,4.320003199609346e-08,0.9999999946497955,True
kitti_train,5525,005524.png,7,7,7,False,4.8593754020664903e-11,3.470000820016139e-08,0.9999999935135613,True
kitti_train,5526,005525.png,2,2,2,False,4.953124889406357e-11,3.200000264769187e-08,0.9999999900499629,True
kitti_train,5527,005526.png,1,1,1,False,4.046873947061158e-11,3.80999836124829e-08,0.9999999987970172,True
kitti_train,5528,005527.png,3,3,3,False,4.1718795085188276e-11,3.200000264769187e-08,0.9999999969373317,True
kitti_train,5529,005528.png,9,9,9,False,4.95312471593401e-11,3.7599988900183234e-08,0.9999999951615522,True
kitti_train,5530,005529.png,3,3,3,False,3.328126663149078e-11,2.1300024855008814e-08,0.9999999949762256,True
kitti_train,5531,005530.png,11,11,11,False,4.9062490181661644e-11,3.1699993741085564e-08,0.9999999966382781,True
kitti_train,5532,005531.png,3,3,3,False,4.718753165988687e-11,3.51000153386849e-08,0.9999999969507345,True
kitti_train,5534,005533.png,3,3,3,False,3.796874620265456e-11,3.369999035385263e-08,0.9999999960453796,True
kitti_train,5535,005534.png,7,7,7,False,4.2968753555250316e-11,3.200005949111073e-08,0.9999999954978983,True
kitti_train,5536,005535.png,2,2,2,False,4.648437190724053e-11,4.340000714364578e-08,0.9999999932791835,True
kitti_train,5538,005537.png,12,12,12,False,4.9921733413782476e-11,4.480003212847805e-08,0.9999999950990183,True
kitti_train,5539,005538.png,2,2,2,False,3.585942653927532e-11,3.199994580427301e-08,0.9999999954758185,True
kitti_train,5540,005539.png,5,5,5,False,4.9687504111162184e-11,3.200005949111073e-08,0.9999999974662336,True
kitti_train,5542,005541.png,6,6,6,False,4.8125003981880354e-11,3.269997250754386e-08,0.9999999937973442,True
kitti_train,5544,005543.png,2,2,2,False,4.1718739574037045e-11,3.660002789729333e-08,0.9999999959333775,True
kitti_train,5545,005544.png,7,7,7,False,4.828125399480854e-11,3.200005949111073e-08,0.9999999947730348,True
kitti_train,5546,005545.png,6,6,6,False,4.656249691370462e-11,2.9799998912949377e-08,0.999999997627657,True
kitti_train,5548,005547.png,2,2,2,False,4.859376789845271e-11,3.200000264769187e-08,0.9999999967312564,True
kitti_train,5549,005548.png,1,1,1,False,3.335942633242439e-11,3.200000264769187e-08,0.999999997973656,True
kitti_train,5550,005549.png,2,2,2,False,3.945310744768449e-11,3.200000264769187e-08,0.999999992647103,True
kitti_train,5551,005550.png,1,1,1,False,2.6093748689559604e-11,1.6699999605407356e-08,0.9999999987751845,True
kitti_train,5553,005552.png,13,13,13,False,4.843750400773672e-11,3.200000264769187e-08,0.9999999956925701,True
kitti_train,5554,005553.png,8,8,8,False,4.8437497068842816e-11,4.269998044037493e-08,0.9999999895034538,True
kitti_train,5555,005554.png,2,2,2,False,3.5312530677344967e-11,2.6300000399714918e-08,0.9999999972968561,True
kitti_train,5557,005556.png,7,7,7,False,4.749999699127372e-11,3.339999921081471e-08,0.9999999954120202,True
kitti_train,5558,005557.png,7,7,7,False,4.968749717226828e-11,4.2699994651229645e-08,0.9999999958321935,True
kitti_train,5559,005558.png,4,4,4,False,4.921874019458983e-11,3.609994791986537e-08,0.9999999930353349,True
kitti_train,5560,005559.png,1,1,1,False,2.999998860442332e-11,1.9199994483187766e-08,0.9999999993686609,True
kitti_train,5561,005560.png,8,8,8,False,4.710942747010449e-11,3.200000264769187e-08,0.9999999877918965,True
kitti_train,5563,005562.png,3,3,3,False,4.7187503904311257e-11,3.0199998946045525e-08,0.9999999934013336,True
kitti_train,5564,005563.png,2,2,2,False,3.335931531012193e-11,3.200000264769187e-08,0.9999999946467273,True
kitti_train,5565,005564.png,6,6,6,False,4.8593754020664903e-11,3.11000007968687e-08,0.9999999965919253,True
kitti_train,5566,005565.png,3,3,3,False,4.781250395602399e-11,3.200005949111073e-08,0.9999999960906724,True
kitti_train,5567,005566.png,4,4,4,False,3.7890635073978274e-11,3.200000264769187e-08,0.9999999942135408,True
kitti_train,5568,005567.png,1,1,1,False,3.921873936718612e-11,3.459996378296637e-08,0.9999999977379496,True
kitti_train,5569,005568.png,18,18,18,False,4.8593795654028327e-11,3.980005658377195e-08,0.9999999911793563,True
kitti_train,5571,005570.png,7,7,7,False,4.984374718519646e-11,3.879989662891603e-08,0.9999999963311127,True
kitti_train,5572,005571.png,8,8,8,False,4.367195494126008e-11,3.31000080677768e-08,0.9999999926171589,True
kitti_train,5573,005572.png,7,7,7,False,4.31250035681785e-11,3.200000264769187e-08,0.999999994849406,True
kitti_train,5575,005574.png,5,5,5,False,4.9687504111162184e-11,4.35999822911981e-08,0.9999999935840214,True
kitti_train,5576,005575.png,6,6,6,False,4.367195494126008e-11,3.459999398103264e-08,0.9999999955405809,True
kitti_train,5577,005576.png,3,3,3,False,4.843750400773672e-11,3.399998149689054e-08,0.9999999964900432,True
kitti_train,5578,005577.png,4,4,4,False,4.1250003413040304e-11,3.4300029483347316e-08,0.9999999962799383,True
kitti_train,5579,005578.png,11,11,11,False,4.906249712055555e-11,4.199989689368522e-08,0.9999999963917656,True
kitti_train,5580,005579.png,9,9,9,False,4.921874019458983e-11,3.270002935096272e-08,0.9999999918241392,True
kitti_train,5581,005580.png,10,10,10,False,4.625000382674216e-11,3.200000264769187e-08,0.999999993417557,True
kitti_train,5583,005582.png,3,3,3,False,4.703121225801965e-11,4.5099994849806535e-08,0.9999999895513202,True
kitti_train,5584,005583.png,6,6,6,False,4.2812503542322133e-11,3.200000264769187e-08,0.9999999964957854,True
kitti_train,5585,005584.png,1,1,1,False,3.335931531012193e-11,2.6799995112014585e-08,0.999999993007352,True
kitti_train,5586,005585.png,5,5,5,False,4.429684397067035e-11,3.8999985463306075e-08,0.9999999980596522,True
kitti_train,5587,005586.png,4,4,4,False,4.2343739625749777e-11,3.200005949111073e-08,0.9999999946806039,True
kitti_train,5588,005587.png,3,3,3,False,4.484375371038851e-11,3.2599999144622416e-08,0.9999999955886879,True
kitti_train,5589,005588.png,9,9,9,False,4.8515635953094716e-11,3.200005949111073e-08,0.9999999960264018,True
kitti_train,5590,005589.png,7,7,7,False,4.953126797602181e-11,4.689997012974345e-08,0.9999999963996945,True
kitti_train,5591,005590.png,3,3,3,False,3.640626689005444e-11,2.519999497962999e-08,0.9999999982026205,True
kitti_train,5592,005591.png,7,7,7,False,4.890624016873346e-11,3.2799988503029454e-08,0.9999999957002553,True
kitti_train,5593,005592.png,2,2,2,False,4.367195494126008e-11,3.6199992337060394e-08,0.9999999951305681,True
kitti_train,5595,005594.png,7,7,7,False,4.8984261091788994e-11,3.810004045590176e-08,0.9999999938189014,True
kitti_train,5597,005596.png,3,3,3,False,4.890626792430908e-11,3.749997290469764e-08,0.9999999926162612,True
kitti_train,5598,005597.png,1,1,1,False,2.0312501680663786e-11,1.8100024590239627e-08,0.9999999983758117,True
kitti_train,5599,005598.png,13,13,13,False,4.8906247107627365e-11,3.9600024592800764e-08,0.9999999951689552,True
kitti_train,5600,005599.png,6,6,6,False,4.968747635558657e-11,3.2300022212439217e-08,0.9999999961322151,True
kitti_train,5601,005600.png,4,4,4,False,4.406253140132321e-11,3.2800016924738884e-08,0.9999999948261432,True
kitti_train,5602,005601.png,1,1,1,False,4.5625000305582475e-11,2.9200000639661994e-08,0.9999999965041411,True
kitti_train,5603,005602.png,8,8,8,False,4.968750064171523e-11,3.200005949111073e-08,0.9999999931733121,True
kitti_train,5604,005603.png,2,2,2,False,4.1406211792605063e-11,3.8300015603454085e-08,0.999999989279331,True
kitti_train,5607,005606.png,5,5,5,False,4.867195535496194e-11,4.6400032260862645e-08,0.9999999930964412,True
kitti_train,5608,005607.png,2,2,2,False,4.250000351646577e-11,3.880001031575375e-08,0.9999999940528206,True
kitti_train,5610,005609.png,11,11,11,False,4.8750004033593086e-11,4.659997898670554e-08,0.9999999965675705,True
kitti_train,5611,005610.png,6,6,6,False,4.343747583845925e-11,3.200000264769187e-08,0.999999996613211,True
kitti_train,5612,005611.png,1,1,1,False,3.328124928425602e-11,2.1299999986013063e-08,0.9999999981570388,True
kitti_train,5613,005612.png,5,5,5,False,4.929689989552344e-11,3.540003490343224e-08,0.9999999865203876,True
kitti_train,5614,005613.png,5,5,5,False,4.874997627801747e-11,3.199994580427301e-08,0.999999992631779,True
kitti_train,5616,005615.png,3,3,3,False,4.406253140132321e-11,3.859997832478257e-08,0.9999999952226336,True
kitti_train,5619,005618.png,7,7,7,False,4.898448313639392e-11,3.990004415754811e-08,0.9999999955260134,True
kitti_train,5621,005620.png,7,7,7,False,4.4531253684532146e-11,3.200000264769187e-08,0.9999999937484176,True
kitti_train,5622,005621.png,7,7,7,False,4.7656253943095805e-11,3.440004547883291e-08,0.9999999923839501,True
kitti_train,5623,005622.png,9,9,9,False,4.8125003981880354e-11,4.290001243134611e-08,0.9999999943338377,True
kitti_train,5624,005623.png,7,7,7,False,4.8984372114091457e-11,3.200005949111073e-08,0.9999999947908409,True
kitti_train,5625,005624.png,5,5,5,False,4.742184422923401e-11,3.269997250754386e-08,0.9999999918909056,True
kitti_train,5626,005625.png,17,17,17,False,4.921875060293068e-11,3.8000010249561456e-08,0.999999992477569,True
kitti_train,5627,005626.png,5,5,5,False,4.999989311471609e-11,3.200000264769187e-08,0.9999999930373485,True
kitti_train,5629,005628.png,11,11,11,False,4.781247620044837e-11,4.280002485756995e-08,0.9999999958426802,True
kitti_train,5630,005629.png,4,4,4,False,4.031247557989559e-11,3.200005949111073e-08,0.9999999986521332,True
kitti_train,5631,005630.png,8,8,8,False,4.9765608300944564e-11,3.200000264769187e-08,0.9999999964621714,True
kitti_train,5633,005632.png,10,10,10,False,4.890624016873346e-11,4.130001229896152e-08,0.9999999953412155,True
kitti_train,5634,005633.png,8,8,8,False,4.734374003945163e-11,4.320008883951232e-08,0.9999999927542633,True
kitti_train,5635,005634.png,7,7,7,False,4.632816352767577e-11,3.9700069009995786e-08,0.9999999949915812,True
kitti_train,5636,005635.png,5,5,5,False,4.929689989552344e-11,2.960000244911498e-08,0.9999999873323568,True
kitti_train,5637,005636.png,6,6,6,False,4.578125378795761e-11,3.200005949111073e-08,0.9999999955953173,True
kitti_train,5638,005637.png,1,1,1,False,2.9374995491604494e-11,2.6999998681276338e-08,0.9999999985595128,True
kitti_train,5639,005638.png,2,2,2,False,4.187499652585913e-11,3.749998711555236e-08,0.9999999951459324,True
kitti_train,5640,005639.png,9,9,9,False,4.81250005124334e-11,3.779996404773556e-08,0.9999999932840702,True
kitti_train,5641,005640.png,4,4,4,False,4.64843163960893e-11,4.1799978589551756e-08,0.9999999887677207,True
kitti_train,5642,005641.png,2,2,2,False,3.335942633242439e-11,3.200000264769187e-08,0.9999999968015747,True
kitti_train,5643,005642.png,4,4,4,False,4.015626720033083e-11,2.1300024855008814e-08,0.999999994225606,True
kitti_train,5644,005643.png,5,5,5,False,4.249997576089015e-11,3.8399974755520816e-08,0.9999999929996963,True
kitti_train,5645,005644.png,2,2,2,False,4.8671844332659475e-11,3.200000264769187e-08,0.9999999886270728,True
kitti_train,5646,005645.png,6,6,6,False,4.8046899792097975e-11,3.790000846493058e-08,0.9999999953038737,True
kitti_train,5647,005646.png,5,5,5,False,4.414058007995436e-11,4.080000337580714e-08,0.9999999942123042,True
kitti_train,5648,005647.png,1,1,1,False,4.640621220630692e-11,4.120005314689479e-08,0.9999999978112926,True
kitti_train,5649,005648.png,13,13,13,False,4.968747635558657e-11,4.489993443712592e-08,0.99999999829976,True
kitti_train,5650,005649.png,3,3,3,False,3.335942633242439e-11,3.199994580427301e-08,0.99999999605637,True
kitti_train,5651,005650.png,3,3,3,False,4.2031250008234267e-11,3.200000264769187e-08,0.9999999965666144,True
kitti_train,5652,005651.png,2,2,2,False,3.625011402164091e-11,3.300010575912893e-08,0.9999999983772968,True
kitti_train,5653,005652.png,8,8,8,False,4.851552493079225e-11,4.089997673872858e-08,0.9999999946260575,True
kitti_train,5654,005653.png,4,4,4,False,4.578125031851066e-11,4.390005869936431e-08,0.9999999914998288,True
kitti_train,5655,005654.png,12,12,12,False,4.968747635558657e-11,4.5700005557591794e-08,0.9999999939434048,True
kitti_train,5657,005656.png,3,3,3,False,4.539069120568229e-11,4.060007086081896e-08,0.9999999931660911,True
kitti_train,5658,005657.png,2,2,2,False,3.624994748818722e-11,2.1300024855008814e-08,0.99999999568502,True
kitti_train,5659,005658.png,3,3,3,False,3.335931531012193e-11,3.200000264769187e-08,0.9999999959863535,True
kitti_train,5661,005660.png,7,7,7,False,3.8125003154476644e-11,3.3600031201785896e-08,0.9999999948800602,True
kitti_train,5662,005661.png,14,14,14,False,4.640621220630692e-11,4.1000021155923605e-08,0.9999999962843868,True
kitti_train,5663,005662.png,2,2,2,False,3.335942633242439e-11,3.200000264769187e-08,0.9999999924502008,True
kitti_train,5664,005663.png,21,21,21,False,4.8593795654028327e-11,3.8900054732948774e-08,0.9999999917068102,True
kitti_train,5665,005664.png,7,7,7,False,4.351574656169532e-11,3.200000264769187e-08,0.9999999961144758,True
kitti_train,5666,005665.png,10,10,10,False,4.960937216580419e-11,4.6400032260862645e-08,0.9999999900298958,True
kitti_train,5667,005666.png,10,10,10,False,4.953125062878705e-11,4.4499984142021276e-08,0.9999999816361093,True
kitti_train,5668,005667.png,6,6,6,False,4.7890691412533215e-11,3.530004732965608e-08,0.9999999943433259,True
kitti_train,5669,005668.png,8,8,8,False,4.515625373624488e-11,3.209999022146803e-08,0.9999999956767851,True
kitti_train,5671,005670.png,4,4,4,False,4.374999668099733e-11,3.240000978621538e-08,0.9999999975923662,True
kitti_train,5674,005673.png,3,3,3,False,4.429684397067035e-11,2.7799998747468635e-08,0.9999999935093083,True
kitti_train,5675,005674.png,16,16,16,False,4.953126797602181e-11,4.3700083551811986e-08,0.9999999925715094,True
kitti_train,5676,005675.png,6,6,6,False,4.562500377502943e-11,3.219999200609891e-08,0.9999999920095058,True
kitti_train,5677,005676.png,2,2,2,False,3.328132214264201e-11,2.1300024855008814e-08,0.9999999971697315,True
kitti_train,5678,005677.png,7,7,7,False,4.773431649951476e-11,3.209999022146803e-08,0.9999999956933167,True
kitti_train,5679,005678.png,2,2,2,False,4.898442762524269e-11,2.5099996747712794e-08,0.9999999949015559,True
kitti_train,5680,005679.png,2,2,2,False,4.03124963965773e-11,3.600001718950807e-08,0.9999999940949664,True
kitti_train,5681,005680.png,9,9,9,False,4.7812531711599604e-11,4.489999128054478e-08,0.9999999952511025,True
kitti_train,5683,005682.png,15,15,15,False,4.960937216580419e-11,4.3099987578898435e-08,0.9999999911888655,True
kitti_train,5684,005683.png,1,1,1,False,3.5156266786628976e-11,2.2500003638015187e-08,0.9999999991669526,True
kitti_train,5688,005687.png,7,7,7,False,4.4687475941884713e-11,4.149995902480441e-08,0.9999999960682102,True
kitti_train,5689,005688.png,5,5,5,False,4.968749717226828e-11,3.4999999343199306e-08,0.999999994735112,True
kitti_train,5692,005691.png,14,14,14,False,4.2968753555250316e-11,3.200005949111073e-08,0.9999999942202796,True
kitti_train,5693,005692.png,14,14,14,False,4.874999015580528e-11,4.119999630347593e-08,0.9999999955828675,True
kitti_train,5694,005693.png,7,7,7,False,3.890625321911756e-11,3.200000264769187e-08,0.9999999961554826,True
kitti_train,5695,005694.png,3,3,3,False,4.914063600480745e-11,4.079993232153356e-08,0.9999999945004165,True
kitti_train,5696,005695.png,11,11,11,False,4.6562503852598525e-11,3.780002089115442e-08,0.9999999957855482,True
kitti_train,5697,005696.png,9,9,9,False,4.8593747081771e-11,3.80999836124829e-08,0.999999990910615,True
kitti_train,5698,005697.png,4,4,4,False,4.31250035681785e-11,3.7400003094489875e-08,0.9999999961233427,True
kitti_train,5699,005698.png,3,3,3,False,4.718742063758441e-11,4.0999964312504744e-08,0.9999999950776972,True
kitti_train,5700,005699.png,1,1,1,False,4.3750001885167755e-11,2.800000054037355e-08,0.9999999888588192,True
kitti_train,5703,005702.png,1,1,1,False,4.7812500486577036e-11,3.060000253185535e-08,0.9999999943315576,True
kitti_train,5704,005703.png,3,3,3,False,3.5000002895912985e-11,3.1999995542264514e-08,0.9999999976907501,True
kitti_train,5705,005704.png,5,5,5,False,4.7187500434864305e-11,3.7599988900183234e-08,0.9999999930112755,True
kitti_train,5706,005705.png,7,7,7,False,4.945321929739066e-11,4.470007297641132e-08,0.9999999947220072,True
kitti_train,5707,005706.png,4,4,4,False,4.703125042193612e-11,3.010000071412833e-08,0.9999999921601,True
kitti_train,5708,005707.png,5,5,5,False,4.640632322860938e-11,3.110002921857813e-08,0.9999999944556553,True
kitti_train,5709,005708.png,3,3,3,False,4.976563605652018e-11,4.5099909584678244e-08,0.9999999946156355,True
kitti_train,5710,005709.png,4,4,4,False,4.8125003981880354e-11,3.200000264769187e-08,0.9999999936135472,True
kitti_train,5711,005710.png,2,2,2,False,4.328125011165973e-11,2.7700000515551437e-08,0.9999999941438541,True
kitti_train,5713,005712.png,4,4,4,False,4.328125011165973e-11,3.4300001061637886e-08,0.9999999939817052,True
kitti_train,5715,005714.png,11,11,11,False,4.757810811995e-11,3.8899997889529914e-08,0.9999999968130661,True
kitti_train,5716,005715.png,2,2,2,False,4.984374718519646e-11,3.1899999086704156e-08,0.9999999907401625,True
kitti_train,5717,005716.png,4,4,4,False,4.921875060293068e-11,3.200000264769187e-08,0.9999999958350347,True
kitti_train,5718,005717.png,9,9,9,False,4.656250038315157e-11,3.3500043628009735e-08,0.9999999958910879,True
kitti_train,5719,005718.png,9,9,9,False,4.7656323332034844e-11,3.399998149689054e-08,0.9999999894887757,True
kitti_train,5720,005719.png,7,7,7,False,4.7656250473648853e-11,4.31999751526746e-08,0.9999999912327654,True
kitti_train,5721,005720.png,5,5,5,False,4.9531156953719346e-11,3.309992280264851e-08,0.9999999913992879,True
kitti_train,5722,005721.png,7,7,7,False,4.8750004033593086e-11,3.350002941715502e-08,0.9999999948747489,True
kitti_train,5723,005722.png,6,6,6,False,4.351563553939286e-11,3.7000006614107406e-08,0.9999999957052136,True
kitti_train,5725,005724.png,1,1,1,False,8.124986794477707e-12,6.9000520852569025e-09,0.9999999996623332,True
kitti_train,5727,005726.png,1,1,1,False,3.328126663149078e-11,2.1300024855008814e-08,0.9999999960921979,True
kitti_train,5730,005729.png,12,12,12,False,4.8750004033593086e-11,3.529999048623722e-08,0.9999999962929562,True
kitti_train,5731,005730.png,7,7,7,False,4.4218746719781876e-11,2.829999701248198e-08,0.9999999951994564,True
kitti_train,5732,005731.png,1,1,1,False,3.335931531012193e-11,2.1299996433299384e-08,0.999999998926001,True
kitti_train,5733,005732.png,11,11,11,False,4.984375412409037e-11,3.320002406326239e-08,0.9999999911366083,True
kitti_train,5734,005733.png,3,3,3,False,4.7656240065308e-11,3.199998843683716e-08,0.9999999965960403,True
kitti_train,5735,005734.png,5,5,5,False,4.570316347596304e-11,3.200000264769187e-08,0.9999999959397384,True
kitti_train,5736,005735.png,1,1,1,False,3.718747532133193e-11,2.569998969192966e-08,0.99999999862891,True
kitti_train,5738,005737.png,7,7,7,False,4.906253181502507e-11,4.620005711331032e-08,0.9999999937129843,True
kitti_train,5739,005738.png,3,3,3,False,3.335937082127316e-11,2.720003067224752e-08,0.9999999941043631,True
kitti_train,5740,005739.png,5,5,5,False,4.734379555060286e-11,4.000003173132427e-08,0.9999999918227517,True
kitti_train,5741,005740.png,1,1,1,False,3.8046898964694265e-11,3.200000264769187e-08,0.9999999983532023,True
kitti_train,5742,005741.png,4,4,4,False,4.750000393016762e-11,3.040000251530728e-08,0.999999997154754,True
kitti_train,5745,005744.png,1,1,1,False,1.7734369528454863e-11,1.5300031463993946e-08,0.999999998939615,True
kitti_train,5746,005745.png,1,1,1,False,3.328124928425602e-11,2.1299999986013063e-08,0.9999999983287455,True
kitti_train,5747,005746.png,1,1,1,False,3.398437087298589e-11,2.6999998681276338e-08,0.9999999986042852,True
kitti_train,5748,005747.png,2,2,2,False,4.976563605652018e-11,4.530005526248715e-08,0.9999999945786878,True
kitti_train,5749,005748.png,14,14,14,False,4.593749686199189e-11,3.200000264769187e-08,0.9999999932984356,True
kitti_train,5750,005749.png,1,1,1,False,4.726563584966925e-11,2.4299993128806818e-08,0.9999999982903759,True
kitti_train,5752,005751.png,7,7,7,False,4.750000393016762e-11,4.3700083551811986e-08,0.9999999936739776,True
kitti_train,5753,005752.png,4,4,4,False,4.703126776917088e-11,3.240000978621538e-08,0.9999999933719157,True
kitti_train,5754,005753.png,1,1,1,False,3.515632229778021e-11,2.4700057110749185e-08,0.9999999970366975,True
kitti_train,5757,005756.png,1,1,1,False,3.335937082127316e-11,3.200000264769187e-08,0.9999999952110888,True
kitti_train,5758,005757.png,10,10,10,False,4.8125003981880354e-11,3.200005949111073e-08,0.99999999633851,True
kitti_train,5759,005758.png,3,3,3,False,4.4531250215085194e-11,2.8500000581743734e-08,0.9999999951587633,True
kitti_train,5760,005759.png,5,5,5,False,4.257816321739938e-11,4.0300022874362185e-08,0.9999999970043985,True
kitti_train,5761,005760.png,1,1,1,False,4.632805250537331e-11,2.0899996400203236e-08,0.9999999982106259,True
kitti_train,5763,005762.png,14,14,14,False,4.687494836730366e-11,3.399998149689054e-08,0.9999999893639728,True
kitti_train,5765,005764.png,14,14,14,False,4.953126797602181e-11,4.279999643586052e-08,0.9999999912236714,True
kitti_train,5766,005765.png,4,4,4,False,4.593750033143884e-11,3.1400020361616043e-08,0.9999999953133005,True
kitti_train,5767,005766.png,7,7,7,False,4.6718750396079756e-11,3.590002961573191e-08,0.9999999940268888,True
kitti_train,5770,005769.png,3,3,3,False,3.632807943354521e-11,2.1300001762369902e-08,0.9999999957829796,True
kitti_train,5771,005770.png,5,5,5,False,4.976563605652018e-11,3.200000264769187e-08,0.9999999894150957,True
kitti_train,5773,005772.png,4,4,4,False,4.9843768001878175e-11,2.8300007670623017e-08,0.999999993996439,True
kitti_train,5774,005773.png,11,11,11,False,4.6093753813813976e-11,3.640002432803158e-08,0.9999999912279468,True
kitti_train,5776,005775.png,3,3,3,False,4.390626751060722e-11,4.110000162427241e-08,0.9999999983918509,True
kitti_train,5780,005779.png,1,1,1,False,2.5624946609070776e-11,1.6400008462369442e-08,0.9999999994895561,True
kitti_train,5781,005780.png,7,7,7,False,5.000000413701855e-11,3.4900011769423145e-08,0.9999999926704412,True
kitti_train,5782,005781.png,6,6,6,False,4.99219554583874e-11,3.200000264769187e-08,0.9999999971701794,True
kitti_train,5783,005782.png,3,3,3,False,4.437499673271006e-11,3.199994580427301e-08,0.9999999874959434,True
kitti_train,5784,005783.png,2,2,2,False,4.8125003981880354e-11,3.200005949111073e-08,0.9999999990824753,True
kitti_train,5785,005784.png,6,6,6,False,3.906249629315184e-11,3.200005949111073e-08,0.9999999951964735,True
kitti_train,5786,005785.png,3,3,3,False,4.0937531142759553e-11,3.200000264769187e-08,0.9999999941699094,True
kitti_train,5787,005786.png,2,2,2,False,4.664063579795652e-11,4.290001243134611e-08,0.9999999963761105,True
kitti_train,5788,005787.png,4,4,4,False,4.7656253943095805e-11,3.060000608456903e-08,0.9999999938760714,True
kitti_train,5790,005789.png,1,1,1,False,3.335942633242439e-11,3.200000264769187e-08,0.9999999976207257,True
kitti_train,5791,005790.png,3,3,3,False,4.8593684631725864e-11,4.06000140174001e-08,0.999999995826528,True
kitti_train,5793,005792.png,2,2,2,False,4.937494857415459e-11,3.780002089115442e-08,0.9999999891327112,True
kitti_train,5794,005793.png,5,5,5,False,4.8359372062378725e-11,4.2499976871113176e-08,0.9999999956738891,True
kitti_train,5795,005794.png,4,4,4,False,4.5625017652817235e-11,3.5000027764908737e-08,0.999999995015539,True
kitti_train,5796,005795.png,6,6,6,False,4.687494836730366e-11,3.200000264769187e-08,0.9999999912179542,True
kitti_train,5797,005796.png,4,4,4,False,4.906250405944945e-11,3.2900004498515045e-08,0.9999999948417391,True
kitti_train,5799,005798.png,5,5,5,False,4.76562470042019e-11,3.200000264769187e-08,0.9999999939721759,True
kitti_train,5800,005799.png,2,2,2,False,3.8750003206189376e-11,2.900000239947076e-08,0.9999999975799082,True
kitti_train,5801,005800.png,8,8,8,False,4.703124695248917e-11,3.439998863541405e-08,0.9999999950458976,True
kitti_train,5802,005801.png,1,1,1,False,4.328125358110668e-11,2.770002538454719e-08,0.9999999992624968,True
kitti_train,5803,005802.png,5,5,5,False,4.3593573195721547e-11,3.479993893051869e-08,0.9999999955860152,True
kitti_train,5804,005803.png,14,14,14,False,4.937500408530582e-11,3.980005658377195e-08,0.9999999953755684,True
kitti_train,5805,005804.png,2,2,2,False,2.703126611436346e-11,2.4199948711611796e-08,0.9999999991975451,True
kitti_train,5806,005805.png,1,1,1,False,4.992184443608494e-11,2.310000013494573e-08,0.9999999926774124,True
kitti_train,5807,005806.png,1,1,1,False,4.859376789845271e-11,3.11000007968687e-08,0.9999999989656612,True
kitti_train,5808,005807.png,4,4,4,False,4.750000393016762e-11,3.200005949111073e-08,0.9999999967643812,True
kitti_train,5809,005808.png,2,2,2,False,3.9140579666252506e-11,3.030004336324055e-08,0.9999999986352878,True
kitti_train,5810,005809.png,1,1,1,False,4.8671844332659475e-11,4.650000562378409e-08,0.9999999993932959,True
kitti_train,5811,005810.png,1,1,1,False,3.328124928425602e-11,2.1299999986013063e-08,0.9999999982365573,True
kitti_train,5814,005813.png,4,4,4,False,4.796875049950522e-11,3.069999898741571e-08,0.9999999936393997,True
kitti_train,5815,005814.png,5,5,5,False,4.5781156643442955e-11,3.369999035385263e-08,0.9999999936908629,True
kitti_train,5816,005815.png,4,4,4,False,3.843749971088606e-11,2.6600019964462263e-08,0.999999995713511,True
kitti_train,5817,005816.png,1,1,1,False,4.867195535496194e-11,2.8700014809146523e-08,0.9999999963641725,True
kitti_train,5818,005817.png,1,1,1,False,4.906250405944945e-11,3.139999904533397e-08,0.9999999985609674,True
kitti_train,5819,005818.png,1,1,1,False,3.9062475476470127e-11,3.200000264769187e-08,0.9999999928591053,True
kitti_train,5820,005819.png,6,6,6,False,4.7890691412533215e-11,4.1000021155923605e-08,0.999999998152866,True
kitti_train,5822,005821.png,3,3,3,False,3.335942633242439e-11,2.1300024855008814e-08,0.9999999984250223,True
kitti_train,5823,005822.png,7,7,7,False,4.609374687492007e-11,3.200000264769187e-08,0.9999999970201724,True
kitti_train,5824,005823.png,3,3,3,False,3.906251710983355e-11,2.5900021682900842e-08,0.9999999959495108,True
kitti_train,5826,005825.png,8,8,8,False,4.8750004033593086e-11,3.549996563378954e-08,0.9999999920189345,True
kitti_train,5827,005826.png,1,1,1,False,4.5468739884313436e-11,2.90999935259606e-08,0.9999999962661505,True
kitti_train,5829,005828.png,2,2,2,False,4.078126725204356e-11,2.6099996830453165e-08,0.999999998563953,True
kitti_train,5830,005829.png,6,6,6,False,4.8984372114091457e-11,4.259999286659877e-08,0.9999999850040785,True
kitti_train,5831,005830.png,6,6,6,False,4.7656240065308e-11,3.729996933543589e-08,0.9999999951023864,True
kitti_train,5832,005831.png,9,9,9,False,4.4609371752102334e-11,3.709999418788357e-08,0.9999999954318514,True
kitti_train,5835,005834.png,9,9,9,False,4.937494857415459e-11,3.610000476328423e-08,0.9999999963675196,True
kitti_train,5836,005835.png,1,1,1,False,4.5156246797350974e-11,2.8899997062126204e-08,0.999999999112852,True
kitti_train,5837,005836.png,4,4,4,False,4.515625373624488e-11,3.120010205748258e-08,0.9999999979454922,True
kitti_train,5838,005837.png,5,5,5,False,4.375000361989123e-11,3.80999836124829e-08,0.9999999944981646,True
kitti_train,5839,005838.png,8,8,8,False,4.90625005900025e-11,4.2399960875627585e-08,0.9999999897150768,True
kitti_train,5841,005840.png,9,9,9,False,4.8593795654028327e-11,4.320003199609346e-08,0.9999999944081823,True
kitti_train,5842,005841.png,3,3,3,False,4.843750053828977e-11,4.339997872193635e-08,0.9999999900217298,True
kitti_train,5843,005842.png,6,6,6,False,3.906250323204574e-11,3.399998149689054e-08,0.9999999956268766,True
kitti_train,5844,005843.png,10,10,10,False,4.8281250525361585e-11,3.470003662187082e-08,0.9999999916256429,True
kitti_train,5846,005845.png,2,2,2,False,4.531248987138525e-11,3.6899990618621814e-08,0.9999999970579708,True
kitti_train,5847,005846.png,8,8,8,False,4.94531082750882e-11,3.200005949111073e-08,0.9999999963177056,True
kitti_train,5848,005847.png,5,5,5,False,4.9453122152876006e-11,3.199999909497819e-08,0.9999999962558443,True
kitti_train,5849,005848.png,9,9,9,False,4.921876795016544e-11,3.509998691697547e-08,0.9999999932714942,True
kitti_train,5850,005849.png,8,8,8,False,4.992188606944836e-11,3.200005949111073e-08,0.9999999936387858,True
kitti_train,5852,005851.png,2,2,2,False,4.9609386043591996e-11,3.200000264769187e-08,0.9999999960856585,True
kitti_train,5853,005852.png,4,4,4,False,3.8671878199725285e-11,3.200000264769187e-08,0.999999992266636,True
kitti_train,5854,005853.png,15,15,15,False,4.9375000615858866e-11,4.019995003545773e-08,0.9999999965583881,True
kitti_train,5859,005858.png,13,13,13,False,4.9687504111162184e-11,3.3499986784590874e-08,0.9999999928939123,True
kitti_train,5860,005859.png,3,3,3,False,4.8125003981880354e-11,2.7499936550157145e-08,0.9999999947008029,True
kitti_train,5861,005860.png,6,6,6,False,4.937494857415459e-11,3.200000264769187e-08,0.9999999943590961,True
kitti_train,5862,005861.png,4,4,4,False,4.601563574624379e-11,3.200000264769187e-08,0.9999999962899941,True
kitti_train,5863,005862.png,2,2,2,False,4.8125003981880354e-11,4.000003173132427e-08,0.9999999939027192,True
kitti_train,5864,005863.png,3,3,3,False,4.671879549889013e-11,3.720003860507859e-08,0.99999999342976,True
kitti_train,5865,005864.png,9,9,9,False,4.921874713348373e-11,3.200000264769187e-08,0.9999999954996425,True
kitti_train,5866,005865.png,4,4,4,False,4.421873978088797e-11,3.200005949111073e-08,0.9999999986976542,True
kitti_train,5867,005866.png,16,16,16,False,4.921885121689229e-11,3.799999603870674e-08,0.9999999955006875,True
kitti_train,5868,005867.png,1,1,1,False,3.4531252857128436e-11,3.200000264769187e-08,0.9999999962683513,True
kitti_train,5869,005868.png,10,10,10,False,4.640625383967034e-11,3.3600002780076466e-08,0.9999999932313872,True
kitti_train,5870,005869.png,1,1,1,False,3.921874630608002e-11,3.200000264769187e-08,0.9999999972058383,True
kitti_train,5872,005871.png,6,6,6,False,4.781250395602399e-11,3.060000608456903e-08,0.99999999538783,True
kitti_train,5873,005872.png,5,5,5,False,4.312517010163219e-11,4.1000077999342466e-08,0.9999999971316227,True
kitti_train,5874,005873.png,4,4,4,False,3.671873916033519e-11,3.200000264769187e-08,0.9999999936491026,True
kitti_train,5875,005874.png,4,4,4,False,4.109375340011212e-11,3.200000264769187e-08,0.9999999957935887,True
kitti_train,5876,005875.png,1,1,1,False,4.9687504111162184e-11,3.18000026311438e-08,0.9999999963314388,True
kitti_train,5877,005876.png,6,6,6,False,4.984375412409037e-11,4.259999286659877e-08,0.9999999959298875,True
kitti_train,5878,005877.png,6,6,6,False,4.710931644780203e-11,4.06000140174001e-08,0.9999999956689495,True
kitti_train,5879,005878.png,4,4,4,False,4.710931644780203e-11,3.599998876779864e-08,0.9999999884777542,True
kitti_train,5880,005879.png,3,3,3,False,4.703126776917088e-11,2.6199984404229326e-08,0.9999999946350017,True
kitti_train,5881,005880.png,6,6,6,False,4.5078052401947843e-11,3.200005949111073e-08,0.9999999932066013,True
kitti_train,5882,005881.png,10,10,10,False,4.328126745889449e-11,3.730002617885475e-08,0.9999999937777696,True
kitti_train,5883,005882.png,3,3,3,False,4.984374718519646e-11,3.1999995542264514e-08,0.9999999950608773,True
kitti_train,5885,005884.png,4,4,4,False,4.8203108171662734e-11,3.4999970921489876e-08,0.9999999906237892,True
kitti_train,5886,005885.png,6,6,6,False,4.67187399877389e-11,3.200000264769187e-08,0.9999999933550289,True
kitti_train,5887,005886.png,7,7,7,False,4.8828108223375466e-11,3.850001917271584e-08,0.999999995519016,True
kitti_train,5888,005887.png,1,1,1,False,4.22656354359674e-11,3.250002578170097e-08,0.9999999966821886,True
kitti_train,5889,005888.png,1,1,1,False,4.9687504111162184e-11,3.179999907843012e-08,0.9999999990753065,True
kitti_train,5890,005889.png,4,4,4,False,4.648448292954299e-11,3.200000264769187e-08,0.9999999952627853,True
kitti_train,5891,005890.png,8,8,8,False,4.546875029265429e-11,3.339999921081471e-08,0.9999999930382424,True
kitti_train,5892,005891.png,10,10,10,False,4.171875345182485e-11,3.200005949111073e-08,0.9999999945684248,True
kitti_train,5893,005892.png,10,10,10,False,4.437500367160396e-11,3.310003648948623e-08,0.9999999947493357,True
kitti_train,5894,005893.png,6,6,6,False,4.687500387845489e-11,3.130003278783988e-08,0.9999999957128187,True
kitti_train,5895,005894.png,2,2,2,False,3.335942633242439e-11,3.200000264769187e-08,0.9999999947811306,True
kitti_train,5896,005895.png,3,3,3,False,3.335937082127316e-11,2.1300024855008814e-08,0.9999999965481854,True
kitti_train,5898,005897.png,4,4,4,False,3.328126663149078e-11,3.040000251530728e-08,0.9999999926567197,True
kitti_train,5899,005898.png,3,3,3,False,4.960942767695542e-11,3.209999022146803e-08,0.9999999932310534,True
kitti_train,5901,005900.png,8,8,8,False,4.992184443608494e-11,4.4999978854320943e-08,0.9999999943110507,True
kitti_train,5902,005901.png,11,11,11,False,4.734375391723944e-11,3.2300022212439217e-08,0.9999999928414444,True
kitti_train,5904,005903.png,10,10,10,False,4.8906212413157846e-11,4.4599914872378577e-08,0.9999999971265318,True
kitti_train,5905,005904.png,3,3,3,False,4.3437503594034865e-11,3.200005949111073e-08,0.9999999982037409,True
kitti_train,5907,005906.png,3,3,3,False,4.6562503852598525e-11,3.200000264769187e-08,0.9999999980792799,True
kitti_train,5908,005907.png,1,1,1,False,3.335931531012193e-11,2.3500007273469237e-08,0.9999999959673552,True
kitti_train,5910,005909.png,7,7,7,False,4.656250038315157e-11,3.200000264769187e-08,0.9999999936286267,True
kitti_train,5911,005910.png,6,6,6,False,5.000000413701855e-11,4.080004600837128e-08,0.9999999932531715,True
kitti_train,5912,005911.png,5,5,5,False,4.687500387845489e-11,3.4899983347713714e-08,0.9999999940488291,True
kitti_train,5913,005912.png,2,2,2,False,4.265625352939395e-11,2.730000048245529e-08,0.9999999985515355,True
kitti_train,5914,005913.png,5,5,5,False,4.890625404652127e-11,4.489999128054478e-08,0.9999999911511727,True
kitti_train,5915,005914.png,5,5,5,False,4.617184412580855e-11,4.329996272645076e-08,0.99999999121045,True
kitti_train,5916,005915.png,12,12,12,False,4.968749717226828e-11,3.660005631900276e-08,0.999999992964423,True
kitti_train,5918,005917.png,9,9,9,False,4.984375412409037e-11,3.200000264769187e-08,0.9999999942770891,True
kitti_train,5921,005920.png,7,7,7,False,4.9062420792722605e-11,2.9400013090707944e-08,0.9999999864752082,True
kitti_train,5922,005921.png,4,4,4,False,4.921874019458983e-11,2.519999497962999e-08,0.9999999946813871,True
kitti_train,5923,005922.png,5,5,5,False,4.95312471593401e-11,3.25999849337677e-08,0.9999999953743441,True
kitti_train,5924,005923.png,4,4,4,False,4.664069130910775e-11,3.200000264769187e-08,0.9999999941676887,True
kitti_train,5925,005924.png,1,1,1,False,3.9140579666252506e-11,3.719998176165973e-08,0.9999999983626622,True
kitti_train,5927,005926.png,4,4,4,False,4.390625016337246e-11,2.8099998772290746e-08,0.9999999937509603,True
kitti_train,5928,005927.png,9,9,9,False,4.87500317891687e-11,3.310003648948623e-08,0.9999999953346124,True
kitti_train,5929,005928.png,8,8,8,False,4.679689968867251e-11,3.389999392311438e-08,0.9999999927151383,True
kitti_train,5930,005929.png,16,16,16,False,4.9843712490726944e-11,4.070000159117626e-08,0.9999999901581706,True
kitti_train,5931,005930.png,1,1,1,False,4.375000361989123e-11,2.8000002316730388e-08,0.999999996550897,True
kitti_train,5932,005931.png,1,1,1,False,2.4296897827014163e-11,2.15999875763373e-08,0.9999999986707887,True
kitti_train,5933,005932.png,6,6,6,False,4.5156212102881454e-11,3.249999735999154e-08,0.9999999935744,True
kitti_train,5934,005933.png,3,3,3,False,4.4218795292039204e-11,3.200000264769187e-08,0.999999994032132,True
kitti_train,5935,005934.png,5,5,5,False,4.96875318667378e-11,3.789989477809286e-08,0.9999999961222639,True
kitti_train,5936,005935.png,11,11,11,False,4.8437476252161105e-11,4.020000687887659e-08,0.9999999956444434,True
kitti_train,5937,005936.png,10,10,10,False,4.8125059493031586e-11,4.070000159117626e-08,0.9999999921046596,True
kitti_train,5938,005937.png,1,1,1,False,4.257813546182376e-11,2.200000892571552e-08,0.999999998239488,True
kitti_train,5939,005938.png,2,2,2,False,4.234379513690101e-11,3.3600031201785896e-08,0.999999996884937,True
kitti_train,5940,005939.png,2,2,2,False,4.515623985845707e-11,3.2200006216953625e-08,0.9999999958786538,True
kitti_train,5941,005940.png,11,11,11,False,4.8671899843810706e-11,4.5800021553077386e-08,0.9999999955107756,True
kitti_train,5942,005941.png,1,1,1,False,3.335942633242439e-11,2.1299998209656223e-08,0.9999999962385495,True
kitti_train,5943,005942.png,4,4,4,False,4.843758727446357e-11,4.3000000005122274e-08,0.9999999951592324,True
kitti_train,5944,005943.png,4,4,4,False,4.640625383967034e-11,3.200000264769187e-08,0.9999999983504246,True
kitti_train,5945,005944.png,2,2,2,False,3.656249608630091e-11,2.3399998383411003e-08,0.9999999983053033,True
kitti_train,5946,005945.png,2,2,2,False,3.999999984016789e-11,2.559999856543982e-08,0.9999999960209661,True
kitti_train,5947,005946.png,14,14,14,False,4.695321909053973e-11,3.200005949111073e-08,0.9999999956316201,True
kitti_train,5948,005947.png,4,4,4,False,4.085931593067471e-11,2.3000001903028533e-08,0.9999999959235487,True
kitti_train,5949,005948.png,18,18,18,False,4.843750400773672e-11,4.4300008994468953e-08,0.9999999931323914,True
kitti_train,5950,005949.png,9,9,9,False,4.8359427573529956e-11,4.4399939724826254e-08,0.9999999913423144,True
kitti_train,5952,005951.png,2,2,2,False,3.335942633242439e-11,2.299998413946014e-08,0.9999999927923119,True
kitti_train,5953,005952.png,8,8,8,False,4.3593767484750856e-11,3.200000264769187e-08,0.9999999943576358,True
kitti_train,5954,005953.png,4,4,4,False,4.265626740718176e-11,3.1999995542264514e-08,0.9999999979157949,True
kitti_train,5955,005954.png,1,1,1,False,4.0546871415969576e-11,2.90999935259606e-08,0.9999999987237466,True
kitti_train,5956,005955.png,4,4,4,False,4.953125062878705e-11,3.979999974035309e-08,0.9999999952569203,True
kitti_train,5957,005956.png,1,1,1,False,4.726552482736679e-11,4.5099966428097105e-08,0.9999999987265525,True
kitti_train,5958,005957.png,9,9,9,False,4.992187479374577e-11,3.200005949111073e-08,0.9999999912420608,True
kitti_train,5959,005958.png,1,1,1,False,4.906250405944945e-11,3.140000259804765e-08,0.9999999980418487,True
kitti_train,5960,005959.png,10,10,10,False,4.890632343546031e-11,4.000003173132427e-08,0.999999992519509,True
kitti_train,5961,005960.png,2,2,2,False,4.593749686199189e-11,2.939999887985323e-08,0.9999999969468527,True
kitti_train,5963,005962.png,4,4,4,False,4.9687504111162184e-11,4.06000140174001e-08,0.9999999917877007,True
kitti_train,5964,005963.png,8,8,8,False,4.7656267820883613e-11,3.4900040191132575e-08,0.999999993990189,True
kitti_train,5965,005964.png,3,3,3,False,4.921874713348373e-11,4.119999630347593e-08,0.9999999963523357,True
kitti_train,5967,005966.png,1,1,1,False,3.3906238927627896e-11,2.1699996466395532e-08,0.9999999988345456,True
kitti_train,5968,005967.png,5,5,5,False,4.726563584966925e-11,3.200005949111073e-08,0.9999999968755482,True
kitti_train,5970,005969.png,1,1,1,False,3.375000279248752e-11,3.200000264769187e-08,0.9999999969718605,True
kitti_train,5971,005970.png,10,10,10,False,4.7890691412533215e-11,3.200005949111073e-08,0.9999999950649693,True
kitti_train,5972,005971.png,4,4,4,False,4.796875396895217e-11,3.490000466399579e-08,0.9999999960657637,True
kitti_train,5973,005972.png,4,4,4,False,4.8203163682813965e-11,4.539998599284445e-08,0.9999999925952431,True
kitti_train,5974,005973.png,6,6,6,False,3.4765620937626807e-11,3.200000264769187e-08,0.9999999947588523,True
kitti_train,5977,005976.png,1,1,1,False,4.062500336132757e-11,2.6000002151249646e-08,0.9999999974298964,True
kitti_train,5978,005977.png,5,5,5,False,4.2656246590500047e-11,3.200000264769187e-08,0.9999999958807703,True
kitti_train,5979,005978.png,1,1,1,False,3.601563491884008e-11,2.4699943423911463e-08,0.9999999992946796,True
kitti_train,5980,005979.png,5,5,5,False,4.8437476252161105e-11,3.00999545288505e-08,0.9999999962471159,True
kitti_train,5982,005981.png,7,7,7,False,4.890625057707432e-11,4.020000687887659e-08,0.9999999936517648,True
kitti_train,5983,005982.png,10,10,10,False,4.7812531711599604e-11,3.849999075100641e-08,0.999999982695189,True
kitti_train,5984,005983.png,15,15,15,False,4.95312471593401e-11,4.050002644362394e-08,0.9999999946098289,True
kitti_train,5985,005984.png,9,9,9,False,4.562500377502943e-11,3.450003305260907e-08,0.9999999941401361,True
kitti_train,5986,005985.png,4,4,4,False,3.968747552818286e-11,3.469995135674253e-08,0.9999999944819072,True
kitti_train,5988,005987.png,5,5,5,False,4.4765635642818324e-11,3.679997462313622e-08,0.9999999931315816,True
kitti_train,5990,005989.png,1,1,1,False,1.984373776409143e-11,1.699996232673584e-08,0.9999999991448241,True
kitti_train,5991,005990.png,2,2,2,False,3.328137765379324e-11,2.1300081698427675e-08,0.999999994029456,True
kitti_train,5992,005991.png,5,5,5,False,4.7656250473648853e-11,3.450003305260907e-08,0.9999999835559065,True
kitti_train,5993,005992.png,5,5,5,False,4.4765635642818324e-11,3.870002274197759e-08,0.9999999952601766,True
kitti_train,5994,005993.png,1,1,1,False,3.7812499659173326e-11,3.200000264769187e-08,0.9999999947188737,True
kitti_train,5996,005995.png,1,1,1,False,4.8593747081771e-11,3.199994580427301e-08,0.9999999976779552,True
kitti_train,5998,005997.png,5,5,5,False,4.484375024094156e-11,3.679997462313622e-08,0.9999999918992408,True
kitti_train,5999,005998.png,5,5,5,False,4.921875060293068e-11,3.200000264769187e-08,0.9999999946851746,True
kitti_train,6001,006000.png,5,5,5,False,4.960942767695542e-11,4.20999981542991e-08,0.9999999936262158,True
kitti_train,6002,006001.png,3,3,3,False,3.828125316740483e-11,3.200000264769187e-08,0.9999999931324903,True
kitti_train,6003,006002.png,5,5,5,False,4.593753155646141e-11,2.7699968541128328e-08,0.9999999916235129,True
kitti_train,6004,006003.png,9,9,9,False,4.953121246487058e-11,3.7699976473959396e-08,0.999999993481073,True
kitti_train,6005,006004.png,5,5,5,False,4.359373972917524e-11,3.670004389277892e-08,0.9999999927540015,True
kitti_train,6006,006005.png,9,9,9,False,4.632810801652454e-11,3.200000264769187e-08,0.9999999970265746,True
kitti_train,6007,006006.png,10,10,10,False,4.8593754020664903e-11,4.020000687887659e-08,0.9999999928510718,True
kitti_train,6008,006007.png,15,15,15,False,4.7968740091164364e-11,4.06999944857489e-08,0.9999999926757883,True
kitti_train,6009,006008.png,8,8,8,False,4.890625404652127e-11,3.40999690706667e-08,0.9999999968328296,True
kitti_train,6010,006009.png,4,4,4,False,3.609373910862246e-11,2.2799952148488956e-08,0.9999999967067522,True
kitti_train,6011,006010.png,2,2,2,False,3.625000299933845e-11,2.319999481414925e-08,0.9999999986527692,True
kitti_train,6012,006011.png,12,12,12,False,4.8437531763312336e-11,4.1799978589551756e-08,0.9999999821036194,True
kitti_train,6014,006013.png,3,3,3,False,4.8984372114091457e-11,3.4299972639928455e-08,0.9999999968042701,True
kitti_train,6016,006015.png,5,5,5,False,4.7656323332034844e-11,3.539997806001338e-08,0.9999999934525798,True
kitti_train,6017,006016.png,9,9,9,False,4.984374718519646e-11,3.850004759442527e-08,0.9999999973506236,True
kitti_train,6018,006017.png,2,2,2,False,4.3593750137516096e-11,2.790000053209951e-08,0.9999999961111383,True
kitti_train,6019,006018.png,7,7,7,False,4.5468739884313436e-11,4.250000529282261e-08,0.9999999944726646,True
kitti_train,6020,006019.png,3,3,3,False,4.7656253943095805e-11,3.04999971945108e-08,0.9999999956548812,True
kitti_train,6021,006020.png,2,2,2,False,4.265623965160614e-11,3.199997422598244e-08,0.9999999977941701,True
kitti_train,6022,006021.png,4,4,4,False,3.960942684955171e-11,3.209999022146803e-08,0.9999999983474726,True
kitti_train,6023,006022.png,3,3,3,False,4.992189994723617e-11,3.200000264769187e-08,0.9999999946005476,True
kitti_train,6024,006023.png,3,3,3,False,3.328115560918832e-11,2.7599980967352167e-08,0.9999999945503102,True
kitti_train,6026,006025.png,5,5,5,False,4.656247609702291e-11,3.740007059604977e-08,0.9999999975462363,True
kitti_train,6027,006026.png,8,8,8,False,4.8125003981880354e-11,3.200000264769187e-08,0.9999999936170693,True
kitti_train,6028,006027.png,8,8,8,False,4.703126776917088e-11,3.8300015603454085e-08,0.999999990800244,True
kitti_train,6029,006028.png,1,1,1,False,3.335931531012193e-11,2.1299998209656223e-08,0.9999999959415835,True
kitti_train,6030,006029.png,1,1,1,False,3.250000268906206e-11,2.0800001720999717e-08,0.9999999994411004,True
kitti_train,6031,006030.png,4,4,4,False,4.8515635953094716e-11,2.3399991277983645e-08,0.9999999958104092,True
kitti_train,6032,006031.png,5,5,5,False,3.531250292176935e-11,3.31000080677768e-08,0.999999996601344,True
kitti_train,6033,006032.png,3,3,3,False,4.6874976122879275e-11,4.399998942972161e-08,0.9999999931119778,True
kitti_train,6034,006033.png,6,6,6,False,4.890625404652127e-11,3.200000264769187e-08,0.9999999965920602,True
kitti_train,6035,006034.png,16,16,16,False,4.8437531763312336e-11,4.120002472518536e-08,0.9999999921254119,True
kitti_train,6036,006035.png,1,1,1,False,4.906250405944945e-11,3.139999904533397e-08,0.9999999986976381,True
kitti_train,6037,006036.png,3,3,3,False,4.906249712055555e-11,3.139999904533397e-08,0.999999994752279,True
kitti_train,6038,006037.png,5,5,5,False,4.929684438437221e-11,3.9099973037082236e-08,0.9999999950418801,True
kitti_train,6039,006038.png,2,2,2,False,3.585937102812409e-11,2.1299999986013063e-08,0.9999999949505917,True
kitti_train,6040,006039.png,8,8,8,False,4.2421843815532156e-11,3.200005949111073e-08,0.9999999966278121,True
kitti_train,6041,006040.png,5,5,5,False,4.515623985845707e-11,3.199994580427301e-08,0.999999996456913,True
kitti_train,6042,006041.png,6,6,6,False,4.984374024630256e-11,4.5099994849806535e-08,0.9999999968411879,True
kitti_train,6043,006042.png,4,4,4,False,4.703121225801965e-11,3.879998189404432e-08,0.9999999957026935,True
kitti_train,6044,006043.png,3,3,3,False,4.7265608094093636e-11,3.200005949111073e-08,0.9999999948389111,True
kitti_train,6045,006044.png,3,3,3,False,4.8046899792097975e-11,4.5000035697739804e-08,0.9999999922188235,True
kitti_train,6047,006046.png,5,5,5,False,4.86718859660229e-11,4.0299994452652754e-08,0.9999999926293359,True
kitti_train,6048,006047.png,6,6,6,False,4.351563553939286e-11,3.200000264769187e-08,0.9999999952372864,True
kitti_train,6049,006048.png,7,7,7,False,4.953126797602181e-11,3.5000027764908737e-08,0.9999999942148303,True
kitti_train,6051,006050.png,7,7,7,False,4.8984372114091457e-11,3.649995505838888e-08,0.9999999967241789,True
kitti_train,6053,006052.png,7,7,7,False,4.984374024630256e-11,3.469998688387932e-08,0.9999999926001605,True
kitti_train,6054,006053.png,1,1,1,False,4.843750400773672e-11,4.480000370676862e-08,0.9999999981048698,True
kitti_train,6055,006054.png,8,8,8,False,3.695310724083356e-11,3.4899983347713714e-08,0.9999999926371356,True
kitti_train,6056,006055.png,13,13,13,False,4.5390635694531056e-11,4.0999964312504744e-08,0.9999999945761916,True
kitti_train,6057,006056.png,3,3,3,False,4.1250003413040304e-11,2.6400002184345794e-08,0.9999999946039332,True
kitti_train,6058,006057.png,2,2,2,False,3.710942664270078e-11,3.11000007968687e-08,0.9999999950588778,True
kitti_train,6059,006058.png,3,3,3,False,4.5468739884313436e-11,2.8999977530475007e-08,0.999999996589529,True
kitti_train,6060,006059.png,6,6,6,False,4.734375044779249e-11,3.200000264769187e-08,0.9999999911373261,True
kitti_train,6063,006062.png,3,3,3,False,4.968747635558657e-11,3.200000264769187e-08,0.9999999956779541,True
kitti_train,6064,006063.png,9,9,9,False,4.8281247055914633e-11,3.6300008332545985e-08,0.999999994125149,True
kitti_train,6065,006064.png,15,15,15,False,4.984374024630256e-11,4.140002829444711e-08,0.9999999945753363,True
kitti_train,6066,006065.png,6,6,6,False,4.992184443608494e-11,3.11000007968687e-08,0.999999990492354,True
kitti_train,6068,006067.png,7,7,7,False,4.578125378795761e-11,4.1800007011261187e-08,0.9999999958975354,True
kitti_train,6070,006069.png,6,6,6,False,3.8593739315473385e-11,3.0799981232121354e-08,0.9999999952503545,True
kitti_train,6071,006070.png,8,8,8,False,4.9218754072377635e-11,3.150000082996485e-08,0.9999999950824515,True
kitti_train,6072,006071.png,5,5,5,False,4.515632312518392e-11,2.910002194767003e-08,0.9999999975091545,True
kitti_train,6073,006072.png,3,3,3,False,4.8281247055914633e-11,3.749998711555236e-08,0.9999999971300547,True
kitti_train,6074,006073.png,7,7,7,False,4.867195535496194e-11,4.409997700349777e-08,0.9999999943039185,True
kitti_train,6075,006074.png,4,4,4,False,4.4765635642818324e-11,3.199994580427301e-08,0.9999999962169176,True
kitti_train,6076,006075.png,4,4,4,False,4.90625005900025e-11,3.95000370190246e-08,0.9999999942610118,True
kitti_train,6077,006076.png,2,2,2,False,4.4609427263253565e-11,3.200000264769187e-08,0.9999999985876035,True
kitti_train,6079,006078.png,8,8,8,False,4.8125003981880354e-11,3.200000264769187e-08,0.999999996852824,True
kitti_train,6080,006079.png,3,3,3,False,4.531249681027916e-11,4.2300001723560854e-08,0.9999999947626964,True
kitti_train,6081,006080.png,5,5,5,False,4.8203108171662734e-11,3.6299979910836555e-08,0.9999999923257324,True
kitti_train,6082,006081.png,7,7,7,False,4.796875396895217e-11,3.31000080677768e-08,0.9999999937148009,True
kitti_train,6083,006082.png,11,11,11,False,4.812483744842666e-11,4.2999943161703413e-08,0.9999999871844247,True
kitti_train,6084,006083.png,5,5,5,False,4.937505959645705e-11,4.1799978589551756e-08,0.9999999957449592,True
kitti_train,6085,006084.png,14,14,14,False,4.968747635558657e-11,3.920001745427726e-08,0.9999999909838891,True
kitti_train,6086,006085.png,2,2,2,False,4.7656267820883613e-11,4.390000185594545e-08,0.9999999987973042,True
kitti_train,6088,006087.png,4,4,4,False,4.8593740142877095e-11,3.0299986519821687e-08,0.9999999960138651,True
kitti_train,6089,006088.png,8,8,8,False,4.0859426952977174e-11,3.2199977795244195e-08,0.9999999946263073,True
kitti_train,6090,006089.png,1,1,1,False,3.9140579666252506e-11,3.4899983347713714e-08,0.9999999983481636,True
kitti_train,6091,006090.png,8,8,8,False,4.648437190724053e-11,4.120002472518536e-08,0.9999999958991641,True
kitti_train,6093,006092.png,5,5,5,False,4.453124674563824e-11,3.8899997889529914e-08,0.9999999896554943,True
kitti_train,6094,006093.png,4,4,4,False,4.703125042193612e-11,4.450004098544014e-08,0.9999999932404471,True
kitti_train,6095,006094.png,3,3,3,False,4.937505959645705e-11,3.790000846493058e-08,0.9999999940244373,True
kitti_train,6097,006096.png,3,3,3,False,4.960931665465296e-11,3.880001031575375e-08,0.9999999957418191,True
kitti_train,6098,006097.png,7,7,7,False,4.593749686199189e-11,3.339999921081471e-08,0.9999999975663795,True
kitti_train,6099,006098.png,4,4,4,False,4.953126797602181e-11,3.40000383403094e-08,0.9999999955476272,True
kitti_train,6101,006100.png,3,3,3,False,3.335942633242439e-11,3.200000264769187e-08,0.9999999975304726,True
kitti_train,6102,006101.png,1,1,1,False,4.976563605652018e-11,2.9399984668998513e-08,0.9999999940880991,True
kitti_train,6103,006102.png,6,6,6,False,4.49218717779587e-11,3.200000264769187e-08,0.9999999972267267,True
kitti_train,6104,006103.png,5,5,5,False,4.3437503594034865e-11,3.200005949111073e-08,0.99999999149242,True
kitti_train,6105,006104.png,1,1,1,False,3.648442659098805e-11,2.1300024855008814e-08,0.9999999942972849,True
kitti_train,6106,006105.png,2,2,2,False,4.718749696541735e-11,3.199994580427301e-08,0.9999999946876729,True
kitti_train,6107,006106.png,9,9,9,False,4.8593747081771e-11,4.1600003441999434e-08,0.9999999943152149,True
kitti_train,6109,006108.png,6,6,6,False,4.945321929739066e-11,3.790000846493058e-08,0.9999999921146098,True
kitti_train,6110,006109.png,6,6,6,False,4.750000393016762e-11,3.040000251530728e-08,0.9999999911336986,True
kitti_train,6111,006110.png,9,9,9,False,4.99219554583874e-11,4.529999841906829e-08,0.9999999975597674,True
kitti_train,6112,006111.png,4,4,4,False,3.703126694176717e-11,3.200000264769187e-08,0.9999999959031939,True
kitti_train,6113,006112.png,2,2,2,False,4.953125062878705e-11,4.7100002120714635e-08,0.9999999954692196,True
kitti_train,6114,006113.png,8,8,8,False,5.000000413701855e-11,3.860003516820143e-08,0.9999999968036174,True
kitti_train,6115,006114.png,6,6,6,False,4.476552462051586e-11,3.479999577393755e-08,0.9999999945764316,True
kitti_train,6116,006115.png,3,3,3,False,4.992189994723617e-11,3.200000264769187e-08,0.9999999955540985,True
kitti_train,6117,006116.png,5,5,5,False,4.9687504111162184e-11,3.330001163703855e-08,0.9999999954444045,True
kitti_train,6119,006118.png,4,4,4,False,4.8671899843810706e-11,3.370001877556206e-08,0.9999999887768478,True
kitti_train,6120,006119.png,1,1,1,False,4.781250395602399e-11,3.060000253185535e-08,0.9999999975337703,True
kitti_train,6121,006120.png,1,1,1,False,2.8125002327072934e-11,1.799999438389932e-08,0.9999999996631053,True
kitti_train,6123,006122.png,6,6,6,False,4.9218754072377635e-11,3.870002274197759e-08,0.999999992693978,True
kitti_train,6125,006124.png,2,2,2,False,4.734375391723944e-11,3.200000264769187e-08,0.9999999936707248,True
kitti_train,6127,006126.png,5,5,5,False,4.8906212413157846e-11,3.099999901223782e-08,0.999999993577354,True
kitti_train,6128,006127.png,13,13,13,False,4.5156212102881454e-11,3.539997806001338e-08,0.9999999895965473,True
kitti_train,6130,006129.png,8,8,8,False,4.8984372114091457e-11,3.4899983347713714e-08,0.9999999949060656,True
kitti_train,6131,006130.png,9,9,9,False,4.992189994723617e-11,4.5899923861725256e-08,0.9999999886929848,True
kitti_train,6134,006133.png,3,3,3,False,3.8828107395971756e-11,3.200000264769187e-08,0.9999999929318553,True
kitti_train,6135,006134.png,4,4,4,False,4.781242068929714e-11,3.449997620919021e-08,0.9999999922227253,True
kitti_train,6136,006135.png,6,6,6,False,4.796875396895217e-11,3.399998149689054e-08,0.9999999958091185,True
kitti_train,6137,006136.png,6,6,6,False,3.335942633242439e-11,3.200000264769187e-08,0.9999999916042271,True
kitti_train,6138,006137.png,7,7,7,False,3.984373941889885e-11,2.6900011107500177e-08,0.999999996943442,True
kitti_train,6139,006138.png,6,6,6,False,4.843750053828977e-11,3.649995505838888e-08,0.9999999945554918,True
kitti_train,6140,006139.png,19,19,19,False,5.000000413701855e-11,4.1600003441999434e-08,0.9999999927969586,True
kitti_train,6142,006141.png,8,8,8,False,4.843750400773672e-11,3.200005949111073e-08,0.9999999938321978,True
kitti_train,6143,006142.png,1,1,1,False,3.328126663149078e-11,2.1299968011589954e-08,0.9999999974059196,True
kitti_train,6144,006143.png,14,14,14,False,4.7656267820883613e-11,3.729991249201703e-08,0.9999999963088029,True
kitti_train,6145,006144.png,3,3,3,False,4.8125003981880354e-11,4.340000714364578e-08,0.9999999954389985,True
kitti_train,6146,006145.png,12,12,12,False,4.8984372114091457e-11,3.200000264769187e-08,0.9999999920038363,True
kitti_train,6147,006146.png,5,5,5,False,4.984375412409037e-11,3.1900000863060995e-08,0.9999999931578064,True
kitti_train,6148,006147.png,5,5,5,False,3.906253098762136e-11,3.200000264769187e-08,0.9999999972812373,True
kitti_train,6149,006148.png,5,5,5,False,4.445299683908388e-11,3.5600010050984565e-08,0.9999999887851586,True
kitti_train,6153,006152.png,1,1,1,False,4.859376789845271e-11,4.150001586822327e-08,0.9999999984237591,True
kitti_train,6154,006153.png,7,7,7,False,4.0078135254972835e-11,3.200005949111073e-08,0.9999999917994199,True
kitti_train,6155,006154.png,6,6,6,False,4.890625404652127e-11,4.4300065837887814e-08,0.9999999958197655,True
kitti_train,6156,006155.png,5,5,5,False,4.421876753646359e-11,3.200000264769187e-08,0.9999999957872626,True
kitti_train,6157,006156.png,12,12,12,False,4.828124011702073e-11,3.200005949111073e-08,0.9999999937140117,True
kitti_train,6158,006157.png,16,16,16,False,4.874999709469918e-11,3.91000298805011e-08,0.9999999964293981,True
kitti_train,6159,006158.png,1,1,1,False,4.585942736667903e-11,4.31999751526746e-08,0.9999999977416577,True
kitti_train,6160,006159.png,6,6,6,False,4.250000351646577e-11,3.519983238220448e-08,0.9999999983192523,True
kitti_train,6161,006160.png,6,6,6,False,4.9375000615858866e-11,3.1600002614595724e-08,0.9999999950005113,True
kitti_train,6162,006161.png,7,7,7,False,4.328125358110668e-11,3.200005949111073e-08,0.9999999947466791,True
kitti_train,6164,006163.png,17,17,17,False,4.750000046072067e-11,3.200005949111073e-08,0.9999999921218813,True
kitti_train,6165,006164.png,1,1,1,False,4.31250035681785e-11,2.760000228363424e-08,0.9999999982801465,True
kitti_train,6166,006165.png,3,3,3,False,3.617184329840484e-11,3.200000264769187e-08,0.9999999939218435,True
kitti_train,6167,006166.png,7,7,7,False,4.984374024630256e-11,4.530005526248715e-08,0.9999999955353182,True
kitti_train,6168,006167.png,4,4,4,False,4.937500408530582e-11,3.879995347233489e-08,0.9999999955884592,True
kitti_train,6169,006168.png,2,2,2,False,4.3437500124587913e-11,3.370001877556206e-08,0.999999994515541,True
kitti_train,6170,006169.png,8,8,8,False,4.718753165988687e-11,4.1799978589551756e-08,0.9999999947816018,True
kitti_train,6171,006170.png,2,2,2,False,3.601563491884008e-11,3.199994580427301e-08,0.9999999947849072,True
kitti_train,6174,006173.png,5,5,5,False,4.953125062878705e-11,3.8400003177230246e-08,0.9999999915068103,True
kitti_train,6175,006174.png,3,3,3,False,4.046873947061158e-11,3.200000264769187e-08,0.9999999930130199,True
kitti_train,6178,006177.png,4,4,4,False,4.7812497017130084e-11,3.25999849337677e-08,0.9999999952068609,True
kitti_train,6179,006178.png,2,2,2,False,4.421875365867578e-11,2.830000056519566e-08,0.999999996794144,True
kitti_train,6180,006179.png,12,12,12,False,4.656250038315157e-11,3.200005949111073e-08,0.9999999897137206,True
kitti_train,6181,006180.png,15,15,15,False,4.8984316602940225e-11,4.46000285592163e-08,0.9999999905727388,True
kitti_train,6182,006181.png,3,3,3,False,4.8125059493031586e-11,4.0900033582147444e-08,0.9999999887443081,True
kitti_train,6183,006182.png,3,3,3,False,3.890626709690537e-11,2.70999862550525e-08,0.9999999939534469,True
kitti_train,6184,006183.png,2,2,2,False,3.74999753471883e-11,3.200000264769187e-08,0.9999999989786071,True
kitti_train,6185,006184.png,3,3,3,False,3.882813515154737e-11,3.200000264769187e-08,0.9999999955618664,True
kitti_train,6186,006185.png,3,3,3,False,4.5625000305582475e-11,3.200005949111073e-08,0.9999999951690818,True
kitti_train,6188,006187.png,10,10,10,False,4.7656240065308e-11,4.410003384691663e-08,0.9999999939463512,True
kitti_train,6190,006189.png,15,15,15,False,4.898434435851584e-11,3.200005949111073e-08,0.9999999864050305,True
kitti_train,6191,006190.png,4,4,4,False,4.984375238936689e-11,3.1900000863060995e-08,0.9999999927226366,True
kitti_train,6192,006191.png,10,10,10,False,4.8437476252161105e-11,4.209994131088024e-08,0.9999999947270195,True
kitti_train,6193,006192.png,11,11,11,False,4.562499683613552e-11,3.200000264769187e-08,0.9999999938750748,True
kitti_train,6194,006193.png,1,1,1,False,3.328125275370297e-11,2.1300001762369902e-08,0.9999999967284161,True
kitti_train,6195,006194.png,1,1,1,False,4.250001045535967e-11,2.720000225053809e-08,0.9999999981861866,True
kitti_train,6196,006195.png,4,4,4,False,3.335931531012193e-11,2.639998797349108e-08,0.9999999966702693,True
kitti_train,6197,006196.png,4,4,4,False,4.96875318667378e-11,4.330001956986962e-08,0.9999999950661362,True
kitti_train,6198,006197.png,2,2,2,False,4.656249691370462e-11,3.4200041909571155e-08,0.9999999950315279,True
kitti_train,6199,006198.png,10,10,10,False,4.937499888113539e-11,3.580001362024632e-08,0.9999999887142823,True
kitti_train,6200,006199.png,7,7,7,False,4.828124011702073e-11,4.100000161599837e-08,0.9999999969436059,True
kitti_train,6201,006200.png,2,2,2,False,3.335931531012193e-11,3.200000264769187e-08,0.999999997592128,True
kitti_train,6202,006201.png,1,1,1,False,4.046873947061158e-11,3.810004045590176e-08,0.9999999986643056,True
kitti_train,6204,006203.png,3,3,3,False,3.335942633242439e-11,3.200005949111073e-08,0.9999999971374958,True
kitti_train,6205,006204.png,2,2,2,False,3.968747552818286e-11,3.200005949111073e-08,0.9999999981869796,True
kitti_train,6206,006205.png,5,5,5,False,4.7656267820883613e-11,3.8999985463306075e-08,0.9999999925562597,True
kitti_train,6207,006206.png,1,1,1,False,4.8750000564146134e-11,3.1200000805142736e-08,0.9999999936260615,True
kitti_train,6209,006208.png,8,8,8,False,4.171876732961266e-11,3.200000264769187e-08,0.9999999940033317,True
kitti_train,6210,006209.png,1,1,1,False,3.53124994523224e-11,2.30999717132363e-08,0.9999999956148743,True
kitti_train,6211,006210.png,4,4,4,False,4.703126776917088e-11,4.019995003545773e-08,0.9999999988633558,True
kitti_train,6212,006211.png,15,15,15,False,4.7968740091164364e-11,4.150001586822327e-08,0.9999999959017206,True
kitti_train,6213,006212.png,1,1,1,False,3.9374999788455156e-11,3.1199931527226e-08,0.9999999966375919,True
kitti_train,6214,006213.png,15,15,15,False,4.960931665465296e-11,3.200005949111073e-08,0.9999999936572437,True
kitti_train,6217,006216.png,2,2,2,False,4.554689958524705e-11,3.200000264769187e-08,0.9999999915265876,True
kitti_train,6218,006217.png,1,1,1,False,4.5156250266797926e-11,3.200005949111073e-08,0.9999999929909817,True
kitti_train,6220,006219.png,2,2,2,False,4.726563584966925e-11,3.520000291246106e-08,0.9999999945514843,True
kitti_train,6221,006220.png,3,3,3,False,4.898437558353841e-11,3.2300022212439217e-08,0.9999999967750975,True
kitti_train,6223,006222.png,1,1,1,False,3.2656245763096337e-11,2.0899996400203236e-08,0.9999999991224018,True
kitti_train,6224,006223.png,1,1,1,False,2.4062501990940177e-11,1.5400004826915392e-08,0.9999999998168555,True
kitti_train,6225,006224.png,14,14,14,False,4.9062490181661644e-11,3.200000264769187e-08,0.9999999934629669,True
kitti_train,6226,006225.png,6,6,6,False,4.999994862586732e-11,3.200000264769187e-08,0.9999999939390659,True
kitti_train,6227,006226.png,3,3,3,False,4.750000046072067e-11,3.200000264769187e-08,0.9999999909678444,True
kitti_train,6229,006228.png,1,1,1,False,3.656253078077043e-11,2.2199998284122557e-08,0.9999999978126625,True
kitti_train,6231,006230.png,1,1,1,False,3.328125275370297e-11,2.1299999986013063e-08,0.999999998960919,True
kitti_train,6232,006231.png,6,6,6,False,4.8593740142877095e-11,3.200000264769187e-08,0.9999999936040737,True
kitti_train,6233,006232.png,7,7,7,False,4.992184443608494e-11,3.910008672391996e-08,0.9999999950082393,True
kitti_train,6234,006233.png,5,5,5,False,4.1796899274970656e-11,3.2900004498515045e-08,0.9999999966519314,True
kitti_train,6236,006235.png,3,3,3,False,4.015624985309607e-11,3.2999992072291207e-08,0.9999999940100679,True
kitti_train,6237,006236.png,14,14,14,False,4.7578163631101233e-11,3.200000264769187e-08,0.9999999959137953,True
kitti_train,6238,006237.png,4,4,4,False,4.328126745889449e-11,3.200000264769187e-08,0.999999996640655,True
kitti_train,6239,006238.png,9,9,9,False,4.578126766574542e-11,3.200000264769187e-08,0.9999999968000558,True
kitti_train,6240,006239.png,1,1,1,False,4.562500377502943e-11,4.1600003441999434e-08,0.9999999988878009,True
kitti_train,6241,006240.png,1,1,1,False,5.000000413701855e-11,2.510000740585383e-08,0.9999999979380021,True
kitti_train,6242,006241.png,4,4,4,False,3.843750318033301e-11,3.200005949111073e-08,0.9999999938390511,True
kitti_train,6243,006242.png,6,6,6,False,3.734368370089669e-11,3.240000978621538e-08,0.9999999935058766,True
kitti_train,6244,006243.png,3,3,3,False,4.5000003723316695e-11,3.529999048623722e-08,0.9999999933761237,True
kitti_train,6245,006244.png,1,1,1,False,3.8906246280223655e-11,2.489999673116472e-08,0.9999999973583305,True
kitti_train,6246,006245.png,6,6,6,False,4.874997627801747e-11,4.5799993131367955e-08,0.9999999957565804,True
kitti_train,6247,006246.png,5,5,5,False,4.968747635558657e-11,3.91000298805011e-08,0.9999999985050413,True
kitti_train,6248,006247.png,3,3,3,False,4.968749717226828e-11,3.200000264769187e-08,0.9999999960881557,True
kitti_train,6249,006248.png,4,4,4,False,4.6718746926632804e-11,3.309997964606737e-08,0.999999995269972,True
kitti_train,6250,006249.png,4,4,4,False,4.10155798213907e-11,3.2999992072291207e-08,0.9999999926582567,True
kitti_train,6251,006250.png,4,4,4,False,4.921874886820721e-11,3.2900004498515045e-08,0.99999999048401,True
kitti_train,6252,006251.png,14,14,14,False,4.945321929739066e-11,3.240000978621538e-08,0.9999999956521096,True
kitti_train,6253,006252.png,1,1,1,False,4.328125011165973e-11,3.200000264769187e-08,0.9999999939432365,True
kitti_train,6255,006254.png,6,6,6,False,4.9062498855279024e-11,3.939999260182958e-08,0.9999999906393632,True
kitti_train,6256,006255.png,2,2,2,False,4.312494805702727e-11,3.6299979910836555e-08,0.9999999942245922,True
kitti_train,6259,006258.png,1,1,1,False,4.859376789845271e-11,3.4900040191132575e-08,0.99999999856655,True
kitti_train,6260,006259.png,2,2,2,False,3.335942633242439e-11,3.200000264769187e-08,0.9999999955047356,True
kitti_train,6261,006260.png,14,14,14,False,4.94531082750882e-11,3.199994580427301e-08,0.9999999957010154,True
kitti_train,6262,006261.png,7,7,7,False,4.8593740142877095e-11,4.150001586822327e-08,0.9999999948377307,True
kitti_train,6263,006262.png,9,9,9,False,4.8984372114091457e-11,3.579998519853689e-08,0.9999999906136481,True
kitti_train,6265,006264.png,4,4,4,False,4.554689958524705e-11,3.579998519853689e-08,0.9999999966774765,True
kitti_train,6266,006265.png,3,3,3,False,4.7265621971881444e-11,4.170000345027347e-08,0.9999999974804561,True
kitti_train,6267,006266.png,6,6,6,False,4.8984372114091457e-11,4.149995902480441e-08,0.9999999960092567,True
kitti_train,6269,006268.png,7,7,7,False,4.7968795602315595e-11,3.200000264769187e-08,0.9999999957605248,True
kitti_train,6270,006269.png,4,4,4,False,4.710942747010449e-11,3.790000846493058e-08,0.999999995663421,True
kitti_train,6271,006270.png,2,2,2,False,3.328126663149078e-11,2.1300024855008814e-08,0.9999999967780908,True
kitti_train,6272,006271.png,5,5,5,False,4.281249660342823e-11,3.200000264769187e-08,0.9999999965374025,True
kitti_train,6273,006272.png,10,10,10,False,4.4453163372537574e-11,3.200000264769187e-08,0.9999999950583234,True
kitti_train,6274,006273.png,7,7,7,False,4.9062476303873837e-11,3.669998704936006e-08,0.9999999950513822,True
kitti_train,6275,006274.png,3,3,3,False,4.984379575745379e-11,3.0199998946045525e-08,0.9999999841223293,True
kitti_train,6276,006275.png,4,4,4,False,4.9374997146411914e-11,3.1599995509168366e-08,0.999999995848486,True
kitti_train,6277,006276.png,9,9,9,False,4.8593747081771e-11,3.810004045590176e-08,0.9999999952722012,True
kitti_train,6278,006277.png,1,1,1,False,4.453124674563824e-11,3.200005949111073e-08,0.9999999965386547,True
kitti_train,6280,006279.png,2,2,2,False,4.843750053828977e-11,4.1799978589551756e-08,0.999999991520679,True
kitti_train,6281,006280.png,3,3,3,False,4.5000003723316695e-11,3.8399946333811386e-08,0.999999995555017,True
kitti_train,6282,006281.png,15,15,15,False,4.8593740142877095e-11,3.6399967484612716e-08,0.9999999936631052,True
kitti_train,6283,006282.png,3,3,3,False,3.968753103933409e-11,3.790000846493058e-08,0.9999999916198898,True
kitti_train,6284,006283.png,2,2,2,False,3.335931531012193e-11,2.1299999986013063e-08,0.9999999968328401,True
kitti_train,6285,006284.png,8,8,8,False,4.8593754020664903e-11,3.11000007968687e-08,0.9999999925097595,True
kitti_train,6286,006285.png,7,7,7,False,4.437500367160396e-11,3.439998863541405e-08,0.9999999975798156,True
kitti_train,6287,006286.png,4,4,4,False,4.648437190724053e-11,3.4999970921489876e-08,0.9999999933750893,True
kitti_train,6288,006287.png,2,2,2,False,4.5859385733315605e-11,3.3300004531611194e-08,0.9999999992411224,True
kitti_train,6289,006288.png,1,1,1,False,3.999994779846361e-11,3.6299923067417694e-08,0.9999999952044495,True
kitti_train,6290,006289.png,1,1,1,False,1.8281248043150455e-11,1.569998175909859e-08,0.9999999985918931,True
kitti_train,6291,006290.png,4,4,4,False,4.7656267820883613e-11,4.0300051296071615e-08,0.9999999964244217,True
kitti_train,6292,006291.png,14,14,14,False,4.7812531711599604e-11,3.200005949111073e-08,0.9999999952446844,True
kitti_train,6293,006292.png,1,1,1,False,3.789057956282704e-11,2.2999998350314854e-08,0.9999999988672544,True
kitti_train,6294,006293.png,6,6,6,False,4.984379575745379e-11,3.859997832478257e-08,0.9999999878464951,True
kitti_train,6295,006294.png,1,1,1,False,4.703124695248917e-11,3.470000820016139e-08,0.99999999866257,True
kitti_train,6296,006295.png,13,13,13,False,4.750000393016762e-11,3.4200013487861725e-08,0.9999999917811974,True
kitti_train,6297,006296.png,5,5,5,False,4.8203108171662734e-11,3.7000006614107406e-08,0.99999999163239,True
kitti_train,6298,006297.png,4,4,4,False,4.9375000615858866e-11,3.200000264769187e-08,0.9999999954341646,True
kitti_train,6301,006300.png,11,11,11,False,4.976563605652018e-11,4.549997356662061e-08,0.9999999963919372,True
kitti_train,6302,006301.png,8,8,8,False,3.734379472319915e-11,3.200005949111073e-08,0.9999999933424149,True
kitti_train,6303,006302.png,3,3,3,False,4.890625057707432e-11,3.130000081341677e-08,0.9999999938985858,True
kitti_train,6304,006303.png,8,8,8,False,4.179687151939504e-11,3.200000264769187e-08,0.9999999908487412,True
kitti_train,6305,006304.png,2,2,2,False,4.296873967746251e-11,3.069999365834519e-08,0.9999999897732581,True
kitti_train,6307,006306.png,11,11,11,False,4.7421955251536474e-11,3.399998149689054e-08,0.9999999922476217,True
kitti_train,6308,006307.png,7,7,7,False,4.984375412409037e-11,3.200000264769187e-08,0.9999999931241547,True
kitti_train,6309,006308.png,1,1,1,False,4.8593740142877095e-11,3.11000007968687e-08,0.9999999991874288,True
kitti_train,6310,006309.png,1,1,1,False,3.7499989224976105e-11,2.989997938129818e-08,0.9999999979273393,True
kitti_train,6311,006310.png,7,7,7,False,4.8125003981880354e-11,3.200000264769187e-08,0.9999999913457966,True
kitti_train,6312,006311.png,1,1,1,False,3.335931531012193e-11,3.200000264769187e-08,0.9999999969795891,True
kitti_train,6314,006313.png,2,2,2,False,4.234375003409063e-11,2.7100000465907215e-08,0.9999999968713008,True
kitti_train,6315,006314.png,10,10,10,False,4.984374718519646e-11,3.4200013487861725e-08,0.9999999980707123,True
kitti_train,6316,006315.png,3,3,3,False,4.437500367160396e-11,3.880001031575375e-08,0.999999994813088,True
kitti_train,6317,006316.png,1,1,1,False,4.7187503904311257e-11,3.509995849526604e-08,0.9999999974090469,True
kitti_train,6318,006317.png,3,3,3,False,3.960937133840048e-11,3.5600010050984565e-08,0.99999999413239,True
kitti_train,6320,006319.png,4,4,4,False,3.335942633242439e-11,3.200005949111073e-08,0.9999999988045756,True
kitti_train,6321,006320.png,8,8,8,False,4.99219554583874e-11,3.479999577393755e-08,0.9999999931334578,True
kitti_train,6322,006321.png,1,1,1,False,3.335931531012193e-11,2.1299999986013063e-08,0.9999999967765135,True
kitti_train,6323,006322.png,8,8,8,False,4.8515635953094716e-11,3.610000476328423e-08,0.9999999931893133,True
kitti_train,6324,006323.png,2,2,2,False,3.335942633242439e-11,3.200000264769187e-08,0.9999999946147448,True
kitti_train,6325,006324.png,5,5,5,False,4.968747635558657e-11,3.8400003177230246e-08,0.9999999953594865,True
kitti_train,6327,006326.png,5,5,5,False,4.8046844280946743e-11,3.200005949111073e-08,0.9999999926039063,True
kitti_train,6329,006328.png,8,8,8,False,4.92970109178259e-11,4.4300008994468953e-08,0.9999999930001068,True
kitti_train,6330,006329.png,5,5,5,False,4.4453218883688805e-11,3.200000264769187e-08,0.9999999990402424,True
kitti_train,6331,006330.png,7,7,7,False,4.4531267562319954e-11,3.200000264769187e-08,0.9999999942122512,True
kitti_train,6332,006331.png,2,2,2,False,3.335942633242439e-11,3.0899997227606946e-08,0.9999999932450698,True
kitti_train,6333,006332.png,3,3,3,False,4.8203108171662734e-11,3.269997250754386e-08,0.9999999955732862,True
kitti_train,6334,006333.png,5,5,5,False,4.890625404652127e-11,3.3299969004474406e-08,0.9999999963330382,True
kitti_train,6335,006334.png,8,8,8,False,4.8593740142877095e-11,3.270002935096272e-08,0.9999999961191621,True
kitti_train,6336,006335.png,4,4,4,False,4.007805198824599e-11,3.689990535349352e-08,0.9999999979534239,True
kitti_train,6337,006336.png,7,7,7,False,4.890624016873346e-11,3.450000463089964e-08,0.9999999949847566,True
kitti_train,6338,006337.png,1,1,1,False,3.000000248221113e-11,1.9899971448467113e-08,0.999999998461727,True
kitti_train,6339,006338.png,8,8,8,False,5.000000413701855e-11,3.930000502805342e-08,0.9999999935687528,True
kitti_train,6340,006339.png,2,2,2,False,4.7968740091164364e-11,3.7000006614107406e-08,0.9999999954431985,True
kitti_train,6341,006340.png,2,2,2,False,4.296873967746251e-11,3.750000132640707e-08,0.9999999964502158,True
kitti_train,6342,006341.png,5,5,5,False,4.046873947061158e-11,3.0299986519821687e-08,0.9999999970892188,True
kitti_train,6344,006343.png,2,2,2,False,3.578126683834171e-11,2.5599945274734637e-08,0.9999999974183842,True
kitti_train,6345,006344.png,10,10,10,False,4.874999015580528e-11,3.200000264769187e-08,0.9999999927989492,True
kitti_train,6347,006346.png,3,3,3,False,4.9531254098234e-11,3.2999992072291207e-08,0.9999999944072706,True
kitti_train,6348,006347.png,1,1,1,False,4.593750380088579e-11,3.200005949111073e-08,0.9999999991588464,True
kitti_train,6349,006348.png,1,1,1,False,3.3906252805415704e-11,2.170000357182289e-08,0.9999999996604154,True
kitti_train,6350,006349.png,1,1,1,False,3.328137765379324e-11,2.1300081698427675e-08,0.9999999963075958,True
kitti_train,6351,006350.png,4,4,4,False,4.8593795654028327e-11,3.7600045743602095e-08,0.9999999950324691,True
kitti_train,6352,006351.png,2,2,2,False,4.937500408530582e-11,3.200000264769187e-08,0.9999999891505073,True
kitti_train,6353,006352.png,2,2,2,False,4.0468767226187197e-11,3.200000264769187e-08,0.9999999938977067,True
kitti_train,6356,006355.png,3,3,3,False,3.9374999788455156e-11,2.520000030870051e-08,0.9999999979100825,True
kitti_train,6357,006356.png,8,8,8,False,4.6562503852598525e-11,3.200005949111073e-08,0.9999999966007203,True
kitti_train,6358,006357.png,2,2,2,False,4.781247620044837e-11,4.010004772680986e-08,0.9999999961854115,True
kitti_train,6359,006358.png,4,4,4,False,4.593749686199189e-11,3.200000264769187e-08,0.9999999912693318,True
kitti_train,6360,006359.png,1,1,1,False,4.6093750344367024e-11,2.9500000664484105e-08,0.999999993364124,True
kitti_train,6361,006360.png,3,3,3,False,3.609379461977369e-11,3.200005949111073e-08,0.9999999969817832,True
kitti_train,6362,006361.png,11,11,11,False,4.890625404652127e-11,4.3699969864974264e-08,0.9999999929222445,True
kitti_train,6363,006362.png,8,8,8,False,4.937500408530582e-11,3.6399967484612716e-08,0.9999999930931768,True
kitti_train,6365,006364.png,2,2,2,False,4.3828135565249227e-11,2.8000002316730388e-08,0.9999999939815656,True
kitti_train,6367,006366.png,9,9,9,False,4.945316378623943e-11,3.200000264769187e-08,0.9999999952346007,True
kitti_train,6368,006367.png,4,4,4,False,4.992184443608494e-11,3.200000264769187e-08,0.9999999954481256,True
kitti_train,6369,006368.png,9,9,9,False,5.000000413701855e-11,3.200000264769187e-08,0.9999999952092229,True
kitti_train,6370,006369.png,5,5,5,False,4.5234371803815066e-11,3.810004045590176e-08,0.9999999949760479,True
kitti_train,6372,006371.png,8,8,8,False,4.734375044779249e-11,3.200000264769187e-08,0.9999999940170349,True
kitti_train,6373,006372.png,7,7,7,False,4.742184422923401e-11,4.140002829444711e-08,0.9999999943311437,True
kitti_train,6374,006373.png,2,2,2,False,4.8750000564146134e-11,3.730002617885475e-08,0.9999999938994756,True
kitti_train,6375,006374.png,2,2,2,False,4.21875034906094e-11,3.7099937344464706e-08,0.9999999985804521,True
kitti_train,6376,006375.png,1,1,1,False,4.6562503852598525e-11,2.9800002465663056e-08,0.9999999945595803,True
kitti_train,6377,006376.png,16,16,16,False,4.8281267872596345e-11,3.880001031575375e-08,0.9999999937596303,True
kitti_train,6379,006378.png,5,5,5,False,4.1562531194472285e-11,3.8199999607968493e-08,0.999999994338564,True
kitti_train,6380,006379.png,13,13,13,False,4.750000393016762e-11,3.200005949111073e-08,0.9999999957638389,True
kitti_train,6381,006380.png,2,2,2,False,4.960937216580419e-11,4.5799993131367955e-08,0.9999999963526541,True
kitti_train,6382,006381.png,6,6,6,False,4.656247609702291e-11,3.200000264769187e-08,0.9999999942287391,True
kitti_train,6383,006382.png,4,4,4,False,4.437500367160396e-11,3.200000264769187e-08,0.9999999903988892,True
kitti_train,6384,006383.png,1,1,1,False,4.312500009873155e-11,2.76000005072774e-08,0.9999999945449544,True
kitti_train,6385,006384.png,1,1,1,False,4.687500387845489e-11,3.339999921081471e-08,0.9999999951162478,True
kitti_train,6387,006386.png,5,5,5,False,4.3437503594034865e-11,2.990003622471704e-08,0.9999999954358798,True
kitti_train,6388,006387.png,2,2,2,False,4.062499642243367e-11,2.5999998598535967e-08,0.9999999943819085,True
kitti_train,6389,006388.png,4,4,4,False,3.335942633242439e-11,3.200005949111073e-08,0.99999999759717,True
kitti_train,6390,006389.png,14,14,14,False,4.4999948212165464e-11,3.200000264769187e-08,0.9999999914340636,True
kitti_train,6391,006390.png,15,15,15,False,4.7187503904311257e-11,3.3999995707745256e-08,0.9999999914403184,True
kitti_train,6392,006391.png,6,6,6,False,4.749989290786516e-11,4.219998572807526e-08,0.9999999982445695,True
kitti_train,6393,006392.png,1,1,1,False,3.328124928425602e-11,2.1299999986013063e-08,0.9999999968726475,True
kitti_train,6394,006393.png,1,1,1,False,3.335942633242439e-11,3.200000264769187e-08,0.9999999992352658,True
kitti_train,6395,006394.png,7,7,7,False,4.7890691412533215e-11,3.270002935096272e-08,0.9999999964979888,True
kitti_train,6397,006396.png,14,14,14,False,4.8437497068842816e-11,4.369998407582898e-08,0.9999999951137588,True
kitti_train,6398,006397.png,2,2,2,False,4.22656354359674e-11,3.939999970725694e-08,0.9999999961305156,True
kitti_train,6399,006398.png,3,3,3,False,4.992189994723617e-11,4.730003411168582e-08,0.999999996571756,True
kitti_train,6400,006399.png,14,14,14,False,4.9452997252785735e-11,3.469995135674253e-08,0.9999999939530361,True
kitti_train,6401,006400.png,6,6,6,False,4.695310806823727e-11,3.200005949111073e-08,0.9999999910981174,True
kitti_train,6403,006402.png,5,5,5,False,3.367189860270514e-11,3.200005949111073e-08,0.9999999932532628,True
kitti_train,6404,006403.png,6,6,6,False,4.687500040900794e-11,4.31999751526746e-08,0.9999999926079387,True
kitti_train,6405,006404.png,10,10,10,False,4.390626751060722e-11,3.200000264769187e-08,0.9999999966102863,True
kitti_train,6406,006405.png,3,3,3,False,4.28905799765289e-11,2.4099996664972423e-08,0.9999999957949485,True
kitti_train,6407,006406.png,2,2,2,False,3.6562503025194815e-11,3.200000264769187e-08,0.9999999959621323,True
kitti_train,6408,006407.png,6,6,6,False,4.9687504111162184e-11,4.139999987273768e-08,0.99999999432471,True
kitti_train,6412,006411.png,1,1,1,False,4.4531267562319954e-11,2.2600001869932385e-08,0.999999997603879,True
kitti_train,6413,006412.png,4,4,4,False,4.921875060293068e-11,3.200000264769187e-08,0.9999999954397356,True
kitti_train,6414,006413.png,4,4,4,False,4.5546844074095816e-11,3.2999992072291207e-08,0.9999999955960422,True
kitti_train,6417,006416.png,11,11,11,False,4.8359427573529956e-11,4.05000832870428e-08,0.9999999934177836,True
kitti_train,6420,006419.png,3,3,3,False,4.750000393016762e-11,3.200000264769187e-08,0.999999994465073,True
kitti_train,6421,006420.png,5,5,5,False,4.9765608300944564e-11,4.1099980307990336e-08,0.9999999977224556,True
kitti_train,6422,006421.png,5,5,5,False,4.60937954471774e-11,3.949998017560574e-08,0.9999999953046989,True
kitti_train,6423,006422.png,20,20,20,False,4.968750064171523e-11,4.6000010911484424e-08,0.9999999885887099,True
kitti_train,6426,006425.png,4,4,4,False,4.625000382674216e-11,3.670004389277892e-08,0.9999999956146576,True
kitti_train,6427,006426.png,12,12,12,False,4.874997627801747e-11,3.319996721984353e-08,0.9999999943208484,True
kitti_train,6428,006427.png,10,10,10,False,4.914069151595868e-11,4.7000014546938473e-08,0.9999999968097396,True
kitti_train,6429,006428.png,1,1,1,False,3.328125275370297e-11,2.1299999986013063e-08,0.9999999989999186,True
kitti_train,6430,006429.png,10,10,10,False,4.7656250473648853e-11,4.1600003441999434e-08,0.9999999957682987,True
kitti_train,6431,006430.png,5,5,5,False,4.8124990104092547e-11,3.120004521406372e-08,0.9999999957113686,True
kitti_train,6432,006431.png,16,16,16,False,4.95312471593401e-11,4.4300008994468953e-08,0.9999999886515755,True
kitti_train,6433,006432.png,6,6,6,False,4.703124695248917e-11,3.100001322309254e-08,0.9999999907226033,True
kitti_train,6434,006433.png,5,5,5,False,4.8593795654028327e-11,3.6300036754255416e-08,0.9999999905125667,True
kitti_train,6435,006434.png,1,1,1,False,2.5624946609070776e-11,1.75999730345211e-08,0.999999999142007,True
kitti_train,6436,006435.png,2,2,2,False,3.718747532133193e-11,3.1699926239525666e-08,0.9999999954687318,True
kitti_train,6437,006436.png,3,3,3,False,4.984374718519646e-11,4.4999978854320943e-08,0.999999995931062,True
kitti_train,6438,006437.png,4,4,4,False,4.5234371803815066e-11,2.6300000399714918e-08,0.9999999928219432,True
kitti_train,6439,006438.png,6,6,6,False,3.890626709690537e-11,3.269997250754386e-08,0.9999999933416609,True
kitti_train,6440,006439.png,4,4,4,False,3.5468739056909726e-11,3.200000264769187e-08,0.9999999923706782,True
kitti_train,6441,006440.png,3,3,3,False,4.4687475941884713e-11,3.200000264769187e-08,0.999999990431266,True
kitti_train,6442,006441.png,4,4,4,False,4.5390580183379825e-11,3.470000820016139e-08,0.9999999888977036,True
kitti_train,6443,006442.png,3,3,3,False,3.687500305105118e-11,2.3600001952672756e-08,0.9999999965352904,True
kitti_train,6444,006443.png,4,4,4,False,3.734373921204792e-11,3.200000264769187e-08,0.9999999955077713,True
kitti_train,6445,006444.png,11,11,11,False,4.8906212413157846e-11,4.209994131088024e-08,0.9999999934774557,True
kitti_train,6446,006445.png,7,7,7,False,4.7968740091164364e-11,4.410003384691663e-08,0.9999999951031738,True
kitti_train,6447,006446.png,2,2,2,False,4.328126745889449e-11,3.749997290469764e-08,0.9999999959645658,True
kitti_train,6450,006449.png,9,9,9,False,4.968747635558657e-11,3.200000264769187e-08,0.9999999751523746,True
kitti_train,6451,006450.png,6,6,6,False,4.359373972917524e-11,3.200000264769187e-08,0.9999999931804012,True
kitti_train,6452,006451.png,1,1,1,False,4.12499964741464e-11,2.6399998631632116e-08,0.9999999988379686,True
kitti_train,6453,006452.png,4,4,4,False,3.984375329668666e-11,3.200005949111073e-08,0.9999999955035636,True
kitti_train,6454,006453.png,3,3,3,False,4.8437476252161105e-11,4.3700026708393125e-08,0.9999999942012151,True
kitti_train,6456,006455.png,1,1,1,False,4.40625036457476e-11,2.820000588599214e-08,0.9999999981405165,True
kitti_train,6457,006456.png,1,1,1,False,3.328125275370297e-11,2.1300003538726742e-08,0.9999999990347606,True
kitti_train,6458,006457.png,6,6,6,False,4.1640690895405896e-11,3.40999690706667e-08,0.9999999954420675,True
kitti_train,6459,006458.png,1,1,1,False,4.8984316602940225e-11,2.6799966690305155e-08,0.9999999971210156,True
kitti_train,6460,006459.png,3,3,3,False,4.8437476252161105e-11,4.1000021155923605e-08,0.9999999953687435,True
kitti_train,6462,006461.png,5,5,5,False,4.1796899274970656e-11,2.15999875763373e-08,0.9999999963675541,True
kitti_train,6463,006462.png,3,3,3,False,3.335942633242439e-11,3.200005949111073e-08,0.9999999966078914,True
kitti_train,6465,006464.png,2,2,2,False,4.421875018922883e-11,3.200000264769187e-08,0.9999999951862,True
kitti_train,6466,006465.png,4,4,4,False,4.617189963695978e-11,3.200000264769187e-08,0.9999999875652583,True
kitti_train,6467,006466.png,1,1,1,False,4.562505928618066e-11,3.200000264769187e-08,0.999999996102223,True
kitti_train,6468,006467.png,8,8,8,False,4.906250405944945e-11,3.640002432803158e-08,0.9999999917932981,True
kitti_train,6469,006468.png,8,8,8,False,4.8828108223375466e-11,3.80999836124829e-08,0.9999999968380711,True
kitti_train,6470,006469.png,6,6,6,False,4.984374024630256e-11,4.2299973301851423e-08,0.9999999955724083,True
kitti_train,6472,006471.png,1,1,1,False,2.968751633414257e-11,1.9000012230208085e-08,0.9999999992414917,True
kitti_train,6473,006472.png,1,1,1,False,4.187505897590427e-11,3.5599896364146844e-08,0.9999999980106451,True
kitti_train,6474,006473.png,2,2,2,False,3.335942633242439e-11,3.200000264769187e-08,0.9999999940184656,True
kitti_train,6475,006474.png,8,8,8,False,4.703124695248917e-11,3.200005949111073e-08,0.9999999966612555,True
kitti_train,6477,006476.png,2,2,2,False,3.749999616387001e-11,2.4000001985768904e-08,0.9999999979943308,True
kitti_train,6478,006477.png,4,4,4,False,4.2421843815532156e-11,3.459996378296637e-08,0.9999999942905651,True
kitti_train,6479,006478.png,6,6,6,False,4.8281247055914633e-11,3.570005446817959e-08,0.9999999937035148,True
kitti_train,6481,006480.png,1,1,1,False,4.867195535496194e-11,3.720003860507859e-08,0.9999999969325943,True
kitti_train,6482,006481.png,3,3,3,False,4.445313561696196e-11,4.170000522663031e-08,0.9999999964333857,True
kitti_train,6483,006482.png,4,4,4,False,3.8906211585754136e-11,2.4399998466151374e-08,0.9999999937424315,True
kitti_train,6484,006483.png,5,5,5,False,4.937500408530582e-11,3.200000264769187e-08,0.999999996899872,True
kitti_train,6486,006485.png,1,1,1,False,4.0781253374255755e-11,3.2100018643177464e-08,0.9999999980138905,True
kitti_train,6487,006486.png,2,2,2,False,4.328126745889449e-11,2.7700011173692474e-08,0.9999999985928647,True
kitti_train,6489,006488.png,10,10,10,False,4.8281247055914633e-11,4.119999630347593e-08,0.9999999978083903,True
kitti_train,6490,006489.png,12,12,12,False,4.7656253943095805e-11,4.050002644362394e-08,0.9999999952445557,True
kitti_train,6491,006490.png,7,7,7,False,4.843750400773672e-11,3.2300001784335564e-08,0.9999999946239927,True
kitti_train,6492,006491.png,3,3,3,False,4.484374677149461e-11,3.200000264769187e-08,0.9999999953482391,True
kitti_train,6493,006492.png,5,5,5,False,4.453124674563824e-11,3.119998837064486e-08,0.9999999942991965,True
kitti_train,6494,006493.png,6,6,6,False,4.8750004033593086e-11,3.9600024592800764e-08,0.999999994618702,True
kitti_train,6495,006494.png,7,7,7,False,4.8984385991879265e-11,3.200005949111073e-08,0.999999997694364,True
kitti_train,6496,006495.png,6,6,6,False,4.617195514811101e-11,4.3699969864974264e-08,0.9999999949419239,True
kitti_train,6498,006497.png,11,11,11,False,4.8828052712224235e-11,3.879995347233489e-08,0.9999999962864666,True
kitti_train,6499,006498.png,8,8,8,False,4.9687365333284106e-11,4.6500019834638806e-08,0.9999999959195592,True
kitti_train,6501,006500.png,5,5,5,False,4.6718746926632804e-11,4.3699969864974264e-08,0.9999999908060947,True
kitti_train,6502,006501.png,4,4,4,False,4.718749696541735e-11,3.200000264769187e-08,0.9999999945800532,True
kitti_train,6503,006502.png,1,1,1,False,4.968747635558657e-11,3.6199992337060394e-08,0.9999999981533624,True
kitti_train,6504,006503.png,5,5,5,False,4.726552482736679e-11,3.6299979910836555e-08,0.9999999950628967,True
kitti_train,6505,006504.png,4,4,4,False,4.562500377502943e-11,3.7700004895668826e-08,0.9999999962546211,True
kitti_train,6506,006505.png,2,2,2,False,3.984373941889885e-11,2.550000033352262e-08,0.9999999984557529,True
kitti_train,6507,006506.png,5,5,5,False,4.9843768001878175e-11,4.5000000170603016e-08,0.9999999937505054,True
kitti_train,6508,006507.png,4,4,4,False,4.171875345182485e-11,3.969999795572221e-08,0.9999999930349621,True
kitti_train,6510,006509.png,4,4,4,False,4.984374024630256e-11,3.939999260182958e-08,0.9999999931626941,True
kitti_train,6512,006511.png,8,8,8,False,4.6171871881384163e-11,3.629999767440495e-08,0.9999999900730981,True
kitti_train,6515,006514.png,4,4,4,False,4.320310775796088e-11,3.4299944218219025e-08,0.9999999967936747,True
kitti_train,6517,006516.png,2,2,2,False,4.093769767621325e-11,2.6500060812395532e-08,0.9999999967564281,True
kitti_train,6518,006517.png,2,2,2,False,3.335942633242439e-11,2.1300003538726742e-08,0.9999999937157984,True
kitti_train,6519,006518.png,2,2,2,False,4.9375000615858866e-11,3.1600000838238884e-08,0.9999999948065208,True
kitti_train,6521,006520.png,8,8,8,False,4.718747614873564e-11,4.06000140174001e-08,0.9999999946077477,True
kitti_train,6522,006521.png,1,1,1,False,3.328137765379324e-11,2.1299968011589954e-08,0.9999999984381139,True
kitti_train,6523,006522.png,6,6,6,False,4.960931665465296e-11,3.790000846493058e-08,0.9999999942456271,True
kitti_train,6524,006523.png,12,12,12,False,4.953125062878705e-11,4.31999751526746e-08,0.9999999915260483,True
kitti_train,6525,006524.png,4,4,4,False,4.156250343889667e-11,3.200000264769187e-08,0.9999999938994303,True
kitti_train,6526,006525.png,7,7,7,False,4.484376758817632e-11,3.200000264769187e-08,0.9999999933367775,True
kitti_train,6527,006526.png,6,6,6,False,4.375000361989123e-11,3.450003305260907e-08,0.9999999964240902,True
kitti_train,6528,006527.png,9,9,9,False,4.1875003464753036e-11,3.200000264769187e-08,0.9999999962838796,True
kitti_train,6530,006529.png,2,2,2,False,4.9062476303873837e-11,2.619999861508404e-08,0.9999999940694665,True
kitti_train,6531,006530.png,7,7,7,False,4.976563605652018e-11,4.729997726826696e-08,0.9999999952934402,True
kitti_train,6532,006531.png,5,5,5,False,4.7812531711599604e-11,3.780007773457328e-08,0.9999999953314291,True
kitti_train,6533,006532.png,8,8,8,False,4.734374003945163e-11,3.6199992337060394e-08,0.9999999964543016,True
kitti_train,6534,006533.png,4,4,4,False,4.015624985309607e-11,3.199994580427301e-08,0.9999999957073735,True
kitti_train,6537,006536.png,7,7,7,False,4.5000003723316695e-11,3.520000291246106e-08,0.9999999933922487,True
kitti_train,6538,006537.png,2,2,2,False,4.570321898711427e-11,3.80999836124829e-08,0.9999999963651958,True
kitti_train,6540,006539.png,5,5,5,False,4.90625005900025e-11,3.2900061341933906e-08,0.9999999974811168,True
kitti_train,6541,006540.png,4,4,4,False,4.8281267872596345e-11,3.200000264769187e-08,0.9999999972492761,True
kitti_train,6542,006541.png,1,1,1,False,4.796875396895217e-11,3.070000076377255e-08,0.9999999965294455,True
kitti_train,6543,006542.png,5,5,5,False,4.94531082750882e-11,3.200005949111073e-08,0.9999999964782607,True
kitti_train,6546,006545.png,1,1,1,False,3.109374563381451e-11,1.9899999870176543e-08,0.9999999993526923,True
kitti_train,6547,006546.png,2,2,2,False,4.562498989724162e-11,3.199994580427301e-08,0.9999999949718132,True
kitti_train,6550,006549.png,14,14,14,False,4.8437476252161105e-11,3.579998519853689e-08,0.9999999957064696,True
kitti_train,6551,006550.png,2,2,2,False,4.1562496500002766e-11,2.779995611490449e-08,0.9999999959897784,True
kitti_train,6552,006551.png,3,3,3,False,4.8671899843810706e-11,3.200000264769187e-08,0.9999999919946384,True
kitti_train,6553,006552.png,4,4,4,False,4.46093162409511e-11,2.769999696283776e-08,0.9999999985903512,True
kitti_train,6554,006553.png,2,2,2,False,4.0468746409505485e-11,3.200005949111073e-08,0.9999999963774899,True
kitti_train,6556,006555.png,2,2,2,False,3.335937082127316e-11,3.200000264769187e-08,0.9999999895753989,True
kitti_train,6557,006556.png,4,4,4,False,4.664058028680529e-11,4.070000159117626e-08,0.999999996166929,True
kitti_train,6558,006557.png,6,6,6,False,4.750000393016762e-11,3.200005949111073e-08,0.999999995009884,True
kitti_train,6559,006558.png,2,2,2,False,3.8203162855410255e-11,3.2300022212439217e-08,0.9999999992620825,True
kitti_train,6560,006559.png,15,15,15,False,4.843750400773672e-11,3.830000139259937e-08,0.9999999935127771,True
kitti_train,6561,006560.png,4,4,4,False,4.562497601945381e-11,3.859997832478257e-08,0.9999999943897818,True
kitti_train,6563,006562.png,15,15,15,False,4.9062420792722605e-11,4.3700083551811986e-08,0.9999999940092655,True
kitti_train,6564,006563.png,2,2,2,False,4.94531082750882e-11,3.200000264769187e-08,0.9999999967509692,True
kitti_train,6565,006564.png,11,11,11,False,4.8984372114091457e-11,4.0299994452652754e-08,0.9999999951962032,True
kitti_train,6567,006566.png,1,1,1,False,4.414052456880313e-11,3.200005949111073e-08,0.9999999938777356,True
kitti_train,6568,006567.png,8,8,8,False,4.4531253684532146e-11,3.200000264769187e-08,0.9999999948352009,True
kitti_train,6570,006569.png,5,5,5,False,4.289069099883136e-11,3.440001705712348e-08,0.9999999951822305,True
kitti_train,6571,006570.png,7,7,7,False,4.9453136030663813e-11,3.200000264769187e-08,0.9999999956008777,True
kitti_train,6572,006571.png,6,6,6,False,4.9687504111162184e-11,3.200005949111073e-08,0.9999999935271418,True
kitti_train,6574,006573.png,1,1,1,False,4.4609427263253565e-11,2.510006424927269e-08,0.9999999983252866,True
kitti_train,6576,006575.png,1,1,1,False,4.734379555060286e-11,2.7699968541128328e-08,0.9999999982509522,True
kitti_train,6577,006576.png,4,4,4,False,4.1796843763819425e-11,3.9099973037082236e-08,0.9999999967183539,True
kitti_train,6578,006577.png,4,4,4,False,4.3437500124587913e-11,3.2199977795244195e-08,0.9999999928133003,True
kitti_train,6579,006578.png,10,10,10,False,4.992184443608494e-11,4.279996801415109e-08,0.99999999602656,True
kitti_train,6583,006582.png,2,2,2,False,4.750000046072067e-11,3.03999989625936e-08,0.999999989735088,True
kitti_train,6584,006583.png,19,19,19,False,4.8593754020664903e-11,4.019995003545773e-08,0.9999999944918955,True
kitti_train,6585,006584.png,1,1,1,False,3.328125275370297e-11,2.1300003538726742e-08,0.9999999987784423,True
kitti_train,6586,006585.png,1,1,1,False,4.960937216580419e-11,4.200001058052294e-08,0.9999999980534073,True
kitti_train,6587,006586.png,2,2,2,False,3.328125275370297e-11,2.1300003538726742e-08,0.9999999974028946,True
kitti_train,6588,006587.png,7,7,7,False,4.5000003723316695e-11,3.1999995542264514e-08,0.999999997724198,True
kitti_train,6590,006589.png,20,20,20,False,4.906251793723726e-11,4.409997700349777e-08,0.9999999931135131,True
kitti_train,6591,006590.png,6,6,6,False,4.218758675733625e-11,3.440004547883291e-08,0.9999999950130746,True
kitti_train,6592,006591.png,3,3,3,False,4.8828052712224235e-11,3.80999836124829e-08,0.9999999944555267,True
kitti_train,6593,006592.png,2,2,2,False,4.7656250473648853e-11,3.450003305260907e-08,0.9999999929417889,True
kitti_train,6595,006594.png,11,11,11,False,4.5000003723316695e-11,4.020000687887659e-08,0.9999999951496864,True
kitti_train,6596,006595.png,9,9,9,False,4.8281250525361585e-11,3.649999769095302e-08,0.99999999319949,True
kitti_train,6598,006597.png,8,8,8,False,4.570321898711427e-11,3.200005949111073e-08,0.9999999947208111,True
kitti_train,6599,006598.png,11,11,11,False,4.984374718519646e-11,3.199994580427301e-08,0.9999999966862776,True
kitti_train,6601,006600.png,4,4,4,False,4.992189994723617e-11,2.580000568741525e-08,0.9999999927058472,True
kitti_train,6602,006601.png,2,2,2,False,4.5000003723316695e-11,3.199994580427301e-08,0.9999999963952965,True
kitti_train,6603,006602.png,12,12,12,False,4.9531240220446193e-11,3.200000264769187e-08,0.9999999956476396,True
kitti_train,6604,006603.png,2,2,2,False,4.2109385423039214e-11,3.479999932665123e-08,0.9999999983959973,True
kitti_train,6605,006604.png,4,4,4,False,4.671875386552671e-11,3.200000264769187e-08,0.9999999944690222,True
kitti_train,6606,006605.png,7,7,7,False,4.109368401117308e-11,3.679997462313622e-08,0.9999999950571821,True
kitti_train,6607,006606.png,1,1,1,False,4.593750033143884e-11,4.06000140174001e-08,0.9999999947636583,True
kitti_train,6608,006607.png,1,1,1,False,3.968747552818286e-11,2.239999830067063e-08,0.9999999968112723,True
kitti_train,6609,006608.png,15,15,15,False,4.9687504111162184e-11,3.200005949111073e-08,0.9999999947059118,True
kitti_train,6610,006609.png,1,1,1,False,4.984368473515133e-11,3.200000264769187e-08,0.9999999948946545,True
kitti_train,6611,006610.png,2,2,2,False,4.921874019458983e-11,4.1999996369668224e-08,0.9999999970584094,True
kitti_train,6612,006611.png,8,8,8,False,4.796875049950522e-11,3.330001163703855e-08,0.9999999936120424,True
kitti_train,6613,006612.png,9,9,9,False,3.6874996112157277e-11,3.200005949111073e-08,0.9999999846478714,True
kitti_train,6614,006613.png,8,8,8,False,4.8906212413157846e-11,3.179997065672069e-08,0.9999999917138724,True
kitti_train,6615,006614.png,4,4,4,False,4.429687866513987e-11,3.200000264769187e-08,0.9999999935175733,True
kitti_train,6616,006615.png,1,1,1,False,3.328126663149078e-11,2.1300024855008814e-08,0.9999999928577814,True
kitti_train,6617,006616.png,6,6,6,False,4.8984372114091457e-11,3.200000264769187e-08,0.9999999923116084,True
kitti_train,6620,006619.png,5,5,5,False,4.734375391723944e-11,3.469997977845196e-08,0.9999999953572318,True
kitti_train,6621,006620.png,3,3,3,False,4.250000351646577e-11,3.8400003177230246e-08,0.9999999963918392,True
kitti_train,6622,006621.png,3,3,3,False,4.8593754020664903e-11,3.2100018643177464e-08,0.9999999945698853,True
kitti_train,6623,006622.png,11,11,11,False,4.6797010710974973e-11,3.380006319275708e-08,0.9999999967269644,True
kitti_train,6624,006623.png,7,7,7,False,4.828125399480854e-11,3.0899997227606946e-08,0.9999999938676157,True
kitti_train,6625,006624.png,8,8,8,False,4.984374718519646e-11,4.3099959157189005e-08,0.9999999955054016,True
kitti_train,6626,006625.png,10,10,10,False,4.9062476303873837e-11,3.860003516820143e-08,0.9999999951052717,True
kitti_train,6627,006626.png,2,2,2,False,4.4687475941884713e-11,3.200000264769187e-08,0.9999999935536064,True
kitti_train,6628,006627.png,7,7,7,False,4.203125347768122e-11,3.7600017321892665e-08,0.9999999922585318,True
kitti_train,6630,006629.png,8,8,8,False,4.578125378795761e-11,3.2200034638663055e-08,0.9999999961730933,True
kitti_train,6631,006630.png,6,6,6,False,4.796875049950522e-11,3.200000264769187e-08,0.9999999942173534,True
kitti_train,6632,006631.png,4,4,4,False,4.9687504111162184e-11,3.18000026311438e-08,0.9999999959379868,True
kitti_train,6634,006633.png,4,4,4,False,4.67187399877389e-11,3.200005949111073e-08,0.9999999947443572,True
kitti_train,6635,006634.png,3,3,3,False,3.335931531012193e-11,2.1299998209656223e-08,0.9999999944219756,True
kitti_train,6636,006635.png,5,5,5,False,4.7187503904311257e-11,2.7699968541128328e-08,0.9999999874109741,True
kitti_train,6638,006637.png,10,10,10,False,4.9374893063003356e-11,3.709999418788357e-08,0.9999999941104961,True
kitti_train,6640,006639.png,14,14,14,False,4.9921872191660555e-11,3.579998519853689e-08,0.9999999942668198,True
kitti_train,6641,006640.png,8,8,8,False,4.890625057707432e-11,4.3100044422317296e-08,0.9999999887631837,True
kitti_train,6642,006641.png,1,1,1,False,3.328126663149078e-11,2.2200012494977273e-08,0.9999999955596616,True
kitti_train,6644,006643.png,4,4,4,False,4.9062476303873837e-11,3.200005949111073e-08,0.9999999926959081,True
kitti_train,6645,006644.png,4,4,4,False,4.046875334839939e-11,3.200000264769187e-08,0.9999999971073473,True
kitti_train,6647,006646.png,4,4,4,False,3.335931531012193e-11,2.1300024855008814e-08,0.999999998522972,True
kitti_train,6648,006647.png,5,5,5,False,4.5312531504748677e-11,2.3700000184589953e-08,0.9999999911259232,True
kitti_train,6649,006648.png,12,12,12,False,4.9218629172287365e-11,4.4500012563730706e-08,0.9999999965407196,True
kitti_train,6651,006650.png,3,3,3,False,3.328126663149078e-11,2.3500092538597528e-08,0.9999999965796307,True
kitti_train,6652,006651.png,2,2,2,False,4.976563605652018e-11,3.199994580427301e-08,0.9999999974899967,True
kitti_train,6653,006652.png,1,1,1,False,4.593750380088579e-11,2.939999887985323e-08,0.9999999987740725,True
kitti_train,6654,006653.png,1,1,1,False,4.843750400773672e-11,3.100000611766518e-08,0.9999999989279389,True
kitti_train,6656,006655.png,9,9,9,False,4.906249712055555e-11,3.1500007935392205e-08,0.9999999957999365,True
kitti_train,6658,006657.png,5,5,5,False,4.82030526605115e-11,3.200000264769187e-08,0.9999999937017362,True
kitti_train,6659,006658.png,4,4,4,False,4.187498958696523e-11,3.200000264769187e-08,0.9999999966888939,True
kitti_train,6660,006659.png,6,6,6,False,5.000000413701855e-11,3.0199998946045525e-08,0.9999999961114729,True
kitti_train,6662,006661.png,1,1,1,False,4.7031253891383074e-11,3.7599988900183234e-08,0.9999999986209507,True
kitti_train,6663,006662.png,9,9,9,False,4.617184412580855e-11,3.2100018643177464e-08,0.9999999980914245,True
kitti_train,6665,006664.png,5,5,5,False,4.921875060293068e-11,3.150000082996485e-08,0.9999999922287016,True
kitti_train,6666,006665.png,7,7,7,False,4.843750400773672e-11,3.200000264769187e-08,0.9999999972369821,True
kitti_train,6667,006666.png,1,1,1,False,2.7421870330002207e-11,2.3200005472290286e-08,0.9999999992829065,True
kitti_train,6669,006668.png,2,2,2,False,4.8671844332659475e-11,2.6900067950919038e-08,0.999999994868363,True
kitti_train,6670,006669.png,5,5,5,False,4.6718767743314515e-11,2.990000780300761e-08,0.9999999962043793,True
kitti_train,6671,006670.png,3,3,3,False,4.9140580493656216e-11,3.860003516820143e-08,0.9999999953360639,True
kitti_train,6672,006671.png,2,2,2,False,4.921875060293068e-11,3.150000082996485e-08,0.9999999946647381,True
kitti_train,6673,006672.png,6,6,6,False,4.992184443608494e-11,3.740001375263091e-08,0.9999999963557216,True
kitti_train,6674,006673.png,9,9,9,False,4.984375412409037e-11,4.219998572807526e-08,0.9999999940476241,True
kitti_train,6675,006674.png,3,3,3,False,4.8125003981880354e-11,3.200000264769187e-08,0.9999999956863435,True
kitti_train,6677,006676.png,1,1,1,False,3.242195401043091e-11,2.15999875763373e-08,0.9999999992786774,True
kitti_train,6680,006679.png,8,8,8,False,4.8671899843810706e-11,3.200000264769187e-08,0.9999999935791833,True
kitti_train,6681,006680.png,2,2,2,False,3.335942633242439e-11,3.200005949111073e-08,0.9999999957987774,True
kitti_train,6683,006682.png,15,15,15,False,5.000000413701855e-11,4.669999498219113e-08,0.9999999945827446,True
kitti_train,6684,006683.png,2,2,2,False,4.921876795016544e-11,3.1500007935392205e-08,0.9999999959927519,True
kitti_train,6685,006684.png,7,7,7,False,4.718749696541735e-11,4.079998916495242e-08,0.9999999973605657,True
kitti_train,6688,006687.png,5,5,5,False,4.7968740091164364e-11,3.200000264769187e-08,0.9999999972799571,True
kitti_train,6689,006688.png,2,2,2,False,3.328126663149078e-11,2.13000106441541e-08,0.9999999990450484,True
kitti_train,6690,006689.png,6,6,6,False,4.296874661635641e-11,3.920001745427726e-08,0.9999999949836192,True
kitti_train,6693,006692.png,7,7,7,False,4.953126797602181e-11,3.6299923067417694e-08,0.9999999909239479,True
kitti_train,6694,006693.png,2,2,2,False,4.507812179088688e-11,3.199994580427301e-08,0.9999999946099515,True
kitti_train,6695,006694.png,6,6,6,False,4.4765691153969556e-11,3.200005949111073e-08,0.9999999955583861,True
kitti_train,6696,006695.png,10,10,10,False,4.476558013166709e-11,3.200000264769187e-08,0.9999999921967597,True
kitti_train,6697,006696.png,3,3,3,False,4.874999709469918e-11,3.1199999028785896e-08,0.999999997279194,True
kitti_train,6698,006697.png,1,1,1,False,4.4531267562319954e-11,2.7399998714372487e-08,0.9999999936555949,True
kitti_train,6699,006698.png,1,1,1,False,3.375000279248752e-11,2.1299999986013063e-08,0.9999999939476748,True
kitti_train,6701,006700.png,2,2,2,False,4.265621189603053e-11,2.520000208505735e-08,0.9999999930972189,True
kitti_train,6702,006701.png,1,1,1,False,4.531250027972611e-11,2.900000062311392e-08,0.9999999956957873,True
kitti_train,6703,006702.png,3,3,3,False,4.1875003464753036e-11,2.6799998664728264e-08,0.9999999963366221,True
kitti_train,6705,006704.png,6,6,6,False,4.5859316344376566e-11,4.1699934172356734e-08,0.9999999933664072,True
kitti_train,6706,006705.png,2,2,2,False,3.5468752934697534e-11,2.6700007538238424e-08,0.9999999956995373,True
kitti_train,6708,006707.png,6,6,6,False,4.453123980674434e-11,3.200000264769187e-08,0.9999999984560684,True
kitti_train,6710,006709.png,1,1,1,False,4.203125347768122e-11,3.039991725017899e-08,0.9999999986495998,True
kitti_train,6711,006710.png,7,7,7,False,4.445310786138634e-11,2.7499993393576005e-08,0.9999999965137119,True
kitti_train,6713,006712.png,3,3,3,False,4.31250035681785e-11,3.539997806001338e-08,0.9999999904372132,True
kitti_train,6714,006713.png,4,4,4,False,4.968750064171523e-11,4.490004812396364e-08,0.9999999930642055,True
kitti_train,6715,006714.png,4,4,4,False,4.9687504111162184e-11,3.179999907843012e-08,0.9999999923309006,True
kitti_train,6716,006715.png,2,2,2,False,4.718749870014083e-11,3.0199998946045525e-08,0.9999999895927159,True
kitti_train,6717,006716.png,2,2,2,False,3.335937082127316e-11,2.1300024855008814e-08,0.9999999941676692,True
kitti_train,6718,006717.png,5,5,5,False,4.398437343511308e-11,3.200000087133503e-08,0.9999999944848246,True
kitti_train,6719,006718.png,8,8,8,False,4.312498969039069e-11,3.200000264769187e-08,0.9999999969947722,True
kitti_train,6723,006722.png,1,1,1,False,4.593750380088579e-11,2.939999887985323e-08,0.9999999985068554,True
kitti_train,6724,006723.png,5,5,5,False,4.94531082750882e-11,3.680000304484565e-08,0.9999999882464001,True
kitti_train,6725,006724.png,4,4,4,False,3.6874996112157277e-11,3.200000264769187e-08,0.9999999980164653,True
kitti_train,6726,006725.png,7,7,7,False,4.8125059493031586e-11,3.200000264769187e-08,0.9999999976467813,True
kitti_train,6727,006726.png,7,7,7,False,4.7968795602315595e-11,4.1400014083592396e-08,0.9999999950966716,True
kitti_train,6728,006727.png,2,2,2,False,4.4296899481821583e-11,3.199994580427301e-08,0.9999999951579934,True
kitti_train,6730,006729.png,3,3,3,False,4.6093750344367024e-11,3.799999603870674e-08,0.9999999933024128,True
kitti_train,6731,006730.png,1,1,1,False,3.328125275370297e-11,2.1299999986013063e-08,0.9999999981984297,True
kitti_train,6732,006731.png,8,8,8,False,4.9062490181661644e-11,3.200000264769187e-08,0.9999999964519646,True
kitti_train,6733,006732.png,1,1,1,False,4.8281212361445114e-11,3.200000264769187e-08,0.9999999985932925,True
kitti_train,6734,006733.png,11,11,11,False,4.750000046072067e-11,3.329995479361969e-08,0.9999999951306465,True
kitti_train,6735,006734.png,6,6,6,False,4.7890635901381984e-11,3.2799988503029454e-08,0.9999999967897618,True
kitti_train,6736,006735.png,4,4,4,False,4.703126776917088e-11,3.8300072446872946e-08,0.9999999975358065,True
kitti_train,6737,006736.png,6,6,6,False,4.570316347596304e-11,3.5600010050984565e-08,0.9999999952710376,True
kitti_train,6738,006737.png,4,4,4,False,4.0312499866024254e-11,3.200005949111073e-08,0.9999999922686563,True
kitti_train,6739,006738.png,4,4,4,False,4.249998963867796e-11,3.200000264769187e-08,0.9999999961904048,True
kitti_train,6740,006739.png,2,2,2,False,4.046875334839939e-11,3.51000153386849e-08,0.9999999952412584,True
kitti_train,6741,006740.png,3,3,3,False,4.562500377502943e-11,3.200000264769187e-08,0.9999999957831949,True
kitti_train,6742,006741.png,3,3,3,False,4.2187475735033786e-11,3.199997422598244e-08,0.9999999945677791,True
kitti_train,6743,006742.png,3,3,3,False,3.328125275370297e-11,2.1300001762369902e-08,0.9999999967195924,True
kitti_train,6744,006743.png,6,6,6,False,4.632827454997823e-11,4.280008170098881e-08,0.9999999923800421,True
kitti_train,6746,006745.png,5,5,5,False,4.8125003981880354e-11,4.210005499771796e-08,0.9999999966803467,True
kitti_train,6748,006747.png,3,3,3,False,4.750000393016762e-11,3.040000251530728e-08,0.9999999915092256,True
kitti_train,6749,006748.png,2,2,2,False,4.921875060293068e-11,3.150000082996485e-08,0.9999999983145961,True
kitti_train,6750,006749.png,11,11,11,False,4.968749717226828e-11,3.549996563378954e-08,0.9999999949261612,True
kitti_train,6751,006750.png,4,4,4,False,4.8359427573529956e-11,4.58000357639321e-08,0.9999999988151463,True
kitti_train,6753,006752.png,10,10,10,False,4.8203163682813965e-11,3.309997964606737e-08,0.9999999916211361,True
kitti_train,6754,006753.png,7,7,7,False,4.8750004033593086e-11,4.030000866350747e-08,0.99999999519982,True
kitti_train,6755,006754.png,7,7,7,False,4.679678866637005e-11,3.129997594442102e-08,0.9999999912923438,True
kitti_train,6756,006755.png,6,6,6,False,4.476552462051586e-11,3.609994791986537e-08,0.99999999505516,True
kitti_train,6758,006757.png,6,6,6,False,4.2578052195096916e-11,3.249999735999154e-08,0.9999999898464138,True
kitti_train,6759,006758.png,5,5,5,False,4.976563605652018e-11,4.4399939724826254e-08,0.9999999967006548,True
kitti_train,6760,006759.png,1,1,1,False,3.335931531012193e-11,2.1299999986013063e-08,0.9999999947005467,True
kitti_train,6761,006760.png,2,2,2,False,4.7187503904311257e-11,3.7599988900183234e-08,0.9999999967255578,True
kitti_train,6762,006761.png,8,8,8,False,3.9453135203260103e-11,3.200005949111073e-08,0.9999999966755376,True
kitti_train,6763,006762.png,4,4,4,False,4.156249996944972e-11,2.660000042453703e-08,0.9999999942931379,True
kitti_train,6764,006763.png,2,2,2,False,4.6718767743314515e-11,3.200000264769187e-08,0.9999999971913085,True
kitti_train,6765,006764.png,6,6,6,False,4.890632343546031e-11,4.390000185594545e-08,0.9999999902473987,True
kitti_train,6766,006765.png,11,11,11,False,4.976552503421772e-11,3.7600017321892665e-08,0.9999999912695577,True
kitti_train,6767,006766.png,8,8,8,False,4.9531156953719346e-11,3.91000298805011e-08,0.99999998511509,True
kitti_train,6768,006767.png,3,3,3,False,4.953126797602181e-11,3.979999974035309e-08,0.9999999952520137,True
kitti_train,6771,006770.png,6,6,6,False,3.8593794826624617e-11,3.200005949111073e-08,0.9999999978045773,True
kitti_train,6772,006771.png,4,4,4,False,4.99219554583874e-11,4.4300008994468953e-08,0.9999999953105649,True
kitti_train,6773,006772.png,6,6,6,False,4.8281247055914633e-11,3.0899997227606946e-08,0.9999999943710249,True
kitti_train,6775,006774.png,2,2,2,False,3.812494764332541e-11,3.200000264769187e-08,0.9999999956602781,True
kitti_train,6777,006776.png,2,2,2,False,4.1718795085188276e-11,3.200000264769187e-08,0.999999997211758,True
kitti_train,6779,006778.png,5,5,5,False,4.546874682320734e-11,4.0299994452652754e-08,0.9999999937937764,True
kitti_train,6780,006779.png,11,11,11,False,4.984374718519646e-11,3.989998731412925e-08,0.9999999919974759,True
kitti_train,6782,006781.png,8,8,8,False,5.000000413701855e-11,3.4300001061637886e-08,0.9999999962003225,True
kitti_train,6783,006782.png,5,5,5,False,4.890624016873346e-11,3.200000264769187e-08,0.9999999948183064,True
kitti_train,6784,006783.png,16,16,16,False,4.984375238936689e-11,4.3099987578898435e-08,0.9999999888722622,True
kitti_train,6785,006784.png,1,1,1,False,4.734379555060286e-11,3.199994580427301e-08,0.999999993493521,True
kitti_train,6786,006785.png,7,7,7,False,4.554689958524705e-11,3.200000264769187e-08,0.9999999938978729,True
kitti_train,6787,006786.png,1,1,1,False,3.335937082127316e-11,3.200000264769187e-08,0.9999999963356084,True
kitti_train,6789,006788.png,7,7,7,False,4.984379575745379e-11,4.000003173132427e-08,0.9999999932533283,True
kitti_train,6790,006789.png,8,8,8,False,4.7812500486577036e-11,3.520001001788842e-08,0.9999999933293633,True
kitti_train,6791,006790.png,1,1,1,False,4.7343746978345536e-11,3.199994580427301e-08,0.9999999970032815,True
kitti_train,6795,006794.png,1,1,1,False,4.046868395946035e-11,2.1299968011589954e-08,0.9999999940061987,True
kitti_train,6796,006795.png,1,1,1,False,2.687500222364747e-11,1.720000142313438e-08,0.9999999993652854,True
kitti_train,6797,006796.png,4,4,4,False,4.156250343889667e-11,2.660000220089387e-08,0.9999999979585774,True
kitti_train,6798,006797.png,1,1,1,False,3.9218753244973925e-11,2.9500029086193535e-08,0.9999999968517468,True
kitti_train,6799,006798.png,10,10,10,False,4.8437531763312336e-11,4.0999964312504744e-08,0.9999999963343869,True
kitti_train,6800,006799.png,1,1,1,False,2.156250178408925e-11,1.3800004694530799e-08,0.9999999991390709,True
kitti_train,6801,006800.png,7,7,7,False,4.906253181502507e-11,4.2999943161703413e-08,0.9999999950092797,True
kitti_train,6802,006801.png,17,17,17,False,4.976563605652018e-11,3.979999974035309e-08,0.9999999922010712,True
kitti_train,6803,006802.png,3,3,3,False,4.921874019458983e-11,3.990001573583868e-08,0.9999999956880805,True
kitti_train,6804,006803.png,2,2,2,False,3.4296898654417873e-11,2.4699943423911463e-08,0.999999997370735,True
kitti_train,6805,006804.png,1,1,1,False,3.7812530884195894e-11,2.85000396615942e-08,0.9999999986668486,True
kitti_train,6806,006805.png,9,9,9,False,4.8437497068842816e-11,3.590002961573191e-08,0.9999999968003396,True
kitti_train,6807,006806.png,3,3,3,False,3.3906252805415704e-11,3.200000264769187e-08,0.9999999963091247,True
kitti_train,6808,006807.png,1,1,1,False,4.859376789845271e-11,3.1100015007723414e-08,0.9999999983221263,True
kitti_train,6809,006808.png,4,4,4,False,3.335942633242439e-11,2.1300003538726742e-08,0.9999999967897447,True
kitti_train,6810,006809.png,2,2,2,False,4.328126745889449e-11,3.200000264769187e-08,0.9999999951746664,True
kitti_train,6812,006811.png,3,3,3,False,4.953124889406357e-11,3.200000264769187e-08,0.9999999961423721,True
kitti_train,6813,006812.png,3,3,3,False,4.6562503852598525e-11,3.450000463089964e-08,0.9999999958797293,True
kitti_train,6814,006813.png,13,13,13,False,4.968747635558657e-11,4.1799978589551756e-08,0.9999999919457131,True
kitti_train,6815,006814.png,11,11,11,False,4.656250038315157e-11,3.200000264769187e-08,0.9999999871570602,True
kitti_train,6816,006815.png,2,2,2,False,3.328126663149078e-11,2.1300024855008814e-08,0.9999999985060957,True
kitti_train,6817,006816.png,1,1,1,False,4.4062500176300645e-11,3.450003305260907e-08,0.9999999943413623,True
kitti_train,6818,006817.png,7,7,7,False,4.984374024630256e-11,3.600001718950807e-08,0.9999999950078633,True
kitti_train,6820,006819.png,2,2,2,False,4.585942736667903e-11,3.200005949111073e-08,0.9999999956272677,True
kitti_train,6822,006821.png,2,2,2,False,3.335937082127316e-11,3.200000264769187e-08,0.9999999939949812,True
kitti_train,6823,006822.png,7,7,7,False,4.921874713348373e-11,3.610003318499366e-08,0.999999993300578,True
kitti_train,6824,006823.png,3,3,3,False,3.8281246228510923e-11,2.450000025078225e-08,0.9999999941724664,True
kitti_train,6825,006824.png,5,5,5,False,4.67187399877389e-11,3.350000099544559e-08,0.9999999951421528,True
kitti_train,6828,006827.png,2,2,2,False,3.562500294762572e-11,2.70999862550525e-08,0.999999995516112,True
kitti_train,6829,006828.png,8,8,8,False,4.937505959645705e-11,3.639999590632215e-08,0.9999999945556006,True
kitti_train,6830,006829.png,4,4,4,False,4.4531253684532146e-11,3.199999909497819e-08,0.9999999956320887,True
kitti_train,6832,006831.png,7,7,7,False,4.984375412409037e-11,3.200000264769187e-08,0.9999999929901954,True
kitti_train,6833,006832.png,5,5,5,False,4.984375412409037e-11,3.1900000863060995e-08,0.9999999977646599,True
kitti_train,6835,006834.png,7,7,7,False,4.734375391723944e-11,3.419999927700701e-08,0.9999999937778795,True
kitti_train,6836,006835.png,6,6,6,False,4.2968753555250316e-11,3.339999921081471e-08,0.9999999973848768,True
kitti_train,6837,006836.png,4,4,4,False,4.546875029265429e-11,3.200005949111073e-08,0.9999999930868827,True
kitti_train,6838,006837.png,5,5,5,False,4.828115685029388e-11,3.200000264769187e-08,0.9999999960893217,True
kitti_train,6839,006838.png,7,7,7,False,4.734375391723944e-11,3.03000007306764e-08,0.9999999953167807,True
kitti_train,6840,006839.png,2,2,2,False,4.8593747081771e-11,3.109999724415502e-08,0.9999999971459477,True
kitti_train,6841,006840.png,4,4,4,False,3.8046843453543033e-11,2.2199998284122557e-08,0.9999999955086805,True
kitti_train,6845,006844.png,9,9,9,False,4.9687504111162184e-11,3.740001375263091e-08,0.9999999956043124,True
kitti_train,6848,006847.png,6,6,6,False,4.9921872191660555e-11,4.4000000087862645e-08,0.9999999965445416,True
kitti_train,6849,006848.png,4,4,4,False,4.7968851113466826e-11,4.280008170098881e-08,0.9999999971764902,True
kitti_train,6851,006850.png,2,2,2,False,4.2187475735033786e-11,3.4899983347713714e-08,0.9999999992405019,True
kitti_train,6852,006851.png,4,4,4,False,4.109374993066517e-11,3.200000264769187e-08,0.9999999975729168,True
kitti_train,6853,006852.png,3,3,3,False,4.734379555060286e-11,3.679997462313622e-08,0.9999999944063921,True
kitti_train,6854,006853.png,8,8,8,False,4.937500408530582e-11,3.199999909497819e-08,0.9999999955610098,True
kitti_train,6855,006854.png,5,5,5,False,4.546874682320734e-11,3.200000264769187e-08,0.9999999965516126,True
kitti_train,6856,006855.png,3,3,3,False,3.8749999736742424e-11,3.200000264769187e-08,0.9999999908017261,True
kitti_train,6857,006856.png,5,5,5,False,4.679689968867251e-11,2.590000036661877e-08,0.9999999976902653,True
kitti_train,6858,006857.png,5,5,5,False,4.531249681027916e-11,3.200000264769187e-08,0.999999992753429,True
kitti_train,6859,006858.png,5,5,5,False,3.703126694176717e-11,3.199994580427301e-08,0.9999999970486971,True
kitti_train,6861,006860.png,1,1,1,False,3.515623903105336e-11,3.200005949111073e-08,0.9999999989520322,True
kitti_train,6862,006861.png,1,1,1,False,4.8593740142877095e-11,3.11000007968687e-08,0.9999999987151611,True
kitti_train,6863,006862.png,9,9,9,False,4.726563584966925e-11,3.530004732965608e-08,0.999999992801199,True
kitti_train,6864,006863.png,5,5,5,False,3.960942684955171e-11,2.589996483948198e-08,0.9999999954322158,True
kitti_train,6866,006865.png,1,1,1,False,3.8593753193261193e-11,3.199994580427301e-08,0.9999999923162547,True
kitti_train,6867,006866.png,6,6,6,False,4.867195535496194e-11,3.600001718950807e-08,0.9999999988790514,True
kitti_train,6868,006867.png,7,7,7,False,4.8281247055914633e-11,3.8400003177230246e-08,0.9999999941099345,True
kitti_train,6869,006868.png,6,6,6,False,3.6249999529891497e-11,3.269997250754386e-08,0.9999999951460974,True
kitti_train,6870,006869.png,4,4,4,False,4.609374687492007e-11,4.130001229896152e-08,0.9999999980137415,True
kitti_train,6872,006871.png,5,5,5,False,4.8515635953094716e-11,4.4600007242934225e-08,0.9999999952596766,True
kitti_train,6873,006872.png,7,7,7,False,4.976558054536895e-11,4.7099973699005204e-08,0.9999999898849032,True
kitti_train,6874,006873.png,1,1,1,False,3.789057956282704e-11,2.509995056243497e-08,0.999999997548375,True
kitti_train,6875,006874.png,3,3,3,False,4.281247578674652e-11,3.249994051657268e-08,0.9999999920425926,True
kitti_train,6876,006875.png,2,2,2,False,4.1015690843693164e-11,3.200005949111073e-08,0.9999999964029612,True
kitti_train,6877,006876.png,3,3,3,False,3.656248914740701e-11,3.200000264769187e-08,0.9999999950966132,True
kitti_train,6878,006877.png,6,6,6,False,4.812499704298645e-11,3.200005949111073e-08,0.9999999940559119,True
kitti_train,6879,006878.png,5,5,5,False,4.968749717226828e-11,3.720003860507859e-08,0.999999995288307,True
kitti_train,6880,006879.png,9,9,9,False,4.937500408530582e-11,4.119999630347593e-08,0.999999991218274,True
kitti_train,6881,006880.png,2,2,2,False,3.335942633242439e-11,2.1299999986013063e-08,0.9999999938361177,True
kitti_train,6882,006881.png,6,6,6,False,3.890625321911756e-11,3.4300001061637886e-08,0.9999999974313624,True
kitti_train,6883,006882.png,5,5,5,False,4.4531323073471185e-11,3.339999921081471e-08,0.9999999940195642,True
kitti_train,6886,006885.png,7,7,7,False,4.257810770624815e-11,3.069999365834519e-08,0.9999999959867946,True
kitti_train,6887,006886.png,10,10,10,False,4.984379575745379e-11,3.200005949111073e-08,0.9999999803196298,True
kitti_train,6888,006887.png,4,4,4,False,4.062500336132757e-11,2.6000002151249646e-08,0.9999999941247829,True
kitti_train,6889,006888.png,2,2,2,False,4.382816332082484e-11,3.5000027764908737e-08,0.999999997007031,True
kitti_train,6890,006889.png,9,9,9,False,4.9999997198124646e-11,4.289989874450839e-08,0.9999999941898592,True
kitti_train,6891,006890.png,2,2,2,False,4.367189943010885e-11,3.600001718950807e-08,0.9999999916459508,True
kitti_train,6892,006891.png,3,3,3,False,4.171875345182485e-11,3.200000264769187e-08,0.999999996548788,True
kitti_train,6893,006892.png,1,1,1,False,2.0937508671270422e-11,1.419999762219959e-08,0.9999999993054324,True
kitti_train,6895,006894.png,11,11,11,False,4.8593754020664903e-11,3.6300036754255416e-08,0.9999999876247493,True
kitti_train,6897,006896.png,2,2,2,False,3.328121112033955e-11,2.430004997222568e-08,0.9999999975742044,True
kitti_train,6898,006897.png,9,9,9,False,4.648437190724053e-11,3.200005949111073e-08,0.9999999969316186,True
kitti_train,6899,006898.png,1,1,1,False,3.335942633242439e-11,2.1299999986013063e-08,0.9999999956171662,True
kitti_train,6900,006899.png,3,3,3,False,4.8593795654028327e-11,4.409997700349777e-08,0.9999999959248731,True
kitti_train,6901,006900.png,1,1,1,False,4.6249996887848255e-11,2.9599995343687624e-08,0.9999999984660919,True
kitti_train,6903,006902.png,11,11,11,False,4.828124011702073e-11,4.489999838597214e-08,0.9999999928284173,True
kitti_train,6905,006904.png,11,11,11,False,4.4687475941884713e-11,3.379997792762879e-08,0.9999999946214897,True
kitti_train,6906,006905.png,2,2,2,False,4.7031253891383074e-11,3.80999836124829e-08,0.9999999971989504,True
kitti_train,6907,006906.png,3,3,3,False,3.4921877889448893e-11,3.200000264769187e-08,0.9999999969651224,True
kitti_train,6908,006907.png,5,5,5,False,4.757813587552562e-11,3.66999302059412e-08,0.9999999881474319,True
kitti_train,6911,006910.png,9,9,9,False,4.7656323332034844e-11,3.790000846493058e-08,0.9999999962599306,True
kitti_train,6913,006912.png,3,3,3,False,4.484375024094156e-11,2.8700000598291808e-08,0.9999999916869442,True
kitti_train,6915,006914.png,4,4,4,False,4.976552503421772e-11,4.5099966428097105e-08,0.9999999991306947,True
kitti_train,6916,006915.png,3,3,3,False,4.5937489923097985e-11,3.849999075100641e-08,0.9999999935712409,True
kitti_train,6917,006916.png,4,4,4,False,3.8203218366561487e-11,3.200000264769187e-08,0.999999998631828,True
kitti_train,6919,006918.png,1,1,1,False,4.8906212413157846e-11,4.4999978854320943e-08,0.9999999969274914,True
kitti_train,6920,006919.png,5,5,5,False,4.4062500176300645e-11,3.520005975587992e-08,0.9999999933284209,True
kitti_train,6921,006920.png,6,6,6,False,4.7812531711599604e-11,3.200000264769187e-08,0.999999996805266,True
kitti_train,6922,006921.png,2,2,2,False,4.968750064171523e-11,3.179999907843012e-08,0.99999999317536,True
kitti_train,6923,006922.png,10,10,10,False,4.8750004033593086e-11,4.1600003441999434e-08,0.99999999599792,True
kitti_train,6924,006923.png,6,6,6,False,4.906250405944945e-11,3.200005949111073e-08,0.9999999929674165,True
kitti_train,6925,006924.png,1,1,1,False,3.328121112033955e-11,2.1299968011589954e-08,0.9999999922279287,True
kitti_train,6926,006925.png,9,9,9,False,4.8593754020664903e-11,3.2899947655096184e-08,0.9999999947079966,True
kitti_train,6927,006926.png,15,15,15,False,4.984375412409037e-11,3.200000264769187e-08,0.9999999943594607,True
kitti_train,6929,006928.png,9,9,9,False,4.95312471593401e-11,3.8299987181744655e-08,0.999999996024386,True
kitti_train,6930,006929.png,11,11,11,False,4.445310786138634e-11,3.6299979910836555e-08,0.9999999885808283,True
kitti_train,6931,006930.png,2,2,2,False,4.640624690077644e-11,4.3699969864974264e-08,0.9999999917632476,True
kitti_train,6934,006933.png,3,3,3,False,4.257813546182376e-11,3.3199981430698244e-08,0.9999999977377306,True
kitti_train,6936,006935.png,3,3,3,False,4.9687504111162184e-11,3.18000026311438e-08,0.9999999983646413,True
kitti_train,6937,006936.png,6,6,6,False,4.937494857415459e-11,3.200000264769187e-08,0.9999999946473014,True
kitti_train,6938,006937.png,10,10,10,False,4.632805250537331e-11,3.8200028029677924e-08,0.9999999944252018,True
kitti_train,6939,006938.png,2,2,2,False,3.335942633242439e-11,3.200000264769187e-08,0.9999999981365918,True
kitti_train,6941,006940.png,3,3,3,False,4.062500336132757e-11,3.200000264769187e-08,0.9999999976493742,True
kitti_train,6942,006941.png,1,1,1,False,3.1953106827131705e-11,1.9199987377760408e-08,0.9999999988421661,True
kitti_train,6943,006942.png,13,13,13,False,4.984374024630256e-11,4.340000714364578e-08,0.9999999951917004,True
kitti_train,6944,006943.png,8,8,8,False,4.890625404652127e-11,3.80999836124829e-08,0.9999999958393521,True
kitti_train,6945,006944.png,6,6,6,False,4.750000393016762e-11,3.199999909497819e-08,0.9999999946606893,True
kitti_train,6946,006945.png,6,6,6,False,4.750000393016762e-11,3.650001190180774e-08,0.9999999964073893,True
kitti_train,6948,006947.png,1,1,1,False,3.921874977552697e-11,2.5100000300426473e-08,0.9999999955687005,True
kitti_train,6950,006949.png,2,2,2,False,3.828123928961702e-11,2.449999669806857e-08,0.9999999978372991,True
kitti_train,6951,006950.png,7,7,7,False,4.8828108223375466e-11,3.3499986784590874e-08,0.9999999967922757,True
kitti_train,6953,006952.png,14,14,14,False,4.960931665465296e-11,3.7000006614107406e-08,0.9999999953377223,True
kitti_train,6954,006953.png,8,8,8,False,4.984374024630256e-11,3.80999836124829e-08,0.999999995879354,True
kitti_train,6955,006954.png,4,4,4,False,3.687500305105118e-11,2.519993813621113e-08,0.9999999964577551,True
kitti_train,6956,006955.png,1,1,1,False,4.7656240065308e-11,3.04999971945108e-08,0.9999999989392673,True
kitti_train,6957,006956.png,5,5,5,False,4.992189994723617e-11,3.149999727725117e-08,0.9999999936850008,True
kitti_train,6958,006957.png,7,7,7,False,4.664058028680529e-11,3.2300022212439217e-08,0.9999999920481714,True
kitti_train,6959,006958.png,6,6,6,False,4.828115685029388e-11,4.3600039134616964e-08,0.9999999960008974,True
kitti_train,6960,006959.png,4,4,4,False,4.437500367160396e-11,3.200000264769187e-08,0.9999999967147295,True
kitti_train,6961,006960.png,8,8,8,False,4.8203108171662734e-11,3.200000264769187e-08,0.9999999900454698,True
kitti_train,6962,006961.png,6,6,6,False,4.882827475682916e-11,3.11000007968687e-08,0.9999999960040183,True
kitti_train,6964,006963.png,6,6,6,False,4.8515635953094716e-11,4.1900005243178384e-08,0.9999999946384771,True
kitti_train,6965,006964.png,4,4,4,False,4.8593795654028327e-11,3.8900054732948774e-08,0.9999999945143467,True
kitti_train,6966,006965.png,2,2,2,False,3.328126663149078e-11,2.1300024855008814e-08,0.999999998846216,True
kitti_train,6967,006966.png,2,2,2,False,3.640624954281968e-11,2.3299998375136965e-08,0.9999999940842061,True
kitti_train,6968,006967.png,6,6,6,False,4.531250374917306e-11,3.200000264769187e-08,0.9999999943478854,True
kitti_train,6969,006968.png,8,8,8,False,4.4921844022383084e-11,4.200012426736066e-08,0.999999992417919,True
kitti_train,6970,006969.png,3,3,3,False,3.9374999788455156e-11,3.200000264769187e-08,0.9999999965450463,True
kitti_train,6971,006970.png,7,7,7,False,4.6406239961882534e-11,3.7599988900183234e-08,0.9999999946077291,True
kitti_train,6972,006971.png,4,4,4,False,4.8750000564146134e-11,3.91000298805011e-08,0.999999990453931,True
kitti_train,6973,006972.png,5,5,5,False,4.1250003413040304e-11,3.669998704936006e-08,0.9999999968936563,True
kitti_train,6974,006973.png,5,5,5,False,4.562499683613552e-11,3.470000820016139e-08,0.9999999964253161,True
kitti_train,6975,006974.png,2,2,2,False,3.593749950403513e-11,3.200000264769187e-08,0.9999999946779242,True
kitti_train,6976,006975.png,3,3,3,False,4.1875003464753036e-11,3.940004944524844e-08,0.9999999965874511,True
kitti_train,6977,006976.png,1,1,1,False,3.328126663149078e-11,2.1299968011589954e-08,0.9999999962693302,True
kitti_train,6978,006977.png,2,2,2,False,4.046873947061158e-11,2.8699957965727663e-08,0.9999999949174719,True
kitti_train,6979,006978.png,5,5,5,False,4.1953107654535415e-11,3.409999749237613e-08,0.9999999939486224,True
kitti_train,6980,006979.png,7,7,7,False,4.1875003464753036e-11,3.80999836124829e-08,0.9999999938297011,True
kitti_train,6981,006980.png,14,14,14,False,4.968749717226828e-11,3.5699997624760726e-08,0.9999999920951511,True
kitti_train,6982,006981.png,1,1,1,False,4.734379555060286e-11,2.1599998234478335e-08,0.9999999937853636,True
kitti_train,6983,006982.png,6,6,6,False,4.796876784673998e-11,4.5000001946959856e-08,0.9999999956273653,True
kitti_train,6984,006983.png,5,5,5,False,4.687500387845489e-11,3.200000264769187e-08,0.9999999962692951,True
kitti_train,6985,006984.png,6,6,6,False,4.843750053828977e-11,4.0200063722295454e-08,0.9999999933922424,True
kitti_train,6986,006985.png,7,7,7,False,4.5625000305582475e-11,3.200000264769187e-08,0.9999999907044859,True
kitti_train,6987,006986.png,1,1,1,False,3.335931531012193e-11,2.1300003538726742e-08,0.9999999966857377,True
kitti_train,6988,006987.png,6,6,6,False,4.0468767226187197e-11,3.200005949111073e-08,0.9999999963001995,True
kitti_train,6989,006988.png,2,2,2,False,3.328126663149078e-11,2.1300024855008814e-08,0.9999999990312771,True
kitti_train,6990,006989.png,5,5,5,False,4.484375371038851e-11,4.200001058052294e-08,0.999999995439432,True
kitti_train,6992,006991.png,6,6,6,False,4.5703107964811807e-11,4.2299973301851423e-08,0.9999999934203815,True
kitti_train,6994,006993.png,7,7,7,False,3.7812499659173326e-11,3.25999849337677e-08,0.9999999946464921,True
kitti_train,6995,006994.png,4,4,4,False,4.773431649951476e-11,3.720003860507859e-08,0.9999999918186099,True
kitti_train,6996,006995.png,6,6,6,False,4.304689937839612e-11,3.590002961573191e-08,0.9999999933935978,True
kitti_train,6998,006997.png,5,5,5,False,4.7968795602315595e-11,3.980005658377195e-08,0.9999999941209665,True
kitti_train,6999,006998.png,5,5,5,False,4.710942747010449e-11,3.810004045590176e-08,0.9999999940573849,True
kitti_train,7000,006999.png,2,2,2,False,3.3437502766631155e-11,2.9300025516931782e-08,0.999999997252731,True
kitti_train,7001,007000.png,9,9,9,False,4.73436845283004e-11,3.200005949111073e-08,0.9999999899992885,True
kitti_train,7002,007001.png,4,4,4,False,4.1953107654535415e-11,3.200000264769187e-08,0.9999999922221423,True
kitti_train,7003,007002.png,3,3,3,False,4.8515580441943484e-11,3.919998903256783e-08,0.9999999972481787,True
kitti_train,7006,007005.png,9,9,9,False,4.390625016337246e-11,3.8600006746492e-08,0.9999999928874584,True
kitti_train,7007,007006.png,3,3,3,False,4.742187198480963e-11,2.4300000234234176e-08,0.9999999963496544,True
kitti_train,7008,007007.png,7,7,7,False,4.984375412409037e-11,3.750000132640707e-08,0.9999999945087925,True
kitti_train,7009,007008.png,3,3,3,False,4.8750004033593086e-11,4.289998400963668e-08,0.9999999925176266,True
kitti_train,7010,007009.png,1,1,1,False,2.4218738126080552e-11,1.4400001191461342e-08,0.9999999984873125,True
kitti_train,7011,007010.png,4,4,4,False,4.95312471593401e-11,3.200000264769187e-08,0.9999999965537373,True
kitti_train,7012,007011.png,10,10,10,False,4.781250395602399e-11,3.640002432803158e-08,0.9999999951240832,True
kitti_train,7013,007012.png,5,5,5,False,4.8671899843810706e-11,4.260004971001763e-08,0.9999999949478902,True
kitti_train,7014,007013.png,6,6,6,False,4.9062498855279024e-11,3.200000264769187e-08,0.9999999918196792,True
kitti_train,7016,007015.png,10,10,10,False,4.578125378795761e-11,3.740001375263091e-08,0.9999999952580371,True
kitti_train,7017,007016.png,7,7,7,False,3.984374635779275e-11,3.2100047064886894e-08,0.9999999939871197,True
kitti_train,7018,007017.png,1,1,1,False,4.046875334839939e-11,2.6800023533724016e-08,0.9999999990635854,True
kitti_train,7019,007018.png,6,6,6,False,4.99219554583874e-11,4.5099966428097105e-08,0.9999999965887755,True
kitti_train,7020,007019.png,8,8,8,False,4.742184422923401e-11,3.449997620919021e-08,0.9999999936948689,True
kitti_train,7023,007022.png,6,6,6,False,4.906250405944945e-11,3.200005949111073e-08,0.9999999936380901,True
kitti_train,7024,007023.png,1,1,1,False,4.593747604531018e-11,3.4900011769423145e-08,0.9999999986490713,True
kitti_train,7028,007027.png,6,6,6,False,4.890626792430908e-11,3.7599932056764374e-08,0.9999999967181347,True
kitti_train,7029,007028.png,5,5,5,False,4.96875318667378e-11,3.200000264769187e-08,0.9999999926545666,True
kitti_train,7030,007029.png,6,6,6,False,4.914063600480745e-11,3.989998731412925e-08,0.9999999922396304,True
kitti_train,7031,007030.png,2,2,2,False,4.968750064171523e-11,3.179999907843012e-08,0.9999999963841246,True
kitti_train,7032,007031.png,9,9,9,False,4.656253160817414e-11,4.1000021155923605e-08,0.9999999941814246,True
kitti_train,7033,007032.png,5,5,5,False,4.8984372114091457e-11,3.80000528821256e-08,0.9999999947984609,True
kitti_train,7034,007033.png,6,6,6,False,4.749999699127372e-11,3.4899983347713714e-08,0.9999999932829404,True
kitti_train,7036,007035.png,6,6,6,False,4.9531254098234e-11,3.17000043992266e-08,0.9999999970134752,True
kitti_train,7037,007036.png,1,1,1,False,3.914069068855497e-11,2.5900021682900842e-08,0.9999999988499831,True
kitti_train,7038,007037.png,3,3,3,False,4.8515635953094716e-11,4.1100008729699766e-08,0.9999999968642829,True
kitti_train,7039,007038.png,4,4,4,False,4.484375371038851e-11,3.200000264769187e-08,0.9999999949501087,True
kitti_train,7040,007039.png,6,6,6,False,4.898439986966707e-11,4.6700009193045844e-08,0.9999999951735201,True
kitti_train,7041,007040.png,1,1,1,False,4.2031267355469026e-11,3.200000264769187e-08,0.999999988666261,True
kitti_train,7042,007041.png,6,6,6,False,4.8906212413157846e-11,4.2299973301851423e-08,0.9999999929121299,True
kitti_train,7043,007042.png,6,6,6,False,4.8281267872596345e-11,3.200000264769187e-08,0.9999999930341542,True
kitti_train,7044,007043.png,6,6,6,False,4.437500367160396e-11,3.7700004895668826e-08,0.9999999965526406,True
kitti_train,7046,007045.png,7,7,7,False,4.953125062878705e-11,3.7599988900183234e-08,0.9999999956005323,True
kitti_train,7047,007046.png,14,14,14,False,4.7968740091164364e-11,3.45999922046758e-08,0.999999992864364,True
kitti_train,7048,007047.png,10,10,10,False,4.1875003464753036e-11,3.779999246944499e-08,0.9999999963415468,True
kitti_train,7049,007048.png,2,2,2,False,3.593747521790647e-11,2.7400005819799844e-08,0.9999999979732558,True
kitti_train,7050,007049.png,2,2,2,False,4.617195514811101e-11,2.2599998317218706e-08,0.9999999969558193,True
kitti_train,7051,007050.png,7,7,7,False,4.2031267355469026e-11,3.200000264769187e-08,0.9999999942777477,True
kitti_train,7052,007051.png,6,6,6,False,4.96875318667378e-11,3.200000264769187e-08,0.9999999966841988,True
kitti_train,7053,007052.png,7,7,7,False,4.9374997146411914e-11,3.200005949111073e-08,0.9999999941286966,True
kitti_train,7054,007053.png,7,7,7,False,4.734379555060286e-11,3.5599953207565704e-08,0.9999999926521262,True
kitti_train,7055,007054.png,1,1,1,False,3.328126663149078e-11,2.1300024855008814e-08,0.9999999968148485,True
kitti_train,7056,007055.png,3,3,3,False,4.4062500176300645e-11,3.200000264769187e-08,0.9999999925071922,True
kitti_train,7058,007057.png,3,3,3,False,4.2343753503537584e-11,3.200000264769187e-08,0.9999999976821399,True
kitti_train,7059,007058.png,1,1,1,False,3.726563502226554e-11,2.1300003538726742e-08,0.9999999982269457,True
kitti_train,7060,007059.png,5,5,5,False,4.703126776917088e-11,3.200000264769187e-08,0.9999999958205967,True
kitti_train,7061,007060.png,5,5,5,False,4.984374024630256e-11,3.200000264769187e-08,0.9999999975444067,True
kitti_train,7063,007062.png,2,2,2,False,4.8750004033593086e-11,3.200005949111073e-08,0.9999999979573726,True
kitti_train,7064,007063.png,4,4,4,False,4.695310806823727e-11,2.849998281817534e-08,0.9999999947129395,True
kitti_train,7065,007064.png,6,6,6,False,4.812494847072912e-11,3.7699976473959396e-08,0.9999999962101744,True
kitti_train,7068,007067.png,10,10,10,False,4.421876753646359e-11,3.719998176165973e-08,0.9999999916703841,True
kitti_train,7069,007068.png,4,4,4,False,4.710931644780203e-11,4.35999822911981e-08,0.9999999945505211,True
kitti_train,7071,007070.png,8,8,8,False,4.960942767695542e-11,3.200005949111073e-08,0.9999999889490128,True
kitti_train,7072,007071.png,9,9,9,False,4.9218754072377635e-11,4.489999128054478e-08,0.9999999933192398,True
kitti_train,7073,007072.png,1,1,1,False,4.000000330961484e-11,2.2200026705831988e-08,0.9999999901363753,True
kitti_train,7074,007073.png,1,1,1,False,4.7031253891383074e-11,3.0100004266842006e-08,0.9999999987738649,True
kitti_train,7075,007074.png,2,2,2,False,4.2656250059947e-11,3.200000264769187e-08,0.9999999946407708,True
kitti_train,7078,007077.png,2,2,2,False,4.835938594016653e-11,3.80999836124829e-08,0.9999999986009585,True
kitti_train,7080,007079.png,2,2,2,False,4.8437497068842816e-11,3.2999992072291207e-08,0.9999999941553669,True
kitti_train,7082,007081.png,9,9,9,False,4.9453122152876006e-11,3.200000264769187e-08,0.999999997602284,True
kitti_train,7084,007083.png,2,2,2,False,4.531250374917306e-11,3.470000820016139e-08,0.9999999934969762,True
kitti_train,7086,007085.png,5,5,5,False,3.4843794516348225e-11,3.2199977795244195e-08,0.9999999934136415,True
kitti_train,7089,007088.png,5,5,5,False,4.2031246538787315e-11,3.539997806001338e-08,0.9999999961827155,True
kitti_train,7090,007089.png,3,3,3,False,3.8437496241439106e-11,3.199994580427301e-08,0.9999999943072121,True
kitti_train,7091,007090.png,1,1,1,False,3.843750318033301e-11,3.200000264769187e-08,0.9999999973099449,True
kitti_train,7092,007091.png,6,6,6,False,4.5468739884313436e-11,4.06000140174001e-08,0.9999999948555887,True
kitti_train,7093,007092.png,2,2,2,False,3.976563522911647e-11,3.4900040191132575e-08,0.999999995461229,True
kitti_train,7094,007093.png,5,5,5,False,4.718747614873564e-11,3.389999392311438e-08,0.9999999945220934,True
kitti_train,7095,007094.png,8,8,8,False,4.6250000357295207e-11,3.4200070331280585e-08,0.9999999925225905,True
kitti_train,7096,007095.png,4,4,4,False,4.656253160817414e-11,4.1099951886280905e-08,0.9999999957222109,True
kitti_train,7098,007097.png,5,5,5,False,4.820299714936027e-11,3.0799981232121354e-08,0.9999999939394209,True
kitti_train,7099,007098.png,3,3,3,False,4.8750004033593086e-11,4.059998559569067e-08,0.9999999944849531,True
kitti_train,7100,007099.png,15,15,15,False,4.578125378795761e-11,3.200005949111073e-08,0.9999999966655719,True
kitti_train,7101,007100.png,3,3,3,False,4.6093753813813976e-11,3.200000264769187e-08,0.9999999980753175,True
kitti_train,7103,007102.png,14,14,14,False,4.9531240220446193e-11,3.200000264769187e-08,0.9999999947277008,True
kitti_train,7105,007104.png,5,5,5,False,4.343747583845925e-11,3.5300004697091936e-08,0.9999999972305376,True
kitti_train,7106,007105.png,2,2,2,False,3.640621137890321e-11,3.199994580427301e-08,0.9999999951011298,True
kitti_train,7107,007106.png,2,2,2,False,3.328126663149078e-11,2.1300024855008814e-08,0.9999999964197589,True
kitti_train,7108,007107.png,12,12,12,False,4.531250374917306e-11,4.1699991015775595e-08,0.9999999956603335,True
kitti_train,7109,007108.png,5,5,5,False,4.57812399101698e-11,3.200000264769187e-08,0.999999998031901,True
kitti_train,7110,007109.png,13,13,13,False,4.9687504111162184e-11,4.119993946005707e-08,0.9999999924063655,True
kitti_train,7111,007110.png,1,1,1,False,3.859374625436729e-11,3.57999994093916e-08,0.999999998274912,True
kitti_train,7112,007111.png,2,2,2,False,3.328126663149078e-11,2.579997726570582e-08,0.9999999992525858,True
kitti_train,7113,007112.png,1,1,1,False,4.156242017216982e-11,2.1299999986013063e-08,0.9999999966669262,True
kitti_train,7114,007113.png,1,1,1,False,4.734375044779249e-11,3.03000007306764e-08,0.9999999937856061,True
kitti_train,7115,007114.png,12,12,12,False,4.95312471593401e-11,3.200005949111073e-08,0.9999999925442266,True
kitti_train,7118,007117.png,6,6,6,False,4.5624948263878196e-11,3.200000264769187e-08,0.9999999963750669,True
kitti_train,7119,007118.png,2,2,2,False,3.8750003206189376e-11,2.1300024855008814e-08,0.9999999957841286,True
kitti_train,7120,007119.png,4,4,4,False,4.8593747081771e-11,3.200005949111073e-08,0.9999999929584488,True
kitti_train,7121,007120.png,5,5,5,False,4.968747635558657e-11,3.2799988503029454e-08,0.9999999957918873,True
kitti_train,7123,007122.png,6,6,6,False,5.000000413701855e-11,3.200000264769187e-08,0.9999999864299132,True
kitti_train,7124,007123.png,7,7,7,False,4.9531240220446193e-11,3.840001738808496e-08,0.9999999945597751,True
kitti_train,7126,007125.png,2,2,2,False,4.718749696541735e-11,3.0199998946045525e-08,0.9999999973514352,True
kitti_train,7127,007126.png,1,1,1,False,4.8984372114091457e-11,2.989997938129818e-08,0.9999999979055763,True
kitti_train,7128,007127.png,1,1,1,False,4.39843717003896e-11,3.6299979910836555e-08,0.9999999930494875,True
kitti_train,7133,007132.png,10,10,10,False,4.9687504111162184e-11,3.200000264769187e-08,0.9999999958667566,True
kitti_train,7134,007133.png,2,2,2,False,4.6718767743314515e-11,2.990000780300761e-08,0.9999999959135688,True
kitti_train,7135,007134.png,6,6,6,False,4.5468753762101244e-11,3.5500022477208404e-08,0.9999999948694349,True
kitti_train,7136,007135.png,7,7,7,False,4.796876784673998e-11,3.200005949111073e-08,0.9999999966660434,True
kitti_train,7137,007136.png,8,8,8,False,4.7656253943095805e-11,4.4999978854320943e-08,0.9999999976821313,True
kitti_train,7138,007137.png,11,11,11,False,4.734376779502725e-11,3.2800073768157745e-08,0.9999999980984584,True
kitti_train,7139,007138.png,7,7,7,False,4.7734427521817224e-11,3.209999022146803e-08,0.9999999967213142,True
kitti_train,7140,007139.png,6,6,6,False,4.4531253684532146e-11,4.069997316946683e-08,0.999999994857157,True
kitti_train,7141,007140.png,5,5,5,False,4.031247557989559e-11,3.200005949111073e-08,0.9999999942493507,True
kitti_train,7142,007141.png,2,2,2,False,4.664069130910775e-11,3.6200049180479255e-08,0.9999999895217405,True
kitti_train,7143,007142.png,7,7,7,False,4.984374718519646e-11,3.719998176165973e-08,0.9999999955217085,True
kitti_train,7144,007143.png,2,2,2,False,4.8906212413157846e-11,3.6300008332545985e-08,0.9999999967744064,True
kitti_train,7145,007144.png,4,4,4,False,4.8281267872596345e-11,3.2199977795244195e-08,0.9999999961594339,True
kitti_train,7146,007145.png,6,6,6,False,4.6874996939560987e-11,3.409991222724784e-08,0.9999999924533579,True
kitti_train,7147,007146.png,3,3,3,False,3.335942633242439e-11,3.200000264769187e-08,0.9999999909675659,True
kitti_train,7148,007147.png,4,4,4,False,5.000000413701855e-11,4.599996827892028e-08,0.9999999984162792,True
kitti_train,7150,007149.png,8,8,8,False,4.406253140132321e-11,3.4300001061637886e-08,0.9999999955027269,True
kitti_train,7152,007151.png,11,11,11,False,4.953126797602181e-11,3.370001877556206e-08,0.9999999974010546,True
kitti_train,7153,007152.png,3,3,3,False,4.750000393016762e-11,4.400001296644973e-08,0.99999999789152,True
kitti_train,7154,007153.png,6,6,6,False,5.000000413701855e-11,3.480000998479227e-08,0.9999999930538144,True
kitti_train,7155,007154.png,1,1,1,False,4.8593740142877095e-11,3.3699961932143196e-08,0.9999999980340125,True
kitti_train,7156,007155.png,1,1,1,False,3.945316295883572e-11,3.239999557536066e-08,0.9999999992637916,True
kitti_train,7157,007156.png,12,12,12,False,4.937499974849713e-11,3.790000846493058e-08,0.9999999866281624,True
kitti_train,7159,007158.png,2,2,2,False,3.5781155816039245e-11,2.509995056243497e-08,0.9999999937804018,True
kitti_train,7160,007159.png,2,2,2,False,4.1250003413040304e-11,2.6400002184345794e-08,0.9999999985660076,True
kitti_train,7161,007160.png,8,8,8,False,4.9375000615858866e-11,3.5600010050984565e-08,0.9999999927645825,True
kitti_train,7162,007161.png,5,5,5,False,4.9531156953719346e-11,4.20999981542991e-08,0.9999999921404286,True
kitti_train,7164,007163.png,8,8,8,False,4.343753134961048e-11,3.200000264769187e-08,0.9999999936468718,True
kitti_train,7165,007164.png,3,3,3,False,4.390625016337246e-11,2.8100000548647586e-08,0.9999999946762436,True
kitti_train,7167,007166.png,9,9,9,False,4.562500377502943e-11,3.200000264769187e-08,0.9999999962012628,True
kitti_train,7168,007167.png,4,4,4,False,4.3437503594034865e-11,3.200000264769187e-08,0.999999996160229,True
kitti_train,7169,007168.png,3,3,3,False,4.000000330961484e-11,2.5400000325248584e-08,0.9999999909692378,True
kitti_train,7171,007170.png,4,4,4,False,4.984379575745379e-11,4.089997673872858e-08,0.9999999908866178,True
kitti_train,7174,007173.png,2,2,2,False,3.875005871734061e-11,3.470000820016139e-08,0.9999999978307589,True
kitti_train,7175,007174.png,8,8,8,False,4.687500387845489e-11,3.200000264769187e-08,0.9999999940026549,True
kitti_train,7176,007175.png,1,1,1,False,3.328126663149078e-11,2.1300024855008814e-08,0.9999999951528653,True
kitti_train,7177,007176.png,3,3,3,False,3.335942633242439e-11,3.200005949111073e-08,0.9999999952849203,True
kitti_train,7179,007178.png,8,8,8,False,4.9687504111162184e-11,3.600007403292693e-08,0.9999999921629019,True
kitti_train,7180,007179.png,4,4,4,False,3.843750318033301e-11,2.4600005588126805e-08,0.9999999988527617,True
kitti_train,7181,007180.png,4,4,4,False,4.960942767695542e-11,4.469998771128303e-08,0.9999999940706421,True
kitti_train,7182,007181.png,2,2,2,False,4.070313530668557e-11,2.1300024855008814e-08,0.9999999956319282,True
kitti_train,7184,007183.png,7,7,7,False,4.734375391723944e-11,3.8899997889529914e-08,0.9999999957145442,True
kitti_train,7185,007184.png,3,3,3,False,3.765623923790429e-11,2.4099989559545065e-08,0.9999999990552615,True
kitti_train,7186,007185.png,10,10,10,False,4.781250395602399e-11,3.999997488790541e-08,0.9999999943511468,True
kitti_train,7187,007186.png,1,1,1,False,3.437500284420025e-11,2.2000001820288162e-08,0.9999999976241609,True
kitti_train,7189,007188.png,1,1,1,False,2.0312501680663786e-11,1.6100045741040958e-08,0.9999999990674597,True
kitti_train,7191,007190.png,2,2,2,False,4.57812399101698e-11,3.200000264769187e-08,0.9999999982275399,True
kitti_train,7192,007191.png,3,3,3,False,4.921874019458983e-11,4.4300008994468953e-08,0.9999999953882216,True
kitti_train,7193,007192.png,9,9,9,False,4.984375412409037e-11,3.200000264769187e-08,0.9999999953495696,True
kitti_train,7194,007193.png,4,4,4,False,4.81250005124334e-11,3.200005949111073e-08,0.9999999967932015,True
kitti_train,7195,007194.png,4,4,4,False,4.5859316344376566e-11,3.200000264769187e-08,0.9999999962964177,True
kitti_train,7196,007195.png,10,10,10,False,4.781249007823618e-11,4.190002300674678e-08,0.9999999959165184,True
kitti_train,7197,007196.png,7,7,7,False,4.1562496500002766e-11,3.200000264769187e-08,0.9999999972295951,True
kitti_train,7199,007198.png,3,3,3,False,4.796875049950522e-11,4.089997673872858e-08,0.9999999932605073,True
kitti_train,7200,007199.png,2,2,2,False,3.335942633242439e-11,3.200000264769187e-08,0.9999999937324024,True
kitti_train,7201,007200.png,10,10,10,False,4.921885121689229e-11,4.400004627314047e-08,0.9999999962132635,True
kitti_train,7202,007201.png,4,4,4,False,4.8906212413157846e-11,3.2899890811677324e-08,0.9999999953805654,True
kitti_train,7203,007202.png,13,13,13,False,4.8515635953094716e-11,4.1099951886280905e-08,0.9999999917962985,True
kitti_train,7204,007203.png,10,10,10,False,4.562500377502943e-11,3.2200034638663055e-08,0.9999999852844993,True
kitti_train,7205,007204.png,7,7,7,False,4.7656253943095805e-11,3.200000264769187e-08,0.9999999930788981,True
kitti_train,7206,007205.png,3,3,3,False,4.750000393016762e-11,4.5000000170603016e-08,0.9999999939403996,True
kitti_train,7208,007207.png,3,3,3,False,4.9843750654643415e-11,4.0299994452652754e-08,0.9999999949614792,True
kitti_train,7209,007208.png,10,10,10,False,4.6406239961882534e-11,3.209999022146803e-08,0.999999994321941,True
kitti_train,7213,007212.png,1,1,1,False,4.2109316034100175e-11,3.200005949111073e-08,0.9999999952856701,True
kitti_train,7215,007214.png,4,4,4,False,4.6640469264502826e-11,2.769999696283776e-08,0.9999999963509206,True
kitti_train,7216,007215.png,2,2,2,False,4.046874987895244e-11,2.590000036661877e-08,0.9999999978760817,True
kitti_train,7218,007217.png,3,3,3,False,3.390626668320351e-11,3.200005949111073e-08,0.9999999992307,True
kitti_train,7219,007218.png,5,5,5,False,4.95312471593401e-11,3.499999756684247e-08,0.9999999954301758,True
kitti_train,7220,007219.png,4,4,4,False,4.921879570574106e-11,3.389999392311438e-08,0.9999999894095265,True
kitti_train,7221,007220.png,1,1,1,False,4.953126797602181e-11,3.170001150465396e-08,0.9999999995597245,True
kitti_train,7222,007221.png,3,3,3,False,3.9999975554039224e-11,3.439998863541405e-08,0.9999999961337132,True
kitti_train,7223,007222.png,5,5,5,False,4.749999699127372e-11,3.200000264769187e-08,0.999999997283633,True
kitti_train,7224,007223.png,1,1,1,False,3.781241986189343e-11,2.15999875763373e-08,0.9999999982112219,True
kitti_train,7225,007224.png,3,3,3,False,4.718749002652345e-11,3.200000264769187e-08,0.9999999982605697,True
kitti_train,7226,007225.png,6,6,6,False,4.843750400773672e-11,4.140002829444711e-08,0.999999995677301,True
kitti_train,7227,007226.png,4,4,4,False,4.484375024094156e-11,3.939999260182958e-08,0.9999999951872875,True
kitti_train,7230,007229.png,3,3,3,False,3.335937082127316e-11,3.200000264769187e-08,0.9999999966059364,True
kitti_train,7232,007231.png,1,1,1,False,3.921873936718612e-11,3.370001877556206e-08,0.9999999986704083,True
kitti_train,7233,007232.png,5,5,5,False,3.8750003206189376e-11,3.200005949111073e-08,0.9999999961204757,True
kitti_train,7235,007234.png,4,4,4,False,3.999999984016789e-11,2.5600002118153498e-08,0.9999999958805003,True
kitti_train,7236,007235.png,4,4,4,False,4.3906253632819414e-11,3.200005949111073e-08,0.9999999931660069,True
kitti_train,7237,007236.png,6,6,6,False,4.656250038315157e-11,3.200000264769187e-08,0.999999993825546,True
kitti_train,7238,007237.png,1,1,1,False,4.773426098836353e-11,2.55000038862363e-08,0.9999999966939908,True
kitti_train,7239,007238.png,2,2,2,False,4.39843717003896e-11,3.200000264769187e-08,0.999999996741286,True
kitti_train,7240,007239.png,4,4,4,False,4.8125003981880354e-11,3.200000087133503e-08,0.9999999958367035,True
kitti_train,7241,007240.png,5,5,5,False,4.9531254098234e-11,3.270002935096272e-08,0.9999999934466294,True
kitti_train,7243,007242.png,7,7,7,False,4.960937216580419e-11,3.65999994755839e-08,0.9999999970815122,True
kitti_train,7245,007244.png,4,4,4,False,4.9218684683438596e-11,4.009996246168157e-08,0.9999999949589158,True
kitti_train,7246,007245.png,2,2,2,False,3.335937082127316e-11,3.200000264769187e-08,0.9999999941258297,True
kitti_train,7247,007246.png,4,4,4,False,3.796874620265456e-11,3.440004547883291e-08,0.9999999940941027,True
kitti_train,7248,007247.png,4,4,4,False,4.8750000564146134e-11,3.200000264769187e-08,0.999999994297987,True
kitti_train,7249,007248.png,13,13,13,False,4.828137889489881e-11,4.070000159117626e-08,0.9999999955903441,True
kitti_train,7251,007250.png,5,5,5,False,4.984375412409037e-11,3.4300029483347316e-08,0.9999999971740066,True
kitti_train,7252,007251.png,1,1,1,False,3.328126663149078e-11,2.1299968011589954e-08,0.9999999970809778,True
kitti_train,7255,007254.png,3,3,3,False,4.656253160817414e-11,3.50000846083276e-08,0.9999999910093285,True
kitti_train,7256,007255.png,5,5,5,False,4.8593747081771e-11,3.2900004498515045e-08,0.9999999843399348,True
kitti_train,7257,007256.png,12,12,12,False,4.8750004033593086e-11,3.8600006746492e-08,0.9999999928542813,True
kitti_train,7262,007261.png,4,4,4,False,4.250000351646577e-11,3.460002062638523e-08,0.9999999971644872,True
kitti_train,7263,007262.png,1,1,1,False,3.335942633242439e-11,2.1300001762369902e-08,0.999999994962825,True
kitti_train,7265,007264.png,6,6,6,False,4.9062490181661644e-11,4.4399996568245115e-08,0.999999992145391,True
kitti_train,7266,007265.png,7,7,7,False,4.937499888113539e-11,3.7500058169825934e-08,0.9999999914678546,True
kitti_train,7267,007266.png,7,7,7,False,3.6562503025194815e-11,3.200005949111073e-08,0.9999999957741308,True
kitti_train,7271,007270.png,2,2,2,False,4.890625057707432e-11,3.200000264769187e-08,0.9999999942716565,True
kitti_train,7272,007271.png,2,2,2,False,4.921874019458983e-11,3.149999372453749e-08,0.9999999985163033,True
kitti_train,7275,007274.png,3,3,3,False,4.8437531763312336e-11,3.399998149689054e-08,0.9999999934214429,True
kitti_train,7277,007276.png,1,1,1,False,4.4921955044685546e-11,4.180003543297062e-08,0.9999999970727168,True
kitti_train,7278,007277.png,8,8,8,False,4.4062496706853693e-11,3.200005949111073e-08,0.9999999935974473,True
kitti_train,7279,007278.png,1,1,1,False,4.46093162409511e-11,1.9899971448467113e-08,0.9999999991366503,True
kitti_train,7281,007280.png,6,6,6,False,4.31250035681785e-11,3.200000264769187e-08,0.9999999968603439,True
kitti_train,7282,007281.png,5,5,5,False,4.828124011702073e-11,3.200005949111073e-08,0.9999999947615573,True
kitti_train,7284,007283.png,8,8,8,False,4.671875386552671e-11,3.930006187147228e-08,0.9999999928180889,True
kitti_train,7285,007284.png,4,4,4,False,4.687500387845489e-11,3.4200013487861725e-08,0.9999999910154966,True
kitti_train,7286,007285.png,2,2,2,False,3.4921843194979374e-11,2.329998949335277e-08,0.9999999977287322,True
kitti_train,7287,007286.png,9,9,9,False,4.984375412409037e-11,3.95000370190246e-08,0.999999994866573,True
kitti_train,7288,007287.png,2,2,2,False,3.734374962038878e-11,3.200000264769187e-08,0.9999999969243794,True
kitti_train,7290,007289.png,14,14,14,False,4.984379575745379e-11,4.7800028823985485e-08,0.9999999931078288,True
kitti_train,7292,007291.png,4,4,4,False,4.8593740142877095e-11,3.719998176165973e-08,0.9999999962265177,True
kitti_train,7293,007292.png,3,3,3,False,4.054684366039396e-11,2.1300024855008814e-08,0.9999999976019424,True
kitti_train,7295,007294.png,7,7,7,False,4.921874019458983e-11,3.979999974035309e-08,0.9999999962999939,True
kitti_train,7296,007295.png,2,2,2,False,4.0312503335471206e-11,2.5800002134701572e-08,0.9999999958457698,True
kitti_train,7297,007296.png,5,5,5,False,4.601560799066817e-11,2.9300011306077067e-08,0.9999999957049586,True
kitti_train,7299,007298.png,2,2,2,False,4.093742012045709e-11,2.1300081698427675e-08,0.9999999927033704,True
kitti_train,7300,007299.png,6,6,6,False,4.726563584966925e-11,4.059995717398124e-08,0.9999999957646178,True
kitti_train,7301,007300.png,1,1,1,False,3.328125275370297e-11,2.1299996433299384e-08,0.9999999974166979,True
kitti_train,7302,007301.png,13,13,13,False,4.906250405944945e-11,3.7599988900183234e-08,0.9999999919065301,True
kitti_train,7304,007303.png,3,3,3,False,4.7031240013595266e-11,3.200000264769187e-08,0.9999999950508114,True
kitti_train,7305,007304.png,1,1,1,False,3.328125275370297e-11,2.1299999986013063e-08,0.9999999985552954,True
kitti_train,7306,007305.png,2,2,2,False,4.8437476252161105e-11,3.00000237984932e-08,0.9999999985200908,True
kitti_train,7307,007306.png,4,4,4,False,4.8281247055914633e-11,3.200005949111073e-08,0.9999999927726445,True
kitti_train,7308,007307.png,1,1,1,False,3.335931531012193e-11,2.1300003538726742e-08,0.9999999973859356,True
kitti_train,7309,007308.png,1,1,1,False,4.8593740142877095e-11,4.0200035300586023e-08,0.9999999980174749,True
kitti_train,7311,007310.png,1,1,1,False,2.9687502456354764e-11,1.899999801935337e-08,0.9999999992350304,True
kitti_train,7312,007311.png,4,4,4,False,4.8984372114091457e-11,3.7699976473959396e-08,0.9999999969687081,True
kitti_train,7313,007312.png,3,3,3,False,3.476552379311215e-11,2.1300024855008814e-08,0.999999997642829,True
kitti_train,7314,007313.png,15,15,15,False,4.9374997146411914e-11,4.7100002120714635e-08,0.999999993282814,True
kitti_train,7315,007314.png,13,13,13,False,4.718747614873564e-11,3.870002274197759e-08,0.99999998802418,True
kitti_train,7316,007315.png,14,14,14,False,4.984374718519646e-11,3.200000264769187e-08,0.9999999906114024,True
kitti_train,7317,007316.png,5,5,5,False,4.4765635642818324e-11,3.200000264769187e-08,0.9999999905467836,True
kitti_train,7318,007317.png,4,4,4,False,4.593750380088579e-11,3.200005949111073e-08,0.9999999974652908,True
kitti_train,7320,007319.png,7,7,7,False,4.796874703005827e-11,4.5000035697739804e-08,0.9999999959217536,True
kitti_train,7321,007320.png,1,1,1,False,1.960948070589552e-11,1.420005446561845e-08,0.9999999989075546,True
kitti_train,7322,007321.png,3,3,3,False,4.117184371210669e-11,3.91000298805011e-08,0.99999999830263,True
kitti_train,7323,007322.png,1,1,1,False,4.453123980674434e-11,2.8499997029030055e-08,0.999999998868426,True
kitti_train,7324,007323.png,8,8,8,False,4.515632312518392e-11,3.200000264769187e-08,0.9999999948215872,True
kitti_train,7326,007325.png,10,10,10,False,4.8671844332659475e-11,3.200000264769187e-08,0.9999999963858274,True
kitti_train,7328,007327.png,1,1,1,False,3.781241986189343e-11,2.849998281817534e-08,0.9999999988044485,True
kitti_train,7330,007329.png,7,7,7,False,4.9531254098234e-11,4.0200063722295454e-08,0.9999999976500807,True
kitti_train,7331,007330.png,6,6,6,False,4.8984372114091457e-11,3.9600024592800764e-08,0.9999999971821597,True
kitti_train,7332,007331.png,2,2,2,False,4.4843748506218084e-11,3.879998189404432e-08,0.9999999902702335,True
kitti_train,7333,007332.png,1,1,1,False,4.2343739625749777e-11,3.369999035385263e-08,0.9999999972700951,True
kitti_train,7334,007333.png,7,7,7,False,4.39843717003896e-11,3.200000264769187e-08,0.9999999961003259,True
kitti_train,7335,007334.png,5,5,5,False,4.718753165988687e-11,3.199994580427301e-08,0.9999999789217023,True
kitti_train,7336,007335.png,2,2,2,False,3.335937082127316e-11,3.200000264769187e-08,0.9999999981952743,True
kitti_train,7337,007336.png,3,3,3,False,4.750000393016762e-11,3.200000264769187e-08,0.9999999952948725,True
kitti_train,7338,007337.png,7,7,7,False,4.515625373624488e-11,3.730002617885475e-08,0.9999999952256775,True
kitti_train,7339,007338.png,2,2,2,False,4.890625404652127e-11,3.200000264769187e-08,0.9999999959108338,True
kitti_train,7340,007339.png,8,8,8,False,4.9218754072377635e-11,3.339999921081471e-08,0.9999999965198487,True
kitti_train,7341,007340.png,2,2,2,False,4.4999948212165464e-11,3.200005949111073e-08,0.999999996044388,True
kitti_train,7343,007342.png,9,9,9,False,4.867195535496194e-11,3.9700012166576926e-08,0.9999999951771082,True
kitti_train,7344,007343.png,3,3,3,False,4.890625404652127e-11,4.06000140174001e-08,0.9999999982327902,True
kitti_train,7345,007344.png,1,1,1,False,2.7421884207790015e-11,1.4000001158365194e-08,0.9999999989941945,True
kitti_train,7346,007345.png,2,2,2,False,4.140624648707458e-11,2.6499996863549313e-08,0.9999999967948389,True
kitti_train,7347,007346.png,5,5,5,False,4.359373972917524e-11,3.709999418788357e-08,0.9999999968502732,True
kitti_train,7348,007347.png,5,5,5,False,4.374994810874e-11,3.8899997889529914e-08,0.9999999870657241,True
kitti_train,7350,007349.png,6,6,6,False,4.7187587171038103e-11,4.019989319203887e-08,0.9999999919073502,True
kitti_train,7351,007350.png,10,10,10,False,4.9687504111162184e-11,3.8899997889529914e-08,0.9999999961643145,True
kitti_train,7352,007351.png,1,1,1,False,2.695310641342985e-11,1.899996959764394e-08,0.9999999992474933,True
kitti_train,7353,007352.png,3,3,3,False,4.8671899843810706e-11,2.9299997095222352e-08,0.9999999949449538,True
kitti_train,7354,007353.png,8,8,8,False,4.953126797602181e-11,3.8200028029677924e-08,0.9999999958486988,True
kitti_train,7355,007354.png,1,1,1,False,3.335942633242439e-11,2.1399984007075545e-08,0.999999996659238,True
kitti_train,7356,007355.png,7,7,7,False,4.8359427573529956e-11,4.1099951886280905e-08,0.9999999906549669,True
kitti_train,7357,007356.png,5,5,5,False,3.390621117205228e-11,3.200005949111073e-08,0.9999999954594533,True
kitti_train,7358,007357.png,5,5,5,False,4.9609399921379804e-11,3.200000264769187e-08,0.999999994415573,True
kitti_train,7361,007360.png,9,9,9,False,4.9531240220446193e-11,3.399992465347168e-08,0.9999999948801891,True
kitti_train,7362,007361.png,4,4,4,False,4.4531253684532146e-11,3.200005949111073e-08,0.9999999974740809,True
kitti_train,7363,007362.png,2,2,2,False,4.4531267562319954e-11,2.720003067224752e-08,0.9999999986580559,True
kitti_train,7364,007363.png,5,5,5,False,3.390624933596875e-11,3.200005949111073e-08,0.9999999932272297,True
kitti_train,7365,007364.png,8,8,8,False,4.890625404652127e-11,3.3799992138483503e-08,0.9999999927439199,True
kitti_train,7367,007366.png,8,8,8,False,4.562499683613552e-11,3.6300008332545985e-08,0.9999999930246186,True
kitti_train,7368,007367.png,1,1,1,False,3.335931531012193e-11,3.200000264769187e-08,0.9999999973838487,True
kitti_train,7370,007369.png,1,1,1,False,4.8125003981880354e-11,3.579998519853689e-08,0.9999999979470454,True
kitti_train,7371,007370.png,2,2,2,False,4.640624690077644e-11,2.970000068103218e-08,0.9999999977511869,True
kitti_train,7372,007371.png,3,3,3,False,4.8125059493031586e-11,4.3000000005122274e-08,0.9999999981209855,True
kitti_train,7374,007373.png,1,1,1,False,3.335931531012193e-11,2.1299999986013063e-08,0.9999999972147963,True
kitti_train,7375,007374.png,2,2,2,False,3.937494774675088e-11,3.200000264769187e-08,0.9999999978175921,True
kitti_train,7376,007375.png,1,1,1,False,4.12499964741464e-11,2.6399998631632116e-08,0.9999999984058011,True
kitti_train,7377,007376.png,5,5,5,False,4.5390635694531056e-11,3.199998843683716e-08,0.9999999936401309,True
kitti_train,7379,007378.png,3,3,3,False,4.890626792430908e-11,3.169998308294453e-08,0.9999999979207677,True
kitti_train,7381,007380.png,3,3,3,False,4.21875034906094e-11,2.6999998681276338e-08,0.9999999979981051,True
kitti_train,7382,007381.png,2,2,2,False,4.8750004033593086e-11,3.1999995542264514e-08,0.9999999950833713,True
kitti_train,7383,007382.png,5,5,5,False,4.7031253891383074e-11,4.330001956986962e-08,0.9999999951698159,True
kitti_train,7384,007383.png,7,7,7,False,4.929689989552344e-11,3.200000264769187e-08,0.9999999974998239,True
kitti_train,7385,007384.png,4,4,4,False,4.906250405944945e-11,3.520000291246106e-08,0.9999999945693067,True
kitti_train,7386,007385.png,4,4,4,False,4.921874019458983e-11,3.200000264769187e-08,0.9999999915007994,True
kitti_train,7387,007386.png,9,9,9,False,3.945316295883572e-11,3.200000264769187e-08,0.9999999934586528,True
kitti_train,7388,007387.png,1,1,1,False,4.8593740142877095e-11,3.1099986586013983e-08,0.9999999982678833,True
kitti_train,7389,007388.png,12,12,12,False,4.796875396895217e-11,3.880001031575375e-08,0.999999995319199,True
kitti_train,7390,007389.png,3,3,3,False,4.2968750085803364e-11,2.849998281817534e-08,0.9999999955210118,True
kitti_train,7391,007390.png,2,2,2,False,3.515623903105336e-11,2.249999653258783e-08,0.9999999976598262,True
kitti_train,7392,007391.png,3,3,3,False,4.843750053828977e-11,3.100000078859466e-08,0.9999999926635847,True
kitti_train,7393,007392.png,7,7,7,False,4.9687504111162184e-11,3.750000132640707e-08,0.9999999974638368,True
kitti_train,7395,007394.png,14,14,14,False,4.9843750654643415e-11,3.450000463089964e-08,0.9999999940324289,True
kitti_train,7396,007395.png,3,3,3,False,4.476558013166709e-11,3.200000264769187e-08,0.9999999962169991,True
kitti_train,7397,007396.png,7,7,7,False,4.921874019458983e-11,4.289998400963668e-08,0.999999991237519,True
kitti_train,7398,007397.png,2,2,2,False,4.656247609702291e-11,2.9400000656210068e-08,0.9999999896193814,True
kitti_train,7399,007398.png,6,6,6,False,4.687500387845489e-11,3.680000304484565e-08,0.9999999944890571,True
kitti_train,7400,007399.png,1,1,1,False,3.3749988914699713e-11,3.1600023930877796e-08,0.9999999980085701,True
kitti_train,7401,007400.png,11,11,11,False,4.8125003981880354e-11,3.339999921081471e-08,0.9999999959041077,True
kitti_train,7402,007401.png,8,8,8,False,4.640625037022339e-11,3.200000264769187e-08,0.999999992271495,True
kitti_train,7403,007402.png,9,9,9,False,4.640632322860938e-11,3.200005949111073e-08,0.9999999947664191,True
kitti_train,7405,007404.png,12,12,12,False,4.843750400773672e-11,3.799999603870674e-08,0.9999999919917175,True
kitti_train,7407,007406.png,7,7,7,False,4.1406253425968487e-11,3.199999998315661e-08,0.9999999930278931,True
kitti_train,7408,007407.png,6,6,6,False,4.812499704298645e-11,4.489999128054478e-08,0.9999999954080764,True
kitti_train,7409,007408.png,1,1,1,False,2.8281155195486463e-11,1.7600008561657887e-08,0.999999999130598,True
kitti_train,7410,007409.png,1,1,1,False,2.9140578838848796e-11,2.0699985725514125e-08,0.9999999991052534,True
kitti_train,7411,007410.png,6,6,6,False,4.960931665465296e-11,4.219998572807526e-08,0.9999999961113627,True
kitti_train,7412,007411.png,5,5,5,False,4.39843717003896e-11,3.2999992072291207e-08,0.9999999981205936,True
kitti_train,7413,007412.png,8,8,8,False,4.9687504111162184e-11,4.480000370676862e-08,0.9999999897324457,True
kitti_train,7414,007413.png,2,2,2,False,4.984368473515133e-11,4.0299994452652754e-08,0.9999999951169434,True
kitti_train,7415,007414.png,12,12,12,False,4.828125399480854e-11,3.200005949111073e-08,0.9999999952393518,True
kitti_train,7416,007415.png,4,4,4,False,4.078123949646795e-11,3.200000264769187e-08,0.9999999938361949,True
kitti_train,7417,007416.png,2,2,2,False,3.9374999788455156e-11,2.519999942052209e-08,0.9999999950607658,True
kitti_train,7418,007417.png,1,1,1,False,4.57812399101698e-11,3.200000264769187e-08,0.9999999976958553,True
kitti_train,7420,007419.png,3,3,3,False,3.734375308983573e-11,3.200000264769187e-08,0.9999999966896008,True
kitti_train,7421,007420.png,16,16,16,False,4.7812531711599604e-11,4.1299998088106804e-08,0.999999991106164,True
kitti_train,7422,007421.png,12,12,12,False,4.8750004033593086e-11,3.200000264769187e-08,0.9999999931473148,True
kitti_train,7423,007422.png,10,10,10,False,4.609374687492007e-11,4.0900033582147444e-08,0.9999999959251566,True
kitti_train,7424,007423.png,5,5,5,False,4.632816352767577e-11,3.529999048623722e-08,0.9999999965208146,True
kitti_train,7425,007424.png,11,11,11,False,4.632810801652454e-11,4.289998400963668e-08,0.9999999939740729,True
kitti_train,7427,007426.png,4,4,4,False,4.3593746668069144e-11,3.199999909497819e-08,0.9999999973612396,True
kitti_train,7428,007427.png,1,1,1,False,4.8593740142877095e-11,3.1099986586013983e-08,0.9999999990577038,True
kitti_train,7429,007428.png,5,5,5,False,4.945312562232296e-11,3.200005949111073e-08,0.9999999963028078,True
kitti_train,7430,007429.png,6,6,6,False,3.890624974967061e-11,3.200000264769187e-08,0.999999995334397,True
kitti_train,7431,007430.png,9,9,9,False,4.4687475941884713e-11,3.379997792762879e-08,0.9999999936740996,True
kitti_train,7432,007431.png,1,1,1,False,4.046873947061158e-11,2.5899993261191412e-08,0.9999999991708918,True
kitti_train,7433,007432.png,1,1,1,False,4.906249712055555e-11,3.200005949111073e-08,0.9999999939113078,True
kitti_train,7434,007433.png,6,6,6,False,4.9765625648179324e-11,4.529999841906829e-08,0.9999999949191126,True
kitti_train,7436,007435.png,7,7,7,False,3.906249629315184e-11,3.3400112897652434e-08,0.9999999963664774,True
kitti_train,7438,007437.png,5,5,5,False,4.5078052401947843e-11,4.139997145102825e-08,0.9999999949788019,True
kitti_train,7439,007438.png,1,1,1,False,3.328125275370297e-11,2.1299999986013063e-08,0.9999999985916742,True
kitti_train,7440,007439.png,2,2,2,False,3.484374941353785e-11,2.2300000068753434e-08,0.9999999945037938,True
kitti_train,7441,007440.png,9,9,9,False,4.953126797602181e-11,4.480000370676862e-08,0.9999999959789562,True
kitti_train,7443,007442.png,7,7,7,False,4.8281267872596345e-11,3.270000092925329e-08,0.99999999698235,True
kitti_train,7444,007443.png,3,3,3,False,4.9218754072377635e-11,3.1500004382678526e-08,0.9999999929694106,True
kitti_train,7445,007444.png,4,4,4,False,4.499999678442279e-11,2.8799998830209006e-08,0.9999999954402123,True
kitti_train,7446,007445.png,7,7,7,False,4.7343746978345536e-11,3.309997964606737e-08,0.9999999936180535,True
kitti_train,7447,007446.png,2,2,2,False,4.5390635694531056e-11,3.7700004895668826e-08,0.9999999971774771,True
kitti_train,7448,007447.png,4,4,4,False,4.9609399921379804e-11,3.9700012166576926e-08,0.999999996775851,True
kitti_train,7449,007448.png,1,1,1,False,4.046875334839939e-11,2.5900021682900842e-08,0.9999999991295264,True
kitti_train,7450,007449.png,3,3,3,False,4.625000382674216e-11,3.199997422598244e-08,0.999999996432807,True
kitti_train,7453,007452.png,5,5,5,False,4.726552482736679e-11,3.4900011769423145e-08,0.9999999974160838,True
kitti_train,7455,007454.png,6,6,6,False,4.5000003723316695e-11,2.9600016659969697e-08,0.9999999957938502,True
kitti_train,7457,007456.png,5,5,5,False,4.5625000305582475e-11,3.200000264769187e-08,0.9999999934108382,True
kitti_train,7458,007457.png,2,2,2,False,3.937494774675088e-11,2.5400026970601175e-08,0.9999999946389578,True
kitti_train,7459,007458.png,20,20,20,False,4.8125003981880354e-11,3.9699955323158065e-08,0.9999999929485259,True
kitti_train,7460,007459.png,5,5,5,False,4.2031267355469026e-11,4.020000687887659e-08,0.9999999977503603,True
kitti_train,7461,007460.png,1,1,1,False,3.328126663149078e-11,2.1299968011589954e-08,0.9999999992116324,True
kitti_train,7462,007461.png,1,1,1,False,4.265623965160614e-11,3.199994580427301e-08,0.9999999989039754,True
kitti_train,7463,007462.png,9,9,9,False,4.968747635558657e-11,4.290001243134611e-08,0.9999999944606219,True
kitti_train,7464,007463.png,7,7,7,False,4.7187500434864305e-11,4.169998391034824e-08,0.9999999956044968,True
kitti_train,7465,007464.png,5,5,5,False,4.828124011702073e-11,3.200000264769187e-08,0.9999999933884497,True
kitti_train,7466,007465.png,8,8,8,False,4.9921872191660555e-11,3.200000264769187e-08,0.9999999930082002,True
kitti_train,7468,007467.png,3,3,3,False,4.2968753555250316e-11,3.200000264769187e-08,0.9999999964583398,True
kitti_train,7470,007469.png,6,6,6,False,4.9687504111162184e-11,4.119999630347593e-08,0.9999999950545128,True
kitti_train,7471,007470.png,9,9,9,False,4.828125399480854e-11,4.3999996535148966e-08,0.9999999946156424,True
kitti_train,7473,007472.png,1,1,1,False,4.156249996944972e-11,2.660000042453703e-08,0.9999999976428913,True
kitti_train,7475,007474.png,7,7,7,False,4.9218754072377635e-11,3.740001375263091e-08,0.999999994199896,True
kitti_train,7478,007477.png,1,1,1,False,3.8515635125691006e-11,3.2200006216953625e-08,0.9999999984795243,True
kitti_train,7480,007479.png,7,7,7,False,4.7031253891383074e-11,3.0200055789464386e-08,0.9999999959235731,True
kitti_val,4,000003.png,1,1,1,False,4.2968753555250316e-11,2.7500000499003363e-08,0.9999999984703151,True
kitti_val,6,000005.png,1,1,1,False,3.593747521790647e-11,3.200005949111073e-08,0.9999999957080872,True
kitti_val,11,000010.png,9,9,9,False,3.960942684955171e-11,3.570005446817959e-08,0.9999999954926349,True
kitti_val,21,000020.png,1,1,1,False,4.7968740091164364e-11,2.6099996830453165e-08,0.9999999979234053,True
kitti_val,25,000024.png,3,3,3,False,4.968749717226828e-11,4.089997673872858e-08,0.9999999941522538,True
kitti_val,26,000025.png,6,6,6,False,4.984374024630256e-11,4.530005526248715e-08,0.9999999861436271,True
kitti_val,33,000032.png,10,10,10,False,4.96875318667378e-11,4.410003384691663e-08,0.9999999945770787,True
kitti_val,36,000035.png,5,5,5,False,4.67187399877389e-11,3.2899976076805615e-08,0.99999998674761,True
kitti_val,38,000037.png,3,3,3,False,4.5156212102881454e-11,4.019995003545773e-08,0.9999999968911881,True
kitti_val,43,000042.png,1,1,1,False,3.703124959453241e-11,3.509995849526604e-08,0.9999999938928289,True
kitti_val,48,000047.png,9,9,9,False,4.898448313639392e-11,3.930000502805342e-08,0.9999999923683935,True
kitti_val,53,000052.png,6,6,6,False,4.953126797602181e-11,4.2800010646715236e-08,0.9999999932638107,True
kitti_val,61,000060.png,4,4,4,False,4.414063559110559e-11,3.110005764028756e-08,0.9999999933573208,True
kitti_val,66,000065.png,6,6,6,False,4.8046899792097975e-11,3.729996933543589e-08,0.9999999975436024,True
kitti_val,79,000078.png,4,4,4,False,3.812494764332541e-11,3.200005949111073e-08,0.9999999934267221,True
kitti_val,81,000080.png,4,4,4,False,4.914063600480745e-11,3.309997964606737e-08,0.9999999939320836,True
kitti_val,84,000083.png,6,6,6,False,4.1328107602822683e-11,3.270002935096272e-08,0.9999999956517213,True
kitti_val,87,000086.png,7,7,7,False,4.203125347768122e-11,3.200000264769187e-08,0.9999999956563627,True
kitti_val,93,000092.png,6,6,6,False,3.578124949110695e-11,3.200000264769187e-08,0.9999999964076951,True
kitti_val,98,000097.png,2,2,2,False,4.562499683613552e-11,3.9699955323158065e-08,0.9999999926776875,True
kitti_val,99,000098.png,5,5,5,False,4.703126776917088e-11,3.680003146655508e-08,0.9999999964003192,True
kitti_val,100,000099.png,10,10,10,False,4.984375412409037e-11,4.3699969864974264e-08,0.9999999959889335,True
kitti_val,108,000107.png,7,7,7,False,4.8671844332659475e-11,4.609995585269644e-08,0.9999999939918135,True
kitti_val,125,000124.png,5,5,5,False,4.4609371752102334e-11,4.06000140174001e-08,0.9999999892254532,True
kitti_val,129,000128.png,2,2,2,False,3.328124581480907e-11,2.1299999986013063e-08,0.999999997628048,True
kitti_val,133,000132.png,3,3,3,False,4.781242068929714e-11,2.920000952144619e-08,0.9999999914500995,True
kitti_val,141,000140.png,4,4,4,False,3.335931531012193e-11,2.1300024855008814e-08,0.9999999977765992,True
kitti_val,147,000146.png,17,17,17,False,4.9218754072377635e-11,4.360001071290753e-08,0.999999996190157,True
kitti_val,148,000147.png,2,2,2,False,4.3906253632819414e-11,3.709999418788357e-08,0.999999995214672,True
kitti_val,166,000165.png,10,10,10,False,4.906249712055555e-11,4.320003199609346e-08,0.99999999434958,True
kitti_val,170,000169.png,16,16,16,False,4.656249691370462e-11,3.200000264769187e-08,0.9999999852763212,True
kitti_val,175,000174.png,2,2,2,False,3.7031253063979364e-11,3.449997620919021e-08,0.9999999955951246,True
kitti_val,176,000175.png,3,3,3,False,3.773437118326228e-11,3.200000264769187e-08,0.9999999965392076,True
kitti_val,179,000178.png,8,8,8,False,4.562505928618066e-11,3.200000264769187e-08,0.9999999965327412,True
kitti_val,185,000184.png,5,5,5,False,4.9687490233374376e-11,4.5799993131367955e-08,0.9999999939782419,True
kitti_val,198,000197.png,6,6,6,False,4.6250000357295207e-11,3.669998704936006e-08,0.9999999948457402,True
kitti_val,199,000198.png,3,3,3,False,4.4921844022383084e-11,3.8900111576367635e-08,0.9999999959612842,True
kitti_val,202,000201.png,12,12,12,False,4.8593740142877095e-11,3.580004204195575e-08,0.9999999895892945,True
kitti_val,207,000206.png,4,4,4,False,4.992184443608494e-11,3.4300001061637886e-08,0.9999999949331319,True
kitti_val,210,000209.png,1,1,1,False,4.843749012994891e-11,3.6399967484612716e-08,0.9999999986429369,True
kitti_val,213,000212.png,4,4,4,False,4.156242017216982e-11,3.200000264769187e-08,0.9999999950111295,True
kitti_val,215,000214.png,6,6,6,False,4.8593747081771e-11,3.200000264769187e-08,0.9999999941327958,True
kitti_val,216,000215.png,2,2,2,False,4.31250035681785e-11,3.399998149689054e-08,0.9999999990341457,True
kitti_val,219,000218.png,7,7,7,False,4.8828108223375466e-11,3.9100001458791667e-08,0.9999999926299611,True
kitti_val,224,000223.png,4,4,4,False,3.8593753193261193e-11,3.200005949111073e-08,0.9999999946170438,True
kitti_val,228,000227.png,6,6,6,False,4.7187503904311257e-11,3.200000264769187e-08,0.9999999956854051,True
kitti_val,241,000240.png,1,1,1,False,4.281249660342823e-11,2.7399995161658808e-08,0.9999999967200258,True
kitti_val,249,000248.png,9,9,9,False,4.9999997198124646e-11,3.470000820016139e-08,0.9999999944219864,True
kitti_val,256,000255.png,2,2,2,False,4.484375024094156e-11,3.649995505838888e-08,0.999999994582004,True
kitti_val,263,000262.png,7,7,7,False,4.804678876979551e-11,3.7599988900183234e-08,0.9999999952123115,True
kitti_val,272,000271.png,5,5,5,False,4.375000361989123e-11,3.349992994117201e-08,0.9999999943016155,True
kitti_val,275,000274.png,14,14,14,False,4.95312471593401e-11,3.6999978192397975e-08,0.9999999944765884,True
kitti_val,276,000275.png,9,9,9,False,4.914063600480745e-11,3.920001745427726e-08,0.9999999813826453,True
kitti_val,286,000285.png,14,14,14,False,4.8281267872596345e-11,3.200005949111073e-08,0.9999999924256954,True
kitti_val,287,000286.png,12,12,12,False,4.7578163631101233e-11,4.330001956986962e-08,0.9999999919590686,True
kitti_val,290,000289.png,3,3,3,False,4.156250343889667e-11,2.660000042453703e-08,0.9999999936608226,True
kitti_val,294,000293.png,3,3,3,False,4.695310806823727e-11,4.390000185594545e-08,0.9999999958351412,True
kitti_val,296,000295.png,3,3,3,False,3.335942633242439e-11,2.1300024855008814e-08,0.9999999914054883,True
kitti_val,299,000298.png,1,1,1,False,3.781250312862028e-11,2.4200005555030657e-08,0.9999999980826262,True
kitti_val,302,000301.png,7,7,7,False,4.578125378795761e-11,4.0999992734214175e-08,0.9999999971833581,True
kitti_val,305,000304.png,1,1,1,False,4.218753124618502e-11,3.399998149689054e-08,0.9999999885006043,True
kitti_val,307,000306.png,3,3,3,False,4.2968753555250316e-11,3.200005949111073e-08,0.9999999917098946,True
kitti_val,319,000318.png,5,5,5,False,4.921874713348373e-11,3.200000264769187e-08,0.9999999964747814,True
kitti_val,325,000324.png,1,1,1,False,4.7656253943095805e-11,3.200000264769187e-08,0.999999999301667,True
kitti_val,330,000329.png,3,3,3,False,4.7890691412533215e-11,3.200000264769187e-08,0.9999999926820715,True
kitti_val,333,000332.png,12,12,12,False,4.7343746978345536e-11,3.9099973037082236e-08,0.9999999959170734,True
kitti_val,337,000336.png,13,13,13,False,4.94531082750882e-11,4.4499984142021276e-08,0.9999999909001299,True
kitti_val,348,000347.png,4,4,4,False,4.242187157110777e-11,3.200000264769187e-08,0.9999999966632251,True
kitti_val,351,000350.png,9,9,9,False,4.5000003723316695e-11,3.200005949111073e-08,0.9999999915288512,True
kitti_val,353,000352.png,11,11,11,False,4.9218629172287365e-11,4.419996457727393e-08,0.9999999932631818,True
kitti_val,359,000358.png,4,4,4,False,4.7812497017130084e-11,3.729999775714532e-08,0.9999999935049777,True
kitti_val,362,000361.png,7,7,7,False,4.8593740142877095e-11,3.880001031575375e-08,0.9999999934803093,True
kitti_val,372,000371.png,12,12,12,False,4.968750064171523e-11,3.779996404773556e-08,0.9999999947447338,True
kitti_val,376,000375.png,1,1,1,False,4.5468753762101244e-11,2.9100000631387957e-08,0.9999999987054866,True
kitti_val,377,000376.png,4,4,4,False,3.335942633242439e-11,3.200000264769187e-08,0.9999999956846419,True
kitti_val,384,000383.png,12,12,12,False,4.8593754020664903e-11,3.8899997889529914e-08,0.9999999948460878,True
kitti_val,386,000385.png,5,5,5,False,4.4218850803190435e-11,3.200000264769187e-08,0.999999995940311,True
kitti_val,393,000392.png,11,11,11,False,4.859376789845271e-11,4.139997145102825e-08,0.9999999964031778,True
kitti_val,396,000395.png,12,12,12,False,4.906250405944945e-11,3.5600010050984565e-08,0.9999999943068172,True
kitti_val,397,000396.png,2,2,2,False,4.64843163960893e-11,3.859997832478257e-08,0.9999999920467604,True
kitti_val,398,000397.png,7,7,7,False,4.984374024630256e-11,4.3700026708393125e-08,0.9999999970869035,True
kitti_val,404,000403.png,5,5,5,False,4.906249712055555e-11,3.200005949111073e-08,0.9999999967450758,True
kitti_val,406,000405.png,6,6,6,False,4.9687504111162184e-11,3.179999907843012e-08,0.9999999930852148,True
kitti_val,419,000418.png,3,3,3,False,4.7656253943095805e-11,3.04999971945108e-08,0.9999999964052295,True
kitti_val,422,000421.png,7,7,7,False,4.843750400773672e-11,3.199994580427301e-08,0.9999999933980109,True
kitti_val,428,000427.png,7,7,7,False,4.890632343546031e-11,3.399998149689054e-08,0.9999999905262216,True
kitti_val,432,000431.png,2,2,2,False,3.95312671486181e-11,3.199994580427301e-08,0.9999999981373408,True
kitti_val,437,000436.png,11,11,11,False,4.562500377502943e-11,3.2200034638663055e-08,0.9999999941347437,True
kitti_val,454,000453.png,5,5,5,False,4.843750400773672e-11,3.200000264769187e-08,0.9999999956936738,True
kitti_val,456,000455.png,8,8,8,False,4.8593747081771e-11,3.199994580427301e-08,0.9999999949359472,True
kitti_val,464,000463.png,9,9,9,False,4.734374003945163e-11,3.1999995542264514e-08,0.9999999942295802,True
kitti_val,472,000471.png,9,9,9,False,4.94531082750882e-11,4.149998744651384e-08,0.999999986832233,True
kitti_val,473,000472.png,7,7,7,False,4.804678876979551e-11,4.21999288846564e-08,0.9999999940094695,True
kitti_val,484,000483.png,9,9,9,False,4.984375412409037e-11,3.200000264769187e-08,0.9999999938555639,True
kitti_val,495,000494.png,6,6,6,False,4.531249681027916e-11,3.950000859731517e-08,0.9999999933773968,True
kitti_val,498,000497.png,9,9,9,False,4.734374003945163e-11,3.6299923067417694e-08,0.9999999957732911,True
kitti_val,499,000498.png,1,1,1,False,3.250000268906206e-11,2.0800001720999717e-08,0.9999999985092684,True
kitti_val,503,000502.png,11,11,11,False,4.9843768001878175e-11,3.859997832478257e-08,0.9999999914138505,True
kitti_val,506,000505.png,5,5,5,False,4.867173331035701e-11,3.5500022477208404e-08,0.9999999926466211,True
kitti_val,507,000506.png,4,4,4,False,4.5859316344376566e-11,3.200005949111073e-08,0.9999999926887488,True
kitti_val,511,000510.png,7,7,7,False,4.8750004033593086e-11,3.1200002581499575e-08,0.9999999961318614,True
kitti_val,515,000514.png,2,2,2,False,3.335942633242439e-11,3.200005949111073e-08,0.9999999963290387,True
kitti_val,520,000519.png,12,12,12,False,4.906253181502507e-11,3.200005949111073e-08,0.9999999932480064,True
kitti_val,522,000521.png,4,4,4,False,3.3593749310112386e-11,3.200000264769187e-08,0.9999999933452343,True
kitti_val,523,000522.png,8,8,8,False,4.929689989552344e-11,3.200005949111073e-08,0.9999999868829401,True
kitti_val,526,000525.png,1,1,1,False,2.3437498469780493e-11,1.4999997688391886e-08,0.9999999984653197,True
kitti_val,528,000527.png,7,7,7,False,4.890625404652127e-11,4.219998572807526e-08,0.9999999950806582,True
kitti_val,529,000528.png,5,5,5,False,4.88281637345267e-11,3.449997620919021e-08,0.9999999925613909,True
kitti_val,534,000533.png,1,1,1,False,4.7187503904311257e-11,3.039997409359785e-08,0.9999999952225156,True
kitti_val,536,000535.png,17,17,17,False,4.8593795654028327e-11,4.020000687887659e-08,0.9999999959643908,True
kitti_val,537,000536.png,3,3,3,False,4.1640579873103434e-11,3.200005949111073e-08,0.999999992721913,True
kitti_val,539,000538.png,1,1,1,False,3.328126663149078e-11,2.1300024855008814e-08,0.9999999906174032,True
kitti_val,542,000541.png,7,7,7,False,4.234376738132539e-11,3.200000264769187e-08,0.9999999951802289,True
kitti_val,547,000546.png,1,1,1,False,4.351563553939286e-11,3.640002432803158e-08,0.9999999986864956,True
kitti_val,553,000552.png,1,1,1,False,4.625000382674216e-11,3.200005949111073e-08,0.9999999986464617,True
kitti_val,558,000557.png,6,6,6,False,4.8125003981880354e-11,4.460000013750687e-08,0.999999996614506,True
kitti_val,559,000558.png,9,9,9,False,4.484375371038851e-11,3.679997462313622e-08,0.9999999960590031,True
kitti_val,570,000569.png,2,2,2,False,3.734374962038878e-11,2.3900000201138027e-08,0.9999999952736819,True
kitti_val,571,000570.png,1,1,1,False,4.062499989188062e-11,2.6000000374892807e-08,0.9999999924029586,True
kitti_val,574,000573.png,10,10,10,False,4.843750400773672e-11,3.260001335547713e-08,0.9999999957612904,True
kitti_val,583,000582.png,5,5,5,False,4.914063600480745e-11,3.9000013885015505e-08,0.9999999959249888,True
kitti_val,587,000586.png,13,13,13,False,4.7031253891383074e-11,3.2899947655096184e-08,0.9999999933745471,True
kitti_val,589,000588.png,4,4,4,False,4.437497591602835e-11,3.200005949111073e-08,0.9999999956786635,True
kitti_val,596,000595.png,4,4,4,False,4.812503173745597e-11,3.0800009653830784e-08,0.9999999988912618,True
kitti_val,600,000599.png,9,9,9,False,4.5312420482446214e-11,4.279991117073223e-08,0.9999999870167925,True
kitti_val,604,000603.png,7,7,7,False,4.5937489923097985e-11,3.719998176165973e-08,0.999999994811513,True
kitti_val,614,000613.png,14,14,14,False,4.984374718519646e-11,3.3499986784590874e-08,0.9999999936440034,True
kitti_val,620,000619.png,4,4,4,False,4.9921872191660555e-11,3.600001718950807e-08,0.9999999949252498,True
kitti_val,624,000623.png,8,8,8,False,4.8437476252161105e-11,3.249996893828211e-08,0.9999999959507686,True
kitti_val,638,000637.png,8,8,8,False,4.8593740142877095e-11,3.160005235258723e-08,0.999999994343661,True
kitti_val,644,000643.png,14,14,14,False,4.914063600480745e-11,4.139997145102825e-08,0.9999999944391533,True
kitti_val,650,000649.png,6,6,6,False,4.890626792430908e-11,3.249996893828211e-08,0.9999999945124599,True
kitti_val,667,000666.png,7,7,7,False,4.5624948263878196e-11,3.6899990618621814e-08,0.9999999968692074,True
kitti_val,669,000668.png,6,6,6,False,4.9296875609394775e-11,3.200000264769187e-08,0.9999999937870019,True
kitti_val,672,000671.png,1,1,1,False,4.3281239703318874e-11,2.769999696283776e-08,0.999999997957955,True
kitti_val,675,000674.png,8,8,8,False,4.1093795033475544e-11,3.640002432803158e-08,0.9999999938678464,True
kitti_val,695,000694.png,9,9,9,False,4.9374997146411914e-11,3.2800016924738884e-08,0.9999999975549015,True
kitti_val,706,000705.png,5,5,5,False,4.7031253891383074e-11,3.200000264769187e-08,0.9999999961493223,True
kitti_val,707,000706.png,4,4,4,False,4.8437476252161105e-11,3.600001718950807e-08,0.9999999939347171,True
kitti_val,711,000710.png,2,2,2,False,4.250000351646577e-11,2.720000225053809e-08,0.9999999957509994,True
kitti_val,722,000721.png,1,1,1,False,4.703124695248917e-11,4.059998559569067e-08,0.9999999978082409,True
kitti_val,723,000722.png,4,4,4,False,4.8750000564146134e-11,3.579998519853689e-08,0.9999999896178086,True
kitti_val,727,000726.png,1,1,1,False,3.593750297348208e-11,2.2999998350314854e-08,0.9999999982917984,True
kitti_val,728,000727.png,8,8,8,False,4.843750400773672e-11,3.40000383403094e-08,0.9999999947163088,True
kitti_val,732,000731.png,4,4,4,False,4.874997627801747e-11,4.629998784366762e-08,0.9999999980176428,True
kitti_val,742,000741.png,7,7,7,False,4.8906212413157846e-11,4.150001586822327e-08,0.9999999967936042,True
kitti_val,745,000744.png,1,1,1,False,3.7187503076907547e-11,2.380000552193451e-08,0.9999999991701484,True
kitti_val,752,000751.png,6,6,6,False,4.8750004033593086e-11,4.3699998286683694e-08,0.9999999967713656,True
kitti_val,761,000760.png,8,8,8,False,4.4062500176300645e-11,3.200005949111073e-08,0.9999999936758291,True
kitti_val,762,000761.png,3,3,3,False,4.750000046072067e-11,3.199994580427301e-08,0.999999994477653,True
kitti_val,770,000769.png,1,1,1,False,4.695310806823727e-11,4.3099987578898435e-08,0.999999994653014,True
kitti_val,785,000784.png,1,1,1,False,2.609379379236998e-11,1.690003159637854e-08,0.9999999988008378,True
kitti_val,786,000785.png,14,14,14,False,4.906250405944945e-11,4.330001956986962e-08,0.9999999959348941,True
kitti_val,790,000789.png,1,1,1,False,4.328126745889449e-11,2.7700011173692474e-08,0.9999999985959842,True
kitti_val,793,000792.png,4,4,4,False,3.335931531012193e-11,2.1299999986013063e-08,0.9999999956817351,True
kitti_val,794,000793.png,5,5,5,False,4.437500020215701e-11,3.599996034608921e-08,0.9999999947896762,True
kitti_val,798,000797.png,2,2,2,False,3.335942633242439e-11,3.200000264769187e-08,0.9999999949680419,True
kitti_val,800,000799.png,3,3,3,False,4.6093750344367024e-11,3.200000264769187e-08,0.9999999945765031,True
kitti_val,806,000805.png,8,8,8,False,4.9531240220446193e-11,3.879995347233489e-08,0.9999999953088218,True
kitti_val,822,000821.png,2,2,2,False,4.531250374917306e-11,2.8999991741329723e-08,0.9999999991854098,True
kitti_val,833,000832.png,3,3,3,False,4.8906247107627365e-11,3.199994580427301e-08,0.9999999939394453,True
kitti_val,836,000835.png,1,1,1,False,3.335942633242439e-11,2.1299998209656223e-08,0.9999999951334441,True
kitti_val,842,000841.png,1,1,1,False,4.5156246797350974e-11,2.8900000614839882e-08,0.9999999988154882,True
kitti_val,846,000845.png,12,12,12,False,4.8671899843810706e-11,3.680000304484565e-08,0.9999999959031642,True
kitti_val,848,000847.png,7,7,7,False,4.7656240065308e-11,3.200000264769187e-08,0.9999999962315552,True
kitti_val,865,000864.png,5,5,5,False,4.9062490181661644e-11,3.949998017560574e-08,0.9999999958108685,True
kitti_val,871,000870.png,10,10,10,False,4.6484260884938067e-11,4.359992544777924e-08,0.9999999922153944,True
kitti_val,878,000877.png,6,6,6,False,4.742189974038524e-11,3.20000310694013e-08,0.9999999888931042,True
kitti_val,881,000880.png,3,3,3,False,4.3124996629284595e-11,3.9100008564219024e-08,0.9999999967729913,True
kitti_val,882,000881.png,1,1,1,False,3.335931531012193e-11,3.200000264769187e-08,0.9999999960886076,True
kitti_val,885,000884.png,4,4,4,False,3.781248925083247e-11,3.200000264769187e-08,0.9999999981605292,True
kitti_val,910,000909.png,6,6,6,False,4.984374718519646e-11,4.129998387725209e-08,0.9999999940766434,True
kitti_val,913,000912.png,6,6,6,False,4.9374997146411914e-11,3.1599999061882045e-08,0.999999995804472,True
kitti_val,923,000922.png,6,6,6,False,4.234376738132539e-11,3.200000264769187e-08,0.9999999956826572,True
kitti_val,939,000938.png,4,4,4,False,4.546876763988905e-11,4.120002472518536e-08,0.9999999935028301,True
kitti_val,943,000942.png,7,7,7,False,4.585942736667903e-11,3.440004547883291e-08,0.9999999967728617,True
kitti_val,953,000952.png,3,3,3,False,4.906253181502507e-11,3.5000027764908737e-08,0.9999999992224614,True
kitti_val,955,000954.png,1,1,1,False,2.0468765571379777e-11,1.3100006412969378e-08,0.9999999998130733,True
kitti_val,961,000960.png,1,1,1,False,3.335931531012193e-11,2.1299999986013063e-08,0.9999999953951676,True
kitti_val,962,000961.png,7,7,7,False,4.750000393016762e-11,3.799999603870674e-08,0.9999999918995982,True
kitti_val,970,000969.png,3,3,3,False,4.2343684114598545e-11,3.3599974358367035e-08,0.9999999949157446,True
kitti_val,976,000975.png,5,5,5,False,4.8046899792097975e-11,3.199999909497819e-08,0.9999999923686629,True
kitti_val,982,000981.png,5,5,5,False,4.367195494126008e-11,2.2800008991907816e-08,0.9999999941827251,True
kitti_val,983,000982.png,11,11,11,False,4.8437476252161105e-11,3.680000304484565e-08,0.9999999873012445,True
kitti_val,984,000983.png,7,7,7,False,4.7187587171038103e-11,4.269998044037493e-08,0.9999999947150298,True
kitti_val,991,000990.png,2,2,2,False,4.8984372114091457e-11,3.1999995542264514e-08,0.9999999945311469,True
kitti_val,992,000991.png,5,5,5,False,4.437500367160396e-11,3.199994580427301e-08,0.9999999943315035,True
kitti_val,1002,001001.png,1,1,1,False,3.9218753244973925e-11,3.470000820016139e-08,0.9999999957254273,True
kitti_val,1005,001004.png,1,1,1,False,3.328126663149078e-11,2.1299968011589954e-08,0.999999996200183,True
kitti_val,1006,001005.png,1,1,1,False,3.328125275370297e-11,2.6099996830453165e-08,0.9999999990644091,True
kitti_val,1007,001006.png,1,1,1,False,3.328126663149078e-11,2.1299968011589954e-08,0.9999999967555325,True
kitti_val,1011,001010.png,12,12,12,False,4.9531240220446193e-11,4.279996801415109e-08,0.9999999942632438,True
kitti_val,1013,001012.png,6,6,6,False,4.679689968867251e-11,4.450004098544014e-08,0.9999999964601023,True
kitti_val,1024,001023.png,4,4,4,False,4.5000003723316695e-11,3.4300001061637886e-08,0.9999999962615159,True
kitti_val,1042,001041.png,2,2,2,False,3.328126663149078e-11,2.1299968011589954e-08,0.9999999979437394,True
kitti_val,1044,001043.png,9,9,9,False,4.765610128742992e-11,4.199995373710408e-08,0.9999999939587721,True
kitti_val,1048,001047.png,1,1,1,False,3.5703107137408097e-11,2.1299999986013063e-08,0.9999999943674781,True
kitti_val,1049,001048.png,6,6,6,False,4.9218754072377635e-11,3.8299958760035224e-08,0.999999993713057,True
kitti_val,1051,001050.png,14,14,14,False,4.406253140132321e-11,3.270000092925329e-08,0.999999993711591,True
kitti_val,1056,001055.png,8,8,8,False,4.882821924567793e-11,3.139996351819718e-08,0.9999999947091929,True
kitti_val,1061,001060.png,6,6,6,False,4.953125062878705e-11,4.259999286659877e-08,0.9999999901377845,True
kitti_val,1063,001062.png,11,11,11,False,4.750000393016762e-11,3.5600066894403426e-08,0.9999999965085623,True
kitti_val,1069,001068.png,8,8,8,False,4.890632343546031e-11,3.9700012166576926e-08,0.9999999918836713,True
kitti_val,1070,001069.png,8,8,8,False,4.445305235023511e-11,3.719998176165973e-08,0.999999992590056,True
kitti_val,1072,001071.png,11,11,11,False,4.4843739832600704e-11,4.219998572807526e-08,0.9999999972750964,True
kitti_val,1076,001075.png,4,4,4,False,4.8749948522441855e-11,4.259999286659877e-08,0.9999999942311947,True
kitti_val,1077,001076.png,3,3,3,False,4.046874987895244e-11,2.9299997095222352e-08,0.9999999939919622,True
kitti_val,1082,001081.png,3,3,3,False,3.960942684955171e-11,3.520000291246106e-08,0.9999999919505781,True
kitti_val,1095,001094.png,3,3,3,False,4.7656267820883613e-11,2.2500003638015187e-08,0.999999992560301,True
kitti_val,1098,001097.png,5,5,5,False,4.554689958524705e-11,3.209999022146803e-08,0.9999999992059001,True
kitti_val,1104,001103.png,4,4,4,False,4.781250395602399e-11,3.1999995542264514e-08,0.99999999732016,True
kitti_val,1105,001104.png,7,7,7,False,4.898442762524269e-11,3.5500022477208404e-08,0.9999999966980457,True
kitti_val,1117,001116.png,5,5,5,False,3.937500325790211e-11,3.200000264769187e-08,0.9999999964885598,True
kitti_val,1120,001119.png,5,5,5,False,4.8750004033593086e-11,3.199994580427301e-08,0.9999999979642755,True
kitti_val,1122,001121.png,3,3,3,False,4.95312471593401e-11,3.200000264769187e-08,0.9999999962533884,True
kitti_val,1129,001128.png,5,5,5,False,4.593753155646141e-11,2.9400013090707944e-08,0.9999999942085844,True
kitti_val,1134,001133.png,3,3,3,False,4.796875049950522e-11,4.190002300674678e-08,0.9999999932257772,True
kitti_val,1136,001135.png,1,1,1,False,4.703126776917088e-11,2.179999825102641e-08,0.9999999985707554,True
kitti_val,1138,001137.png,2,2,2,False,3.546876681248534e-11,2.2700021418131655e-08,0.9999999981110799,True
kitti_val,1141,001140.png,6,6,6,False,4.843750400773672e-11,3.200005949111073e-08,0.9999999928144376,True
kitti_val,1149,001148.png,5,5,5,False,4.03906352808292e-11,3.200005949111073e-08,0.9999999920197583,True
kitti_val,1153,001152.png,3,3,3,False,3.335937082127316e-11,3.0100011372269364e-08,0.9999999894547281,True
kitti_val,1160,001159.png,6,6,6,False,4.9140580493656216e-11,3.200000264769187e-08,0.9999999916217063,True
kitti_val,1164,001163.png,9,9,9,False,4.8984372114091457e-11,3.200000264769187e-08,0.9999999948890269,True
kitti_val,1166,001165.png,3,3,3,False,4.367189943010885e-11,3.5600010050984565e-08,0.9999999935383583,True
kitti_val,1168,001167.png,2,2,2,False,3.367184309155391e-11,2.1299999986013063e-08,0.9999999921990745,True
kitti_val,1174,001173.png,3,3,3,False,3.335942633242439e-11,3.200000264769187e-08,0.9999999913570379,True
kitti_val,1181,001180.png,12,12,12,False,4.687500040900794e-11,3.200000264769187e-08,0.999999995727784,True
kitti_val,1195,001194.png,2,2,2,False,3.906249976259879e-11,3.130003278783988e-08,0.9999999922701127,True
kitti_val,1198,001197.png,1,1,1,False,3.773437118326228e-11,2.2700021418131655e-08,0.9999999962657945,True
kitti_val,1208,001207.png,6,6,6,False,4.546874682320734e-11,3.65999994755839e-08,0.9999999951418957,True
kitti_val,1217,001216.png,4,4,4,False,4.679689968867251e-11,3.200000264769187e-08,0.9999999923275317,True
kitti_val,1229,001228.png,1,1,1,False,4.593750380088579e-11,3.5500022477208404e-08,0.9999999987229465,True
kitti_val,1230,001229.png,5,5,5,False,4.078126725204356e-11,3.200005949111073e-08,0.9999999961826607,True
kitti_val,1231,001230.png,13,13,13,False,4.9687504111162184e-11,4.489999128054478e-08,0.9999999965605281,True
kitti_val,1235,001234.png,2,2,2,False,4.656253160817414e-11,3.750000132640707e-08,0.9999999919318835,True
kitti_val,1239,001238.png,7,7,7,False,4.9218754072377635e-11,4.490004812396364e-08,0.9999999967107236,True
kitti_val,1240,001239.png,1,1,1,False,3.328125275370297e-11,2.1300003538726742e-08,0.9999999993915151,True
kitti_val,1253,001252.png,6,6,6,False,4.5546788562944585e-11,4.279996801415109e-08,0.9999999941024679,True
kitti_val,1255,001254.png,10,10,10,False,4.8281247055914633e-11,4.049996960020508e-08,0.9999999938706878,True
kitti_val,1263,001262.png,14,14,14,False,4.625000382674216e-11,4.219998572807526e-08,0.9999999940675557,True
kitti_val,1271,001270.png,6,6,6,False,4.8750004033593086e-11,3.539997806001338e-08,0.9999999949290879,True
kitti_val,1272,001271.png,2,2,2,False,4.359379524032647e-11,3.5699997624760726e-08,0.9999999987734264,True
kitti_val,1285,001284.png,5,5,5,False,4.6562503852598525e-11,3.200000264769187e-08,0.9999999950369649,True
kitti_val,1287,001286.png,3,3,3,False,4.3281248376936254e-11,2.7699998739194598e-08,0.9999999935259974,True
kitti_val,1289,001288.png,7,7,7,False,3.843750318033301e-11,3.200005949111073e-08,0.9999999952471631,True
kitti_val,1291,001290.png,10,10,10,False,4.3906323021758453e-11,3.200005949111073e-08,0.9999999954909403,True
kitti_val,1293,001292.png,3,3,3,False,4.8593747081771e-11,3.199994580427301e-08,0.9999999945838159,True
kitti_val,1300,001299.png,3,3,3,False,4.843750400773672e-11,3.199994580427301e-08,0.9999999960811341,True
kitti_val,1310,001309.png,5,5,5,False,4.921874019458983e-11,3.509998691697547e-08,0.9999999922006785,True
kitti_val,1315,001314.png,2,2,2,False,4.859376789845271e-11,4.4999978854320943e-08,0.9999999983798408,True
kitti_val,1324,001323.png,1,1,1,False,4.585942736667903e-11,2.4100131668092217e-08,0.9999999983124683,True
kitti_val,1326,001325.png,3,3,3,False,3.9374999788455156e-11,3.50000846083276e-08,0.9999999933831196,True
kitti_val,1327,001326.png,4,4,4,False,4.5468739884313436e-11,3.200000264769187e-08,0.9999999952353558,True
kitti_val,1337,001336.png,8,8,8,False,4.593750380088579e-11,3.049999008908344e-08,0.9999999963465169,True
kitti_val,1343,001342.png,1,1,1,False,4.640625383967034e-11,2.9700004233745858e-08,0.9999999966888069,True
kitti_val,1346,001345.png,2,2,2,False,4.9374997146411914e-11,3.200000264769187e-08,0.9999999968055655,True
kitti_val,1348,001347.png,3,3,3,False,3.8125003154476644e-11,3.309997964606737e-08,0.9999999951811215,True
kitti_val,1357,001356.png,5,5,5,False,4.734374003945163e-11,3.199994580427301e-08,0.9999999921194989,True
kitti_val,1362,001361.png,4,4,4,False,4.859375055121795e-11,3.380000634933822e-08,0.999999991242409,True
kitti_val,1375,001374.png,1,1,1,False,2.0312501680663786e-11,1.3000004628338502e-08,0.9999999995335305,True
kitti_val,1376,001375.png,1,1,1,False,3.328124928425602e-11,2.1299999986013063e-08,0.9999999979198763,True
kitti_val,1379,001378.png,8,8,8,False,4.8281250525361585e-11,4.3100016000607866e-08,0.9999999906647669,True
kitti_val,1380,001379.png,1,1,1,False,3.617189880955607e-11,2.1299999986013063e-08,0.9999999948622244,True
kitti_val,1391,001390.png,4,4,4,False,4.390624669392551e-11,3.2199977795244195e-08,0.9999999938183097,True
kitti_val,1392,001391.png,10,10,10,False,4.648437190724053e-11,4.3300005359014904e-08,0.9999999926430841,True
kitti_val,1404,001403.png,6,6,6,False,4.8281267872596345e-11,3.780002089115442e-08,0.9999999974755105,True
kitti_val,1412,001411.png,3,3,3,False,4.250000351646577e-11,2.720000225053809e-08,0.9999999980133274,True
kitti_val,1414,001413.png,5,5,5,False,4.375000361989123e-11,2.7299961402604822e-08,0.9999999933048783,True
kitti_val,1423,001422.png,10,10,10,False,4.968750064171523e-11,4.4999978854320943e-08,0.9999999942380671,True
kitti_val,1436,001435.png,6,6,6,False,4.6874996939560987e-11,3.200005949111073e-08,0.9999999964153233,True
kitti_val,1437,001436.png,4,4,4,False,4.929689989552344e-11,3.2800016924738884e-08,0.9999999929709,True
kitti_val,1438,001437.png,1,1,1,False,4.7656267820883613e-11,3.200000264769187e-08,0.9999999922327035,True
kitti_val,1442,001441.png,1,1,1,False,4.859376789845271e-11,4.0999992734214175e-08,0.9999999983410284,True
kitti_val,1447,001446.png,7,7,7,False,4.890625404652127e-11,3.579998519853689e-08,0.9999999952713987,True
kitti_val,1452,001451.png,2,2,2,False,4.343749665514096e-11,3.5000027764908737e-08,0.9999999945826438,True
kitti_val,1455,001454.png,6,6,6,False,4.8750000564146134e-11,4.079993232153356e-08,0.9999999932277371,True
kitti_val,1458,001457.png,16,16,16,False,4.609374687492007e-11,3.2300022212439217e-08,0.9999999924025841,True
kitti_val,1460,001459.png,3,3,3,False,3.945310744768449e-11,2.910002194767003e-08,0.9999999975325474,True
kitti_val,1464,001463.png,5,5,5,False,4.6718746926632804e-11,3.200000264769187e-08,0.9999999952753947,True
kitti_val,1482,001481.png,9,9,9,False,4.8515635953094716e-11,3.880001031575375e-08,0.9999999956221785,True
kitti_val,1487,001486.png,5,5,5,False,4.9218754072377635e-11,3.989998731412925e-08,0.9999999951145141,True
kitti_val,1496,001495.png,6,6,6,False,4.4921899533534315e-11,2.980004865094088e-08,0.9999999973226793,True
kitti_val,1497,001496.png,9,9,9,False,4.593750380088579e-11,3.810004045590176e-08,0.9999999929961922,True
kitti_val,1498,001497.png,8,8,8,False,4.9452997252785735e-11,3.880001031575375e-08,0.9999999961017992,True
kitti_val,1501,001500.png,4,4,4,False,4.796875396895217e-11,3.070000076377255e-08,0.9999999955859366,True
kitti_val,1503,001502.png,2,2,2,False,4.3437500124587913e-11,3.200000264769187e-08,0.9999999934293279,True
kitti_val,1509,001508.png,7,7,7,False,4.703126776917088e-11,3.65999994755839e-08,0.9999999958029,True
kitti_val,1512,001511.png,3,3,3,False,4.8671899843810706e-11,2.790000053209951e-08,0.9999999935165563,True
kitti_val,1517,001516.png,3,3,3,False,4.062499989188062e-11,3.199994580427301e-08,0.9999999948006811,True
kitti_val,1523,001522.png,13,13,13,False,4.929687213994782e-11,3.749994448298821e-08,0.999999995524153,True
kitti_val,1524,001523.png,6,6,6,False,3.5000002895912985e-11,3.199994580427301e-08,0.9999999909464868,True
kitti_val,1527,001526.png,2,2,2,False,3.7968739263760654e-11,2.839999524439918e-08,0.9999999976615834,True
kitti_val,1528,001527.png,3,3,3,False,3.335942633242439e-11,2.1300024855008814e-08,0.9999999951045333,True
kitti_val,1539,001538.png,6,6,6,False,4.9687490233374376e-11,2.989997938129818e-08,0.9999999927308724,True
kitti_val,1544,001543.png,3,3,3,False,4.359368421802401e-11,2.1599930732918438e-08,0.9999999960184026,True
kitti_val,1547,001546.png,2,2,2,False,4.968742084443534e-11,3.140000082169081e-08,0.9999999874031394,True
kitti_val,1553,001552.png,7,7,7,False,4.9687504111162184e-11,4.4399996568245115e-08,0.9999999943007104,True
kitti_val,1554,001553.png,4,4,4,False,4.960937216580419e-11,3.8199999607968493e-08,0.9999999979957203,True
kitti_val,1561,001560.png,8,8,8,False,4.9296788873220976e-11,4.4499984142021276e-08,0.9999999947510966,True
kitti_val,1564,001563.png,3,3,3,False,4.593747604531018e-11,4.390005869936431e-08,0.9999999964563624,True
kitti_val,1568,001567.png,2,2,2,False,3.335931531012193e-11,3.200000264769187e-08,0.999999994687205,True
kitti_val,1570,001569.png,4,4,4,False,4.0468746409505485e-11,3.200000264769187e-08,0.9999999965979854,True
kitti_val,1573,001572.png,5,5,5,False,4.2656246590500047e-11,4.0300051296071615e-08,0.9999999942869793,True
kitti_val,1576,001575.png,2,2,2,False,4.8281250525361585e-11,3.0900000780320624e-08,0.9999999966580004,True
kitti_val,1578,001577.png,3,3,3,False,3.8593753193261193e-11,3.200000264769187e-08,0.9999999954329408,True
kitti_val,1581,001580.png,14,14,14,False,4.921874019458983e-11,3.200000264769187e-08,0.9999999944276489,True
kitti_val,1588,001587.png,1,1,1,False,3.328126663149078e-11,2.1300024855008814e-08,0.9999999960483792,True
kitti_val,1592,001591.png,8,8,8,False,4.8984372114091457e-11,3.200000264769187e-08,0.9999999929800975,True
kitti_val,1595,001594.png,5,5,5,False,4.484374677149461e-11,3.200000264769187e-08,0.9999999959480493,True
kitti_val,1596,001595.png,6,6,6,False,4.57812399101698e-11,3.200000264769187e-08,0.9999999928791549,True
kitti_val,1599,001598.png,1,1,1,False,3.328132214264201e-11,2.1300024855008814e-08,0.9999999951196977,True
kitti_val,1601,001600.png,4,4,4,False,4.7031253891383074e-11,3.199998843683716e-08,0.9999999944650471,True
kitti_val,1606,001605.png,3,3,3,False,4.015625158781955e-11,3.200000264769187e-08,0.99999999298826,True
kitti_val,1608,001607.png,6,6,6,False,4.992184443608494e-11,4.320008883951232e-08,0.9999999930983314,True
kitti_val,1627,001626.png,2,2,2,False,4.8125003981880354e-11,3.199997422598244e-08,0.9999999958495093,True
kitti_val,1639,001638.png,10,10,10,False,4.734379555060286e-11,3.7000006614107406e-08,0.9999999973977144,True
kitti_val,1645,001644.png,10,10,10,False,4.9218754072377635e-11,3.8899997889529914e-08,0.9999999940023374,True
kitti_val,1657,001656.png,3,3,3,False,4.359379524032647e-11,3.1400077205034904e-08,0.9999999986057457,True
kitti_val,1661,001660.png,2,2,2,False,4.109374646121822e-11,3.920001745427726e-08,0.9999999972162507,True
kitti_val,1668,001667.png,6,6,6,False,4.6093750344367024e-11,3.320002406326239e-08,0.9999999958315483,True
kitti_val,1673,001672.png,15,15,15,False,4.992184443608494e-11,4.6799996766822005e-08,0.9999999940901496,True
kitti_val,1691,001690.png,15,15,15,False,4.906253181502507e-11,3.930000502805342e-08,0.9999999937519916,True
kitti_val,1695,001694.png,1,1,1,False,3.335942633242439e-11,2.1299999986013063e-08,0.9999999975482545,True
kitti_val,1699,001698.png,2,2,2,False,4.2031250008234267e-11,2.690000044935914e-08,0.9999999959113586,True
kitti_val,1710,001709.png,7,7,7,False,4.8437497068842816e-11,3.509995849526604e-08,0.9999999975602858,True
kitti_val,1712,001711.png,4,4,4,False,3.335942633242439e-11,2.1300024855008814e-08,0.999999994972098,True
kitti_val,1720,001719.png,1,1,1,False,3.703126694176717e-11,2.5500014544377336e-08,0.9999999934975774,True
kitti_val,1729,001728.png,2,2,2,False,4.6171871881384163e-11,2.6900011107500177e-08,0.9999999977078023,True
kitti_val,1752,001751.png,4,4,4,False,3.9062475476470127e-11,2.499999141036824e-08,0.9999999964700432,True
kitti_val,1760,001759.png,6,6,6,False,4.843736522985864e-11,3.3699961932143196e-08,0.9999999954757114,True
kitti_val,1782,001781.png,3,3,3,False,4.3593767484750856e-11,3.200000264769187e-08,0.9999999962239672,True
kitti_val,1791,001790.png,2,2,2,False,3.796875314154846e-11,2.4300000234234176e-08,0.9999999984902073,True
kitti_val,1796,001795.png,4,4,4,False,4.8984316602940225e-11,3.509995849526604e-08,0.9999999965823646,True
kitti_val,1800,001799.png,3,3,3,False,4.328121194774326e-11,3.200000264769187e-08,0.9999999885912035,True
kitti_val,1803,001802.png,2,2,2,False,4.437499673271006e-11,2.8399998797112858e-08,0.9999999970799028,True
kitti_val,1809,001808.png,3,3,3,False,4.3593750137516096e-11,3.169998308294453e-08,0.9999999950763282,True
kitti_val,1814,001813.png,5,5,5,False,4.890625404652127e-11,3.6099997657856875e-08,0.9999999949888997,True
kitti_val,1815,001814.png,3,3,3,False,4.976552503421772e-11,3.179999907843012e-08,0.9999999957615462,True
kitti_val,1821,001820.png,8,8,8,False,4.570316347596304e-11,3.2800016924738884e-08,0.999999992635048,True
kitti_val,1845,001844.png,6,6,6,False,4.8593740142877095e-11,3.200000264769187e-08,0.9999999941911949,True
kitti_val,1850,001849.png,7,7,7,False,4.984368473515133e-11,3.659997105387447e-08,0.9999999928308384,True
kitti_val,1852,001851.png,2,2,2,False,3.328126663149078e-11,2.1300024855008814e-08,0.9999999963608287,True
kitti_val,1860,001859.png,9,9,9,False,4.7187503904311257e-11,3.200000264769187e-08,0.999999995036379,True
kitti_val,1863,001862.png,6,6,6,False,4.929689989552344e-11,4.049996960020508e-08,0.9999999933633172,True
kitti_val,1879,001878.png,8,8,8,False,4.90625005900025e-11,4.049999802191451e-08,0.99999998911594,True
kitti_val,1886,001885.png,4,4,4,False,4.914063600480745e-11,3.200000264769187e-08,0.9999999944868001,True
kitti_val,1896,001895.png,9,9,9,False,4.9687490233374376e-11,3.919998903256783e-08,0.9999999903269338,True
kitti_val,1905,001904.png,4,4,4,False,4.257816321739938e-11,3.200000264769187e-08,0.9999999947320837,True
kitti_val,1912,001911.png,2,2,2,False,4.859376789845271e-11,3.549996563378954e-08,0.9999999986924121,True
kitti_val,1929,001928.png,9,9,9,False,4.94531082750882e-11,4.150001586822327e-08,0.9999999956350459,True
kitti_val,1931,001930.png,3,3,3,False,3.374994728133629e-11,3.019999184061817e-08,0.9999999957938522,True
kitti_val,1944,001943.png,3,3,3,False,4.0937531142759553e-11,3.200005949111073e-08,0.9999999895721474,True
kitti_val,1950,001949.png,2,2,2,False,3.640624607337273e-11,3.200000264769187e-08,0.9999999941868433,True
kitti_val,1959,001958.png,8,8,8,False,4.843758727446357e-11,3.11000007968687e-08,0.9999999903102744,True
kitti_val,1966,001965.png,6,6,6,False,4.8359427573529956e-11,3.200000264769187e-08,0.9999999949568837,True
kitti_val,1972,001971.png,3,3,3,False,4.046875334839939e-11,2.5900003919332448e-08,0.9999999983905379,True
kitti_val,1973,001972.png,4,4,4,False,4.968747635558657e-11,3.880001031575375e-08,0.999999995220073,True
kitti_val,1974,001973.png,4,4,4,False,4.484368432144947e-11,3.0800038075540215e-08,0.9999999950407348,True
kitti_val,1977,001976.png,5,5,5,False,4.984379575745379e-11,4.340000714364578e-08,0.9999999952354423,True
kitti_val,1979,001978.png,4,4,4,False,4.773437201066599e-11,4.120005314689479e-08,0.9999999902492839,True
kitti_val,1987,001986.png,7,7,7,False,4.8906212413157846e-11,3.40000383403094e-08,0.9999999958925481,True
kitti_val,1993,001992.png,11,11,11,False,4.937500408530582e-11,4.250000529282261e-08,0.9999999949191827,True
kitti_val,2005,002004.png,3,3,3,False,4.125003116861592e-11,3.2900032920224476e-08,0.9999999950027444,True
kitti_val,2023,002022.png,2,2,2,False,4.625000382674216e-11,3.200000264769187e-08,0.999999995060837,True
kitti_val,2029,002028.png,6,6,6,False,4.562500377502943e-11,4.279999643586052e-08,0.9999999953624692,True
kitti_val,2030,002029.png,5,5,5,False,4.593749686199189e-11,3.200000264769187e-08,0.9999999957156446,True
kitti_val,2033,002032.png,2,2,2,False,4.7109482981255724e-11,2.6199984404229326e-08,0.9999999899709122,True
kitti_val,2034,002033.png,3,3,3,False,3.335942633242439e-11,3.199994580427301e-08,0.9999999987062486,True
kitti_val,2037,002036.png,2,2,2,False,3.328124928425602e-11,2.1999994714860804e-08,0.9999999969400998,True
kitti_val,2044,002043.png,3,3,3,False,4.60937954471774e-11,4.1600003441999434e-08,0.9999999947109675,True
kitti_val,2048,002047.png,3,3,3,False,4.718747614873564e-11,3.200005949111073e-08,0.9999999943616149,True
kitti_val,2049,002048.png,4,4,4,False,3.335931531012193e-11,3.200000264769187e-08,0.9999999978302594,True
kitti_val,2051,002050.png,20,20,20,False,4.968750064171523e-11,3.200000264769187e-08,0.9999999938635711,True
kitti_val,2053,002052.png,4,4,4,False,4.437500367160396e-11,3.810004045590176e-08,0.9999999960064775,True
kitti_val,2054,002053.png,1,1,1,False,3.5156266786628976e-11,3.1599995509168366e-08,0.9999999952522937,True
kitti_val,2055,002054.png,5,5,5,False,3.3906238927627896e-11,3.200005949111073e-08,0.9999999961615493,True
kitti_val,2065,002064.png,2,2,2,False,4.8281250525361585e-11,3.0900000780320624e-08,0.9999999983074919,True
kitti_val,2071,002070.png,5,5,5,False,4.1953107654535415e-11,2.580000568741525e-08,0.9999999937660304,True
kitti_val,2078,002077.png,10,10,10,False,4.937500408530582e-11,3.389999392311438e-08,0.9999999939318592,True
kitti_val,2079,002078.png,4,4,4,False,4.1328163113973915e-11,2.9499972242774675e-08,0.999999997797787,True
kitti_val,2095,002094.png,2,2,2,False,4.640625383967034e-11,3.200000264769187e-08,0.999999993752218,True
kitti_val,2098,002097.png,6,6,6,False,4.976563605652018e-11,4.489999128054478e-08,0.9999999925827833,True
kitti_val,2102,002101.png,7,7,7,False,4.5000003723316695e-11,3.200000264769187e-08,0.9999999910056636,True
kitti_val,2103,002102.png,9,9,9,False,4.21875034906094e-11,3.950000859731517e-08,0.9999999953820626,True
kitti_val,2111,002110.png,10,10,10,False,4.984374718519646e-11,3.269997250754386e-08,0.9999999896106996,True
kitti_val,2113,002112.png,8,8,8,False,4.843749012994891e-11,3.780002089115442e-08,0.9999999926705538,True
kitti_val,2114,002113.png,4,4,4,False,4.414062865221169e-11,3.200000264769187e-08,0.9999999947652417,True
kitti_val,2115,002114.png,3,3,3,False,4.703126776917088e-11,3.200005949111073e-08,0.9999999980735605,True
kitti_val,2116,002115.png,3,3,3,False,4.8281247055914633e-11,4.0500001574628186e-08,0.999999994916804,True
kitti_val,2138,002137.png,4,4,4,False,4.921874019458983e-11,4.399998942972161e-08,0.9999999959786116,True
kitti_val,2143,002142.png,12,12,12,False,4.960937216580419e-11,4.150001586822327e-08,0.9999999914470856,True
kitti_val,2144,002143.png,2,2,2,False,3.874998932840157e-11,3.200000264769187e-08,0.999999992639544,True
kitti_val,2153,002152.png,11,11,11,False,4.7109344203377645e-11,4.009996246168157e-08,0.9999999910328821,True
kitti_val,2157,002156.png,11,11,11,False,4.8593795654028327e-11,4.06000140174001e-08,0.9999999934612793,True
kitti_val,2160,002159.png,1,1,1,False,4.437500367160396e-11,2.8400002349826536e-08,0.999999999263444,True
kitti_val,2161,002160.png,9,9,9,False,4.9843768001878175e-11,4.150001586822327e-08,0.999999988450069,True
kitti_val,2163,002162.png,1,1,1,False,3.335931531012193e-11,3.199994580427301e-08,0.9999999980196195,True
kitti_val,2166,002165.png,2,2,2,False,4.609374687492007e-11,2.9500000664484105e-08,0.9999999935141839,True
kitti_val,2168,002167.png,6,6,6,False,4.890625057707432e-11,3.200000264769187e-08,0.9999999939697785,True
kitti_val,2169,002168.png,9,9,9,False,4.8749893011290624e-11,3.919998903256783e-08,0.9999999925464671,True
kitti_val,2173,002172.png,7,7,7,False,4.734374003945163e-11,3.25999849337677e-08,0.9999999952591413,True
kitti_val,2175,002174.png,2,2,2,False,4.906250405944945e-11,3.139999904533397e-08,0.9999999930090357,True
kitti_val,2177,002176.png,9,9,9,False,4.9687504111162184e-11,3.4300001061637886e-08,0.9999999932711984,True
kitti_val,2192,002191.png,2,2,2,False,3.8593767071049e-11,2.4700028689039755e-08,0.9999999957656011,True
kitti_val,2196,002195.png,5,5,5,False,4.679684417752128e-11,3.989998731412925e-08,0.9999999923273448,True
kitti_val,2197,002196.png,1,1,1,False,4.890625057707432e-11,3.7600017321892665e-08,0.9999999977166009,True
kitti_val,2198,002197.png,1,1,1,False,4.320321878026334e-11,2.4300000234234176e-08,0.9999999959881195,True
kitti_val,2199,002198.png,3,3,3,False,4.968747635558657e-11,4.2400017719046446e-08,0.9999999961915867,True
kitti_val,2203,002202.png,4,4,4,False,4.58593718555278e-11,3.650001190180774e-08,0.9999999916738898,True
kitti_val,2205,002204.png,1,1,1,False,3.8671899016406996e-11,3.200000264769187e-08,0.999999988239509,True
kitti_val,2206,002205.png,13,13,13,False,4.859375055121795e-11,4.0300051296071615e-08,0.9999999924142636,True
kitti_val,2210,002209.png,9,9,9,False,4.828124011702073e-11,4.149995902480441e-08,0.9999999951442887,True
kitti_val,2217,002216.png,11,11,11,False,4.648437190724053e-11,3.470000820016139e-08,0.9999999935263285,True
kitti_val,2218,002217.png,1,1,1,False,3.335931531012193e-11,3.200000264769187e-08,0.9999999979913342,True
kitti_val,2227,002226.png,1,1,1,False,4.906250405944945e-11,4.620000026989146e-08,0.9999999972502237,True
kitti_val,2239,002238.png,1,1,1,False,4.5156250266797926e-11,2.8900000614839882e-08,0.9999999967841606,True
kitti_val,2246,002245.png,5,5,5,False,4.8593754020664903e-11,4.349993787400308e-08,0.9999999835478717,True
kitti_val,2247,002246.png,3,3,3,False,4.1953107654535415e-11,3.520000291246106e-08,0.9999999952984253,True
kitti_val,2251,002250.png,4,4,4,False,4.718747614873564e-11,3.199994580427301e-08,0.9999999967577298,True
kitti_val,2252,002251.png,1,1,1,False,3.335942633242439e-11,2.1299996433299384e-08,0.9999999990712504,True
kitti_val,2257,002256.png,5,5,5,False,4.4296899481821583e-11,3.6300008332545985e-08,0.9999999945747791,True
kitti_val,2279,002278.png,2,2,2,False,3.335937082127316e-11,3.200000264769187e-08,0.9999999931364305,True
kitti_val,2282,002281.png,15,15,15,False,4.9843768001878175e-11,4.1800007011261187e-08,0.9999999945748222,True
kitti_val,2286,002285.png,8,8,8,False,4.968749717226828e-11,3.4899983347713714e-08,0.9999999949800987,True
kitti_val,2292,002291.png,3,3,3,False,4.984374718519646e-11,3.4300001061637886e-08,0.9999999923467343,True
kitti_val,2293,002292.png,4,4,4,False,3.335942633242439e-11,2.1300024855008814e-08,0.9999999938857328,True
kitti_val,2298,002297.png,3,3,3,False,4.7187503904311257e-11,3.4899983347713714e-08,0.9999999966635049,True
kitti_val,2302,002301.png,5,5,5,False,4.6718750396079756e-11,3.570005446817959e-08,0.999999994433482,True
kitti_val,2304,002303.png,8,8,8,False,4.8281247055914633e-11,3.8400003177230246e-08,0.9999999962342966,True
kitti_val,2305,002304.png,2,2,2,False,4.234375003409063e-11,3.200000264769187e-08,0.9999999956795184,True
kitti_val,2306,002305.png,8,8,8,False,4.093747563160832e-11,3.730002617885475e-08,0.9999999930732327,True
kitti_val,2312,002311.png,6,6,6,False,4.8359316551227494e-11,3.529999048623722e-08,0.999999990309268,True
kitti_val,2313,002312.png,3,3,3,False,3.6562503025194815e-11,3.200000087133503e-08,0.9999999965788536,True
kitti_val,2318,002317.png,17,17,17,False,4.9687504111162184e-11,4.200001058052294e-08,0.9999999957631178,True
kitti_val,2326,002325.png,2,2,2,False,4.4531267562319954e-11,3.649995505838888e-08,0.9999999934140134,True
kitti_val,2327,002326.png,6,6,6,False,4.9765608300944564e-11,3.1999995542264514e-08,0.999999995396693,True
kitti_val,2335,002334.png,1,1,1,False,3.4687495931162715e-11,2.7699968541128328e-08,0.9999999986829856,True
kitti_val,2337,002336.png,3,3,3,False,4.546875029265429e-11,2.9100000631387957e-08,0.9999999947388734,True
kitti_val,2351,002350.png,4,4,4,False,3.9843749827239705e-11,2.5499998557165782e-08,0.9999999962127295,True
kitti_val,2352,002351.png,2,2,2,False,4.921874886820721e-11,3.149999905360801e-08,0.9999999948325179,True
kitti_val,2355,002354.png,1,1,1,False,3.328126663149078e-11,2.1300024855008814e-08,0.9999999951162949,True
kitti_val,2364,002363.png,1,1,1,False,4.7031253891383074e-11,3.0100004266842006e-08,0.9999999976492685,True
kitti_val,2373,002372.png,5,5,5,False,3.406241955161704e-11,3.200000264769187e-08,0.9999999965895876,True
kitti_val,2374,002373.png,4,4,4,False,4.828125399480854e-11,3.199994580427301e-08,0.9999999928090866,True
kitti_val,2379,002378.png,9,9,9,False,4.906250405944945e-11,3.200000264769187e-08,0.9999999950368035,True
kitti_val,2385,002384.png,6,6,6,False,4.750000393016762e-11,3.6900019040331244e-08,0.9999999938614595,True
kitti_val,2389,002388.png,8,8,8,False,4.359373972917524e-11,3.200005949111073e-08,0.9999999914273416,True
kitti_val,2391,002390.png,2,2,2,False,4.054689917154519e-11,3.670001547106949e-08,0.9999999963926371,True
kitti_val,2393,002392.png,8,8,8,False,4.960931665465296e-11,4.590003754856298e-08,0.9999999913707768,True
kitti_val,2394,002393.png,8,8,8,False,4.593747604531018e-11,4.0399982026428916e-08,0.9999999921094899,True
kitti_val,2395,002394.png,4,4,4,False,3.335942633242439e-11,3.200000264769187e-08,0.9999999942411981,True
kitti_val,2397,002396.png,1,1,1,False,3.335942633242439e-11,3.200005949111073e-08,0.999999999498084,True
kitti_val,2405,002404.png,9,9,9,False,4.8281250525361585e-11,4.4300008994468953e-08,0.9999999874803629,True
kitti_val,2416,002415.png,6,6,6,False,4.007816301054845e-11,2.7499964971866575e-08,0.999999997660755,True
kitti_val,2425,002424.png,3,3,3,False,4.6484344151664914e-11,3.099998480138311e-08,0.99999999679836,True
kitti_val,2435,002434.png,2,2,2,False,3.6874996112157277e-11,3.200000264769187e-08,0.9999999963377482,True
kitti_val,2438,002437.png,5,5,5,False,4.937500408530582e-11,4.06000140174001e-08,0.9999999925297034,True
kitti_val,2440,002439.png,4,4,4,False,4.421873978088797e-11,3.200005949111073e-08,0.9999999963742824,True
kitti_val,2445,002444.png,9,9,9,False,4.109374646121822e-11,3.200005949111073e-08,0.9999999945734701,True
kitti_val,2448,002447.png,1,1,1,False,3.382805147111867e-11,3.1499951091973344e-08,0.9999999918055742,True
kitti_val,2457,002456.png,1,1,1,False,4.8593740142877095e-11,3.11000007968687e-08,0.9999999987418465,True
kitti_val,2463,002462.png,6,6,6,False,3.5234370976411356e-11,3.200000264769187e-08,0.9999999984418632,True
kitti_val,2464,002463.png,1,1,1,False,3.328124928425602e-11,2.1299999986013063e-08,0.9999999978684051,True
kitti_val,2468,002467.png,1,1,1,False,3.359375277955934e-11,2.1500000002561137e-08,0.9999999983535373,True
kitti_val,2471,002470.png,4,4,4,False,4.624998994895435e-11,3.200000264769187e-08,0.9999999936979055,True
kitti_val,2475,002474.png,8,8,8,False,4.6249996887848255e-11,3.200000264769187e-08,0.9999999958363478,True
kitti_val,2486,002485.png,1,1,1,False,4.06250588724788e-11,3.0299986519821687e-08,0.9999999976502508,True
kitti_val,2492,002491.png,2,2,2,False,4.3437503594034865e-11,3.200000264769187e-08,0.9999999945268013,True
kitti_val,2495,002494.png,5,5,5,False,4.921875060293068e-11,3.200000264769187e-08,0.9999999969159679,True
kitti_val,2505,002504.png,1,1,1,False,3.375000279248752e-11,2.1300001762369902e-08,0.9999999937656353,True
kitti_val,2509,002508.png,15,15,15,False,4.539062875563715e-11,3.200005949111073e-08,0.9999999921791067,True
kitti_val,2511,002510.png,14,14,14,False,4.617189963695978e-11,4.080004600837128e-08,0.999999996862039,True
kitti_val,2517,002516.png,3,3,3,False,4.828125399480854e-11,3.0900000780320624e-08,0.9999999963881623,True
kitti_val,2519,002518.png,1,1,1,False,4.937500408530582e-11,3.199994580427301e-08,0.999999997144368,True
kitti_val,2520,002519.png,3,3,3,False,4.968749717226828e-11,4.35999822911981e-08,0.9999999962433304,True
kitti_val,2533,002532.png,4,4,4,False,3.9062489354257934e-11,3.1999995542264514e-08,0.9999999948024746,True
kitti_val,2537,002536.png,6,6,6,False,4.7890691412533215e-11,3.1999995542264514e-08,0.9999999942177229,True
kitti_val,2538,002537.png,3,3,3,False,3.8281246228510923e-11,3.200000264769187e-08,0.9999999978483071,True
kitti_val,2540,002539.png,4,4,4,False,4.4843739832600704e-11,3.200000264769187e-08,0.9999999954526267,True
kitti_val,2543,002542.png,5,5,5,False,4.8750004033593086e-11,3.199998843683716e-08,0.9999999947441843,True
kitti_val,2545,002544.png,5,5,5,False,4.265626740718176e-11,3.200005949111073e-08,0.9999999940569202,True
kitti_val,2556,002555.png,5,5,5,False,4.390626751060722e-11,3.200000264769187e-08,0.9999999966787898,True
kitti_val,2557,002556.png,2,2,2,False,4.1562586705623517e-11,3.200005949111073e-08,0.9999999932314861,True
kitti_val,2559,002558.png,11,11,11,False,4.1875003464753036e-11,3.200000264769187e-08,0.9999999920046908,True
kitti_val,2564,002563.png,3,3,3,False,4.7031253891383074e-11,3.740001375263091e-08,0.9999999979898668,True
kitti_val,2581,002580.png,7,7,7,False,4.7187500434864305e-11,4.2299973301851423e-08,0.9999999919871366,True
kitti_val,2584,002583.png,10,10,10,False,4.968747635558657e-11,4.129998387725209e-08,0.9999999958016549,True
kitti_val,2587,002586.png,5,5,5,False,4.7656250473648853e-11,3.199994580427301e-08,0.9999999930393156,True
kitti_val,2588,002587.png,3,3,3,False,3.359373890177153e-11,3.200005949111073e-08,0.999999996117209,True
kitti_val,2597,002596.png,2,2,2,False,3.335942633242439e-11,3.200000264769187e-08,0.9999999944552384,True
kitti_val,2603,002602.png,1,1,1,False,4.5468739884313436e-11,2.90999935259606e-08,0.9999999992632347,True
kitti_val,2606,002605.png,3,3,3,False,4.8984372114091457e-11,3.810004045590176e-08,0.9999999984388392,True
kitti_val,2610,002609.png,9,9,9,False,4.921874019458983e-11,3.200005949111073e-08,0.9999999812415004,True
kitti_val,2612,002611.png,6,6,6,False,4.5703107964811807e-11,4.079993232153356e-08,0.9999999925168855,True
kitti_val,2623,002622.png,6,6,6,False,4.8984316602940225e-11,3.940004944524844e-08,0.9999999880391215,True
kitti_val,2627,002626.png,8,8,8,False,4.8593740142877095e-11,3.2200006216953625e-08,0.9999999952031903,True
kitti_val,2629,002628.png,2,2,2,False,4.703125042193612e-11,4.269998044037493e-08,0.99999999347997,True
kitti_val,2633,002632.png,13,13,13,False,4.984375412409037e-11,3.540003490343224e-08,0.9999999915113498,True
kitti_val,2639,002638.png,12,12,12,False,4.765621230973238e-11,3.409999749237613e-08,0.9999999950140996,True
kitti_val,2645,002644.png,7,7,7,False,4.687500387845489e-11,3.949998017560574e-08,0.999999996856559,True
kitti_val,2649,002648.png,3,3,3,False,3.656253078077043e-11,3.200005949111073e-08,0.9999999900800832,True
kitti_val,2665,002664.png,2,2,2,False,3.531250292176935e-11,2.2600001869932385e-08,0.9999999953963783,True
kitti_val,2667,002666.png,18,18,18,False,5.000000413701855e-11,4.31999751526746e-08,0.9999999957608116,True
kitti_val,2678,002677.png,6,6,6,False,4.023437139011321e-11,3.380000634933822e-08,0.9999999939417415,True
kitti_val,2682,002681.png,7,7,7,False,4.8750004033593086e-11,3.509995849526604e-08,0.999999991673783,True
kitti_val,2685,002684.png,2,2,2,False,4.1562475683321054e-11,2.1300003538726742e-08,0.9999999940683021,True
kitti_val,2686,002685.png,7,7,7,False,4.734375044779249e-11,3.7700033317378256e-08,0.9999999921043771,True
kitti_val,2688,002687.png,6,6,6,False,4.95312471593401e-11,3.4899954926004284e-08,0.9999999965419878,True
kitti_val,2689,002688.png,13,13,13,False,4.921871243901421e-11,3.95000370190246e-08,0.9999999902627654,True
kitti_val,2692,002691.png,16,16,16,False,4.976563605652018e-11,4.6799968345112575e-08,0.9999999958536773,True
kitti_val,2703,002702.png,4,4,4,False,4.1875003464753036e-11,3.200005949111073e-08,0.9999999951072674,True
kitti_val,2706,002705.png,7,7,7,False,4.796875396895217e-11,4.479999660134126e-08,0.9999999948997962,True
kitti_val,2714,002713.png,3,3,3,False,4.4062500176300645e-11,2.8200000556921623e-08,0.9999999949677724,True
kitti_val,2718,002717.png,3,3,3,False,3.328126663149078e-11,2.1299968011589954e-08,0.9999999915616665,True
kitti_val,2723,002722.png,3,3,3,False,3.8437496241439106e-11,3.200000264769187e-08,0.9999999941002341,True
kitti_val,2728,002727.png,7,7,7,False,4.39843717003896e-11,3.649995505838888e-08,0.9999999950169557,True
kitti_val,2730,002729.png,5,5,5,False,4.843750400773672e-11,3.80999836124829e-08,0.9999999988431885,True
kitti_val,2733,002732.png,2,2,2,False,4.796875396895217e-11,3.200000264769187e-08,0.9999999968262613,True
kitti_val,2734,002733.png,5,5,5,False,4.6562503852598525e-11,3.429998685078317e-08,0.99999999595336,True
kitti_val,2740,002739.png,1,1,1,False,4.5937489923097985e-11,4.150001586822327e-08,0.9999999974926658,True
kitti_val,2742,002741.png,3,3,3,False,4.5468739884313436e-11,2.4100017981254496e-08,0.9999999925120862,True
kitti_val,2745,002744.png,5,5,5,False,4.17187499823779e-11,3.200000264769187e-08,0.9999999936322455,True
kitti_val,2749,002748.png,8,8,8,False,4.3906239755031606e-11,3.380000634933822e-08,0.9999999955316146,True
kitti_val,2750,002749.png,2,2,2,False,4.531250027972611e-11,3.199994580427301e-08,0.9999999957274098,True
kitti_val,2752,002751.png,5,5,5,False,4.765621230973238e-11,3.049999008908344e-08,0.9999999966584918,True
kitti_val,2757,002756.png,7,7,7,False,4.523436486492116e-11,3.3500043628009735e-08,0.9999999955020775,True
kitti_val,2760,002759.png,1,1,1,False,3.328126663149078e-11,2.1300024855008814e-08,0.999999998935329,True
kitti_val,2767,002766.png,2,2,2,False,4.5624948263878196e-11,4.2399960875627585e-08,0.9999999895999289,True
kitti_val,2768,002767.png,1,1,1,False,2.671879384408271e-11,2.1500000002561137e-08,0.9999999985389927,True
kitti_val,2770,002769.png,1,1,1,False,4.46093162409511e-11,2.509995056243497e-08,0.99999999821631,True
kitti_val,2778,002777.png,5,5,5,False,4.7187500434864305e-11,3.379994950591936e-08,0.9999999946665247,True
kitti_val,2781,002780.png,9,9,9,False,4.8593740142877095e-11,3.449997620919021e-08,0.9999999924188745,True
kitti_val,2782,002781.png,3,3,3,False,4.234375003409063e-11,3.200005949111073e-08,0.9999999932941961,True
kitti_val,2786,002785.png,9,9,9,False,4.898442762524269e-11,3.9700012166576926e-08,0.9999999958349417,True
kitti_val,2790,002789.png,5,5,5,False,5.000000413701855e-11,3.060000608456903e-08,0.9999999958448127,True
kitti_val,2791,002790.png,12,12,12,False,4.953126797602181e-11,3.739995690921205e-08,0.9999999951180496,True
kitti_val,2793,002792.png,2,2,2,False,4.12499964741464e-11,3.4300001061637886e-08,0.9999999970226027,True
kitti_val,2797,002796.png,3,3,3,False,4.01562116891796e-11,2.9600016659969697e-08,0.9999999959487758,True
kitti_val,2800,002799.png,1,1,1,False,4.640624690077644e-11,2.96999971283185e-08,0.9999999977062173,True
kitti_val,2802,002801.png,3,3,3,False,4.742187198480963e-11,4.529999841906829e-08,0.9999999967496669,True
kitti_val,2811,002810.png,1,1,1,False,4.734375391723944e-11,3.03000007306764e-08,0.9999999963976547,True
kitti_val,2829,002828.png,4,4,4,False,4.9531240220446193e-11,4.6099998485260585e-08,0.9999999962906396,True
kitti_val,2833,002832.png,14,14,14,False,4.546875029265429e-11,4.06000140174001e-08,0.9999999900076361,True
kitti_val,2834,002833.png,4,4,4,False,3.640632240120567e-11,3.330006848045741e-08,0.9999999937857457,True
kitti_val,2847,002846.png,9,9,9,False,4.750000393016762e-11,3.200000264769187e-08,0.9999999964994011,True
kitti_val,2851,002850.png,2,2,2,False,4.585942736667903e-11,3.200000264769187e-08,0.9999999909091364,True
kitti_val,2856,002855.png,2,2,2,False,3.335931531012193e-11,3.199994580427301e-08,0.9999999959154603,True
kitti_val,2862,002861.png,5,5,5,False,4.968749717226828e-11,4.349993787400308e-08,0.9999999941274531,True
kitti_val,2865,002864.png,9,9,9,False,4.351563553939286e-11,3.8899997889529914e-08,0.9999999917012714,True
kitti_val,2881,002880.png,3,3,3,False,3.95312671486181e-11,3.200000264769187e-08,0.9999999967043666,True
kitti_val,2884,002883.png,5,5,5,False,4.5468753762101244e-11,3.6299979910836555e-08,0.9999999945710816,True
kitti_val,2889,002888.png,1,1,1,False,4.8437476252161105e-11,4.479994686334976e-08,0.9999999981245324,True
kitti_val,2894,002893.png,4,4,4,False,3.335931531012193e-11,3.200000264769187e-08,0.9999999977011438,True
kitti_val,2901,002900.png,2,2,2,False,4.9531254098234e-11,3.170000084651292e-08,0.9999999989776023,True
kitti_val,2906,002905.png,5,5,5,False,3.8749947695038145e-11,3.200000264769187e-08,0.9999999947139554,True
kitti_val,2908,002907.png,4,4,4,False,4.859376789845271e-11,3.4499990420044924e-08,0.9999999949130668,True
kitti_val,2920,002919.png,2,2,2,False,4.937505959645705e-11,3.200000264769187e-08,0.9999999922113495,True
kitti_val,2928,002927.png,1,1,1,False,4.960942767695542e-11,4.220004257149412e-08,0.9999999977831313,True
kitti_val,2935,002934.png,9,9,9,False,4.843750400773672e-11,4.540001441455388e-08,0.999999994127817,True
kitti_val,2942,002941.png,2,2,2,False,4.687500387845489e-11,3.730002617885475e-08,0.9999999942100156,True
kitti_val,2947,002946.png,7,7,7,False,4.968749717226828e-11,3.3499986784590874e-08,0.9999999924442308,True
kitti_val,2955,002954.png,2,2,2,False,4.015624638364912e-11,3.450003305260907e-08,0.9999999981615438,True
kitti_val,2973,002972.png,17,17,17,False,4.9218754072377635e-11,4.560001798381563e-08,0.9999999948002004,True
kitti_val,2981,002980.png,7,7,7,False,4.7187503904311257e-11,3.200005949111073e-08,0.9999999968440579,True
kitti_val,2984,002983.png,6,6,6,False,4.4843739832600704e-11,3.200000264769187e-08,0.9999999945439162,True
kitti_val,2990,002989.png,13,13,13,False,4.7812497017130084e-11,3.9600024592800764e-08,0.9999999924107132,True
kitti_val,2993,002992.png,5,5,5,False,4.984375412409037e-11,4.1700019437485025e-08,0.9999999966652453,True
kitti_val,2996,002995.png,1,1,1,False,3.328126663149078e-11,2.1299968011589954e-08,0.9999999961858907,True
kitti_val,3000,002999.png,5,5,5,False,4.906253181502507e-11,2.8400009455253894e-08,0.9999999968806907,True
kitti_val,3011,003010.png,4,4,4,False,4.8125003981880354e-11,3.2999992072291207e-08,0.9999999990771931,True
kitti_val,3018,003017.png,9,9,9,False,4.984375412409037e-11,3.580004204195575e-08,0.9999999871961752,True
kitti_val,3024,003023.png,3,3,3,False,3.984375329668666e-11,3.200000264769187e-08,0.9999999970952904,True
kitti_val,3030,003029.png,2,2,2,False,4.4687475941884713e-11,3.339999921081471e-08,0.999999995899123,True
kitti_val,3031,003030.png,9,9,9,False,4.898448313639392e-11,2.9500000664484105e-08,0.9999999938895374,True
kitti_val,3035,003034.png,8,8,8,False,4.773437201066599e-11,3.940004944524844e-08,0.9999999929706802,True
kitti_val,3040,003039.png,7,7,7,False,4.8046899792097975e-11,3.9600024592800764e-08,0.9999999903339356,True
kitti_val,3055,003054.png,1,1,1,False,3.335942633242439e-11,3.200005949111073e-08,0.9999999980014125,True
kitti_val,3058,003057.png,7,7,7,False,4.640625037022339e-11,3.750000132640707e-08,0.9999999910910811,True
kitti_val,3061,003060.png,2,2,2,False,4.96875318667378e-11,3.200000264769187e-08,0.9999999936933902,True
kitti_val,3073,003072.png,15,15,15,False,4.734375391723944e-11,4.459997171579744e-08,0.9999999945964501,True
kitti_val,3074,003073.png,4,4,4,False,4.6093684424874937e-11,3.200005949111073e-08,0.9999999940337054,True
kitti_val,3086,003085.png,1,1,1,False,4.601563574624379e-11,3.2900004498515045e-08,0.9999999983873087,True
kitti_val,3095,003094.png,7,7,7,False,4.906253181502507e-11,3.200000264769187e-08,0.999999997072045,True
kitti_val,3100,003099.png,3,3,3,False,4.539069120568229e-11,3.439998863541405e-08,0.9999999922692336,True
kitti_val,3103,003102.png,3,3,3,False,3.695310724083356e-11,3.4999970921489876e-08,0.9999999978225325,True
kitti_val,3107,003106.png,4,4,4,False,4.343749665514096e-11,3.549996563378954e-08,0.9999999897061383,True
kitti_val,3114,003113.png,13,13,13,False,4.8437531763312336e-11,3.440004547883291e-08,0.9999999964529251,True
kitti_val,3124,003123.png,1,1,1,False,4.250000351646577e-11,3.200005949111073e-08,0.9999999971160511,True
kitti_val,3131,003130.png,1,1,1,False,4.859376789845271e-11,4.059995717398124e-08,0.9999999980939289,True
kitti_val,3132,003131.png,9,9,9,False,4.9375000615858866e-11,4.520001084529213e-08,0.9999999910075081,True
kitti_val,3133,003132.png,15,15,15,False,4.8359427573529956e-11,4.420002142069279e-08,0.9999999923112218,True
kitti_val,3136,003135.png,7,7,7,False,4.750000393016762e-11,3.200005949111073e-08,0.9999999923219838,True
kitti_val,3138,003137.png,3,3,3,False,3.984368390774762e-11,3.509995849526604e-08,0.9999999914537948,True
kitti_val,3149,003148.png,4,4,4,False,4.8984385991879265e-11,4.2399960875627585e-08,0.9999999921269969,True
kitti_val,3156,003155.png,3,3,3,False,3.335942633242439e-11,3.199994580427301e-08,0.9999999966195954,True
kitti_val,3159,003158.png,2,2,2,False,4.562500377502943e-11,2.9200002416018833e-08,0.9999999970062522,True
kitti_val,3160,003159.png,9,9,9,False,4.7031240013595266e-11,4.349999471742194e-08,0.9999999975206038,True
kitti_val,3164,003163.png,14,14,14,False,4.335931613752564e-11,3.200005949111073e-08,0.9999999960064138,True
kitti_val,3168,003167.png,7,7,7,False,3.421873895348426e-11,3.200005949111073e-08,0.9999999947382678,True
kitti_val,3193,003192.png,8,8,8,False,4.945321929739066e-11,3.5000027764908737e-08,0.9999999930280219,True
kitti_val,3197,003196.png,2,2,2,False,4.7812500486577036e-11,3.0599999867320093e-08,0.999999990098748,True
kitti_val,3205,003204.png,2,2,2,False,3.335931531012193e-11,2.6199927560810465e-08,0.9999999974277964,True
kitti_val,3208,003207.png,2,2,2,False,3.5000002895912985e-11,1.7800005025492283e-08,0.9999999980522808,True
kitti_val,3219,003218.png,2,2,2,False,3.328126663149078e-11,2.1300024855008814e-08,0.9999999963377482,True
kitti_val,3224,003223.png,2,2,2,False,3.6718753038123e-11,3.200000264769187e-08,0.9999999959303799,True
kitti_val,3246,003245.png,2,2,2,False,4.124999994359335e-11,3.200000264769187e-08,0.9999999934790362,True
kitti_val,3251,003250.png,2,2,2,False,3.9687503283758474e-11,2.5399998548891745e-08,0.9999999955911223,True
kitti_val,3255,003254.png,5,5,5,False,4.984379575745379e-11,4.689997012974345e-08,0.9999999924673902,True
kitti_val,3256,003255.png,4,4,4,False,4.656247609702291e-11,3.7000006614107406e-08,0.9999999944941771,True
kitti_val,3259,003258.png,2,2,2,False,4.4609371752102334e-11,2.3200016130431322e-08,0.9999999971950064,True
kitti_val,3266,003265.png,5,5,5,False,4.906249712055555e-11,3.139999904533397e-08,0.9999999965217754,True
kitti_val,3269,003268.png,5,5,5,False,4.999989311471609e-11,4.549997356662061e-08,0.9999999941566999,True
kitti_val,3283,003282.png,2,2,2,False,4.374999668099733e-11,2.799999521130303e-08,0.999999997034305,True
kitti_val,3286,003285.png,4,4,4,False,4.609373993602617e-11,3.200005949111073e-08,0.9999999961112048,True
kitti_val,3287,003286.png,6,6,6,False,4.632816352767577e-11,4.340006398706464e-08,0.999999984656103,True
kitti_val,3295,003294.png,6,6,6,False,4.976563605652018e-11,4.1699991015775595e-08,0.9999999931823215,True
kitti_val,3297,003296.png,6,6,6,False,4.8750004033593086e-11,3.80999836124829e-08,0.9999999943620942,True
kitti_val,3303,003302.png,6,6,6,False,4.734374003945163e-11,3.200005949111073e-08,0.9999999940805059,True
kitti_val,3306,003305.png,4,4,4,False,4.328126745889449e-11,3.200000264769187e-08,0.9999999932468089,True
kitti_val,3322,003321.png,1,1,1,False,4.578125378795761e-11,4.390000185594545e-08,0.9999999982719643,True
kitti_val,3325,003324.png,3,3,3,False,4.7656250473648853e-11,4.1600060285418294e-08,0.9999999948092237,True
kitti_val,3326,003325.png,5,5,5,False,3.8593753193261193e-11,2.4700000267330324e-08,0.9999999963178141,True
kitti_val,3329,003328.png,6,6,6,False,4.789060814580637e-11,3.5899986983167764e-08,0.9999999944219305,True
kitti_val,3330,003329.png,4,4,4,False,4.515623985845707e-11,3.199994580427301e-08,0.9999999957166241,True
kitti_val,3331,003330.png,1,1,1,False,4.8593740142877095e-11,3.11000007968687e-08,0.9999999992163638,True
kitti_val,3345,003344.png,14,14,14,False,4.9531254098234e-11,3.200000264769187e-08,0.9999999931107847,True
kitti_val,3349,003348.png,1,1,1,False,4.1718739574037045e-11,3.200000264769187e-08,0.9999999984867453,True
kitti_val,3352,003351.png,3,3,3,False,3.5000002895912985e-11,3.200005949111073e-08,0.9999999945451875,True
kitti_val,3360,003359.png,4,4,4,False,4.929689989552344e-11,3.879995347233489e-08,0.9999999932791439,True
kitti_val,3373,003372.png,3,3,3,False,3.335942633242439e-11,2.1299999986013063e-08,0.9999999938747425,True
kitti_val,3376,003375.png,9,9,9,False,4.749997617459201e-11,3.209999022146803e-08,0.9999999911973843,True
kitti_val,3380,003379.png,5,5,5,False,4.9062476303873837e-11,4.3699969864974264e-08,0.99999999135665,True
kitti_val,3386,003385.png,2,2,2,False,4.453123980674434e-11,2.8499997029030055e-08,0.9999999880582916,True
kitti_val,3395,003394.png,9,9,9,False,3.718753083248316e-11,3.470000820016139e-08,0.9999999934942045,True
kitti_val,3400,003399.png,3,3,3,False,3.335937082127316e-11,3.200000264769187e-08,0.9999999985832606,True
kitti_val,3404,003403.png,4,4,4,False,4.4062496706853693e-11,3.409999749237613e-08,0.9999999939497909,True
kitti_val,3405,003404.png,5,5,5,False,4.445310786138634e-11,3.869999432026816e-08,0.9999999970971892,True
kitti_val,3407,003406.png,2,2,2,False,4.4375059182755194e-11,3.0999956379673677e-08,0.9999999940473904,True
kitti_val,3413,003412.png,3,3,3,False,4.242189932668339e-11,3.580001362024632e-08,0.9999999959875002,True
kitti_val,3417,003416.png,5,5,5,False,4.578126766574542e-11,3.200005949111073e-08,0.9999999972475389,True
kitti_val,3419,003418.png,4,4,4,False,4.937499020751801e-11,3.200005949111073e-08,0.9999999968727129,True
kitti_val,3420,003419.png,2,2,2,False,3.335937082127316e-11,2.1299999986013063e-08,0.9999999918632683,True
kitti_val,3421,003420.png,1,1,1,False,3.335931531012193e-11,3.200000264769187e-08,0.9999999993252101,True
kitti_val,3422,003421.png,1,1,1,False,4.765621230973238e-11,4.1799978589551756e-08,0.9999999977124538,True
kitti_val,3424,003423.png,5,5,5,False,4.781250395602399e-11,3.200000264769187e-08,0.9999999955866887,True
kitti_val,3426,003425.png,2,2,2,False,4.070310755110995e-11,2.3900042833702173e-08,0.999999991112645,True
kitti_val,3427,003426.png,5,5,5,False,4.968747635558657e-11,3.179999907843012e-08,0.9999999973023562,True
kitti_val,3432,003431.png,2,2,2,False,3.335931531012193e-11,2.1299999986013063e-08,0.9999999970964123,True
kitti_val,3434,003433.png,2,2,2,False,4.429684397067035e-11,3.580001362024632e-08,0.9999999990142147,True
kitti_val,3447,003446.png,1,1,1,False,3.335937082127316e-11,3.199994580427301e-08,0.9999999899782467,True
kitti_val,3449,003448.png,1,1,1,False,3.335931531012193e-11,2.1299996433299384e-08,0.9999999981386876,True
kitti_val,3454,003453.png,3,3,3,False,4.921874019458983e-11,3.7600017321892665e-08,0.9999999942223651,True
kitti_val,3455,003454.png,10,10,10,False,4.8593795654028327e-11,4.149995902480441e-08,0.9999999937165023,True
kitti_val,3459,003458.png,4,4,4,False,4.625000382674216e-11,3.200000264769187e-08,0.9999999960673621,True
kitti_val,3468,003467.png,2,2,2,False,4.2187475735033786e-11,3.540003490343224e-08,0.9999999987242869,True
kitti_val,3469,003468.png,1,1,1,False,3.335942633242439e-11,2.1299999986013063e-08,0.9999999976905485,True
kitti_val,3477,003476.png,1,1,1,False,4.703124695248917e-11,3.009999716141465e-08,0.9999999990033392,True
kitti_val,3480,003479.png,5,5,5,False,4.7499990052379815e-11,3.200005949111073e-08,0.999999995765154,True
kitti_val,3481,003480.png,8,8,8,False,4.8671844332659475e-11,4.1799978589551756e-08,0.9999999919832775,True
kitti_val,3484,003483.png,4,4,4,False,4.984374718519646e-11,3.460007746980409e-08,0.9999999964450548,True
kitti_val,3488,003487.png,11,11,11,False,4.859376789845271e-11,4.4499984142021276e-08,0.9999999968688293,True
kitti_val,3499,003498.png,10,10,10,False,4.9921872191660555e-11,3.199988896085415e-08,0.9999999914923252,True
kitti_val,3501,003500.png,14,14,14,False,4.984374024630256e-11,3.4899983347713714e-08,0.999999992375263,True
kitti_val,3505,003504.png,2,2,2,False,4.67187399877389e-11,2.989997938129818e-08,0.999999998706346,True
kitti_val,3512,003511.png,4,4,4,False,4.312494805702727e-11,2.7599924123933306e-08,0.9999999977484292,True
kitti_val,3518,003517.png,5,5,5,False,4.8437531763312336e-11,3.200005949111073e-08,0.9999999939977916,True
kitti_val,3526,003525.png,4,4,4,False,4.6171871881384163e-11,3.320002406326239e-08,0.9999999954493269,True
kitti_val,3527,003526.png,10,10,10,False,4.99219554583874e-11,4.5799993131367955e-08,0.9999999896198722,True
kitti_val,3533,003532.png,3,3,3,False,4.218753124618502e-11,3.940002102353901e-08,0.9999999943534609,True
kitti_val,3535,003534.png,4,4,4,False,3.335942633242439e-11,3.200005949111073e-08,0.9999999934204564,True
kitti_val,3537,003536.png,2,2,2,False,4.507812179088688e-11,3.200000264769187e-08,0.9999999882324477,True
kitti_val,3550,003549.png,7,7,7,False,4.562500377502943e-11,3.850004759442527e-08,0.999999997395657,True
kitti_val,3551,003550.png,6,6,6,False,4.796868458001313e-11,3.8999985463306075e-08,0.9999999940993887,True
kitti_val,3559,003558.png,2,2,2,False,3.390624933596875e-11,3.2200034638663055e-08,0.9999999923880146,True
kitti_val,3560,003559.png,2,2,2,False,3.328125275370297e-11,2.1299999986013063e-08,0.9999999988108877,True
kitti_val,3561,003560.png,9,9,9,False,4.8593748816494475e-11,3.109999902051186e-08,0.9999999913026194,True
kitti_val,3565,003564.png,11,11,11,False,4.421875365867578e-11,3.200005949111073e-08,0.9999999964752774,True
kitti_val,3573,003572.png,2,2,2,False,3.749999616387001e-11,2.4199948711611796e-08,0.9999999954969075,True
kitti_val,3579,003578.png,2,2,2,False,4.796875396895217e-11,3.070000076377255e-08,0.999999997262903,True
kitti_val,3581,003580.png,2,2,2,False,4.093748950939613e-11,3.6799999492131974e-08,0.9999999974974013,True
kitti_val,3591,003590.png,2,2,2,False,4.7343746978345536e-11,3.03000007306764e-08,0.9999999968379006,True
kitti_val,3592,003591.png,1,1,1,False,4.054689917154519e-11,3.200000264769187e-08,0.9999999983820684,True
kitti_val,3594,003593.png,1,1,1,False,3.335942633242439e-11,2.1299999986013063e-08,0.9999999965607301,True
kitti_val,3595,003594.png,1,1,1,False,4.726563584966925e-11,3.40000383403094e-08,0.9999999981446848,True
kitti_val,3596,003595.png,4,4,4,False,4.22656354359674e-11,3.200005949111073e-08,0.9999999957651504,True
kitti_val,3598,003597.png,1,1,1,False,4.76562470042019e-11,3.04999971945108e-08,0.9999999958328991,True
kitti_val,3610,003609.png,10,10,10,False,4.703124695248917e-11,3.950000859731517e-08,0.9999999960771627,True
kitti_val,3612,003611.png,2,2,2,False,4.4531253684532146e-11,2.8500000581743734e-08,0.99999999813723,True
kitti_val,3618,003617.png,1,1,1,False,4.7656253943095805e-11,3.579998519853689e-08,0.999999998357497,True
kitti_val,3624,003623.png,1,1,1,False,2.8281252340001117e-11,2.510000740585383e-08,0.9999999986296931,True
kitti_val,3630,003629.png,2,2,2,False,3.335942633242439e-11,2.1300001762369902e-08,0.9999999957951865,True
kitti_val,3635,003634.png,2,2,2,False,4.8593740142877095e-11,3.200000264769187e-08,0.9999999991281301,True
kitti_val,3640,003639.png,6,6,6,False,4.9218754072377635e-11,3.150000082996485e-08,0.9999999973404261,True
kitti_val,3648,003647.png,6,6,6,False,4.921874019458983e-11,3.459996378296637e-08,0.9999999916055621,True
kitti_val,3651,003650.png,4,4,4,False,4.9062420792722605e-11,3.930000502805342e-08,0.999999992658354,True
kitti_val,3661,003660.png,3,3,3,False,4.679689968867251e-11,4.119999630347593e-08,0.999999993542455,True
kitti_val,3663,003662.png,7,7,7,False,4.328126745889449e-11,3.640002432803158e-08,0.9999999963189341,True
kitti_val,3667,003666.png,8,8,8,False,4.874999015580528e-11,3.200000264769187e-08,0.9999999974686167,True
kitti_val,3675,003674.png,9,9,9,False,4.9453136030663813e-11,3.200005949111073e-08,0.9999999933328318,True
kitti_val,3684,003683.png,13,13,13,False,4.7656253943095805e-11,3.370001877556206e-08,0.9999999968385913,True
kitti_val,3699,003698.png,4,4,4,False,4.93749763297302e-11,3.200000264769187e-08,0.9999999947212291,True
kitti_val,3701,003700.png,1,1,1,False,4.8593740142877095e-11,3.11000007968687e-08,0.9999999984343643,True
kitti_val,3708,003707.png,1,1,1,False,4.67187399877389e-11,4.0299994452652754e-08,0.9999999957969629,True
kitti_val,3710,003709.png,9,9,9,False,4.99219554583874e-11,4.250000529282261e-08,0.9999999913708236,True
kitti_val,3716,003715.png,7,7,7,False,4.73436845283004e-11,4.199989689368522e-08,0.9999999945235181,True
kitti_val,3717,003716.png,4,4,4,False,4.9921872191660555e-11,3.6399967484612716e-08,0.9999999980300768,True
kitti_val,3726,003725.png,10,10,10,False,4.765621230973238e-11,3.650001190180774e-08,0.9999999918550434,True
kitti_val,3732,003731.png,6,6,6,False,4.960942767695542e-11,4.4499984142021276e-08,0.9999999946460425,True
kitti_val,3737,003736.png,7,7,7,False,4.5390580183379825e-11,3.560000294555721e-08,0.999999996751414,True
kitti_val,3738,003737.png,1,1,1,False,2.4375002016796543e-11,1.559999418532243e-08,0.9999999993837917,True
kitti_val,3740,003739.png,4,4,4,False,4.6562503852598525e-11,2.9800006018376735e-08,0.9999999973605068,True
kitti_val,3745,003744.png,12,12,12,False,4.7656253943095805e-11,4.1000077999342466e-08,0.9999999919514486,True
kitti_val,3748,003747.png,4,4,4,False,4.593749686199189e-11,3.479999577393755e-08,0.9999999956863548,True
kitti_val,3749,003748.png,1,1,1,False,3.328126663149078e-11,2.1300024855008814e-08,0.9999999952560458,True
kitti_val,3777,003776.png,1,1,1,False,3.335942633242439e-11,3.200000264769187e-08,0.999999997845275,True
kitti_val,3780,003779.png,10,10,10,False,4.859376789845271e-11,3.449997620919021e-08,0.9999999944394816,True
kitti_val,3783,003782.png,8,8,8,False,4.1718739574037045e-11,3.200000264769187e-08,0.9999999944625911,True
kitti_val,3785,003784.png,5,5,5,False,4.8750004033593086e-11,4.529999841906829e-08,0.9999999907625342,True
kitti_val,3786,003785.png,11,11,11,False,4.585942736667903e-11,3.200000264769187e-08,0.99999999411365,True
kitti_val,3787,003786.png,1,1,1,False,4.8281267872596345e-11,3.2800016924738884e-08,0.9999999979914779,True
kitti_val,3788,003787.png,1,1,1,False,3.601563491884008e-11,2.6799966690305155e-08,0.999999998493639,True
kitti_val,3792,003791.png,1,1,1,False,4.5468739884313436e-11,2.1299999986013063e-08,0.9999999959900824,True
kitti_val,3794,003793.png,6,6,6,False,4.8437476252161105e-11,3.3699961932143196e-08,0.9999999932961444,True
kitti_val,3810,003809.png,4,4,4,False,3.859374972381424e-11,3.200005949111073e-08,0.9999999919244308,True
kitti_val,3817,003816.png,7,7,7,False,4.265625352939395e-11,3.200000264769187e-08,0.99999999335762,True
kitti_val,3819,003818.png,5,5,5,False,4.640625383967034e-11,3.249999735999154e-08,0.9999999943533431,True
kitti_val,3826,003825.png,1,1,1,False,3.335942633242439e-11,3.200000264769187e-08,0.999999998038794,True
kitti_val,3841,003840.png,7,7,7,False,4.76562470042019e-11,4.3899945012526587e-08,0.9999999304362526,True
kitti_val,3842,003841.png,2,2,2,False,4.968750064171523e-11,3.180000085478696e-08,0.9999999975163543,True
kitti_val,3843,003842.png,5,5,5,False,4.593750033143884e-11,3.6300036754255416e-08,0.999999994911334,True
kitti_val,3850,003849.png,1,1,1,False,4.601563574624379e-11,2.799999521130303e-08,0.9999999986167734,True
kitti_val,3854,003853.png,4,4,4,False,4.374994810874e-11,3.11000007968687e-08,0.9999999903358673,True
kitti_val,3858,003857.png,13,13,13,False,4.9140580493656216e-11,3.5499994055498973e-08,0.9999999955003835,True
kitti_val,3859,003858.png,1,1,1,False,4.8437497068842816e-11,3.11000007968687e-08,0.999999998291581,True
kitti_val,3864,003863.png,13,13,13,False,4.7656267820883613e-11,3.5699997624760726e-08,0.9999999951355992,True
kitti_val,3865,003864.png,11,11,11,False,4.5000003723316695e-11,4.0999992734214175e-08,0.9999999959263492,True
kitti_val,3868,003867.png,2,2,2,False,4.2343753503537584e-11,3.200005949111073e-08,0.9999999972753036,True
kitti_val,3869,003868.png,1,1,1,False,3.976563522911647e-11,2.1699998242752372e-08,0.9999999890581523,True
kitti_val,3879,003878.png,4,4,4,False,4.8593740142877095e-11,3.200000264769187e-08,0.9999999926516484,True
kitti_val,3886,003885.png,8,8,8,False,4.8750004033593086e-11,4.009996246168157e-08,0.9999999977048409,True
kitti_val,3889,003888.png,1,1,1,False,4.359375360696305e-11,2.790000408481319e-08,0.9999999972291773,True
kitti_val,3890,003889.png,2,2,2,False,4.453121205116872e-11,2.849998281817534e-08,0.9999999974401719,True
kitti_val,3895,003894.png,8,8,8,False,4.8593754020664903e-11,3.200005949111073e-08,0.999999992731951,True
kitti_val,3897,003896.png,5,5,5,False,4.4687475941884713e-11,2.2799980570198386e-08,0.9999999931587134,True
kitti_val,3898,003897.png,3,3,3,False,4.617184412580855e-11,3.91999606108584e-08,0.999999992221483,True
kitti_val,3903,003902.png,8,8,8,False,4.7656240065308e-11,3.200005949111073e-08,0.9999999960137823,True
kitti_val,3905,003904.png,9,9,9,False,4.9140580493656216e-11,4.4300008994468953e-08,0.9999999954813538,True
kitti_val,3908,003907.png,3,3,3,False,4.890626792430908e-11,3.200000264769187e-08,0.9999999969161161,True
kitti_val,3911,003910.png,7,7,7,False,4.9218754072377635e-11,3.640002432803158e-08,0.9999999969786127,True
kitti_val,3920,003919.png,3,3,3,False,4.499999678442279e-11,3.200000264769187e-08,0.9999999928578462,True
kitti_val,3923,003922.png,1,1,1,False,3.375000279248752e-11,1.899996959764394e-08,0.9999999987370091,True
kitti_val,3930,003929.png,11,11,11,False,4.9531254098234e-11,4.2299973301851423e-08,0.9999999956911034,True
kitti_val,3932,003931.png,9,9,9,False,4.8437476252161105e-11,3.869996589855873e-08,0.9999999961842992,True
kitti_val,3949,003948.png,3,3,3,False,3.3359537354726854e-11,3.200005949111073e-08,0.9999999962294566,True
kitti_val,3952,003951.png,8,8,8,False,4.906250405944945e-11,3.930000502805342e-08,0.9999999964810493,True
kitti_val,3955,003954.png,1,1,1,False,4.054678814924273e-11,3.200000264769187e-08,0.9999999974510209,True
kitti_val,3961,003960.png,5,5,5,False,4.5625000305582475e-11,3.6399967484612716e-08,0.9999999874652243,True
kitti_val,3973,003972.png,2,2,2,False,3.335937082127316e-11,3.200000264769187e-08,0.9999999910679526,True
kitti_val,3975,003974.png,1,1,1,False,2.2890578321721478e-11,1.75999730345211e-08,0.9999999989902327,True
kitti_val,3976,003975.png,9,9,9,False,4.960942767695542e-11,4.129998387725209e-08,0.999999995252586,True
kitti_val,3977,003976.png,4,4,4,False,3.4921898706130605e-11,3.200000264769187e-08,0.9999999957617475,True
kitti_val,3978,003977.png,3,3,3,False,4.515625373624488e-11,3.200000264769187e-08,0.9999999946413514,True
kitti_val,3980,003979.png,10,10,10,False,4.96875318667378e-11,3.469997977845196e-08,0.9999999946788387,True
kitti_val,3985,003984.png,10,10,10,False,4.9375017963093626e-11,4.0299994452652754e-08,0.9999999966913615,True
kitti_val,3988,003987.png,1,1,1,False,3.335942633242439e-11,2.1299999986013063e-08,0.9999999949696601,True
kitti_val,3994,003993.png,16,16,16,False,4.9687504111162184e-11,4.250000529282261e-08,0.9999999959896164,True
kitti_val,4001,004000.png,1,1,1,False,3.9218753244973925e-11,2.5100000300426473e-08,0.9999999952884547,True
kitti_val,4002,004001.png,4,4,4,False,4.4687475941884713e-11,3.199994580427301e-08,0.9999999918842569,True
kitti_val,4010,004009.png,5,5,5,False,4.64843163960893e-11,4.349999471742194e-08,0.9999999931817836,True
kitti_val,4011,004010.png,9,9,9,False,4.835953859583242e-11,4.4900104967382504e-08,0.9999999943326285,True
kitti_val,4030,004029.png,13,13,13,False,4.734374003945163e-11,3.200005949111073e-08,0.9999999914689482,True
kitti_val,4031,004030.png,1,1,1,False,4.1328163113973915e-11,3.200000264769187e-08,0.9999999966748261,True
kitti_val,4034,004033.png,3,3,3,False,4.640626771745815e-11,3.200000264769187e-08,0.9999999989823509,True
kitti_val,4035,004034.png,3,3,3,False,4.343753134961048e-11,3.119998837064486e-08,0.9999999963277186,True
kitti_val,4038,004037.png,4,4,4,False,3.749994759161268e-11,3.200000264769187e-08,0.9999999952610913,True
kitti_val,4039,004038.png,7,7,7,False,4.750000046072067e-11,3.8600006746492e-08,0.9999999949876678,True
kitti_val,4045,004044.png,3,3,3,False,3.617184329840484e-11,3.200005949111073e-08,0.9999999948919289,True
kitti_val,4059,004058.png,3,3,3,False,4.914063600480745e-11,4.0000017520469555e-08,0.9999999920547279,True
kitti_val,4061,004060.png,1,1,1,False,4.8593795654028327e-11,3.110002921857813e-08,0.9999999995993442,True
kitti_val,4068,004067.png,6,6,6,False,4.593753155646141e-11,3.730002617885475e-08,0.9999999953696173,True
kitti_val,4069,004068.png,5,5,5,False,4.734375391723944e-11,3.4900040191132575e-08,0.9999999941540216,True
kitti_val,4076,004075.png,1,1,1,False,4.5468739884313436e-11,3.200005949111073e-08,0.9999999990817099,True
kitti_val,4082,004081.png,3,3,3,False,4.843750400773672e-11,2.619999861508404e-08,0.9999999927183498,True
kitti_val,4083,004082.png,8,8,8,False,4.7890691412533215e-11,3.95000370190246e-08,0.999999992201945,True
kitti_val,4089,004088.png,5,5,5,False,4.9531254098234e-11,4.680003939938615e-08,0.9999999913410523,True
kitti_val,4092,004091.png,4,4,4,False,3.921873936718612e-11,3.200000264769187e-08,0.9999999963018272,True
kitti_val,4095,004094.png,4,4,4,False,4.781250222130051e-11,3.2999992072291207e-08,0.9999999946999559,True
kitti_val,4099,004098.png,8,8,8,False,4.687494836730366e-11,2.6599963121043402e-08,0.9999999955727105,True
kitti_val,4105,004104.png,5,5,5,False,4.187499652585913e-11,3.200000264769187e-08,0.9999999952337518,True
kitti_val,4107,004106.png,3,3,3,False,4.593750033143884e-11,3.200005949111073e-08,0.999999996753885,True
kitti_val,4108,004107.png,4,4,4,False,4.0937531142759553e-11,3.469995135674253e-08,0.9999999972968624,True
kitti_val,4115,004114.png,8,8,8,False,4.8281250525361585e-11,3.6900019040331244e-08,0.9999999921687868,True
kitti_val,4116,004115.png,2,2,2,False,4.625000382674216e-11,4.130001229896152e-08,0.9999999940212967,True
kitti_val,4117,004116.png,1,1,1,False,4.7656323332034844e-11,3.910008672391996e-08,0.9999999982909096,True
kitti_val,4127,004126.png,3,3,3,False,3.593749950403513e-11,3.389999392311438e-08,0.9999999928103198,True
kitti_val,4131,004130.png,2,2,2,False,4.9531254098234e-11,3.200000264769187e-08,0.9999999975144962,True
kitti_val,4132,004131.png,4,4,4,False,4.8437531763312336e-11,4.210002657600853e-08,0.9999999915750065,True
kitti_val,4137,004136.png,1,1,1,False,2.9687502456354764e-11,1.9000012230208085e-08,0.9999999992183756,True
kitti_val,4138,004137.png,10,10,10,False,4.8828052712224235e-11,3.200000264769187e-08,0.9999999930593367,True
kitti_val,4139,004138.png,10,10,10,False,4.937500408530582e-11,4.629998784366762e-08,0.9999999946603991,True
kitti_val,4143,004142.png,13,13,13,False,4.8593740142877095e-11,4.410003384691663e-08,0.9999999914261979,True
kitti_val,4145,004144.png,4,4,4,False,3.429684314326664e-11,3.200000264769187e-08,0.9999999930562646,True
kitti_val,4149,004148.png,9,9,9,False,4.960937216580419e-11,3.200000264769187e-08,0.9999999908410387,True
kitti_val,4156,004155.png,8,8,8,False,4.9218754072377635e-11,4.050002644362394e-08,0.9999999937204236,True
kitti_val,4159,004158.png,8,8,8,False,4.960937216580419e-11,3.869996589855873e-08,0.9999999925713559,True
kitti_val,4160,004159.png,2,2,2,False,4.585939961110341e-11,4.199998215881351e-08,0.9999999947599721,True
kitti_val,4165,004164.png,7,7,7,False,3.859374972381424e-11,3.200000264769187e-08,0.9999999950106494,True
kitti_val,4168,004167.png,1,1,1,False,4.3906239755031606e-11,3.200000264769187e-08,0.9999999962925646,True
kitti_val,4171,004170.png,17,17,17,False,4.8593754020664903e-11,4.31999751526746e-08,0.9999999933599416,True
kitti_val,4173,004172.png,2,2,2,False,4.8750004033593086e-11,3.199994580427301e-08,0.9999999964946356,True
kitti_val,4179,004178.png,3,3,3,False,4.2031246538787315e-11,2.6899996896645462e-08,0.9999999960331029,True
kitti_val,4181,004180.png,5,5,5,False,4.562505928618066e-11,4.2400017719046446e-08,0.999999995815252,True
kitti_val,4183,004182.png,4,4,4,False,3.335942633242439e-11,3.200005949111073e-08,0.9999999962520643,True
kitti_val,4184,004183.png,2,2,2,False,4.375000361989123e-11,3.200000264769187e-08,0.9999999910010965,True
kitti_val,4187,004186.png,12,12,12,False,4.921874019458983e-11,4.679998255596729e-08,0.9999999883948628,True
kitti_val,4189,004188.png,7,7,7,False,3.9374999788455156e-11,3.4300057905056747e-08,0.99999999248883,True
kitti_val,4190,004189.png,2,2,2,False,3.335931531012193e-11,3.199994580427301e-08,0.9999999988015014,True
kitti_val,4197,004196.png,8,8,8,False,4.4921844022383084e-11,3.859992148136371e-08,0.9999999963298677,True
kitti_val,4201,004200.png,4,4,4,False,4.8359316551227494e-11,3.200000264769187e-08,0.9999999905772803,True
kitti_val,4204,004203.png,2,2,2,False,4.984374024630256e-11,4.200001058052294e-08,0.9999999972577627,True
kitti_val,4206,004205.png,4,4,4,False,4.593750380088579e-11,3.200000264769187e-08,0.9999999960509108,True
kitti_val,4218,004217.png,7,7,7,False,4.640625383967034e-11,3.600001718950807e-08,0.9999999951576928,True
kitti_val,4228,004227.png,1,1,1,False,3.984375329668666e-11,2.550000033352262e-08,0.9999999991779748,True
kitti_val,4239,004238.png,11,11,11,False,4.749999699127372e-11,3.3499986784590874e-08,0.9999999949737434,True
kitti_val,4240,004239.png,4,4,4,False,4.921874019458983e-11,4.3000000005122274e-08,0.9999999962936766,True
kitti_val,4245,004244.png,4,4,4,False,3.624998912155064e-11,2.5700011008211732e-08,0.9999999956746322,True
kitti_val,4250,004249.png,7,7,7,False,4.515632312518392e-11,3.8199999607968493e-08,0.9999999955153464,True
kitti_val,4255,004254.png,8,8,8,False,4.9687504111162184e-11,3.919998903256783e-08,0.9999999945338978,True
kitti_val,4256,004255.png,3,3,3,False,4.656247609702291e-11,2.6799995112014585e-08,0.9999999938312314,True
kitti_val,4258,004257.png,10,10,10,False,4.937500408530582e-11,3.91000298805011e-08,0.9999999947132098,True
kitti_val,4262,004261.png,10,10,10,False,4.6953135823812886e-11,4.219999993892998e-08,0.9999999923484305,True
kitti_val,4263,004262.png,6,6,6,False,4.601563574624379e-11,3.80999836124829e-08,0.9999999964797996,True
kitti_val,4272,004271.png,4,4,4,False,4.0781253374255755e-11,2.6100003935880522e-08,0.9999999988907085,True
kitti_val,4277,004276.png,5,5,5,False,4.9687504111162184e-11,4.199998215881351e-08,0.9999999949449534,True
kitti_val,4279,004278.png,2,2,2,False,4.1171954734409155e-11,2.4700000267330324e-08,0.9999999881932172,True
kitti_val,4282,004281.png,5,5,5,False,4.8515635953094716e-11,3.200000264769187e-08,0.999999993781389,True
kitti_val,4284,004283.png,15,15,15,False,4.968747635558657e-11,4.269998044037493e-08,0.999999993255767,True
kitti_val,4290,004289.png,9,9,9,False,4.554687182967143e-11,3.609994791986537e-08,0.9999999951739721,True
kitti_val,4296,004295.png,9,9,9,False,4.8125003981880354e-11,3.200000264769187e-08,0.9999999948478075,True
kitti_val,4297,004296.png,5,5,5,False,4.3281239703318874e-11,3.200000264769187e-08,0.9999999935940476,True
kitti_val,4299,004298.png,4,4,4,False,4.8750004033593086e-11,4.5000007276030374e-08,0.999999993840065,True
kitti_val,4306,004305.png,1,1,1,False,2.695310641342985e-11,1.9200001588615123e-08,0.999999994924063,True
kitti_val,4307,004306.png,7,7,7,False,4.9374997146411914e-11,4.269998044037493e-08,0.9999999952691432,True
kitti_val,4308,004307.png,6,6,6,False,4.1171954734409155e-11,2.510000740585383e-08,0.9999999955786278,True
kitti_val,4320,004319.png,4,4,4,False,4.937500408530582e-11,4.470001613299246e-08,0.9999999925590234,True
kitti_val,4325,004324.png,9,9,9,False,4.88281637345267e-11,3.45999922046758e-08,0.9999999919666589,True
kitti_val,4339,004338.png,15,15,15,False,4.8593754020664903e-11,3.8899997889529914e-08,0.9999999944497602,True
kitti_val,4344,004343.png,2,2,2,False,4.921874019458983e-11,4.330001956986962e-08,0.9999999963526497,True
kitti_val,4345,004344.png,7,7,7,False,4.015625332254302e-11,3.599996034608921e-08,0.9999999935386862,True
kitti_val,4349,004348.png,3,3,3,False,4.750000393016762e-11,4.2399960875627585e-08,0.9999999945765575,True
kitti_val,4361,004360.png,15,15,15,False,4.906250405944945e-11,3.939999260182958e-08,0.9999999946741024,True
kitti_val,4362,004361.png,1,1,1,False,4.726552482736679e-11,4.31999751526746e-08,0.999999997785419,True
kitti_val,4365,004364.png,4,4,4,False,4.6328121894312346e-11,3.66999977075011e-08,0.9999999943910195,True
kitti_val,4367,004366.png,10,10,10,False,4.757810811995e-11,4.350002313913137e-08,0.9999999966580413,True
kitti_val,4368,004367.png,3,3,3,False,3.5156245969947264e-11,3.11000007968687e-08,0.9999999972752661,True
kitti_val,4369,004368.png,7,7,7,False,4.421873978088797e-11,3.669998704936006e-08,0.9999999959419529,True
kitti_val,4372,004371.png,9,9,9,False,4.906253181502507e-11,3.200005949111073e-08,0.9999999952774324,True
kitti_val,4373,004372.png,4,4,4,False,4.750000393016762e-11,3.860003516820143e-08,0.9999999964104176,True
kitti_val,4374,004373.png,2,2,2,False,4.875005954474432e-11,3.199994580427301e-08,0.9999999925300517,True
kitti_val,4380,004379.png,3,3,3,False,4.2500000047018816e-11,2.720000225053809e-08,0.9999999968092824,True
kitti_val,4382,004381.png,7,7,7,False,4.921874713348373e-11,3.470000820016139e-08,0.9999999948327147,True
kitti_val,4389,004388.png,7,7,7,False,4.8281212361445114e-11,3.8300015603454085e-08,0.9999999904155144,True
kitti_val,4397,004396.png,3,3,3,False,4.625000382674216e-11,3.200005949111073e-08,0.9999999950695976,True
kitti_val,4399,004398.png,2,2,2,False,4.69531635793885e-11,3.2100018643177464e-08,0.9999999971410334,True
kitti_val,4407,004406.png,12,12,12,False,4.5156212102881454e-11,3.200000264769187e-08,0.9999999969292241,True
kitti_val,4418,004417.png,14,14,14,False,4.640625037022339e-11,3.979999974035309e-08,0.9999999897763894,True
kitti_val,4430,004429.png,2,2,2,False,4.859375055121795e-11,3.309997964606737e-08,0.9999999890795168,True
kitti_val,4434,004433.png,7,7,7,False,4.4062500176300645e-11,3.200005949111073e-08,0.9999999943064589,True
kitti_val,4438,004437.png,1,1,1,False,3.3281238875915164e-11,2.1299996433299384e-08,0.9999999991937302,True
kitti_val,4439,004438.png,1,1,1,False,3.335931531012193e-11,2.1299999986013063e-08,0.9999999975209214,True
kitti_val,4452,004451.png,2,2,2,False,4.078121174089233e-11,2.7300018246023683e-08,0.9999999948345196,True
kitti_val,4453,004452.png,6,6,6,False,4.99219554583874e-11,4.530005526248715e-08,0.9999999975521189,True
kitti_val,4456,004455.png,4,4,4,False,4.968749717226828e-11,4.270003728379379e-08,0.9999999972333129,True
kitti_val,4458,004457.png,2,2,2,False,3.765621148232867e-11,2.6999998681276338e-08,0.9999999964624134,True
kitti_val,4471,004470.png,1,1,1,False,4.640624690077644e-11,2.96999971283185e-08,0.9999999988644132,True
kitti_val,4474,004473.png,5,5,5,False,3.796874967210151e-11,2.7499993393576005e-08,0.9999999946355973,True
kitti_val,4475,004474.png,12,12,12,False,4.9531254098234e-11,3.990004415754811e-08,0.999999992845055,True
kitti_val,4476,004475.png,4,4,4,False,4.8906247107627365e-11,3.1299997260703094e-08,0.9999999931777894,True
kitti_val,4481,004480.png,4,4,4,False,4.8437476252161105e-11,4.0400010448138346e-08,0.9999999940493433,True
kitti_val,4484,004483.png,6,6,6,False,4.296885069976497e-11,3.6300036754255416e-08,0.9999999943813368,True
kitti_val,4485,004484.png,5,5,5,False,4.5625000305582475e-11,3.200000264769187e-08,0.9999999963864995,True
kitti_val,4499,004498.png,2,2,2,False,4.984374718519646e-11,3.610000476328423e-08,0.9999999964473903,True
kitti_val,4501,004500.png,8,8,8,False,4.203123959989341e-11,3.200000264769187e-08,0.9999999963909337,True
kitti_val,4502,004501.png,3,3,3,False,4.2968753555250316e-11,2.7599980967352167e-08,0.9999999970330437,True
kitti_val,4506,004505.png,1,1,1,False,4.046875334839939e-11,3.880001031575375e-08,0.9999999938277099,True
kitti_val,4509,004508.png,1,1,1,False,1.8906265442097947e-11,9.399997225045809e-09,0.9999999990831687,True
kitti_val,4512,004511.png,8,8,8,False,4.8359316551227494e-11,3.5499994055498973e-08,0.9999999949032773,True
kitti_val,4513,004512.png,3,3,3,False,4.890625057707432e-11,4.620002869160089e-08,0.9999999935106748,True
kitti_val,4528,004527.png,14,14,14,False,4.8671899843810706e-11,3.719998176165973e-08,0.999999994407357,True
kitti_val,4530,004529.png,3,3,3,False,4.781250222130051e-11,3.060000075549851e-08,0.9999999952563532,True
kitti_val,4535,004534.png,6,6,6,False,4.929687213994782e-11,3.590002961573191e-08,0.9999999881026156,True
kitti_val,4540,004539.png,1,1,1,False,3.4296898654417873e-11,2.1299968011589954e-08,0.9999999968611408,True
kitti_val,4544,004543.png,1,1,1,False,3.593750297348208e-11,2.9100000631387957e-08,0.9999999990542076,True
kitti_val,4545,004544.png,5,5,5,False,4.906249712055555e-11,3.8899997889529914e-08,0.9999999941694288,True
kitti_val,4552,004551.png,8,8,8,False,4.710942747010449e-11,4.2499976871113176e-08,0.9999999896642968,True
kitti_val,4561,004560.png,13,13,13,False,4.445310786138634e-11,3.200000264769187e-08,0.9999999938562915,True
kitti_val,4562,004561.png,6,6,6,False,4.976574707882264e-11,3.709999418788357e-08,0.9999999896456301,True
kitti_val,4567,004566.png,1,1,1,False,3.929689906811973e-11,2.4600012693554163e-08,0.9999999939603972,True
kitti_val,4570,004569.png,5,5,5,False,4.734374003945163e-11,3.990010100096697e-08,0.999999785695944,True
kitti_val,4573,004572.png,9,9,9,False,4.929689989552344e-11,3.6199992337060394e-08,0.9999999964078066,True
kitti_val,4578,004577.png,3,3,3,False,3.867195452755823e-11,3.410002591408556e-08,0.9999999915936741,True
kitti_val,4584,004583.png,10,10,10,False,4.999989311471609e-11,4.669993813877227e-08,0.999999992657144,True
kitti_val,4587,004586.png,3,3,3,False,3.8906211585754136e-11,2.4399994913437695e-08,0.9999999973534093,True
kitti_val,4588,004587.png,8,8,8,False,4.656253160817414e-11,3.200005949111073e-08,0.9999999964362111,True
kitti_val,4590,004589.png,1,1,1,False,4.843750400773672e-11,3.099999901223782e-08,0.9999999990060834,True
kitti_val,4593,004592.png,4,4,4,False,4.82030526605115e-11,4.559996114039677e-08,0.9999999918397958,True
kitti_val,4594,004593.png,7,7,7,False,4.617184412580855e-11,3.5500050898917834e-08,0.999999995420754,True
kitti_val,4600,004599.png,4,4,4,False,4.3906253632819414e-11,3.200000264769187e-08,0.9999999938508,True
kitti_val,4601,004600.png,1,1,1,False,4.94531082750882e-11,4.31999751526746e-08,0.9999999973725441,True
kitti_val,4622,004621.png,13,13,13,False,4.68748373450012e-11,4.139997145102825e-08,0.9999999925518621,True
kitti_val,4634,004633.png,13,13,13,False,4.9687490233374376e-11,3.600001718950807e-08,0.9999999960873385,True
kitti_val,4642,004641.png,1,1,1,False,3.328125275370297e-11,2.1300001762369902e-08,0.9999999960192822,True
kitti_val,4646,004645.png,3,3,3,False,4.76562470042019e-11,3.200000264769187e-08,0.9999999949324476,True
kitti_val,4647,004646.png,1,1,1,False,4.6406239961882534e-11,3.95000370190246e-08,0.9999999985514865,True
kitti_val,4650,004649.png,2,2,2,False,3.8281267045192635e-11,3.200005949111073e-08,0.9999999935133896,True
kitti_val,4654,004653.png,8,8,8,False,4.8437497068842816e-11,3.980005658377195e-08,0.9999999971171881,True
kitti_val,4659,004658.png,4,4,4,False,3.859374972381424e-11,3.6299979910836555e-08,0.9999999938018971,True
kitti_val,4663,004662.png,5,5,5,False,4.734376779502725e-11,3.9599967749381904e-08,0.9999999940656917,True
kitti_val,4666,004665.png,9,9,9,False,4.8906212413157846e-11,4.249999108196789e-08,0.9999999953195728,True
kitti_val,4677,004676.png,1,1,1,False,4.937499020751801e-11,3.200000264769187e-08,0.9999999965401241,True
kitti_val,4680,004679.png,1,1,1,False,4.73436845283004e-11,3.9799942896934226e-08,0.9999999985549057,True
kitti_val,4691,004690.png,4,4,4,False,3.921874977552697e-11,3.199994580427301e-08,0.9999999929731309,True
kitti_val,4692,004691.png,9,9,9,False,4.484376758817632e-11,3.670004389277892e-08,0.9999999940099153,True
kitti_val,4693,004692.png,7,7,7,False,4.8671844332659475e-11,4.4999978854320943e-08,0.9999999913318197,True
kitti_val,4696,004695.png,1,1,1,False,3.335942633242439e-11,3.200005949111073e-08,0.9999999976120182,True
kitti_val,4701,004700.png,7,7,7,False,4.9140580493656216e-11,3.200000264769187e-08,0.9999999937311668,True
kitti_val,4707,004706.png,2,2,2,False,4.304689937839612e-11,3.4300001061637886e-08,0.9999999954712888,True
kitti_val,4709,004708.png,10,10,10,False,4.984375412409037e-11,3.719992491824087e-08,0.9999999947626329,True
kitti_val,4713,004712.png,7,7,7,False,4.992184443608494e-11,3.200000264769187e-08,0.9999999968873285,True
kitti_val,4726,004725.png,4,4,4,False,4.6718750396079756e-11,3.200000264769187e-08,0.9999999925858807,True
kitti_val,4727,004726.png,3,3,3,False,4.8203163682813965e-11,4.330001956986962e-08,0.9999999967390142,True
kitti_val,4731,004730.png,8,8,8,False,4.8984372114091457e-11,3.200005949111073e-08,0.9999999930176847,True
kitti_val,4733,004732.png,2,2,2,False,4.062503111690319e-11,3.200000264769187e-08,0.9999999955571622,True
kitti_val,4737,004736.png,4,4,4,False,4.960942767695542e-11,3.200005949111073e-08,0.9999999966911345,True
kitti_val,4739,004738.png,3,3,3,False,4.3281239703318874e-11,2.769999696283776e-08,0.9999999966618627,True
kitti_val,4749,004748.png,9,9,9,False,4.9531240220446193e-11,4.4500012563730706e-08,0.9999999930957633,True
kitti_val,4756,004755.png,8,8,8,False,4.7187503904311257e-11,3.200000264769187e-08,0.9999999956240309,True
kitti_val,4758,004757.png,3,3,3,False,3.9374999788455156e-11,2.520000030870051e-08,0.9999999969642326,True
kitti_val,4759,004758.png,11,11,11,False,4.9453136030663813e-11,4.4399996568245115e-08,0.9999999930356174,True
kitti_val,4774,004773.png,1,1,1,False,4.578126766574542e-11,2.1299999986013063e-08,0.9999999894952123,True
kitti_val,4779,004778.png,8,8,8,False,4.94531082750882e-11,4.46999592895736e-08,0.9999999960236174,True
kitti_val,4784,004783.png,2,2,2,False,4.8203219193965197e-11,2.3399991277983645e-08,0.9999999869762195,True
kitti_val,4793,004792.png,3,3,3,False,4.953125062878705e-11,3.9100001458791667e-08,0.9999999963299816,True
kitti_val,4797,004796.png,7,7,7,False,4.8281250525361585e-11,4.620000026989146e-08,0.999999991324715,True
kitti_val,4803,004802.png,8,8,8,False,4.9531240220446193e-11,4.5000035697739804e-08,0.9999999904501187,True
kitti_val,4808,004807.png,2,2,2,False,4.0859426952977174e-11,2.1300003538726742e-08,0.9999999984624315,True
kitti_val,4810,004809.png,8,8,8,False,4.6093767691601784e-11,3.200005949111073e-08,0.9999999959262885,True
kitti_val,4816,004815.png,1,1,1,False,4.562500377502943e-11,2.9199995310591476e-08,0.9999999992396659,True
kitti_val,4819,004818.png,12,12,12,False,4.953125062878705e-11,3.619999766613091e-08,0.9999999935376652,True
kitti_val,4820,004819.png,6,6,6,False,3.593758624020893e-11,3.200000264769187e-08,0.9999999960081524,True
kitti_val,4822,004821.png,7,7,7,False,4.976563605652018e-11,4.270000886208436e-08,0.999999988549341,True
kitti_val,4824,004823.png,4,4,4,False,4.99219554583874e-11,4.130004072067095e-08,0.9999999946328362,True
kitti_val,4838,004837.png,12,12,12,False,4.906253181502507e-11,4.339997872193635e-08,0.9999999868848662,True
kitti_val,4840,004839.png,6,6,6,False,4.9375000615858866e-11,3.740001375263091e-08,0.9999999944246368,True
kitti_val,4843,004842.png,10,10,10,False,4.9531240220446193e-11,4.2299973301851423e-08,0.9999999819506017,True
kitti_val,4845,004844.png,1,1,1,False,4.593758706761264e-11,2.510006424927269e-08,0.9999999987394115,True
kitti_val,4848,004847.png,2,2,2,False,4.843749012994891e-11,3.200000264769187e-08,0.9999999953261957,True
kitti_val,4854,004853.png,1,1,1,False,3.335942633242439e-11,3.200000264769187e-08,0.9999999954240355,True
kitti_val,4855,004854.png,1,1,1,False,4.4609427263253565e-11,2.2500046270579332e-08,0.9999999987288622,True
kitti_val,4869,004868.png,4,4,4,False,4.9531254098234e-11,4.1799978589551756e-08,0.9999999947729862,True
kitti_val,4870,004869.png,1,1,1,False,4.054689917154519e-11,2.2499989427160472e-08,0.9999999989602592,True
kitti_val,4871,004870.png,5,5,5,False,3.687500305105118e-11,3.200000264769187e-08,0.9999999965830406,True
kitti_val,4872,004871.png,10,10,10,False,4.8125003981880354e-11,3.200000264769187e-08,0.9999999953578768,True
kitti_val,4878,004877.png,6,6,6,False,4.601563574624379e-11,4.0299937609233893e-08,0.9999999949271172,True
kitti_val,4883,004882.png,6,6,6,False,4.8125003981880354e-11,4.010001930510043e-08,0.9999999943192891,True
kitti_val,4889,004888.png,3,3,3,False,3.335931531012193e-11,3.200000264769187e-08,0.9999999954569373,True
kitti_val,4890,004889.png,2,2,2,False,4.796875049950522e-11,3.069999898741571e-08,0.9999999933177508,True
kitti_val,4902,004901.png,2,2,2,False,4.375000361989123e-11,3.5500022477208404e-08,0.9999999986834576,True
kitti_val,4906,004905.png,5,5,5,False,4.125003116861592e-11,2.640001639520051e-08,0.9999999934972907,True
kitti_val,4907,004906.png,11,11,11,False,4.937500408530582e-11,3.1599995509168366e-08,0.9999999905345399,True
kitti_val,4908,004907.png,2,2,2,False,3.5468739056909726e-11,2.1299968011589954e-08,0.9999999964647198,True
kitti_val,4923,004922.png,2,2,2,False,3.984374635779275e-11,2.5499993228095263e-08,0.9999999989745441,True
kitti_val,4927,004926.png,10,10,10,False,4.8125003981880354e-11,3.65999994755839e-08,0.9999999967252421,True
kitti_val,4931,004930.png,5,5,5,False,4.578125378795761e-11,3.200000264769187e-08,0.999999995285827,True
kitti_val,4938,004937.png,2,2,2,False,3.335942633242439e-11,2.1299998209656223e-08,0.99999999454607,True
kitti_val,4941,004940.png,1,1,1,False,3.265623882420243e-11,2.1299996433299384e-08,0.9999999990676097,True
kitti_val,4945,004944.png,3,3,3,False,4.578125031851066e-11,2.9700004233745858e-08,0.9999999834014938,True
kitti_val,4948,004947.png,2,2,2,False,3.335937082127316e-11,2.7300018246023683e-08,0.9999999947469693,True
kitti_val,4955,004954.png,8,8,8,False,4.9687504111162184e-11,4.4300008994468953e-08,0.9999999961799206,True
kitti_val,4962,004961.png,5,5,5,False,4.414058007995436e-11,3.200000264769187e-08,0.9999999937793133,True
kitti_val,4970,004969.png,1,1,1,False,3.335942633242439e-11,3.200005949111073e-08,0.9999999971883233,True
kitti_val,4975,004974.png,4,4,4,False,4.5234371803815066e-11,3.200000264769187e-08,0.9999999973098305,True
kitti_val,4981,004980.png,11,11,11,False,4.843750400773672e-11,4.140002829444711e-08,0.9999999955718952,True
kitti_val,4984,004983.png,13,13,13,False,4.968750064171523e-11,3.9000042306724936e-08,0.999999994796007,True
kitti_val,4985,004984.png,6,6,6,False,4.992184443608494e-11,3.530001890794665e-08,0.9999999961990417,True
kitti_val,4992,004991.png,1,1,1,False,3.328125275370297e-11,2.1299999986013063e-08,0.9999999983544197,True
kitti_val,4993,004992.png,16,16,16,False,4.8359316551227494e-11,3.520005975587992e-08,0.9999999931892919,True
kitti_val,5000,004999.png,10,10,10,False,4.718747614873564e-11,3.7500058169825934e-08,0.9999999950116316,True
kitti_val,5017,005016.png,4,4,4,False,3.937497550232649e-11,3.200005949111073e-08,0.9999999986837367,True
kitti_val,5026,005025.png,3,3,3,False,3.515625290884117e-11,2.5399970127182314e-08,0.9999999979519243,True
kitti_val,5032,005031.png,9,9,9,False,4.906253181502507e-11,3.979999974035309e-08,0.9999999915889322,True
kitti_val,5043,005042.png,1,1,1,False,3.328124928425602e-11,2.1299999986013063e-08,0.9999999973126855,True
kitti_val,5056,005055.png,5,5,5,False,4.2499996577571864e-11,3.199994580427301e-08,0.9999999948573646,True
kitti_val,5061,005060.png,4,4,4,False,4.609374687492007e-11,3.200005949111073e-08,0.9999999971067053,True
kitti_val,5066,005065.png,5,5,5,False,4.8125059493031586e-11,3.65999994755839e-08,0.9999999935624113,True
kitti_val,5069,005068.png,2,2,2,False,3.335942633242439e-11,3.200000264769187e-08,0.9999999951910393,True
kitti_val,5075,005074.png,9,9,9,False,4.7656267820883613e-11,4.390005869936431e-08,0.9999999945557478,True
kitti_val,5087,005086.png,13,13,13,False,4.7343746978345536e-11,3.790000846493058e-08,0.9999999950356889,True
kitti_val,5088,005087.png,10,10,10,False,4.984374024630256e-11,4.2999971583412844e-08,0.9999999970061713,True
kitti_val,5093,005092.png,6,6,6,False,4.312494805702727e-11,3.200000264769187e-08,0.999999984265439,True
kitti_val,5094,005093.png,3,3,3,False,4.578125031851066e-11,3.190001507391571e-08,0.9999999931325368,True
kitti_val,5096,005095.png,6,6,6,False,4.1874947953601804e-11,3.999997488790541e-08,0.9999999955712578,True
kitti_val,5098,005097.png,9,9,9,False,4.9531240220446193e-11,3.200000264769187e-08,0.9999999879721103,True
kitti_val,5107,005106.png,8,8,8,False,4.898442762524269e-11,3.2900004498515045e-08,0.9999999877961833,True
kitti_val,5108,005107.png,1,1,1,False,3.9218753244973925e-11,2.5100000300426473e-08,0.9999999986859931,True
kitti_val,5110,005109.png,6,6,6,False,4.8281247055914633e-11,3.200000264769187e-08,0.9999999964863983,True
kitti_val,5113,005112.png,5,5,5,False,4.8593795654028327e-11,3.200000264769187e-08,0.9999999946323981,True
kitti_val,5128,005127.png,5,5,5,False,4.6093753813813976e-11,3.200000264769187e-08,0.9999999973146236,True
kitti_val,5132,005131.png,11,11,11,False,5.000000413701855e-11,4.409997700349777e-08,0.9999999901740244,True
kitti_val,5138,005137.png,13,13,13,False,4.6874996939560987e-11,4.079998916495242e-08,0.9999999909469462,True
kitti_val,5139,005138.png,10,10,10,False,4.8281212361445114e-11,3.609994791986537e-08,0.9999999956913689,True
kitti_val,5145,005144.png,4,4,4,False,4.5468753762101244e-11,3.200000264769187e-08,0.9999999967385275,True
kitti_val,5178,005177.png,5,5,5,False,4.890624016873346e-11,3.200000264769187e-08,0.9999999971229429,True
kitti_val,5179,005178.png,14,14,14,False,4.843758727446357e-11,4.340006398706464e-08,0.9999999909614129,True
kitti_val,5183,005182.png,9,9,9,False,4.2343739625749777e-11,3.8999928619887214e-08,0.9999999965945353,True
kitti_val,5195,005194.png,2,2,2,False,4.773437201066599e-11,3.810001203419233e-08,0.9999999934986701,True
kitti_val,5202,005201.png,7,7,7,False,4.921874019458983e-11,3.3600031201785896e-08,0.9999999973311285,True
kitti_val,5207,005206.png,3,3,3,False,4.359375360696305e-11,3.200000264769187e-08,0.9999999967471384,True
kitti_val,5211,005210.png,6,6,6,False,4.578125031851066e-11,3.719998176165973e-08,0.9999999931144454,True
kitti_val,5212,005211.png,6,6,6,False,4.984368473515133e-11,4.420002142069279e-08,0.9999999955936608,True
kitti_val,5219,005218.png,1,1,1,False,3.7968739263760654e-11,1.9000012230208085e-08,0.9999999987096043,True
kitti_val,5221,005220.png,11,11,11,False,4.67187399877389e-11,3.790000846493058e-08,0.9999999900789692,True
kitti_val,5226,005225.png,1,1,1,False,4.375005913104246e-11,4.1600003441999434e-08,0.999999993139488,True
kitti_val,5234,005233.png,2,2,2,False,3.4531249387681484e-11,3.200000264769187e-08,0.999999996485044,True
kitti_val,5239,005238.png,4,4,4,False,4.6093753813813976e-11,3.9099973037082236e-08,0.9999999941127986,True
kitti_val,5242,005241.png,11,11,11,False,4.5000003723316695e-11,3.880001031575375e-08,0.9999999961204733,True
kitti_val,5243,005242.png,4,4,4,False,4.375000361989123e-11,2.799999521130303e-08,0.9999999977707824,True
kitti_val,5244,005243.png,2,2,2,False,3.335931531012193e-11,3.200000264769187e-08,0.9999999926502507,True
kitti_val,5253,005252.png,2,2,2,False,4.499999851914627e-11,3.779996404773556e-08,0.999999992274378,True
kitti_val,5262,005261.png,5,5,5,False,4.54688509066159e-11,2.7499993393576005e-08,0.9999999928412534,True
kitti_val,5267,005266.png,5,5,5,False,4.3437503594034865e-11,3.1999995542264514e-08,0.9999999954501091,True
kitti_val,5272,005271.png,4,4,4,False,4.984375412409037e-11,3.1900000863060995e-08,0.9999999959558795,True
kitti_val,5274,005273.png,5,5,5,False,4.968749717226828e-11,3.5600010050984565e-08,0.9999999950941912,True
kitti_val,5276,005275.png,5,5,5,False,3.859374625436729e-11,3.200000264769187e-08,0.9999999963018529,True
kitti_val,5281,005280.png,14,14,14,False,4.8046899792097975e-11,4.050001223276922e-08,0.9999999922421456,True
kitti_val,5282,005281.png,3,3,3,False,4.921874019458983e-11,3.200000264769187e-08,0.9999999924104139,True
kitti_val,5283,005282.png,5,5,5,False,4.796875049950522e-11,3.069999898741571e-08,0.9999999933781321,True
kitti_val,5286,005285.png,4,4,4,False,4.6406101184004456e-11,4.079998916495242e-08,0.9999999950538633,True
kitti_val,5293,005292.png,1,1,1,False,3.335942633242439e-11,3.199994580427301e-08,0.9999999988440661,True
kitti_val,5296,005295.png,4,4,4,False,4.070310755110995e-11,3.650001190180774e-08,0.9999999959686143,True
kitti_val,5299,005298.png,4,4,4,False,4.749994841901639e-11,3.200000264769187e-08,0.9999999945992809,True
kitti_val,5300,005299.png,3,3,3,False,4.703126776917088e-11,3.0899968805897515e-08,0.9999999942904995,True
kitti_val,5309,005308.png,5,5,5,False,4.960937216580419e-11,4.359999650205282e-08,0.9999999923175003,True
kitti_val,5310,005309.png,2,2,2,False,3.8125003154476644e-11,3.509995849526604e-08,0.9999999918718236,True
kitti_val,5320,005319.png,6,6,6,False,3.749989208046145e-11,3.199994580427301e-08,0.9999999968901896,True
kitti_val,5323,005322.png,4,4,4,False,3.7968739263760654e-11,3.200000264769187e-08,0.9999999946235033,True
kitti_val,5329,005328.png,2,2,2,False,3.335942633242439e-11,2.6999998681276338e-08,0.9999999928250357,True
kitti_val,5342,005341.png,1,1,1,False,3.3906322194354743e-11,2.4899918571463786e-08,0.9999999976186975,True
kitti_val,5343,005342.png,4,4,4,False,4.796875049950522e-11,3.200000264769187e-08,0.9999999912052675,True
kitti_val,5344,005343.png,2,2,2,False,3.554689875784334e-11,3.380006319275708e-08,0.9999999971685798,True
kitti_val,5346,005345.png,5,5,5,False,4.8906212413157846e-11,3.380000634933822e-08,0.9999999973640957,True
kitti_val,5348,005347.png,5,5,5,False,3.671873916033519e-11,3.200000264769187e-08,0.9999999949232812,True
kitti_val,5351,005350.png,7,7,7,False,4.843758727446357e-11,4.339995030022692e-08,0.999999996792782,True
kitti_val,5365,005364.png,3,3,3,False,4.94531082750882e-11,3.200000264769187e-08,0.9999999945159863,True
kitti_val,5366,005365.png,4,4,4,False,4.374999668099733e-11,3.240000978621538e-08,0.9999999967017557,True
kitti_val,5373,005372.png,2,2,2,False,4.265625352939395e-11,2.7499993393576005e-08,0.9999999969476407,True
kitti_val,5374,005373.png,3,3,3,False,4.734375044779249e-11,3.03000007306764e-08,0.9999999933943755,True
kitti_val,5377,005376.png,4,4,4,False,4.960937216580419e-11,3.200000264769187e-08,0.9999999945714964,True
kitti_val,5378,005377.png,3,3,3,False,3.687494753989995e-11,2.6599991542752832e-08,0.9999999951004992,True
kitti_val,5387,005386.png,14,14,14,False,4.898434435851584e-11,4.1099987413417693e-08,0.9999999891626784,True
kitti_val,5388,005387.png,2,2,2,False,4.914063600480745e-11,4.689997012974345e-08,0.9999999965143463,True
kitti_val,5397,005396.png,2,2,2,False,4.21874965517155e-11,3.050001851079287e-08,0.9999999949698996,True
kitti_val,5400,005399.png,6,6,6,False,4.593747604531018e-11,4.149998744651384e-08,0.999999993730292,True
kitti_val,5401,005400.png,4,4,4,False,4.4843795343751935e-11,3.199994580427301e-08,0.9999999947797414,True
kitti_val,5404,005403.png,15,15,15,False,4.8906247107627365e-11,4.1600003441999434e-08,0.9999999960371818,True
kitti_val,5406,005405.png,4,4,4,False,3.937500325790211e-11,3.199994580427301e-08,0.9999999936403924,True
kitti_val,5407,005406.png,5,5,5,False,3.984375329668666e-11,3.200005949111073e-08,0.9999999965613864,True
kitti_val,5412,005411.png,9,9,9,False,4.5078052401947843e-11,3.9099973037082236e-08,0.9999999987528179,True
kitti_val,5425,005424.png,1,1,1,False,3.335942633242439e-11,2.1299999986013063e-08,0.9999999963551154,True
kitti_val,5427,005426.png,14,14,14,False,4.7812531711599604e-11,3.9000042306724936e-08,0.999999987392217,True
kitti_val,5441,005440.png,2,2,2,False,4.5234371803815066e-11,4.3000056848541135e-08,0.9999999947810123,True
kitti_val,5445,005444.png,3,3,3,False,4.8750000564146134e-11,3.1200000805142736e-08,0.999999991766122,True
kitti_val,5452,005451.png,2,2,2,False,3.632810718912083e-11,1.8400001522422826e-08,0.9999999985049881,True
kitti_val,5464,005463.png,1,1,1,False,4.1406249956521535e-11,2.6500000416262992e-08,0.9999999955679828,True
kitti_val,5467,005466.png,7,7,7,False,4.874999709469918e-11,3.200000264769187e-08,0.9999999976240967,True
kitti_val,5477,005476.png,5,5,5,False,4.093747563160832e-11,3.200000264769187e-08,0.9999999924036063,True
kitti_val,5482,005481.png,10,10,10,False,4.9218629172287365e-11,4.0999964312504744e-08,0.9999999956502084,True
kitti_val,5483,005482.png,5,5,5,False,4.73436845283004e-11,3.200000264769187e-08,0.9999999968643537,True
kitti_val,5487,005486.png,7,7,7,False,4.2656250059947e-11,3.6300036754255416e-08,0.9999999959260266,True
kitti_val,5490,005489.png,4,4,4,False,4.531250374917306e-11,3.200005949111073e-08,0.9999999962557113,True
kitti_val,5502,005501.png,5,5,5,False,4.593753155646141e-11,4.139999987273768e-08,0.9999999926283384,True
kitti_val,5507,005506.png,2,2,2,False,3.335937082127316e-11,3.200000264769187e-08,0.9999999941753822,True
kitti_val,5511,005510.png,13,13,13,False,4.7656240065308e-11,4.140002829444711e-08,0.9999999932580446,True
kitti_val,5514,005513.png,2,2,2,False,4.304689937839612e-11,2.3300000151493805e-08,0.999999995012019,True
kitti_val,5516,005515.png,6,6,6,False,4.960937216580419e-11,4.599999670062971e-08,0.9999999946912662,True
kitti_val,5523,005522.png,1,1,1,False,4.406247589017198e-11,2.3000005455742212e-08,0.999999998154219,True
kitti_val,5533,005532.png,14,14,14,False,4.8593684631725864e-11,3.5600010050984565e-08,0.9999999943439545,True
kitti_val,5537,005536.png,5,5,5,False,4.67187399877389e-11,4.0300051296071615e-08,0.999999993042441,True
kitti_val,5541,005540.png,3,3,3,False,3.1406210965201353e-11,2.15999875763373e-08,0.9999999986778233,True
kitti_val,5543,005542.png,10,10,10,False,4.8906247107627365e-11,4.629998784366762e-08,0.9999999931048146,True
kitti_val,5547,005546.png,16,16,16,False,4.8281267872596345e-11,3.819997118625906e-08,0.9999999866185649,True
kitti_val,5552,005551.png,2,2,2,False,3.343750103190768e-11,3.200000264769187e-08,0.9999999907859201,True
kitti_val,5556,005555.png,2,2,2,False,4.320321878026334e-11,3.520005975587992e-08,0.9999999923380981,True
kitti_val,5562,005561.png,6,6,6,False,4.640625037022339e-11,3.200000264769187e-08,0.9999999954735174,True
kitti_val,5570,005569.png,4,4,4,False,4.3671871674533236e-11,3.3799992138483503e-08,0.9999999973230379,True
kitti_val,5574,005573.png,10,10,10,False,4.8906247107627365e-11,3.459996378296637e-08,0.9999999923222751,True
kitti_val,5582,005581.png,5,5,5,False,4.515625373624488e-11,3.200000264769187e-08,0.9999999937076757,True
kitti_val,5594,005593.png,2,2,2,False,4.2968767433038124e-11,2.7500021815285436e-08,0.9999999983174703,True
kitti_val,5596,005595.png,10,10,10,False,4.929687213994782e-11,4.630000205452234e-08,0.9999999917807167,True
kitti_val,5605,005604.png,10,10,10,False,4.9062420792722605e-11,3.9099973037082236e-08,0.9999999960600652,True
kitti_val,5606,005605.png,5,5,5,False,4.7656253943095805e-11,3.200000264769187e-08,0.9999999960973386,True
kitti_val,5609,005608.png,13,13,13,False,4.99219554583874e-11,3.3699961932143196e-08,0.9999999935545342,True
kitti_val,5615,005614.png,1,1,1,False,3.6093683597471227e-11,2.4299993128806818e-08,0.9999999951387276,True
kitti_val,5617,005616.png,4,4,4,False,4.929689989552344e-11,4.419999299898336e-08,0.9999999956084865,True
kitti_val,5618,005617.png,12,12,12,False,4.906250405944945e-11,4.5199954001873266e-08,0.9999999942776184,True
kitti_val,5620,005619.png,3,3,3,False,3.499989187361052e-11,3.200000264769187e-08,0.9999999947364182,True
kitti_val,5628,005627.png,6,6,6,False,4.8515635953094716e-11,3.2199977795244195e-08,0.999999996574396,True
kitti_val,5632,005631.png,9,9,9,False,4.9531156953719346e-11,4.3000000005122274e-08,0.9999999897156836,True
kitti_val,5656,005655.png,1,1,1,False,1.5156251254033748e-11,9.69999902622476e-09,0.9999999992198931,True
kitti_val,5660,005659.png,4,4,4,False,4.812494847072912e-11,3.6899962196912384e-08,0.9999999964073949,True
kitti_val,5670,005669.png,5,5,5,False,3.750000310276391e-11,2.659993469933397e-08,0.9999999933016327,True
kitti_val,5672,005671.png,1,1,1,False,3.718747532133193e-11,3.039997409359785e-08,0.9999999955571021,True
kitti_val,5673,005672.png,4,4,4,False,4.749999699127372e-11,3.200005949111073e-08,0.9999999974315567,True
kitti_val,5682,005681.png,1,1,1,False,3.328124928425602e-11,2.1299999986013063e-08,0.9999999976924885,True
kitti_val,5685,005684.png,3,3,3,False,4.843749012994891e-11,4.61000126961153e-08,0.9999999945719019,True
kitti_val,5686,005685.png,6,6,6,False,4.8749948522441855e-11,4.289995558792725e-08,0.9999999969117394,True
kitti_val,5687,005686.png,1,1,1,False,4.726563584966925e-11,2.5900007472046127e-08,0.9999999991580845,True
kitti_val,5690,005689.png,4,4,4,False,3.7031253063979364e-11,3.200000264769187e-08,0.9999999965376336,True
kitti_val,5691,005690.png,3,3,3,False,4.39843717003896e-11,3.200005949111073e-08,0.9999999903872486,True
kitti_val,5701,005700.png,10,10,10,False,4.890632343546031e-11,3.750000132640707e-08,0.999999994331925,True
kitti_val,5702,005701.png,2,2,2,False,4.109373952232431e-11,2.8800030804632115e-08,0.999999995791578,True
kitti_val,5712,005711.png,1,1,1,False,4.4453218883688805e-11,4.1000021155923605e-08,0.9999999979254676,True
kitti_val,5714,005713.png,2,2,2,False,3.335942633242439e-11,3.200005949111073e-08,0.9999999955087032,True
kitti_val,5724,005723.png,3,3,3,False,4.6093750344367024e-11,3.200000264769187e-08,0.9999999942945409,True
kitti_val,5726,005725.png,5,5,5,False,4.531250027972611e-11,3.3599974358367035e-08,0.9999999951099774,True
kitti_val,5728,005727.png,3,3,3,False,4.2500017394253575e-11,3.5499994055498973e-08,0.9999999956749053,True
kitti_val,5729,005728.png,10,10,10,False,4.7812500486577036e-11,4.149995902480441e-08,0.9999999959473317,True
kitti_val,5737,005736.png,4,4,4,False,3.906250323204574e-11,2.5000002068509275e-08,0.9999999960407356,True
kitti_val,5743,005742.png,3,3,3,False,3.921873936718612e-11,3.200005949111073e-08,0.9999999969687894,True
kitti_val,5744,005743.png,7,7,7,False,4.843750400773672e-11,4.5100080114934826e-08,0.9999999936128587,True
kitti_val,5751,005750.png,2,2,2,False,4.03906352808292e-11,3.200005949111073e-08,0.9999999913437454,True
kitti_val,5755,005754.png,11,11,11,False,4.937500408530582e-11,4.210005499771796e-08,0.9999999959813713,True
kitti_val,5756,005755.png,5,5,5,False,4.656250038315157e-11,3.470000820016139e-08,0.9999999943728186,True
kitti_val,5762,005761.png,11,11,11,False,4.968747635558657e-11,4.590000912685355e-08,0.999999995114219,True
kitti_val,5764,005763.png,3,3,3,False,4.445313561696196e-11,3.200000264769187e-08,0.9999999978489258,True
kitti_val,5768,005767.png,1,1,1,False,4.2031246538787315e-11,2.6899996896645462e-08,0.999999998111793,True
kitti_val,5769,005768.png,1,1,1,False,3.328125275370297e-11,2.13000106441541e-08,0.9999999995476444,True
kitti_val,5772,005771.png,9,9,9,False,4.9531254098234e-11,3.819997118625906e-08,0.9999999935313763,True
kitti_val,5775,005774.png,8,8,8,False,4.8281247055914633e-11,3.499998513234459e-08,0.9999999950860976,True
kitti_val,5777,005776.png,1,1,1,False,3.67968988612688e-11,3.439998863541405e-08,0.9999999978453711,True
kitti_val,5778,005777.png,9,9,9,False,4.921879570574106e-11,3.249999735999154e-08,0.9999999938619959,True
kitti_val,5779,005778.png,6,6,6,False,4.515623985845707e-11,3.199998843683716e-08,0.9999999962956165,True
kitti_val,5789,005788.png,6,6,6,False,4.9218754072377635e-11,4.050002644362394e-08,0.9999999941509977,True
kitti_val,5792,005791.png,11,11,11,False,4.6562503852598525e-11,3.999997488790541e-08,0.9999999952311575,True
kitti_val,5798,005797.png,6,6,6,False,4.9687504111162184e-11,3.200000264769187e-08,0.9999999937734556,True
kitti_val,5812,005811.png,6,6,6,False,4.992184443608494e-11,4.169998391034824e-08,0.9999999930750972,True
kitti_val,5813,005812.png,5,5,5,False,4.3984482722692064e-11,3.989998731412925e-08,0.9999999983662399,True
kitti_val,5821,005820.png,5,5,5,False,4.156250343889667e-11,2.6600005753607547e-08,0.999999998435841,True
kitti_val,5825,005824.png,4,4,4,False,4.843758727446357e-11,3.199994580427301e-08,0.9999999951321179,True
kitti_val,5828,005827.png,3,3,3,False,4.710942747010449e-11,3.200000264769187e-08,0.9999999932443057,True
kitti_val,5833,005832.png,6,6,6,False,4.578125378795761e-11,3.200000264769187e-08,0.9999999949589259,True
kitti_val,5834,005833.png,7,7,7,False,4.890625404652127e-11,3.80999836124829e-08,0.9999999913076384,True
kitti_val,5840,005839.png,3,3,3,False,4.953126797602181e-11,3.949998017560574e-08,0.9999999952351221,True
kitti_val,5845,005844.png,6,6,6,False,4.8750004033593086e-11,3.470006504358025e-08,0.9999999957201057,True
kitti_val,5851,005850.png,2,2,2,False,3.335942633242439e-11,2.1299999986013063e-08,0.9999999951824246,True
kitti_val,5855,005854.png,2,2,2,False,4.9687504111162184e-11,3.649995505838888e-08,0.9999999937875733,True
kitti_val,5856,005855.png,9,9,9,False,4.8828122101163274e-11,3.1999995542264514e-08,0.9999999958240009,True
kitti_val,5857,005856.png,1,1,1,False,4.710931644780203e-11,3.200005949111073e-08,0.9999999957321775,True
kitti_val,5858,005857.png,2,2,2,False,3.6562503025194815e-11,2.340000193612468e-08,0.9999999973491339,True
kitti_val,5871,005870.png,5,5,5,False,4.874999015580528e-11,3.200000264769187e-08,0.9999999949476699,True
kitti_val,5884,005883.png,1,1,1,False,3.335931531012193e-11,2.1299999986013063e-08,0.9999999969647432,True
kitti_val,5897,005896.png,1,1,1,False,3.546879456806096e-11,2.8800002382922685e-08,0.99999999270732,True
kitti_val,5900,005899.png,2,2,2,False,3.8515579614539774e-11,3.680003146655508e-08,0.9999999986037206,True
kitti_val,5903,005902.png,6,6,6,False,4.8437476252161105e-11,3.810004045590176e-08,0.9999999915387182,True
kitti_val,5906,005905.png,6,6,6,False,4.968749717226828e-11,3.179999907843012e-08,0.9999999945508744,True
kitti_val,5909,005908.png,8,8,8,False,4.73436845283004e-11,3.599996034608921e-08,0.9999999949061673,True
kitti_val,5917,005916.png,2,2,2,False,4.1328107602822683e-11,3.199994580427301e-08,0.999999994782665,True
kitti_val,5919,005918.png,6,6,6,False,4.88281637345267e-11,3.740001375263091e-08,0.9999999950282537,True
kitti_val,5920,005919.png,9,9,9,False,4.953126797602181e-11,4.3100044422317296e-08,0.9999999955809706,True
kitti_val,5926,005925.png,2,2,2,False,3.335931531012193e-11,2.1299999986013063e-08,0.9999999943814013,True
kitti_val,5951,005950.png,10,10,10,False,4.8593795654028327e-11,4.250000529282261e-08,0.9999999926346315,True
kitti_val,5962,005961.png,1,1,1,False,2.921873853978241e-11,1.869999266546074e-08,0.9999999998407616,True
kitti_val,5966,005965.png,6,6,6,False,4.7187587171038103e-11,3.0299986519821687e-08,0.9999999931340342,True
kitti_val,5969,005968.png,3,3,3,False,3.5468752934697534e-11,2.2700000101849582e-08,0.999999995600543,True
kitti_val,5975,005974.png,2,2,2,False,4.648437884613443e-11,3.339999921081471e-08,0.9999999967178751,True
kitti_val,5976,005975.png,5,5,5,False,4.6093750344367024e-11,3.8399946333811386e-08,0.9999999937784297,True
kitti_val,5981,005980.png,6,6,6,False,4.578125378795761e-11,3.9100001458791667e-08,0.9999999970503153,True
kitti_val,5987,005986.png,6,6,6,False,4.953126797602181e-11,3.7600017321892665e-08,0.9999999952664126,True
kitti_val,5989,005988.png,17,17,17,False,4.968750064171523e-11,3.8899997889529914e-08,0.9999999935567147,True
kitti_val,5995,005994.png,4,4,4,False,4.3281239703318874e-11,2.769999696283776e-08,0.9999999968600383,True
kitti_val,5997,005996.png,10,10,10,False,4.773437201066599e-11,3.579992835511803e-08,0.9999999956499738,True
kitti_val,6000,005999.png,7,7,7,False,3.4921898706130605e-11,3.200005949111073e-08,0.9999999967182733,True
kitti_val,6013,006012.png,1,1,1,False,3.335931531012193e-11,3.200000264769187e-08,0.9999999944816912,True
kitti_val,6015,006014.png,4,4,4,False,3.8203107344259024e-11,3.199994580427301e-08,0.9999999946409409,True
kitti_val,6025,006024.png,5,5,5,False,4.593750380088579e-11,3.6299979910836555e-08,0.9999999970719132,True
kitti_val,6046,006045.png,7,7,7,False,4.687500387845489e-11,3.000000248221113e-08,0.9999999971493051,True
kitti_val,6050,006049.png,2,2,2,False,3.48437528829848e-11,2.2300000068753434e-08,0.9999999962437998,True
kitti_val,6052,006051.png,6,6,6,False,4.968749717226828e-11,4.5800049974786816e-08,0.9999999928044444,True
kitti_val,6061,006060.png,10,10,10,False,4.8984372114091457e-11,3.200005949111073e-08,0.999999995398545,True
kitti_val,6062,006061.png,2,2,2,False,4.632816352767577e-11,2.2200026705831988e-08,0.9999999953371334,True
kitti_val,6067,006066.png,8,8,8,False,4.242189932668339e-11,3.0799981232121354e-08,0.9999999965336622,True
kitti_val,6069,006068.png,6,6,6,False,4.8750004033593086e-11,3.200000264769187e-08,0.9999999970794038,True
kitti_val,6078,006077.png,11,11,11,False,4.9531240220446193e-11,3.200000264769187e-08,0.999999995197664,True
kitti_val,6087,006086.png,2,2,2,False,3.625000299933845e-11,3.200005949111073e-08,0.9999999982452331,True
kitti_val,6092,006091.png,1,1,1,False,3.8671843505255765e-11,3.679997462313622e-08,0.999999997123863,True
kitti_val,6096,006095.png,4,4,4,False,4.937500408530582e-11,3.199994580427301e-08,0.9999999965524872,True
kitti_val,6100,006099.png,3,3,3,False,3.335931531012193e-11,2.1300024855008814e-08,0.9999999978306676,True
kitti_val,6108,006107.png,2,2,2,False,3.554689875784334e-11,3.2900004498515045e-08,0.9999999964039578,True
kitti_val,6118,006117.png,7,7,7,False,4.93749763297302e-11,3.200000264769187e-08,0.9999999979184908,True
kitti_val,6122,006121.png,16,16,16,False,4.859376789845271e-11,4.250000529282261e-08,0.9999999949056644,True
kitti_val,6124,006123.png,7,7,7,False,3.8593794826624617e-11,3.479999577393755e-08,0.999999994327563,True
kitti_val,6126,006125.png,4,4,4,False,4.6093750344367024e-11,3.409999749237613e-08,0.999999994827067,True
kitti_val,6129,006128.png,2,2,2,False,4.968749717226828e-11,3.179999907843012e-08,0.9999999981550939,True
kitti_val,6132,006131.png,1,1,1,False,3.335942633242439e-11,2.1299999986013063e-08,0.9999999968229816,True
kitti_val,6133,006132.png,2,2,2,False,3.77343989388379e-11,2.550000033352262e-08,0.9999999940872328,True
kitti_val,6141,006140.png,2,2,2,False,4.90625005900025e-11,4.269998044037493e-08,0.9999999924647154,True
kitti_val,6150,006149.png,7,7,7,False,4.7968740091164364e-11,3.200000264769187e-08,0.9999999942524076,True
kitti_val,6151,006150.png,9,9,9,False,4.562500377502943e-11,3.920001745427726e-08,0.9999999968775174,True
kitti_val,6152,006151.png,1,1,1,False,4.726563584966925e-11,4.409997700349777e-08,0.9999999986899806,True
kitti_val,6163,006162.png,5,5,5,False,4.8515635953094716e-11,4.1600003441999434e-08,0.9999999946857349,True
kitti_val,6172,006171.png,1,1,1,False,3.328125275370297e-11,2.1300001762369902e-08,0.9999999962399551,True
kitti_val,6173,006172.png,9,9,9,False,4.890626792430908e-11,3.200000264769187e-08,0.9999999964160193,True
kitti_val,6176,006175.png,5,5,5,False,4.921874019458983e-11,3.0199998946045525e-08,0.9999999954161275,True
kitti_val,6177,006176.png,8,8,8,False,4.8046844280946743e-11,3.579992835511803e-08,0.9999999943439382,True
kitti_val,6187,006186.png,7,7,7,False,4.9062420792722605e-11,4.459998592665215e-08,0.9999999972450759,True
kitti_val,6189,006188.png,1,1,1,False,3.328126663149078e-11,2.1300024855008814e-08,0.9999999975469541,True
kitti_val,6203,006202.png,11,11,11,False,4.890625404652127e-11,3.9699983744867495e-08,0.9999999958941447,True
kitti_val,6208,006207.png,1,1,1,False,4.5156246797350974e-11,3.650001190180774e-08,0.9999999972124931,True
kitti_val,6215,006214.png,3,3,3,False,4.812494847072912e-11,3.750000132640707e-08,0.9999999956105318,True
kitti_val,6216,006215.png,1,1,1,False,4.12499964741464e-11,2.6399998631632116e-08,0.9999999988335654,True
kitti_val,6219,006218.png,2,2,2,False,4.8359316551227494e-11,4.3800014282169286e-08,0.9999999923537979,True
kitti_val,6222,006221.png,7,7,7,False,4.851569146424595e-11,3.920001745427726e-08,0.9999999946602562,True
kitti_val,6228,006227.png,2,2,2,False,3.882812821265347e-11,3.200000264769187e-08,0.9999999977405151,True
kitti_val,6230,006229.png,4,4,4,False,4.210942705640264e-11,3.200005949111073e-08,0.9999999911452742,True
kitti_val,6235,006234.png,2,2,2,False,4.1328163113973915e-11,2.8200020096846856e-08,0.9999999973146657,True
kitti_val,6254,006253.png,6,6,6,False,4.7656250473648853e-11,3.389999392311438e-08,0.9999999947062119,True
kitti_val,6257,006256.png,12,12,12,False,4.546875029265429e-11,4.040009571326664e-08,0.9999999903051282,True
kitti_val,6258,006257.png,4,4,4,False,4.8125003981880354e-11,3.200000264769187e-08,0.9999999957046674,True
kitti_val,6264,006263.png,6,6,6,False,4.437499673271006e-11,3.200000264769187e-08,0.9999999947187039,True
kitti_val,6268,006267.png,3,3,3,False,4.95312471593401e-11,3.169999729379924e-08,0.9999999954612954,True
kitti_val,6279,006278.png,6,6,6,False,4.7968740091164364e-11,3.589997277231305e-08,0.9999999951932208,True
kitti_val,6299,006298.png,7,7,7,False,4.921875060293068e-11,4.000003173132427e-08,0.9999999912352951,True
kitti_val,6300,006299.png,1,1,1,False,3.7890635073978274e-11,1.8600019302539295e-08,0.9999999985932783,True
kitti_val,6306,006305.png,4,4,4,False,4.4921899533534315e-11,3.200000264769187e-08,0.9999999935871856,True
kitti_val,6313,006312.png,9,9,9,False,4.937500408530582e-11,3.200000264769187e-08,0.9999999951014097,True
kitti_val,6319,006318.png,1,1,1,False,4.8281247055914633e-11,3.0899997227606946e-08,0.9999999969494077,True
kitti_val,6326,006325.png,2,2,2,False,3.335942633242439e-11,2.179996272388962e-08,0.9999999972192997,True
kitti_val,6328,006327.png,1,1,1,False,3.328125275370297e-11,2.1299996433299384e-08,0.9999999993230926,True
kitti_val,6343,006342.png,11,11,11,False,4.914062212701964e-11,3.200000264769187e-08,0.9999999960823137,True
kitti_val,6346,006345.png,13,13,13,False,4.9374997146411914e-11,4.2300001723560854e-08,0.9999999930109988,True
kitti_val,6354,006353.png,2,2,2,False,4.9843768001878175e-11,3.209999022146803e-08,0.9999999931801964,True
kitti_val,6355,006354.png,1,1,1,False,4.3281239703318874e-11,3.6299923067417694e-08,0.9999999985703142,True
kitti_val,6364,006363.png,5,5,5,False,4.8593795654028327e-11,3.200000264769187e-08,0.9999999946985172,True
kitti_val,6366,006365.png,12,12,12,False,4.4062642423625675e-11,3.200000264769187e-08,0.9999999961995537,True
kitti_val,6371,006370.png,6,6,6,False,4.1250003413040304e-11,3.200000264769187e-08,0.9999999954218798,True
kitti_val,6378,006377.png,2,2,2,False,3.5000002895912985e-11,2.1300001762369902e-08,0.9999999956900107,True
kitti_val,6386,006385.png,4,4,4,False,4.914063600480745e-11,3.130000081341677e-08,0.9999999946532834,True
kitti_val,6396,006395.png,9,9,9,False,4.9687490233374376e-11,4.130001229896152e-08,0.9999999942751885,True
kitti_val,6402,006401.png,14,14,14,False,4.88281637345267e-11,3.2100018643177464e-08,0.999999993732048,True
kitti_val,6409,006408.png,7,7,7,False,4.921874713348373e-11,3.200000264769187e-08,0.9999999930101147,True
kitti_val,6410,006409.png,3,3,3,False,4.8593754020664903e-11,3.11000007968687e-08,0.9999999976973152,True
kitti_val,6411,006410.png,7,7,7,False,4.992189994723617e-11,3.200000264769187e-08,0.9999999939895169,True
kitti_val,6415,006414.png,2,2,2,False,3.796874620265456e-11,3.200000264769187e-08,0.9999999934014281,True
kitti_val,6416,006415.png,4,4,4,False,4.500000025386974e-11,3.200000264769187e-08,0.9999999938110112,True
kitti_val,6418,006417.png,5,5,5,False,4.023437139011321e-11,3.200000264769187e-08,0.9999999933059976,True
kitti_val,6419,006418.png,6,6,6,False,4.289069099883136e-11,3.200000264769187e-08,0.999999991796819,True
kitti_val,6424,006423.png,9,9,9,False,5.000000413701855e-11,4.199995373710408e-08,0.9999999950113742,True
kitti_val,6425,006424.png,12,12,12,False,4.8671844332659475e-11,4.250003371453204e-08,0.9999999929957308,True
kitti_val,6448,006447.png,6,6,6,False,4.984379575745379e-11,4.680003939938615e-08,0.9999999942115101,True
kitti_val,6449,006448.png,5,5,5,False,4.992184443608494e-11,4.669999498219113e-08,0.9999999944877502,True
kitti_val,6455,006454.png,4,4,4,False,4.781249007823618e-11,3.200000264769187e-08,0.9999999974355573,True
kitti_val,6461,006460.png,3,3,3,False,4.9218754072377635e-11,3.150000082996485e-08,0.9999999973992454,True
kitti_val,6464,006463.png,5,5,5,False,4.781250395602399e-11,3.2999992072291207e-08,0.9999999959681711,True
kitti_val,6471,006470.png,5,5,5,False,4.8593740142877095e-11,3.11000007968687e-08,0.9999999970173702,True
kitti_val,6476,006475.png,12,12,12,False,4.9687490233374376e-11,3.2999992072291207e-08,0.9999999957227854,True
kitti_val,6480,006479.png,3,3,3,False,4.2968753555250316e-11,3.200000264769187e-08,0.9999999966396279,True
kitti_val,6485,006484.png,2,2,2,False,3.687494753989995e-11,2.13999999942871e-08,0.9999999943597757,True
kitti_val,6488,006487.png,3,3,3,False,4.9531254098234e-11,3.300000628314592e-08,0.9999999969264467,True
kitti_val,6497,006496.png,10,10,10,False,5.000000413701855e-11,4.290001243134611e-08,0.9999999954897205,True
kitti_val,6500,006499.png,2,2,2,False,4.749997617459201e-11,3.200000264769187e-08,0.9999999991669417,True
kitti_val,6509,006508.png,7,7,7,False,4.4765635642818324e-11,3.389999392311438e-08,0.9999999960371646,True
kitti_val,6511,006510.png,1,1,1,False,4.703125042193612e-11,3.009999893777149e-08,0.9999999951889449,True
kitti_val,6513,006512.png,3,3,3,False,4.1328163113973915e-11,3.200005949111073e-08,0.9999999956423239,True
kitti_val,6514,006513.png,6,6,6,False,4.1484371493538674e-11,3.860003516820143e-08,0.9999999960325198,True
kitti_val,6516,006515.png,4,4,4,False,4.453123980674434e-11,3.380000634933822e-08,0.9999999976659384,True
kitti_val,6520,006519.png,11,11,11,False,4.882813597895108e-11,3.830000849802673e-08,0.999999996037936,True
kitti_val,6529,006528.png,12,12,12,False,4.976563605652018e-11,3.200000264769187e-08,0.9999999932295502,True
kitti_val,6535,006534.png,5,5,5,False,4.8046899792097975e-11,2.3899985990283312e-08,0.9999999960521507,True
kitti_val,6536,006535.png,9,9,9,False,4.9687504111162184e-11,3.7600017321892665e-08,0.999999996079526,True
kitti_val,6539,006538.png,6,6,6,False,4.58593787944217e-11,3.3300000978897515e-08,0.9999999958743315,True
kitti_val,6544,006543.png,6,6,6,False,4.976574707882264e-11,4.5100023271515965e-08,0.9999999946893228,True
kitti_val,6545,006544.png,4,4,4,False,4.9218754072377635e-11,4.020000687887659e-08,0.9999999917913525,True
kitti_val,6548,006547.png,2,2,2,False,3.984373941889885e-11,3.199998843683716e-08,0.9999999963084593,True
kitti_val,6549,006548.png,4,4,4,False,4.21874965517155e-11,3.200000264769187e-08,0.9999999964238013,True
kitti_val,6555,006554.png,2,2,2,False,4.1406253425968487e-11,3.199998843683716e-08,0.9999999951684084,True
kitti_val,6562,006561.png,3,3,3,False,4.546874682320734e-11,2.9100000631387957e-08,0.999999995335571,True
kitti_val,6566,006565.png,2,2,2,False,3.5312530677344967e-11,2.5400026970601175e-08,0.99999999011633,True
kitti_val,6569,006568.png,10,10,10,False,4.687500387845489e-11,4.200003900223237e-08,0.9999999961518847,True
kitti_val,6573,006572.png,3,3,3,False,3.335931531012193e-11,3.200000264769187e-08,0.9999999960836046,True
kitti_val,6575,006574.png,3,3,3,False,3.8125058665627876e-11,2.430004997222568e-08,0.999999991865564,True
kitti_val,6580,006579.png,1,1,1,False,3.335931531012193e-11,3.200000264769187e-08,0.9999999960434278,True
kitti_val,6581,006580.png,1,1,1,False,4.2343753503537584e-11,2.7100000465907215e-08,0.9999999975123081,True
kitti_val,6582,006581.png,4,4,4,False,4.4531267562319954e-11,3.200000264769187e-08,0.9999999962412671,True
kitti_val,6589,006588.png,7,7,7,False,4.000000330961484e-11,3.200000264769187e-08,0.9999999964262027,True
kitti_val,6594,006593.png,5,5,5,False,4.640625383967034e-11,3.200005949111073e-08,0.9999999877725408,True
kitti_val,6597,006596.png,1,1,1,False,3.335937082127316e-11,2.1300001762369902e-08,0.9999999940545173,True
kitti_val,6600,006599.png,4,4,4,False,4.9140580493656216e-11,3.520000291246106e-08,0.9999999935683707,True
kitti_val,6618,006617.png,6,6,6,False,4.8671844332659475e-11,3.8900054732948774e-08,0.9999999927348533,True
kitti_val,6619,006618.png,4,4,4,False,4.953126797602181e-11,3.4199956644442864e-08,0.9999999953864417,True
kitti_val,6629,006628.png,8,8,8,False,4.9843768001878175e-11,4.130001229896152e-08,0.9999999956082043,True
kitti_val,6633,006632.png,8,8,8,False,4.94531082750882e-11,3.199994580427301e-08,0.9999999923146992,True
kitti_val,6637,006636.png,1,1,1,False,3.328126663149078e-11,2.1300024855008814e-08,0.9999999937932907,True
kitti_val,6639,006638.png,8,8,8,False,4.8750004033593086e-11,4.019997845716716e-08,0.9999999971378188,True
kitti_val,6643,006642.png,10,10,10,False,4.8593740142877095e-11,3.799996761699731e-08,0.9999999919039985,True
kitti_val,6646,006645.png,3,3,3,False,4.906264283732753e-11,3.200000264769187e-08,0.9999999946600875,True
kitti_val,6650,006649.png,8,8,8,False,4.21875034906094e-11,3.3799992138483503e-08,0.9999999945641582,True
kitti_val,6655,006654.png,2,2,2,False,4.5390580183379825e-11,3.949998017560574e-08,0.9999999987958795,True
kitti_val,6657,006656.png,1,1,1,False,4.8593684631725864e-11,4.5799993131367955e-08,0.9999999985888177,True
kitti_val,6661,006660.png,12,12,12,False,4.9687504111162184e-11,4.390000185594545e-08,0.9999999961939422,True
kitti_val,6664,006663.png,8,8,8,False,4.2343739625749777e-11,3.200005949111073e-08,0.9999999962097161,True
kitti_val,6668,006667.png,5,5,5,False,4.570316347596304e-11,3.5499994055498973e-08,0.9999999944882475,True
kitti_val,6676,006675.png,3,3,3,False,3.390626668320351e-11,3.199994580427301e-08,0.9999999935829947,True
kitti_val,6678,006677.png,1,1,1,False,3.382816249342113e-11,2.1299999986013063e-08,0.9999999979566232,True
kitti_val,6679,006678.png,10,10,10,False,4.757805260879877e-11,3.319996721984353e-08,0.9999999948466473,True
kitti_val,6682,006681.png,3,3,3,False,3.585942653927532e-11,3.200005949111073e-08,0.9999999967488242,True
kitti_val,6686,006685.png,1,1,1,False,4.046873947061158e-11,2.770002538454719e-08,0.9999999984799791,True
kitti_val,6687,006686.png,4,4,4,False,4.843750400773672e-11,3.200000264769187e-08,0.9999999949055246,True
kitti_val,6691,006690.png,3,3,3,False,4.265621189603053e-11,3.200000264769187e-08,0.9999999950605047,True
kitti_val,6692,006691.png,1,1,1,False,4.8828108223375466e-11,2.4799987841106486e-08,0.999999997238927,True
kitti_val,6700,006699.png,5,5,5,False,4.843750400773672e-11,4.020001220794711e-08,0.9999999956057198,True
kitti_val,6704,006703.png,8,8,8,False,4.976563605652018e-11,3.880001031575375e-08,0.9999999976035042,True
kitti_val,6707,006706.png,2,2,2,False,4.296873967746251e-11,2.7499993393576005e-08,0.9999999960797639,True
kitti_val,6709,006708.png,3,3,3,False,4.367189943010885e-11,3.199994580427301e-08,0.9999999925482099,True
kitti_val,6712,006711.png,1,1,1,False,4.718749696541735e-11,3.040000251530728e-08,0.9999999965092015,True
kitti_val,6720,006719.png,3,3,3,False,3.4765634815414614e-11,3.200000264769187e-08,0.9999999979732331,True
kitti_val,6721,006720.png,3,3,3,False,4.781250395602399e-11,3.200005949111073e-08,0.9999999971091623,True
kitti_val,6722,006721.png,14,14,14,False,4.9687504111162184e-11,3.9700012166576926e-08,0.999999995447587,True
kitti_val,6729,006728.png,10,10,10,False,4.8281247055914633e-11,3.200000264769187e-08,0.9999999865334643,True
kitti_val,6745,006744.png,4,4,4,False,4.5078163424250306e-11,3.469995135674253e-08,0.9999999908325475,True
kitti_val,6747,006746.png,8,8,8,False,3.953137817092056e-11,3.200000264769187e-08,0.999999997881546,True
kitti_val,6752,006751.png,5,5,5,False,4.703125042193612e-11,3.520000291246106e-08,0.9999999942654741,True
kitti_val,6757,006756.png,6,6,6,False,4.765621230973238e-11,4.270000886208436e-08,0.9999999951548605,True
kitti_val,6769,006768.png,8,8,8,False,4.843758727446357e-11,4.189996616332792e-08,0.9999999936362174,True
kitti_val,6770,006769.png,7,7,7,False,4.476560788724271e-11,3.2199977795244195e-08,0.9999999971653726,True
kitti_val,6774,006773.png,3,3,3,False,4.156249996944972e-11,2.659999864818019e-08,0.9999999921360282,True
kitti_val,6776,006775.png,7,7,7,False,4.625000382674216e-11,3.250002578170097e-08,0.9999999949696722,True
kitti_val,6778,006777.png,2,2,2,False,4.656253160817414e-11,3.200000264769187e-08,0.9999999922402055,True
kitti_val,6781,006780.png,13,13,13,False,4.914063600480745e-11,4.219998572807526e-08,0.9999999917485064,True
kitti_val,6788,006787.png,6,6,6,False,4.953125062878705e-11,3.200005949111073e-08,0.9999999946280754,True
kitti_val,6792,006791.png,6,6,6,False,4.867187208823509e-11,4.0599999806545384e-08,0.999999994807475,True
kitti_val,6793,006792.png,2,2,2,False,4.906249712055555e-11,3.139999904533397e-08,0.9999999940136776,True
kitti_val,6794,006793.png,2,2,2,False,3.843750318033301e-11,3.1999995542264514e-08,0.9999999957400861,True
kitti_val,6811,006810.png,9,9,9,False,4.4765635642818324e-11,3.66999302059412e-08,0.999999995192474,True
kitti_val,6819,006818.png,4,4,4,False,4.8593740142877095e-11,3.1099986586013983e-08,0.9999999965169515,True
kitti_val,6821,006820.png,11,11,11,False,4.710931644780203e-11,3.200005949111073e-08,0.999999993311713,True
kitti_val,6826,006825.png,3,3,3,False,4.8125003981880354e-11,2.90999935259606e-08,0.9999999938391774,True
kitti_val,6827,006826.png,4,4,4,False,4.656249691370462e-11,2.9799998912949377e-08,0.9999999942924307,True
kitti_val,6831,006830.png,1,1,1,False,4.593753155646141e-11,2.9400013090707944e-08,0.9999999995267025,True
kitti_val,6834,006833.png,20,20,20,False,4.968750064171523e-11,3.780002089115442e-08,0.999999989479923,True
kitti_val,6842,006841.png,3,3,3,False,4.890632343546031e-11,4.3700026708393125e-08,0.999999995676076,True
kitti_val,6843,006842.png,11,11,11,False,4.8828108223375466e-11,4.199998215881351e-08,0.9999999902819036,True
kitti_val,6844,006843.png,9,9,9,False,4.8125059493031586e-11,3.209999022146803e-08,0.9999999916333671,True
kitti_val,6846,006845.png,10,10,10,False,4.8750004033593086e-11,4.190002300674678e-08,0.9999999968739789,True
kitti_val,6847,006846.png,7,7,7,False,4.843750053828977e-11,3.099999901223782e-08,0.9999999953680716,True
kitti_val,6850,006849.png,4,4,4,False,4.531249681027916e-11,2.899999884675708e-08,0.9999999881896036,True
kitti_val,6860,006859.png,9,9,9,False,4.718747614873564e-11,4.06000140174001e-08,0.9999999850683181,True
kitti_val,6865,006864.png,10,10,10,False,4.984374024630256e-11,4.010001930510043e-08,0.999999996296222,True
kitti_val,6871,006870.png,8,8,8,False,4.968749717226828e-11,3.25999849337677e-08,0.9999999942989746,True
kitti_val,6884,006883.png,3,3,3,False,3.8750003206189376e-11,2.3600001952672756e-08,0.9999999960704606,True
kitti_val,6885,006884.png,1,1,1,False,2.390621034464857e-11,1.489996748205158e-08,0.9999999978239932,True
kitti_val,6894,006893.png,1,1,1,False,3.328132214264201e-11,2.1300024855008814e-08,0.9999999921430227,True
kitti_val,6896,006895.png,5,5,5,False,4.578125378795761e-11,3.200000264769187e-08,0.999999994691006,True
kitti_val,6902,006901.png,1,1,1,False,1.9218751590166505e-11,1.2299999241349724e-08,0.9999999994299944,True
kitti_val,6904,006903.png,1,1,1,False,4.8593740142877095e-11,3.11000007968687e-08,0.9999999989681554,True
kitti_val,6909,006908.png,9,9,9,False,4.828124011702073e-11,3.859997832478257e-08,0.9999999918607191,True
kitti_val,6910,006909.png,5,5,5,False,3.921873936718612e-11,3.200000264769187e-08,0.9999999965359512,True
kitti_val,6912,006911.png,8,8,8,False,4.937505959645705e-11,3.9600024592800764e-08,0.999999992879706,True
kitti_val,6914,006913.png,4,4,4,False,3.625000299933845e-11,3.200000264769187e-08,0.9999999955855673,True
kitti_val,6918,006917.png,5,5,5,False,4.7656323332034844e-11,3.740001375263091e-08,0.9999999963914988,True
kitti_val,6928,006927.png,7,7,7,False,4.67187399877389e-11,3.200000264769187e-08,0.9999999959969212,True
kitti_val,6932,006931.png,1,1,1,False,4.156249996944972e-11,3.200000264769187e-08,0.9999999933824805,True
kitti_val,6933,006932.png,16,16,16,False,4.984375412409037e-11,3.8200028029677924e-08,0.9999999843162355,True
kitti_val,6935,006934.png,1,1,1,False,3.3281259692596876e-11,2.1300003538726742e-08,0.9999999991663854,True
kitti_val,6940,006939.png,5,5,5,False,4.1874947953601804e-11,3.339999921081471e-08,0.9999999932873656,True
kitti_val,6947,006946.png,2,2,2,False,3.859374625436729e-11,2.4700000267330324e-08,0.9999999966612597,True
kitti_val,6949,006948.png,8,8,8,False,4.8046899792097975e-11,4.139997145102825e-08,0.9999999938230824,True
kitti_val,6952,006951.png,1,1,1,False,4.593750380088579e-11,2.939999887985323e-08,0.9999999989263223,True
kitti_val,6963,006962.png,4,4,4,False,4.8046844280946743e-11,3.200000264769187e-08,0.9999999892931772,True
kitti_val,6991,006990.png,7,7,7,False,4.968758737788903e-11,3.4300001061637886e-08,0.9999999962404653,True
kitti_val,6993,006992.png,13,13,13,False,4.859376789845271e-11,3.200000264769187e-08,0.9999999964419631,True
kitti_val,6997,006996.png,5,5,5,False,4.664058028680529e-11,2.4999998515795596e-08,0.9999999941616009,True
kitti_val,7004,007003.png,9,9,9,False,4.8750004033593086e-11,3.200005949111073e-08,0.9999999938299623,True
kitti_val,7005,007004.png,6,6,6,False,4.992178892493371e-11,3.459996378296637e-08,0.9999999955325259,True
kitti_val,7015,007014.png,9,9,9,False,4.874997627801747e-11,3.200005949111073e-08,0.9999999915455027,True
kitti_val,7021,007020.png,4,4,4,False,4.625000382674216e-11,4.2499976871113176e-08,0.9999999952493716,True
kitti_val,7022,007021.png,7,7,7,False,4.94531082750882e-11,3.450000463089964e-08,0.9999999930836946,True
kitti_val,7025,007024.png,2,2,2,False,3.335937082127316e-11,2.1300001762369902e-08,0.9999999953040641,True
kitti_val,7026,007025.png,2,2,2,False,3.578123908276609e-11,3.200000264769187e-08,0.9999999987202375,True
kitti_val,7027,007026.png,9,9,9,False,4.9218754072377635e-11,3.209999022146803e-08,0.9999999911270934,True
kitti_val,7035,007034.png,5,5,5,False,4.695310806823727e-11,3.680000304484565e-08,0.9999999950974584,True
kitti_val,7045,007044.png,4,4,4,False,4.9375000615858866e-11,3.200005949111073e-08,0.9999999928325765,True
kitti_val,7057,007056.png,7,7,7,False,4.046875334839939e-11,3.200000264769187e-08,0.99999999115874,True
kitti_val,7062,007061.png,6,6,6,False,4.593750033143884e-11,3.9100001458791667e-08,0.9999999899786693,True
kitti_val,7066,007065.png,6,6,6,False,4.578125378795761e-11,3.200005949111073e-08,0.9999999976883892,True
kitti_val,7067,007066.png,6,6,6,False,4.656247609702291e-11,3.200000264769187e-08,0.9999999941122576,True
kitti_val,7070,007069.png,9,9,9,False,4.5390580183379825e-11,3.200000264769187e-08,0.9999999954948537,True
kitti_val,7076,007075.png,1,1,1,False,4.437500367160396e-11,2.8400002349826536e-08,0.9999999991145807,True
kitti_val,7077,007076.png,1,1,1,False,1.2968751073039186e-11,8.300006015815597e-09,0.999999999836555,True
kitti_val,7079,007078.png,2,2,2,False,4.9687504111162184e-11,3.139999193990661e-08,0.9999999979915812,True
kitti_val,7081,007080.png,1,1,1,False,4.335937164867687e-11,2.850001123988477e-08,0.9999999946277958,True
kitti_val,7083,007082.png,1,1,1,False,4.312494805702727e-11,2.8999920687056147e-08,0.9999999967546116,True
kitti_val,7085,007084.png,1,1,1,False,4.31250035681785e-11,3.719998176165973e-08,0.9999999978621608,True
kitti_val,7087,007086.png,1,1,1,False,3.726557951111431e-11,2.15999875763373e-08,0.9999999910375883,True
kitti_val,7088,007087.png,9,9,9,False,4.328125011165973e-11,3.4299944218219025e-08,0.9999999946668342,True
kitti_val,7097,007096.png,6,6,6,False,4.054689917154519e-11,3.200000264769187e-08,0.9999999952875569,True
kitti_val,7102,007101.png,15,15,15,False,4.9531254098234e-11,4.1699991015775595e-08,0.9999999955931063,True
kitti_val,7104,007103.png,2,2,2,False,3.4062499348896935e-11,2.180000002738325e-08,0.9999999974856469,True
kitti_val,7116,007115.png,1,1,1,False,1.4531251202321016e-11,9.30000076948545e-09,0.9999999983957478,True
kitti_val,7117,007116.png,4,4,4,False,4.640624690077644e-11,4.190002300674678e-08,0.9999999962473624,True
kitti_val,7122,007121.png,11,11,11,False,4.8906247107627365e-11,3.600001718950807e-08,0.9999999940474558,True
kitti_val,7125,007124.png,7,7,7,False,4.5156250266797926e-11,4.0099990883391e-08,0.9999999932604277,True
kitti_val,7129,007128.png,6,6,6,False,4.94531082750882e-11,3.6399967484612716e-08,0.9999999945718349,True
kitti_val,7130,007129.png,7,7,7,False,4.726563584966925e-11,4.490001970225421e-08,0.999999992113346,True
kitti_val,7131,007130.png,2,2,2,False,3.6718753038123e-11,2.350000016804188e-08,0.9999999983740303,True
kitti_val,7132,007131.png,9,9,9,False,4.953121246487058e-11,3.709999418788357e-08,0.9999999944354102,True
kitti_val,7149,007148.png,5,5,5,False,3.890625321911756e-11,3.609994791986537e-08,0.9999999957671358,True
kitti_val,7151,007150.png,1,1,1,False,4.5156246797350974e-11,3.9099973037082236e-08,0.9999999977766162,True
kitti_val,7158,007157.png,4,4,4,False,4.8515635953094716e-11,3.319996721984353e-08,0.9999999957392967,True
kitti_val,7163,007162.png,8,8,8,False,4.734379555060286e-11,4.219998572807526e-08,0.9999999952864832,True
kitti_val,7166,007165.png,5,5,5,False,4.9453136030663813e-11,3.200005949111073e-08,0.9999999916375446,True
kitti_val,7170,007169.png,8,8,8,False,4.375000361989123e-11,3.200000264769187e-08,0.9999999964028966,True
kitti_val,7172,007171.png,7,7,7,False,4.8515635953094716e-11,3.200005949111073e-08,0.9999999936948978,True
kitti_val,7173,007172.png,3,3,3,False,4.5468753762101244e-11,4.019995003545773e-08,0.9999999959792875,True
kitti_val,7178,007177.png,8,8,8,False,4.5937498596715365e-11,3.200005949111073e-08,0.9999999937756655,True
kitti_val,7183,007182.png,11,11,11,False,4.828124011702073e-11,3.680003146655508e-08,0.9999999914287065,True
kitti_val,7188,007187.png,1,1,1,False,3.38281069822699e-11,2.1299999986013063e-08,0.9999999961948058,True
kitti_val,7190,007189.png,5,5,5,False,4.718749696541735e-11,4.320000357438403e-08,0.9999999957154508,True
kitti_val,7198,007197.png,2,2,2,False,4.6250000357295207e-11,4.1699991015775595e-08,0.999999989368303,True
kitti_val,7207,007206.png,6,6,6,False,4.429684397067035e-11,3.200000264769187e-08,0.9999999916633352,True
kitti_val,7210,007209.png,13,13,13,False,4.8906247107627365e-11,3.579998519853689e-08,0.9999999927889636,True
kitti_val,7211,007210.png,9,9,9,False,4.968747635558657e-11,4.219999993892998e-08,0.9999999971216333,True
kitti_val,7212,007211.png,4,4,4,False,4.515623985845707e-11,3.200000264769187e-08,0.9999999971509517,True
kitti_val,7214,007213.png,3,3,3,False,4.8749893011290624e-11,3.200000264769187e-08,0.9999999970504112,True
kitti_val,7217,007216.png,6,6,6,False,4.906253181502507e-11,4.669999498219113e-08,0.9999999965077984,True
kitti_val,7228,007227.png,2,2,2,False,3.3281251018979496e-11,2.1300000874191483e-08,0.9999999945875042,True
kitti_val,7229,007228.png,13,13,13,False,4.984379575745379e-11,3.200005949111073e-08,0.999999995357379,True
kitti_val,7231,007230.png,5,5,5,False,4.906253181502507e-11,4.69000127623076e-08,0.9999999900507242,True
kitti_val,7234,007233.png,11,11,11,False,4.710937195895326e-11,3.199994580427301e-08,0.9999999930429775,True
kitti_val,7242,007241.png,4,4,4,False,4.843750400773672e-11,3.099999901223782e-08,0.9999999963495212,True
kitti_val,7244,007243.png,13,13,13,False,4.9218754072377635e-11,4.189996616332792e-08,0.999999993089742,True
kitti_val,7250,007249.png,6,6,6,False,4.265625352939395e-11,3.009999716141465e-08,0.9999999959453275,True
kitti_val,7253,007252.png,3,3,3,False,3.335942633242439e-11,3.200000264769187e-08,0.9999999969701638,True
kitti_val,7254,007253.png,1,1,1,False,3.328125275370297e-11,2.1300003538726742e-08,0.9999999984139095,True
kitti_val,7258,007257.png,1,1,1,False,3.335931531012193e-11,2.1299999986013063e-08,0.9999999961302652,True
kitti_val,7259,007258.png,3,3,3,False,3.437494733304902e-11,2.7599980967352167e-08,0.9999999969827704,True
kitti_val,7260,007259.png,7,7,7,False,4.843750400773672e-11,3.200000264769187e-08,0.9999999953685462,True
kitti_val,7261,007260.png,10,10,10,False,4.929689989552344e-11,3.450000463089964e-08,0.9999999953945834,True
kitti_val,7264,007263.png,15,15,15,False,4.968747635558657e-11,3.329995479361969e-08,0.9999999942641193,True
kitti_val,7268,007267.png,4,4,4,False,3.335937082127316e-11,3.200000264769187e-08,0.9999999955891351,True
kitti_val,7269,007268.png,2,2,2,False,4.6250000357295207e-11,3.199999909497819e-08,0.9999999960608642,True
kitti_val,7270,007269.png,1,1,1,False,1.8828050230013105e-11,1.3799933640257223e-08,0.9999999992726326,True
kitti_val,7273,007272.png,1,1,1,False,4.312498969039069e-11,2.7599995178206882e-08,0.9999999991662617,True
kitti_val,7274,007273.png,9,9,9,False,4.999999025923074e-11,4.560001798381563e-08,0.9999999952785522,True
kitti_val,7276,007275.png,1,1,1,False,3.335931531012193e-11,2.13000106441541e-08,0.999999999227329,True
kitti_val,7280,007279.png,2,2,2,False,3.328126663149078e-11,2.1300024855008814e-08,0.9999999912528433,True
kitti_val,7283,007282.png,1,1,1,False,3.95312671486181e-11,2.1299968011589954e-08,0.9999999990361144,True
kitti_val,7289,007288.png,1,1,1,False,4.8593740142877095e-11,3.11000007968687e-08,0.9999999994794353,True
kitti_val,7291,007290.png,6,6,6,False,4.9062420792722605e-11,3.6299979910836555e-08,0.9999999920151893,True
kitti_val,7294,007293.png,1,1,1,False,6.250000517127319e-12,4.000000330961484e-09,0.9999999998884376,True
kitti_val,7298,007297.png,3,3,3,False,4.921874713348373e-11,3.390005076653324e-08,0.9999999969646597,True
kitti_val,7303,007302.png,3,3,3,False,3.335942633242439e-11,3.200005949111073e-08,0.9999999967677233,True
kitti_val,7310,007309.png,9,9,9,False,4.960937216580419e-11,4.080004600837128e-08,0.9999999960419652,True
kitti_val,7319,007318.png,7,7,7,False,4.718742063758441e-11,4.3799957438750425e-08,0.9999999923596543,True
kitti_val,7325,007324.png,5,5,5,False,4.734375044779249e-11,3.600001718950807e-08,0.9999999959428157,True
kitti_val,7327,007326.png,3,3,3,False,4.640625383967034e-11,3.200000264769187e-08,0.9999999976612106,True
kitti_val,7329,007328.png,3,3,3,False,3.8125003154476644e-11,2.990003622471704e-08,0.9999999924195664,True
kitti_val,7342,007341.png,7,7,7,False,4.984374718519646e-11,3.200000087133503e-08,0.9999999942219331,True
kitti_val,7349,007348.png,1,1,1,False,4.273437159696414e-11,3.200005949111073e-08,0.9999999963236561,True
kitti_val,7359,007358.png,3,3,3,False,4.742189974038524e-11,4.390000185594545e-08,0.9999999934082389,True
kitti_val,7360,007359.png,4,4,4,False,4.328125011165973e-11,3.850004759442527e-08,0.9999999966578533,True
kitti_val,7366,007365.png,7,7,7,False,4.906249712055555e-11,3.200005949111073e-08,0.9999999964836722,True
kitti_val,7369,007368.png,2,2,2,False,4.812494847072912e-11,3.3499986784590874e-08,0.999999997242892,True
kitti_val,7373,007372.png,1,1,1,False,3.265625270199024e-11,2.6800023533724016e-08,0.9999999988733022,True
kitti_val,7378,007377.png,2,2,2,False,3.406250281834389e-11,3.200005949111073e-08,0.9999999975035782,True
kitti_val,7380,007379.png,5,5,5,False,3.335931531012193e-11,3.200000264769187e-08,0.9999999958401314,True
kitti_val,7394,007393.png,14,14,14,False,4.789058039023075e-11,4.1600003441999434e-08,0.999999994439997,True
kitti_val,7404,007403.png,6,6,6,False,4.8437497068842816e-11,3.2300022212439217e-08,0.9999999951881572,True
kitti_val,7406,007405.png,3,3,3,False,4.757810811995e-11,4.409997700349777e-08,0.99999999477564,True
kitti_val,7419,007418.png,1,1,1,False,3.2187474907630076e-11,2.519999497962999e-08,0.9999999980885974,True
kitti_val,7426,007425.png,2,2,2,False,3.4218794464635494e-11,2.2499989427160472e-08,0.9999999945312625,True
kitti_val,7435,007434.png,2,2,2,False,4.156250343889667e-11,3.200000264769187e-08,0.9999999984783132,True
kitti_val,7437,007436.png,1,1,1,False,4.593747604531018e-11,3.8899997889529914e-08,0.9999999982119231,True
kitti_val,7442,007441.png,1,1,1,False,3.328126663149078e-11,2.1300024855008814e-08,0.9999999995090344,True
kitti_val,7451,007450.png,1,1,1,False,3.335942633242439e-11,3.200000264769187e-08,0.9999999964319118,True
kitti_val,7452,007451.png,9,9,9,False,4.4765635642818324e-11,3.25999849337677e-08,0.9999999835140577,True
kitti_val,7454,007453.png,4,4,4,False,4.703124695248917e-11,3.200000264769187e-08,0.9999999914511554,True
kitti_val,7456,007455.png,1,1,1,False,3.984374635779275e-11,2.550000033352262e-08,0.9999999958832009,True
kitti_val,7467,007466.png,4,4,4,False,4.999994862586732e-11,3.4200013487861725e-08,0.9999999937587044,True
kitti_val,7469,007468.png,4,4,4,False,4.7890691412533215e-11,3.529999048623722e-08,0.9999999965500062,True
kitti_val,7472,007471.png,1,1,1,False,4.953125062878705e-11,4.1699991015775595e-08,0.9999999935166473,True
kitti_val,7474,007473.png,3,3,3,False,4.8749948522441855e-11,3.8899997889529914e-08,0.9999999953413906,True
kitti_val,7476,007475.png,7,7,7,False,4.4687496758566425e-11,3.5600066894403426e-08,0.9999999914260457,True
kitti_val,7477,007476.png,5,5,5,False,4.421876753646359e-11,3.200005949111073e-08,0.9999999928292848,True
kitti_val,7479,007478.png,4,4,4,False,4.31250035681785e-11,2.209999649949168e-08,0.9999999942155151,True
kitti_val,7481,007480.png,15,15,15,False,4.734374003945163e-11,4.5100023271515965e-08,0.999999992218953,True
waymo_external,1000001,13415985003725220451_6163_000_6183_000_1518657647337560.png,13,13,13,False,5.000000413701855e-11,3.999999620418748e-08,0.9999999905232116,True
waymo_external,1000002,13415985003725220451_6163_000_6183_000_1518657647837292.png,12,12,12,False,4.7812500486577036e-11,3.979999974035309e-08,0.999999992838717,True
waymo_external,1000003,13415985003725220451_6163_000_6183_000_1518657648337202.png,12,12,12,False,4.999994862586732e-11,3.729996933543589e-08,0.9999999914372114,True
waymo_external,1000004,13415985003725220451_6163_000_6183_000_1518657648837280.png,12,12,12,False,5.000000413701855e-11,3.999997488790541e-08,0.9999999911207288,True
waymo_external,1000005,13415985003725220451_6163_000_6183_000_1518657649337352.png,12,12,12,False,4.9999997198124646e-11,3.510007218210376e-08,0.9999999907478674,True
waymo_external,1000006,13415985003725220451_6163_000_6183_000_1518657649837527.png,12,12,12,False,5.000000413701855e-11,4.489999128054478e-08,0.9999999884567614,True
waymo_external,1000007,13415985003725220451_6163_000_6183_000_1518657650337764.png,12,12,12,False,4.9999976381442934e-11,3.2199977795244195e-08,0.9999999889523015,True
waymo_external,1000008,13415985003725220451_6163_000_6183_000_1518657650837749.png,12,12,12,False,4.999999025923074e-11,3.200000264769187e-08,0.9999999875798508,True
waymo_external,1000009,13415985003725220451_6163_000_6183_000_1518657651337526.png,11,11,11,False,4.999999025923074e-11,3.730002617885475e-08,0.9999999913079495,True
waymo_external,1000010,13415985003725220451_6163_000_6183_000_1518657651837380.png,11,11,11,False,4.999999025923074e-11,4.799994712811895e-08,0.9999999878400437,True
waymo_external,1000011,13415985003725220451_6163_000_6183_000_1518657652337359.png,11,11,11,False,4.9921872191660555e-11,4.529999841906829e-08,0.9999999912100401,True
waymo_external,1000012,13415985003725220451_6163_000_6183_000_1518657652837394.png,11,11,11,False,4.9999997198124646e-11,3.469995135674253e-08,0.9999999912811017,True
waymo_external,1000013,13415985003725220451_6163_000_6183_000_1518657653337626.png,11,11,11,False,4.9999997198124646e-11,3.879995347233489e-08,0.9999999915236634,True
waymo_external,1000014,13415985003725220451_6163_000_6183_000_1518657653837690.png,11,11,11,False,5.000000413701855e-11,3.199999909497819e-08,0.9999999899699193,True
waymo_external,1000015,13415985003725220451_6163_000_6183_000_1518657654337635.png,12,12,12,False,5.000000413701855e-11,4.800000397153781e-08,0.999999990492974,True
waymo_external,1000016,13415985003725220451_6163_000_6183_000_1518657654837454.png,13,13,13,False,5.000000413701855e-11,3.999997488790541e-08,0.999999989278689,True
waymo_external,1000017,13415985003725220451_6163_000_6183_000_1518657655337378.png,15,15,15,False,4.9999997198124646e-11,3.470006504358025e-08,0.9999999853941073,True
waymo_external,1000018,13415985003725220451_6163_000_6183_000_1518657655837406.png,15,15,15,False,4.9999997198124646e-11,4.269998044037493e-08,0.9999999891311044,True
waymo_external,1000019,13415985003725220451_6163_000_6183_000_1518657656337474.png,15,15,15,False,5.000000413701855e-11,4.4300008994468953e-08,0.9999999873700519,True
waymo_external,1000020,13415985003725220451_6163_000_6183_000_1518657656837658.png,14,14,14,False,5.000000413701855e-11,4.000000330961484e-08,0.9999999915396363,True
waymo_external,1000021,13415985003725220451_6163_000_6183_000_1518657657337676.png,14,14,14,False,4.9999976381442934e-11,3.610006160670309e-08,0.9999999885819414,True
waymo_external,1000022,13415985003725220451_6163_000_6183_000_1518657657837755.png,14,14,14,False,5.000000413701855e-11,4.800000752425149e-08,0.9999999913953803,True
waymo_external,1000023,13415985003725220451_6163_000_6183_000_1518657658337602.png,14,14,14,False,5.000000413701855e-11,4.000003173132427e-08,0.9999999895655088,True
waymo_external,1000024,13415985003725220451_6163_000_6183_000_1518657658837397.png,14,14,14,False,5.000000413701855e-11,3.999997488790541e-08,0.9999999935090734,True
waymo_external,1000025,13415985003725220451_6163_000_6183_000_1518657659337168.png,15,15,15,False,5.000000413701855e-11,4.3799957438750425e-08,0.9999999916880635,True
waymo_external,1000026,13415985003725220451_6163_000_6183_000_1518657659837024.png,15,15,15,False,5.000000413701855e-11,4.1600003441999434e-08,0.9999999895840684,True
waymo_external,1000027,13415985003725220451_6163_000_6183_000_1518657660337028.png,15,15,15,False,5.000000413701855e-11,4.799994712811895e-08,0.9999999874209329,True
waymo_external,1000028,13415985003725220451_6163_000_6183_000_1518657660837068.png,15,15,15,False,5.000000413701855e-11,4.000003173132427e-08,0.9999999884492095,True
waymo_external,1000029,13415985003725220451_6163_000_6183_000_1518657661337076.png,15,15,15,False,5.000000413701855e-11,3.999997488790541e-08,0.9999999883578554,True
waymo_external,1000030,13415985003725220451_6163_000_6183_000_1518657661837226.png,15,15,15,False,5.000000413701855e-11,4.529999841906829e-08,0.9999999897035009,True
waymo_external,1000031,13415985003725220451_6163_000_6183_000_1518657662337306.png,15,15,15,False,5.000000413701855e-11,3.270002935096272e-08,0.999999984343878,True
waymo_external,1000032,13415985003725220451_6163_000_6183_000_1518657662837347.png,14,14,14,False,5.000000413701855e-11,4.269998044037493e-08,0.9999999890862138,True
waymo_external,1000033,13415985003725220451_6163_000_6183_000_1518657663337393.png,15,15,15,False,4.656253160817414e-11,3.51000153386849e-08,0.9999999843632504,True
waymo_external,1000034,13415985003725220451_6163_000_6183_000_1518657663837392.png,15,15,15,False,5.000000413701855e-11,4.000000330961484e-08,0.9999999898124443,True
waymo_external,1000035,13415985003725220451_6163_000_6183_000_1518657664337376.png,14,14,14,False,5.000000413701855e-11,4.530005526248715e-08,0.9999999832838672,True
waymo_external,1000036,13415985003725220451_6163_000_6183_000_1518657664837524.png,14,14,14,False,5.000000413701855e-11,4.799994712811895e-08,0.999999990329094,True
waymo_external,1000037,13415985003725220451_6163_000_6183_000_1518657665337550.png,15,15,15,False,5.000000413701855e-11,3.6999949770688545e-08,0.9999999893612154,True
waymo_external,1000038,13415985003725220451_6163_000_6183_000_1518657665837506.png,15,15,15,False,5.000000413701855e-11,3.470000820016139e-08,0.9999999836783957,True
waymo_external,1000039,13415985003725220451_6163_000_6183_000_1518657666337355.png,16,16,16,False,5.000000413701855e-11,4.010001930510043e-08,0.9999999829908739,True
waymo_external,1000040,13415985003725220451_6163_000_6183_000_1518657666837230.png,15,15,15,False,5.000000413701855e-11,4.0900033582147444e-08,0.9999999902012464,True
waymo_external,1000041,14931160836268555821_5778_870_5798_870_1507338339428611.png,10,10,10,False,5.000000413701855e-11,3.999999975690116e-08,0.999999958361914,True
waymo_external,1000042,14931160836268555821_5778_870_5798_870_1507338339928863.png,10,10,10,False,5.000000413701855e-11,3.200000264769187e-08,0.9999999788602151,True
waymo_external,1000043,14931160836268555821_5778_870_5798_870_1507338340429041.png,10,10,10,False,5.000000413701855e-11,4.800000397153781e-08,0.9999999836776786,True
waymo_external,1000044,14931160836268555821_5778_870_5798_870_1507338340929345.png,11,11,11,False,5.000000413701855e-11,4.799994712811895e-08,0.9999999786630496,True
waymo_external,1000045,14931160836268555821_5778_870_5798_870_1507338341429797.png,10,10,10,False,4.999999893284812e-11,3.199999998315661e-08,0.9999999852823492,True
waymo_external,1000046,14931160836268555821_5778_870_5798_870_1507338341930342.png,10,10,10,False,5.000000413701855e-11,3.720003860507859e-08,0.9999999819315667,True
waymo_external,1000047,14931160836268555821_5778_870_5798_870_1507338342430949.png,12,12,12,False,5.000000413701855e-11,3.380000634933822e-08,0.9999999755598129,True
waymo_external,1000048,14931160836268555821_5778_870_5798_870_1507338342931418.png,11,11,11,False,4.999999980020986e-11,4.5799993131367955e-08,0.9999999850199806,True
waymo_external,1000049,14931160836268555821_5778_870_5798_870_1507338343431885.png,12,12,12,False,5.000000413701855e-11,3.5699997624760726e-08,0.9999999848022357,True
waymo_external,1000050,14931160836268555821_5778_870_5798_870_1507338343932395.png,11,11,11,False,4.999999980020986e-11,3.999999975690116e-08,0.9999999810827576,True
waymo_external,1000051,14931160836268555821_5778_870_5798_870_1507338344633085.png,11,11,11,False,5.000000413701855e-11,4.620000026989146e-08,0.9999999763118703,True
waymo_external,1000052,14931160836268555821_5778_870_5798_870_1507338345434040.png,11,11,11,False,4.999999980020986e-11,3.999997488790541e-08,0.9999999878551208,True
waymo_external,1000053,14931160836268555821_5778_870_5798_870_1507338346234843.png,11,11,11,False,5.000000413701855e-11,3.199999998315661e-08,0.9999999784503925,True
waymo_external,1000054,14931160836268555821_5778_870_5798_870_1507338347135465.png,11,11,11,False,5.000000413701855e-11,3.200000264769187e-08,0.9999999894038416,True
waymo_external,1000055,14931160836268555821_5778_870_5798_870_1507338347835422.png,9,9,9,False,5.000000413701855e-11,3.50000846083276e-08,0.9999999880197787,True
waymo_external,1000056,14931160836268555821_5778_870_5798_870_1507338348635365.png,6,6,6,False,5.000000413701855e-11,4.800000397153781e-08,0.9999999851610278,True
waymo_external,1000057,14931160836268555821_5778_870_5798_870_1507338349135391.png,9,9,9,False,5.000000413701855e-11,4.799998976068309e-08,0.999999985214952,True
waymo_external,1000058,14931160836268555821_5778_870_5798_870_1507338349635394.png,9,9,9,False,5.000000413701855e-11,4.800000397153781e-08,0.9999999888101726,True
waymo_external,1000059,14931160836268555821_5778_870_5798_870_1507338350135327.png,8,8,8,False,4.9999997198124646e-11,3.199999909497819e-08,0.9999999879321579,True
waymo_external,1000060,14931160836268555821_5778_870_5798_870_1507338350635049.png,8,8,8,False,5.000000413701855e-11,4.000000330961484e-08,0.9999999877790006,True
waymo_external,1000061,14931160836268555821_5778_870_5798_870_1507338351134600.png,8,8,8,False,5.000000413701855e-11,3.5000027764908737e-08,0.9999999934246329,True
waymo_external,1000062,14931160836268555821_5778_870_5798_870_1507338351634080.png,7,7,7,False,5.000000413701855e-11,3.999999975690116e-08,0.9999999941228633,True
waymo_external,1000063,14931160836268555821_5778_870_5798_870_1507338352133493.png,6,6,6,False,5.00000006675716e-11,3.579992835511803e-08,0.9999999945017983,True
waymo_external,1000064,14931160836268555821_5778_870_5798_870_1507338352632870.png,6,6,6,False,5.00000006675716e-11,3.200000975311923e-08,0.9999999960320987,True
waymo_external,1000065,14931160836268555821_5778_870_5798_870_1507338353132275.png,6,6,6,False,5.000000413701855e-11,4.00000104150422e-08,0.9999999943101039,True
waymo_external,1000066,14931160836268555821_5778_870_5798_870_1507338353631702.png,5,5,5,False,4.9999997198124646e-11,4.800000041882413e-08,0.9999999934626066,True
waymo_external,1000067,14931160836268555821_5778_870_5798_870_1507338354131264.png,4,4,4,False,4.9999997198124646e-11,3.729999775714532e-08,0.9999999937353995,True
waymo_external,1000068,14931160836268555821_5778_870_5798_870_1507338354631134.png,3,3,3,False,4.8750004033593086e-11,3.309997964606737e-08,0.9999999898718614,True
waymo_external,1000069,14931160836268555821_5778_870_5798_870_1507338355130969.png,2,2,2,False,5.000000413701855e-11,4.000003173132427e-08,0.9999999964454807,True
waymo_external,1000070,14931160836268555821_5778_870_5798_870_1507338355630724.png,2,2,2,False,4.999989311471609e-11,2.6800000441085103e-08,0.9999999962441207,True
waymo_external,1000071,14931160836268555821_5778_870_5798_870_1507338356130013.png,2,2,2,False,4.921874019458983e-11,3.149999372453749e-08,0.9999999950167104,True
waymo_external,1000072,14931160836268555821_5778_870_5798_870_1507338356629266.png,1,1,1,False,2.4999998599062323e-11,1.6000001323845936e-08,0.9999999969174237,True
waymo_external,1000073,14931160836268555821_5778_870_5798_870_1507338357128741.png,1,1,1,False,4.9999976381442934e-11,2.3999973564059474e-08,0.9999999936708996,True
waymo_external,1000074,14931160836268555821_5778_870_5798_870_1507338357628663.png,1,1,1,False,2.4999998599062323e-11,1.5999997771132257e-08,0.9999999975494354,True
waymo_external,1000075,14931160836268555821_5778_870_5798_870_1507338358128410.png,1,1,1,False,4.0312499866024254e-11,2.5800000358344732e-08,0.9999999954867235,True
waymo_external,1000076,14931160836268555821_5778_870_5798_870_1507338358627820.png,1,1,1,False,3.343747501105554e-11,1.8700006876315456e-08,0.9999999932075778,True
waymo_external,1000077,14931160836268555821_5778_870_5798_870_1507338359126891.png,1,1,1,False,2.4999998599062323e-11,2.3999973564059474e-08,0.9999999954187514,True
waymo_external,1000078,4409585400955983988_3500_470_3520_470_1507165528481701.png,1,1,1,False,5.000000413701855e-11,4.800000397153781e-08,0.9999999931732196,True
waymo_external,1000079,4409585400955983988_3500_470_3520_470_1507165528981692.png,1,1,1,False,3.625000126461497e-11,2.3200000143219768e-08,0.9999999965474717,True
waymo_external,1000080,4409585400955983988_3500_470_3520_470_1507165529481777.png,1,1,1,False,2.5000002068509275e-11,1.6000001323845936e-08,0.9999999959759566,True
waymo_external,1000081,4409585400955983988_3500_470_3520_470_1507165529981988.png,1,1,1,False,4.9999997198124646e-11,3.1999995542264514e-08,0.9999999953671412,True
waymo_external,1000082,4409585400955983988_3500_470_3520_470_1507165530482113.png,1,1,1,False,4.9999997198124646e-11,3.1999995542264514e-08,0.9999999967424829,True
waymo_external,1000083,4409585400955983988_3500_470_3520_470_1507165530982100.png,1,1,1,False,4.9999997198124646e-11,4.329996272645076e-08,0.9999999936817459,True
waymo_external,1000084,4409585400955983988_3500_470_3520_470_1507165531482104.png,1,1,1,False,5.000000413701855e-11,4.800000397153781e-08,0.9999999959424841,True
waymo_external,1000085,4409585400955983988_3500_470_3520_470_1507165531982500.png,1,1,1,False,4.9999997198124646e-11,4.0900033582147444e-08,0.9999999933507472,True
waymo_external,1000086,4409585400955983988_3500_470_3520_470_1507165532483910.png,1,1,1,False,4.9999997198124646e-11,3.5699997624760726e-08,0.9999999947043532,True
waymo_external,1000087,4409585400955983988_3500_470_3520_470_1507165532986381.png,0,0,0,False,0.0,0.0,1.0,True
waymo_external,1000088,4409585400955983988_3500_470_3520_470_1507165533489865.png,1,1,1,False,4.625000382674216e-11,2.6000002151249646e-08,0.999999997643122,True
waymo_external,1000089,4409585400955983988_3500_470_3520_470_1507165533993794.png,4,4,4,False,5.000000413701855e-11,4.000003173132427e-08,0.9999999962972757,True
waymo_external,1000090,4409585400955983988_3500_470_3520_470_1507165534497677.png,5,5,5,False,4.335931613752564e-11,3.2699915664125e-08,0.9999999972700441,True
waymo_external,1000091,4409585400955983988_3500_470_3520_470_1507165535001227.png,16,16,16,False,5.000000413701855e-11,4.799994712811895e-08,0.9999999842846992,True
waymo_external,1000092,4409585400955983988_3500_470_3520_470_1507165535504048.png,15,15,15,False,5.000000413701855e-11,4.1100008729699766e-08,0.9999999895587828,True
waymo_external,1000093,4409585400955983988_3500_470_3520_470_1507165536005751.png,13,13,13,False,5.000000413701855e-11,3.200005949111073e-08,0.9999999882641559,True
waymo_external,1000094,4409585400955983988_3500_470_3520_470_1507165536506395.png,13,13,13,False,5.000000413701855e-11,3.450003305260907e-08,0.9999999863348666,True
waymo_external,1000095,4409585400955983988_3500_470_3520_470_1507165537006562.png,13,13,13,False,5.000000413701855e-11,3.200000264769187e-08,0.9999999827540673,True
waymo_external,1000096,4409585400955983988_3500_470_3520_470_1507165537506484.png,13,13,13,False,5.000000413701855e-11,4.800000397153781e-08,0.9999999907102652,True
waymo_external,1000097,4409585400955983988_3500_470_3520_470_1507165538006385.png,13,13,13,False,5.000000413701855e-11,3.5599953207565704e-08,0.9999999853437597,True
waymo_external,1000098,4409585400955983988_3500_470_3520_470_1507165538506340.png,13,13,13,False,5.000000413701855e-11,4.000003173132427e-08,0.9999999905884893,True
waymo_external,1000099,4409585400955983988_3500_470_3520_470_1507165539006408.png,13,13,13,False,5.000000413701855e-11,4.390005869936431e-08,0.9999999867076221,True
waymo_external,1000100,4409585400955983988_3500_470_3520_470_1507165539506442.png,13,13,13,False,5.000000413701855e-11,4.6500019834638806e-08,0.9999999884601185,True
waymo_external,1000101,4409585400955983988_3500_470_3520_470_1507165540006482.png,13,13,13,False,5.000000413701855e-11,4.390005869936431e-08,0.9999999847028296,True
waymo_external,1000102,4409585400955983988_3500_470_3520_470_1507165540506375.png,13,13,13,False,5.000000413701855e-11,3.8999985463306075e-08,0.9999999889305357,True
waymo_external,1000103,4409585400955983988_3500_470_3520_470_1507165541006230.png,12,12,12,False,5.000000413701855e-11,4.020000687887659e-08,0.9999999884548405,True
waymo_external,1000104,4409585400955983988_3500_470_3520_470_1507165541506256.png,11,11,11,False,5.000000413701855e-11,4.320003199609346e-08,0.9999999905003839,True
waymo_external,1000105,4409585400955983988_3500_470_3520_470_1507165542006250.png,11,11,11,False,5.000000413701855e-11,4.539992914942559e-08,0.999999985259766,True
waymo_external,1000106,4409585400955983988_3500_470_3520_470_1507165542506124.png,11,11,11,False,5.000000413701855e-11,3.9699955323158065e-08,0.9999999895659081,True
waymo_external,1000107,4409585400955983988_3500_470_3520_470_1507165543006001.png,11,11,11,False,5.000000413701855e-11,4.000000330961484e-08,0.9999999934378629,True
waymo_external,1000108,4409585400955983988_3500_470_3520_470_1507165543506099.png,11,11,11,False,5.000000413701855e-11,3.679997462313622e-08,0.9999999880726655,True
waymo_external,1000109,4409585400955983988_3500_470_3520_470_1507165544006131.png,11,11,11,False,5.000000413701855e-11,4.000003173132427e-08,0.999999989905244,True
waymo_external,1000110,4409585400955983988_3500_470_3520_470_1507165544506031.png,11,11,11,False,5.000000413701855e-11,4.000003173132427e-08,0.9999999934182241,True
waymo_external,1000111,4409585400955983988_3500_470_3520_470_1507165545005774.png,9,9,9,False,5.000000413701855e-11,4.800000397153781e-08,0.9999999930187494,True
waymo_external,1000112,4409585400955983988_3500_470_3520_470_1507165545505727.png,8,8,8,False,4.999999025923074e-11,4.61000126961153e-08,0.9999999931089008,True
waymo_external,1000113,4409585400955983988_3500_470_3520_470_1507165546006018.png,8,8,8,False,4.999999025923074e-11,4.000008857474313e-08,0.9999999933696383,True
waymo_external,1000114,4409585400955983988_3500_470_3520_470_1507165546506219.png,8,8,8,False,5.000000413701855e-11,4.289995558792725e-08,0.9999999911555513,True
waymo_external,1000115,4409585400955983988_3500_470_3520_470_1507165547006327.png,8,8,8,False,5.000000413701855e-11,4.000003173132427e-08,0.9999999934579683,True
waymo_external,1000116,4409585400955983988_3500_470_3520_470_1507165547506361.png,7,7,7,False,5.000000413701855e-11,4.000003173132427e-08,0.9999999898989259,True
waymo_external,1000117,4409585400955983988_3500_470_3520_470_1507165548006442.png,7,7,7,False,4.7187587171038103e-11,2.990003622471704e-08,0.999999993340578,True
waymo_external,1000118,9041488218266405018_6454_030_6474_030_1508979389225932.png,8,8,8,False,5.000000413701855e-11,3.600001718950807e-08,0.999999982564933,True
waymo_external,1000119,9041488218266405018_6454_030_6474_030_1508979389726068.png,7,7,7,False,5.000000413701855e-11,3.649995505838888e-08,0.9999999795319449,True
waymo_external,1000120,9041488218266405018_6454_030_6474_030_1508979390226146.png,9,9,9,False,4.999999980020986e-11,3.999997488790541e-08,0.9999999841120588,True
waymo_external,1000121,9041488218266405018_6454_030_6474_030_1508979390726246.png,9,9,9,False,5.000000413701855e-11,4.000003173132427e-08,0.9999999833514207,True
waymo_external,1000122,9041488218266405018_6454_030_6474_030_1508979391226230.png,8,8,8,False,4.999994862586732e-11,3.8200084873096785e-08,0.9999999804187121,True
waymo_external,1000123,9041488218266405018_6454_030_6474_030_1508979391726040.png,7,7,7,False,4.968750064171523e-11,3.4899983347713714e-08,0.9999999765744713,True
waymo_external,1000124,9041488218266405018_6454_030_6474_030_1508979392226035.png,7,7,7,False,5.000000413701855e-11,4.000000330961484e-08,0.9999999774300391,True
waymo_external,1000125,9041488218266405018_6454_030_6474_030_1508979392725896.png,8,8,8,False,5.000000413701855e-11,3.179999996660854e-08,0.9999999841709967,True
waymo_external,1000126,9041488218266405018_6454_030_6474_030_1508979393225902.png,10,10,10,False,5.000000413701855e-11,3.200000264769187e-08,0.9999999804603156,True
waymo_external,1000127,9041488218266405018_6454_030_6474_030_1508979393725975.png,10,10,10,False,5.000000413701855e-11,4.61999434264726e-08,0.9999999824804384,True
waymo_external,1000128,9041488218266405018_6454_030_6474_030_1508979394226030.png,14,14,14,False,4.375000361989123e-11,3.7000063457526267e-08,0.9999999860022485,True
waymo_external,1000129,9041488218266405018_6454_030_6474_030_1508979394726006.png,15,15,15,False,5.000000413701855e-11,3.4899983347713714e-08,0.9999999816695668,True
waymo_external,1000130,9041488218266405018_6454_030_6474_030_1508979395226146.png,12,12,12,False,5.000000413701855e-11,3.200000264769187e-08,0.9999999770490884,True
waymo_external,1000131,9041488218266405018_6454_030_6474_030_1508979395726400.png,12,12,12,False,5.000000413701855e-11,4.050002644362394e-08,0.9999999798274394,True
waymo_external,1000132,9041488218266405018_6454_030_6474_030_1508979396226435.png,13,13,13,False,5.000000413701855e-11,4.000000330961484e-08,0.9999999797303499,True
waymo_external,1000133,9041488218266405018_6454_030_6474_030_1508979396726177.png,12,12,12,False,5.000000413701855e-11,3.999997488790541e-08,0.9999999747386519,True
waymo_external,1000134,9041488218266405018_6454_030_6474_030_1508979397226001.png,13,13,13,False,5.000000413701855e-11,3.999997488790541e-08,0.9999999707523953,True
waymo_external,1000135,9041488218266405018_6454_030_6474_030_1508979397726080.png,14,14,14,False,5.000000413701855e-11,4.000003173132427e-08,0.9999999861700689,True
waymo_external,1000136,9041488218266405018_6454_030_6474_030_1508979398226261.png,14,14,14,False,5.000000413701855e-11,4.000000330961484e-08,0.9999999780657232,True
waymo_external,1000137,9041488218266405018_6454_030_6474_030_1508979398725885.png,13,13,13,False,5.000000413701855e-11,4.000000330961484e-08,0.9999999865432639,True
waymo_external,1000138,9041488218266405018_6454_030_6474_030_1508979399225441.png,14,14,14,False,5.000000413701855e-11,3.999997488790541e-08,0.9999999823229839,True
waymo_external,1000139,9041488218266405018_6454_030_6474_030_1508979399724938.png,15,15,15,False,5.000000413701855e-11,4.050002644362394e-08,0.9999999749513245,True
waymo_external,1000140,9041488218266405018_6454_030_6474_030_1508979400224290.png,15,15,15,False,5.000000413701855e-11,4.000000330961484e-08,0.9999999848582786,True
waymo_external,1000141,9041488218266405018_6454_030_6474_030_1508979400723365.png,15,15,15,False,5.000000413701855e-11,4.270003728379379e-08,0.9999999780882792,True
waymo_external,1000142,9041488218266405018_6454_030_6474_030_1508979401222393.png,15,15,15,False,5.000000413701855e-11,4.0900033582147444e-08,0.9999999801648208,True
waymo_external,1000143,9041488218266405018_6454_030_6474_030_1508979401721541.png,16,16,16,False,4.99219554583874e-11,3.160005235258723e-08,0.9999999865042798,True
waymo_external,1000144,9041488218266405018_6454_030_6474_030_1508979402320684.png,15,15,15,False,5.000000413701855e-11,4.000003173132427e-08,0.9999999860991428,True
waymo_external,1000145,9041488218266405018_6454_030_6474_030_1508979402820107.png,14,14,14,False,5.000000413701855e-11,4.800000397153781e-08,0.999999986378497,True
waymo_external,1000146,9041488218266405018_6454_030_6474_030_1508979403319599.png,10,10,10,False,5.000000413701855e-11,3.00000237984932e-08,0.9999999897435963,True
waymo_external,1000147,9041488218266405018_6454_030_6474_030_1508979403819100.png,9,9,9,False,5.000000413701855e-11,3.450003305260907e-08,0.9999999903448025,True
waymo_external,1000148,9041488218266405018_6454_030_6474_030_1508979404318837.png,9,9,9,False,5.000000413701855e-11,3.200000264769187e-08,0.9999999841001981,True
waymo_external,1000149,9041488218266405018_6454_030_6474_030_1508979404818573.png,8,8,8,False,5.000000413701855e-11,4.150001586822327e-08,0.9999999883239156,True
waymo_external,1000150,9041488218266405018_6454_030_6474_030_1508979405318219.png,7,7,7,False,4.999999893284812e-11,4.800006081495667e-08,0.9999999884688616,True
waymo_external,1000151,9041488218266405018_6454_030_6474_030_1508979405817759.png,5,5,5,False,4.999989311471609e-11,3.999991804448655e-08,0.9999999845546846,True
waymo_external,1000152,9041488218266405018_6454_030_6474_030_1508979406317047.png,5,5,5,False,4.99219554583874e-11,3.849999075100641e-08,0.999999984228758,True
waymo_external,1000153,9041488218266405018_6454_030_6474_030_1508979406816215.png,5,5,5,False,5.000000413701855e-11,4.000000330961484e-08,0.9999999894823551,True
waymo_external,1000154,9041488218266405018_6454_030_6474_030_1508979407315582.png,5,5,5,False,4.9999976381442934e-11,3.999997488790541e-08,0.9999999913690599,True
waymo_external,1000155,9041488218266405018_6454_030_6474_030_1508979407815136.png,5,5,5,False,5.000000413701855e-11,4.119999630347593e-08,0.9999999758312308,True
waymo_external,1000156,9041488218266405018_6454_030_6474_030_1508979408314503.png,4,4,4,False,5.000000413701855e-11,3.319996721984353e-08,0.9999999941244668,True
waymo_external,1000157,9041488218266405018_6454_030_6474_030_1508979408813976.png,4,4,4,False,5.000000413701855e-11,3.199999998315661e-08,0.9999999807239374,True
waymo_external,1000158,9114112687541091312_1100_000_1120_000_1544144324716280.png,45,45,45,False,5.000000413701855e-11,4.800000397153781e-08,0.9999999571357842,True
waymo_external,1000159,9114112687541091312_1100_000_1120_000_1544144325216299.png,47,47,47,False,5.000000413701855e-11,4.800006081495667e-08,0.9999999428377965,True
waymo_external,1000160,9114112687541091312_1100_000_1120_000_1544144325716300.png,48,48,48,False,5.000000413701855e-11,4.269998044037493e-08,0.999999955166095,True
waymo_external,1000161,9114112687541091312_1100_000_1120_000_1544144326216286.png,48,48,48,False,5.000000413701855e-11,4.799994712811895e-08,0.9999999571357842,True
waymo_external,1000162,9114112687541091312_1100_000_1120_000_1544144326716290.png,46,46,46,False,5.000000413701855e-11,4.159994659858057e-08,0.9999999702413185,True
waymo_external,1000163,9114112687541091312_1100_000_1120_000_1544144327216278.png,42,42,42,False,5.000000413701855e-11,4.3699969864974264e-08,0.9999999741851083,True
waymo_external,1000164,9114112687541091312_1100_000_1120_000_1544144327716284.png,38,38,38,False,5.000000413701855e-11,4.1099951886280905e-08,0.9999999565652647,True
waymo_external,1000165,9114112687541091312_1100_000_1120_000_1544144328216300.png,40,40,40,False,5.000000413701855e-11,4.529999841906829e-08,0.9999999574529719,True
waymo_external,1000166,9114112687541091312_1100_000_1120_000_1544144328716280.png,40,40,40,False,5.000000413701855e-11,4.340000714364578e-08,0.9999999574857413,True
waymo_external,1000167,9114112687541091312_1100_000_1120_000_1544144329216283.png,39,39,39,False,5.000000413701855e-11,4.800000397153781e-08,0.9999999510425885,True
waymo_external,1000168,9114112687541091312_1100_000_1120_000_1544144329716272.png,39,39,39,False,5.000000413701855e-11,4.800000397153781e-08,0.9999999721008495,True
waymo_external,1000169,9114112687541091312_1100_000_1120_000_1544144330216284.png,37,37,37,False,5.000000413701855e-11,4.000003173132427e-08,0.9999999724164713,True
waymo_external,1000170,9114112687541091312_1100_000_1120_000_1544144330816285.png,36,36,36,False,5.000000413701855e-11,4.800000397153781e-08,0.9999999819808606,True
waymo_external,1000171,9114112687541091312_1100_000_1120_000_1544144331316268.png,40,40,40,False,5.000000413701855e-11,4.35999822911981e-08,0.9999999756268103,True
waymo_external,1000172,9114112687541091312_1100_000_1120_000_1544144331816256.png,42,42,42,False,5.000000413701855e-11,4.799994712811895e-08,0.9999999730968391,True
waymo_external,1000173,9114112687541091312_1100_000_1120_000_1544144332316253.png,44,44,44,False,5.000000413701855e-11,4.000000330961484e-08,0.9999999754885772,True
waymo_external,1000174,9114112687541091312_1100_000_1120_000_1544144332816253.png,43,43,43,False,4.999999980020986e-11,4.089997673872858e-08,0.9999999841085336,True
waymo_external,1000175,9114112687541091312_1100_000_1120_000_1544144333316285.png,43,43,43,False,5.000000413701855e-11,4.800000397153781e-08,0.9999999789120009,True
waymo_external,1000176,9114112687541091312_1100_000_1120_000_1544144333816269.png,42,42,42,False,5.000000413701855e-11,4.079998916495242e-08,0.9999999742652141,True
waymo_external,1000177,9114112687541091312_1100_000_1120_000_1544144334316230.png,43,43,43,False,5.000000413701855e-11,4.799994712811895e-08,0.9999999564889427,True
waymo_external,1000178,9114112687541091312_1100_000_1120_000_1544144334816198.png,44,44,44,False,5.000000413701855e-11,3.730002617885475e-08,0.9999999770065592,True
waymo_external,1000179,9114112687541091312_1100_000_1120_000_1544144335316215.png,43,43,43,False,5.000000413701855e-11,4.800006081495667e-08,0.9999999762888369,True
waymo_external,1000180,9114112687541091312_1100_000_1120_000_1544144335816195.png,45,45,45,False,5.000000413701855e-11,3.999997488790541e-08,0.9999999736941753,True
waymo_external,1000181,9114112687541091312_1100_000_1120_000_1544144336316269.png,44,44,44,False,5.00000006675716e-11,3.9599967749381904e-08,0.9999999757657675,True
waymo_external,1000182,9114112687541091312_1100_000_1120_000_1544144336816339.png,43,43,43,False,5.000000413701855e-11,4.530005526248715e-08,0.9999999812524861,True
waymo_external,1000183,9114112687541091312_1100_000_1120_000_1544144337316333.png,44,44,44,False,4.999999893284812e-11,3.9999989098760125e-08,0.9999999780836992,True
waymo_external,1000184,9114112687541091312_1100_000_1120_000_1544144337816224.png,43,43,43,False,5.000000413701855e-11,4.000003173132427e-08,0.9999999780836992,True
waymo_external,1000185,9114112687541091312_1100_000_1120_000_1544144338316151.png,42,42,42,False,5.000000413701855e-11,4.799994712811895e-08,0.9999999654012316,True
waymo_external,1000186,9114112687541091312_1100_000_1120_000_1544144338816151.png,45,45,45,False,4.999999893284812e-11,4.399993258630275e-08,0.9999999735267702,True
waymo_external,1000187,9114112687541091312_1100_000_1120_000_1544144339316236.png,44,44,44,False,5.000000413701855e-11,4.399993258630275e-08,0.9999999732268676,True
waymo_external,1000188,9114112687541091312_1100_000_1120_000_1544144339816354.png,47,47,47,False,5.000000413701855e-11,4.799997554982838e-08,0.9999999515224972,True
waymo_external,1000189,9114112687541091312_1100_000_1120_000_1544144340316344.png,46,46,46,False,5.000000413701855e-11,4.799994712811895e-08,0.9999999607935873,True
waymo_external,1000190,9114112687541091312_1100_000_1120_000_1544144340816348.png,47,47,47,False,5.000000413701855e-11,4.529999841906829e-08,0.9999999596594854,True
waymo_external,1000191,9114112687541091312_1100_000_1120_000_1544144341316314.png,49,49,49,False,5.000000413701855e-11,4.800000397153781e-08,0.9999999571357842,True
waymo_external,1000192,9114112687541091312_1100_000_1120_000_1544144341816280.png,48,48,48,False,5.000000413701855e-11,4.800000397153781e-08,0.9999999658765892,True
waymo_external,1000193,9114112687541091312_1100_000_1120_000_1544144342316340.png,46,46,46,False,5.000000413701855e-11,4.799997554982838e-08,0.9999999808483229,True
waymo_external,1000194,9114112687541091312_1100_000_1120_000_1544144342816305.png,46,46,46,False,5.000000413701855e-11,4.800000397153781e-08,0.9999999688165306,True
waymo_external,1000195,9114112687541091312_1100_000_1120_000_1544144343316292.png,46,46,46,False,5.000000413701855e-11,4.800000397153781e-08,0.9999999606137214,True
waymo_external,1000196,9114112687541091312_1100_000_1120_000_1544144343816197.png,44,44,44,False,5.000000413701855e-11,4.799997554982838e-08,0.9999999743265455,True
waymo_external,1000197,9114112687541091312_1100_000_1120_000_1544144344316123.png,47,47,47,False,4.999999980020986e-11,4.799997554982838e-08,0.9999999601081271,True
waymo_external,1000198,12657584952502228282_3940_000_3960_000_1549937205899042.png,41,41,41,False,5.000000413701855e-11,4.800000397153781e-08,0.9999999695531147,True
waymo_external,1000199,12657584952502228282_3940_000_3960_000_1549937206398997.png,43,43,43,False,5.000000413701855e-11,4.800000397153781e-08,0.9999999848561989,True
waymo_external,1000200,12657584952502228282_3940_000_3960_000_1549937206898986.png,41,41,41,False,5.000000413701855e-11,4.000003173132427e-08,0.9999999767373392,True
waymo_external,1000201,12657584952502228282_3940_000_3960_000_1549937207399013.png,41,41,41,False,5.000000413701855e-11,4.799994712811895e-08,0.9999999744329034,True
waymo_external,1000202,12657584952502228282_3940_000_3960_000_1549937207898989.png,40,40,40,False,5.000000413701855e-11,4.799994712811895e-08,0.9999999773805233,True
waymo_external,1000203,12657584952502228282_3940_000_3960_000_1549937208399015.png,38,38,38,False,5.000000413701855e-11,3.999997488790541e-08,0.9999999872971091,True
waymo_external,1000204,12657584952502228282_3940_000_3960_000_1549937208899013.png,39,39,39,False,5.000000413701855e-11,4.800000397153781e-08,0.9999999825943351,True
waymo_external,1000205,12657584952502228282_3940_000_3960_000_1549937209398838.png,41,41,41,False,5.000000413701855e-11,4.800000397153781e-08,0.9999999869391752,True
waymo_external,1000206,12657584952502228282_3940_000_3960_000_1549937209898774.png,42,42,42,False,5.000000413701855e-11,4.800000397153781e-08,0.9999999825943351,True
waymo_external,1000207,12657584952502228282_3940_000_3960_000_1549937210398649.png,40,40,40,False,5.000000413701855e-11,4.800000397153781e-08,0.9999999865882618,True
waymo_external,1000208,12657584952502228282_3940_000_3960_000_1549937210898587.png,38,38,38,False,5.000000413701855e-11,4.800000397153781e-08,0.9999999864021154,True
waymo_external,1000209,12657584952502228282_3940_000_3960_000_1549937211398460.png,38,38,38,False,5.000000413701855e-11,4.800000397153781e-08,0.999999983941573,True
waymo_external,1000210,12657584952502228282_3940_000_3960_000_1549937211898457.png,34,34,34,False,5.000000413701855e-11,4.000003173132427e-08,0.9999999843512122,True
waymo_external,1000211,12657584952502228282_3940_000_3960_000_1549937212398470.png,37,37,37,False,5.000000413701855e-11,4.800000397153781e-08,0.9999999776471895,True
waymo_external,1000212,12657584952502228282_3940_000_3960_000_1549937212898542.png,36,36,36,False,5.000000413701855e-11,4.800000397153781e-08,0.9999999608533622,True
waymo_external,1000213,12657584952502228282_3940_000_3960_000_1549937213398698.png,34,34,34,False,5.000000413701855e-11,4.799994712811895e-08,0.9999999768914569,True
waymo_external,1000214,12657584952502228282_3940_000_3960_000_1549937213898785.png,34,34,34,False,5.000000413701855e-11,4.799994712811895e-08,0.9999999821424733,True
waymo_external,1000215,12657584952502228282_3940_000_3960_000_1549937214398878.png,33,33,33,False,5.000000413701855e-11,4.800000397153781e-08,0.9999999750743315,True
waymo_external,1000216,12657584952502228282_3940_000_3960_000_1549937214898834.png,32,32,32,False,5.000000413701855e-11,4.799997554982838e-08,0.9999999766368618,True
waymo_external,1000217,12657584952502228282_3940_000_3960_000_1549937215398685.png,33,33,33,False,5.000000413701855e-11,4.800000397153781e-08,0.9999999831367685,True
waymo_external,1000218,12657584952502228282_3940_000_3960_000_1549937215898463.png,33,33,33,False,5.000000413701855e-11,4.000003173132427e-08,0.9999999892657486,True
waymo_external,1000219,12657584952502228282_3940_000_3960_000_1549937216398410.png,32,32,32,False,5.000000413701855e-11,4.3000000005122274e-08,0.9999999798078083,True
waymo_external,1000220,12657584952502228282_3940_000_3960_000_1549937216898539.png,32,32,32,False,5.000000413701855e-11,3.999991804448655e-08,0.9999999704337251,True
waymo_external,1000221,12657584952502228282_3940_000_3960_000_1549937217398446.png,32,32,32,False,5.000000413701855e-11,4.800000397153781e-08,0.999999986785778,True
waymo_external,1000222,12657584952502228282_3940_000_3960_000_1549937217898497.png,31,31,31,False,5.000000413701855e-11,4.800000397153781e-08,0.9999999722147577,True
waymo_external,1000223,12657584952502228282_3940_000_3960_000_1549937218398453.png,29,29,29,False,5.000000413701855e-11,4.800000397153781e-08,0.9999999652789694,True
waymo_external,1000224,12657584952502228282_3940_000_3960_000_1549937218898720.png,29,29,29,False,5.000000413701855e-11,4.800000397153781e-08,0.9999999745371654,True
waymo_external,1000225,12657584952502228282_3940_000_3960_000_1549937219398999.png,27,27,27,False,5.000000413701855e-11,4.1600003441999434e-08,0.9999999721308389,True
waymo_external,1000226,12657584952502228282_3940_000_3960_000_1549937219898991.png,27,27,27,False,5.000000413701855e-11,4.079998916495242e-08,0.9999999860578374,True
waymo_external,1000227,12657584952502228282_3940_000_3960_000_1549937220398802.png,26,26,26,False,5.000000413701855e-11,4.799994712811895e-08,0.9999999838187912,True
waymo_external,1000228,12657584952502228282_3940_000_3960_000_1549937220898674.png,26,26,26,False,5.000000413701855e-11,4.800001818239252e-08,0.9999999789229174,True
waymo_external,1000229,12657584952502228282_3940_000_3960_000_1549937221398660.png,25,25,25,False,5.000000413701855e-11,4.799994712811895e-08,0.9999999779348185,True
waymo_external,1000230,12657584952502228282_3940_000_3960_000_1549937221898992.png,24,24,24,False,5.000000413701855e-11,4.800000397153781e-08,0.9999999844271609,True
waymo_external,1000231,12657584952502228282_3940_000_3960_000_1549937222399274.png,23,23,23,False,5.000000413701855e-11,4.800000397153781e-08,0.9999999856381493,True
waymo_external,1000232,12657584952502228282_3940_000_3960_000_1549937222899266.png,23,23,23,False,5.000000413701855e-11,4.799994712811895e-08,0.9999999899236828,True
waymo_external,1000233,12657584952502228282_3940_000_3960_000_1549937223398950.png,24,24,24,False,5.000000413701855e-11,4.799997554982838e-08,0.9999999852127178,True
waymo_external,1000234,12657584952502228282_3940_000_3960_000_1549937223898628.png,24,24,24,False,5.000000413701855e-11,4.620000026989146e-08,0.9999999913856452,True
waymo_external,1000235,12657584952502228282_3940_000_3960_000_1549937224398546.png,24,24,24,False,5.000000413701855e-11,4.529999841906829e-08,0.9999999884237177,True
waymo_external,1000236,12657584952502228282_3940_000_3960_000_1549937224898635.png,23,23,23,False,5.000000413701855e-11,4.140002829444711e-08,0.9999999873999567,True
waymo_external,1000237,12657584952502228282_3940_000_3960_000_1549937225398829.png,23,23,23,False,5.000000413701855e-11,4.5300012629923e-08,0.999999989698217,True
waymo_external,1000238,6324079979569135086_2372_300_2392_300_1506988290759379.png,31,31,31,False,5.000000413701855e-11,4.270003728379379e-08,0.9999999734545416,True
waymo_external,1000239,6324079979569135086_2372_300_2392_300_1506988291259304.png,29,29,29,False,5.000000413701855e-11,4.800000397153781e-08,0.9999999734545416,True
waymo_external,1000240,6324079979569135086_2372_300_2392_300_1506988291759180.png,31,31,31,False,5.000000413701855e-11,4.800000397153781e-08,0.9999999734545416,True
waymo_external,1000241,6324079979569135086_2372_300_2392_300_1506988292259364.png,30,30,30,False,5.000000413701855e-11,4.000003173132427e-08,0.9999999734545416,True
waymo_external,1000242,6324079979569135086_2372_300_2392_300_1506988292759607.png,30,30,30,False,5.000000413701855e-11,4.529999841906829e-08,0.9999999631781945,True
waymo_external,1000243,6324079979569135086_2372_300_2392_300_1506988293259610.png,29,29,29,False,5.000000413701855e-11,4.000003173132427e-08,0.9999999734545416,True
waymo_external,1000244,6324079979569135086_2372_300_2392_300_1506988293759462.png,31,31,31,False,5.000000413701855e-11,4.800000397153781e-08,0.9999999740886876,True
waymo_external,1000245,6324079979569135086_2372_300_2392_300_1506988294259415.png,31,31,31,False,5.00000006675716e-11,4.269998044037493e-08,0.9999999608488547,True
waymo_external,1000246,6324079979569135086_2372_300_2392_300_1506988294759358.png,30,30,30,False,5.000000413701855e-11,4.000003173132427e-08,0.999999955914654,True
waymo_external,1000247,6324079979569135086_2372_300_2392_300_1506988295259170.png,31,31,31,False,5.000000413701855e-11,4.800000397153781e-08,0.9999999721999568,True
waymo_external,1000248,6324079979569135086_2372_300_2392_300_1506988295759068.png,36,36,36,False,5.000000413701855e-11,4.000003173132427e-08,0.9999999721528992,True
waymo_external,1000249,6324079979569135086_2372_300_2392_300_1506988296259175.png,32,32,32,False,5.000000413701855e-11,3.80000528821256e-08,0.9999999174753351,True
waymo_external,1000250,6324079979569135086_2372_300_2392_300_1506988296759323.png,33,33,33,False,5.000000413701855e-11,4.6399975417443784e-08,0.9999999779685842,True
waymo_external,1000251,6324079979569135086_2372_300_2392_300_1506988297259243.png,33,33,33,False,5.000000413701855e-11,4.699995770351961e-08,0.9999999420131932,True
waymo_external,1000252,6324079979569135086_2372_300_2392_300_1506988297758918.png,31,31,31,False,5.000000413701855e-11,4.799998976068309e-08,0.999999942013247,True
waymo_external,1000253,6324079979569135086_2372_300_2392_300_1506988298258545.png,30,30,30,False,5.000000413701855e-11,4.699995770351961e-08,0.999999953285454,True
waymo_external,1000254,6324079979569135086_2372_300_2392_300_1506988298758267.png,32,32,32,False,5.000000413701855e-11,4.1100008729699766e-08,0.9999999569755789,True
waymo_external,1000255,6324079979569135086_2372_300_2392_300_1506988299258081.png,29,29,29,False,5.000000413701855e-11,4.800006081495667e-08,0.9999999569755789,True
waymo_external,1000256,6324079979569135086_2372_300_2392_300_1506988299757707.png,28,28,28,False,5.000000413701855e-11,4.749995241581928e-08,0.9999999684851886,True
waymo_external,1000257,6324079979569135086_2372_300_2392_300_1506988300257639.png,27,27,27,False,5.000000413701855e-11,4.220004257149412e-08,0.9999999597824689,True
waymo_external,1000258,6324079979569135086_2372_300_2392_300_1506988300757757.png,28,28,28,False,5.000000413701855e-11,4.5000035697739804e-08,0.9999999516611305,True
waymo_external,1000259,6324079979569135086_2372_300_2392_300_1506988301257952.png,27,27,27,False,5.000000413701855e-11,4.800000397153781e-08,0.9999999395155261,True
waymo_external,1000260,6324079979569135086_2372_300_2392_300_1506988301758169.png,25,25,25,False,5.000000413701855e-11,4.680003939938615e-08,0.9999999588034113,True
waymo_external,1000261,6324079979569135086_2372_300_2392_300_1506988302258459.png,26,26,26,False,5.000000413701855e-11,4.800000397153781e-08,0.9999999662022219,True
waymo_external,1000262,6324079979569135086_2372_300_2392_300_1506988302758714.png,26,26,26,False,5.000000413701855e-11,4.409997700349777e-08,0.9999999642795631,True
waymo_external,1000263,6324079979569135086_2372_300_2392_300_1506988303259080.png,25,25,25,False,5.000000413701855e-11,4.800000397153781e-08,0.9999999670032926,True
waymo_external,1000264,6324079979569135086_2372_300_2392_300_1506988303759193.png,24,24,24,False,5.000000413701855e-11,4.000003173132427e-08,0.9999999661025849,True
waymo_external,1000265,6324079979569135086_2372_300_2392_300_1506988304259196.png,26,26,26,False,5.000000413701855e-11,4.800000397153781e-08,0.9999999837091731,True
waymo_external,1000266,6324079979569135086_2372_300_2392_300_1506988304759010.png,26,26,26,False,5.000000413701855e-11,4.799994712811895e-08,0.9999999811822871,True
waymo_external,1000267,6324079979569135086_2372_300_2392_300_1506988305258871.png,27,27,27,False,5.000000413701855e-11,4.800000397153781e-08,0.9999999783825594,True
waymo_external,1000268,6324079979569135086_2372_300_2392_300_1506988305758793.png,26,26,26,False,5.000000413701855e-11,4.259993602317991e-08,0.9999999718312277,True
waymo_external,1000269,6324079979569135086_2372_300_2392_300_1506988306258724.png,25,25,25,False,5.000000413701855e-11,4.690002697316231e-08,0.9999999616279324,True
waymo_external,1000270,6324079979569135086_2372_300_2392_300_1506988306758538.png,24,24,24,False,5.000000413701855e-11,4.079998916495242e-08,0.9999999600250981,True
waymo_external,1000271,6324079979569135086_2372_300_2392_300_1506988307258300.png,20,20,20,False,5.000000413701855e-11,4.529999841906829e-08,0.9999999835192708,True
waymo_external,1000272,6324079979569135086_2372_300_2392_300_1506988307758217.png,23,23,23,False,5.000000413701855e-11,4.529999841906829e-08,0.9999999686162699,True
waymo_external,1000273,6324079979569135086_2372_300_2392_300_1506988308258237.png,24,24,24,False,5.000000413701855e-11,4.800000397153781e-08,0.9999999708944367,True
waymo_external,1000274,6324079979569135086_2372_300_2392_300_1506988308758146.png,23,23,23,False,5.000000413701855e-11,4.800000397153781e-08,0.9999999741987152,True
waymo_external,1000275,6324079979569135086_2372_300_2392_300_1506988309258013.png,24,24,24,False,5.000000413701855e-11,3.999997488790541e-08,0.999999986286951,True
waymo_external,1000276,6324079979569135086_2372_300_2392_300_1506988309758129.png,22,22,22,False,5.000000413701855e-11,4.800000397153781e-08,0.9999999648192353,True
waymo_external,1000277,6324079979569135086_2372_300_2392_300_1506988310258358.png,21,21,21,False,5.000000413701855e-11,4.000000330961484e-08,0.9999999864077234,True
waymo_external,1000278,12358364923781697038_2232_990_2252_990_1507079373357140.png,2,2,2,False,5.00000006675716e-11,3.199999909497819e-08,0.9999999971866524,True
waymo_external,1000279,12358364923781697038_2232_990_2252_990_1507079373857065.png,4,4,4,False,4.9999976381442934e-11,4.0400038869847776e-08,0.9999999929026662,True
waymo_external,1000280,12358364923781697038_2232_990_2252_990_1507079374356809.png,4,4,4,False,4.9999997198124646e-11,3.590002961573191e-08,0.9999999835331518,True
waymo_external,1000281,12358364923781697038_2232_990_2252_990_1507079374856460.png,3,3,3,False,5.000000413701855e-11,3.200000264769187e-08,0.9999999955673671,True
waymo_external,1000282,12358364923781697038_2232_990_2252_990_1507079375356159.png,2,2,2,False,4.9999976381442934e-11,3.200001685854659e-08,0.9999999980228145,True
waymo_external,1000283,12358364923781697038_2232_990_2252_990_1507079375855945.png,2,2,2,False,4.5468753762101244e-11,3.520005975587992e-08,0.9999999980997951,True
waymo_external,1000284,12358364923781697038_2232_990_2252_990_1507079376356019.png,1,1,1,False,4.999999025923074e-11,3.200000264769187e-08,0.999999997815039,True
waymo_external,1000285,12358364923781697038_2232_990_2252_990_1507079376856253.png,2,2,2,False,4.656253160817414e-11,4.410003384691663e-08,0.9999999921941728,True
waymo_external,1000286,12358364923781697038_2232_990_2252_990_1507079377356081.png,3,3,3,False,4.9999997198124646e-11,3.199999909497819e-08,0.999999996211826,True
waymo_external,1000287,12358364923781697038_2232_990_2252_990_1507079377855853.png,3,3,3,False,4.9999997198124646e-11,3.199999909497819e-08,0.9999999978292444,True
waymo_external,1000288,12358364923781697038_2232_990_2252_990_1507079378355731.png,5,5,5,False,5.000000413701855e-11,4.260010655343649e-08,0.9999999949494346,True
waymo_external,1000289,12358364923781697038_2232_990_2252_990_1507079378855659.png,4,4,4,False,5.000000413701855e-11,3.920001745427726e-08,0.9999999948567629,True
waymo_external,1000290,12358364923781697038_2232_990_2252_990_1507079379355598.png,3,3,3,False,5.000000413701855e-11,3.200000264769187e-08,0.9999999983916783,True
waymo_external,1000291,12358364923781697038_2232_990_2252_990_1507079379855630.png,3,3,3,False,4.999999025923074e-11,3.719998176165973e-08,0.999999998123683,True
waymo_external,1000292,12358364923781697038_2232_990_2252_990_1507079380355813.png,4,4,4,False,4.789046936792829e-11,3.2300022212439217e-08,0.9999999960545302,True
waymo_external,1000293,12358364923781697038_2232_990_2252_990_1507079380855958.png,4,4,4,False,5.000000413701855e-11,4.000003173132427e-08,0.9999999967653489,True
waymo_external,1000294,12358364923781697038_2232_990_2252_990_1507079381355966.png,4,4,4,False,4.9999976381442934e-11,3.270002935096272e-08,0.9999999967199923,True
waymo_external,1000295,12358364923781697038_2232_990_2252_990_1507079381855598.png,3,3,3,False,4.617195514811101e-11,3.719998176165973e-08,0.9999999977145226,True
waymo_external,1000296,12358364923781697038_2232_990_2252_990_1507079382355572.png,2,2,2,False,4.999989311471609e-11,3.199988896085415e-08,0.9999999934825742,True
waymo_external,1000297,12358364923781697038_2232_990_2252_990_1507079382855586.png,2,2,2,False,4.375000361989123e-11,2.519999497962999e-08,0.9999999987164672,True
waymo_external,1000298,12358364923781697038_2232_990_2252_990_1507079383355558.png,1,1,1,False,4.7578163631101233e-11,2.0599998151737964e-08,0.9999999991306956,True
waymo_external,1000299,12358364923781697038_2232_990_2252_990_1507079383855775.png,1,1,1,False,5.000000413701855e-11,3.200000264769187e-08,0.9999999995338485,True
waymo_external,1000300,12358364923781697038_2232_990_2252_990_1507079384356047.png,2,2,2,False,5.000000413701855e-11,4.000003173132427e-08,0.9999999983946837,True
waymo_external,1000301,12358364923781697038_2232_990_2252_990_1507079384856210.png,2,2,2,False,5.000000413701855e-11,3.200000264769187e-08,0.9999999990002028,True
waymo_external,1000302,12358364923781697038_2232_990_2252_990_1507079385356195.png,2,2,2,False,5.000000413701855e-11,3.200000264769187e-08,0.9999999992384405,True
waymo_external,1000303,12358364923781697038_2232_990_2252_990_1507079385856159.png,2,2,2,False,4.601563574624379e-11,3.200000264769187e-08,0.999999999076949,True
waymo_external,1000304,12358364923781697038_2232_990_2252_990_1507079386356337.png,1,1,1,False,4.054689917154519e-11,3.309997964606737e-08,0.9999999991330006,True
waymo_external,1000305,12358364923781697038_2232_990_2252_990_1507079386856723.png,1,1,1,False,3.750000310276391e-11,3.1999995542264514e-08,0.9999999991767985,True
waymo_external,1000306,12358364923781697038_2232_990_2252_990_1507079387356946.png,0,0,0,False,0.0,0.0,1.0,True
waymo_external,1000307,12358364923781697038_2232_990_2252_990_1507079387856968.png,0,0,0,False,0.0,0.0,1.0,True
waymo_external,1000308,12358364923781697038_2232_990_2252_990_1507079388356895.png,0,0,0,False,0.0,0.0,1.0,True
waymo_external,1000309,12358364923781697038_2232_990_2252_990_1507079388856734.png,1,1,1,False,4.9687504111162184e-11,3.179999907843012e-08,0.9999999995347664,True
waymo_external,1000310,12358364923781697038_2232_990_2252_990_1507079389356708.png,1,1,1,False,5.000000413701855e-11,3.200000264769187e-08,0.9999999994524434,True
waymo_external,1000311,12358364923781697038_2232_990_2252_990_1507079389856886.png,1,1,1,False,4.921874019458983e-11,4.609995585269644e-08,0.9999999993924634,True
waymo_external,1000312,12358364923781697038_2232_990_2252_990_1507079390357125.png,1,1,1,False,3.749994759161268e-11,2.3999973564059474e-08,0.999999999759061,True
waymo_external,1000313,12358364923781697038_2232_990_2252_990_1507079390857350.png,1,1,1,False,4.703126776917088e-11,2.5399970127182314e-08,0.9999999991298553,True
waymo_external,1000314,12358364923781697038_2232_990_2252_990_1507079391357765.png,0,0,0,False,0.0,0.0,1.0,True
waymo_external,1000315,12358364923781697038_2232_990_2252_990_1507079391858607.png,0,0,0,False,0.0,0.0,1.0,True
waymo_external,1000316,12358364923781697038_2232_990_2252_990_1507079392360167.png,0,0,0,False,0.0,0.0,1.0,True
waymo_external,1000317,12358364923781697038_2232_990_2252_990_1507079392862677.png,1,1,1,False,4.9999997198124646e-11,3.199999909497819e-08,0.9999999978221465,True
waymo_external,1000318,16213317953898915772_1597_170_1617_170_1509233614793727.png,40,40,40,False,5.000000413701855e-11,4.800000397153781e-08,0.9999999565425223,True
waymo_external,1000319,16213317953898915772_1597_170_1617_170_1509233615293762.png,40,40,40,False,5.000000413701855e-11,4.489999128054478e-08,0.9999999565425223,True
waymo_external,1000320,16213317953898915772_1597_170_1617_170_1509233615793809.png,40,40,40,False,5.000000413701855e-11,4.800000397153781e-08,0.9999999479104222,True
waymo_external,1000321,16213317953898915772_1597_170_1617_170_1509233616293776.png,39,39,39,False,5.000000413701855e-11,4.20999981542991e-08,0.9999999696242762,True
waymo_external,1000322,16213317953898915772_1597_170_1617_170_1509233616793637.png,37,37,37,False,5.000000413701855e-11,3.999991804448655e-08,0.9999999696243212,True
waymo_external,1000323,16213317953898915772_1597_170_1617_170_1509233617293594.png,37,37,37,False,5.000000413701855e-11,4.000003173132427e-08,0.9999999696243212,True
waymo_external,1000324,16213317953898915772_1597_170_1617_170_1509233617793632.png,37,37,37,False,5.000000413701855e-11,4.530002684077772e-08,0.9999999696243212,True
waymo_external,1000325,16213317953898915772_1597_170_1617_170_1509233618293733.png,37,37,37,False,4.9999997198124646e-11,4.000003173132427e-08,0.9999999701681958,True
waymo_external,1000326,16213317953898915772_1597_170_1617_170_1509233618793772.png,37,37,37,False,5.000000413701855e-11,4.000003173132427e-08,0.9999999530464915,True
waymo_external,1000327,16213317953898915772_1597_170_1617_170_1509233619293687.png,38,38,38,False,5.000000413701855e-11,4.330001956986962e-08,0.9999999448839317,True
waymo_external,1000328,16213317953898915772_1597_170_1617_170_1509233619793571.png,37,37,37,False,5.000000413701855e-11,4.000003173132427e-08,0.9999999578618787,True
waymo_external,1000329,16213317953898915772_1597_170_1617_170_1509233620293598.png,37,37,37,False,5.000000413701855e-11,4.269998044037493e-08,0.9999999705761831,True
waymo_external,1000330,16213317953898915772_1597_170_1617_170_1509233620793703.png,37,37,37,False,5.000000413701855e-11,4.800000397153781e-08,0.9999999596275889,True
waymo_external,1000331,16213317953898915772_1597_170_1617_170_1509233621293910.png,36,36,36,False,5.000000413701855e-11,4.799998976068309e-08,0.9999999752915202,True
waymo_external,1000332,16213317953898915772_1597_170_1617_170_1509233621793942.png,35,35,35,False,5.000000413701855e-11,4.800000397153781e-08,0.9999999830195284,True
waymo_external,1000333,16213317953898915772_1597_170_1617_170_1509233622293787.png,37,37,37,False,5.000000413701855e-11,4.800000397153781e-08,0.9999999702661362,True
waymo_external,1000334,16213317953898915772_1597_170_1617_170_1509233622793538.png,38,38,38,False,5.000000413701855e-11,4.800000397153781e-08,0.999999977933689,True
waymo_external,1000335,16213317953898915772_1597_170_1617_170_1509233623293547.png,38,38,38,False,5.000000413701855e-11,4.5100023271515965e-08,0.999999957599623,True
waymo_external,1000336,16213317953898915772_1597_170_1617_170_1509233623793727.png,37,37,37,False,5.000000413701855e-11,4.800003239324724e-08,0.999999975826911,True
waymo_external,1000337,16213317953898915772_1597_170_1617_170_1509233624293839.png,35,35,35,False,5.000000413701855e-11,4.699995770351961e-08,0.9999999479574644,True
waymo_external,1000338,16213317953898915772_1597_170_1617_170_1509233624793771.png,35,35,35,False,5.000000413701855e-11,4.699995770351961e-08,0.9999999576172657,True
waymo_external,1000339,16213317953898915772_1597_170_1617_170_1509233625293657.png,38,38,38,False,5.000000413701855e-11,4.2700001756657e-08,0.9999999770305602,True
waymo_external,1000340,16213317953898915772_1597_170_1617_170_1509233625793579.png,36,36,36,False,5.000000413701855e-11,4.800000397153781e-08,0.999999973245809,True
waymo_external,1000341,16213317953898915772_1597_170_1617_170_1509233626293736.png,37,37,37,False,5.000000413701855e-11,4.0299994452652754e-08,0.9999999726971344,True
waymo_external,1000342,16213317953898915772_1597_170_1617_170_1509233626793726.png,37,37,37,False,5.000000413701855e-11,4.800000397153781e-08,0.9999999817617796,True
waymo_external,1000343,16213317953898915772_1597_170_1617_170_1509233627293691.png,34,34,34,False,5.000000413701855e-11,4.799994712811895e-08,0.9999999726846,True
waymo_external,1000344,16213317953898915772_1597_170_1617_170_1509233627794056.png,34,34,34,False,4.999999980020986e-11,4.800006081495667e-08,0.9999999709532573,True
waymo_external,1000345,16213317953898915772_1597_170_1617_170_1509233628295248.png,31,31,31,False,5.000000413701855e-11,4.800000397153781e-08,0.9999999761887186,True
waymo_external,1000346,16213317953898915772_1597_170_1617_170_1509233628797470.png,24,24,24,False,5.000000413701855e-11,4.130004072067095e-08,0.9999999608853359,True
waymo_external,1000347,16213317953898915772_1597_170_1617_170_1509233629300727.png,7,7,7,False,5.000000413701855e-11,3.5000027764908737e-08,0.9999999963722287,True
waymo_external,1000348,16213317953898915772_1597_170_1617_170_1509233629804734.png,2,2,2,False,5.000000413701855e-11,3.200001685854659e-08,0.9999999992001996,True
waymo_external,1000349,16213317953898915772_1597_170_1617_170_1509233630309208.png,3,3,3,False,4.999999893284812e-11,3.199999998315661e-08,0.9999999826613463,True
waymo_external,1000350,16213317953898915772_1597_170_1617_170_1509233630813451.png,5,5,5,False,5.000000413701855e-11,4.800000397153781e-08,0.999999968544553,True
waymo_external,1000351,16213317953898915772_1597_170_1617_170_1509233631317018.png,6,6,6,False,4.999999980020986e-11,3.199999998315661e-08,0.9999999699347096,True
waymo_external,1000352,16213317953898915772_1597_170_1617_170_1509233631819661.png,11,11,11,False,5.000000413701855e-11,3.999997488790541e-08,0.9999999685464942,True
waymo_external,1000353,16213317953898915772_1597_170_1617_170_1509233632321216.png,11,11,11,False,4.999999980020986e-11,4.800000397153781e-08,0.9999999610296941,True
waymo_external,1000354,16213317953898915772_1597_170_1617_170_1509233632821812.png,10,10,10,False,5.000000413701855e-11,4.800003239324724e-08,0.9999999612249597,True
waymo_external,1000355,16213317953898915772_1597_170_1617_170_1509233633322088.png,11,11,11,False,4.999999893284812e-11,3.9600024592800764e-08,0.9999999765541636,True
waymo_external,1000356,16213317953898915772_1597_170_1617_170_1509233633822572.png,13,13,13,False,5.000000413701855e-11,4.289995558792725e-08,0.9999999623764702,True
waymo_external,1000357,16213317953898915772_1597_170_1617_170_1509233634323160.png,17,17,17,False,5.000000413701855e-11,4.5100023271515965e-08,0.9999999766268494,True
waymo_external,1000358,2736377008667623133_2676_410_2696_410_1511721496476227.png,8,8,8,False,5.000000413701855e-11,4.800000397153781e-08,0.9999999945780887,True
waymo_external,1000359,2736377008667623133_2676_410_2696_410_1511721496976312.png,8,8,8,False,5.000000413701855e-11,4.000000330961484e-08,0.9999999952131466,True
waymo_external,1000360,2736377008667623133_2676_410_2696_410_1511721497476499.png,8,8,8,False,5.000000413701855e-11,4.3700026708393125e-08,0.9999999895810027,True
waymo_external,1000361,2736377008667623133_2676_410_2696_410_1511721497976786.png,8,8,8,False,5.000000413701855e-11,3.4999914078071015e-08,0.9999999931890726,True
waymo_external,1000362,2736377008667623133_2676_410_2696_410_1511721498477042.png,8,8,8,False,4.999999025923074e-11,3.200000264769187e-08,0.9999999936063433,True
waymo_external,1000363,2736377008667623133_2676_410_2696_410_1511721498977207.png,8,8,8,False,5.000000413701855e-11,4.1799921746132895e-08,0.9999999908329275,True
waymo_external,1000364,2736377008667623133_2676_410_2696_410_1511721499477388.png,8,8,8,False,4.9999997198124646e-11,4.0000001533258e-08,0.9999999892400133,True
waymo_external,1000365,2736377008667623133_2676_410_2696_410_1511721499977692.png,7,7,7,False,5.00000006675716e-11,3.5699997624760726e-08,0.9999999929865122,True
waymo_external,1000366,2736377008667623133_2676_410_2696_410_1511721500478378.png,5,5,5,False,4.999999893284812e-11,3.999997488790541e-08,0.9999999935133128,True
waymo_external,1000367,2736377008667623133_2676_410_2696_410_1511721500979579.png,4,4,4,False,5.000000413701855e-11,3.2299965369020356e-08,0.9999999969095318,True
waymo_external,1000368,2736377008667623133_2676_410_2696_410_1511721501481343.png,3,3,3,False,5.000000413701855e-11,4.000000330961484e-08,0.9999999887389238,True
waymo_external,1000369,2736377008667623133_2676_410_2696_410_1511721501983799.png,0,0,0,False,0.0,0.0,1.0,True
waymo_external,1000370,2736377008667623133_2676_410_2696_410_1511721502487018.png,0,0,0,False,0.0,0.0,1.0,True
waymo_external,1000371,2736377008667623133_2676_410_2696_410_1511721502990824.png,0,0,0,False,0.0,0.0,1.0,True
waymo_external,1000372,2736377008667623133_2676_410_2696_410_1511721503494682.png,2,2,2,False,3.078124907740509e-11,2.0199991013214458e-08,0.999999986642692,True
waymo_external,1000373,2736377008667623133_2676_410_2696_410_1511721503997894.png,7,7,7,False,5.000000413701855e-11,4.800006081495667e-08,0.9999999695047819,True
waymo_external,1000374,2736377008667623133_2676_410_2696_410_1511721504499973.png,7,7,7,False,5.000000413701855e-11,3.249994051657268e-08,0.9999999866427277,True
waymo_external,1000375,2736377008667623133_2676_410_2696_410_1511721505000847.png,7,7,7,False,5.00000006675716e-11,4.270003728379379e-08,0.9999999798661579,True
waymo_external,1000376,2736377008667623133_2676_410_2696_410_1511721505500878.png,7,7,7,False,5.000000413701855e-11,4.000003173132427e-08,0.9999999853918874,True
waymo_external,1000377,2736377008667623133_2676_410_2696_410_1511721506000758.png,7,7,7,False,5.000000413701855e-11,3.199999909497819e-08,0.999999986642674,True
waymo_external,1000378,2736377008667623133_2676_410_2696_410_1511721506500766.png,7,7,7,False,5.000000413701855e-11,4.800000397153781e-08,0.9999999836313241,True
waymo_external,1000379,2736377008667623133_2676_410_2696_410_1511721507000880.png,7,7,7,False,4.9999997198124646e-11,4.270003728379379e-08,0.9999999866926292,True
waymo_external,1000380,2736377008667623133_2676_410_2696_410_1511721507501045.png,6,6,6,False,5.000000413701855e-11,3.2199977795244195e-08,0.9999999868878323,True
waymo_external,1000381,2736377008667623133_2676_410_2696_410_1511721508001085.png,4,4,4,False,4.953126797602181e-11,4.560001798381563e-08,0.9999999899317783,True
waymo_external,1000382,2736377008667623133_2676_410_2696_410_1511721508500889.png,3,3,3,False,4.9999997198124646e-11,3.199999909497819e-08,0.9999999881344682,True
waymo_external,1000383,2736377008667623133_2676_410_2696_410_1511721509000708.png,3,3,3,False,3.664069048170404e-11,2.8200076940265717e-08,0.9999999911307619,True
waymo_external,1000384,2736377008667623133_2676_410_2696_410_1511721509500581.png,3,3,3,False,5.000000413701855e-11,3.200000264769187e-08,0.9999999828869246,True
waymo_external,1000385,2736377008667623133_2676_410_2696_410_1511721510000596.png,3,3,3,False,5.000000413701855e-11,3.729991249201703e-08,0.9999999945465795,True
waymo_external,1000386,2736377008667623133_2676_410_2696_410_1511721510500682.png,3,3,3,False,5.000000413701855e-11,3.729996933543589e-08,0.9999999803754664,True
waymo_external,1000387,2736377008667623133_2676_410_2696_410_1511721511000845.png,3,3,3,False,5.000000413701855e-11,3.199999909497819e-08,0.9999999927391491,True
waymo_external,1000388,2736377008667623133_2676_410_2696_410_1511721511500703.png,3,3,3,False,4.9999997198124646e-11,3.199999909497819e-08,0.999999991230572,True
waymo_external,1000389,2736377008667623133_2676_410_2696_410_1511721512000476.png,3,3,3,False,4.9999997198124646e-11,3.809992676906404e-08,0.999999991689389,True
waymo_external,1000390,2736377008667623133_2676_410_2696_410_1511721512500131.png,3,3,3,False,4.999999025923074e-11,3.469995135674253e-08,0.9999999934533191,True
waymo_external,1000391,2736377008667623133_2676_410_2696_410_1511721512999749.png,3,3,3,False,5.000000413701855e-11,3.200000264769187e-08,0.9999999913435926,True
waymo_external,1000392,2736377008667623133_2676_410_2696_410_1511721513499447.png,2,2,2,False,4.7343746978345536e-11,3.470000820016139e-08,0.999999994109742,True
waymo_external,1000393,2736377008667623133_2676_410_2696_410_1511721513998928.png,2,2,2,False,5.000000413701855e-11,2.9200000639661994e-08,0.9999999840845218,True
waymo_external,1000394,2736377008667623133_2676_410_2696_410_1511721514498196.png,2,2,2,False,4.5468739884313436e-11,3.0999956379673677e-08,0.9999999920223652,True
waymo_external,1000395,2736377008667623133_2676_410_2696_410_1511721514997563.png,2,2,2,False,3.312494722962356e-11,2.1999994714860804e-08,0.999999994312457,True
waymo_external,1000396,2736377008667623133_2676_410_2696_410_1511721515497081.png,2,2,2,False,5.00000006675716e-11,3.200000264769187e-08,0.9999999958169588,True
waymo_external,1000397,2736377008667623133_2676_410_2696_410_1511721515996515.png,2,2,2,False,4.9999997198124646e-11,4.119993946005707e-08,0.9999999946862907,True
waymo_external,1000398,3039251927598134881_1240_610_1260_610_1507246307397585.png,6,6,6,False,4.999999980020986e-11,3.199999998315661e-08,0.9999999783825594,True
waymo_external,1000399,3039251927598134881_1240_610_1260_610_1507246307897963.png,10,10,10,False,5.000000413701855e-11,4.000003173132427e-08,0.99999996211344,True
waymo_external,1000400,3039251927598134881_1240_610_1260_610_1507246308398329.png,15,15,15,False,5.000000413701855e-11,4.0300051296071615e-08,0.9999999694890198,True
waymo_external,1000401,3039251927598134881_1240_610_1260_610_1507246308898414.png,15,15,15,False,5.000000413701855e-11,4.799994712811895e-08,0.9999999699439226,True
waymo_external,1000402,3039251927598134881_1240_610_1260_610_1507246309398778.png,18,18,18,False,5.000000413701855e-11,4.159994659858057e-08,0.9999999710118248,True
waymo_external,1000403,3039251927598134881_1240_610_1260_610_1507246309899270.png,19,19,19,False,5.000000413701855e-11,3.730002617885475e-08,0.9999999762516277,True
waymo_external,1000404,3039251927598134881_1240_610_1260_610_1507246310399940.png,19,19,19,False,5.000000413701855e-11,3.999997488790541e-08,0.9999999740122181,True
waymo_external,1000405,3039251927598134881_1240_610_1260_610_1507246310900446.png,19,19,19,False,5.000000413701855e-11,4.009996246168157e-08,0.9999999622898678,True
waymo_external,1000406,3039251927598134881_1240_610_1260_610_1507246311400975.png,21,21,21,False,5.000000413701855e-11,4.140002829444711e-08,0.9999999801726756,True
waymo_external,1000407,3039251927598134881_1240_610_1260_610_1507246311901410.png,22,22,22,False,5.000000413701855e-11,4.000003173132427e-08,0.99999997574821,True
waymo_external,1000408,3039251927598134881_1240_610_1260_610_1507246312401810.png,21,21,21,False,4.999999893284812e-11,4.000003173132427e-08,0.9999999800066146,True
waymo_external,1000409,3039251927598134881_1240_610_1260_610_1507246312902284.png,23,23,23,False,5.000000413701855e-11,4.269998044037493e-08,0.9999999753326527,True
waymo_external,1000410,3039251927598134881_1240_610_1260_610_1507246313402800.png,23,23,23,False,5.000000413701855e-11,4.0400038869847776e-08,0.9999999801331467,True
waymo_external,1000411,3039251927598134881_1240_610_1260_610_1507246313903272.png,22,22,22,False,5.000000413701855e-11,4.000003173132427e-08,0.9999999819850474,True
waymo_external,1000412,3039251927598134881_1240_610_1260_610_1507246314403619.png,13,13,13,False,5.000000413701855e-11,4.799998976068309e-08,0.999999981539397,True
waymo_external,1000413,3039251927598134881_1240_610_1260_610_1507246314903924.png,11,11,11,False,5.000000413701855e-11,4.000000330961484e-08,0.9999999912561846,True
waymo_external,1000414,3039251927598134881_1240_610_1260_610_1507246315404362.png,10,10,10,False,5.000000413701855e-11,3.6200049180479255e-08,0.9999999808696404,True
waymo_external,1000415,3039251927598134881_1240_610_1260_610_1507246315904862.png,10,10,10,False,5.000000413701855e-11,4.800000397153781e-08,0.9999999894902811,True
waymo_external,1000416,3039251927598134881_1240_610_1260_610_1507246316405025.png,9,9,9,False,5.000000413701855e-11,4.1100008729699766e-08,0.9999999928284683,True
waymo_external,1000417,3039251927598134881_1240_610_1260_610_1507246316904997.png,8,8,8,False,5.000000413701855e-11,4.800000397153781e-08,0.9999999861054624,True
waymo_external,1000418,3039251927598134881_1240_610_1260_610_1507246317404951.png,8,8,8,False,5.000000413701855e-11,4.799997554982838e-08,0.9999999748372121,True
waymo_external,1000419,3039251927598134881_1240_610_1260_610_1507246317904952.png,5,5,5,False,5.000000413701855e-11,4.800000397153781e-08,0.9999999836255887,True
waymo_external,1000420,3039251927598134881_1240_610_1260_610_1507246318404936.png,6,6,6,False,5.000000413701855e-11,3.780002089115442e-08,0.999999993846921,True
waymo_external,1000421,3039251927598134881_1240_610_1260_610_1507246318904777.png,4,4,4,False,4.796875396895217e-11,4.210005499771796e-08,0.9999999955741573,True
waymo_external,1000422,3039251927598134881_1240_610_1260_610_1507246319404611.png,2,2,2,False,5.000000413701855e-11,3.200000975311923e-08,0.9999999957031876,True
waymo_external,1000423,3039251927598134881_1240_610_1260_610_1507246319904201.png,2,2,2,False,4.125001729082811e-11,3.199998843683716e-08,0.9999999974726687,True
waymo_external,1000424,3039251927598134881_1240_610_1260_610_1507246320403682.png,4,4,4,False,5.000000413701855e-11,3.199999909497819e-08,0.9999999957687794,True
waymo_external,1000425,3039251927598134881_1240_610_1260_610_1507246320903090.png,5,5,5,False,5.000000413701855e-11,3.779996404773556e-08,0.9999999952511844,True
waymo_external,1000426,3039251927598134881_1240_610_1260_610_1507246321402343.png,5,5,5,False,5.000000413701855e-11,3.9999989098760125e-08,0.9999999911066507,True
waymo_external,1000427,3039251927598134881_1240_610_1260_610_1507246321901771.png,5,5,5,False,5.000000413701855e-11,3.200000975311923e-08,0.999999995681785,True
waymo_external,1000428,3039251927598134881_1240_610_1260_610_1507246322401426.png,4,4,4,False,4.9999997198124646e-11,3.1999995542264514e-08,0.999999996732828,True
waymo_external,1000429,3039251927598134881_1240_610_1260_610_1507246322900980.png,3,3,3,False,4.999999025923074e-11,3.200000264769187e-08,0.9999999977562054,True
waymo_external,1000430,3039251927598134881_1240_610_1260_610_1507246323400463.png,3,3,3,False,4.9999997198124646e-11,3.200000264769187e-08,0.9999999984981652,True
waymo_external,1000431,3039251927598134881_1240_610_1260_610_1507246323900075.png,2,2,2,False,3.226563460856369e-11,2.000000165480742e-08,0.9999999980449238,True
waymo_external,1000432,3039251927598134881_1240_610_1260_610_1507246324399669.png,2,2,2,False,4.9999997198124646e-11,3.200000264769187e-08,0.9999999974061626,True
waymo_external,1000433,3039251927598134881_1240_610_1260_610_1507246324899209.png,2,2,2,False,4.9999997198124646e-11,3.200000264769187e-08,0.9999999985106426,True
waymo_external,1000434,3039251927598134881_1240_610_1260_610_1507246325398768.png,1,1,1,False,4.999999025923074e-11,3.200000264769187e-08,0.9999999987221527,True
waymo_external,1000435,3039251927598134881_1240_610_1260_610_1507246325898543.png,1,1,1,False,4.648437190724053e-11,2.2599977000936633e-08,0.9999999987523499,True
waymo_external,1000436,3039251927598134881_1240_610_1260_610_1507246326398277.png,0,0,0,False,0.0,0.0,1.0,True
waymo_external,1000437,3039251927598134881_1240_610_1260_610_1507246326897947.png,0,0,0,False,0.0,0.0,1.0,True
waymo_external,1000438,3126522626440597519_806_440_826_440_1511046955507243.png,14,14,14,False,5.000000413701855e-11,4.000000330961484e-08,0.9999999799591098,True
waymo_external,1000439,3126522626440597519_806_440_826_440_1511046956007192.png,14,14,14,False,5.000000413701855e-11,3.649995505838888e-08,0.9999999769162715,True
waymo_external,1000440,3126522626440597519_806_440_826_440_1511046956507026.png,14,14,14,False,5.000000413701855e-11,4.800000397153781e-08,0.9999999751565667,True
waymo_external,1000441,3126522626440597519_806_440_826_440_1511046957006923.png,14,14,14,False,5.000000413701855e-11,4.800000397153781e-08,0.9999999804239046,True
waymo_external,1000442,3126522626440597519_806_440_826_440_1511046957507011.png,13,13,13,False,5.000000413701855e-11,4.000003173132427e-08,0.9999999804395265,True
waymo_external,1000443,3126522626440597519_806_440_826_440_1511046958007016.png,15,15,15,False,5.000000413701855e-11,3.999997488790541e-08,0.999999971688835,True
waymo_external,1000444,3126522626440597519_806_440_826_440_1511046958507276.png,15,15,15,False,5.000000413701855e-11,3.9999989098760125e-08,0.9999999726313319,True
waymo_external,1000445,3126522626440597519_806_440_826_440_1511046959007476.png,15,15,15,False,5.000000413701855e-11,3.649995505838888e-08,0.9999999763823983,True
waymo_external,1000446,3126522626440597519_806_440_826_440_1511046959507448.png,14,14,14,False,5.000000413701855e-11,4.800000397153781e-08,0.9999999796555812,True
waymo_external,1000447,3126522626440597519_806_440_826_440_1511046960007294.png,13,13,13,False,5.00000006675716e-11,3.790006530834944e-08,0.9999999837169129,True
waymo_external,1000448,3126522626440597519_806_440_826_440_1511046960506987.png,13,13,13,False,5.000000413701855e-11,3.99999970923659e-08,0.9999999788246994,True
waymo_external,1000449,3126522626440597519_806_440_826_440_1511046961007000.png,13,13,13,False,5.000000413701855e-11,4.800000397153781e-08,0.9999999798542778,True
waymo_external,1000450,3126522626440597519_806_440_826_440_1511046961507183.png,13,13,13,False,5.00000006675716e-11,3.999997488790541e-08,0.9999999854253707,True
waymo_external,1000451,3126522626440597519_806_440_826_440_1511046962007484.png,13,13,13,False,5.000000413701855e-11,4.269998044037493e-08,0.9999999785549957,True
waymo_external,1000452,3126522626440597519_806_440_826_440_1511046962507395.png,13,13,13,False,5.000000413701855e-11,4.800000397153781e-08,0.9999999841024585,True
waymo_external,1000453,3126522626440597519_806_440_826_440_1511046963007286.png,13,13,13,False,5.000000413701855e-11,4.000003173132427e-08,0.9999999837527096,True
waymo_external,1000454,3126522626440597519_806_440_826_440_1511046963506911.png,13,13,13,False,4.999999980020986e-11,3.999997488790541e-08,0.9999999833184864,True
waymo_external,1000455,3126522626440597519_806_440_826_440_1511046964006689.png,13,13,13,False,5.000000413701855e-11,3.200000087133503e-08,0.9999999732354303,True
waymo_external,1000456,3126522626440597519_806_440_826_440_1511046964506662.png,13,13,13,False,5.000000413701855e-11,4.000000330961484e-08,0.9999999846449182,True
waymo_external,1000457,3126522626440597519_806_440_826_440_1511046965006554.png,13,13,13,False,5.000000413701855e-11,4.000000330961484e-08,0.9999999824045116,True
waymo_external,1000458,3126522626440597519_806_440_826_440_1511046965506526.png,13,13,13,False,5.00000006675716e-11,4.540004283626331e-08,0.999999975806639,True
waymo_external,1000459,3126522626440597519_806_440_826_440_1511046966006467.png,13,13,13,False,5.000000413701855e-11,4.800000397153781e-08,0.9999999826655627,True
waymo_external,1000460,3126522626440597519_806_440_826_440_1511046966506391.png,13,13,13,False,5.000000413701855e-11,4.799997554982838e-08,0.9999999880179471,True
waymo_external,1000461,3126522626440597519_806_440_826_440_1511046967006362.png,13,13,13,False,5.000000413701855e-11,4.000000330961484e-08,0.9999999819255734,True
waymo_external,1000462,3126522626440597519_806_440_826_440_1511046967506412.png,13,13,13,False,5.00000006675716e-11,3.200000264769187e-08,0.9999999891046721,True
waymo_external,1000463,3126522626440597519_806_440_826_440_1511046968006331.png,13,13,13,False,5.000000413701855e-11,4.799994712811895e-08,0.9999999822999117,True
waymo_external,1000464,3126522626440597519_806_440_826_440_1511046968506223.png,13,13,13,False,5.000000413701855e-11,4.800000397153781e-08,0.9999999861677857,True
waymo_external,1000465,3126522626440597519_806_440_826_440_1511046969006217.png,13,13,13,False,5.000000413701855e-11,4.529999841906829e-08,0.999999979902672,True
waymo_external,1000466,3126522626440597519_806_440_826_440_1511046969506224.png,13,13,13,False,5.00000006675716e-11,3.6300036754255416e-08,0.9999999785144049,True
waymo_external,1000467,3126522626440597519_806_440_826_440_1511046970006257.png,13,13,13,False,5.000000413701855e-11,4.000000330961484e-08,0.9999999805556629,True
waymo_external,1000468,3126522626440597519_806_440_826_440_1511046970506149.png,13,13,13,False,5.000000413701855e-11,4.410003384691663e-08,0.9999999744007128,True
waymo_external,1000469,3126522626440597519_806_440_826_440_1511046971005796.png,13,13,13,False,5.000000413701855e-11,3.999997488790541e-08,0.9999999750626144,True
waymo_external,1000470,3126522626440597519_806_440_826_440_1511046971505079.png,13,13,13,False,5.000000413701855e-11,4.800000397153781e-08,0.9999999767034273,True
waymo_external,1000471,3126522626440597519_806_440_826_440_1511046972003504.png,13,13,13,False,5.000000413701855e-11,3.549996563378954e-08,0.999999979697909,True
waymo_external,1000472,3126522626440597519_806_440_826_440_1511046972501165.png,14,14,14,False,5.000000413701855e-11,3.999997488790541e-08,0.9999999812472313,True
waymo_external,1000473,3126522626440597519_806_440_826_440_1511046972998165.png,6,6,6,False,5.000000413701855e-11,4.799994712811895e-08,0.9999999852089733,True
waymo_external,1000474,3126522626440597519_806_440_826_440_1511046973495070.png,1,1,1,False,4.999999025923074e-11,3.200000264769187e-08,0.9999999992119352,True
waymo_external,1000475,3126522626440597519_806_440_826_440_1511046973992517.png,2,2,2,False,5.00000006675716e-11,3.200000264769187e-08,0.9999999956959321,True
waymo_external,1000476,3126522626440597519_806_440_826_440_1511046974489918.png,6,6,6,False,5.00000006675716e-11,3.999991804448655e-08,0.999999990246082,True
waymo_external,1000477,3126522626440597519_806_440_826_440_1511046974987198.png,8,8,8,False,5.00000006675716e-11,4.799997554982838e-08,0.9999999814124348,True
waymo_external,1000478,2105808889850693535_2295_720_2315_720_1511129111978661.png,30,30,30,False,5.000000413701855e-11,4.800000397153781e-08,0.9999999630708161,True
waymo_external,1000479,2105808889850693535_2295_720_2315_720_1511129112478706.png,26,26,26,False,5.000000413701855e-11,4.800000397153781e-08,0.999999969636159,True
waymo_external,1000480,2105808889850693535_2295_720_2315_720_1511129112978895.png,25,25,25,False,5.000000413701855e-11,4.799994712811895e-08,0.9999999697738559,True
waymo_external,1000481,2105808889850693535_2295_720_2315_720_1511129113479025.png,24,24,24,False,5.000000413701855e-11,4.800000397153781e-08,0.9999999661887196,True
waymo_external,1000482,2105808889850693535_2295_720_2315_720_1511129113978982.png,25,25,25,False,5.000000413701855e-11,4.270003728379379e-08,0.9999999707469108,True
waymo_external,1000483,2105808889850693535_2295_720_2315_720_1511129114479027.png,27,27,27,False,5.000000413701855e-11,4.799994712811895e-08,0.9999999639124457,True
waymo_external,1000484,2105808889850693535_2295_720_2315_720_1511129114979008.png,26,26,26,False,5.000000413701855e-11,3.999997488790541e-08,0.9999999736561749,True
waymo_external,1000485,2105808889850693535_2295_720_2315_720_1511129115479150.png,25,25,25,False,5.000000413701855e-11,4.800006081495667e-08,0.9999999775334178,True
waymo_external,1000486,2105808889850693535_2295_720_2315_720_1511129115979075.png,22,22,22,False,5.000000413701855e-11,4.000003173132427e-08,0.9999999605299074,True
waymo_external,1000487,2105808889850693535_2295_720_2315_720_1511129116479000.png,18,18,18,False,5.000000413701855e-11,4.799994712811895e-08,0.999999977847078,True
waymo_external,1000488,2105808889850693535_2295_720_2315_720_1511129116978989.png,17,17,17,False,5.000000413701855e-11,4.800000397153781e-08,0.9999999732406956,True
waymo_external,1000489,2105808889850693535_2295_720_2315_720_1511129117479025.png,16,16,16,False,5.000000413701855e-11,4.000003173132427e-08,0.9999999686557972,True
waymo_external,1000490,2105808889850693535_2295_720_2315_720_1511129117979206.png,12,12,12,False,4.999999893284812e-11,3.8300015603454085e-08,0.9999999840486243,True
waymo_external,1000491,2105808889850693535_2295_720_2315_720_1511129118479307.png,13,13,13,False,5.000000413701855e-11,4.799994712811895e-08,0.9999999833170902,True
waymo_external,1000492,2105808889850693535_2295_720_2315_720_1511129118979456.png,12,12,12,False,5.000000413701855e-11,4.799994712811895e-08,0.9999999771004342,True
waymo_external,1000493,2105808889850693535_2295_720_2315_720_1511129119479755.png,11,11,11,False,4.999999893284812e-11,3.5600066894403426e-08,0.9999999785412363,True
waymo_external,1000494,2105808889850693535_2295_720_2315_720_1511129119979452.png,12,12,12,False,5.000000413701855e-11,4.800000397153781e-08,0.9999999825938144,True
waymo_external,1000495,2105808889850693535_2295_720_2315_720_1511129120478938.png,13,13,13,False,5.000000413701855e-11,4.799994712811895e-08,0.9999999770529278,True
waymo_external,1000496,2105808889850693535_2295_720_2315_720_1511129120978713.png,12,12,12,False,5.000000413701855e-11,4.799994712811895e-08,0.9999999826970751,True
waymo_external,1000497,2105808889850693535_2295_720_2315_720_1511129121478755.png,12,12,12,False,5.00000006675716e-11,3.3500043628009735e-08,0.999999983685442,True
waymo_external,1000498,2105808889850693535_2295_720_2315_720_1511129121978849.png,12,12,12,False,5.000000413701855e-11,4.000003173132427e-08,0.9999999769322275,True
waymo_external,1000499,2105808889850693535_2295_720_2315_720_1511129122478878.png,12,12,12,False,4.999989311471609e-11,3.670004389277892e-08,0.9999999751334412,True
waymo_external,1000500,2105808889850693535_2295_720_2315_720_1511129122978903.png,12,12,12,False,5.000000413701855e-11,3.670004389277892e-08,0.9999999808240329,True
waymo_external,1000501,2105808889850693535_2295_720_2315_720_1511129123478873.png,12,12,12,False,5.000000413701855e-11,3.670004389277892e-08,0.9999999772063145,True
waymo_external,1000502,2105808889850693535_2295_720_2315_720_1511129123978828.png,11,11,11,False,5.000000413701855e-11,4.000003173132427e-08,0.9999999835957093,True
waymo_external,1000503,2105808889850693535_2295_720_2315_720_1511129124478679.png,9,9,9,False,4.999999893284812e-11,4.799994712811895e-08,0.9999999824586235,True
waymo_external,1000504,2105808889850693535_2295_720_2315_720_1511129124978535.png,7,7,7,False,5.000000413701855e-11,3.230007905585808e-08,0.9999999809866779,True
waymo_external,1000505,2105808889850693535_2295_720_2315_720_1511129125478560.png,6,6,6,False,4.8593749683856213e-11,3.999997488790541e-08,0.9999999855438501,True
waymo_external,1000506,2105808889850693535_2295_720_2315_720_1511129125978788.png,6,6,6,False,4.8593749683856213e-11,3.939993575841072e-08,0.9999999804159418,True
waymo_external,1000507,2105808889850693535_2295_720_2315_720_1511129126478948.png,7,7,7,False,4.999999893284812e-11,3.9999989098760125e-08,0.9999999816025084,True
waymo_external,1000508,2105808889850693535_2295_720_2315_720_1511129126979076.png,6,6,6,False,5.000000413701855e-11,3.8300015603454085e-08,0.9999999836973115,True
waymo_external,1000509,2105808889850693535_2295_720_2315_720_1511129127479014.png,6,6,6,False,4.999999980020986e-11,3.200000042724582e-08,0.9999999816025084,True
waymo_external,1000510,2105808889850693535_2295_720_2315_720_1511129127979137.png,4,4,4,False,4.578125031851066e-11,2.930000064793603e-08,0.9999999804879837,True
waymo_external,1000511,2105808889850693535_2295_720_2315_720_1511129128479158.png,4,4,4,False,4.999999893284812e-11,3.709999418788357e-08,0.9999999823643567,True
waymo_external,1000512,2105808889850693535_2295_720_2315_720_1511129128979079.png,4,4,4,False,5.000000413701855e-11,3.200000264769187e-08,0.9999999765095713,True
waymo_external,1000513,2105808889850693535_2295_720_2315_720_1511129129478987.png,4,4,4,False,5.000000413701855e-11,2.6900011107500177e-08,0.9999999688455958,True
waymo_external,1000514,2105808889850693535_2295_720_2315_720_1511129129979150.png,4,4,4,False,5.000000413701855e-11,3.999997488790541e-08,0.9999999790834684,True
waymo_external,1000515,2105808889850693535_2295_720_2315_720_1511129130479115.png,4,4,4,False,4.8593749683856213e-11,3.470000820016139e-08,0.9999999826941357,True
waymo_external,1000516,2105808889850693535_2295_720_2315_720_1511129130978854.png,4,4,4,False,5.000000413701855e-11,3.200000264769187e-08,0.9999999762333517,True
waymo_external,1000517,2105808889850693535_2295_720_2315_720_1511129131478616.png,4,4,4,False,4.593750033143884e-11,2.9400000656210068e-08,0.9999999810764689,True
waymo_external,1000518,10289507859301986274_4200_000_4220_000_1557847392672581.png,42,42,42,False,5.000000413701855e-11,4.800006081495667e-08,0.9999999712147952,True
waymo_external,1000519,10289507859301986274_4200_000_4220_000_1557847393172585.png,42,42,42,False,5.000000413701855e-11,4.800000397153781e-08,0.9999999721349385,True
waymo_external,1000520,10289507859301986274_4200_000_4220_000_1557847393672620.png,37,37,37,False,5.000000413701855e-11,4.6400032260862645e-08,0.9999999728914564,True
waymo_external,1000521,10289507859301986274_4200_000_4220_000_1557847394172576.png,29,29,29,False,5.000000413701855e-11,3.9999989098760125e-08,0.999999982046124,True
waymo_external,1000522,10289507859301986274_4200_000_4220_000_1557847394672600.png,26,26,26,False,5.000000413701855e-11,4.359995386948867e-08,0.9999999758933877,True
waymo_external,1000523,10289507859301986274_4200_000_4220_000_1557847395172640.png,28,28,28,False,5.000000413701855e-11,4.000000330961484e-08,0.9999999773524257,True
waymo_external,1000524,10289507859301986274_4200_000_4220_000_1557847395672605.png,29,29,29,False,5.000000413701855e-11,4.800000397153781e-08,0.9999999692090168,True
waymo_external,1000525,10289507859301986274_4200_000_4220_000_1557847396172563.png,38,38,38,False,5.000000413701855e-11,4.799998976068309e-08,0.99999996598957,True
waymo_external,1000526,10289507859301986274_4200_000_4220_000_1557847396672632.png,44,44,44,False,5.000000413701855e-11,3.999997488790541e-08,0.9999999702599367,True
waymo_external,1000527,10289507859301986274_4200_000_4220_000_1557847397172702.png,44,44,44,False,5.000000413701855e-11,4.330001956986962e-08,0.999999967474985,True
waymo_external,1000528,10289507859301986274_4200_000_4220_000_1557847397672777.png,44,44,44,False,5.000000413701855e-11,4.799994712811895e-08,0.9999999497297012,True
waymo_external,1000529,10289507859301986274_4200_000_4220_000_1557847398172641.png,46,46,46,False,5.000000413701855e-11,4.000000330961484e-08,0.9999999657086772,True
waymo_external,1000530,10289507859301986274_4200_000_4220_000_1557847398672474.png,42,42,42,False,5.000000413701855e-11,4.020000687887659e-08,0.9999999755422242,True
waymo_external,1000531,10289507859301986274_4200_000_4220_000_1557847399172389.png,42,42,42,False,5.000000413701855e-11,4.550008725345833e-08,0.9999999727924804,True
waymo_external,1000532,10289507859301986274_4200_000_4220_000_1557847399672379.png,47,47,47,False,5.000000413701855e-11,4.800000397153781e-08,0.9999999667053106,True
waymo_external,1000533,10289507859301986274_4200_000_4220_000_1557847400172420.png,38,38,38,False,5.000000413701855e-11,4.799997554982838e-08,0.9999999482758156,True
waymo_external,1000534,10289507859301986274_4200_000_4220_000_1557847400672475.png,34,34,34,False,5.000000413701855e-11,4.2299973301851423e-08,0.9999999647385269,True
waymo_external,1000535,10289507859301986274_4200_000_4220_000_1557847401172530.png,30,30,30,False,5.000000413701855e-11,4.329996272645076e-08,0.9999999713977553,True
waymo_external,1000536,10289507859301986274_4200_000_4220_000_1557847401672650.png,35,35,35,False,5.000000413701855e-11,4.800000397153781e-08,0.9999999565425223,True
waymo_external,1000537,10289507859301986274_4200_000_4220_000_1557847402172646.png,32,32,32,False,5.000000413701855e-11,4.539998599284445e-08,0.9999999698670113,True
waymo_external,1000538,10289507859301986274_4200_000_4220_000_1557847402672607.png,30,30,30,False,5.000000413701855e-11,4.470001613299246e-08,0.999999958836487,True
waymo_external,1000539,10289507859301986274_4200_000_4220_000_1557847403172619.png,34,34,34,False,5.000000413701855e-11,4.800006081495667e-08,0.9999999745826117,True
waymo_external,1000540,10289507859301986274_4200_000_4220_000_1557847403672617.png,36,36,36,False,5.000000413701855e-11,4.800000397153781e-08,0.999999979017819,True
waymo_external,1000541,10289507859301986274_4200_000_4220_000_1557847404172643.png,42,42,42,False,5.000000413701855e-11,4.729997726826696e-08,0.9999999783305794,True
waymo_external,1000542,10289507859301986274_4200_000_4220_000_1557847404672547.png,46,46,46,False,5.000000413701855e-11,4.800003239324724e-08,0.9999999611255028,True
waymo_external,1000543,10289507859301986274_4200_000_4220_000_1557847405172436.png,50,50,50,False,5.000000413701855e-11,4.800000397153781e-08,0.9999999641068092,True
waymo_external,1000544,10289507859301986274_4200_000_4220_000_1557847405672479.png,52,52,52,False,5.000000413701855e-11,4.800000397153781e-08,0.9999999514455693,True
waymo_external,1000545,10289507859301986274_4200_000_4220_000_1557847406172415.png,57,57,57,False,5.000000413701855e-11,4.800001818239252e-08,0.9999999667318274,True
waymo_external,1000546,10289507859301986274_4200_000_4220_000_1557847406672419.png,58,58,58,False,5.000000413701855e-11,4.800000397153781e-08,0.999999965812458,True
waymo_external,1000547,10289507859301986274_4200_000_4220_000_1557847407172500.png,56,56,56,False,5.000000413701855e-11,4.800000397153781e-08,0.9999999632111893,True
waymo_external,1000548,10289507859301986274_4200_000_4220_000_1557847407672537.png,57,57,57,False,5.000000413701855e-11,4.269998044037493e-08,0.9999999642481084,True
waymo_external,1000549,10289507859301986274_4200_000_4220_000_1557847408172459.png,58,58,58,False,5.000000413701855e-11,4.259999286659877e-08,0.9999999479381808,True
waymo_external,1000550,10289507859301986274_4200_000_4220_000_1557847408672106.png,57,57,57,False,5.000000413701855e-11,4.800000397153781e-08,0.9999999313170662,True
waymo_external,1000551,10289507859301986274_4200_000_4220_000_1557847409172005.png,61,61,61,False,5.000000413701855e-11,4.1799978589551756e-08,0.9999999522478775,True
waymo_external,1000552,10289507859301986274_4200_000_4220_000_1557847409671967.png,59,59,59,False,5.000000413701855e-11,4.800000397153781e-08,0.9999999555966882,True
waymo_external,1000553,10289507859301986274_4200_000_4220_000_1557847410172119.png,62,62,62,False,5.000000413701855e-11,4.529999841906829e-08,0.9999999623861512,True
waymo_external,1000554,10289507859301986274_4200_000_4220_000_1557847410672306.png,59,59,59,False,5.000000413701855e-11,4.800006081495667e-08,0.9999999698378531,True
waymo_external,1000555,10289507859301986274_4200_000_4220_000_1557847411172351.png,61,61,61,False,5.000000413701855e-11,4.800000397153781e-08,0.9999999654667429,True
waymo_external,1000556,10289507859301986274_4200_000_4220_000_1557847411672343.png,61,61,61,False,5.000000413701855e-11,4.800000397153781e-08,0.9999999583651722,True
waymo_external,1000557,10289507859301986274_4200_000_4220_000_1557847412172249.png,58,58,58,False,5.000000413701855e-11,4.799994712811895e-08,0.9999999704022697,True
waymo_external,1000558,13356997604177841771_3360_000_3380_000_1557267377087332.png,51,51,51,False,5.000000413701855e-11,4.800000397153781e-08,0.9999999476137251,True
waymo_external,1000559,13356997604177841771_3360_000_3380_000_1557267377587261.png,49,49,49,False,5.000000413701855e-11,4.000000330961484e-08,0.9999999705680916,True
waymo_external,1000560,13356997604177841771_3360_000_3380_000_1557267378087469.png,48,48,48,False,5.000000413701855e-11,4.800006081495667e-08,0.9999999619710068,True
waymo_external,1000561,13356997604177841771_3360_000_3380_000_1557267378587691.png,48,48,48,False,5.000000413701855e-11,4.270000886208436e-08,0.9999999586432505,True
waymo_external,1000562,13356997604177841771_3360_000_3380_000_1557267379087718.png,45,45,45,False,5.000000413701855e-11,4.800000397153781e-08,0.9999999589129382,True
waymo_external,1000563,13356997604177841771_3360_000_3380_000_1557267379587481.png,48,48,48,False,5.000000413701855e-11,4.799997554982838e-08,0.9999999633140102,True
waymo_external,1000564,13356997604177841771_3360_000_3380_000_1557267380087192.png,52,52,52,False,5.000000413701855e-11,4.800003239324724e-08,0.999999963789803,True
waymo_external,1000565,13356997604177841771_3360_000_3380_000_1557267380587205.png,50,50,50,False,5.000000413701855e-11,4.799994712811895e-08,0.9999999622785043,True
waymo_external,1000566,13356997604177841771_3360_000_3380_000_1557267381087363.png,52,52,52,False,5.000000413701855e-11,4.800000397153781e-08,0.999999962278455,True
waymo_external,1000567,13356997604177841771_3360_000_3380_000_1557267381587525.png,50,50,50,False,5.000000413701855e-11,4.799994712811895e-08,0.9999999570912387,True
waymo_external,1000568,13356997604177841771_3360_000_3380_000_1557267382087526.png,49,49,49,False,5.000000413701855e-11,4.529999841906829e-08,0.999999960026491,True
waymo_external,1000569,13356997604177841771_3360_000_3380_000_1557267382587584.png,48,48,48,False,5.000000413701855e-11,4.5099966428097105e-08,0.9999999582981638,True
waymo_external,1000570,13356997604177841771_3360_000_3380_000_1557267383087635.png,47,47,47,False,5.000000413701855e-11,4.800000397153781e-08,0.9999999630981387,True
waymo_external,1000571,13356997604177841771_3360_000_3380_000_1557267383587568.png,45,45,45,False,5.000000413701855e-11,4.269998044037493e-08,0.9999999589707765,True
waymo_external,1000572,13356997604177841771_3360_000_3380_000_1557267384087486.png,44,44,44,False,5.000000413701855e-11,4.670005182560999e-08,0.9999999611997363,True
waymo_external,1000573,13356997604177841771_3360_000_3380_000_1557267384587702.png,42,42,42,False,5.000000413701855e-11,4.800000397153781e-08,0.9999999635687671,True
waymo_external,1000574,13356997604177841771_3360_000_3380_000_1557267385088046.png,38,38,38,False,5.000000413701855e-11,4.269998044037493e-08,0.9999999540474995,True
waymo_external,1000575,13356997604177841771_3360_000_3380_000_1557267385588459.png,39,39,39,False,5.000000413701855e-11,4.000000330961484e-08,0.9999999582981148,True
waymo_external,1000576,13356997604177841771_3360_000_3380_000_1557267386088565.png,45,45,45,False,5.000000413701855e-11,4.2299973301851423e-08,0.9999999480883279,True
waymo_external,1000577,13356997604177841771_3360_000_3380_000_1557267386588510.png,50,50,50,False,5.000000413701855e-11,4.250000529282261e-08,0.9999999436684146,True
waymo_external,1000578,13356997604177841771_3360_000_3380_000_1557267387088421.png,41,41,41,False,5.000000413701855e-11,4.800000397153781e-08,0.9999999532067221,True
waymo_external,1000579,13356997604177841771_3360_000_3380_000_1557267387588378.png,39,39,39,False,5.000000413701855e-11,4.800000397153781e-08,0.9999999629579891,True
waymo_external,1000580,13356997604177841771_3360_000_3380_000_1557267388088357.png,42,42,42,False,5.000000413701855e-11,4.800000397153781e-08,0.9999999589128893,True
waymo_external,1000581,13356997604177841771_3360_000_3380_000_1557267388588540.png,43,43,43,False,5.000000413701855e-11,4.000003173132427e-08,0.9999999450949489,True
waymo_external,1000582,13356997604177841771_3360_000_3380_000_1557267389088584.png,39,39,39,False,5.000000413701855e-11,4.000003173132427e-08,0.9999999677904807,True
waymo_external,1000583,13356997604177841771_3360_000_3380_000_1557267389588330.png,43,43,43,False,5.000000413701855e-11,4.119999630347593e-08,0.9999999619224832,True
waymo_external,1000584,13356997604177841771_3360_000_3380_000_1557267390088052.png,42,42,42,False,5.000000413701855e-11,4.410003384691663e-08,0.9999999680519801,True
waymo_external,1000585,13356997604177841771_3360_000_3380_000_1557267390587932.png,46,46,46,False,5.000000413701855e-11,4.799999686611045e-08,0.9999999636591459,True
waymo_external,1000586,13356997604177841771_3360_000_3380_000_1557267391087785.png,40,40,40,False,5.000000413701855e-11,4.800006081495667e-08,0.9999999717431534,True
waymo_external,1000587,13356997604177841771_3360_000_3380_000_1557267391587678.png,41,41,41,False,5.000000413701855e-11,4.799994712811895e-08,0.9999999391326384,True
waymo_external,1000588,13356997604177841771_3360_000_3380_000_1557267392087628.png,35,35,35,False,5.000000413701855e-11,4.139997145102825e-08,0.9999999544183201,True
waymo_external,1000589,13356997604177841771_3360_000_3380_000_1557267392587594.png,36,36,36,False,5.000000413701855e-11,4.019995003545773e-08,0.9999999705680916,True
waymo_external,1000590,13356997604177841771_3360_000_3380_000_1557267393087606.png,33,33,33,False,5.000000413701855e-11,4.799994712811895e-08,0.999999959750098,True
waymo_external,1000591,13356997604177841771_3360_000_3380_000_1557267393587645.png,30,30,30,False,5.000000413701855e-11,4.799994712811895e-08,0.9999999627423307,True
waymo_external,1000592,13356997604177841771_3360_000_3380_000_1557267394087559.png,24,24,24,False,5.000000413701855e-11,4.799994712811895e-08,0.9999999693502933,True
waymo_external,1000593,13356997604177841771_3360_000_3380_000_1557267394587557.png,33,33,33,False,5.000000413701855e-11,4.800006081495667e-08,0.9999999677582019,True
waymo_external,1000594,13356997604177841771_3360_000_3380_000_1557267395087510.png,33,33,33,False,5.000000413701855e-11,4.529999841906829e-08,0.9999999487463278,True
waymo_external,1000595,13356997604177841771_3360_000_3380_000_1557267395587309.png,28,28,28,False,5.000000413701855e-11,4.800000397153781e-08,0.9999999532067715,True
waymo_external,1000596,13356997604177841771_3360_000_3380_000_1557267396087321.png,27,27,27,False,5.000000413701855e-11,4.799994712811895e-08,0.9999999595386303,True
waymo_external,1000597,13356997604177841771_3360_000_3380_000_1557267396587372.png,12,12,12,False,5.000000413701855e-11,4.799994712811895e-08,0.9999999839785947,True
waymo_external,1000598,30779396576054160_1880_000_1900_000_1557845072664263.png,34,34,34,False,5.000000413701855e-11,4.529999841906829e-08,0.9999999761390648,True
waymo_external,1000599,30779396576054160_1880_000_1900_000_1557845073164288.png,34,34,34,False,5.000000413701855e-11,4.279996801415109e-08,0.9999999807594288,True
waymo_external,1000600,30779396576054160_1880_000_1900_000_1557845073664294.png,36,36,36,False,5.000000413701855e-11,4.35999822911981e-08,0.9999999818821318,True
waymo_external,1000601,30779396576054160_1880_000_1900_000_1557845074164295.png,39,39,39,False,5.000000413701855e-11,4.35999822911981e-08,0.9999999843748593,True
waymo_external,1000602,30779396576054160_1880_000_1900_000_1557845074664280.png,40,40,40,False,5.000000413701855e-11,4.800000397153781e-08,0.9999999789260953,True
waymo_external,1000603,30779396576054160_1880_000_1900_000_1557845075164283.png,41,41,41,False,5.000000413701855e-11,4.800000397153781e-08,0.9999999788328195,True
waymo_external,1000604,30779396576054160_1880_000_1900_000_1557845075664314.png,40,40,40,False,5.000000413701855e-11,4.0999964312504744e-08,0.9999999789893923,True
waymo_external,1000605,30779396576054160_1880_000_1900_000_1557845076164361.png,42,42,42,False,5.000000413701855e-11,4.800000397153781e-08,0.9999999802534384,True
waymo_external,1000606,30779396576054160_1880_000_1900_000_1557845076664327.png,43,43,43,False,5.000000413701855e-11,4.800000397153781e-08,0.9999999814687741,True
waymo_external,1000607,30779396576054160_1880_000_1900_000_1557845077164332.png,43,43,43,False,5.000000413701855e-11,4.800006081495667e-08,0.9999999797523383,True
waymo_external,1000608,30779396576054160_1880_000_1900_000_1557845077664355.png,41,41,41,False,5.000000413701855e-11,4.3699969864974264e-08,0.9999999836627834,True
waymo_external,1000609,30779396576054160_1880_000_1900_000_1557845078164309.png,43,43,43,False,5.000000413701855e-11,4.35999822911981e-08,0.9999999776690919,True
waymo_external,1000610,30779396576054160_1880_000_1900_000_1557845078664302.png,46,46,46,False,5.000000413701855e-11,4.800000397153781e-08,0.9999999860397696,True
waymo_external,1000611,30779396576054160_1880_000_1900_000_1557845079164322.png,46,46,46,False,5.000000413701855e-11,4.61999434264726e-08,0.9999999817118025,True
waymo_external,1000612,30779396576054160_1880_000_1900_000_1557845079664314.png,46,46,46,False,5.000000413701855e-11,4.529999841906829e-08,0.9999999766140045,True
waymo_external,1000613,30779396576054160_1880_000_1900_000_1557845080164307.png,46,46,46,False,5.000000413701855e-11,4.4399996568245115e-08,0.9999999330191923,True
waymo_external,1000614,30779396576054160_1880_000_1900_000_1557845080664363.png,47,47,47,False,5.000000413701855e-11,4.800006081495667e-08,0.9999999754243927,True
waymo_external,1000615,30779396576054160_1880_000_1900_000_1557845081164383.png,45,45,45,False,5.000000413701855e-11,4.35999822911981e-08,0.9999999841071272,True
waymo_external,1000616,30779396576054160_1880_000_1900_000_1557845081664397.png,46,46,46,False,5.000000413701855e-11,4.800000397153781e-08,0.9999999810488306,True
waymo_external,1000617,30779396576054160_1880_000_1900_000_1557845082164337.png,48,48,48,False,5.000000413701855e-11,4.7100002120714635e-08,0.9999999623539768,True
waymo_external,1000618,30779396576054160_1880_000_1900_000_1557845082664245.png,48,48,48,False,5.000000413701855e-11,4.690002697316231e-08,0.9999999756200698,True
waymo_external,1000619,30779396576054160_1880_000_1900_000_1557845083164333.png,47,47,47,False,5.000000413701855e-11,4.800000397153781e-08,0.9999999681684338,True
waymo_external,1000620,30779396576054160_1880_000_1900_000_1557845083664337.png,45,45,45,False,5.000000413701855e-11,4.000003173132427e-08,0.999999982768396,True
waymo_external,1000621,30779396576054160_1880_000_1900_000_1557845084164315.png,46,46,46,False,5.000000413701855e-11,4.800000397153781e-08,0.9999999761390648,True
waymo_external,1000622,30779396576054160_1880_000_1900_000_1557845084664255.png,47,47,47,False,5.000000413701855e-11,4.269998044037493e-08,0.9999999618655018,True
waymo_external,1000623,30779396576054160_1880_000_1900_000_1557845085164268.png,47,47,47,False,5.000000413701855e-11,4.800003239324724e-08,0.9999999865971486,True
waymo_external,1000624,30779396576054160_1880_000_1900_000_1557845085664313.png,48,48,48,False,5.000000413701855e-11,4.2400017719046446e-08,0.9999999844324654,True
waymo_external,1000625,30779396576054160_1880_000_1900_000_1557845086164277.png,46,46,46,False,5.000000413701855e-11,4.800000397153781e-08,0.9999999824995259,True
waymo_external,1000626,30779396576054160_1880_000_1900_000_1557845086664263.png,46,46,46,False,5.000000413701855e-11,4.799997554982838e-08,0.9999999828455886,True
waymo_external,1000627,30779396576054160_1880_000_1900_000_1557845087164294.png,48,48,48,False,5.000000413701855e-11,4.799997554982838e-08,0.9999999766937228,True
waymo_external,1000628,30779396576054160_1880_000_1900_000_1557845087664279.png,48,48,48,False,5.000000413701855e-11,4.799994712811895e-08,0.999999976245757,True
waymo_external,1000629,30779396576054160_1880_000_1900_000_1557845088164321.png,51,51,51,False,5.000000413701855e-11,4.800001818239252e-08,0.9999999761755374,True
waymo_external,1000630,30779396576054160_1880_000_1900_000_1557845088664320.png,51,51,51,False,5.000000413701855e-11,4.800000397153781e-08,0.9999999777156194,True
waymo_external,1000631,30779396576054160_1880_000_1900_000_1557845089164320.png,50,50,50,False,5.000000413701855e-11,4.800006081495667e-08,0.9999999797613063,True
waymo_external,1000632,30779396576054160_1880_000_1900_000_1557845089664250.png,51,51,51,False,5.000000413701855e-11,4.800000397153781e-08,0.9999999795972428,True
waymo_external,1000633,30779396576054160_1880_000_1900_000_1557845090164314.png,51,51,51,False,5.000000413701855e-11,4.800006081495667e-08,0.9999999789458249,True
waymo_external,1000634,30779396576054160_1880_000_1900_000_1557845090664325.png,53,53,53,False,5.000000413701855e-11,4.000000330961484e-08,0.9999999691972509,True
waymo_external,1000635,30779396576054160_1880_000_1900_000_1557845091164358.png,51,51,51,False,5.000000413701855e-11,3.729996933543589e-08,0.9999999799090841,True
waymo_external,1000636,30779396576054160_1880_000_1900_000_1557845091664362.png,52,52,52,False,5.000000413701855e-11,4.800000397153781e-08,0.9999999755682393,True
waymo_external,1000637,30779396576054160_1880_000_1900_000_1557845092164331.png,52,52,52,False,5.000000413701855e-11,4.680003939938615e-08,0.9999999767570069,True
waymo_external,1000638,3577352947946244999_3980_000_4000_000_1557847172597388.png,44,44,44,False,5.000000413701855e-11,4.800000397153781e-08,0.9999999816852352,True
waymo_external,1000639,3577352947946244999_3980_000_4000_000_1557847173097422.png,44,44,44,False,5.000000413701855e-11,4.46999592895736e-08,0.9999999848691025,True
waymo_external,1000640,3577352947946244999_3980_000_4000_000_1557847173597426.png,42,42,42,False,5.000000413701855e-11,4.800000397153781e-08,0.9999999826567393,True
waymo_external,1000641,3577352947946244999_3980_000_4000_000_1557847174097401.png,39,39,39,False,5.000000413701855e-11,4.529994157564943e-08,0.9999999821633542,True
waymo_external,1000642,3577352947946244999_3980_000_4000_000_1557847174597419.png,38,38,38,False,5.000000413701855e-11,4.799994712811895e-08,0.9999999789393285,True
waymo_external,1000643,3577352947946244999_3980_000_4000_000_1557847175097426.png,35,35,35,False,5.000000413701855e-11,4.20999981542991e-08,0.9999999729282367,True
waymo_external,1000644,3577352947946244999_3980_000_4000_000_1557847175597389.png,35,35,35,False,5.000000413701855e-11,4.800000397153781e-08,0.9999999779729054,True
waymo_external,1000645,3577352947946244999_3980_000_4000_000_1557847176097365.png,39,39,39,False,5.000000413701855e-11,4.799994712811895e-08,0.9999999665931938,True
waymo_external,1000646,3577352947946244999_3980_000_4000_000_1557847176597399.png,37,37,37,False,5.000000413701855e-11,4.749995241581928e-08,0.9999999777169389,True
waymo_external,1000647,3577352947946244999_3980_000_4000_000_1557847177097488.png,37,37,37,False,5.000000413701855e-11,4.800000397153781e-08,0.9999999744214058,True
waymo_external,1000648,3577352947946244999_3980_000_4000_000_1557847177597529.png,39,39,39,False,5.000000413701855e-11,4.800000397153781e-08,0.9999999809450263,True
waymo_external,1000649,3577352947946244999_3980_000_4000_000_1557847178097471.png,39,39,39,False,5.000000413701855e-11,4.800000397153781e-08,0.9999999805379627,True
waymo_external,1000650,3577352947946244999_3980_000_4000_000_1557847178597285.png,40,40,40,False,5.000000413701855e-11,3.739995690921205e-08,0.9999999817810629,True
waymo_external,1000651,3577352947946244999_3980_000_4000_000_1557847179097224.png,42,42,42,False,5.000000413701855e-11,4.799994712811895e-08,0.9999999728279851,True
waymo_external,1000652,3577352947946244999_3980_000_4000_000_1557847179597308.png,43,43,43,False,5.000000413701855e-11,4.799994712811895e-08,0.999999975855982,True
waymo_external,1000653,3577352947946244999_3980_000_4000_000_1557847180097380.png,40,40,40,False,5.000000413701855e-11,4.800003239324724e-08,0.9999999803473036,True
waymo_external,1000654,3577352947946244999_3980_000_4000_000_1557847180597425.png,39,39,39,False,5.000000413701855e-11,4.799994712811895e-08,0.9999999780457499,True
waymo_external,1000655,3577352947946244999_3980_000_4000_000_1557847181097330.png,40,40,40,False,5.000000413701855e-11,4.799994712811895e-08,0.9999999780457499,True
waymo_external,1000656,3577352947946244999_3980_000_4000_000_1557847181597369.png,41,41,41,False,5.000000413701855e-11,4.079998916495242e-08,0.9999999815399914,True
waymo_external,1000657,3577352947946244999_3980_000_4000_000_1557847182097396.png,43,43,43,False,5.000000413701855e-11,4.749995241581928e-08,0.9999999780457499,True
waymo_external,1000658,3577352947946244999_3980_000_4000_000_1557847182597364.png,41,41,41,False,5.000000413701855e-11,4.009996246168157e-08,0.9999999780457499,True
waymo_external,1000659,3577352947946244999_3980_000_4000_000_1557847183097368.png,39,39,39,False,5.000000413701855e-11,4.800000397153781e-08,0.9999999676873618,True
waymo_external,1000660,3577352947946244999_3980_000_4000_000_1557847183597392.png,34,34,34,False,5.000000413701855e-11,4.0000017520469555e-08,0.9999999818303743,True
waymo_external,1000661,3577352947946244999_3980_000_4000_000_1557847184097476.png,40,40,40,False,5.000000413701855e-11,4.799994712811895e-08,0.9999999792020877,True
waymo_external,1000662,3577352947946244999_3980_000_4000_000_1557847184597476.png,36,36,36,False,5.000000413701855e-11,4.800000397153781e-08,0.9999999712201804,True
waymo_external,1000663,3577352947946244999_3980_000_4000_000_1557847185097367.png,39,39,39,False,5.000000413701855e-11,4.799994712811895e-08,0.9999999649492808,True
waymo_external,1000664,3577352947946244999_3980_000_4000_000_1557847185597336.png,38,38,38,False,5.000000413701855e-11,4.749995241581928e-08,0.9999999829761517,True
waymo_external,1000665,3577352947946244999_3980_000_4000_000_1557847186097351.png,35,35,35,False,5.000000413701855e-11,4.4300065837887814e-08,0.9999999717046598,True
waymo_external,1000666,3577352947946244999_3980_000_4000_000_1557847186597367.png,36,36,36,False,5.000000413701855e-11,3.51000153386849e-08,0.9999999798420757,True
waymo_external,1000667,3577352947946244999_3980_000_4000_000_1557847187097363.png,35,35,35,False,5.000000413701855e-11,4.749995241581928e-08,0.9999999832965731,True
waymo_external,1000668,3577352947946244999_3980_000_4000_000_1557847187597379.png,38,38,38,False,5.00000006675716e-11,3.640002432803158e-08,0.9999999786762093,True
waymo_external,1000669,3577352947946244999_3980_000_4000_000_1557847188097381.png,37,37,37,False,5.000000413701855e-11,4.799994712811895e-08,0.9999999777037034,True
waymo_external,1000670,3577352947946244999_3980_000_4000_000_1557847188597385.png,37,37,37,False,5.000000413701855e-11,4.2299973301851423e-08,0.9999999764423658,True
waymo_external,1000671,3577352947946244999_3980_000_4000_000_1557847189097393.png,31,31,31,False,5.000000413701855e-11,4.139997145102825e-08,0.9999999759876241,True
waymo_external,1000672,3577352947946244999_3980_000_4000_000_1557847189597399.png,31,31,31,False,5.000000413701855e-11,4.799997554982838e-08,0.9999999776392281,True
waymo_external,1000673,3577352947946244999_3980_000_4000_000_1557847190097397.png,27,27,27,False,5.000000413701855e-11,4.020000687887659e-08,0.9999999811473287,True
waymo_external,1000674,3577352947946244999_3980_000_4000_000_1557847190597337.png,21,21,21,False,5.000000413701855e-11,3.999997488790541e-08,0.9999999805693803,True
waymo_external,1000675,3577352947946244999_3980_000_4000_000_1557847191097333.png,23,23,23,False,5.000000413701855e-11,4.800000397153781e-08,0.999999973506908,True
waymo_external,1000676,3577352947946244999_3980_000_4000_000_1557847191597394.png,28,28,28,False,5.000000413701855e-11,4.529999841906829e-08,0.9999999784692765,True
waymo_external,1000677,3577352947946244999_3980_000_4000_000_1557847192097398.png,31,31,31,False,5.000000413701855e-11,4.000003173132427e-08,0.9999999813947622,True
waymo_external,1000678,4690718861228194910_1980_000_2000_000_1552693970249035.png,33,33,33,False,5.000000413701855e-11,4.800000397153781e-08,0.99999995491096,True
waymo_external,1000679,4690718861228194910_1980_000_2000_000_1552693970749078.png,13,13,13,False,5.000000413701855e-11,3.200000264769187e-08,0.9999999866933749,True
waymo_external,1000680,4690718861228194910_1980_000_2000_000_1552693971249181.png,3,3,3,False,5.000000413701855e-11,3.200000264769187e-08,0.9999999893157002,True
waymo_external,1000681,4690718861228194910_1980_000_2000_000_1552693971749291.png,6,6,6,False,5.000000413701855e-11,2.8200000556921623e-08,0.9999999873875198,True
waymo_external,1000682,4690718861228194910_1980_000_2000_000_1552693972249331.png,32,32,32,False,5.000000413701855e-11,4.000000330961484e-08,0.9999999733788523,True
waymo_external,1000683,4690718861228194910_1980_000_2000_000_1552693972749396.png,40,40,40,False,5.000000413701855e-11,4.799994712811895e-08,0.9999999684293102,True
waymo_external,1000684,4690718861228194910_1980_000_2000_000_1552693973249349.png,40,40,40,False,5.000000413701855e-11,4.000000330961484e-08,0.9999999681580161,True
waymo_external,1000685,4690718861228194910_1980_000_2000_000_1552693973749276.png,40,40,40,False,5.000000413701855e-11,3.999997488790541e-08,0.9999999682493957,True
waymo_external,1000686,4690718861228194910_1980_000_2000_000_1552693974249248.png,40,40,40,False,5.000000413701855e-11,4.000000330961484e-08,0.9999999761039011,True
waymo_external,1000687,4690718861228194910_1980_000_2000_000_1552693974749318.png,39,39,39,False,5.000000413701855e-11,4.000000330961484e-08,0.9999999753138091,True
waymo_external,1000688,4690718861228194910_1980_000_2000_000_1552693975249396.png,41,41,41,False,5.000000413701855e-11,4.20000674239418e-08,0.9999999698670113,True
waymo_external,1000689,4690718861228194910_1980_000_2000_000_1552693975749475.png,36,36,36,False,5.000000413701855e-11,4.000000330961484e-08,0.999999962801629,True
waymo_external,1000690,4690718861228194910_1980_000_2000_000_1552693976249498.png,38,38,38,False,5.000000413701855e-11,4.000000330961484e-08,0.9999999742140908,True
waymo_external,1000691,4690718861228194910_1980_000_2000_000_1552693976749413.png,41,41,41,False,5.000000413701855e-11,4.799994712811895e-08,0.999999973665456,True
waymo_external,1000692,4690718861228194910_1980_000_2000_000_1552693977249334.png,39,39,39,False,5.000000413701855e-11,4.259999286659877e-08,0.9999999749787608,True
waymo_external,1000693,4690718861228194910_1980_000_2000_000_1552693977749292.png,41,41,41,False,5.000000413701855e-11,4.259999286659877e-08,0.9999999701310295,True
waymo_external,1000694,4690718861228194910_1980_000_2000_000_1552693978249305.png,40,40,40,False,5.000000413701855e-11,4.259999286659877e-08,0.9999999750335427,True
waymo_external,1000695,4690718861228194910_1980_000_2000_000_1552693978749398.png,39,39,39,False,5.000000413701855e-11,4.259999286659877e-08,0.9999999649719294,True
waymo_external,1000696,4690718861228194910_1980_000_2000_000_1552693979249484.png,36,36,36,False,5.000000413701855e-11,4.799998976068309e-08,0.9999999751271204,True
waymo_external,1000697,4690718861228194910_1980_000_2000_000_1552693979749409.png,39,39,39,False,5.000000413701855e-11,4.800000397153781e-08,0.9999999725762339,True
waymo_external,1000698,4690718861228194910_1980_000_2000_000_1552693980249357.png,42,42,42,False,5.000000413701855e-11,3.999997488790541e-08,0.9999999699324821,True
waymo_external,1000699,4690718861228194910_1980_000_2000_000_1552693980749366.png,44,44,44,False,5.000000413701855e-11,4.800000397153781e-08,0.9999999442913758,True
waymo_external,1000700,4690718861228194910_1980_000_2000_000_1552693981249460.png,42,42,42,False,5.000000413701855e-11,4.800003239324724e-08,0.9999999643764909,True
waymo_external,1000701,4690718861228194910_1980_000_2000_000_1552693981749467.png,43,43,43,False,5.000000413701855e-11,4.000000330961484e-08,0.999999973665456,True
waymo_external,1000702,4690718861228194910_1980_000_2000_000_1552693982249474.png,45,45,45,False,5.000000413701855e-11,4.269992359695607e-08,0.9999999664329221,True
waymo_external,1000703,4690718861228194910_1980_000_2000_000_1552693982749472.png,45,45,45,False,5.000000413701855e-11,4.799999542282052e-08,0.9999999679135535,True
waymo_external,1000704,4690718861228194910_1980_000_2000_000_1552693983249433.png,44,44,44,False,5.000000413701855e-11,4.31999751526746e-08,0.9999999677512488,True
waymo_external,1000705,4690718861228194910_1980_000_2000_000_1552693983749438.png,43,43,43,False,5.000000413701855e-11,4.000003173132427e-08,0.9999999684293102,True
waymo_external,1000706,4690718861228194910_1980_000_2000_000_1552693984249382.png,45,45,45,False,5.000000413701855e-11,4.800003239324724e-08,0.9999999671628806,True
waymo_external,1000707,4690718861228194910_1980_000_2000_000_1552693984749398.png,44,44,44,False,5.000000413701855e-11,4.799994712811895e-08,0.9999999521873062,True
waymo_external,1000708,4690718861228194910_1980_000_2000_000_1552693985249378.png,38,38,38,False,5.000000413701855e-11,4.799994712811895e-08,0.9999999601713824,True
waymo_external,1000709,4690718861228194910_1980_000_2000_000_1552693985749361.png,27,27,27,False,5.000000413701855e-11,4.799994712811895e-08,0.9999999683244629,True
waymo_external,1000710,4690718861228194910_1980_000_2000_000_1552693986249397.png,41,41,41,False,5.000000413701855e-11,4.1799921746132895e-08,0.9999999658276968,True
waymo_external,1000711,4690718861228194910_1980_000_2000_000_1552693986749419.png,42,42,42,False,5.000000413701855e-11,4.280002485756995e-08,0.9999999643764909,True
waymo_external,1000712,4690718861228194910_1980_000_2000_000_1552693987249418.png,37,37,37,False,5.000000413701855e-11,4.800000397153781e-08,0.999999966292382,True
waymo_external,1000713,4690718861228194910_1980_000_2000_000_1552693987749399.png,37,37,37,False,5.000000413701855e-11,4.140002829444711e-08,0.9999999716333751,True
waymo_external,1000714,4690718861228194910_1980_000_2000_000_1552693988249416.png,42,42,42,False,5.000000413701855e-11,4.800000397153781e-08,0.9999999683244629,True
waymo_external,1000715,4690718861228194910_1980_000_2000_000_1552693988749330.png,44,44,44,False,5.000000413701855e-11,4.800000397153781e-08,0.999999973665456,True
waymo_external,1000716,4690718861228194910_1980_000_2000_000_1552693989249297.png,43,43,43,False,5.000000413701855e-11,4.800000397153781e-08,0.9999999694297165,True
waymo_external,1000717,4690718861228194910_1980_000_2000_000_1552693989749305.png,41,41,41,False,5.000000413701855e-11,4.800000397153781e-08,0.9999999740670569,True
waymo_external,1000718,8506432817378693815_4860_000_4880_000_1557857350637092.png,47,47,47,False,5.000000413701855e-11,4.800000397153781e-08,0.9999999537310996,True
waymo_external,1000719,8506432817378693815_4860_000_4880_000_1557857351137187.png,47,47,47,False,5.000000413701855e-11,4.799994712811895e-08,0.999999948266249,True
waymo_external,1000720,8506432817378693815_4860_000_4880_000_1557857351637267.png,45,45,45,False,5.000000413701855e-11,4.800006081495667e-08,0.9999999716845862,True
waymo_external,1000721,8506432817378693815_4860_000_4880_000_1557857352137355.png,44,44,44,False,5.000000413701855e-11,4.800000397153781e-08,0.9999999783279573,True
waymo_external,1000722,8506432817378693815_4860_000_4880_000_1557857352637309.png,46,46,46,False,5.000000413701855e-11,4.000003173132427e-08,0.9999999636007775,True
waymo_external,1000723,8506432817378693815_4860_000_4880_000_1557857353136782.png,45,45,45,False,5.000000413701855e-11,4.800000397153781e-08,0.9999999696966392,True
waymo_external,1000724,8506432817378693815_4860_000_4880_000_1557857353636054.png,49,49,49,False,5.000000413701855e-11,4.000008857474313e-08,0.9999999646853078,True
waymo_external,1000725,8506432817378693815_4860_000_4880_000_1557857354135532.png,57,57,57,False,5.000000413701855e-11,4.800000397153781e-08,0.9999999474356984,True
waymo_external,1000726,8506432817378693815_4860_000_4880_000_1557857354635133.png,57,57,57,False,5.000000413701855e-11,4.799994712811895e-08,0.9999999697220011,True
waymo_external,1000727,8506432817378693815_4860_000_4880_000_1557857355134877.png,56,56,56,False,5.000000413701855e-11,4.800006081495667e-08,0.9999999824552563,True
waymo_external,1000728,8506432817378693815_4860_000_4880_000_1557857355634815.png,61,61,61,False,5.000000413701855e-11,4.800000397153781e-08,0.9999999658028559,True
waymo_external,1000729,8506432817378693815_4860_000_4880_000_1557857356134808.png,61,61,61,False,5.000000413701855e-11,4.800000397153781e-08,0.9999999614424587,True
waymo_external,1000730,8506432817378693815_4860_000_4880_000_1557857356634947.png,60,60,60,False,5.000000413701855e-11,4.800000397153781e-08,0.9999999659994007,True
waymo_external,1000731,8506432817378693815_4860_000_4880_000_1557857357135138.png,59,59,59,False,5.000000413701855e-11,4.800006081495667e-08,0.9999999591430693,True
waymo_external,1000732,8506432817378693815_4860_000_4880_000_1557857357635506.png,56,56,56,False,5.000000413701855e-11,4.7999833441281226e-08,0.9999999718109478,True
waymo_external,1000733,8506432817378693815_4860_000_4880_000_1557857358135995.png,55,55,55,False,5.000000413701855e-11,4.800006081495667e-08,0.9999999777860381,True
waymo_external,1000734,8506432817378693815_4860_000_4880_000_1557857358636513.png,53,53,53,False,5.000000413701855e-11,4.800006081495667e-08,0.9999999735271132,True
waymo_external,1000735,8506432817378693815_4860_000_4880_000_1557857359136948.png,53,53,53,False,5.000000413701855e-11,4.800006081495667e-08,0.9999999793837387,True
waymo_external,1000736,8506432817378693815_4860_000_4880_000_1557857359637183.png,53,53,53,False,5.000000413701855e-11,4.799994712811895e-08,0.9999999696441063,True
waymo_external,1000737,8506432817378693815_4860_000_4880_000_1557857360137294.png,49,49,49,False,5.000000413701855e-11,4.799997554982838e-08,0.9999999729037391,True
waymo_external,1000738,8506432817378693815_4860_000_4880_000_1557857360637369.png,51,51,51,False,5.000000413701855e-11,4.799998976068309e-08,0.9999999778542141,True
waymo_external,1000739,8506432817378693815_4860_000_4880_000_1557857361137300.png,47,47,47,False,5.000000413701855e-11,4.800000397153781e-08,0.9999999703362248,True
waymo_external,1000740,8506432817378693815_4860_000_4880_000_1557857361637343.png,46,46,46,False,5.000000413701855e-11,4.800000397153781e-08,0.9999999715407181,True
waymo_external,1000741,8506432817378693815_4860_000_4880_000_1557857362137378.png,47,47,47,False,5.000000413701855e-11,3.9999989098760125e-08,0.9999999779600791,True
waymo_external,1000742,8506432817378693815_4860_000_4880_000_1557857362637395.png,48,48,48,False,5.000000413701855e-11,4.800000397153781e-08,0.9999999714429632,True
waymo_external,1000743,8506432817378693815_4860_000_4880_000_1557857363137470.png,49,49,49,False,5.000000413701855e-11,4.799994712811895e-08,0.9999999709155919,True
waymo_external,1000744,8506432817378693815_4860_000_4880_000_1557857363637447.png,45,45,45,False,5.000000413701855e-11,4.799997554982838e-08,0.9999999766355722,True
waymo_external,1000745,8506432817378693815_4860_000_4880_000_1557857364137450.png,48,48,48,False,5.000000413701855e-11,4.800000397153781e-08,0.9999999714379996,True
waymo_external,1000746,8506432817378693815_4860_000_4880_000_1557857364637449.png,48,48,48,False,5.000000413701855e-11,4.800000397153781e-08,0.999999968905376,True
waymo_external,1000747,8506432817378693815_4860_000_4880_000_1557857365137457.png,48,48,48,False,5.000000413701855e-11,4.800000397153781e-08,0.9999999759843972,True
waymo_external,1000748,8506432817378693815_4860_000_4880_000_1557857365637432.png,49,49,49,False,5.000000413701855e-11,4.800000397153781e-08,0.9999999613382163,True
waymo_external,1000749,8506432817378693815_4860_000_4880_000_1557857366137460.png,53,53,53,False,5.000000413701855e-11,4.8000001529047154e-08,0.9999999803508985,True
waymo_external,1000750,8506432817378693815_4860_000_4880_000_1557857366637459.png,49,49,49,False,5.000000413701855e-11,4.800000397153781e-08,0.9999999832282451,True
waymo_external,1000751,8506432817378693815_4860_000_4880_000_1557857367137450.png,47,47,47,False,5.000000413701855e-11,4.799997554982838e-08,0.999999985772668,True
waymo_external,1000752,8506432817378693815_4860_000_4880_000_1557857367637448.png,47,47,47,False,5.000000413701855e-11,4.480000370676862e-08,0.9999999672144633,True
waymo_external,1000753,8506432817378693815_4860_000_4880_000_1557857368137463.png,47,47,47,False,5.000000413701855e-11,4.800000397153781e-08,0.9999999803000348,True
waymo_external,1000754,8506432817378693815_4860_000_4880_000_1557857368637470.png,39,39,39,False,5.000000413701855e-11,4.800003239324724e-08,0.9999999837388658,True
waymo_external,1000755,8506432817378693815_4860_000_4880_000_1557857369137487.png,40,40,40,False,5.000000413701855e-11,4.800000397153781e-08,0.9999999693262005,True
waymo_external,1000756,8506432817378693815_4860_000_4880_000_1557857369637432.png,34,34,34,False,5.000000413701855e-11,4.31999751526746e-08,0.9999999575683589,True
waymo_external,1000757,8506432817378693815_4860_000_4880_000_1557857370137196.png,32,32,32,False,5.00000006675716e-11,4.799998976068309e-08,0.9999999761752816,True
waymo_external,1000758,933621182106051783_4160_000_4180_000_1543516670272409.png,47,47,47,False,5.000000413701855e-11,4.800000397153781e-08,0.9999999762619793,True
waymo_external,1000759,933621182106051783_4160_000_4180_000_1543516670772638.png,47,47,47,False,5.000000413701855e-11,4.799997554982838e-08,0.9999999755965931,True
waymo_external,1000760,933621182106051783_4160_000_4180_000_1543516671272780.png,48,48,48,False,5.000000413701855e-11,4.5799993131367955e-08,0.9999999755965931,True
waymo_external,1000761,933621182106051783_4160_000_4180_000_1543516671772783.png,48,48,48,False,5.000000413701855e-11,4.800000397153781e-08,0.9999999565425898,True
waymo_external,1000762,933621182106051783_4160_000_4180_000_1543516672272504.png,47,47,47,False,5.000000413701855e-11,4.800000397153781e-08,0.9999999704818077,True
waymo_external,1000763,933621182106051783_4160_000_4180_000_1543516672772394.png,41,41,41,False,5.000000413701855e-11,4.800000397153781e-08,0.9999999729789897,True
waymo_external,1000764,933621182106051783_4160_000_4180_000_1543516673272452.png,40,40,40,False,5.000000413701855e-11,4.3799957438750425e-08,0.9999999752787843,True
waymo_external,1000765,933621182106051783_4160_000_4180_000_1543516673772469.png,37,37,37,False,5.000000413701855e-11,4.800000397153781e-08,0.9999999752143284,True
waymo_external,1000766,933621182106051783_4160_000_4180_000_1543516674272630.png,39,39,39,False,5.000000413701855e-11,4.800000397153781e-08,0.999999972849518,True
waymo_external,1000767,933621182106051783_4160_000_4180_000_1543516674772724.png,39,39,39,False,5.000000413701855e-11,4.800006081495667e-08,0.9999999782195016,True
waymo_external,1000768,933621182106051783_4160_000_4180_000_1543516675272630.png,42,42,42,False,5.000000413701855e-11,4.800000397153781e-08,0.9999999712981296,True
waymo_external,1000769,933621182106051783_4160_000_4180_000_1543516675772499.png,42,42,42,False,5.000000413701855e-11,4.289995558792725e-08,0.9999999797584883,True
waymo_external,1000770,933621182106051783_4160_000_4180_000_1543516676272426.png,39,39,39,False,4.999999980020986e-11,4.139997145102825e-08,0.9999999707270462,True
waymo_external,1000771,933621182106051783_4160_000_4180_000_1543516676772403.png,37,37,37,False,5.000000413701855e-11,4.000003173132427e-08,0.9999999704359348,True
waymo_external,1000772,933621182106051783_4160_000_4180_000_1543516677272349.png,35,35,35,False,5.000000413701855e-11,4.2400017719046446e-08,0.999999977877134,True
waymo_external,1000773,933621182106051783_4160_000_4180_000_1543516677772377.png,33,33,33,False,5.000000413701855e-11,4.4300008994468953e-08,0.9999999578540212,True
waymo_external,1000774,933621182106051783_4160_000_4180_000_1543516678272423.png,31,31,31,False,5.000000413701855e-11,3.670004389277892e-08,0.9999999734522741,True
waymo_external,1000775,933621182106051783_4160_000_4180_000_1543516678772443.png,25,25,25,False,5.000000413701855e-11,4.800000397153781e-08,0.9999999769484977,True
waymo_external,1000776,933621182106051783_4160_000_4180_000_1543516679272590.png,22,22,22,False,5.000000413701855e-11,4.800000397153781e-08,0.9999999667066931,True
waymo_external,1000777,933621182106051783_4160_000_4180_000_1543516679772740.png,20,20,20,False,5.000000413701855e-11,4.000003173132427e-08,0.9999999791555245,True
waymo_external,1000778,933621182106051783_4160_000_4180_000_1543516680272804.png,25,25,25,False,5.000000413701855e-11,4.800000397153781e-08,0.9999999817810384,True
waymo_external,1000779,933621182106051783_4160_000_4180_000_1543516680772741.png,23,23,23,False,5.000000413701855e-11,4.800000397153781e-08,0.9999999817810384,True
waymo_external,1000780,933621182106051783_4160_000_4180_000_1543516681272611.png,13,13,13,False,5.000000413701855e-11,3.4199956644442864e-08,0.999999990105237,True
waymo_external,1000781,933621182106051783_4160_000_4180_000_1543516681772503.png,23,23,23,False,5.000000413701855e-11,4.31999751526746e-08,0.9999999727140336,True
waymo_external,1000782,933621182106051783_4160_000_4180_000_1543516682272525.png,29,29,29,False,5.000000413701855e-11,4.000000330961484e-08,0.9999999756882348,True
waymo_external,1000783,933621182106051783_4160_000_4180_000_1543516682772615.png,31,31,31,False,5.000000413701855e-11,4.799994712811895e-08,0.999999966318934,True
waymo_external,1000784,933621182106051783_4160_000_4180_000_1543516683272615.png,33,33,33,False,5.000000413701855e-11,3.570005446817959e-08,0.99999996920899,True
waymo_external,1000785,933621182106051783_4160_000_4180_000_1543516683772644.png,31,31,31,False,5.000000413701855e-11,4.609995585269644e-08,0.9999999761088068,True
waymo_external,1000786,933621182106051783_4160_000_4180_000_1543516684272735.png,29,29,29,False,5.000000413701855e-11,4.529994157564943e-08,0.9999999803477762,True
waymo_external,1000787,933621182106051783_4160_000_4180_000_1543516684772668.png,30,30,30,False,5.000000413701855e-11,4.729997726826696e-08,0.9999999758921319,True
waymo_external,1000788,933621182106051783_4160_000_4180_000_1543516685272552.png,31,31,31,False,5.000000413701855e-11,4.800000397153781e-08,0.9999999775190528,True
waymo_external,1000789,933621182106051783_4160_000_4180_000_1543516685772579.png,32,32,32,False,4.999999980020986e-11,4.1600003441999434e-08,0.999999979542754,True
waymo_external,1000790,933621182106051783_4160_000_4180_000_1543516686272690.png,29,29,29,False,5.000000413701855e-11,4.800000397153781e-08,0.9999999537047524,True
waymo_external,1000791,933621182106051783_4160_000_4180_000_1543516686772721.png,31,31,31,False,5.000000413701855e-11,4.800000397153781e-08,0.9999999517667082,True
waymo_external,1000792,933621182106051783_4160_000_4180_000_1543516687272709.png,31,31,31,False,5.000000413701855e-11,4.800000397153781e-08,0.9999999739890987,True
waymo_external,1000793,933621182106051783_4160_000_4180_000_1543516687772629.png,30,30,30,False,5.000000413701855e-11,4.800000397153781e-08,0.9999999448376703,True
waymo_external,1000794,933621182106051783_4160_000_4180_000_1543516688272598.png,30,30,30,False,5.000000413701855e-11,4.800000397153781e-08,0.9999999590855063,True
waymo_external,1000795,933621182106051783_4160_000_4180_000_1543516688772624.png,29,29,29,False,5.000000413701855e-11,4.479994686334976e-08,0.9999999751571289,True
waymo_external,1000796,933621182106051783_4160_000_4180_000_1543516689272642.png,30,30,30,False,5.000000413701855e-11,4.609995585269644e-08,0.9999999791329157,True
waymo_external,1000797,933621182106051783_4160_000_4180_000_1543516689772638.png,24,24,24,False,4.999999980020986e-11,4.269998044037493e-08,0.9999999793888539,True
waymo_external,1000798,10335539493577748957_1372_870_1392_870_1508811445344959.png,8,8,8,False,5.00000006675716e-11,3.200000264769187e-08,0.9999999690497979,True
waymo_external,1000799,10335539493577748957_1372_870_1392_870_1508811445844951.png,8,8,8,False,4.999994862586732e-11,4.4999978854320943e-08,0.9999999819353024,True
waymo_external,1000800,10335539493577748957_1372_870_1392_870_1508811446345017.png,9,9,9,False,5.00000006675716e-11,3.860003516820143e-08,0.9999999836693634,True
waymo_external,1000801,10335539493577748957_1372_870_1392_870_1508811446844951.png,9,9,9,False,5.000000413701855e-11,4.119999630347593e-08,0.9999999775734174,True
waymo_external,1000802,10335539493577748957_1372_870_1392_870_1508811447344942.png,9,9,9,False,5.000000413701855e-11,4.000003173132427e-08,0.9999999772845644,True
waymo_external,1000803,10335539493577748957_1372_870_1392_870_1508811447844906.png,10,10,10,False,5.000000413701855e-11,4.799994712811895e-08,0.9999999790102712,True
waymo_external,1000804,10335539493577748957_1372_870_1392_870_1508811448344911.png,10,10,10,False,5.000000413701855e-11,4.269998044037493e-08,0.9999999764343944,True
waymo_external,1000805,10335539493577748957_1372_870_1392_870_1508811448844825.png,10,10,10,False,5.000000413701855e-11,3.200000264769187e-08,0.999999984453564,True
waymo_external,1000806,10335539493577748957_1372_870_1392_870_1508811449344893.png,11,11,11,False,5.00000006675716e-11,4.4400053411663976e-08,0.9999999856429974,True
waymo_external,1000807,10335539493577748957_1372_870_1392_870_1508811449844972.png,12,12,12,False,5.000000413701855e-11,4.3099987578898435e-08,0.9999999814225053,True
waymo_external,1000808,10335539493577748957_1372_870_1392_870_1508811450345063.png,12,12,12,False,5.00000006675716e-11,3.730002617885475e-08,0.9999999812798681,True
waymo_external,1000809,10335539493577748957_1372_870_1392_870_1508811450845190.png,12,12,12,False,5.000000413701855e-11,4.159994659858057e-08,0.9999999856075198,True
waymo_external,1000810,10335539493577748957_1372_870_1392_870_1508811451345106.png,14,14,14,False,5.00000006675716e-11,4.159994659858057e-08,0.9999999813623655,True
waymo_external,1000811,10335539493577748957_1372_870_1392_870_1508811451845033.png,15,15,15,False,5.00000006675716e-11,3.200000087133503e-08,0.9999999779397116,True
waymo_external,1000812,10335539493577748957_1372_870_1392_870_1508811452345020.png,15,15,15,False,5.000000413701855e-11,4.799994712811895e-08,0.9999999840899644,True
waymo_external,1000813,10335539493577748957_1372_870_1392_870_1508811452845019.png,17,17,17,False,5.000000413701855e-11,4.800000397153781e-08,0.999999983011835,True
waymo_external,1000814,10335539493577748957_1372_870_1392_870_1508811453345044.png,17,17,17,False,5.000000413701855e-11,3.7700033317378256e-08,0.9999999913836317,True
waymo_external,1000815,10335539493577748957_1372_870_1392_870_1508811453845049.png,17,17,17,False,5.00000006675716e-11,4.479994686334976e-08,0.9999999869063424,True
waymo_external,1000816,10335539493577748957_1372_870_1392_870_1508811454344913.png,14,14,14,False,4.9999997198124646e-11,4.06000140174001e-08,0.9999999835972048,True
waymo_external,1000817,10335539493577748957_1372_870_1392_870_1508811454844762.png,14,14,14,False,5.000000413701855e-11,4.000003173132427e-08,0.9999999852633107,True
waymo_external,1000818,10335539493577748957_1372_870_1392_870_1508811455345053.png,14,14,14,False,4.9999997198124646e-11,3.719998176165973e-08,0.9999999820514406,True
waymo_external,1000819,10335539493577748957_1372_870_1392_870_1508811455845183.png,13,13,13,False,5.000000413701855e-11,4.800000397153781e-08,0.9999999798060233,True
waymo_external,1000820,10335539493577748957_1372_870_1392_870_1508811456345068.png,15,15,15,False,5.000000413701855e-11,4.119999630347593e-08,0.9999999836102591,True
waymo_external,1000821,10335539493577748957_1372_870_1392_870_1508811456844784.png,16,16,16,False,5.000000413701855e-11,3.999997488790541e-08,0.9999999854872157,True
waymo_external,1000822,10335539493577748957_1372_870_1392_870_1508811457344813.png,16,16,16,False,4.5156250266797926e-11,3.65000687452266e-08,0.9999999882722215,True
waymo_external,1000823,10335539493577748957_1372_870_1392_870_1508811457845076.png,17,17,17,False,5.000000413701855e-11,4.269998044037493e-08,0.9999999879414893,True
waymo_external,1000824,10335539493577748957_1372_870_1392_870_1508811458345335.png,15,15,15,False,4.9999997198124646e-11,4.220004257149412e-08,0.9999999912413234,True
waymo_external,1000825,10335539493577748957_1372_870_1392_870_1508811458845560.png,16,16,16,False,5.000000413701855e-11,4.000000330961484e-08,0.9999999879051861,True
waymo_external,1000826,10335539493577748957_1372_870_1392_870_1508811459345680.png,21,21,21,False,5.000000413701855e-11,4.529999841906829e-08,0.9999999841963686,True
waymo_external,1000827,10335539493577748957_1372_870_1392_870_1508811459845679.png,22,22,22,False,4.9999997198124646e-11,4.200001058052294e-08,0.9999999837832072,True
waymo_external,1000828,10335539493577748957_1372_870_1392_870_1508811460345520.png,22,22,22,False,5.000000413701855e-11,4.000000330961484e-08,0.9999999839511917,True
waymo_external,1000829,10335539493577748957_1372_870_1392_870_1508811460845268.png,22,22,22,False,5.000000413701855e-11,3.999997488790541e-08,0.9999999860564639,True
waymo_external,1000830,10335539493577748957_1372_870_1392_870_1508811461345058.png,23,23,23,False,5.000000413701855e-11,4.800000397153781e-08,0.9999999887394735,True
waymo_external,1000831,10335539493577748957_1372_870_1392_870_1508811461844950.png,23,23,23,False,5.000000413701855e-11,4.799999331339677e-08,0.9999999879378296,True
waymo_external,1000832,10335539493577748957_1372_870_1392_870_1508811462345124.png,22,22,22,False,5.000000413701855e-11,4.800000397153781e-08,0.999999985527739,True
waymo_external,1000833,10335539493577748957_1372_870_1392_870_1508811462845211.png,22,22,22,False,5.000000413701855e-11,4.800000397153781e-08,0.9999999874388036,True
waymo_external,1000834,10335539493577748957_1372_870_1392_870_1508811463345095.png,19,19,19,False,4.9999997198124646e-11,4.529999841906829e-08,0.99999999404983,True
waymo_external,1000835,10335539493577748957_1372_870_1392_870_1508811463844951.png,17,17,17,False,5.000000413701855e-11,4.3100044422317296e-08,0.9999999895682065,True
waymo_external,1000836,10335539493577748957_1372_870_1392_870_1508811464344768.png,16,16,16,False,5.00000006675716e-11,4.530011210590601e-08,0.9999999931417988,True
waymo_external,1000837,10335539493577748957_1372_870_1392_870_1508811464844841.png,16,16,16,False,5.000000413701855e-11,4.529999664271145e-08,0.9999999936066688,True
waymo_external,1000838,14107757919671295130_3546_370_3566_370_1511668646159240.png,18,18,18,False,5.000000413701855e-11,4.000003173132427e-08,0.9999999728576473,True
waymo_external,1000839,14107757919671295130_3546_370_3566_370_1511668646659096.png,16,16,16,False,5.000000413701855e-11,4.000000330961484e-08,0.9999999697280448,True
waymo_external,1000840,14107757919671295130_3546_370_3566_370_1511668647159132.png,18,18,18,False,5.000000413701855e-11,4.799994712811895e-08,0.9999999587741596,True
waymo_external,1000841,14107757919671295130_3546_370_3566_370_1511668647659375.png,21,21,21,False,5.000000413701855e-11,4.000000330961484e-08,0.9999999696677336,True
waymo_external,1000842,14107757919671295130_3546_370_3566_370_1511668648159810.png,22,22,22,False,5.000000413701855e-11,4.1600003441999434e-08,0.99999996672626,True
waymo_external,1000843,14107757919671295130_3546_370_3566_370_1511668648659913.png,19,19,19,False,5.000000413701855e-11,4.800000397153781e-08,0.9999999674160811,True
waymo_external,1000844,14107757919671295130_3546_370_3566_370_1511668649159729.png,21,21,21,False,5.000000413701855e-11,4.800000397153781e-08,0.9999999692048238,True
waymo_external,1000845,14107757919671295130_3546_370_3566_370_1511668649659544.png,23,23,23,False,5.000000413701855e-11,4.800000397153781e-08,0.9999999699743782,True
waymo_external,1000846,14107757919671295130_3546_370_3566_370_1511668650159419.png,22,22,22,False,5.000000413701855e-11,4.800000397153781e-08,0.9999999768562633,True
waymo_external,1000847,14107757919671295130_3546_370_3566_370_1511668650659481.png,22,22,22,False,5.000000413701855e-11,4.000003173132427e-08,0.99999997655932,True
waymo_external,1000848,14107757919671295130_3546_370_3566_370_1511668651159403.png,20,20,20,False,5.000000413701855e-11,3.989998731412925e-08,0.9999999720028362,True
waymo_external,1000849,14107757919671295130_3546_370_3566_370_1511668651659565.png,19,19,19,False,5.000000413701855e-11,4.800000397153781e-08,0.9999999698813458,True
waymo_external,1000850,14107757919671295130_3546_370_3566_370_1511668652259688.png,18,18,18,False,5.000000413701855e-11,4.800000397153781e-08,0.9999999699514222,True
waymo_external,1000851,14107757919671295130_3546_370_3566_370_1511668652759681.png,16,16,16,False,5.000000413701855e-11,4.800000397153781e-08,0.9999999698131435,True
waymo_external,1000852,14107757919671295130_3546_370_3566_370_1511668653259652.png,14,14,14,False,5.000000413701855e-11,4.800006081495667e-08,0.9999999703698194,True
waymo_external,1000853,14107757919671295130_3546_370_3566_370_1511668653759715.png,14,14,14,False,4.999999980020986e-11,4.800000397153781e-08,0.9999999787103744,True
waymo_external,1000854,14107757919671295130_3546_370_3566_370_1511668654259714.png,14,14,14,False,5.000000413701855e-11,4.800000397153781e-08,0.9999999741331583,True
waymo_external,1000855,14107757919671295130_3546_370_3566_370_1511668654759577.png,13,13,13,False,5.000000413701855e-11,4.800000397153781e-08,0.9999999607646678,True
waymo_external,1000856,14107757919671295130_3546_370_3566_370_1511668655259490.png,12,12,12,False,5.000000413701855e-11,4.800000397153781e-08,0.999999975822023,True
waymo_external,1000857,14107757919671295130_3546_370_3566_370_1511668655759468.png,16,16,16,False,5.000000413701855e-11,4.799997554982838e-08,0.9999999785975665,True
waymo_external,1000858,14107757919671295130_3546_370_3566_370_1511668656259478.png,16,16,16,False,5.000000413701855e-11,4.800000397153781e-08,0.9999999752274068,True
waymo_external,1000859,14107757919671295130_3546_370_3566_370_1511668656759479.png,17,17,17,False,5.000000413701855e-11,3.199999998315661e-08,0.9999999832713771,True
waymo_external,1000860,14107757919671295130_3546_370_3566_370_1511668657259687.png,17,17,17,False,5.000000413701855e-11,4.800000397153781e-08,0.9999999753533221,True
waymo_external,1000861,14107757919671295130_3546_370_3566_370_1511668657759843.png,16,16,16,False,5.000000413701855e-11,4.799994712811895e-08,0.9999999771727277,True
waymo_external,1000862,14107757919671295130_3546_370_3566_370_1511668658259745.png,17,17,17,False,5.000000413701855e-11,4.000000330961484e-08,0.9999999845945983,True
waymo_external,1000863,14107757919671295130_3546_370_3566_370_1511668658759576.png,19,19,19,False,5.000000413701855e-11,4.000000330961484e-08,0.9999999768562633,True
waymo_external,1000864,14107757919671295130_3546_370_3566_370_1511668659259378.png,17,17,17,False,5.000000413701855e-11,3.5699997624760726e-08,0.9999999848877686,True
waymo_external,1000865,14107757919671295130_3546_370_3566_370_1511668659759443.png,19,19,19,False,5.000000413701855e-11,4.000003173132427e-08,0.9999999808035632,True
waymo_external,1000866,14107757919671295130_3546_370_3566_370_1511668660359692.png,16,16,16,False,5.000000413701855e-11,3.999997488790541e-08,0.9999999854737841,True
waymo_external,1000867,14107757919671295130_3546_370_3566_370_1511668660859805.png,18,18,18,False,5.000000413701855e-11,4.799994712811895e-08,0.9999999846364149,True
waymo_external,1000868,14107757919671295130_3546_370_3566_370_1511668661359830.png,17,17,17,False,5.000000413701855e-11,4.429995215105009e-08,0.9999999861436547,True
waymo_external,1000869,14107757919671295130_3546_370_3566_370_1511668661859935.png,19,19,19,False,5.000000413701855e-11,4.520006768871099e-08,0.9999999795355816,True
waymo_external,1000870,14107757919671295130_3546_370_3566_370_1511668662360090.png,20,20,20,False,5.000000413701855e-11,4.800006081495667e-08,0.9999999862396193,True
waymo_external,1000871,14107757919671295130_3546_370_3566_370_1511668662860306.png,20,20,20,False,5.000000413701855e-11,4.000000330961484e-08,0.9999999797572418,True
waymo_external,1000872,14107757919671295130_3546_370_3566_370_1511668663460651.png,17,17,17,False,5.000000413701855e-11,3.6199992337060394e-08,0.9999999825102411,True
waymo_external,1000873,14107757919671295130_3546_370_3566_370_1511668663960854.png,17,17,17,False,5.000000413701855e-11,3.200000264769187e-08,0.9999999814111836,True
waymo_external,1000874,14107757919671295130_3546_370_3566_370_1511668664560812.png,17,17,17,False,5.000000413701855e-11,4.800000397153781e-08,0.9999999887756942,True
waymo_external,1000875,14107757919671295130_3546_370_3566_370_1511668665060789.png,15,15,15,False,5.000000413701855e-11,4.799997554982838e-08,0.9999999833898688,True
waymo_external,1000876,14107757919671295130_3546_370_3566_370_1511668665560742.png,13,13,13,False,5.000000413701855e-11,4.000003173132427e-08,0.9999999805131127,True
waymo_external,1000877,8679184381783013073_7740_000_7760_000_1541816058898881.png,35,35,35,False,5.000000413701855e-11,4.26999520186655e-08,0.9999999724013588,True
waymo_external,1000878,8679184381783013073_7740_000_7760_000_1541816059398880.png,36,36,36,False,5.000000413701855e-11,4.800000397153781e-08,0.9999999817810384,True
waymo_external,1000879,8679184381783013073_7740_000_7760_000_1541816059898872.png,35,35,35,False,5.000000413701855e-11,4.000000330961484e-08,0.9999999845744202,True
waymo_external,1000880,8679184381783013073_7740_000_7760_000_1541816060398842.png,34,34,34,False,5.000000413701855e-11,4.529999841906829e-08,0.9999999827017536,True
waymo_external,1000881,8679184381783013073_7740_000_7760_000_1541816060898879.png,36,36,36,False,5.000000413701855e-11,4.120005314689479e-08,0.9999999840193313,True
waymo_external,1000882,8679184381783013073_7740_000_7760_000_1541816061398873.png,36,36,36,False,5.000000413701855e-11,4.3700026708393125e-08,0.9999999849269633,True
waymo_external,1000883,8679184381783013073_7740_000_7760_000_1541816061898859.png,36,36,36,False,5.000000413701855e-11,4.799997554982838e-08,0.9999999853955103,True
waymo_external,1000884,8679184381783013073_7740_000_7760_000_1541816062398872.png,35,35,35,False,5.000000413701855e-11,4.000003173132427e-08,0.9999999828871313,True
waymo_external,1000885,8679184381783013073_7740_000_7760_000_1541816062898937.png,36,36,36,False,5.000000413701855e-11,4.2399960875627585e-08,0.9999999808904114,True
waymo_external,1000886,8679184381783013073_7740_000_7760_000_1541816063398943.png,37,37,37,False,5.000000413701855e-11,4.270000886208436e-08,0.9999999808030322,True
waymo_external,1000887,8679184381783013073_7740_000_7760_000_1541816063898909.png,37,37,37,False,5.00000006675716e-11,4.529999841906829e-08,0.9999999712531175,True
waymo_external,1000888,8679184381783013073_7740_000_7760_000_1541816064398870.png,36,36,36,False,5.000000413701855e-11,4.270003728379379e-08,0.9999999791784702,True
waymo_external,1000889,8679184381783013073_7740_000_7760_000_1541816064898889.png,36,36,36,False,5.000000413701855e-11,4.800000397153781e-08,0.9999999769189217,True
waymo_external,1000890,8679184381783013073_7740_000_7760_000_1541816065398891.png,37,37,37,False,5.000000413701855e-11,4.799994712811895e-08,0.9999999874758149,True
waymo_external,1000891,8679184381783013073_7740_000_7760_000_1541816065898902.png,35,35,35,False,5.000000413701855e-11,3.999997488790541e-08,0.9999999810529198,True
waymo_external,1000892,8679184381783013073_7740_000_7760_000_1541816066398894.png,36,36,36,False,5.000000413701855e-11,4.139997145102825e-08,0.9999999793473878,True
waymo_external,1000893,8679184381783013073_7740_000_7760_000_1541816066898908.png,36,36,36,False,5.000000413701855e-11,4.800000397153781e-08,0.9999999803948741,True
waymo_external,1000894,8679184381783013073_7740_000_7760_000_1541816067398885.png,35,35,35,False,5.000000413701855e-11,4.800000397153781e-08,0.999999984465191,True
waymo_external,1000895,8679184381783013073_7740_000_7760_000_1541816067898879.png,35,35,35,False,5.000000413701855e-11,3.739995690921205e-08,0.9999999890186125,True
waymo_external,1000896,8679184381783013073_7740_000_7760_000_1541816068398899.png,33,33,33,False,5.000000413701855e-11,4.530011210590601e-08,0.9999999850706286,True
waymo_external,1000897,8679184381783013073_7740_000_7760_000_1541816068898971.png,35,35,35,False,5.000000413701855e-11,4.269998044037493e-08,0.9999999880799985,True
waymo_external,1000898,8679184381783013073_7740_000_7760_000_1541816069399108.png,35,35,35,False,5.000000413701855e-11,4.800000397153781e-08,0.9999999803150916,True
waymo_external,1000899,8679184381783013073_7740_000_7760_000_1541816069899089.png,35,35,35,False,5.000000413701855e-11,4.800000397153781e-08,0.9999999856479215,True
waymo_external,1000900,8679184381783013073_7740_000_7760_000_1541816070398965.png,35,35,35,False,5.000000413701855e-11,4.0000017520469555e-08,0.9999999842480343,True
waymo_external,1000901,8679184381783013073_7740_000_7760_000_1541816070898763.png,33,33,33,False,5.000000413701855e-11,4.800000397153781e-08,0.9999999838814063,True
waymo_external,1000902,8679184381783013073_7740_000_7760_000_1541816071398596.png,32,32,32,False,5.000000413701855e-11,4.800000397153781e-08,0.9999999837901,True
waymo_external,1000903,8679184381783013073_7740_000_7760_000_1541816071898424.png,34,34,34,False,5.000000413701855e-11,4.399993258630275e-08,0.9999999833315916,True
waymo_external,1000904,8679184381783013073_7740_000_7760_000_1541816072398463.png,37,37,37,False,5.000000413701855e-11,4.270003728379379e-08,0.9999999786967468,True
waymo_external,1000905,8679184381783013073_7740_000_7760_000_1541816072898499.png,37,37,37,False,5.000000413701855e-11,4.000003173132427e-08,0.9999999864709789,True
waymo_external,1000906,8679184381783013073_7740_000_7760_000_1541816073398463.png,36,36,36,False,5.000000413701855e-11,4.31999751526746e-08,0.9999999840597965,True
waymo_external,1000907,8679184381783013073_7740_000_7760_000_1541816073898483.png,35,35,35,False,5.000000413701855e-11,4.089997673872858e-08,0.999999981502751,True
waymo_external,1000908,8679184381783013073_7740_000_7760_000_1541816074398574.png,34,34,34,False,5.000000413701855e-11,4.799997554982838e-08,0.9999999857728255,True
waymo_external,1000909,8679184381783013073_7740_000_7760_000_1541816074898668.png,33,33,33,False,5.000000413701855e-11,4.279991117073223e-08,0.9999999875861384,True
waymo_external,1000910,8679184381783013073_7740_000_7760_000_1541816075398659.png,32,32,32,False,5.000000413701855e-11,4.800000397153781e-08,0.9999999842354618,True
waymo_external,1000911,8679184381783013073_7740_000_7760_000_1541816075898538.png,35,35,35,False,5.000000413701855e-11,4.800006081495667e-08,0.9999999779003509,True
waymo_external,1000912,8679184381783013073_7740_000_7760_000_1541816076398472.png,34,34,34,False,5.000000413701855e-11,4.800003239324724e-08,0.9999999792613784,True
waymo_external,1000913,8679184381783013073_7740_000_7760_000_1541816076898511.png,32,32,32,False,5.000000413701855e-11,3.999997488790541e-08,0.9999999882338442,True
waymo_external,1000914,8679184381783013073_7740_000_7760_000_1541816077398587.png,38,38,38,False,5.000000413701855e-11,4.800000397153781e-08,0.9999999847355852,True
waymo_external,1000915,8679184381783013073_7740_000_7760_000_1541816077898596.png,37,37,37,False,5.000000413701855e-11,4.000003173132427e-08,0.9999999820258719,True
waymo_external,1000916,8679184381783013073_7740_000_7760_000_1541816078398599.png,38,38,38,False,5.000000413701855e-11,4.800000397153781e-08,0.9999999768498781,True
waymo_external,1000917,11660186733224028707_420_000_440_000_1541042907272599.png,34,34,34,False,5.000000413701855e-11,4.800000397153781e-08,0.9999999847741746,True
waymo_external,1000918,11660186733224028707_420_000_440_000_1541042907772381.png,35,35,35,False,5.000000413701855e-11,4.800000397153781e-08,0.9999999857348455,True
waymo_external,1000919,11660186733224028707_420_000_440_000_1541042908272321.png,36,36,36,False,5.000000413701855e-11,4.000003173132427e-08,0.9999999789753934,True
waymo_external,1000920,11660186733224028707_420_000_440_000_1541042908772365.png,33,33,33,False,5.000000413701855e-11,4.2999943161703413e-08,0.9999999869242768,True
waymo_external,1000921,11660186733224028707_420_000_440_000_1541042909272480.png,35,35,35,False,5.000000413701855e-11,4.800000397153781e-08,0.9999999791280438,True
waymo_external,1000922,11660186733224028707_420_000_440_000_1541042909772546.png,34,34,34,False,5.000000413701855e-11,4.800000397153781e-08,0.9999999778283816,True
waymo_external,1000923,11660186733224028707_420_000_440_000_1541042910272433.png,34,34,34,False,5.000000413701855e-11,4.280002485756995e-08,0.9999999767748899,True
waymo_external,1000924,11660186733224028707_420_000_440_000_1541042910772363.png,32,32,32,False,5.000000413701855e-11,3.999997488790541e-08,0.9999999763224885,True
waymo_external,1000925,11660186733224028707_420_000_440_000_1541042911272318.png,30,30,30,False,5.000000413701855e-11,4.190007985016564e-08,0.9999999874096532,True
waymo_external,1000926,11660186733224028707_420_000_440_000_1541042911772381.png,30,30,30,False,5.000000413701855e-11,4.800000397153781e-08,0.9999999900145838,True
waymo_external,1000927,11660186733224028707_420_000_440_000_1541042912272409.png,29,29,29,False,5.000000413701855e-11,4.799994712811895e-08,0.999999987057268,True
waymo_external,1000928,11660186733224028707_420_000_440_000_1541042912872339.png,28,28,28,False,5.000000413701855e-11,4.529999841906829e-08,0.9999999884712243,True
waymo_external,1000929,11660186733224028707_420_000_440_000_1541042913372258.png,27,27,27,False,5.000000413701855e-11,4.799994712811895e-08,0.999999983460864,True
waymo_external,1000930,11660186733224028707_420_000_440_000_1541042913872330.png,26,26,26,False,5.000000413701855e-11,4.270003728379379e-08,0.9999999882407167,True
waymo_external,1000931,11660186733224028707_420_000_440_000_1541042914372479.png,23,23,23,False,5.000000413701855e-11,4.0299994452652754e-08,0.9999999860722417,True
waymo_external,1000932,11660186733224028707_420_000_440_000_1541042914872504.png,22,22,22,False,5.000000413701855e-11,3.989998731412925e-08,0.9999999869317656,True
waymo_external,1000933,11660186733224028707_420_000_440_000_1541042915372483.png,21,21,21,False,5.000000413701855e-11,4.250000529282261e-08,0.9999999857839327,True
waymo_external,1000934,11660186733224028707_420_000_440_000_1541042915872471.png,19,19,19,False,5.000000413701855e-11,3.799999603870674e-08,0.9999999883851238,True
waymo_external,1000935,11660186733224028707_420_000_440_000_1541042916372443.png,18,18,18,False,5.000000413701855e-11,4.000003173132427e-08,0.9999999879733587,True
waymo_external,1000936,11660186733224028707_420_000_440_000_1541042916872424.png,18,18,18,False,5.000000413701855e-11,4.629993100024876e-08,0.9999999786256891,True
waymo_external,1000937,11660186733224028707_420_000_440_000_1541042917372449.png,16,16,16,False,4.9999997198124646e-11,4.4399996568245115e-08,0.9999999905973804,True
waymo_external,1000938,11660186733224028707_420_000_440_000_1541042917872402.png,17,17,17,False,5.000000413701855e-11,3.999997488790541e-08,0.999999988591256,True
waymo_external,1000939,11660186733224028707_420_000_440_000_1541042918372390.png,17,17,17,False,5.000000413701855e-11,4.1899909319909057e-08,0.9999999896542732,True
waymo_external,1000940,11660186733224028707_420_000_440_000_1541042918872440.png,17,17,17,False,5.000000413701855e-11,4.129992703383323e-08,0.9999999827921977,True
waymo_external,1000941,11660186733224028707_420_000_440_000_1541042919372406.png,17,17,17,False,5.000000413701855e-11,4.800000397153781e-08,0.9999999883866296,True
waymo_external,1000942,11660186733224028707_420_000_440_000_1541042919872294.png,17,17,17,False,5.000000413701855e-11,4.3699969864974264e-08,0.9999999895712831,True
waymo_external,1000943,11660186733224028707_420_000_440_000_1541042920372242.png,16,16,16,False,5.000000413701855e-11,4.1100008729699766e-08,0.9999999905184429,True
waymo_external,1000944,11660186733224028707_420_000_440_000_1541042920872363.png,17,17,17,False,5.000000413701855e-11,3.999997488790541e-08,0.9999999844982825,True
waymo_external,1000945,11660186733224028707_420_000_440_000_1541042921372457.png,18,18,18,False,5.000000413701855e-11,4.410003384691663e-08,0.9999999879352505,True
waymo_external,1000946,11660186733224028707_420_000_440_000_1541042921872459.png,18,18,18,False,5.000000413701855e-11,4.800006081495667e-08,0.9999999898298025,True
waymo_external,1000947,11660186733224028707_420_000_440_000_1541042922372334.png,20,20,20,False,5.000000413701855e-11,4.220004257149412e-08,0.9999999873826013,True
waymo_external,1000948,11660186733224028707_420_000_440_000_1541042922872204.png,20,20,20,False,5.000000413701855e-11,3.5600010050984565e-08,0.9999999916215284,True
waymo_external,1000949,11660186733224028707_420_000_440_000_1541042923372267.png,20,20,20,False,5.000000413701855e-11,4.180003543297062e-08,0.999999991294952,True
waymo_external,1000950,11660186733224028707_420_000_440_000_1541042923872337.png,20,20,20,False,5.000000413701855e-11,4.800000397153781e-08,0.9999999922530394,True
waymo_external,1000951,11660186733224028707_420_000_440_000_1541042924372453.png,18,18,18,False,5.000000413701855e-11,4.0000017520469555e-08,0.9999999857982873,True
waymo_external,1000952,11660186733224028707_420_000_440_000_1541042924872372.png,20,20,20,False,5.000000413701855e-11,4.010001930510043e-08,0.999999987001459,True
waymo_external,1000953,11660186733224028707_420_000_440_000_1541042925372250.png,16,16,16,False,5.000000413701855e-11,4.000000330961484e-08,0.9999999889874572,True
waymo_external,1000954,11660186733224028707_420_000_440_000_1541042925872089.png,13,13,13,False,5.000000413701855e-11,3.200000975311923e-08,0.9999999932101418,True
waymo_external,1000955,11660186733224028707_420_000_440_000_1541042926372139.png,14,14,14,False,5.000000413701855e-11,3.999997488790541e-08,0.999999989014183,True
waymo_external,1000956,11660186733224028707_420_000_440_000_1541042926872276.png,13,13,13,False,5.000000413701855e-11,3.870002274197759e-08,0.9999999918777265,True
waymo_external,1000957,14300007604205869133_1160_000_1180_000_1544753125275130.png,19,19,19,False,5.000000413701855e-11,4.800000397153781e-08,0.9999999876975958,True
waymo_external,1000958,14300007604205869133_1160_000_1180_000_1544753125775567.png,20,20,20,False,5.000000413701855e-11,3.7599988900183234e-08,0.9999999844168588,True
waymo_external,1000959,14300007604205869133_1160_000_1180_000_1544753126275830.png,24,24,24,False,5.000000413701855e-11,4.800000397153781e-08,0.9999999783130747,True
waymo_external,1000960,14300007604205869133_1160_000_1180_000_1544753126775776.png,23,23,23,False,5.000000413701855e-11,3.730002617885475e-08,0.9999999763793815,True
waymo_external,1000961,14300007604205869133_1160_000_1180_000_1544753127275736.png,22,22,22,False,5.000000413701855e-11,3.799999603870674e-08,0.9999999832878709,True
waymo_external,1000962,14300007604205869133_1160_000_1180_000_1544753127775376.png,21,21,21,False,5.000000413701855e-11,4.800000397153781e-08,0.9999999852911627,True
waymo_external,1000963,14300007604205869133_1160_000_1180_000_1544753128274997.png,22,22,22,False,5.000000413701855e-11,4.450004098544014e-08,0.9999999827292125,True
waymo_external,1000964,14300007604205869133_1160_000_1180_000_1544753128774321.png,28,28,28,False,5.000000413701855e-11,4.800000397153781e-08,0.9999999764896882,True
waymo_external,1000965,14300007604205869133_1160_000_1180_000_1544753129273865.png,28,28,28,False,5.000000413701855e-11,4.250000529282261e-08,0.9999999778559389,True
waymo_external,1000966,14300007604205869133_1160_000_1180_000_1544753129773621.png,27,27,27,False,5.000000413701855e-11,4.799994712811895e-08,0.9999999817516326,True
waymo_external,1000967,14300007604205869133_1160_000_1180_000_1544753130273617.png,27,27,27,False,5.000000413701855e-11,4.150001586822327e-08,0.9999999794845061,True
waymo_external,1000968,14300007604205869133_1160_000_1180_000_1544753130773776.png,28,28,28,False,5.00000006675716e-11,4.529999841906829e-08,0.9999999838911054,True
waymo_external,1000969,14300007604205869133_1160_000_1180_000_1544753131273873.png,31,31,31,False,5.00000006675716e-11,4.000003173132427e-08,0.9999999843453846,True
waymo_external,1000970,14300007604205869133_1160_000_1180_000_1544753131773860.png,31,31,31,False,4.999999893284812e-11,4.600002512233914e-08,0.9999999809408844,True
waymo_external,1000971,14300007604205869133_1160_000_1180_000_1544753132273803.png,35,35,35,False,5.000000413701855e-11,4.529999841906829e-08,0.9999999817673092,True
waymo_external,1000972,14300007604205869133_1160_000_1180_000_1544753132773773.png,36,36,36,False,4.999999893284812e-11,4.799994712811895e-08,0.9999999820897184,True
waymo_external,1000973,14300007604205869133_1160_000_1180_000_1544753133273761.png,36,36,36,False,5.000000413701855e-11,4.2400017719046446e-08,0.9999999826058316,True
waymo_external,1000974,14300007604205869133_1160_000_1180_000_1544753133773698.png,35,35,35,False,5.000000413701855e-11,4.800006081495667e-08,0.9999999758269386,True
waymo_external,1000975,14300007604205869133_1160_000_1180_000_1544753134273660.png,36,36,36,False,5.000000413701855e-11,4.529999841906829e-08,0.9999999745966122,True
waymo_external,1000976,14300007604205869133_1160_000_1180_000_1544753134773653.png,35,35,35,False,5.000000413701855e-11,4.800000397153781e-08,0.999999979247714,True
waymo_external,1000977,14300007604205869133_1160_000_1180_000_1544753135273607.png,33,33,33,False,5.000000413701855e-11,4.800000397153781e-08,0.9999999865051399,True
waymo_external,1000978,14300007604205869133_1160_000_1180_000_1544753135773631.png,33,33,33,False,4.999999980020986e-11,3.599996034608921e-08,0.9999999748780795,True
waymo_external,1000979,14300007604205869133_1160_000_1180_000_1544753136273702.png,31,31,31,False,4.999999980020986e-11,4.46999592895736e-08,0.9999999743521083,True
waymo_external,1000980,14300007604205869133_1160_000_1180_000_1544753136773763.png,30,30,30,False,5.000000413701855e-11,4.530005526248715e-08,0.9999999805562397,True
waymo_external,1000981,14300007604205869133_1160_000_1180_000_1544753137273857.png,31,31,31,False,5.000000413701855e-11,4.269998044037493e-08,0.9999999742031939,True
waymo_external,1000982,14300007604205869133_1160_000_1180_000_1544753137773912.png,32,32,32,False,5.000000413701855e-11,4.420007826411165e-08,0.9999999808154396,True
waymo_external,1000983,14300007604205869133_1160_000_1180_000_1544753138273784.png,29,29,29,False,5.000000413701855e-11,4.2300030145270284e-08,0.9999999710869503,True
waymo_external,1000984,14300007604205869133_1160_000_1180_000_1544753138773662.png,28,28,28,False,5.000000413701855e-11,4.800003239324724e-08,0.9999999739640988,True
waymo_external,1000985,14300007604205869133_1160_000_1180_000_1544753139273611.png,30,30,30,False,5.000000413701855e-11,4.480000370676862e-08,0.9999999773384312,True
waymo_external,1000986,14300007604205869133_1160_000_1180_000_1544753139773616.png,29,29,29,False,5.000000413701855e-11,3.949998017560574e-08,0.9999999766583325,True
waymo_external,1000987,14300007604205869133_1160_000_1180_000_1544753140273641.png,32,32,32,False,5.000000413701855e-11,3.859997832478257e-08,0.9999999683085177,True
waymo_external,1000988,14300007604205869133_1160_000_1180_000_1544753140773668.png,33,33,33,False,5.000000413701855e-11,4.799997554982838e-08,0.9999999782066854,True
waymo_external,1000989,14300007604205869133_1160_000_1180_000_1544753141273685.png,32,32,32,False,5.000000413701855e-11,4.799997554982838e-08,0.9999999672888586,True
waymo_external,1000990,14300007604205869133_1160_000_1180_000_1544753141773695.png,32,32,32,False,5.000000413701855e-11,4.799997554982838e-08,0.9999999766770716,True
waymo_external,1000991,14300007604205869133_1160_000_1180_000_1544753142273724.png,33,33,33,False,5.000000413701855e-11,4.799997554982838e-08,0.999999965708063,True
waymo_external,1000992,14300007604205869133_1160_000_1180_000_1544753142773716.png,32,32,32,False,5.000000413701855e-11,4.800000397153781e-08,0.9999999818963378,True
waymo_external,1000993,14300007604205869133_1160_000_1180_000_1544753143273703.png,31,31,31,False,5.000000413701855e-11,4.669999498219113e-08,0.9999999870605455,True
waymo_external,1000994,14300007604205869133_1160_000_1180_000_1544753143773742.png,35,35,35,False,5.000000413701855e-11,4.800000397153781e-08,0.9999999727314575,True
waymo_external,1000995,14300007604205869133_1160_000_1180_000_1544753144273740.png,35,35,35,False,5.000000413701855e-11,4.799997554982838e-08,0.9999999757254944,True
waymo_external,1000996,14300007604205869133_1160_000_1180_000_1544753144773721.png,34,34,34,False,5.000000413701855e-11,4.599996827892028e-08,0.9999999778902785,True
