global_image_id,canonical_image_key,dataset,partition,source_image_id,evaluation_ignore_count,excluded_non_target_count,total_region_policy_count
1,kitti_000000,KITTI,train,000000,0,0,0
2,kitti_000001,KITTI,train,000001,4,0,4
3,kitti_000002,KITTI,train,000002,0,1,1
4,kitti_000003,KITTI,val,000003,2,0,2
5,kitti_000004,KITTI,train,000004,5,0,5
6,kitti_000005,KITTI,val,000005,4,0,4
7,kitti_000006,KITTI,train,000006,2,0,2
8,kitti_000007,KITTI,train,000007,2,0,2
9,kitti_000008,KITTI,train,000008,4,0,4
10,kitti_000009,KITTI,train,000009,2,0,2
11,kitti_000010,KITTI,val,000010,4,0,4
12,kitti_000011,KITTI,train,000011,3,0,3
13,kitti_000012,KITTI,train,000012,3,0,3
14,kitti_000013,KITTI,train,000013,1,0,1
15,kitti_000014,KITTI,train,000014,2,0,2
16,kitti_000015,KITTI,train,000015,5,0,5
17,kitti_000016,KITTI,train,000016,16,1,17
18,kitti_000017,KITTI,train,000017,1,0,1
19,kitti_000018,KITTI,train,000018,17,1,18
20,kitti_000019,KITTI,train,000019,2,0,2
21,kitti_000020,KITTI,val,000020,0,0,0
22,kitti_000021,KITTI,train,000021,2,0,2
23,kitti_000022,KITTI,train,000022,1,0,1
24,kitti_000023,KITTI,train,000023,3,0,3
25,kitti_000024,KITTI,val,000024,4,0,4
26,kitti_000025,KITTI,val,000025,3,0,3
27,kitti_000026,KITTI,train,000026,0,0,0
28,kitti_000027,KITTI,train,000027,1,0,1
29,kitti_000028,KITTI,train,000028,0,0,0
30,kitti_000029,KITTI,train,000029,2,1,3
31,kitti_000030,KITTI,train,000030,1,0,1
32,kitti_000031,KITTI,train,000031,3,0,3
33,kitti_000032,KITTI,val,000032,2,0,2
34,kitti_000033,KITTI,train,000033,1,0,1
35,kitti_000034,KITTI,train,000034,4,0,4
36,kitti_000035,KITTI,val,000035,6,0,6
37,kitti_000036,KITTI,train,000036,2,0,2
38,kitti_000037,KITTI,val,000037,0,0,0
39,kitti_000038,KITTI,train,000038,1,0,1
40,kitti_000039,KITTI,train,000039,2,0,2
41,kitti_000040,KITTI,train,000040,1,0,1
42,kitti_000041,KITTI,train,000041,4,0,4
43,kitti_000042,KITTI,val,000042,4,1,5
44,kitti_000043,KITTI,train,000043,5,0,5
45,kitti_000044,KITTI,train,000044,1,0,1
46,kitti_000045,KITTI,train,000045,5,1,6
47,kitti_000046,KITTI,train,000046,1,0,1
48,kitti_000047,KITTI,val,000047,0,0,0
49,kitti_000048,KITTI,train,000048,6,0,6
50,kitti_000049,KITTI,train,000049,1,0,1
51,kitti_000050,KITTI,train,000050,0,0,0
52,kitti_000051,KITTI,train,000051,9,0,9
53,kitti_000052,KITTI,val,000052,3,0,3
54,kitti_000053,KITTI,train,000053,2,0,2
55,kitti_000054,KITTI,train,000054,0,0,0
56,kitti_000055,KITTI,train,000055,2,0,2
57,kitti_000056,KITTI,train,000056,1,0,1
58,kitti_000057,KITTI,train,000057,2,0,2
59,kitti_000058,KITTI,train,000058,0,0,0
60,kitti_000059,KITTI,train,000059,1,0,1
61,kitti_000060,KITTI,val,000060,5,0,5
62,kitti_000061,KITTI,train,000061,2,1,3
63,kitti_000062,KITTI,train,000062,1,0,1
64,kitti_000063,KITTI,train,000063,0,0,0
65,kitti_000064,KITTI,train,000064,2,0,2
66,kitti_000065,KITTI,val,000065,0,3,3
67,kitti_000066,KITTI,train,000066,3,0,3
68,kitti_000067,KITTI,train,000067,2,1,3
69,kitti_000068,KITTI,train,000068,0,0,0
70,kitti_000069,KITTI,train,000069,3,0,3
71,kitti_000070,KITTI,train,000070,0,0,0
72,kitti_000071,KITTI,train,000071,1,1,2
73,kitti_000072,KITTI,train,000072,1,0,1
74,kitti_000073,KITTI,train,000073,1,0,1
75,kitti_000074,KITTI,train,000074,2,0,2
76,kitti_000075,KITTI,train,000075,1,1,2
77,kitti_000076,KITTI,train,000076,1,0,1
78,kitti_000077,KITTI,train,000077,2,0,2
79,kitti_000078,KITTI,val,000078,2,0,2
80,kitti_000079,KITTI,train,000079,3,1,4
81,kitti_000080,KITTI,val,000080,1,0,1
82,kitti_000081,KITTI,train,000081,3,2,5
83,kitti_000082,KITTI,train,000082,1,0,1
84,kitti_000083,KITTI,val,000083,0,0,0
85,kitti_000084,KITTI,train,000084,0,0,0
86,kitti_000085,KITTI,train,000085,2,0,2
87,kitti_000086,KITTI,val,000086,1,0,1
88,kitti_000087,KITTI,train,000087,5,0,5
89,kitti_000088,KITTI,train,000088,4,0,4
90,kitti_000089,KITTI,train,000089,0,0,0
91,kitti_000090,KITTI,train,000090,0,0,0
92,kitti_000091,KITTI,train,000091,4,0,4
93,kitti_000092,KITTI,val,000092,1,0,1
94,kitti_000093,KITTI,train,000093,2,0,2
95,kitti_000094,KITTI,train,000094,0,0,0
96,kitti_000095,KITTI,train,000095,0,0,0
97,kitti_000096,KITTI,train,000096,4,0,4
98,kitti_000097,KITTI,val,000097,6,0,6
99,kitti_000098,KITTI,val,000098,1,2,3
100,kitti_000099,KITTI,val,000099,4,0,4
101,kitti_000100,KITTI,train,000100,1,0,1
102,kitti_000101,KITTI,train,000101,4,0,4
103,kitti_000102,KITTI,train,000102,0,1,1
104,kitti_000103,KITTI,train,000103,0,0,0
105,kitti_000104,KITTI,train,000104,1,0,1
106,kitti_000105,KITTI,train,000105,5,0,5
107,kitti_000106,KITTI,train,000106,3,0,3
108,kitti_000107,KITTI,val,000107,2,1,3
109,kitti_000108,KITTI,train,000108,1,1,2
110,kitti_000109,KITTI,train,000109,0,0,0
111,kitti_000110,KITTI,train,000110,0,0,0
112,kitti_000111,KITTI,train,000111,0,0,0
113,kitti_000112,KITTI,train,000112,1,0,1
114,kitti_000113,KITTI,train,000113,0,3,3
115,kitti_000114,KITTI,train,000114,2,0,2
116,kitti_000115,KITTI,train,000115,4,0,4
117,kitti_000116,KITTI,train,000116,1,0,1
118,kitti_000117,KITTI,train,000117,3,0,3
119,kitti_000118,KITTI,train,000118,0,2,2
120,kitti_000119,KITTI,train,000119,1,0,1
121,kitti_000120,KITTI,train,000120,1,0,1
122,kitti_000121,KITTI,train,000121,7,1,8
123,kitti_000122,KITTI,train,000122,0,2,2
124,kitti_000123,KITTI,train,000123,1,0,1
125,kitti_000124,KITTI,val,000124,5,0,5
126,kitti_000125,KITTI,train,000125,2,0,2
127,kitti_000126,KITTI,train,000126,2,0,2
128,kitti_000127,KITTI,train,000127,3,0,3
129,kitti_000128,KITTI,val,000128,4,0,4
130,kitti_000129,KITTI,train,000129,3,1,4
131,kitti_000130,KITTI,train,000130,0,0,0
132,kitti_000131,KITTI,train,000131,4,0,4
133,kitti_000132,KITTI,val,000132,0,0,0
134,kitti_000133,KITTI,train,000133,3,0,3
135,kitti_000134,KITTI,train,000134,2,0,2
136,kitti_000135,KITTI,train,000135,7,0,7
137,kitti_000136,KITTI,train,000136,2,0,2
138,kitti_000137,KITTI,train,000137,4,1,5
139,kitti_000138,KITTI,train,000138,0,0,0
140,kitti_000139,KITTI,train,000139,5,0,5
141,kitti_000140,KITTI,val,000140,0,0,0
142,kitti_000141,KITTI,train,000141,1,0,1
143,kitti_000142,KITTI,train,000142,0,0,0
144,kitti_000143,KITTI,train,000143,5,0,5
145,kitti_000144,KITTI,train,000144,2,0,2
146,kitti_000145,KITTI,train,000145,2,0,2
147,kitti_000146,KITTI,val,000146,1,0,1
148,kitti_000147,KITTI,val,000147,2,0,2
149,kitti_000148,KITTI,train,000148,0,0,0
150,kitti_000149,KITTI,train,000149,0,0,0
151,kitti_000150,KITTI,train,000150,2,0,2
152,kitti_000151,KITTI,train,000151,3,0,3
153,kitti_000152,KITTI,train,000152,3,1,4
154,kitti_000153,KITTI,train,000153,0,0,0
155,kitti_000154,KITTI,train,000154,1,0,1
156,kitti_000155,KITTI,train,000155,6,1,7
157,kitti_000156,KITTI,train,000156,0,0,0
158,kitti_000157,KITTI,train,000157,4,3,7
159,kitti_000158,KITTI,train,000158,0,0,0
160,kitti_000159,KITTI,train,000159,3,0,3
161,kitti_000160,KITTI,train,000160,2,0,2
162,kitti_000161,KITTI,train,000161,4,0,4
163,kitti_000162,KITTI,train,000162,4,0,4
164,kitti_000163,KITTI,train,000163,5,0,5
165,kitti_000164,KITTI,train,000164,3,0,3
166,kitti_000165,KITTI,val,000165,1,0,1
167,kitti_000166,KITTI,train,000166,2,0,2
168,kitti_000167,KITTI,train,000167,5,0,5
169,kitti_000168,KITTI,train,000168,1,0,1
170,kitti_000169,KITTI,val,000169,4,0,4
171,kitti_000170,KITTI,train,000170,0,0,0
172,kitti_000171,KITTI,train,000171,3,0,3
173,kitti_000172,KITTI,train,000172,0,0,0
174,kitti_000173,KITTI,train,000173,3,0,3
175,kitti_000174,KITTI,val,000174,2,1,3
176,kitti_000175,KITTI,val,000175,1,0,1
177,kitti_000176,KITTI,train,000176,2,0,2
178,kitti_000177,KITTI,train,000177,2,0,2
179,kitti_000178,KITTI,val,000178,1,0,1
180,kitti_000179,KITTI,train,000179,0,3,3
181,kitti_000180,KITTI,train,000180,2,0,2
182,kitti_000181,KITTI,train,000181,1,0,1
183,kitti_000182,KITTI,train,000182,2,0,2
184,kitti_000183,KITTI,train,000183,0,1,1
185,kitti_000184,KITTI,val,000184,1,1,2
186,kitti_000185,KITTI,train,000185,1,0,1
187,kitti_000186,KITTI,train,000186,1,0,1
188,kitti_000187,KITTI,train,000187,2,0,2
189,kitti_000188,KITTI,train,000188,2,0,2
190,kitti_000189,KITTI,train,000189,3,0,3
191,kitti_000190,KITTI,train,000190,1,0,1
192,kitti_000191,KITTI,train,000191,1,0,1
193,kitti_000192,KITTI,train,000192,0,2,2
194,kitti_000193,KITTI,train,000193,0,0,0
195,kitti_000194,KITTI,train,000194,0,0,0
196,kitti_000195,KITTI,train,000195,5,0,5
197,kitti_000196,KITTI,train,000196,1,1,2
198,kitti_000197,KITTI,val,000197,7,0,7
199,kitti_000198,KITTI,val,000198,0,0,0
200,kitti_000199,KITTI,train,000199,0,0,0
201,kitti_000200,KITTI,train,000200,0,1,1
202,kitti_000201,KITTI,val,000201,1,0,1
203,kitti_000202,KITTI,train,000202,0,0,0
204,kitti_000203,KITTI,train,000203,2,0,2
205,kitti_000204,KITTI,train,000204,2,1,3
206,kitti_000205,KITTI,train,000205,3,1,4
207,kitti_000206,KITTI,val,000206,0,0,0
208,kitti_000207,KITTI,train,000207,5,1,6
209,kitti_000208,KITTI,train,000208,0,0,0
210,kitti_000209,KITTI,val,000209,0,0,0
211,kitti_000210,KITTI,train,000210,2,1,3
212,kitti_000211,KITTI,train,000211,3,0,3
213,kitti_000212,KITTI,val,000212,3,0,3
214,kitti_000213,KITTI,train,000213,4,0,4
215,kitti_000214,KITTI,val,000214,4,0,4
216,kitti_000215,KITTI,val,000215,0,0,0
217,kitti_000216,KITTI,train,000216,2,0,2
218,kitti_000217,KITTI,train,000217,0,0,0
219,kitti_000218,KITTI,val,000218,5,0,5
220,kitti_000219,KITTI,train,000219,3,0,3
221,kitti_000220,KITTI,train,000220,6,0,6
222,kitti_000221,KITTI,train,000221,0,1,1
223,kitti_000222,KITTI,train,000222,1,0,1
224,kitti_000223,KITTI,val,000223,1,1,2
225,kitti_000224,KITTI,train,000224,5,0,5
226,kitti_000225,KITTI,train,000225,1,0,1
227,kitti_000226,KITTI,train,000226,2,0,2
228,kitti_000227,KITTI,val,000227,0,0,0
229,kitti_000228,KITTI,train,000228,5,0,5
230,kitti_000229,KITTI,train,000229,4,1,5
231,kitti_000230,KITTI,train,000230,3,0,3
232,kitti_000231,KITTI,train,000231,3,0,3
233,kitti_000232,KITTI,train,000232,3,1,4
234,kitti_000233,KITTI,train,000233,2,0,2
235,kitti_000234,KITTI,train,000234,6,0,6
236,kitti_000235,KITTI,train,000235,3,0,3
237,kitti_000236,KITTI,train,000236,0,0,0
238,kitti_000237,KITTI,train,000237,3,0,3
239,kitti_000238,KITTI,train,000238,4,0,4
240,kitti_000239,KITTI,train,000239,1,0,1
241,kitti_000240,KITTI,val,000240,1,0,1
242,kitti_000241,KITTI,train,000241,1,0,1
243,kitti_000242,KITTI,train,000242,2,0,2
244,kitti_000243,KITTI,train,000243,6,0,6
245,kitti_000244,KITTI,train,000244,1,0,1
246,kitti_000245,KITTI,train,000245,0,0,0
247,kitti_000246,KITTI,train,000246,0,2,2
248,kitti_000247,KITTI,train,000247,0,0,0
249,kitti_000248,KITTI,val,000248,0,2,2
250,kitti_000249,KITTI,train,000249,0,1,1
251,kitti_000250,KITTI,train,000250,1,0,1
252,kitti_000251,KITTI,train,000251,0,4,4
253,kitti_000252,KITTI,train,000252,0,0,0
254,kitti_000253,KITTI,train,000253,1,0,1
255,kitti_000254,KITTI,train,000254,0,0,0
256,kitti_000255,KITTI,val,000255,0,0,0
257,kitti_000256,KITTI,train,000256,2,1,3
258,kitti_000257,KITTI,train,000257,4,0,4
259,kitti_000258,KITTI,train,000258,0,0,0
260,kitti_000259,KITTI,train,000259,1,0,1
261,kitti_000260,KITTI,train,000260,2,0,2
262,kitti_000261,KITTI,train,000261,3,0,3
263,kitti_000262,KITTI,val,000262,1,1,2
264,kitti_000263,KITTI,train,000263,0,0,0
265,kitti_000264,KITTI,train,000264,1,0,1
266,kitti_000265,KITTI,train,000265,6,1,7
267,kitti_000266,KITTI,train,000266,3,0,3
268,kitti_000267,KITTI,train,000267,3,0,3
269,kitti_000268,KITTI,train,000268,2,1,3
270,kitti_000269,KITTI,train,000269,1,0,1
271,kitti_000270,KITTI,train,000270,4,0,4
272,kitti_000271,KITTI,val,000271,2,0,2
273,kitti_000272,KITTI,train,000272,2,0,2
274,kitti_000273,KITTI,train,000273,3,0,3
275,kitti_000274,KITTI,val,000274,2,0,2
276,kitti_000275,KITTI,val,000275,1,0,1
277,kitti_000276,KITTI,train,000276,0,0,0
278,kitti_000277,KITTI,train,000277,7,0,7
279,kitti_000278,KITTI,train,000278,0,0,0
280,kitti_000279,KITTI,train,000279,1,0,1
281,kitti_000280,KITTI,train,000280,0,0,0
282,kitti_000281,KITTI,train,000281,4,0,4
283,kitti_000282,KITTI,train,000282,1,1,2
284,kitti_000283,KITTI,train,000283,0,0,0
285,kitti_000284,KITTI,train,000284,1,0,1
286,kitti_000285,KITTI,val,000285,0,0,0
287,kitti_000286,KITTI,val,000286,1,0,1
288,kitti_000287,KITTI,train,000287,2,0,2
289,kitti_000288,KITTI,train,000288,0,0,0
290,kitti_000289,KITTI,val,000289,0,0,0
291,kitti_000290,KITTI,train,000290,0,0,0
292,kitti_000291,KITTI,train,000291,2,0,2
293,kitti_000292,KITTI,train,000292,1,1,2
294,kitti_000293,KITTI,val,000293,0,0,0
295,kitti_000294,KITTI,train,000294,0,0,0
296,kitti_000295,KITTI,val,000295,5,0,5
297,kitti_000296,KITTI,train,000296,3,1,4
298,kitti_000297,KITTI,train,000297,3,0,3
299,kitti_000298,KITTI,val,000298,0,0,0
300,kitti_000299,KITTI,train,000299,1,0,1
301,kitti_000300,KITTI,train,000300,4,0,4
302,kitti_000301,KITTI,val,000301,0,0,0
303,kitti_000302,KITTI,train,000302,1,0,1
304,kitti_000303,KITTI,train,000303,2,0,2
305,kitti_000304,KITTI,val,000304,1,0,1
306,kitti_000305,KITTI,train,000305,1,0,1
307,kitti_000306,KITTI,val,000306,4,0,4
308,kitti_000307,KITTI,train,000307,3,0,3
309,kitti_000308,KITTI,train,000308,5,0,5
310,kitti_000309,KITTI,train,000309,1,0,1
311,kitti_000310,KITTI,train,000310,2,0,2
312,kitti_000311,KITTI,train,000311,1,0,1
313,kitti_000312,KITTI,train,000312,1,0,1
314,kitti_000313,KITTI,train,000313,6,0,6
315,kitti_000314,KITTI,train,000314,2,1,3
316,kitti_000315,KITTI,train,000315,1,0,1
317,kitti_000316,KITTI,train,000316,0,0,0
318,kitti_000317,KITTI,train,000317,4,0,4
319,kitti_000318,KITTI,val,000318,1,1,2
320,kitti_000319,KITTI,train,000319,0,0,0
321,kitti_000320,KITTI,train,000320,2,0,2
322,kitti_000321,KITTI,train,000321,1,0,1
323,kitti_000322,KITTI,train,000322,1,0,1
324,kitti_000323,KITTI,train,000323,1,0,1
325,kitti_000324,KITTI,val,000324,0,0,0
326,kitti_000325,KITTI,train,000325,0,0,0
327,kitti_000326,KITTI,train,000326,3,0,3
328,kitti_000327,KITTI,train,000327,0,0,0
329,kitti_000328,KITTI,train,000328,0,0,0
330,kitti_000329,KITTI,val,000329,5,0,5
331,kitti_000330,KITTI,train,000330,0,0,0
332,kitti_000331,KITTI,train,000331,0,0,0
333,kitti_000332,KITTI,val,000332,1,0,1
334,kitti_000333,KITTI,train,000333,1,1,2
335,kitti_000334,KITTI,train,000334,1,0,1
336,kitti_000335,KITTI,train,000335,1,0,1
337,kitti_000336,KITTI,val,000336,2,1,3
338,kitti_000337,KITTI,train,000337,0,0,0
339,kitti_000338,KITTI,train,000338,1,0,1
340,kitti_000339,KITTI,train,000339,3,0,3
341,kitti_000340,KITTI,train,000340,2,1,3
342,kitti_000341,KITTI,train,000341,1,1,2
343,kitti_000342,KITTI,train,000342,5,0,5
344,kitti_000343,KITTI,train,000343,2,0,2
345,kitti_000344,KITTI,train,000344,2,0,2
346,kitti_000345,KITTI,train,000345,0,1,1
347,kitti_000346,KITTI,train,000346,3,0,3
348,kitti_000347,KITTI,val,000347,2,0,2
349,kitti_000348,KITTI,train,000348,0,0,0
350,kitti_000349,KITTI,train,000349,1,0,1
351,kitti_000350,KITTI,val,000350,3,0,3
352,kitti_000351,KITTI,train,000351,0,1,1
353,kitti_000352,KITTI,val,000352,1,0,1
354,kitti_000353,KITTI,train,000353,0,0,0
355,kitti_000354,KITTI,train,000354,4,0,4
356,kitti_000355,KITTI,train,000355,1,0,1
357,kitti_000356,KITTI,train,000356,2,0,2
358,kitti_000357,KITTI,train,000357,0,1,1
359,kitti_000358,KITTI,val,000358,2,0,2
360,kitti_000359,KITTI,train,000359,5,0,5
361,kitti_000360,KITTI,train,000360,1,0,1
362,kitti_000361,KITTI,val,000361,5,0,5
363,kitti_000362,KITTI,train,000362,4,0,4
364,kitti_000363,KITTI,train,000363,3,0,3
365,kitti_000364,KITTI,train,000364,3,0,3
366,kitti_000365,KITTI,train,000365,0,0,0
367,kitti_000366,KITTI,train,000366,4,0,4
368,kitti_000367,KITTI,train,000367,4,0,4
369,kitti_000368,KITTI,train,000368,0,0,0
370,kitti_000369,KITTI,train,000369,2,0,2
371,kitti_000370,KITTI,train,000370,0,0,0
372,kitti_000371,KITTI,val,000371,1,0,1
373,kitti_000372,KITTI,train,000372,4,0,4
374,kitti_000373,KITTI,train,000373,1,0,1
375,kitti_000374,KITTI,train,000374,1,1,2
376,kitti_000375,KITTI,val,000375,2,0,2
377,kitti_000376,KITTI,val,000376,3,0,3
378,kitti_000377,KITTI,train,000377,1,1,2
379,kitti_000378,KITTI,train,000378,1,0,1
380,kitti_000379,KITTI,train,000379,3,0,3
381,kitti_000380,KITTI,train,000380,2,0,2
382,kitti_000381,KITTI,train,000381,0,0,0
383,kitti_000382,KITTI,train,000382,1,0,1
384,kitti_000383,KITTI,val,000383,1,0,1
385,kitti_000384,KITTI,train,000384,1,0,1
386,kitti_000385,KITTI,val,000385,3,0,3
387,kitti_000386,KITTI,train,000386,0,0,0
388,kitti_000387,KITTI,train,000387,1,0,1
389,kitti_000388,KITTI,train,000388,1,1,2
390,kitti_000389,KITTI,train,000389,0,0,0
391,kitti_000390,KITTI,train,000390,0,0,0
392,kitti_000391,KITTI,train,000391,0,2,2
393,kitti_000392,KITTI,val,000392,4,0,4
394,kitti_000393,KITTI,train,000393,3,0,3
395,kitti_000394,KITTI,train,000394,4,2,6
396,kitti_000395,KITTI,val,000395,1,1,2
397,kitti_000396,KITTI,val,000396,0,0,0
398,kitti_000397,KITTI,val,000397,3,6,9
399,kitti_000398,KITTI,train,000398,0,0,0
400,kitti_000399,KITTI,train,000399,0,1,1
401,kitti_000400,KITTI,train,000400,2,0,2
402,kitti_000401,KITTI,train,000401,1,0,1
403,kitti_000402,KITTI,train,000402,3,0,3
404,kitti_000403,KITTI,val,000403,2,1,3
405,kitti_000404,KITTI,train,000404,0,1,1
406,kitti_000405,KITTI,val,000405,3,0,3
407,kitti_000406,KITTI,train,000406,1,0,1
408,kitti_000407,KITTI,train,000407,0,0,0
409,kitti_000408,KITTI,train,000408,1,0,1
410,kitti_000409,KITTI,train,000409,0,0,0
411,kitti_000410,KITTI,train,000410,1,0,1
412,kitti_000411,KITTI,train,000411,1,0,1
413,kitti_000412,KITTI,train,000412,1,0,1
414,kitti_000413,KITTI,train,000413,3,0,3
415,kitti_000414,KITTI,train,000414,0,0,0
416,kitti_000415,KITTI,train,000415,2,0,2
417,kitti_000416,KITTI,train,000416,2,0,2
418,kitti_000417,KITTI,train,000417,9,0,9
419,kitti_000418,KITTI,val,000418,2,0,2
420,kitti_000419,KITTI,train,000419,0,0,0
421,kitti_000420,KITTI,train,000420,0,0,0
422,kitti_000421,KITTI,val,000421,2,0,2
423,kitti_000422,KITTI,train,000422,1,0,1
424,kitti_000423,KITTI,train,000423,1,0,1
425,kitti_000424,KITTI,train,000424,4,3,7
426,kitti_000425,KITTI,train,000425,8,0,8
427,kitti_000426,KITTI,train,000426,3,0,3
428,kitti_000427,KITTI,val,000427,2,2,4
429,kitti_000428,KITTI,train,000428,2,0,2
430,kitti_000429,KITTI,train,000429,2,0,2
431,kitti_000430,KITTI,train,000430,1,1,2
432,kitti_000431,KITTI,val,000431,5,0,5
433,kitti_000432,KITTI,train,000432,1,0,1
434,kitti_000433,KITTI,train,000433,3,0,3
435,kitti_000434,KITTI,train,000434,0,0,0
436,kitti_000435,KITTI,train,000435,0,0,0
437,kitti_000436,KITTI,val,000436,2,0,2
438,kitti_000437,KITTI,train,000437,1,0,1
439,kitti_000438,KITTI,train,000438,3,1,4
440,kitti_000439,KITTI,train,000439,2,0,2
441,kitti_000440,KITTI,train,000440,6,0,6
442,kitti_000441,KITTI,train,000441,6,0,6
443,kitti_000442,KITTI,train,000442,5,0,5
444,kitti_000443,KITTI,train,000443,3,0,3
445,kitti_000444,KITTI,train,000444,1,0,1
446,kitti_000445,KITTI,train,000445,1,0,1
447,kitti_000446,KITTI,train,000446,1,0,1
448,kitti_000447,KITTI,train,000447,2,0,2
449,kitti_000448,KITTI,train,000448,3,0,3
450,kitti_000449,KITTI,train,000449,4,0,4
451,kitti_000450,KITTI,train,000450,0,1,1
452,kitti_000451,KITTI,train,000451,1,0,1
453,kitti_000452,KITTI,train,000452,5,0,5
454,kitti_000453,KITTI,val,000453,2,1,3
455,kitti_000454,KITTI,train,000454,2,0,2
456,kitti_000455,KITTI,val,000455,2,0,2
457,kitti_000456,KITTI,train,000456,1,0,1
458,kitti_000457,KITTI,train,000457,1,0,1
459,kitti_000458,KITTI,train,000458,0,0,0
460,kitti_000459,KITTI,train,000459,1,0,1
461,kitti_000460,KITTI,train,000460,2,0,2
462,kitti_000461,KITTI,train,000461,6,0,6
463,kitti_000462,KITTI,train,000462,1,0,1
464,kitti_000463,KITTI,val,000463,1,0,1
465,kitti_000464,KITTI,train,000464,0,0,0
466,kitti_000465,KITTI,train,000465,0,0,0
467,kitti_000466,KITTI,train,000466,1,0,1
468,kitti_000467,KITTI,train,000467,1,0,1
469,kitti_000468,KITTI,train,000468,2,2,4
470,kitti_000469,KITTI,train,000469,5,0,5
471,kitti_000470,KITTI,train,000470,7,0,7
472,kitti_000471,KITTI,val,000471,2,0,2
473,kitti_000472,KITTI,val,000472,0,1,1
474,kitti_000473,KITTI,train,000473,2,0,2
475,kitti_000474,KITTI,train,000474,3,0,3
476,kitti_000475,KITTI,train,000475,3,0,3
477,kitti_000476,KITTI,train,000476,2,0,2
478,kitti_000477,KITTI,train,000477,0,0,0
479,kitti_000478,KITTI,train,000478,1,0,1
480,kitti_000479,KITTI,train,000479,2,1,3
481,kitti_000480,KITTI,train,000480,3,1,4
482,kitti_000481,KITTI,train,000481,2,1,3
483,kitti_000482,KITTI,train,000482,2,0,2
484,kitti_000483,KITTI,val,000483,2,0,2
485,kitti_000484,KITTI,train,000484,2,0,2
486,kitti_000485,KITTI,train,000485,3,0,3
487,kitti_000486,KITTI,train,000486,2,0,2
488,kitti_000487,KITTI,train,000487,4,0,4
489,kitti_000488,KITTI,train,000488,1,2,3
490,kitti_000489,KITTI,train,000489,3,0,3
491,kitti_000490,KITTI,train,000490,6,0,6
492,kitti_000491,KITTI,train,000491,2,0,2
493,kitti_000492,KITTI,train,000492,0,0,0
494,kitti_000493,KITTI,train,000493,2,2,4
495,kitti_000494,KITTI,val,000494,2,0,2
496,kitti_000495,KITTI,train,000495,1,1,2
497,kitti_000496,KITTI,train,000496,6,0,6
498,kitti_000497,KITTI,val,000497,3,0,3
499,kitti_000498,KITTI,val,000498,0,0,0
500,kitti_000499,KITTI,train,000499,2,0,2
501,kitti_000500,KITTI,train,000500,2,0,2
502,kitti_000501,KITTI,train,000501,5,0,5
503,kitti_000502,KITTI,val,000502,1,0,1
504,kitti_000503,KITTI,train,000503,1,0,1
505,kitti_000504,KITTI,train,000504,0,0,0
506,kitti_000505,KITTI,val,000505,2,0,2
507,kitti_000506,KITTI,val,000506,4,0,4
508,kitti_000507,KITTI,train,000507,0,0,0
509,kitti_000508,KITTI,train,000508,1,0,1
510,kitti_000509,KITTI,train,000509,0,0,0
511,kitti_000510,KITTI,val,000510,1,0,1
512,kitti_000511,KITTI,train,000511,3,0,3
513,kitti_000512,KITTI,train,000512,3,0,3
514,kitti_000513,KITTI,train,000513,0,0,0
515,kitti_000514,KITTI,val,000514,5,0,5
516,kitti_000515,KITTI,train,000515,0,0,0
517,kitti_000516,KITTI,train,000516,2,0,2
518,kitti_000517,KITTI,train,000517,1,0,1
519,kitti_000518,KITTI,train,000518,6,0,6
520,kitti_000519,KITTI,val,000519,3,0,3
521,kitti_000520,KITTI,train,000520,0,0,0
522,kitti_000521,KITTI,val,000521,3,0,3
523,kitti_000522,KITTI,val,000522,2,0,2
524,kitti_000523,KITTI,train,000523,3,0,3
525,kitti_000524,KITTI,train,000524,1,0,1
526,kitti_000525,KITTI,val,000525,1,0,1
527,kitti_000526,KITTI,train,000526,1,0,1
528,kitti_000527,KITTI,val,000527,0,1,1
529,kitti_000528,KITTI,val,000528,1,0,1
530,kitti_000529,KITTI,train,000529,4,0,4
531,kitti_000530,KITTI,train,000530,2,0,2
532,kitti_000531,KITTI,train,000531,0,2,2
533,kitti_000532,KITTI,train,000532,0,0,0
534,kitti_000533,KITTI,val,000533,3,1,4
535,kitti_000534,KITTI,train,000534,1,0,1
536,kitti_000535,KITTI,val,000535,1,0,1
537,kitti_000536,KITTI,val,000536,0,0,0
538,kitti_000537,KITTI,train,000537,0,0,0
539,kitti_000538,KITTI,val,000538,5,0,5
540,kitti_000539,KITTI,train,000539,3,0,3
541,kitti_000540,KITTI,train,000540,1,0,1
542,kitti_000541,KITTI,val,000541,0,0,0
543,kitti_000542,KITTI,train,000542,1,0,1
544,kitti_000543,KITTI,train,000543,1,0,1
545,kitti_000544,KITTI,train,000544,7,0,7
546,kitti_000545,KITTI,train,000545,1,1,2
547,kitti_000546,KITTI,val,000546,0,0,0
548,kitti_000547,KITTI,train,000547,0,0,0
549,kitti_000548,KITTI,train,000548,2,0,2
550,kitti_000549,KITTI,train,000549,8,0,8
551,kitti_000550,KITTI,train,000550,2,0,2
552,kitti_000551,KITTI,train,000551,1,1,2
553,kitti_000552,KITTI,val,000552,1,0,1
554,kitti_000553,KITTI,train,000553,0,0,0
555,kitti_000554,KITTI,train,000554,5,4,9
556,kitti_000555,KITTI,train,000555,1,0,1
557,kitti_000556,KITTI,train,000556,3,0,3
558,kitti_000557,KITTI,val,000557,0,0,0
559,kitti_000558,KITTI,val,000558,0,1,1
560,kitti_000559,KITTI,train,000559,2,0,2
561,kitti_000560,KITTI,train,000560,0,2,2
562,kitti_000561,KITTI,train,000561,2,0,2
563,kitti_000562,KITTI,train,000562,3,0,3
564,kitti_000563,KITTI,train,000563,1,0,1
565,kitti_000564,KITTI,train,000564,1,0,1
566,kitti_000565,KITTI,train,000565,1,0,1
567,kitti_000566,KITTI,train,000566,1,0,1
568,kitti_000567,KITTI,train,000567,1,0,1
569,kitti_000568,KITTI,train,000568,2,0,2
570,kitti_000569,KITTI,val,000569,5,0,5
571,kitti_000570,KITTI,val,000570,1,0,1
572,kitti_000571,KITTI,train,000571,2,0,2
573,kitti_000572,KITTI,train,000572,0,1,1
574,kitti_000573,KITTI,val,000573,6,0,6
575,kitti_000574,KITTI,train,000574,3,0,3
576,kitti_000575,KITTI,train,000575,1,0,1
577,kitti_000576,KITTI,train,000576,7,1,8
578,kitti_000577,KITTI,train,000577,1,0,1
579,kitti_000578,KITTI,train,000578,2,0,2
580,kitti_000579,KITTI,train,000579,1,0,1
581,kitti_000580,KITTI,train,000580,4,0,4
582,kitti_000581,KITTI,train,000581,1,1,2
583,kitti_000582,KITTI,val,000582,0,0,0
584,kitti_000583,KITTI,train,000583,1,1,2
585,kitti_000584,KITTI,train,000584,1,0,1
586,kitti_000585,KITTI,train,000585,1,0,1
587,kitti_000586,KITTI,val,000586,1,0,1
588,kitti_000587,KITTI,train,000587,1,0,1
589,kitti_000588,KITTI,val,000588,3,0,3
590,kitti_000589,KITTI,train,000589,2,0,2
591,kitti_000590,KITTI,train,000590,1,0,1
592,kitti_000591,KITTI,train,000591,2,0,2
593,kitti_000592,KITTI,train,000592,3,0,3
594,kitti_000593,KITTI,train,000593,1,0,1
595,kitti_000594,KITTI,train,000594,2,0,2
596,kitti_000595,KITTI,val,000595,5,0,5
597,kitti_000596,KITTI,train,000596,6,0,6
598,kitti_000597,KITTI,train,000597,1,0,1
599,kitti_000598,KITTI,train,000598,0,0,0
600,kitti_000599,KITTI,val,000599,2,0,2
601,kitti_000600,KITTI,train,000600,0,0,0
602,kitti_000601,KITTI,train,000601,2,1,3
603,kitti_000602,KITTI,train,000602,4,0,4
604,kitti_000603,KITTI,val,000603,2,0,2
605,kitti_000604,KITTI,train,000604,0,0,0
606,kitti_000605,KITTI,train,000605,0,0,0
607,kitti_000606,KITTI,train,000606,3,0,3
608,kitti_000607,KITTI,train,000607,1,0,1
609,kitti_000608,KITTI,train,000608,0,0,0
610,kitti_000609,KITTI,train,000609,0,0,0
611,kitti_000610,KITTI,train,000610,3,0,3
612,kitti_000611,KITTI,train,000611,1,1,2
613,kitti_000612,KITTI,train,000612,2,0,2
614,kitti_000613,KITTI,val,000613,4,0,4
615,kitti_000614,KITTI,train,000614,2,0,2
616,kitti_000615,KITTI,train,000615,2,0,2
617,kitti_000616,KITTI,train,000616,0,1,1
618,kitti_000617,KITTI,train,000617,3,0,3
619,kitti_000618,KITTI,train,000618,1,1,2
620,kitti_000619,KITTI,val,000619,3,0,3
621,kitti_000620,KITTI,train,000620,2,0,2
622,kitti_000621,KITTI,train,000621,0,1,1
623,kitti_000622,KITTI,train,000622,2,0,2
624,kitti_000623,KITTI,val,000623,4,0,4
625,kitti_000624,KITTI,train,000624,2,0,2
626,kitti_000625,KITTI,train,000625,4,0,4
627,kitti_000626,KITTI,train,000626,1,1,2
628,kitti_000627,KITTI,train,000627,0,0,0
629,kitti_000628,KITTI,train,000628,4,0,4
630,kitti_000629,KITTI,train,000629,0,1,1
631,kitti_000630,KITTI,train,000630,4,0,4
632,kitti_000631,KITTI,train,000631,1,0,1
633,kitti_000632,KITTI,train,000632,2,0,2
634,kitti_000633,KITTI,train,000633,0,0,0
635,kitti_000634,KITTI,train,000634,2,0,2
636,kitti_000635,KITTI,train,000635,1,1,2
637,kitti_000636,KITTI,train,000636,1,0,1
638,kitti_000637,KITTI,val,000637,2,0,2
639,kitti_000638,KITTI,train,000638,2,0,2
640,kitti_000639,KITTI,train,000639,3,0,3
641,kitti_000640,KITTI,train,000640,1,0,1
642,kitti_000641,KITTI,train,000641,1,0,1
643,kitti_000642,KITTI,train,000642,1,2,3
644,kitti_000643,KITTI,val,000643,0,0,0
645,kitti_000644,KITTI,train,000644,0,0,0
646,kitti_000645,KITTI,train,000645,0,0,0
647,kitti_000646,KITTI,train,000646,0,0,0
648,kitti_000647,KITTI,train,000647,0,2,2
649,kitti_000648,KITTI,train,000648,2,0,2
650,kitti_000649,KITTI,val,000649,4,1,5
651,kitti_000650,KITTI,train,000650,5,0,5
652,kitti_000651,KITTI,train,000651,0,0,0
653,kitti_000652,KITTI,train,000652,1,1,2
654,kitti_000653,KITTI,train,000653,1,0,1
655,kitti_000654,KITTI,train,000654,1,0,1
656,kitti_000655,KITTI,train,000655,4,0,4
657,kitti_000656,KITTI,train,000656,1,0,1
658,kitti_000657,KITTI,train,000657,2,0,2
659,kitti_000658,KITTI,train,000658,3,0,3
660,kitti_000659,KITTI,train,000659,6,1,7
661,kitti_000660,KITTI,train,000660,1,0,1
662,kitti_000661,KITTI,train,000661,1,0,1
663,kitti_000662,KITTI,train,000662,0,0,0
664,kitti_000663,KITTI,train,000663,3,0,3
665,kitti_000664,KITTI,train,000664,0,0,0
666,kitti_000665,KITTI,train,000665,1,0,1
667,kitti_000666,KITTI,val,000666,5,0,5
668,kitti_000667,KITTI,train,000667,1,0,1
669,kitti_000668,KITTI,val,000668,5,0,5
670,kitti_000669,KITTI,train,000669,0,0,0
671,kitti_000670,KITTI,train,000670,2,0,2
672,kitti_000671,KITTI,val,000671,0,0,0
673,kitti_000672,KITTI,train,000672,2,0,2
674,kitti_000673,KITTI,train,000673,2,0,2
675,kitti_000674,KITTI,val,000674,4,0,4
676,kitti_000675,KITTI,train,000675,4,0,4
677,kitti_000676,KITTI,train,000676,1,0,1
678,kitti_000677,KITTI,train,000677,2,0,2
679,kitti_000678,KITTI,train,000678,0,0,0
680,kitti_000679,KITTI,train,000679,1,0,1
681,kitti_000680,KITTI,train,000680,2,0,2
682,kitti_000681,KITTI,train,000681,4,0,4
683,kitti_000682,KITTI,train,000682,0,1,1
684,kitti_000683,KITTI,train,000683,2,0,2
685,kitti_000684,KITTI,train,000684,5,0,5
686,kitti_000685,KITTI,train,000685,3,0,3
687,kitti_000686,KITTI,train,000686,1,0,1
688,kitti_000687,KITTI,train,000687,0,0,0
689,kitti_000688,KITTI,train,000688,2,0,2
690,kitti_000689,KITTI,train,000689,3,0,3
691,kitti_000690,KITTI,train,000690,0,0,0
692,kitti_000691,KITTI,train,000691,4,0,4
693,kitti_000692,KITTI,train,000692,2,0,2
694,kitti_000693,KITTI,train,000693,0,0,0
695,kitti_000694,KITTI,val,000694,2,0,2
696,kitti_000695,KITTI,train,000695,0,0,0
697,kitti_000696,KITTI,train,000696,2,0,2
698,kitti_000697,KITTI,train,000697,1,0,1
699,kitti_000698,KITTI,train,000698,1,0,1
700,kitti_000699,KITTI,train,000699,4,0,4
701,kitti_000700,KITTI,train,000700,3,0,3
702,kitti_000701,KITTI,train,000701,0,0,0
703,kitti_000702,KITTI,train,000702,3,0,3
704,kitti_000703,KITTI,train,000703,0,0,0
705,kitti_000704,KITTI,train,000704,0,0,0
706,kitti_000705,KITTI,val,000705,0,1,1
707,kitti_000706,KITTI,val,000706,2,0,2
708,kitti_000707,KITTI,train,000707,0,0,0
709,kitti_000708,KITTI,train,000708,2,0,2
710,kitti_000709,KITTI,train,000709,0,1,1
711,kitti_000710,KITTI,val,000710,0,1,1
712,kitti_000711,KITTI,train,000711,1,0,1
713,kitti_000712,KITTI,train,000712,6,0,6
714,kitti_000713,KITTI,train,000713,5,0,5
715,kitti_000714,KITTI,train,000714,0,3,3
716,kitti_000715,KITTI,train,000715,4,0,4
717,kitti_000716,KITTI,train,000716,2,0,2
718,kitti_000717,KITTI,train,000717,2,0,2
719,kitti_000718,KITTI,train,000718,2,0,2
720,kitti_000719,KITTI,train,000719,2,0,2
721,kitti_000720,KITTI,train,000720,8,1,9
722,kitti_000721,KITTI,val,000721,0,0,0
723,kitti_000722,KITTI,val,000722,4,1,5
724,kitti_000723,KITTI,train,000723,0,0,0
725,kitti_000724,KITTI,train,000724,2,0,2
726,kitti_000725,KITTI,train,000725,0,1,1
727,kitti_000726,KITTI,val,000726,0,0,0
728,kitti_000727,KITTI,val,000727,3,0,3
729,kitti_000728,KITTI,train,000728,2,0,2
730,kitti_000729,KITTI,train,000729,3,1,4
731,kitti_000730,KITTI,train,000730,1,0,1
732,kitti_000731,KITTI,val,000731,4,0,4
733,kitti_000732,KITTI,train,000732,2,0,2
734,kitti_000733,KITTI,train,000733,2,0,2
735,kitti_000734,KITTI,train,000734,2,0,2
736,kitti_000735,KITTI,train,000735,3,1,4
737,kitti_000736,KITTI,train,000736,1,0,1
738,kitti_000737,KITTI,train,000737,3,0,3
739,kitti_000738,KITTI,train,000738,1,1,2
740,kitti_000739,KITTI,train,000739,0,0,0
741,kitti_000740,KITTI,train,000740,0,0,0
742,kitti_000741,KITTI,val,000741,0,0,0
743,kitti_000742,KITTI,train,000742,0,0,0
744,kitti_000743,KITTI,train,000743,3,0,3
745,kitti_000744,KITTI,val,000744,0,0,0
746,kitti_000745,KITTI,train,000745,0,0,0
747,kitti_000746,KITTI,train,000746,0,0,0
748,kitti_000747,KITTI,train,000747,1,1,2
749,kitti_000748,KITTI,train,000748,2,1,3
750,kitti_000749,KITTI,train,000749,2,0,2
751,kitti_000750,KITTI,train,000750,0,0,0
752,kitti_000751,KITTI,val,000751,2,0,2
753,kitti_000752,KITTI,train,000752,0,0,0
754,kitti_000753,KITTI,train,000753,5,0,5
755,kitti_000754,KITTI,train,000754,3,0,3
756,kitti_000755,KITTI,train,000755,2,0,2
757,kitti_000756,KITTI,train,000756,0,1,1
758,kitti_000757,KITTI,train,000757,3,0,3
759,kitti_000758,KITTI,train,000758,3,0,3
760,kitti_000759,KITTI,train,000759,5,0,5
761,kitti_000760,KITTI,val,000760,0,0,0
762,kitti_000761,KITTI,val,000761,1,1,2
763,kitti_000762,KITTI,train,000762,0,0,0
764,kitti_000763,KITTI,train,000763,2,0,2
765,kitti_000764,KITTI,train,000764,1,0,1
766,kitti_000765,KITTI,train,000765,1,0,1
767,kitti_000766,KITTI,train,000766,0,0,0
768,kitti_000767,KITTI,train,000767,3,0,3
769,kitti_000768,KITTI,train,000768,0,0,0
770,kitti_000769,KITTI,val,000769,2,0,2
771,kitti_000770,KITTI,train,000770,3,1,4
772,kitti_000771,KITTI,train,000771,1,0,1
773,kitti_000772,KITTI,train,000772,0,0,0
774,kitti_000773,KITTI,train,000773,3,1,4
775,kitti_000774,KITTI,train,000774,0,0,0
776,kitti_000775,KITTI,train,000775,1,0,1
777,kitti_000776,KITTI,train,000776,1,0,1
778,kitti_000777,KITTI,train,000777,1,0,1
779,kitti_000778,KITTI,train,000778,2,0,2
780,kitti_000779,KITTI,train,000779,0,0,0
781,kitti_000780,KITTI,train,000780,0,0,0
782,kitti_000781,KITTI,train,000781,5,0,5
783,kitti_000782,KITTI,train,000782,2,1,3
784,kitti_000783,KITTI,train,000783,1,0,1
785,kitti_000784,KITTI,val,000784,0,0,0
786,kitti_000785,KITTI,val,000785,1,2,3
787,kitti_000786,KITTI,train,000786,0,0,0
788,kitti_000787,KITTI,train,000787,2,0,2
789,kitti_000788,KITTI,train,000788,1,0,1
790,kitti_000789,KITTI,val,000789,0,0,0
791,kitti_000790,KITTI,train,000790,2,0,2
792,kitti_000791,KITTI,train,000791,0,3,3
793,kitti_000792,KITTI,val,000792,2,0,2
794,kitti_000793,KITTI,val,000793,0,0,0
795,kitti_000794,KITTI,train,000794,4,0,4
796,kitti_000795,KITTI,train,000795,3,0,3
797,kitti_000796,KITTI,train,000796,1,0,1
798,kitti_000797,KITTI,val,000797,4,0,4
799,kitti_000798,KITTI,train,000798,4,0,4
800,kitti_000799,KITTI,val,000799,2,0,2
801,kitti_000800,KITTI,train,000800,1,1,2
802,kitti_000801,KITTI,train,000801,0,0,0
803,kitti_000802,KITTI,train,000802,3,0,3
804,kitti_000803,KITTI,train,000803,2,0,2
805,kitti_000804,KITTI,train,000804,1,0,1
806,kitti_000805,KITTI,val,000805,1,1,2
807,kitti_000806,KITTI,train,000806,2,0,2
808,kitti_000807,KITTI,train,000807,3,0,3
809,kitti_000808,KITTI,train,000808,2,0,2
810,kitti_000809,KITTI,train,000809,2,0,2
811,kitti_000810,KITTI,train,000810,0,0,0
812,kitti_000811,KITTI,train,000811,6,0,6
813,kitti_000812,KITTI,train,000812,1,1,2
814,kitti_000813,KITTI,train,000813,5,0,5
815,kitti_000814,KITTI,train,000814,3,0,3
816,kitti_000815,KITTI,train,000815,0,0,0
817,kitti_000816,KITTI,train,000816,1,0,1
818,kitti_000817,KITTI,train,000817,0,0,0
819,kitti_000818,KITTI,train,000818,1,0,1
820,kitti_000819,KITTI,train,000819,1,1,2
821,kitti_000820,KITTI,train,000820,2,0,2
822,kitti_000821,KITTI,val,000821,1,0,1
823,kitti_000822,KITTI,train,000822,1,0,1
824,kitti_000823,KITTI,train,000823,0,0,0
825,kitti_000824,KITTI,train,000824,1,0,1
826,kitti_000825,KITTI,train,000825,0,0,0
827,kitti_000826,KITTI,train,000826,0,3,3
828,kitti_000827,KITTI,train,000827,0,0,0
829,kitti_000828,KITTI,train,000828,0,0,0
830,kitti_000829,KITTI,train,000829,1,0,1
831,kitti_000830,KITTI,train,000830,3,0,3
832,kitti_000831,KITTI,train,000831,4,0,4
833,kitti_000832,KITTI,val,000832,4,0,4
834,kitti_000833,KITTI,train,000833,1,0,1
835,kitti_000834,KITTI,train,000834,0,0,0
836,kitti_000835,KITTI,val,000835,1,0,1
837,kitti_000836,KITTI,train,000836,2,0,2
838,kitti_000837,KITTI,train,000837,0,0,0
839,kitti_000838,KITTI,train,000838,2,0,2
840,kitti_000839,KITTI,train,000839,0,0,0
841,kitti_000840,KITTI,train,000840,2,0,2
842,kitti_000841,KITTI,val,000841,0,0,0
843,kitti_000842,KITTI,train,000842,1,0,1
844,kitti_000843,KITTI,train,000843,4,0,4
845,kitti_000844,KITTI,train,000844,0,1,1
846,kitti_000845,KITTI,val,000845,5,0,5
847,kitti_000846,KITTI,train,000846,4,0,4
848,kitti_000847,KITTI,val,000847,5,0,5
849,kitti_000848,KITTI,train,000848,0,0,0
850,kitti_000849,KITTI,train,000849,1,0,1
851,kitti_000850,KITTI,train,000850,0,1,1
852,kitti_000851,KITTI,train,000851,2,0,2
853,kitti_000852,KITTI,train,000852,1,0,1
854,kitti_000853,KITTI,train,000853,2,0,2
855,kitti_000854,KITTI,train,000854,4,0,4
856,kitti_000855,KITTI,train,000855,0,2,2
857,kitti_000856,KITTI,train,000856,1,0,1
858,kitti_000857,KITTI,train,000857,5,0,5
859,kitti_000858,KITTI,train,000858,2,0,2
860,kitti_000859,KITTI,train,000859,0,0,0
861,kitti_000860,KITTI,train,000860,1,0,1
862,kitti_000861,KITTI,train,000861,3,0,3
863,kitti_000862,KITTI,train,000862,0,0,0
864,kitti_000863,KITTI,train,000863,2,0,2
865,kitti_000864,KITTI,val,000864,0,0,0
866,kitti_000865,KITTI,train,000865,1,0,1
867,kitti_000866,KITTI,train,000866,3,0,3
868,kitti_000867,KITTI,train,000867,2,0,2
869,kitti_000868,KITTI,train,000868,2,0,2
870,kitti_000869,KITTI,train,000869,3,0,3
871,kitti_000870,KITTI,val,000870,2,0,2
872,kitti_000871,KITTI,train,000871,1,0,1
873,kitti_000872,KITTI,train,000872,0,0,0
874,kitti_000873,KITTI,train,000873,2,0,2
875,kitti_000874,KITTI,train,000874,2,0,2
876,kitti_000875,KITTI,train,000875,2,0,2
877,kitti_000876,KITTI,train,000876,0,0,0
878,kitti_000877,KITTI,val,000877,2,0,2
879,kitti_000878,KITTI,train,000878,5,0,5
880,kitti_000879,KITTI,train,000879,4,0,4
881,kitti_000880,KITTI,val,000880,1,0,1
882,kitti_000881,KITTI,val,000881,4,1,5
883,kitti_000882,KITTI,train,000882,0,0,0
884,kitti_000883,KITTI,train,000883,0,0,0
885,kitti_000884,KITTI,val,000884,2,0,2
886,kitti_000885,KITTI,train,000885,4,0,4
887,kitti_000886,KITTI,train,000886,3,0,3
888,kitti_000887,KITTI,train,000887,1,0,1
889,kitti_000888,KITTI,train,000888,1,0,1
890,kitti_000889,KITTI,train,000889,1,0,1
891,kitti_000890,KITTI,train,000890,2,0,2
892,kitti_000891,KITTI,train,000891,0,0,0
893,kitti_000892,KITTI,train,000892,3,0,3
894,kitti_000893,KITTI,train,000893,4,0,4
895,kitti_000894,KITTI,train,000894,1,0,1
896,kitti_000895,KITTI,train,000895,1,0,1
897,kitti_000896,KITTI,train,000896,5,0,5
898,kitti_000897,KITTI,train,000897,3,1,4
899,kitti_000898,KITTI,train,000898,5,0,5
900,kitti_000899,KITTI,train,000899,2,0,2
901,kitti_000900,KITTI,train,000900,1,0,1
902,kitti_000901,KITTI,train,000901,1,0,1
903,kitti_000902,KITTI,train,000902,0,0,0
904,kitti_000903,KITTI,train,000903,0,0,0
905,kitti_000904,KITTI,train,000904,0,0,0
906,kitti_000905,KITTI,train,000905,0,0,0
907,kitti_000906,KITTI,train,000906,2,0,2
908,kitti_000907,KITTI,train,000907,5,0,5
909,kitti_000908,KITTI,train,000908,4,0,4
910,kitti_000909,KITTI,val,000909,1,1,2
911,kitti_000910,KITTI,train,000910,0,0,0
912,kitti_000911,KITTI,train,000911,3,0,3
913,kitti_000912,KITTI,val,000912,2,0,2
914,kitti_000913,KITTI,train,000913,3,0,3
915,kitti_000914,KITTI,train,000914,1,0,1
916,kitti_000915,KITTI,train,000915,3,0,3
917,kitti_000916,KITTI,train,000916,3,0,3
918,kitti_000917,KITTI,train,000917,0,0,0
919,kitti_000918,KITTI,train,000918,1,0,1
920,kitti_000919,KITTI,train,000919,1,0,1
921,kitti_000920,KITTI,train,000920,4,0,4
922,kitti_000921,KITTI,train,000921,1,0,1
923,kitti_000922,KITTI,val,000922,3,0,3
924,kitti_000923,KITTI,train,000923,1,1,2
925,kitti_000924,KITTI,train,000924,1,0,1
926,kitti_000925,KITTI,train,000925,2,0,2
927,kitti_000926,KITTI,train,000926,1,0,1
928,kitti_000927,KITTI,train,000927,2,0,2
929,kitti_000928,KITTI,train,000928,3,0,3
930,kitti_000929,KITTI,train,000929,0,0,0
931,kitti_000930,KITTI,train,000930,2,0,2
932,kitti_000931,KITTI,train,000931,5,1,6
933,kitti_000932,KITTI,train,000932,1,0,1
934,kitti_000933,KITTI,train,000933,0,0,0
935,kitti_000934,KITTI,train,000934,1,0,1
936,kitti_000935,KITTI,train,000935,0,0,0
937,kitti_000936,KITTI,train,000936,1,0,1
938,kitti_000937,KITTI,train,000937,1,0,1
939,kitti_000938,KITTI,val,000938,4,0,4
940,kitti_000939,KITTI,train,000939,3,0,3
941,kitti_000940,KITTI,train,000940,5,0,5
942,kitti_000941,KITTI,train,000941,1,0,1
943,kitti_000942,KITTI,val,000942,3,0,3
944,kitti_000943,KITTI,train,000943,2,1,3
945,kitti_000944,KITTI,train,000944,2,0,2
946,kitti_000945,KITTI,train,000945,1,0,1
947,kitti_000946,KITTI,train,000946,1,0,1
948,kitti_000947,KITTI,train,000947,1,0,1
949,kitti_000948,KITTI,train,000948,3,1,4
950,kitti_000949,KITTI,train,000949,4,0,4
951,kitti_000950,KITTI,train,000950,1,0,1
952,kitti_000951,KITTI,train,000951,0,1,1
953,kitti_000952,KITTI,val,000952,0,0,0
954,kitti_000953,KITTI,train,000953,2,0,2
955,kitti_000954,KITTI,val,000954,1,0,1
956,kitti_000955,KITTI,train,000955,4,0,4
957,kitti_000956,KITTI,train,000956,0,2,2
958,kitti_000957,KITTI,train,000957,0,0,0
959,kitti_000958,KITTI,train,000958,2,0,2
960,kitti_000959,KITTI,train,000959,0,0,0
961,kitti_000960,KITTI,val,000960,0,0,0
962,kitti_000961,KITTI,val,000961,3,0,3
963,kitti_000962,KITTI,train,000962,2,0,2
964,kitti_000963,KITTI,train,000963,2,0,2
965,kitti_000964,KITTI,train,000964,2,0,2
966,kitti_000965,KITTI,train,000965,0,0,0
967,kitti_000966,KITTI,train,000966,2,0,2
968,kitti_000967,KITTI,train,000967,4,0,4
969,kitti_000968,KITTI,train,000968,1,0,1
970,kitti_000969,KITTI,val,000969,0,1,1
971,kitti_000970,KITTI,train,000970,5,0,5
972,kitti_000971,KITTI,train,000971,0,4,4
973,kitti_000972,KITTI,train,000972,4,0,4
974,kitti_000973,KITTI,train,000973,1,0,1
975,kitti_000974,KITTI,train,000974,3,1,4
976,kitti_000975,KITTI,val,000975,1,0,1
977,kitti_000976,KITTI,train,000976,2,0,2
978,kitti_000977,KITTI,train,000977,0,0,0
979,kitti_000978,KITTI,train,000978,0,0,0
980,kitti_000979,KITTI,train,000979,3,1,4
981,kitti_000980,KITTI,train,000980,4,0,4
982,kitti_000981,KITTI,val,000981,0,0,0
983,kitti_000982,KITTI,val,000982,1,0,1
984,kitti_000983,KITTI,val,000983,1,0,1
985,kitti_000984,KITTI,train,000984,6,1,7
986,kitti_000985,KITTI,train,000985,2,0,2
987,kitti_000986,KITTI,train,000986,0,0,0
988,kitti_000987,KITTI,train,000987,1,0,1
989,kitti_000988,KITTI,train,000988,5,0,5
990,kitti_000989,KITTI,train,000989,1,0,1
991,kitti_000990,KITTI,val,000990,4,0,4
992,kitti_000991,KITTI,val,000991,1,0,1
993,kitti_000992,KITTI,train,000992,1,0,1
994,kitti_000993,KITTI,train,000993,0,0,0
995,kitti_000994,KITTI,train,000994,1,0,1
996,kitti_000995,KITTI,train,000995,0,0,0
997,kitti_000996,KITTI,train,000996,2,0,2
998,kitti_000997,KITTI,train,000997,4,0,4
999,kitti_000998,KITTI,train,000998,0,0,0
1000,kitti_000999,KITTI,train,000999,5,1,6
1001,kitti_001000,KITTI,train,001000,1,0,1
1002,kitti_001001,KITTI,val,001001,1,0,1
1003,kitti_001002,KITTI,train,001002,1,0,1
1004,kitti_001003,KITTI,train,001003,1,0,1
1005,kitti_001004,KITTI,val,001004,1,0,1
1006,kitti_001005,KITTI,val,001005,1,0,1
1007,kitti_001006,KITTI,val,001006,1,0,1
1008,kitti_001007,KITTI,train,001007,1,0,1
1009,kitti_001008,KITTI,train,001008,2,0,2
1010,kitti_001009,KITTI,train,001009,1,0,1
1011,kitti_001010,KITTI,val,001010,2,0,2
1012,kitti_001011,KITTI,train,001011,0,0,0
1013,kitti_001012,KITTI,val,001012,1,0,1
1014,kitti_001013,KITTI,train,001013,1,1,2
1015,kitti_001014,KITTI,train,001014,0,0,0
1016,kitti_001015,KITTI,train,001015,2,0,2
1017,kitti_001016,KITTI,train,001016,1,0,1
1018,kitti_001017,KITTI,train,001017,1,0,1
1019,kitti_001018,KITTI,train,001018,0,0,0
1020,kitti_001019,KITTI,train,001019,2,0,2
1021,kitti_001020,KITTI,train,001020,0,0,0
1022,kitti_001021,KITTI,train,001021,0,0,0
1023,kitti_001022,KITTI,train,001022,1,0,1
1024,kitti_001023,KITTI,val,001023,2,0,2
1025,kitti_001024,KITTI,train,001024,2,0,2
1026,kitti_001025,KITTI,train,001025,0,1,1
1027,kitti_001026,KITTI,train,001026,0,0,0
1028,kitti_001027,KITTI,train,001027,1,1,2
1029,kitti_001028,KITTI,train,001028,1,0,1
1030,kitti_001029,KITTI,train,001029,0,0,0
1031,kitti_001030,KITTI,train,001030,3,0,3
1032,kitti_001031,KITTI,train,001031,0,0,0
1033,kitti_001032,KITTI,train,001032,2,0,2
1034,kitti_001033,KITTI,train,001033,0,0,0
1035,kitti_001034,KITTI,train,001034,2,0,2
1036,kitti_001035,KITTI,train,001035,1,0,1
1037,kitti_001036,KITTI,train,001036,0,0,0
1038,kitti_001037,KITTI,train,001037,0,0,0
1039,kitti_001038,KITTI,train,001038,1,0,1
1040,kitti_001039,KITTI,train,001039,2,0,2
1041,kitti_001040,KITTI,train,001040,3,1,4
1042,kitti_001041,KITTI,val,001041,1,0,1
1043,kitti_001042,KITTI,train,001042,1,0,1
1044,kitti_001043,KITTI,val,001043,7,0,7
1045,kitti_001044,KITTI,train,001044,1,0,1
1046,kitti_001045,KITTI,train,001045,1,0,1
1047,kitti_001046,KITTI,train,001046,2,0,2
1048,kitti_001047,KITTI,val,001047,1,0,1
1049,kitti_001048,KITTI,val,001048,3,0,3
1050,kitti_001049,KITTI,train,001049,2,0,2
1051,kitti_001050,KITTI,val,001050,5,0,5
1052,kitti_001051,KITTI,train,001051,1,1,2
1053,kitti_001052,KITTI,train,001052,0,2,2
1054,kitti_001053,KITTI,train,001053,2,0,2
1055,kitti_001054,KITTI,train,001054,0,1,1
1056,kitti_001055,KITTI,val,001055,0,0,0
1057,kitti_001056,KITTI,train,001056,1,0,1
1058,kitti_001057,KITTI,train,001057,0,0,0
1059,kitti_001058,KITTI,train,001058,2,0,2
1060,kitti_001059,KITTI,train,001059,2,0,2
1061,kitti_001060,KITTI,val,001060,3,1,4
1062,kitti_001061,KITTI,train,001061,1,0,1
1063,kitti_001062,KITTI,val,001062,3,0,3
1064,kitti_001063,KITTI,train,001063,1,0,1
1065,kitti_001064,KITTI,train,001064,2,0,2
1066,kitti_001065,KITTI,train,001065,3,0,3
1067,kitti_001066,KITTI,train,001066,0,0,0
1068,kitti_001067,KITTI,train,001067,0,0,0
1069,kitti_001068,KITTI,val,001068,3,0,3
1070,kitti_001069,KITTI,val,001069,3,0,3
1071,kitti_001070,KITTI,train,001070,3,0,3
1072,kitti_001071,KITTI,val,001071,2,1,3
1073,kitti_001072,KITTI,train,001072,2,0,2
1074,kitti_001073,KITTI,train,001073,3,0,3
1075,kitti_001074,KITTI,train,001074,1,0,1
1076,kitti_001075,KITTI,val,001075,1,1,2
1077,kitti_001076,KITTI,val,001076,1,0,1
1078,kitti_001077,KITTI,train,001077,2,0,2
1079,kitti_001078,KITTI,train,001078,2,0,2
1080,kitti_001079,KITTI,train,001079,1,1,2
1081,kitti_001080,KITTI,train,001080,2,0,2
1082,kitti_001081,KITTI,val,001081,2,0,2
1083,kitti_001082,KITTI,train,001082,0,0,0
1084,kitti_001083,KITTI,train,001083,5,0,5
1085,kitti_001084,KITTI,train,001084,1,0,1
1086,kitti_001085,KITTI,train,001085,0,0,0
1087,kitti_001086,KITTI,train,001086,2,0,2
1088,kitti_001087,KITTI,train,001087,0,0,0
1089,kitti_001088,KITTI,train,001088,0,0,0
1090,kitti_001089,KITTI,train,001089,1,0,1
1091,kitti_001090,KITTI,train,001090,1,0,1
1092,kitti_001091,KITTI,train,001091,0,0,0
1093,kitti_001092,KITTI,train,001092,1,0,1
1094,kitti_001093,KITTI,train,001093,2,0,2
1095,kitti_001094,KITTI,val,001094,3,0,3
1096,kitti_001095,KITTI,train,001095,2,0,2
1097,kitti_001096,KITTI,train,001096,2,0,2
1098,kitti_001097,KITTI,val,001097,0,0,0
1099,kitti_001098,KITTI,train,001098,3,0,3
1100,kitti_001099,KITTI,train,001099,1,0,1
1101,kitti_001100,KITTI,train,001100,1,0,1
1102,kitti_001101,KITTI,train,001101,2,0,2
1103,kitti_001102,KITTI,train,001102,3,0,3
1104,kitti_001103,KITTI,val,001103,3,1,4
1105,kitti_001104,KITTI,val,001104,0,1,1
1106,kitti_001105,KITTI,train,001105,1,0,1
1107,kitti_001106,KITTI,train,001106,3,0,3
1108,kitti_001107,KITTI,train,001107,1,0,1
1109,kitti_001108,KITTI,train,001108,1,0,1
1110,kitti_001109,KITTI,train,001109,1,0,1
1111,kitti_001110,KITTI,train,001110,3,0,3
1112,kitti_001111,KITTI,train,001111,0,1,1
1113,kitti_001112,KITTI,train,001112,3,0,3
1114,kitti_001113,KITTI,train,001113,0,0,0
1115,kitti_001114,KITTI,train,001114,1,0,1
1116,kitti_001115,KITTI,train,001115,4,0,4
1117,kitti_001116,KITTI,val,001116,1,0,1
1118,kitti_001117,KITTI,train,001117,2,0,2
1119,kitti_001118,KITTI,train,001118,2,0,2
1120,kitti_001119,KITTI,val,001119,0,0,0
1121,kitti_001120,KITTI,train,001120,2,0,2
1122,kitti_001121,KITTI,val,001121,0,0,0
1123,kitti_001122,KITTI,train,001122,1,0,1
1124,kitti_001123,KITTI,train,001123,3,0,3
1125,kitti_001124,KITTI,train,001124,0,0,0
1126,kitti_001125,KITTI,train,001125,1,0,1
1127,kitti_001126,KITTI,train,001126,0,0,0
1128,kitti_001127,KITTI,train,001127,2,0,2
1129,kitti_001128,KITTI,val,001128,2,0,2
1130,kitti_001129,KITTI,train,001129,1,0,1
1131,kitti_001130,KITTI,train,001130,1,0,1
1132,kitti_001131,KITTI,train,001131,1,0,1
1133,kitti_001132,KITTI,train,001132,2,0,2
1134,kitti_001133,KITTI,val,001133,4,0,4
1135,kitti_001134,KITTI,train,001134,1,0,1
1136,kitti_001135,KITTI,val,001135,0,0,0
1137,kitti_001136,KITTI,train,001136,3,0,3
1138,kitti_001137,KITTI,val,001137,1,0,1
1139,kitti_001138,KITTI,train,001138,0,2,2
1140,kitti_001139,KITTI,train,001139,3,0,3
1141,kitti_001140,KITTI,val,001140,4,0,4
1142,kitti_001141,KITTI,train,001141,1,0,1
1143,kitti_001142,KITTI,train,001142,1,0,1
1144,kitti_001143,KITTI,train,001143,2,0,2
1145,kitti_001144,KITTI,train,001144,1,1,2
1146,kitti_001145,KITTI,train,001145,1,0,1
1147,kitti_001146,KITTI,train,001146,0,0,0
1148,kitti_001147,KITTI,train,001147,1,0,1
1149,kitti_001148,KITTI,val,001148,1,0,1
1150,kitti_001149,KITTI,train,001149,5,0,5
1151,kitti_001150,KITTI,train,001150,2,0,2
1152,kitti_001151,KITTI,train,001151,0,0,0
1153,kitti_001152,KITTI,val,001152,1,0,1
1154,kitti_001153,KITTI,train,001153,1,0,1
1155,kitti_001154,KITTI,train,001154,1,0,1
1156,kitti_001155,KITTI,train,001155,0,0,0
1157,kitti_001156,KITTI,train,001156,0,0,0
1158,kitti_001157,KITTI,train,001157,1,0,1
1159,kitti_001158,KITTI,train,001158,0,2,2
1160,kitti_001159,KITTI,val,001159,2,0,2
1161,kitti_001160,KITTI,train,001160,0,0,0
1162,kitti_001161,KITTI,train,001161,0,0,0
1163,kitti_001162,KITTI,train,001162,1,0,1
1164,kitti_001163,KITTI,val,001163,2,0,2
1165,kitti_001164,KITTI,train,001164,1,0,1
1166,kitti_001165,KITTI,val,001165,1,0,1
1167,kitti_001166,KITTI,train,001166,1,0,1
1168,kitti_001167,KITTI,val,001167,6,0,6
1169,kitti_001168,KITTI,train,001168,1,0,1
1170,kitti_001169,KITTI,train,001169,3,1,4
1171,kitti_001170,KITTI,train,001170,1,0,1
1172,kitti_001171,KITTI,train,001171,0,3,3
1173,kitti_001172,KITTI,train,001172,1,0,1
1174,kitti_001173,KITTI,val,001173,1,1,2
1175,kitti_001174,KITTI,train,001174,0,0,0
1176,kitti_001175,KITTI,train,001175,1,0,1
1177,kitti_001176,KITTI,train,001176,0,0,0
1178,kitti_001177,KITTI,train,001177,1,0,1
1179,kitti_001178,KITTI,train,001178,0,0,0
1180,kitti_001179,KITTI,train,001179,3,0,3
1181,kitti_001180,KITTI,val,001180,2,0,2
1182,kitti_001181,KITTI,train,001181,3,0,3
1183,kitti_001182,KITTI,train,001182,1,1,2
1184,kitti_001183,KITTI,train,001183,1,0,1
1185,kitti_001184,KITTI,train,001184,1,0,1
1186,kitti_001185,KITTI,train,001185,2,0,2
1187,kitti_001186,KITTI,train,001186,1,0,1
1188,kitti_001187,KITTI,train,001187,1,0,1
1189,kitti_001188,KITTI,train,001188,1,0,1
1190,kitti_001189,KITTI,train,001189,0,0,0
1191,kitti_001190,KITTI,train,001190,1,0,1
1192,kitti_001191,KITTI,train,001191,0,0,0
1193,kitti_001192,KITTI,train,001192,2,0,2
1194,kitti_001193,KITTI,train,001193,3,0,3
1195,kitti_001194,KITTI,val,001194,1,0,1
1196,kitti_001195,KITTI,train,001195,0,0,0
1197,kitti_001196,KITTI,train,001196,0,0,0
1198,kitti_001197,KITTI,val,001197,0,0,0
1199,kitti_001198,KITTI,train,001198,1,1,2
1200,kitti_001199,KITTI,train,001199,7,0,7
1201,kitti_001200,KITTI,train,001200,1,0,1
1202,kitti_001201,KITTI,train,001201,2,0,2
1203,kitti_001202,KITTI,train,001202,0,0,0
1204,kitti_001203,KITTI,train,001203,1,0,1
1205,kitti_001204,KITTI,train,001204,1,0,1
1206,kitti_001205,KITTI,train,001205,0,0,0
1207,kitti_001206,KITTI,train,001206,1,0,1
1208,kitti_001207,KITTI,val,001207,3,0,3
1209,kitti_001208,KITTI,train,001208,0,0,0
1210,kitti_001209,KITTI,train,001209,1,0,1
1211,kitti_001210,KITTI,train,001210,1,0,1
1212,kitti_001211,KITTI,train,001211,3,0,3
1213,kitti_001212,KITTI,train,001212,0,0,0
1214,kitti_001213,KITTI,train,001213,1,0,1
1215,kitti_001214,KITTI,train,001214,1,0,1
1216,kitti_001215,KITTI,train,001215,1,0,1
1217,kitti_001216,KITTI,val,001216,2,1,3
1218,kitti_001217,KITTI,train,001217,3,0,3
1219,kitti_001218,KITTI,train,001218,1,0,1
1220,kitti_001219,KITTI,train,001219,1,0,1
1221,kitti_001220,KITTI,train,001220,1,0,1
1222,kitti_001221,KITTI,train,001221,1,0,1
1223,kitti_001222,KITTI,train,001222,1,0,1
1224,kitti_001223,KITTI,train,001223,1,0,1
1225,kitti_001224,KITTI,train,001224,1,0,1
1226,kitti_001225,KITTI,train,001225,0,0,0
1227,kitti_001226,KITTI,train,001226,1,0,1
1228,kitti_001227,KITTI,train,001227,0,0,0
1229,kitti_001228,KITTI,val,001228,0,0,0
1230,kitti_001229,KITTI,val,001229,2,0,2
1231,kitti_001230,KITTI,val,001230,2,0,2
1232,kitti_001231,KITTI,train,001231,2,0,2
1233,kitti_001232,KITTI,train,001232,3,0,3
1234,kitti_001233,KITTI,train,001233,0,0,0
1235,kitti_001234,KITTI,val,001234,1,0,1
1236,kitti_001235,KITTI,train,001235,0,1,1
1237,kitti_001236,KITTI,train,001236,1,0,1
1238,kitti_001237,KITTI,train,001237,1,0,1
1239,kitti_001238,KITTI,val,001238,0,0,0
1240,kitti_001239,KITTI,val,001239,0,0,0
1241,kitti_001240,KITTI,train,001240,0,0,0
1242,kitti_001241,KITTI,train,001241,1,0,1
1243,kitti_001242,KITTI,train,001242,1,0,1
1244,kitti_001243,KITTI,train,001243,1,0,1
1245,kitti_001244,KITTI,train,001244,0,0,0
1246,kitti_001245,KITTI,train,001245,1,1,2
1247,kitti_001246,KITTI,train,001246,1,1,2
1248,kitti_001247,KITTI,train,001247,2,0,2
1249,kitti_001248,KITTI,train,001248,1,2,3
1250,kitti_001249,KITTI,train,001249,0,0,0
1251,kitti_001250,KITTI,train,001250,5,0,5
1252,kitti_001251,KITTI,train,001251,1,0,1
1253,kitti_001252,KITTI,val,001252,2,0,2
1254,kitti_001253,KITTI,train,001253,0,0,0
1255,kitti_001254,KITTI,val,001254,1,1,2
1256,kitti_001255,KITTI,train,001255,1,1,2
1257,kitti_001256,KITTI,train,001256,0,0,0
1258,kitti_001257,KITTI,train,001257,1,0,1
1259,kitti_001258,KITTI,train,001258,1,0,1
1260,kitti_001259,KITTI,train,001259,0,0,0
1261,kitti_001260,KITTI,train,001260,0,0,0
1262,kitti_001261,KITTI,train,001261,0,0,0
1263,kitti_001262,KITTI,val,001262,3,0,3
1264,kitti_001263,KITTI,train,001263,3,0,3
1265,kitti_001264,KITTI,train,001264,2,0,2
1266,kitti_001265,KITTI,train,001265,1,0,1
1267,kitti_001266,KITTI,train,001266,3,0,3
1268,kitti_001267,KITTI,train,001267,1,0,1
1269,kitti_001268,KITTI,train,001268,2,0,2
1270,kitti_001269,KITTI,train,001269,1,0,1
1271,kitti_001270,KITTI,val,001270,3,0,3
1272,kitti_001271,KITTI,val,001271,0,1,1
1273,kitti_001272,KITTI,train,001272,0,0,0
1274,kitti_001273,KITTI,train,001273,2,0,2
1275,kitti_001274,KITTI,train,001274,1,0,1
1276,kitti_001275,KITTI,train,001275,1,0,1
1277,kitti_001276,KITTI,train,001276,0,0,0
1278,kitti_001277,KITTI,train,001277,1,0,1
1279,kitti_001278,KITTI,train,001278,1,0,1
1280,kitti_001279,KITTI,train,001279,0,0,0
1281,kitti_001280,KITTI,train,001280,1,0,1
1282,kitti_001281,KITTI,train,001281,2,0,2
1283,kitti_001282,KITTI,train,001282,1,0,1
1284,kitti_001283,KITTI,train,001283,1,0,1
1285,kitti_001284,KITTI,val,001284,0,0,0
1286,kitti_001285,KITTI,train,001285,0,0,0
1287,kitti_001286,KITTI,val,001286,3,0,3
1288,kitti_001287,KITTI,train,001287,2,0,2
1289,kitti_001288,KITTI,val,001288,1,0,1
1290,kitti_001289,KITTI,train,001289,3,0,3
1291,kitti_001290,KITTI,val,001290,1,0,1
1292,kitti_001291,KITTI,train,001291,1,0,1
1293,kitti_001292,KITTI,val,001292,2,0,2
1294,kitti_001293,KITTI,train,001293,2,0,2
1295,kitti_001294,KITTI,train,001294,1,0,1
1296,kitti_001295,KITTI,train,001295,3,0,3
1297,kitti_001296,KITTI,train,001296,4,0,4
1298,kitti_001297,KITTI,train,001297,1,1,2
1299,kitti_001298,KITTI,train,001298,1,0,1
1300,kitti_001299,KITTI,val,001299,0,0,0
1301,kitti_001300,KITTI,train,001300,0,0,0
1302,kitti_001301,KITTI,train,001301,1,0,1
1303,kitti_001302,KITTI,train,001302,0,0,0
1304,kitti_001303,KITTI,train,001303,0,0,0
1305,kitti_001304,KITTI,train,001304,1,1,2
1306,kitti_001305,KITTI,train,001305,1,1,2
1307,kitti_001306,KITTI,train,001306,0,2,2
1308,kitti_001307,KITTI,train,001307,2,0,2
1309,kitti_001308,KITTI,train,001308,2,1,3
1310,kitti_001309,KITTI,val,001309,1,0,1
1311,kitti_001310,KITTI,train,001310,3,0,3
1312,kitti_001311,KITTI,train,001311,2,0,2
1313,kitti_001312,KITTI,train,001312,1,0,1
1314,kitti_001313,KITTI,train,001313,3,0,3
1315,kitti_001314,KITTI,val,001314,0,0,0
1316,kitti_001315,KITTI,train,001315,1,0,1
1317,kitti_001316,KITTI,train,001316,2,1,3
1318,kitti_001317,KITTI,train,001317,2,0,2
1319,kitti_001318,KITTI,train,001318,1,0,1
1320,kitti_001319,KITTI,train,001319,0,0,0
1321,kitti_001320,KITTI,train,001320,2,0,2
1322,kitti_001321,KITTI,train,001321,0,0,0
1323,kitti_001322,KITTI,train,001322,1,0,1
1324,kitti_001323,KITTI,val,001323,0,0,0
1325,kitti_001324,KITTI,train,001324,0,0,0
1326,kitti_001325,KITTI,val,001325,1,0,1
1327,kitti_001326,KITTI,val,001326,1,2,3
1328,kitti_001327,KITTI,train,001327,1,0,1
1329,kitti_001328,KITTI,train,001328,1,1,2
1330,kitti_001329,KITTI,train,001329,2,1,3
1331,kitti_001330,KITTI,train,001330,0,0,0
1332,kitti_001331,KITTI,train,001331,4,0,4
1333,kitti_001332,KITTI,train,001332,1,0,1
1334,kitti_001333,KITTI,train,001333,1,0,1
1335,kitti_001334,KITTI,train,001334,5,1,6
1336,kitti_001335,KITTI,train,001335,2,0,2
1337,kitti_001336,KITTI,val,001336,2,0,2
1338,kitti_001337,KITTI,train,001337,0,0,0
1339,kitti_001338,KITTI,train,001338,1,1,2
1340,kitti_001339,KITTI,train,001339,0,0,0
1341,kitti_001340,KITTI,train,001340,2,1,3
1342,kitti_001341,KITTI,train,001341,0,0,0
1343,kitti_001342,KITTI,val,001342,1,0,1
1344,kitti_001343,KITTI,train,001343,1,0,1
1345,kitti_001344,KITTI,train,001344,1,1,2
1346,kitti_001345,KITTI,val,001345,2,1,3
1347,kitti_001346,KITTI,train,001346,2,0,2
1348,kitti_001347,KITTI,val,001347,2,0,2
1349,kitti_001348,KITTI,train,001348,0,0,0
1350,kitti_001349,KITTI,train,001349,1,0,1
1351,kitti_001350,KITTI,train,001350,2,0,2
1352,kitti_001351,KITTI,train,001351,1,0,1
1353,kitti_001352,KITTI,train,001352,1,0,1
1354,kitti_001353,KITTI,train,001353,2,0,2
1355,kitti_001354,KITTI,train,001354,4,0,4
1356,kitti_001355,KITTI,train,001355,1,0,1
1357,kitti_001356,KITTI,val,001356,2,0,2
1358,kitti_001357,KITTI,train,001357,3,0,3
1359,kitti_001358,KITTI,train,001358,1,0,1
1360,kitti_001359,KITTI,train,001359,2,1,3
1361,kitti_001360,KITTI,train,001360,0,0,0
1362,kitti_001361,KITTI,val,001361,2,0,2
1363,kitti_001362,KITTI,train,001362,2,0,2
1364,kitti_001363,KITTI,train,001363,1,0,1
1365,kitti_001364,KITTI,train,001364,2,0,2
1366,kitti_001365,KITTI,train,001365,0,0,0
1367,kitti_001366,KITTI,train,001366,3,0,3
1368,kitti_001367,KITTI,train,001367,4,0,4
1369,kitti_001368,KITTI,train,001368,3,0,3
1370,kitti_001369,KITTI,train,001369,2,1,3
1371,kitti_001370,KITTI,train,001370,1,0,1
1372,kitti_001371,KITTI,train,001371,1,0,1
1373,kitti_001372,KITTI,train,001372,1,0,1
1374,kitti_001373,KITTI,train,001373,0,0,0
1375,kitti_001374,KITTI,val,001374,0,0,0
1376,kitti_001375,KITTI,val,001375,2,0,2
1377,kitti_001376,KITTI,train,001376,1,1,2
1378,kitti_001377,KITTI,train,001377,1,0,1
1379,kitti_001378,KITTI,val,001378,1,0,1
1380,kitti_001379,KITTI,val,001379,1,0,1
1381,kitti_001380,KITTI,train,001380,2,0,2
1382,kitti_001381,KITTI,train,001381,1,1,2
1383,kitti_001382,KITTI,train,001382,0,0,0
1384,kitti_001383,KITTI,train,001383,0,0,0
1385,kitti_001384,KITTI,train,001384,0,0,0
1386,kitti_001385,KITTI,train,001385,0,0,0
1387,kitti_001386,KITTI,train,001386,0,0,0
1388,kitti_001387,KITTI,train,001387,1,0,1
1389,kitti_001388,KITTI,train,001388,3,1,4
1390,kitti_001389,KITTI,train,001389,1,0,1
1391,kitti_001390,KITTI,val,001390,1,0,1
1392,kitti_001391,KITTI,val,001391,3,0,3
1393,kitti_001392,KITTI,train,001392,0,0,0
1394,kitti_001393,KITTI,train,001393,2,1,3
1395,kitti_001394,KITTI,train,001394,0,0,0
1396,kitti_001395,KITTI,train,001395,2,0,2
1397,kitti_001396,KITTI,train,001396,2,0,2
1398,kitti_001397,KITTI,train,001397,0,0,0
1399,kitti_001398,KITTI,train,001398,1,0,1
1400,kitti_001399,KITTI,train,001399,0,0,0
1401,kitti_001400,KITTI,train,001400,1,0,1
1402,kitti_001401,KITTI,train,001401,3,0,3
1403,kitti_001402,KITTI,train,001402,4,0,4
1404,kitti_001403,KITTI,val,001403,2,0,2
1405,kitti_001404,KITTI,train,001404,0,0,0
1406,kitti_001405,KITTI,train,001405,2,0,2
1407,kitti_001406,KITTI,train,001406,0,0,0
1408,kitti_001407,KITTI,train,001407,4,0,4
1409,kitti_001408,KITTI,train,001408,0,0,0
1410,kitti_001409,KITTI,train,001409,1,0,1
1411,kitti_001410,KITTI,train,001410,3,0,3
1412,kitti_001411,KITTI,val,001411,1,0,1
1413,kitti_001412,KITTI,train,001412,1,0,1
1414,kitti_001413,KITTI,val,001413,0,0,0
1415,kitti_001414,KITTI,train,001414,2,0,2
1416,kitti_001415,KITTI,train,001415,1,0,1
1417,kitti_001416,KITTI,train,001416,1,0,1
1418,kitti_001417,KITTI,train,001417,1,0,1
1419,kitti_001418,KITTI,train,001418,2,0,2
1420,kitti_001419,KITTI,train,001419,3,0,3
1421,kitti_001420,KITTI,train,001420,4,0,4
1422,kitti_001421,KITTI,train,001421,0,0,0
1423,kitti_001422,KITTI,val,001422,1,0,1
1424,kitti_001423,KITTI,train,001423,0,0,0
1425,kitti_001424,KITTI,train,001424,4,1,5
1426,kitti_001425,KITTI,train,001425,3,0,3
1427,kitti_001426,KITTI,train,001426,4,0,4
1428,kitti_001427,KITTI,train,001427,5,0,5
1429,kitti_001428,KITTI,train,001428,2,0,2
1430,kitti_001429,KITTI,train,001429,0,0,0
1431,kitti_001430,KITTI,train,001430,2,1,3
1432,kitti_001431,KITTI,train,001431,0,0,0
1433,kitti_001432,KITTI,train,001432,0,1,1
1434,kitti_001433,KITTI,train,001433,1,0,1
1435,kitti_001434,KITTI,train,001434,1,0,1
1436,kitti_001435,KITTI,val,001435,1,0,1
1437,kitti_001436,KITTI,val,001436,2,0,2
1438,kitti_001437,KITTI,val,001437,2,0,2
1439,kitti_001438,KITTI,train,001438,1,0,1
1440,kitti_001439,KITTI,train,001439,2,1,3
1441,kitti_001440,KITTI,train,001440,4,0,4
1442,kitti_001441,KITTI,val,001441,0,0,0
1443,kitti_001442,KITTI,train,001442,1,0,1
1444,kitti_001443,KITTI,train,001443,1,0,1
1445,kitti_001444,KITTI,train,001444,0,0,0
1446,kitti_001445,KITTI,train,001445,1,0,1
1447,kitti_001446,KITTI,val,001446,1,2,3
1448,kitti_001447,KITTI,train,001447,3,0,3
1449,kitti_001448,KITTI,train,001448,1,0,1
1450,kitti_001449,KITTI,train,001449,0,0,0
1451,kitti_001450,KITTI,train,001450,1,2,3
1452,kitti_001451,KITTI,val,001451,1,0,1
1453,kitti_001452,KITTI,train,001452,1,0,1
1454,kitti_001453,KITTI,train,001453,1,0,1
1455,kitti_001454,KITTI,val,001454,1,0,1
1456,kitti_001455,KITTI,train,001455,2,0,2
1457,kitti_001456,KITTI,train,001456,0,0,0
1458,kitti_001457,KITTI,val,001457,1,0,1
1459,kitti_001458,KITTI,train,001458,1,0,1
1460,kitti_001459,KITTI,val,001459,2,0,2
1461,kitti_001460,KITTI,train,001460,2,0,2
1462,kitti_001461,KITTI,train,001461,5,2,7
1463,kitti_001462,KITTI,train,001462,0,0,0
1464,kitti_001463,KITTI,val,001463,1,1,2
1465,kitti_001464,KITTI,train,001464,1,0,1
1466,kitti_001465,KITTI,train,001465,2,2,4
1467,kitti_001466,KITTI,train,001466,4,0,4
1468,kitti_001467,KITTI,train,001467,1,0,1
1469,kitti_001468,KITTI,train,001468,0,0,0
1470,kitti_001469,KITTI,train,001469,1,1,2
1471,kitti_001470,KITTI,train,001470,4,1,5
1472,kitti_001471,KITTI,train,001471,2,1,3
1473,kitti_001472,KITTI,train,001472,2,1,3
1474,kitti_001473,KITTI,train,001473,2,0,2
1475,kitti_001474,KITTI,train,001474,1,0,1
1476,kitti_001475,KITTI,train,001475,3,0,3
1477,kitti_001476,KITTI,train,001476,3,0,3
1478,kitti_001477,KITTI,train,001477,0,0,0
1479,kitti_001478,KITTI,train,001478,1,0,1
1480,kitti_001479,KITTI,train,001479,1,0,1
1481,kitti_001480,KITTI,train,001480,1,0,1
1482,kitti_001481,KITTI,val,001481,1,0,1
1483,kitti_001482,KITTI,train,001482,3,0,3
1484,kitti_001483,KITTI,train,001483,2,0,2
1485,kitti_001484,KITTI,train,001484,2,0,2
1486,kitti_001485,KITTI,train,001485,2,0,2
1487,kitti_001486,KITTI,val,001486,0,0,0
1488,kitti_001487,KITTI,train,001487,0,0,0
1489,kitti_001488,KITTI,train,001488,2,0,2
1490,kitti_001489,KITTI,train,001489,0,1,1
1491,kitti_001490,KITTI,train,001490,1,0,1
1492,kitti_001491,KITTI,train,001491,2,0,2
1493,kitti_001492,KITTI,train,001492,0,0,0
1494,kitti_001493,KITTI,train,001493,2,0,2
1495,kitti_001494,KITTI,train,001494,0,1,1
1496,kitti_001495,KITTI,val,001495,1,0,1
1497,kitti_001496,KITTI,val,001496,4,0,4
1498,kitti_001497,KITTI,val,001497,2,0,2
1499,kitti_001498,KITTI,train,001498,2,0,2
1500,kitti_001499,KITTI,train,001499,2,0,2
1501,kitti_001500,KITTI,val,001500,0,0,0
1502,kitti_001501,KITTI,train,001501,1,0,1
1503,kitti_001502,KITTI,val,001502,1,0,1
1504,kitti_001503,KITTI,train,001503,2,0,2
1505,kitti_001504,KITTI,train,001504,3,0,3
1506,kitti_001505,KITTI,train,001505,1,3,4
1507,kitti_001506,KITTI,train,001506,0,0,0
1508,kitti_001507,KITTI,train,001507,3,0,3
1509,kitti_001508,KITTI,val,001508,0,0,0
1510,kitti_001509,KITTI,train,001509,0,0,0
1511,kitti_001510,KITTI,train,001510,2,0,2
1512,kitti_001511,KITTI,val,001511,1,0,1
1513,kitti_001512,KITTI,train,001512,1,0,1
1514,kitti_001513,KITTI,train,001513,1,1,2
1515,kitti_001514,KITTI,train,001514,0,0,0
1516,kitti_001515,KITTI,train,001515,2,0,2
1517,kitti_001516,KITTI,val,001516,0,0,0
1518,kitti_001517,KITTI,train,001517,2,0,2
1519,kitti_001518,KITTI,train,001518,0,4,4
1520,kitti_001519,KITTI,train,001519,0,0,0
1521,kitti_001520,KITTI,train,001520,1,0,1
1522,kitti_001521,KITTI,train,001521,1,0,1
1523,kitti_001522,KITTI,val,001522,4,0,4
1524,kitti_001523,KITTI,val,001523,4,0,4
1525,kitti_001524,KITTI,train,001524,1,0,1
1526,kitti_001525,KITTI,train,001525,3,0,3
1527,kitti_001526,KITTI,val,001526,1,0,1
1528,kitti_001527,KITTI,val,001527,3,0,3
1529,kitti_001528,KITTI,train,001528,1,0,1
1530,kitti_001529,KITTI,train,001529,0,0,0
1531,kitti_001530,KITTI,train,001530,2,0,2
1532,kitti_001531,KITTI,train,001531,0,0,0
1533,kitti_001532,KITTI,train,001532,4,1,5
1534,kitti_001533,KITTI,train,001533,0,1,1
1535,kitti_001534,KITTI,train,001534,1,0,1
1536,kitti_001535,KITTI,train,001535,2,0,2
1537,kitti_001536,KITTI,train,001536,3,0,3
1538,kitti_001537,KITTI,train,001537,2,1,3
1539,kitti_001538,KITTI,val,001538,1,0,1
1540,kitti_001539,KITTI,train,001539,1,0,1
1541,kitti_001540,KITTI,train,001540,0,0,0
1542,kitti_001541,KITTI,train,001541,2,1,3
1543,kitti_001542,KITTI,train,001542,2,0,2
1544,kitti_001543,KITTI,val,001543,2,0,2
1545,kitti_001544,KITTI,train,001544,0,0,0
1546,kitti_001545,KITTI,train,001545,1,0,1
1547,kitti_001546,KITTI,val,001546,2,0,2
1548,kitti_001547,KITTI,train,001547,0,0,0
1549,kitti_001548,KITTI,train,001548,0,0,0
1550,kitti_001549,KITTI,train,001549,2,0,2
1551,kitti_001550,KITTI,train,001550,1,0,1
1552,kitti_001551,KITTI,train,001551,0,0,0
1553,kitti_001552,KITTI,val,001552,1,1,2
1554,kitti_001553,KITTI,val,001553,0,0,0
1555,kitti_001554,KITTI,train,001554,1,0,1
1556,kitti_001555,KITTI,train,001555,1,0,1
1557,kitti_001556,KITTI,train,001556,1,0,1
1558,kitti_001557,KITTI,train,001557,1,0,1
1559,kitti_001558,KITTI,train,001558,3,0,3
1560,kitti_001559,KITTI,train,001559,1,0,1
1561,kitti_001560,KITTI,val,001560,2,0,2
1562,kitti_001561,KITTI,train,001561,1,0,1
1563,kitti_001562,KITTI,train,001562,1,0,1
1564,kitti_001563,KITTI,val,001563,0,0,0
1565,kitti_001564,KITTI,train,001564,1,0,1
1566,kitti_001565,KITTI,train,001565,0,1,1
1567,kitti_001566,KITTI,train,001566,0,0,0
1568,kitti_001567,KITTI,val,001567,0,0,0
1569,kitti_001568,KITTI,train,001568,0,0,0
1570,kitti_001569,KITTI,val,001569,1,0,1
1571,kitti_001570,KITTI,train,001570,1,0,1
1572,kitti_001571,KITTI,train,001571,0,0,0
1573,kitti_001572,KITTI,val,001572,2,0,2
1574,kitti_001573,KITTI,train,001573,1,0,1
1575,kitti_001574,KITTI,train,001574,0,0,0
1576,kitti_001575,KITTI,val,001575,0,0,0
1577,kitti_001576,KITTI,train,001576,1,0,1
1578,kitti_001577,KITTI,val,001577,4,1,5
1579,kitti_001578,KITTI,train,001578,1,0,1
1580,kitti_001579,KITTI,train,001579,1,1,2
1581,kitti_001580,KITTI,val,001580,1,0,1
1582,kitti_001581,KITTI,train,001581,1,0,1
1583,kitti_001582,KITTI,train,001582,1,0,1
1584,kitti_001583,KITTI,train,001583,1,0,1
1585,kitti_001584,KITTI,train,001584,1,0,1
1586,kitti_001585,KITTI,train,001585,1,1,2
1587,kitti_001586,KITTI,train,001586,1,1,2
1588,kitti_001587,KITTI,val,001587,1,0,1
1589,kitti_001588,KITTI,train,001588,2,0,2
1590,kitti_001589,KITTI,train,001589,0,0,0
1591,kitti_001590,KITTI,train,001590,2,0,2
1592,kitti_001591,KITTI,val,001591,1,0,1
1593,kitti_001592,KITTI,train,001592,1,0,1
1594,kitti_001593,KITTI,train,001593,1,0,1
1595,kitti_001594,KITTI,val,001594,1,0,1
1596,kitti_001595,KITTI,val,001595,3,1,4
1597,kitti_001596,KITTI,train,001596,1,0,1
1598,kitti_001597,KITTI,train,001597,1,0,1
1599,kitti_001598,KITTI,val,001598,1,0,1
1600,kitti_001599,KITTI,train,001599,1,1,2
1601,kitti_001600,KITTI,val,001600,3,0,3
1602,kitti_001601,KITTI,train,001601,1,1,2
1603,kitti_001602,KITTI,train,001602,2,0,2
1604,kitti_001603,KITTI,train,001603,0,1,1
1605,kitti_001604,KITTI,train,001604,1,0,1
1606,kitti_001605,KITTI,val,001605,2,0,2
1607,kitti_001606,KITTI,train,001606,1,0,1
1608,kitti_001607,KITTI,val,001607,2,0,2
1609,kitti_001608,KITTI,train,001608,3,0,3
1610,kitti_001609,KITTI,train,001609,0,0,0
1611,kitti_001610,KITTI,train,001610,2,0,2
1612,kitti_001611,KITTI,train,001611,1,1,2
1613,kitti_001612,KITTI,train,001612,0,0,0
1614,kitti_001613,KITTI,train,001613,2,0,2
1615,kitti_001614,KITTI,train,001614,0,3,3
1616,kitti_001615,KITTI,train,001615,1,0,1
1617,kitti_001616,KITTI,train,001616,0,0,0
1618,kitti_001617,KITTI,train,001617,2,0,2
1619,kitti_001618,KITTI,train,001618,2,0,2
1620,kitti_001619,KITTI,train,001619,0,0,0
1621,kitti_001620,KITTI,train,001620,4,0,4
1622,kitti_001621,KITTI,train,001621,1,0,1
1623,kitti_001622,KITTI,train,001622,3,1,4
1624,kitti_001623,KITTI,train,001623,0,0,0
1625,kitti_001624,KITTI,train,001624,4,0,4
1626,kitti_001625,KITTI,train,001625,0,0,0
1627,kitti_001626,KITTI,val,001626,1,0,1
1628,kitti_001627,KITTI,train,001627,1,0,1
1629,kitti_001628,KITTI,train,001628,1,1,2
1630,kitti_001629,KITTI,train,001629,1,0,1
1631,kitti_001630,KITTI,train,001630,1,0,1
1632,kitti_001631,KITTI,train,001631,0,0,0
1633,kitti_001632,KITTI,train,001632,0,0,0
1634,kitti_001633,KITTI,train,001633,1,0,1
1635,kitti_001634,KITTI,train,001634,3,0,3
1636,kitti_001635,KITTI,train,001635,2,0,2
1637,kitti_001636,KITTI,train,001636,1,0,1
1638,kitti_001637,KITTI,train,001637,1,0,1
1639,kitti_001638,KITTI,val,001638,0,3,3
1640,kitti_001639,KITTI,train,001639,2,0,2
1641,kitti_001640,KITTI,train,001640,3,0,3
1642,kitti_001641,KITTI,train,001641,1,0,1
1643,kitti_001642,KITTI,train,001642,2,0,2
1644,kitti_001643,KITTI,train,001643,1,0,1
1645,kitti_001644,KITTI,val,001644,3,0,3
1646,kitti_001645,KITTI,train,001645,1,0,1
1647,kitti_001646,KITTI,train,001646,1,0,1
1648,kitti_001647,KITTI,train,001647,2,0,2
1649,kitti_001648,KITTI,train,001648,4,0,4
1650,kitti_001649,KITTI,train,001649,2,0,2
1651,kitti_001650,KITTI,train,001650,0,1,1
1652,kitti_001651,KITTI,train,001651,3,0,3
1653,kitti_001652,KITTI,train,001652,3,1,4
1654,kitti_001653,KITTI,train,001653,1,0,1
1655,kitti_001654,KITTI,train,001654,0,0,0
1656,kitti_001655,KITTI,train,001655,0,0,0
1657,kitti_001656,KITTI,val,001656,0,0,0
1658,kitti_001657,KITTI,train,001657,1,1,2
1659,kitti_001658,KITTI,train,001658,2,0,2
1660,kitti_001659,KITTI,train,001659,1,0,1
1661,kitti_001660,KITTI,val,001660,2,0,2
1662,kitti_001661,KITTI,train,001661,2,0,2
1663,kitti_001662,KITTI,train,001662,0,0,0
1664,kitti_001663,KITTI,train,001663,2,0,2
1665,kitti_001664,KITTI,train,001664,1,1,2
1666,kitti_001665,KITTI,train,001665,1,0,1
1667,kitti_001666,KITTI,train,001666,1,0,1
1668,kitti_001667,KITTI,val,001667,2,1,3
1669,kitti_001668,KITTI,train,001668,1,0,1
1670,kitti_001669,KITTI,train,001669,1,0,1
1671,kitti_001670,KITTI,train,001670,0,1,1
1672,kitti_001671,KITTI,train,001671,1,1,2
1673,kitti_001672,KITTI,val,001672,1,0,1
1674,kitti_001673,KITTI,train,001673,1,0,1
1675,kitti_001674,KITTI,train,001674,1,0,1
1676,kitti_001675,KITTI,train,001675,1,0,1
1677,kitti_001676,KITTI,train,001676,2,0,2
1678,kitti_001677,KITTI,train,001677,2,1,3
1679,kitti_001678,KITTI,train,001678,1,0,1
1680,kitti_001679,KITTI,train,001679,0,0,0
1681,kitti_001680,KITTI,train,001680,1,1,2
1682,kitti_001681,KITTI,train,001681,1,0,1
1683,kitti_001682,KITTI,train,001682,3,0,3
1684,kitti_001683,KITTI,train,001683,1,0,1
1685,kitti_001684,KITTI,train,001684,3,0,3
1686,kitti_001685,KITTI,train,001685,3,1,4
1687,kitti_001686,KITTI,train,001686,1,0,1
1688,kitti_001687,KITTI,train,001687,3,1,4
1689,kitti_001688,KITTI,train,001688,1,0,1
1690,kitti_001689,KITTI,train,001689,0,0,0
1691,kitti_001690,KITTI,val,001690,2,0,2
1692,kitti_001691,KITTI,train,001691,0,1,1
1693,kitti_001692,KITTI,train,001692,1,0,1
1694,kitti_001693,KITTI,train,001693,1,1,2
1695,kitti_001694,KITTI,val,001694,1,1,2
1696,kitti_001695,KITTI,train,001695,0,0,0
1697,kitti_001696,KITTI,train,001696,1,1,2
1698,kitti_001697,KITTI,train,001697,0,1,1
1699,kitti_001698,KITTI,val,001698,0,0,0
1700,kitti_001699,KITTI,train,001699,1,0,1
1701,kitti_001700,KITTI,train,001700,2,0,2
1702,kitti_001701,KITTI,train,001701,4,0,4
1703,kitti_001702,KITTI,train,001702,1,0,1
1704,kitti_001703,KITTI,train,001703,0,0,0
1705,kitti_001704,KITTI,train,001704,1,0,1
1706,kitti_001705,KITTI,train,001705,0,1,1
1707,kitti_001706,KITTI,train,001706,0,0,0
1708,kitti_001707,KITTI,train,001707,2,1,3
1709,kitti_001708,KITTI,train,001708,1,0,1
1710,kitti_001709,KITTI,val,001709,1,1,2
1711,kitti_001710,KITTI,train,001710,1,0,1
1712,kitti_001711,KITTI,val,001711,2,1,3
1713,kitti_001712,KITTI,train,001712,1,2,3
1714,kitti_001713,KITTI,train,001713,2,0,2
1715,kitti_001714,KITTI,train,001714,1,0,1
1716,kitti_001715,KITTI,train,001715,0,0,0
1717,kitti_001716,KITTI,train,001716,1,0,1
1718,kitti_001717,KITTI,train,001717,2,0,2
1719,kitti_001718,KITTI,train,001718,3,0,3
1720,kitti_001719,KITTI,val,001719,2,1,3
1721,kitti_001720,KITTI,train,001720,2,1,3
1722,kitti_001721,KITTI,train,001721,1,1,2
1723,kitti_001722,KITTI,train,001722,1,0,1
1724,kitti_001723,KITTI,train,001723,1,0,1
1725,kitti_001724,KITTI,train,001724,1,1,2
1726,kitti_001725,KITTI,train,001725,1,1,2
1727,kitti_001726,KITTI,train,001726,1,1,2
1728,kitti_001727,KITTI,train,001727,1,1,2
1729,kitti_001728,KITTI,val,001728,1,0,1
1730,kitti_001729,KITTI,train,001729,0,0,0
1731,kitti_001730,KITTI,train,001730,0,0,0
1732,kitti_001731,KITTI,train,001731,1,0,1
1733,kitti_001732,KITTI,train,001732,2,0,2
1734,kitti_001733,KITTI,train,001733,2,0,2
1735,kitti_001734,KITTI,train,001734,1,0,1
1736,kitti_001735,KITTI,train,001735,3,0,3
1737,kitti_001736,KITTI,train,001736,0,1,1
1738,kitti_001737,KITTI,train,001737,1,0,1
1739,kitti_001738,KITTI,train,001738,0,4,4
1740,kitti_001739,KITTI,train,001739,0,0,0
1741,kitti_001740,KITTI,train,001740,2,0,2
1742,kitti_001741,KITTI,train,001741,0,1,1
1743,kitti_001742,KITTI,train,001742,1,0,1
1744,kitti_001743,KITTI,train,001743,1,0,1
1745,kitti_001744,KITTI,train,001744,1,0,1
1746,kitti_001745,KITTI,train,001745,1,0,1
1747,kitti_001746,KITTI,train,001746,1,0,1
1748,kitti_001747,KITTI,train,001747,0,1,1
1749,kitti_001748,KITTI,train,001748,1,0,1
1750,kitti_001749,KITTI,train,001749,2,0,2
1751,kitti_001750,KITTI,train,001750,2,1,3
1752,kitti_001751,KITTI,val,001751,1,0,1
1753,kitti_001752,KITTI,train,001752,2,0,2
1754,kitti_001753,KITTI,train,001753,3,0,3
1755,kitti_001754,KITTI,train,001754,0,0,0
1756,kitti_001755,KITTI,train,001755,2,0,2
1757,kitti_001756,KITTI,train,001756,0,0,0
1758,kitti_001757,KITTI,train,001757,0,0,0
1759,kitti_001758,KITTI,train,001758,0,0,0
1760,kitti_001759,KITTI,val,001759,1,0,1
1761,kitti_001760,KITTI,train,001760,1,1,2
1762,kitti_001761,KITTI,train,001761,1,0,1
1763,kitti_001762,KITTI,train,001762,1,1,2
1764,kitti_001763,KITTI,train,001763,1,0,1
1765,kitti_001764,KITTI,train,001764,0,1,1
1766,kitti_001765,KITTI,train,001765,2,0,2
1767,kitti_001766,KITTI,train,001766,3,0,3
1768,kitti_001767,KITTI,train,001767,0,0,0
1769,kitti_001768,KITTI,train,001768,0,0,0
1770,kitti_001769,KITTI,train,001769,1,1,2
1771,kitti_001770,KITTI,train,001770,4,0,4
1772,kitti_001771,KITTI,train,001771,1,0,1
1773,kitti_001772,KITTI,train,001772,2,0,2
1774,kitti_001773,KITTI,train,001773,0,1,1
1775,kitti_001774,KITTI,train,001774,2,0,2
1776,kitti_001775,KITTI,train,001775,0,0,0
1777,kitti_001776,KITTI,train,001776,1,0,1
1778,kitti_001777,KITTI,train,001777,0,0,0
1779,kitti_001778,KITTI,train,001778,1,0,1
1780,kitti_001779,KITTI,train,001779,0,0,0
1781,kitti_001780,KITTI,train,001780,1,0,1
1782,kitti_001781,KITTI,val,001781,1,0,1
1783,kitti_001782,KITTI,train,001782,0,0,0
1784,kitti_001783,KITTI,train,001783,2,0,2
1785,kitti_001784,KITTI,train,001784,1,0,1
1786,kitti_001785,KITTI,train,001785,1,0,1
1787,kitti_001786,KITTI,train,001786,2,0,2
1788,kitti_001787,KITTI,train,001787,0,1,1
1789,kitti_001788,KITTI,train,001788,1,1,2
1790,kitti_001789,KITTI,train,001789,4,0,4
1791,kitti_001790,KITTI,val,001790,3,0,3
1792,kitti_001791,KITTI,train,001791,1,3,4
1793,kitti_001792,KITTI,train,001792,0,1,1
1794,kitti_001793,KITTI,train,001793,0,0,0
1795,kitti_001794,KITTI,train,001794,1,1,2
1796,kitti_001795,KITTI,val,001795,3,0,3
1797,kitti_001796,KITTI,train,001796,0,0,0
1798,kitti_001797,KITTI,train,001797,1,0,1
1799,kitti_001798,KITTI,train,001798,1,0,1
1800,kitti_001799,KITTI,val,001799,3,0,3
1801,kitti_001800,KITTI,train,001800,0,0,0
1802,kitti_001801,KITTI,train,001801,1,0,1
1803,kitti_001802,KITTI,val,001802,1,0,1
1804,kitti_001803,KITTI,train,001803,1,0,1
1805,kitti_001804,KITTI,train,001804,0,0,0
1806,kitti_001805,KITTI,train,001805,1,1,2
1807,kitti_001806,KITTI,train,001806,0,2,2
1808,kitti_001807,KITTI,train,001807,1,0,1
1809,kitti_001808,KITTI,val,001808,1,1,2
1810,kitti_001809,KITTI,train,001809,0,0,0
1811,kitti_001810,KITTI,train,001810,0,0,0
1812,kitti_001811,KITTI,train,001811,0,0,0
1813,kitti_001812,KITTI,train,001812,0,0,0
1814,kitti_001813,KITTI,val,001813,3,0,3
1815,kitti_001814,KITTI,val,001814,2,0,2
1816,kitti_001815,KITTI,train,001815,1,0,1
1817,kitti_001816,KITTI,train,001816,1,2,3
1818,kitti_001817,KITTI,train,001817,0,0,0
1819,kitti_001818,KITTI,train,001818,1,1,2
1820,kitti_001819,KITTI,train,001819,0,0,0
1821,kitti_001820,KITTI,val,001820,2,0,2
1822,kitti_001821,KITTI,train,001821,0,0,0
1823,kitti_001822,KITTI,train,001822,2,0,2
1824,kitti_001823,KITTI,train,001823,1,0,1
1825,kitti_001824,KITTI,train,001824,1,1,2
1826,kitti_001825,KITTI,train,001825,2,1,3
1827,kitti_001826,KITTI,train,001826,0,0,0
1828,kitti_001827,KITTI,train,001827,0,0,0
1829,kitti_001828,KITTI,train,001828,0,0,0
1830,kitti_001829,KITTI,train,001829,0,0,0
1831,kitti_001830,KITTI,train,001830,0,0,0
1832,kitti_001831,KITTI,train,001831,1,0,1
1833,kitti_001832,KITTI,train,001832,0,0,0
1834,kitti_001833,KITTI,train,001833,2,0,2
1835,kitti_001834,KITTI,train,001834,1,0,1
1836,kitti_001835,KITTI,train,001835,0,0,0
1837,kitti_001836,KITTI,train,001836,1,0,1
1838,kitti_001837,KITTI,train,001837,3,0,3
1839,kitti_001838,KITTI,train,001838,1,3,4
1840,kitti_001839,KITTI,train,001839,4,0,4
1841,kitti_001840,KITTI,train,001840,4,1,5
1842,kitti_001841,KITTI,train,001841,1,0,1
1843,kitti_001842,KITTI,train,001842,1,1,2
1844,kitti_001843,KITTI,train,001843,1,2,3
1845,kitti_001844,KITTI,val,001844,0,0,0
1846,kitti_001845,KITTI,train,001845,3,0,3
1847,kitti_001846,KITTI,train,001846,0,0,0
1848,kitti_001847,KITTI,train,001847,0,4,4
1849,kitti_001848,KITTI,train,001848,0,1,1
1850,kitti_001849,KITTI,val,001849,0,0,0
1851,kitti_001850,KITTI,train,001850,3,0,3
1852,kitti_001851,KITTI,val,001851,1,1,2
1853,kitti_001852,KITTI,train,001852,1,0,1
1854,kitti_001853,KITTI,train,001853,1,0,1
1855,kitti_001854,KITTI,train,001854,1,1,2
1856,kitti_001855,KITTI,train,001855,1,1,2
1857,kitti_001856,KITTI,train,001856,0,0,0
1858,kitti_001857,KITTI,train,001857,1,0,1
1859,kitti_001858,KITTI,train,001858,0,2,2
1860,kitti_001859,KITTI,val,001859,1,0,1
1861,kitti_001860,KITTI,train,001860,3,0,3
1862,kitti_001861,KITTI,train,001861,1,0,1
1863,kitti_001862,KITTI,val,001862,0,1,1
1864,kitti_001863,KITTI,train,001863,2,0,2
1865,kitti_001864,KITTI,train,001864,0,0,0
1866,kitti_001865,KITTI,train,001865,1,0,1
1867,kitti_001866,KITTI,train,001866,3,0,3
1868,kitti_001867,KITTI,train,001867,0,0,0
1869,kitti_001868,KITTI,train,001868,1,0,1
1870,kitti_001869,KITTI,train,001869,1,0,1
1871,kitti_001870,KITTI,train,001870,0,0,0
1872,kitti_001871,KITTI,train,001871,0,0,0
1873,kitti_001872,KITTI,train,001872,1,0,1
1874,kitti_001873,KITTI,train,001873,2,0,2
1875,kitti_001874,KITTI,train,001874,1,0,1
1876,kitti_001875,KITTI,train,001875,1,0,1
1877,kitti_001876,KITTI,train,001876,0,2,2
1878,kitti_001877,KITTI,train,001877,3,0,3
1879,kitti_001878,KITTI,val,001878,1,0,1
1880,kitti_001879,KITTI,train,001879,0,0,0
1881,kitti_001880,KITTI,train,001880,1,1,2
1882,kitti_001881,KITTI,train,001881,1,0,1
1883,kitti_001882,KITTI,train,001882,0,0,0
1884,kitti_001883,KITTI,train,001883,1,0,1
1885,kitti_001884,KITTI,train,001884,1,0,1
1886,kitti_001885,KITTI,val,001885,3,1,4
1887,kitti_001886,KITTI,train,001886,2,0,2
1888,kitti_001887,KITTI,train,001887,1,0,1
1889,kitti_001888,KITTI,train,001888,3,0,3
1890,kitti_001889,KITTI,train,001889,2,0,2
1891,kitti_001890,KITTI,train,001890,1,0,1
1892,kitti_001891,KITTI,train,001891,1,0,1
1893,kitti_001892,KITTI,train,001892,1,1,2
1894,kitti_001893,KITTI,train,001893,0,1,1
1895,kitti_001894,KITTI,train,001894,1,0,1
1896,kitti_001895,KITTI,val,001895,3,0,3
1897,kitti_001896,KITTI,train,001896,1,0,1
1898,kitti_001897,KITTI,train,001897,1,0,1
1899,kitti_001898,KITTI,train,001898,1,0,1
1900,kitti_001899,KITTI,train,001899,0,0,0
1901,kitti_001900,KITTI,train,001900,0,0,0
1902,kitti_001901,KITTI,train,001901,2,0,2
1903,kitti_001902,KITTI,train,001902,0,0,0
1904,kitti_001903,KITTI,train,001903,3,0,3
1905,kitti_001904,KITTI,val,001904,1,1,2
1906,kitti_001905,KITTI,train,001905,0,0,0
1907,kitti_001906,KITTI,train,001906,1,0,1
1908,kitti_001907,KITTI,train,001907,2,0,2
1909,kitti_001908,KITTI,train,001908,0,0,0
1910,kitti_001909,KITTI,train,001909,2,0,2
1911,kitti_001910,KITTI,train,001910,3,0,3
1912,kitti_001911,KITTI,val,001911,0,0,0
1913,kitti_001912,KITTI,train,001912,2,0,2
1914,kitti_001913,KITTI,train,001913,3,0,3
1915,kitti_001914,KITTI,train,001914,1,2,3
1916,kitti_001915,KITTI,train,001915,2,0,2
1917,kitti_001916,KITTI,train,001916,1,0,1
1918,kitti_001917,KITTI,train,001917,2,1,3
1919,kitti_001918,KITTI,train,001918,1,0,1
1920,kitti_001919,KITTI,train,001919,1,0,1
1921,kitti_001920,KITTI,train,001920,1,0,1
1922,kitti_001921,KITTI,train,001921,1,0,1
1923,kitti_001922,KITTI,train,001922,2,0,2
1924,kitti_001923,KITTI,train,001923,0,0,0
1925,kitti_001924,KITTI,train,001924,1,0,1
1926,kitti_001925,KITTI,train,001925,0,0,0
1927,kitti_001926,KITTI,train,001926,1,0,1
1928,kitti_001927,KITTI,train,001927,0,0,0
1929,kitti_001928,KITTI,val,001928,1,0,1
1930,kitti_001929,KITTI,train,001929,1,0,1
1931,kitti_001930,KITTI,val,001930,1,0,1
1932,kitti_001931,KITTI,train,001931,1,2,3
1933,kitti_001932,KITTI,train,001932,1,0,1
1934,kitti_001933,KITTI,train,001933,2,0,2
1935,kitti_001934,KITTI,train,001934,1,0,1
1936,kitti_001935,KITTI,train,001935,3,0,3
1937,kitti_001936,KITTI,train,001936,0,0,0
1938,kitti_001937,KITTI,train,001937,1,2,3
1939,kitti_001938,KITTI,train,001938,1,0,1
1940,kitti_001939,KITTI,train,001939,0,3,3
1941,kitti_001940,KITTI,train,001940,4,0,4
1942,kitti_001941,KITTI,train,001941,2,0,2
1943,kitti_001942,KITTI,train,001942,0,1,1
1944,kitti_001943,KITTI,val,001943,1,0,1
1945,kitti_001944,KITTI,train,001944,2,0,2
1946,kitti_001945,KITTI,train,001945,2,0,2
1947,kitti_001946,KITTI,train,001946,0,0,0
1948,kitti_001947,KITTI,train,001947,1,0,1
1949,kitti_001948,KITTI,train,001948,4,0,4
1950,kitti_001949,KITTI,val,001949,1,1,2
1951,kitti_001950,KITTI,train,001950,4,0,4
1952,kitti_001951,KITTI,train,001951,1,0,1
1953,kitti_001952,KITTI,train,001952,1,0,1
1954,kitti_001953,KITTI,train,001953,0,0,0
1955,kitti_001954,KITTI,train,001954,1,0,1
1956,kitti_001955,KITTI,train,001955,2,0,2
1957,kitti_001956,KITTI,train,001956,1,0,1
1958,kitti_001957,KITTI,train,001957,0,0,0
1959,kitti_001958,KITTI,val,001958,3,0,3
1960,kitti_001959,KITTI,train,001959,4,1,5
1961,kitti_001960,KITTI,train,001960,1,0,1
1962,kitti_001961,KITTI,train,001961,1,0,1
1963,kitti_001962,KITTI,train,001962,3,0,3
1964,kitti_001963,KITTI,train,001963,0,0,0
1965,kitti_001964,KITTI,train,001964,0,0,0
1966,kitti_001965,KITTI,val,001965,1,0,1
1967,kitti_001966,KITTI,train,001966,2,0,2
1968,kitti_001967,KITTI,train,001967,0,0,0
1969,kitti_001968,KITTI,train,001968,2,0,2
1970,kitti_001969,KITTI,train,001969,1,0,1
1971,kitti_001970,KITTI,train,001970,0,0,0
1972,kitti_001971,KITTI,val,001971,4,0,4
1973,kitti_001972,KITTI,val,001972,2,0,2
1974,kitti_001973,KITTI,val,001973,0,2,2
1975,kitti_001974,KITTI,train,001974,2,1,3
1976,kitti_001975,KITTI,train,001975,1,0,1
1977,kitti_001976,KITTI,val,001976,0,0,0
1978,kitti_001977,KITTI,train,001977,1,0,1
1979,kitti_001978,KITTI,val,001978,2,0,2
1980,kitti_001979,KITTI,train,001979,0,0,0
1981,kitti_001980,KITTI,train,001980,1,0,1
1982,kitti_001981,KITTI,train,001981,3,0,3
1983,kitti_001982,KITTI,train,001982,0,0,0
1984,kitti_001983,KITTI,train,001983,0,0,0
1985,kitti_001984,KITTI,train,001984,0,0,0
1986,kitti_001985,KITTI,train,001985,1,0,1
1987,kitti_001986,KITTI,val,001986,0,0,0
1988,kitti_001987,KITTI,train,001987,5,0,5
1989,kitti_001988,KITTI,train,001988,3,0,3
1990,kitti_001989,KITTI,train,001989,0,0,0
1991,kitti_001990,KITTI,train,001990,2,0,2
1992,kitti_001991,KITTI,train,001991,0,1,1
1993,kitti_001992,KITTI,val,001992,1,0,1
1994,kitti_001993,KITTI,train,001993,2,0,2
1995,kitti_001994,KITTI,train,001994,0,0,0
1996,kitti_001995,KITTI,train,001995,1,0,1
1997,kitti_001996,KITTI,train,001996,1,0,1
1998,kitti_001997,KITTI,train,001997,2,1,3
1999,kitti_001998,KITTI,train,001998,1,0,1
2000,kitti_001999,KITTI,train,001999,1,0,1
2001,kitti_002000,KITTI,train,002000,2,1,3
2002,kitti_002001,KITTI,train,002001,0,0,0
2003,kitti_002002,KITTI,train,002002,2,0,2
2004,kitti_002003,KITTI,train,002003,2,0,2
2005,kitti_002004,KITTI,val,002004,0,1,1
2006,kitti_002005,KITTI,train,002005,8,0,8
2007,kitti_002006,KITTI,train,002006,3,0,3
2008,kitti_002007,KITTI,train,002007,2,0,2
2009,kitti_002008,KITTI,train,002008,1,1,2
2010,kitti_002009,KITTI,train,002009,1,0,1
2011,kitti_002010,KITTI,train,002010,1,0,1
2012,kitti_002011,KITTI,train,002011,1,1,2
2013,kitti_002012,KITTI,train,002012,3,0,3
2014,kitti_002013,KITTI,train,002013,0,0,0
2015,kitti_002014,KITTI,train,002014,2,1,3
2016,kitti_002015,KITTI,train,002015,4,0,4
2017,kitti_002016,KITTI,train,002016,3,1,4
2018,kitti_002017,KITTI,train,002017,2,0,2
2019,kitti_002018,KITTI,train,002018,1,0,1
2020,kitti_002019,KITTI,train,002019,1,0,1
2021,kitti_002020,KITTI,train,002020,2,0,2
2022,kitti_002021,KITTI,train,002021,2,0,2
2023,kitti_002022,KITTI,val,002022,1,0,1
2024,kitti_002023,KITTI,train,002023,0,0,0
2025,kitti_002024,KITTI,train,002024,2,0,2
2026,kitti_002025,KITTI,train,002025,2,1,3
2027,kitti_002026,KITTI,train,002026,1,1,2
2028,kitti_002027,KITTI,train,002027,2,0,2
2029,kitti_002028,KITTI,val,002028,2,0,2
2030,kitti_002029,KITTI,val,002029,3,0,3
2031,kitti_002030,KITTI,train,002030,0,0,0
2032,kitti_002031,KITTI,train,002031,4,0,4
2033,kitti_002032,KITTI,val,002032,5,0,5
2034,kitti_002033,KITTI,val,002033,1,0,1
2035,kitti_002034,KITTI,train,002034,2,0,2
2036,kitti_002035,KITTI,train,002035,3,1,4
2037,kitti_002036,KITTI,val,002036,1,0,1
2038,kitti_002037,KITTI,train,002037,4,0,4
2039,kitti_002038,KITTI,train,002038,0,0,0
2040,kitti_002039,KITTI,train,002039,1,0,1
2041,kitti_002040,KITTI,train,002040,3,0,3
2042,kitti_002041,KITTI,train,002041,1,0,1
2043,kitti_002042,KITTI,train,002042,2,0,2
2044,kitti_002043,KITTI,val,002043,3,0,3
2045,kitti_002044,KITTI,train,002044,2,0,2
2046,kitti_002045,KITTI,train,002045,1,0,1
2047,kitti_002046,KITTI,train,002046,1,0,1
2048,kitti_002047,KITTI,val,002047,2,0,2
2049,kitti_002048,KITTI,val,002048,2,0,2
2050,kitti_002049,KITTI,train,002049,1,0,1
2051,kitti_002050,KITTI,val,002050,1,0,1
2052,kitti_002051,KITTI,train,002051,1,0,1
2053,kitti_002052,KITTI,val,002052,0,2,2
2054,kitti_002053,KITTI,val,002053,1,0,1
2055,kitti_002054,KITTI,val,002054,1,0,1
2056,kitti_002055,KITTI,train,002055,0,0,0
2057,kitti_002056,KITTI,train,002056,1,1,2
2058,kitti_002057,KITTI,train,002057,2,0,2
2059,kitti_002058,KITTI,train,002058,0,0,0
2060,kitti_002059,KITTI,train,002059,0,0,0
2061,kitti_002060,KITTI,train,002060,2,1,3
2062,kitti_002061,KITTI,train,002061,0,0,0
2063,kitti_002062,KITTI,train,002062,0,0,0
2064,kitti_002063,KITTI,train,002063,3,0,3
2065,kitti_002064,KITTI,val,002064,1,0,1
2066,kitti_002065,KITTI,train,002065,6,0,6
2067,kitti_002066,KITTI,train,002066,0,0,0
2068,kitti_002067,KITTI,train,002067,1,0,1
2069,kitti_002068,KITTI,train,002068,2,0,2
2070,kitti_002069,KITTI,train,002069,1,0,1
2071,kitti_002070,KITTI,val,002070,3,0,3
2072,kitti_002071,KITTI,train,002071,2,0,2
2073,kitti_002072,KITTI,train,002072,0,0,0
2074,kitti_002073,KITTI,train,002073,3,0,3
2075,kitti_002074,KITTI,train,002074,2,0,2
2076,kitti_002075,KITTI,train,002075,1,0,1
2077,kitti_002076,KITTI,train,002076,6,0,6
2078,kitti_002077,KITTI,val,002077,2,0,2
2079,kitti_002078,KITTI,val,002078,0,0,0
2080,kitti_002079,KITTI,train,002079,1,0,1
2081,kitti_002080,KITTI,train,002080,0,0,0
2082,kitti_002081,KITTI,train,002081,0,0,0
2083,kitti_002082,KITTI,train,002082,1,0,1
2084,kitti_002083,KITTI,train,002083,2,0,2
2085,kitti_002084,KITTI,train,002084,4,0,4
2086,kitti_002085,KITTI,train,002085,1,0,1
2087,kitti_002086,KITTI,train,002086,1,0,1
2088,kitti_002087,KITTI,train,002087,1,0,1
2089,kitti_002088,KITTI,train,002088,0,0,0
2090,kitti_002089,KITTI,train,002089,1,0,1
2091,kitti_002090,KITTI,train,002090,0,0,0
2092,kitti_002091,KITTI,train,002091,1,1,2
2093,kitti_002092,KITTI,train,002092,2,0,2
2094,kitti_002093,KITTI,train,002093,2,0,2
2095,kitti_002094,KITTI,val,002094,3,0,3
2096,kitti_002095,KITTI,train,002095,3,0,3
2097,kitti_002096,KITTI,train,002096,2,0,2
2098,kitti_002097,KITTI,val,002097,2,0,2
2099,kitti_002098,KITTI,train,002098,2,0,2
2100,kitti_002099,KITTI,train,002099,2,0,2
2101,kitti_002100,KITTI,train,002100,1,0,1
2102,kitti_002101,KITTI,val,002101,0,1,1
2103,kitti_002102,KITTI,val,002102,1,0,1
2104,kitti_002103,KITTI,train,002103,1,1,2
2105,kitti_002104,KITTI,train,002104,3,1,4
2106,kitti_002105,KITTI,train,002105,0,1,1
2107,kitti_002106,KITTI,train,002106,1,0,1
2108,kitti_002107,KITTI,train,002107,3,0,3
2109,kitti_002108,KITTI,train,002108,0,0,0
2110,kitti_002109,KITTI,train,002109,0,0,0
2111,kitti_002110,KITTI,val,002110,4,0,4
2112,kitti_002111,KITTI,train,002111,2,0,2
2113,kitti_002112,KITTI,val,002112,1,0,1
2114,kitti_002113,KITTI,val,002113,2,1,3
2115,kitti_002114,KITTI,val,002114,1,1,2
2116,kitti_002115,KITTI,val,002115,5,0,5
2117,kitti_002116,KITTI,train,002116,0,0,0
2118,kitti_002117,KITTI,train,002117,0,0,0
2119,kitti_002118,KITTI,train,002118,0,0,0
2120,kitti_002119,KITTI,train,002119,3,0,3
2121,kitti_002120,KITTI,train,002120,2,0,2
2122,kitti_002121,KITTI,train,002121,1,0,1
2123,kitti_002122,KITTI,train,002122,2,0,2
2124,kitti_002123,KITTI,train,002123,4,0,4
2125,kitti_002124,KITTI,train,002124,4,0,4
2126,kitti_002125,KITTI,train,002125,3,0,3
2127,kitti_002126,KITTI,train,002126,1,0,1
2128,kitti_002127,KITTI,train,002127,0,1,1
2129,kitti_002128,KITTI,train,002128,0,0,0
2130,kitti_002129,KITTI,train,002129,0,0,0
2131,kitti_002130,KITTI,train,002130,1,0,1
2132,kitti_002131,KITTI,train,002131,3,0,3
2133,kitti_002132,KITTI,train,002132,2,0,2
2134,kitti_002133,KITTI,train,002133,5,1,6
2135,kitti_002134,KITTI,train,002134,1,0,1
2136,kitti_002135,KITTI,train,002135,2,0,2
2137,kitti_002136,KITTI,train,002136,1,1,2
2138,kitti_002137,KITTI,val,002137,1,0,1
2139,kitti_002138,KITTI,train,002138,1,0,1
2140,kitti_002139,KITTI,train,002139,0,1,1
2141,kitti_002140,KITTI,train,002140,0,2,2
2142,kitti_002141,KITTI,train,002141,0,0,0
2143,kitti_002142,KITTI,val,002142,1,0,1
2144,kitti_002143,KITTI,val,002143,1,1,2
2145,kitti_002144,KITTI,train,002144,0,0,0
2146,kitti_002145,KITTI,train,002145,0,0,0
2147,kitti_002146,KITTI,train,002146,3,0,3
2148,kitti_002147,KITTI,train,002147,2,0,2
2149,kitti_002148,KITTI,train,002148,1,0,1
2150,kitti_002149,KITTI,train,002149,4,0,4
2151,kitti_002150,KITTI,train,002150,4,0,4
2152,kitti_002151,KITTI,train,002151,1,2,3
2153,kitti_002152,KITTI,val,002152,1,0,1
2154,kitti_002153,KITTI,train,002153,1,0,1
2155,kitti_002154,KITTI,train,002154,1,0,1
2156,kitti_002155,KITTI,train,002155,2,0,2
2157,kitti_002156,KITTI,val,002156,5,0,5
2158,kitti_002157,KITTI,train,002157,0,0,0
2159,kitti_002158,KITTI,train,002158,1,0,1
2160,kitti_002159,KITTI,val,002159,0,0,0
2161,kitti_002160,KITTI,val,002160,1,0,1
2162,kitti_002161,KITTI,train,002161,2,0,2
2163,kitti_002162,KITTI,val,002162,2,0,2
2164,kitti_002163,KITTI,train,002163,1,0,1
2165,kitti_002164,KITTI,train,002164,1,0,1
2166,kitti_002165,KITTI,val,002165,2,0,2
2167,kitti_002166,KITTI,train,002166,1,0,1
2168,kitti_002167,KITTI,val,002167,2,1,3
2169,kitti_002168,KITTI,val,002168,1,0,1
2170,kitti_002169,KITTI,train,002169,1,0,1
2171,kitti_002170,KITTI,train,002170,2,0,2
2172,kitti_002171,KITTI,train,002171,1,0,1
2173,kitti_002172,KITTI,val,002172,3,1,4
2174,kitti_002173,KITTI,train,002173,0,1,1
2175,kitti_002174,KITTI,val,002174,1,0,1
2176,kitti_002175,KITTI,train,002175,4,0,4
2177,kitti_002176,KITTI,val,002176,1,0,1
2178,kitti_002177,KITTI,train,002177,1,0,1
2179,kitti_002178,KITTI,train,002178,0,0,0
2180,kitti_002179,KITTI,train,002179,0,0,0
2181,kitti_002180,KITTI,train,002180,4,0,4
2182,kitti_002181,KITTI,train,002181,2,0,2
2183,kitti_002182,KITTI,train,002182,0,0,0
2184,kitti_002183,KITTI,train,002183,0,0,0
2185,kitti_002184,KITTI,train,002184,6,0,6
2186,kitti_002185,KITTI,train,002185,1,0,1
2187,kitti_002186,KITTI,train,002186,2,0,2
2188,kitti_002187,KITTI,train,002187,3,0,3
2189,kitti_002188,KITTI,train,002188,1,0,1
2190,kitti_002189,KITTI,train,002189,4,0,4
2191,kitti_002190,KITTI,train,002190,1,0,1
2192,kitti_002191,KITTI,val,002191,3,0,3
2193,kitti_002192,KITTI,train,002192,0,0,0
2194,kitti_002193,KITTI,train,002193,1,0,1
2195,kitti_002194,KITTI,train,002194,1,0,1
2196,kitti_002195,KITTI,val,002195,0,0,0
2197,kitti_002196,KITTI,val,002196,1,0,1
2198,kitti_002197,KITTI,val,002197,1,0,1
2199,kitti_002198,KITTI,val,002198,4,0,4
2200,kitti_002199,KITTI,train,002199,1,0,1
2201,kitti_002200,KITTI,train,002200,2,0,2
2202,kitti_002201,KITTI,train,002201,0,0,0
2203,kitti_002202,KITTI,val,002202,1,0,1
2204,kitti_002203,KITTI,train,002203,3,0,3
2205,kitti_002204,KITTI,val,002204,0,0,0
2206,kitti_002205,KITTI,val,002205,2,0,2
2207,kitti_002206,KITTI,train,002206,2,0,2
2208,kitti_002207,KITTI,train,002207,0,0,0
2209,kitti_002208,KITTI,train,002208,4,0,4
2210,kitti_002209,KITTI,val,002209,2,0,2
2211,kitti_002210,KITTI,train,002210,2,0,2
2212,kitti_002211,KITTI,train,002211,0,0,0
2213,kitti_002212,KITTI,train,002212,3,0,3
2214,kitti_002213,KITTI,train,002213,1,1,2
2215,kitti_002214,KITTI,train,002214,0,0,0
2216,kitti_002215,KITTI,train,002215,0,0,0
2217,kitti_002216,KITTI,val,002216,1,0,1
2218,kitti_002217,KITTI,val,002217,1,5,6
2219,kitti_002218,KITTI,train,002218,2,0,2
2220,kitti_002219,KITTI,train,002219,1,0,1
2221,kitti_002220,KITTI,train,002220,2,0,2
2222,kitti_002221,KITTI,train,002221,3,0,3
2223,kitti_002222,KITTI,train,002222,1,0,1
2224,kitti_002223,KITTI,train,002223,2,0,2
2225,kitti_002224,KITTI,train,002224,1,0,1
2226,kitti_002225,KITTI,train,002225,2,0,2
2227,kitti_002226,KITTI,val,002226,0,0,0
2228,kitti_002227,KITTI,train,002227,4,0,4
2229,kitti_002228,KITTI,train,002228,2,0,2
2230,kitti_002229,KITTI,train,002229,2,0,2
2231,kitti_002230,KITTI,train,002230,2,0,2
2232,kitti_002231,KITTI,train,002231,1,1,2
2233,kitti_002232,KITTI,train,002232,2,0,2
2234,kitti_002233,KITTI,train,002233,1,0,1
2235,kitti_002234,KITTI,train,002234,1,0,1
2236,kitti_002235,KITTI,train,002235,3,0,3
2237,kitti_002236,KITTI,train,002236,0,0,0
2238,kitti_002237,KITTI,train,002237,0,1,1
2239,kitti_002238,KITTI,val,002238,1,0,1
2240,kitti_002239,KITTI,train,002239,2,0,2
2241,kitti_002240,KITTI,train,002240,4,0,4
2242,kitti_002241,KITTI,train,002241,3,0,3
2243,kitti_002242,KITTI,train,002242,0,0,0
2244,kitti_002243,KITTI,train,002243,3,1,4
2245,kitti_002244,KITTI,train,002244,0,0,0
2246,kitti_002245,KITTI,val,002245,7,0,7
2247,kitti_002246,KITTI,val,002246,0,1,1
2248,kitti_002247,KITTI,train,002247,0,0,0
2249,kitti_002248,KITTI,train,002248,3,1,4
2250,kitti_002249,KITTI,train,002249,0,0,0
2251,kitti_002250,KITTI,val,002250,1,0,1
2252,kitti_002251,KITTI,val,002251,0,0,0
2253,kitti_002252,KITTI,train,002252,1,0,1
2254,kitti_002253,KITTI,train,002253,2,1,3
2255,kitti_002254,KITTI,train,002254,1,0,1
2256,kitti_002255,KITTI,train,002255,1,0,1
2257,kitti_002256,KITTI,val,002256,0,0,0
2258,kitti_002257,KITTI,train,002257,1,0,1
2259,kitti_002258,KITTI,train,002258,3,0,3
2260,kitti_002259,KITTI,train,002259,4,0,4
2261,kitti_002260,KITTI,train,002260,0,2,2
2262,kitti_002261,KITTI,train,002261,3,0,3
2263,kitti_002262,KITTI,train,002262,1,0,1
2264,kitti_002263,KITTI,train,002263,4,0,4
2265,kitti_002264,KITTI,train,002264,6,0,6
2266,kitti_002265,KITTI,train,002265,1,1,2
2267,kitti_002266,KITTI,train,002266,3,0,3
2268,kitti_002267,KITTI,train,002267,0,0,0
2269,kitti_002268,KITTI,train,002268,4,1,5
2270,kitti_002269,KITTI,train,002269,1,0,1
2271,kitti_002270,KITTI,train,002270,1,0,1
2272,kitti_002271,KITTI,train,002271,0,0,0
2273,kitti_002272,KITTI,train,002272,2,0,2
2274,kitti_002273,KITTI,train,002273,6,0,6
2275,kitti_002274,KITTI,train,002274,1,0,1
2276,kitti_002275,KITTI,train,002275,1,0,1
2277,kitti_002276,KITTI,train,002276,1,0,1
2278,kitti_002277,KITTI,train,002277,2,0,2
2279,kitti_002278,KITTI,val,002278,2,0,2
2280,kitti_002279,KITTI,train,002279,5,0,5
2281,kitti_002280,KITTI,train,002280,4,0,4
2282,kitti_002281,KITTI,val,002281,2,0,2
2283,kitti_002282,KITTI,train,002282,2,0,2
2284,kitti_002283,KITTI,train,002283,7,0,7
2285,kitti_002284,KITTI,train,002284,4,0,4
2286,kitti_002285,KITTI,val,002285,1,0,1
2287,kitti_002286,KITTI,train,002286,3,1,4
2288,kitti_002287,KITTI,train,002287,0,0,0
2289,kitti_002288,KITTI,train,002288,4,0,4
2290,kitti_002289,KITTI,train,002289,3,0,3
2291,kitti_002290,KITTI,train,002290,1,0,1
2292,kitti_002291,KITTI,val,002291,0,0,0
2293,kitti_002292,KITTI,val,002292,5,0,5
2294,kitti_002293,KITTI,train,002293,1,2,3
2295,kitti_002294,KITTI,train,002294,1,0,1
2296,kitti_002295,KITTI,train,002295,1,1,2
2297,kitti_002296,KITTI,train,002296,4,0,4
2298,kitti_002297,KITTI,val,002297,3,0,3
2299,kitti_002298,KITTI,train,002298,4,0,4
2300,kitti_002299,KITTI,train,002299,0,0,0
2301,kitti_002300,KITTI,train,002300,1,0,1
2302,kitti_002301,KITTI,val,002301,0,1,1
2303,kitti_002302,KITTI,train,002302,1,0,1
2304,kitti_002303,KITTI,val,002303,2,0,2
2305,kitti_002304,KITTI,val,002304,4,0,4
2306,kitti_002305,KITTI,val,002305,3,0,3
2307,kitti_002306,KITTI,train,002306,1,1,2
2308,kitti_002307,KITTI,train,002307,5,0,5
2309,kitti_002308,KITTI,train,002308,4,0,4
2310,kitti_002309,KITTI,train,002309,0,4,4
2311,kitti_002310,KITTI,train,002310,0,0,0
2312,kitti_002311,KITTI,val,002311,2,0,2
2313,kitti_002312,KITTI,val,002312,1,0,1
2314,kitti_002313,KITTI,train,002313,5,0,5
2315,kitti_002314,KITTI,train,002314,1,1,2
2316,kitti_002315,KITTI,train,002315,1,0,1
2317,kitti_002316,KITTI,train,002316,1,1,2
2318,kitti_002317,KITTI,val,002317,2,0,2
2319,kitti_002318,KITTI,train,002318,1,0,1
2320,kitti_002319,KITTI,train,002319,1,0,1
2321,kitti_002320,KITTI,train,002320,1,0,1
2322,kitti_002321,KITTI,train,002321,5,0,5
2323,kitti_002322,KITTI,train,002322,6,0,6
2324,kitti_002323,KITTI,train,002323,5,0,5
2325,kitti_002324,KITTI,train,002324,0,0,0
2326,kitti_002325,KITTI,val,002325,1,1,2
2327,kitti_002326,KITTI,val,002326,4,0,4
2328,kitti_002327,KITTI,train,002327,1,0,1
2329,kitti_002328,KITTI,train,002328,2,0,2
2330,kitti_002329,KITTI,train,002329,2,0,2
2331,kitti_002330,KITTI,train,002330,3,0,3
2332,kitti_002331,KITTI,train,002331,7,1,8
2333,kitti_002332,KITTI,train,002332,3,0,3
2334,kitti_002333,KITTI,train,002333,1,0,1
2335,kitti_002334,KITTI,val,002334,0,0,0
2336,kitti_002335,KITTI,train,002335,3,1,4
2337,kitti_002336,KITTI,val,002336,2,0,2
2338,kitti_002337,KITTI,train,002337,2,0,2
2339,kitti_002338,KITTI,train,002338,2,0,2
2340,kitti_002339,KITTI,train,002339,1,0,1
2341,kitti_002340,KITTI,train,002340,1,0,1
2342,kitti_002341,KITTI,train,002341,1,1,2
2343,kitti_002342,KITTI,train,002342,0,0,0
2344,kitti_002343,KITTI,train,002343,1,0,1
2345,kitti_002344,KITTI,train,002344,4,1,5
2346,kitti_002345,KITTI,train,002345,2,1,3
2347,kitti_002346,KITTI,train,002346,2,0,2
2348,kitti_002347,KITTI,train,002347,0,0,0
2349,kitti_002348,KITTI,train,002348,1,1,2
2350,kitti_002349,KITTI,train,002349,3,0,3
2351,kitti_002350,KITTI,val,002350,1,0,1
2352,kitti_002351,KITTI,val,002351,5,0,5
2353,kitti_002352,KITTI,train,002352,4,1,5
2354,kitti_002353,KITTI,train,002353,2,0,2
2355,kitti_002354,KITTI,val,002354,4,0,4
2356,kitti_002355,KITTI,train,002355,3,0,3
2357,kitti_002356,KITTI,train,002356,3,0,3
2358,kitti_002357,KITTI,train,002357,1,0,1
2359,kitti_002358,KITTI,train,002358,5,0,5
2360,kitti_002359,KITTI,train,002359,1,0,1
2361,kitti_002360,KITTI,train,002360,0,0,0
2362,kitti_002361,KITTI,train,002361,2,0,2
2363,kitti_002362,KITTI,train,002362,3,0,3
2364,kitti_002363,KITTI,val,002363,1,0,1
2365,kitti_002364,KITTI,train,002364,2,1,3
2366,kitti_002365,KITTI,train,002365,1,0,1
2367,kitti_002366,KITTI,train,002366,1,0,1
2368,kitti_002367,KITTI,train,002367,3,1,4
2369,kitti_002368,KITTI,train,002368,0,0,0
2370,kitti_002369,KITTI,train,002369,5,0,5
2371,kitti_002370,KITTI,train,002370,3,0,3
2372,kitti_002371,KITTI,train,002371,5,1,6
2373,kitti_002372,KITTI,val,002372,1,1,2
2374,kitti_002373,KITTI,val,002373,1,0,1
2375,kitti_002374,KITTI,train,002374,0,0,0
2376,kitti_002375,KITTI,train,002375,1,0,1
2377,kitti_002376,KITTI,train,002376,2,0,2
2378,kitti_002377,KITTI,train,002377,3,0,3
2379,kitti_002378,KITTI,val,002378,2,0,2
2380,kitti_002379,KITTI,train,002379,4,0,4
2381,kitti_002380,KITTI,train,002380,1,1,2
2382,kitti_002381,KITTI,train,002381,3,1,4
2383,kitti_002382,KITTI,train,002382,0,0,0
2384,kitti_002383,KITTI,train,002383,1,0,1
2385,kitti_002384,KITTI,val,002384,1,1,2
2386,kitti_002385,KITTI,train,002385,2,0,2
2387,kitti_002386,KITTI,train,002386,3,0,3
2388,kitti_002387,KITTI,train,002387,0,1,1
2389,kitti_002388,KITTI,val,002388,1,0,1
2390,kitti_002389,KITTI,train,002389,3,0,3
2391,kitti_002390,KITTI,val,002390,7,0,7
2392,kitti_002391,KITTI,train,002391,3,1,4
2393,kitti_002392,KITTI,val,002392,1,0,1
2394,kitti_002393,KITTI,val,002393,2,0,2
2395,kitti_002394,KITTI,val,002394,3,0,3
2396,kitti_002395,KITTI,train,002395,2,0,2
2397,kitti_002396,KITTI,val,002396,1,0,1
2398,kitti_002397,KITTI,train,002397,0,2,2
2399,kitti_002398,KITTI,train,002398,3,0,3
2400,kitti_002399,KITTI,train,002399,3,0,3
2401,kitti_002400,KITTI,train,002400,3,1,4
2402,kitti_002401,KITTI,train,002401,0,0,0
2403,kitti_002402,KITTI,train,002402,0,0,0
2404,kitti_002403,KITTI,train,002403,0,0,0
2405,kitti_002404,KITTI,val,002404,1,0,1
2406,kitti_002405,KITTI,train,002405,2,0,2
2407,kitti_002406,KITTI,train,002406,2,0,2
2408,kitti_002407,KITTI,train,002407,0,0,0
2409,kitti_002408,KITTI,train,002408,0,0,0
2410,kitti_002409,KITTI,train,002409,0,1,1
2411,kitti_002410,KITTI,train,002410,0,0,0
2412,kitti_002411,KITTI,train,002411,1,0,1
2413,kitti_002412,KITTI,train,002412,0,0,0
2414,kitti_002413,KITTI,train,002413,2,0,2
2415,kitti_002414,KITTI,train,002414,2,0,2
2416,kitti_002415,KITTI,val,002415,0,0,0
2417,kitti_002416,KITTI,train,002416,1,0,1
2418,kitti_002417,KITTI,train,002417,0,0,0
2419,kitti_002418,KITTI,train,002418,3,0,3
2420,kitti_002419,KITTI,train,002419,1,0,1
2421,kitti_002420,KITTI,train,002420,1,0,1
2422,kitti_002421,KITTI,train,002421,1,0,1
2423,kitti_002422,KITTI,train,002422,0,0,0
2424,kitti_002423,KITTI,train,002423,1,0,1
2425,kitti_002424,KITTI,val,002424,0,0,0
2426,kitti_002425,KITTI,train,002425,3,1,4
2427,kitti_002426,KITTI,train,002426,2,0,2
2428,kitti_002427,KITTI,train,002427,2,0,2
2429,kitti_002428,KITTI,train,002428,2,0,2
2430,kitti_002429,KITTI,train,002429,0,0,0
2431,kitti_002430,KITTI,train,002430,1,0,1
2432,kitti_002431,KITTI,train,002431,1,0,1
2433,kitti_002432,KITTI,train,002432,3,0,3
2434,kitti_002433,KITTI,train,002433,3,0,3
2435,kitti_002434,KITTI,val,002434,2,0,2
2436,kitti_002435,KITTI,train,002435,2,0,2
2437,kitti_002436,KITTI,train,002436,2,1,3
2438,kitti_002437,KITTI,val,002437,0,0,0
2439,kitti_002438,KITTI,train,002438,1,1,2
2440,kitti_002439,KITTI,val,002439,1,0,1
2441,kitti_002440,KITTI,train,002440,1,0,1
2442,kitti_002441,KITTI,train,002441,2,0,2
2443,kitti_002442,KITTI,train,002442,1,0,1
2444,kitti_002443,KITTI,train,002443,3,0,3
2445,kitti_002444,KITTI,val,002444,1,0,1
2446,kitti_002445,KITTI,train,002445,0,0,0
2447,kitti_002446,KITTI,train,002446,3,0,3
2448,kitti_002447,KITTI,val,002447,1,0,1
2449,kitti_002448,KITTI,train,002448,2,0,2
2450,kitti_002449,KITTI,train,002449,0,2,2
2451,kitti_002450,KITTI,train,002450,1,0,1
2452,kitti_002451,KITTI,train,002451,1,0,1
2453,kitti_002452,KITTI,train,002452,1,0,1
2454,kitti_002453,KITTI,train,002453,3,0,3
2455,kitti_002454,KITTI,train,002454,3,1,4
2456,kitti_002455,KITTI,train,002455,1,0,1
2457,kitti_002456,KITTI,val,002456,0,0,0
2458,kitti_002457,KITTI,train,002457,1,0,1
2459,kitti_002458,KITTI,train,002458,1,0,1
2460,kitti_002459,KITTI,train,002459,0,2,2
2461,kitti_002460,KITTI,train,002460,1,0,1
2462,kitti_002461,KITTI,train,002461,1,1,2
2463,kitti_002462,KITTI,val,002462,1,0,1
2464,kitti_002463,KITTI,val,002463,2,0,2
2465,kitti_002464,KITTI,train,002464,1,3,4
2466,kitti_002465,KITTI,train,002465,1,0,1
2467,kitti_002466,KITTI,train,002466,5,0,5
2468,kitti_002467,KITTI,val,002467,1,0,1
2469,kitti_002468,KITTI,train,002468,3,0,3
2470,kitti_002469,KITTI,train,002469,0,0,0
2471,kitti_002470,KITTI,val,002470,1,0,1
2472,kitti_002471,KITTI,train,002471,2,0,2
2473,kitti_002472,KITTI,train,002472,2,0,2
2474,kitti_002473,KITTI,train,002473,3,0,3
2475,kitti_002474,KITTI,val,002474,4,0,4
2476,kitti_002475,KITTI,train,002475,1,0,1
2477,kitti_002476,KITTI,train,002476,1,0,1
2478,kitti_002477,KITTI,train,002477,1,1,2
2479,kitti_002478,KITTI,train,002478,0,0,0
2480,kitti_002479,KITTI,train,002479,2,0,2
2481,kitti_002480,KITTI,train,002480,2,0,2
2482,kitti_002481,KITTI,train,002481,2,1,3
2483,kitti_002482,KITTI,train,002482,1,0,1
2484,kitti_002483,KITTI,train,002483,1,0,1
2485,kitti_002484,KITTI,train,002484,0,0,0
2486,kitti_002485,KITTI,val,002485,0,0,0
2487,kitti_002486,KITTI,train,002486,1,0,1
2488,kitti_002487,KITTI,train,002487,3,0,3
2489,kitti_002488,KITTI,train,002488,1,0,1
2490,kitti_002489,KITTI,train,002489,1,0,1
2491,kitti_002490,KITTI,train,002490,1,0,1
2492,kitti_002491,KITTI,val,002491,0,0,0
2493,kitti_002492,KITTI,train,002492,0,2,2
2494,kitti_002493,KITTI,train,002493,0,0,0
2495,kitti_002494,KITTI,val,002494,4,0,4
2496,kitti_002495,KITTI,train,002495,2,1,3
2497,kitti_002496,KITTI,train,002496,5,0,5
2498,kitti_002497,KITTI,train,002497,2,0,2
2499,kitti_002498,KITTI,train,002498,1,0,1
2500,kitti_002499,KITTI,train,002499,1,0,1
2501,kitti_002500,KITTI,train,002500,0,0,0
2502,kitti_002501,KITTI,train,002501,2,0,2
2503,kitti_002502,KITTI,train,002502,1,0,1
2504,kitti_002503,KITTI,train,002503,1,0,1
2505,kitti_002504,KITTI,val,002504,1,1,2
2506,kitti_002505,KITTI,train,002505,0,0,0
2507,kitti_002506,KITTI,train,002506,0,0,0
2508,kitti_002507,KITTI,train,002507,0,0,0
2509,kitti_002508,KITTI,val,002508,1,0,1
2510,kitti_002509,KITTI,train,002509,1,0,1
2511,kitti_002510,KITTI,val,002510,1,0,1
2512,kitti_002511,KITTI,train,002511,2,0,2
2513,kitti_002512,KITTI,train,002512,0,0,0
2514,kitti_002513,KITTI,train,002513,2,0,2
2515,kitti_002514,KITTI,train,002514,0,0,0
2516,kitti_002515,KITTI,train,002515,0,0,0
2517,kitti_002516,KITTI,val,002516,0,0,0
2518,kitti_002517,KITTI,train,002517,1,0,1
2519,kitti_002518,KITTI,val,002518,0,0,0
2520,kitti_002519,KITTI,val,002519,4,0,4
2521,kitti_002520,KITTI,train,002520,1,0,1
2522,kitti_002521,KITTI,train,002521,3,0,3
2523,kitti_002522,KITTI,train,002522,2,0,2
2524,kitti_002523,KITTI,train,002523,2,0,2
2525,kitti_002524,KITTI,train,002524,1,0,1
2526,kitti_002525,KITTI,train,002525,1,1,2
2527,kitti_002526,KITTI,train,002526,2,0,2
2528,kitti_002527,KITTI,train,002527,0,0,0
2529,kitti_002528,KITTI,train,002528,0,0,0
2530,kitti_002529,KITTI,train,002529,0,0,0
2531,kitti_002530,KITTI,train,002530,0,0,0
2532,kitti_002531,KITTI,train,002531,4,0,4
2533,kitti_002532,KITTI,val,002532,3,0,3
2534,kitti_002533,KITTI,train,002533,3,0,3
2535,kitti_002534,KITTI,train,002534,1,0,1
2536,kitti_002535,KITTI,train,002535,1,0,1
2537,kitti_002536,KITTI,val,002536,4,0,4
2538,kitti_002537,KITTI,val,002537,1,1,2
2539,kitti_002538,KITTI,train,002538,1,1,2
2540,kitti_002539,KITTI,val,002539,0,0,0
2541,kitti_002540,KITTI,train,002540,1,2,3
2542,kitti_002541,KITTI,train,002541,1,0,1
2543,kitti_002542,KITTI,val,002542,0,0,0
2544,kitti_002543,KITTI,train,002543,1,0,1
2545,kitti_002544,KITTI,val,002544,4,0,4
2546,kitti_002545,KITTI,train,002545,0,0,0
2547,kitti_002546,KITTI,train,002546,3,0,3
2548,kitti_002547,KITTI,train,002547,4,1,5
2549,kitti_002548,KITTI,train,002548,0,3,3
2550,kitti_002549,KITTI,train,002549,1,3,4
2551,kitti_002550,KITTI,train,002550,0,0,0
2552,kitti_002551,KITTI,train,002551,2,0,2
2553,kitti_002552,KITTI,train,002552,0,2,2
2554,kitti_002553,KITTI,train,002553,1,0,1
2555,kitti_002554,KITTI,train,002554,0,0,0
2556,kitti_002555,KITTI,val,002555,1,0,1
2557,kitti_002556,KITTI,val,002556,5,0,5
2558,kitti_002557,KITTI,train,002557,4,1,5
2559,kitti_002558,KITTI,val,002558,2,1,3
2560,kitti_002559,KITTI,train,002559,1,0,1
2561,kitti_002560,KITTI,train,002560,0,0,0
2562,kitti_002561,KITTI,train,002561,2,0,2
2563,kitti_002562,KITTI,train,002562,1,0,1
2564,kitti_002563,KITTI,val,002563,1,0,1
2565,kitti_002564,KITTI,train,002564,1,0,1
2566,kitti_002565,KITTI,train,002565,2,0,2
2567,kitti_002566,KITTI,train,002566,1,0,1
2568,kitti_002567,KITTI,train,002567,2,0,2
2569,kitti_002568,KITTI,train,002568,4,0,4
2570,kitti_002569,KITTI,train,002569,3,0,3
2571,kitti_002570,KITTI,train,002570,0,0,0
2572,kitti_002571,KITTI,train,002571,2,0,2
2573,kitti_002572,KITTI,train,002572,0,1,1
2574,kitti_002573,KITTI,train,002573,1,0,1
2575,kitti_002574,KITTI,train,002574,5,0,5
2576,kitti_002575,KITTI,train,002575,1,1,2
2577,kitti_002576,KITTI,train,002576,2,0,2
2578,kitti_002577,KITTI,train,002577,3,0,3
2579,kitti_002578,KITTI,train,002578,1,0,1
2580,kitti_002579,KITTI,train,002579,3,0,3
2581,kitti_002580,KITTI,val,002580,1,0,1
2582,kitti_002581,KITTI,train,002581,0,0,0
2583,kitti_002582,KITTI,train,002582,0,0,0
2584,kitti_002583,KITTI,val,002583,3,0,3
2585,kitti_002584,KITTI,train,002584,0,2,2
2586,kitti_002585,KITTI,train,002585,1,0,1
2587,kitti_002586,KITTI,val,002586,2,0,2
2588,kitti_002587,KITTI,val,002587,2,0,2
2589,kitti_002588,KITTI,train,002588,1,0,1
2590,kitti_002589,KITTI,train,002589,4,0,4
2591,kitti_002590,KITTI,train,002590,0,0,0
2592,kitti_002591,KITTI,train,002591,0,0,0
2593,kitti_002592,KITTI,train,002592,0,0,0
2594,kitti_002593,KITTI,train,002593,3,0,3
2595,kitti_002594,KITTI,train,002594,1,1,2
2596,kitti_002595,KITTI,train,002595,1,0,1
2597,kitti_002596,KITTI,val,002596,5,1,6
2598,kitti_002597,KITTI,train,002597,0,0,0
2599,kitti_002598,KITTI,train,002598,5,0,5
2600,kitti_002599,KITTI,train,002599,0,0,0
2601,kitti_002600,KITTI,train,002600,1,0,1
2602,kitti_002601,KITTI,train,002601,1,5,6
2603,kitti_002602,KITTI,val,002602,1,0,1
2604,kitti_002603,KITTI,train,002603,3,0,3
2605,kitti_002604,KITTI,train,002604,0,2,2
2606,kitti_002605,KITTI,val,002605,4,0,4
2607,kitti_002606,KITTI,train,002606,1,0,1
2608,kitti_002607,KITTI,train,002607,3,0,3
2609,kitti_002608,KITTI,train,002608,0,0,0
2610,kitti_002609,KITTI,val,002609,3,0,3
2611,kitti_002610,KITTI,train,002610,0,0,0
2612,kitti_002611,KITTI,val,002611,3,1,4
2613,kitti_002612,KITTI,train,002612,1,0,1
2614,kitti_002613,KITTI,train,002613,0,5,5
2615,kitti_002614,KITTI,train,002614,7,1,8
2616,kitti_002615,KITTI,train,002615,2,0,2
2617,kitti_002616,KITTI,train,002616,3,0,3
2618,kitti_002617,KITTI,train,002617,0,0,0
2619,kitti_002618,KITTI,train,002618,0,0,0
2620,kitti_002619,KITTI,train,002619,4,1,5
2621,kitti_002620,KITTI,train,002620,1,0,1
2622,kitti_002621,KITTI,train,002621,1,0,1
2623,kitti_002622,KITTI,val,002622,2,0,2
2624,kitti_002623,KITTI,train,002623,2,0,2
2625,kitti_002624,KITTI,train,002624,1,0,1
2626,kitti_002625,KITTI,train,002625,2,0,2
2627,kitti_002626,KITTI,val,002626,5,0,5
2628,kitti_002627,KITTI,train,002627,1,0,1
2629,kitti_002628,KITTI,val,002628,1,0,1
2630,kitti_002629,KITTI,train,002629,1,3,4
2631,kitti_002630,KITTI,train,002630,3,0,3
2632,kitti_002631,KITTI,train,002631,1,0,1
2633,kitti_002632,KITTI,val,002632,1,0,1
2634,kitti_002633,KITTI,train,002633,1,0,1
2635,kitti_002634,KITTI,train,002634,5,0,5
2636,kitti_002635,KITTI,train,002635,1,0,1
2637,kitti_002636,KITTI,train,002636,0,0,0
2638,kitti_002637,KITTI,train,002637,3,0,3
2639,kitti_002638,KITTI,val,002638,1,0,1
2640,kitti_002639,KITTI,train,002639,2,0,2
2641,kitti_002640,KITTI,train,002640,1,0,1
2642,kitti_002641,KITTI,train,002641,2,0,2
2643,kitti_002642,KITTI,train,002642,0,0,0
2644,kitti_002643,KITTI,train,002643,0,0,0
2645,kitti_002644,KITTI,val,002644,0,1,1
2646,kitti_002645,KITTI,train,002645,5,0,5
2647,kitti_002646,KITTI,train,002646,2,0,2
2648,kitti_002647,KITTI,train,002647,0,0,0
2649,kitti_002648,KITTI,val,002648,1,0,1
2650,kitti_002649,KITTI,train,002649,4,0,4
2651,kitti_002650,KITTI,train,002650,0,5,5
2652,kitti_002651,KITTI,train,002651,0,0,0
2653,kitti_002652,KITTI,train,002652,0,0,0
2654,kitti_002653,KITTI,train,002653,1,0,1
2655,kitti_002654,KITTI,train,002654,5,0,5
2656,kitti_002655,KITTI,train,002655,1,0,1
2657,kitti_002656,KITTI,train,002656,2,0,2
2658,kitti_002657,KITTI,train,002657,0,1,1
2659,kitti_002658,KITTI,train,002658,0,0,0
2660,kitti_002659,KITTI,train,002659,0,0,0
2661,kitti_002660,KITTI,train,002660,3,0,3
2662,kitti_002661,KITTI,train,002661,2,0,2
2663,kitti_002662,KITTI,train,002662,1,0,1
2664,kitti_002663,KITTI,train,002663,3,0,3
2665,kitti_002664,KITTI,val,002664,2,0,2
2666,kitti_002665,KITTI,train,002665,1,0,1
2667,kitti_002666,KITTI,val,002666,4,0,4
2668,kitti_002667,KITTI,train,002667,2,0,2
2669,kitti_002668,KITTI,train,002668,5,0,5
2670,kitti_002669,KITTI,train,002669,1,0,1
2671,kitti_002670,KITTI,train,002670,1,0,1
2672,kitti_002671,KITTI,train,002671,0,0,0
2673,kitti_002672,KITTI,train,002672,0,0,0
2674,kitti_002673,KITTI,train,002673,0,0,0
2675,kitti_002674,KITTI,train,002674,1,0,1
2676,kitti_002675,KITTI,train,002675,3,0,3
2677,kitti_002676,KITTI,train,002676,3,0,3
2678,kitti_002677,KITTI,val,002677,1,0,1
2679,kitti_002678,KITTI,train,002678,1,0,1
2680,kitti_002679,KITTI,train,002679,0,2,2
2681,kitti_002680,KITTI,train,002680,0,0,0
2682,kitti_002681,KITTI,val,002681,4,0,4
2683,kitti_002682,KITTI,train,002682,2,0,2
2684,kitti_002683,KITTI,train,002683,1,0,1
2685,kitti_002684,KITTI,val,002684,1,0,1
2686,kitti_002685,KITTI,val,002685,3,0,3
2687,kitti_002686,KITTI,train,002686,1,0,1
2688,kitti_002687,KITTI,val,002687,4,1,5
2689,kitti_002688,KITTI,val,002688,2,0,2
2690,kitti_002689,KITTI,train,002689,0,0,0
2691,kitti_002690,KITTI,train,002690,3,0,3
2692,kitti_002691,KITTI,val,002691,2,0,2
2693,kitti_002692,KITTI,train,002692,0,0,0
2694,kitti_002693,KITTI,train,002693,0,0,0
2695,kitti_002694,KITTI,train,002694,5,0,5
2696,kitti_002695,KITTI,train,002695,0,1,1
2697,kitti_002696,KITTI,train,002696,1,0,1
2698,kitti_002697,KITTI,train,002697,0,0,0
2699,kitti_002698,KITTI,train,002698,1,0,1
2700,kitti_002699,KITTI,train,002699,4,0,4
2701,kitti_002700,KITTI,train,002700,1,0,1
2702,kitti_002701,KITTI,train,002701,2,0,2
2703,kitti_002702,KITTI,val,002702,2,0,2
2704,kitti_002703,KITTI,train,002703,0,1,1
2705,kitti_002704,KITTI,train,002704,2,0,2
2706,kitti_002705,KITTI,val,002705,4,0,4
2707,kitti_002706,KITTI,train,002706,2,0,2
2708,kitti_002707,KITTI,train,002707,2,0,2
2709,kitti_002708,KITTI,train,002708,0,0,0
2710,kitti_002709,KITTI,train,002709,1,0,1
2711,kitti_002710,KITTI,train,002710,4,0,4
2712,kitti_002711,KITTI,train,002711,1,2,3
2713,kitti_002712,KITTI,train,002712,2,0,2
2714,kitti_002713,KITTI,val,002713,3,0,3
2715,kitti_002714,KITTI,train,002714,2,0,2
2716,kitti_002715,KITTI,train,002715,6,0,6
2717,kitti_002716,KITTI,train,002716,4,0,4
2718,kitti_002717,KITTI,val,002717,1,0,1
2719,kitti_002718,KITTI,train,002718,0,0,0
2720,kitti_002719,KITTI,train,002719,0,0,0
2721,kitti_002720,KITTI,train,002720,1,0,1
2722,kitti_002721,KITTI,train,002721,3,0,3
2723,kitti_002722,KITTI,val,002722,1,0,1
2724,kitti_002723,KITTI,train,002723,2,0,2
2725,kitti_002724,KITTI,train,002724,2,0,2
2726,kitti_002725,KITTI,train,002725,2,0,2
2727,kitti_002726,KITTI,train,002726,1,0,1
2728,kitti_002727,KITTI,val,002727,1,0,1
2729,kitti_002728,KITTI,train,002728,1,0,1
2730,kitti_002729,KITTI,val,002729,0,0,0
2731,kitti_002730,KITTI,train,002730,1,0,1
2732,kitti_002731,KITTI,train,002731,0,0,0
2733,kitti_002732,KITTI,val,002732,1,0,1
2734,kitti_002733,KITTI,val,002733,3,0,3
2735,kitti_002734,KITTI,train,002734,0,1,1
2736,kitti_002735,KITTI,train,002735,0,0,0
2737,kitti_002736,KITTI,train,002736,0,0,0
2738,kitti_002737,KITTI,train,002737,2,5,7
2739,kitti_002738,KITTI,train,002738,3,0,3
2740,kitti_002739,KITTI,val,002739,0,0,0
2741,kitti_002740,KITTI,train,002740,2,0,2
2742,kitti_002741,KITTI,val,002741,1,0,1
2743,kitti_002742,KITTI,train,002742,2,0,2
2744,kitti_002743,KITTI,train,002743,2,0,2
2745,kitti_002744,KITTI,val,002744,3,0,3
2746,kitti_002745,KITTI,train,002745,3,0,3
2747,kitti_002746,KITTI,train,002746,2,0,2
2748,kitti_002747,KITTI,train,002747,3,0,3
2749,kitti_002748,KITTI,val,002748,2,1,3
2750,kitti_002749,KITTI,val,002749,1,1,2
2751,kitti_002750,KITTI,train,002750,0,0,0
2752,kitti_002751,KITTI,val,002751,0,0,0
2753,kitti_002752,KITTI,train,002752,0,1,1
2754,kitti_002753,KITTI,train,002753,3,0,3
2755,kitti_002754,KITTI,train,002754,2,0,2
2756,kitti_002755,KITTI,train,002755,1,2,3
2757,kitti_002756,KITTI,val,002756,0,0,0
2758,kitti_002757,KITTI,train,002757,0,0,0
2759,kitti_002758,KITTI,train,002758,0,0,0
2760,kitti_002759,KITTI,val,002759,1,0,1
2761,kitti_002760,KITTI,train,002760,2,1,3
2762,kitti_002761,KITTI,train,002761,1,0,1
2763,kitti_002762,KITTI,train,002762,0,0,0
2764,kitti_002763,KITTI,train,002763,0,0,0
2765,kitti_002764,KITTI,train,002764,1,0,1
2766,kitti_002765,KITTI,train,002765,3,0,3
2767,kitti_002766,KITTI,val,002766,1,0,1
2768,kitti_002767,KITTI,val,002767,0,0,0
2769,kitti_002768,KITTI,train,002768,1,0,1
2770,kitti_002769,KITTI,val,002769,0,0,0
2771,kitti_002770,KITTI,train,002770,1,0,1
2772,kitti_002771,KITTI,train,002771,2,0,2
2773,kitti_002772,KITTI,train,002772,2,0,2
2774,kitti_002773,KITTI,train,002773,1,0,1
2775,kitti_002774,KITTI,train,002774,2,0,2
2776,kitti_002775,KITTI,train,002775,2,0,2
2777,kitti_002776,KITTI,train,002776,0,0,0
2778,kitti_002777,KITTI,val,002777,0,0,0
2779,kitti_002778,KITTI,train,002778,2,0,2
2780,kitti_002779,KITTI,train,002779,4,1,5
2781,kitti_002780,KITTI,val,002780,0,0,0
2782,kitti_002781,KITTI,val,002781,1,0,1
2783,kitti_002782,KITTI,train,002782,2,0,2
2784,kitti_002783,KITTI,train,002783,2,0,2
2785,kitti_002784,KITTI,train,002784,0,0,0
2786,kitti_002785,KITTI,val,002785,1,0,1
2787,kitti_002786,KITTI,train,002786,1,0,1
2788,kitti_002787,KITTI,train,002787,1,0,1
2789,kitti_002788,KITTI,train,002788,2,1,3
2790,kitti_002789,KITTI,val,002789,1,0,1
2791,kitti_002790,KITTI,val,002790,0,1,1
2792,kitti_002791,KITTI,train,002791,4,1,5
2793,kitti_002792,KITTI,val,002792,7,0,7
2794,kitti_002793,KITTI,train,002793,2,0,2
2795,kitti_002794,KITTI,train,002794,1,1,2
2796,kitti_002795,KITTI,train,002795,0,0,0
2797,kitti_002796,KITTI,val,002796,4,0,4
2798,kitti_002797,KITTI,train,002797,0,0,0
2799,kitti_002798,KITTI,train,002798,1,0,1
2800,kitti_002799,KITTI,val,002799,0,0,0
2801,kitti_002800,KITTI,train,002800,1,0,1
2802,kitti_002801,KITTI,val,002801,1,0,1
2803,kitti_002802,KITTI,train,002802,2,0,2
2804,kitti_002803,KITTI,train,002803,3,0,3
2805,kitti_002804,KITTI,train,002804,1,0,1
2806,kitti_002805,KITTI,train,002805,1,0,1
2807,kitti_002806,KITTI,train,002806,1,0,1
2808,kitti_002807,KITTI,train,002807,0,0,0
2809,kitti_002808,KITTI,train,002808,1,1,2
2810,kitti_002809,KITTI,train,002809,2,0,2
2811,kitti_002810,KITTI,val,002810,1,0,1
2812,kitti_002811,KITTI,train,002811,0,0,0
2813,kitti_002812,KITTI,train,002812,2,0,2
2814,kitti_002813,KITTI,train,002813,1,1,2
2815,kitti_002814,KITTI,train,002814,1,1,2
2816,kitti_002815,KITTI,train,002815,1,0,1
2817,kitti_002816,KITTI,train,002816,1,0,1
2818,kitti_002817,KITTI,train,002817,2,0,2
2819,kitti_002818,KITTI,train,002818,3,0,3
2820,kitti_002819,KITTI,train,002819,4,0,4
2821,kitti_002820,KITTI,train,002820,1,0,1
2822,kitti_002821,KITTI,train,002821,2,0,2
2823,kitti_002822,KITTI,train,002822,0,0,0
2824,kitti_002823,KITTI,train,002823,1,0,1
2825,kitti_002824,KITTI,train,002824,1,0,1
2826,kitti_002825,KITTI,train,002825,3,0,3
2827,kitti_002826,KITTI,train,002826,3,0,3
2828,kitti_002827,KITTI,train,002827,1,0,1
2829,kitti_002828,KITTI,val,002828,1,0,1
2830,kitti_002829,KITTI,train,002829,2,0,2
2831,kitti_002830,KITTI,train,002830,0,0,0
2832,kitti_002831,KITTI,train,002831,0,0,0
2833,kitti_002832,KITTI,val,002832,1,0,1
2834,kitti_002833,KITTI,val,002833,1,1,2
2835,kitti_002834,KITTI,train,002834,2,0,2
2836,kitti_002835,KITTI,train,002835,0,0,0
2837,kitti_002836,KITTI,train,002836,4,0,4
2838,kitti_002837,KITTI,train,002837,1,0,1
2839,kitti_002838,KITTI,train,002838,1,0,1
2840,kitti_002839,KITTI,train,002839,1,0,1
2841,kitti_002840,KITTI,train,002840,5,0,5
2842,kitti_002841,KITTI,train,002841,1,0,1
2843,kitti_002842,KITTI,train,002842,1,0,1
2844,kitti_002843,KITTI,train,002843,2,0,2
2845,kitti_002844,KITTI,train,002844,2,0,2
2846,kitti_002845,KITTI,train,002845,1,0,1
2847,kitti_002846,KITTI,val,002846,1,0,1
2848,kitti_002847,KITTI,train,002847,4,1,5
2849,kitti_002848,KITTI,train,002848,2,1,3
2850,kitti_002849,KITTI,train,002849,1,0,1
2851,kitti_002850,KITTI,val,002850,2,0,2
2852,kitti_002851,KITTI,train,002851,5,0,5
2853,kitti_002852,KITTI,train,002852,0,0,0
2854,kitti_002853,KITTI,train,002853,1,0,1
2855,kitti_002854,KITTI,train,002854,0,0,0
2856,kitti_002855,KITTI,val,002855,5,0,5
2857,kitti_002856,KITTI,train,002856,2,1,3
2858,kitti_002857,KITTI,train,002857,0,0,0
2859,kitti_002858,KITTI,train,002858,0,0,0
2860,kitti_002859,KITTI,train,002859,3,0,3
2861,kitti_002860,KITTI,train,002860,0,0,0
2862,kitti_002861,KITTI,val,002861,0,0,0
2863,kitti_002862,KITTI,train,002862,0,0,0
2864,kitti_002863,KITTI,train,002863,2,0,2
2865,kitti_002864,KITTI,val,002864,1,0,1
2866,kitti_002865,KITTI,train,002865,3,0,3
2867,kitti_002866,KITTI,train,002866,4,0,4
2868,kitti_002867,KITTI,train,002867,6,1,7
2869,kitti_002868,KITTI,train,002868,0,0,0
2870,kitti_002869,KITTI,train,002869,0,0,0
2871,kitti_002870,KITTI,train,002870,3,0,3
2872,kitti_002871,KITTI,train,002871,2,1,3
2873,kitti_002872,KITTI,train,002872,1,0,1
2874,kitti_002873,KITTI,train,002873,0,0,0
2875,kitti_002874,KITTI,train,002874,2,0,2
2876,kitti_002875,KITTI,train,002875,0,0,0
2877,kitti_002876,KITTI,train,002876,2,0,2
2878,kitti_002877,KITTI,train,002877,0,0,0
2879,kitti_002878,KITTI,train,002878,1,1,2
2880,kitti_002879,KITTI,train,002879,1,0,1
2881,kitti_002880,KITTI,val,002880,1,0,1
2882,kitti_002881,KITTI,train,002881,0,0,0
2883,kitti_002882,KITTI,train,002882,0,0,0
2884,kitti_002883,KITTI,val,002883,4,0,4
2885,kitti_002884,KITTI,train,002884,0,0,0
2886,kitti_002885,KITTI,train,002885,5,0,5
2887,kitti_002886,KITTI,train,002886,3,0,3
2888,kitti_002887,KITTI,train,002887,1,0,1
2889,kitti_002888,KITTI,val,002888,0,0,0
2890,kitti_002889,KITTI,train,002889,0,5,5
2891,kitti_002890,KITTI,train,002890,2,2,4
2892,kitti_002891,KITTI,train,002891,1,0,1
2893,kitti_002892,KITTI,train,002892,2,0,2
2894,kitti_002893,KITTI,val,002893,1,0,1
2895,kitti_002894,KITTI,train,002894,0,1,1
2896,kitti_002895,KITTI,train,002895,2,0,2
2897,kitti_002896,KITTI,train,002896,2,0,2
2898,kitti_002897,KITTI,train,002897,5,0,5
2899,kitti_002898,KITTI,train,002898,0,0,0
2900,kitti_002899,KITTI,train,002899,2,0,2
2901,kitti_002900,KITTI,val,002900,1,1,2
2902,kitti_002901,KITTI,train,002901,2,1,3
2903,kitti_002902,KITTI,train,002902,1,1,2
2904,kitti_002903,KITTI,train,002903,1,0,1
2905,kitti_002904,KITTI,train,002904,2,0,2
2906,kitti_002905,KITTI,val,002905,1,0,1
2907,kitti_002906,KITTI,train,002906,0,0,0
2908,kitti_002907,KITTI,val,002907,1,0,1
2909,kitti_002908,KITTI,train,002908,4,0,4
2910,kitti_002909,KITTI,train,002909,1,0,1
2911,kitti_002910,KITTI,train,002910,3,0,3
2912,kitti_002911,KITTI,train,002911,1,0,1
2913,kitti_002912,KITTI,train,002912,0,3,3
2914,kitti_002913,KITTI,train,002913,2,1,3
2915,kitti_002914,KITTI,train,002914,6,0,6
2916,kitti_002915,KITTI,train,002915,1,0,1
2917,kitti_002916,KITTI,train,002916,2,0,2
2918,kitti_002917,KITTI,train,002917,4,1,5
2919,kitti_002918,KITTI,train,002918,1,0,1
2920,kitti_002919,KITTI,val,002919,2,0,2
2921,kitti_002920,KITTI,train,002920,4,0,4
2922,kitti_002921,KITTI,train,002921,1,0,1
2923,kitti_002922,KITTI,train,002922,2,0,2
2924,kitti_002923,KITTI,train,002923,1,0,1
2925,kitti_002924,KITTI,train,002924,3,0,3
2926,kitti_002925,KITTI,train,002925,1,0,1
2927,kitti_002926,KITTI,train,002926,4,0,4
2928,kitti_002927,KITTI,val,002927,0,0,0
2929,kitti_002928,KITTI,train,002928,0,0,0
2930,kitti_002929,KITTI,train,002929,1,0,1
2931,kitti_002930,KITTI,train,002930,0,2,2
2932,kitti_002931,KITTI,train,002931,0,0,0
2933,kitti_002932,KITTI,train,002932,0,0,0
2934,kitti_002933,KITTI,train,002933,0,0,0
2935,kitti_002934,KITTI,val,002934,1,0,1
2936,kitti_002935,KITTI,train,002935,1,0,1
2937,kitti_002936,KITTI,train,002936,2,0,2
2938,kitti_002937,KITTI,train,002937,1,1,2
2939,kitti_002938,KITTI,train,002938,1,0,1
2940,kitti_002939,KITTI,train,002939,1,1,2
2941,kitti_002940,KITTI,train,002940,3,0,3
2942,kitti_002941,KITTI,val,002941,0,0,0
2943,kitti_002942,KITTI,train,002942,1,0,1
2944,kitti_002943,KITTI,train,002943,2,0,2
2945,kitti_002944,KITTI,train,002944,3,0,3
2946,kitti_002945,KITTI,train,002945,1,1,2
2947,kitti_002946,KITTI,val,002946,1,0,1
2948,kitti_002947,KITTI,train,002947,0,2,2
2949,kitti_002948,KITTI,train,002948,1,0,1
2950,kitti_002949,KITTI,train,002949,5,0,5
2951,kitti_002950,KITTI,train,002950,0,4,4
2952,kitti_002951,KITTI,train,002951,1,1,2
2953,kitti_002952,KITTI,train,002952,0,0,0
2954,kitti_002953,KITTI,train,002953,2,0,2
2955,kitti_002954,KITTI,val,002954,3,0,3
2956,kitti_002955,KITTI,train,002955,0,0,0
2957,kitti_002956,KITTI,train,002956,0,0,0
2958,kitti_002957,KITTI,train,002957,1,0,1
2959,kitti_002958,KITTI,train,002958,0,0,0
2960,kitti_002959,KITTI,train,002959,1,0,1
2961,kitti_002960,KITTI,train,002960,0,1,1
2962,kitti_002961,KITTI,train,002961,2,0,2
2963,kitti_002962,KITTI,train,002962,1,0,1
2964,kitti_002963,KITTI,train,002963,0,2,2
2965,kitti_002964,KITTI,train,002964,3,1,4
2966,kitti_002965,KITTI,train,002965,1,0,1
2967,kitti_002966,KITTI,train,002966,3,0,3
2968,kitti_002967,KITTI,train,002967,1,0,1
2969,kitti_002968,KITTI,train,002968,1,0,1
2970,kitti_002969,KITTI,train,002969,1,1,2
2971,kitti_002970,KITTI,train,002970,2,0,2
2972,kitti_002971,KITTI,train,002971,1,0,1
2973,kitti_002972,KITTI,val,002972,1,0,1
2974,kitti_002973,KITTI,train,002973,2,0,2
2975,kitti_002974,KITTI,train,002974,2,0,2
2976,kitti_002975,KITTI,train,002975,1,0,1
2977,kitti_002976,KITTI,train,002976,2,0,2
2978,kitti_002977,KITTI,train,002977,2,1,3
2979,kitti_002978,KITTI,train,002978,2,0,2
2980,kitti_002979,KITTI,train,002979,5,0,5
2981,kitti_002980,KITTI,val,002980,2,0,2
2982,kitti_002981,KITTI,train,002981,0,0,0
2983,kitti_002982,KITTI,train,002982,1,0,1
2984,kitti_002983,KITTI,val,002983,2,1,3
2985,kitti_002984,KITTI,train,002984,2,1,3
2986,kitti_002985,KITTI,train,002985,4,0,4
2987,kitti_002986,KITTI,train,002986,2,0,2
2988,kitti_002987,KITTI,train,002987,3,0,3
2989,kitti_002988,KITTI,train,002988,1,0,1
2990,kitti_002989,KITTI,val,002989,0,0,0
2991,kitti_002990,KITTI,train,002990,1,0,1
2992,kitti_002991,KITTI,train,002991,1,0,1
2993,kitti_002992,KITTI,val,002992,2,0,2
2994,kitti_002993,KITTI,train,002993,1,0,1
2995,kitti_002994,KITTI,train,002994,0,0,0
2996,kitti_002995,KITTI,val,002995,0,1,1
2997,kitti_002996,KITTI,train,002996,1,0,1
2998,kitti_002997,KITTI,train,002997,2,1,3
2999,kitti_002998,KITTI,train,002998,2,0,2
3000,kitti_002999,KITTI,val,002999,3,0,3
3001,kitti_003000,KITTI,train,003000,3,0,3
3002,kitti_003001,KITTI,train,003001,2,0,2
3003,kitti_003002,KITTI,train,003002,4,0,4
3004,kitti_003003,KITTI,train,003003,1,0,1
3005,kitti_003004,KITTI,train,003004,2,0,2
3006,kitti_003005,KITTI,train,003005,2,2,4
3007,kitti_003006,KITTI,train,003006,1,0,1
3008,kitti_003007,KITTI,train,003007,1,0,1
3009,kitti_003008,KITTI,train,003008,0,0,0
3010,kitti_003009,KITTI,train,003009,3,0,3
3011,kitti_003010,KITTI,val,003010,0,0,0
3012,kitti_003011,KITTI,train,003011,1,0,1
3013,kitti_003012,KITTI,train,003012,0,0,0
3014,kitti_003013,KITTI,train,003013,4,1,5
3015,kitti_003014,KITTI,train,003014,3,1,4
3016,kitti_003015,KITTI,train,003015,3,0,3
3017,kitti_003016,KITTI,train,003016,0,0,0
3018,kitti_003017,KITTI,val,003017,1,0,1
3019,kitti_003018,KITTI,train,003018,3,0,3
3020,kitti_003019,KITTI,train,003019,2,0,2
3021,kitti_003020,KITTI,train,003020,5,1,6
3022,kitti_003021,KITTI,train,003021,3,0,3
3023,kitti_003022,KITTI,train,003022,1,0,1
3024,kitti_003023,KITTI,val,003023,1,0,1
3025,kitti_003024,KITTI,train,003024,0,0,0
3026,kitti_003025,KITTI,train,003025,0,0,0
3027,kitti_003026,KITTI,train,003026,1,0,1
3028,kitti_003027,KITTI,train,003027,1,1,2
3029,kitti_003028,KITTI,train,003028,0,0,0
3030,kitti_003029,KITTI,val,003029,1,0,1
3031,kitti_003030,KITTI,val,003030,2,0,2
3032,kitti_003031,KITTI,train,003031,2,0,2
3033,kitti_003032,KITTI,train,003032,0,0,0
3034,kitti_003033,KITTI,train,003033,3,0,3
3035,kitti_003034,KITTI,val,003034,2,0,2
3036,kitti_003035,KITTI,train,003035,1,0,1
3037,kitti_003036,KITTI,train,003036,0,4,4
3038,kitti_003037,KITTI,train,003037,1,0,1
3039,kitti_003038,KITTI,train,003038,2,0,2
3040,kitti_003039,KITTI,val,003039,4,0,4
3041,kitti_003040,KITTI,train,003040,0,0,0
3042,kitti_003041,KITTI,train,003041,1,2,3
3043,kitti_003042,KITTI,train,003042,2,0,2
3044,kitti_003043,KITTI,train,003043,1,0,1
3045,kitti_003044,KITTI,train,003044,2,0,2
3046,kitti_003045,KITTI,train,003045,1,0,1
3047,kitti_003046,KITTI,train,003046,4,1,5
3048,kitti_003047,KITTI,train,003047,3,0,3
3049,kitti_003048,KITTI,train,003048,0,0,0
3050,kitti_003049,KITTI,train,003049,5,0,5
3051,kitti_003050,KITTI,train,003050,5,0,5
3052,kitti_003051,KITTI,train,003051,0,0,0
3053,kitti_003052,KITTI,train,003052,0,0,0
3054,kitti_003053,KITTI,train,003053,3,0,3
3055,kitti_003054,KITTI,val,003054,7,0,7
3056,kitti_003055,KITTI,train,003055,0,0,0
3057,kitti_003056,KITTI,train,003056,3,0,3
3058,kitti_003057,KITTI,val,003057,2,0,2
3059,kitti_003058,KITTI,train,003058,4,0,4
3060,kitti_003059,KITTI,train,003059,0,0,0
3061,kitti_003060,KITTI,val,003060,1,0,1
3062,kitti_003061,KITTI,train,003061,2,0,2
3063,kitti_003062,KITTI,train,003062,3,0,3
3064,kitti_003063,KITTI,train,003063,1,0,1
3065,kitti_003064,KITTI,train,003064,1,0,1
3066,kitti_003065,KITTI,train,003065,2,0,2
3067,kitti_003066,KITTI,train,003066,0,0,0
3068,kitti_003067,KITTI,train,003067,1,0,1
3069,kitti_003068,KITTI,train,003068,2,0,2
3070,kitti_003069,KITTI,train,003069,1,0,1
3071,kitti_003070,KITTI,train,003070,1,0,1
3072,kitti_003071,KITTI,train,003071,2,0,2
3073,kitti_003072,KITTI,val,003072,2,3,5
3074,kitti_003073,KITTI,val,003073,2,0,2
3075,kitti_003074,KITTI,train,003074,1,0,1
3076,kitti_003075,KITTI,train,003075,0,0,0
3077,kitti_003076,KITTI,train,003076,1,0,1
3078,kitti_003077,KITTI,train,003077,1,0,1
3079,kitti_003078,KITTI,train,003078,8,0,8
3080,kitti_003079,KITTI,train,003079,1,0,1
3081,kitti_003080,KITTI,train,003080,1,0,1
3082,kitti_003081,KITTI,train,003081,1,0,1
3083,kitti_003082,KITTI,train,003082,2,0,2
3084,kitti_003083,KITTI,train,003083,0,0,0
3085,kitti_003084,KITTI,train,003084,3,0,3
3086,kitti_003085,KITTI,val,003085,0,0,0
3087,kitti_003086,KITTI,train,003086,3,0,3
3088,kitti_003087,KITTI,train,003087,1,0,1
3089,kitti_003088,KITTI,train,003088,2,0,2
3090,kitti_003089,KITTI,train,003089,2,0,2
3091,kitti_003090,KITTI,train,003090,0,0,0
3092,kitti_003091,KITTI,train,003091,2,1,3
3093,kitti_003092,KITTI,train,003092,0,1,1
3094,kitti_003093,KITTI,train,003093,4,0,4
3095,kitti_003094,KITTI,val,003094,3,0,3
3096,kitti_003095,KITTI,train,003095,3,0,3
3097,kitti_003096,KITTI,train,003096,1,0,1
3098,kitti_003097,KITTI,train,003097,1,0,1
3099,kitti_003098,KITTI,train,003098,1,0,1
3100,kitti_003099,KITTI,val,003099,2,0,2
3101,kitti_003100,KITTI,train,003100,0,0,0
3102,kitti_003101,KITTI,train,003101,1,0,1
3103,kitti_003102,KITTI,val,003102,0,0,0
3104,kitti_003103,KITTI,train,003103,1,0,1
3105,kitti_003104,KITTI,train,003104,0,1,1
3106,kitti_003105,KITTI,train,003105,0,0,0
3107,kitti_003106,KITTI,val,003106,6,1,7
3108,kitti_003107,KITTI,train,003107,2,1,3
3109,kitti_003108,KITTI,train,003108,3,0,3
3110,kitti_003109,KITTI,train,003109,0,0,0
3111,kitti_003110,KITTI,train,003110,1,0,1
3112,kitti_003111,KITTI,train,003111,3,0,3
3113,kitti_003112,KITTI,train,003112,2,0,2
3114,kitti_003113,KITTI,val,003113,2,0,2
3115,kitti_003114,KITTI,train,003114,2,0,2
3116,kitti_003115,KITTI,train,003115,2,0,2
3117,kitti_003116,KITTI,train,003116,1,0,1
3118,kitti_003117,KITTI,train,003117,0,0,0
3119,kitti_003118,KITTI,train,003118,5,0,5
3120,kitti_003119,KITTI,train,003119,0,0,0
3121,kitti_003120,KITTI,train,003120,4,0,4
3122,kitti_003121,KITTI,train,003121,0,0,0
3123,kitti_003122,KITTI,train,003122,0,0,0
3124,kitti_003123,KITTI,val,003123,3,0,3
3125,kitti_003124,KITTI,train,003124,2,0,2
3126,kitti_003125,KITTI,train,003125,1,0,1
3127,kitti_003126,KITTI,train,003126,1,0,1
3128,kitti_003127,KITTI,train,003127,1,0,1
3129,kitti_003128,KITTI,train,003128,0,1,1
3130,kitti_003129,KITTI,train,003129,5,0,5
3131,kitti_003130,KITTI,val,003130,0,0,0
3132,kitti_003131,KITTI,val,003131,6,0,6
3133,kitti_003132,KITTI,val,003132,2,0,2
3134,kitti_003133,KITTI,train,003133,0,1,1
3135,kitti_003134,KITTI,train,003134,0,0,0
3136,kitti_003135,KITTI,val,003135,2,0,2
3137,kitti_003136,KITTI,train,003136,3,1,4
3138,kitti_003137,KITTI,val,003137,0,0,0
3139,kitti_003138,KITTI,train,003138,1,0,1
3140,kitti_003139,KITTI,train,003139,2,0,2
3141,kitti_003140,KITTI,train,003140,3,0,3
3142,kitti_003141,KITTI,train,003141,2,0,2
3143,kitti_003142,KITTI,train,003142,2,1,3
3144,kitti_003143,KITTI,train,003143,3,0,3
3145,kitti_003144,KITTI,train,003144,0,0,0
3146,kitti_003145,KITTI,train,003145,0,0,0
3147,kitti_003146,KITTI,train,003146,3,0,3
3148,kitti_003147,KITTI,train,003147,7,0,7
3149,kitti_003148,KITTI,val,003148,3,0,3
3150,kitti_003149,KITTI,train,003149,2,0,2
3151,kitti_003150,KITTI,train,003150,1,0,1
3152,kitti_003151,KITTI,train,003151,2,0,2
3153,kitti_003152,KITTI,train,003152,0,0,0
3154,kitti_003153,KITTI,train,003153,2,0,2
3155,kitti_003154,KITTI,train,003154,1,0,1
3156,kitti_003155,KITTI,val,003155,1,0,1
3157,kitti_003156,KITTI,train,003156,5,0,5
3158,kitti_003157,KITTI,train,003157,1,0,1
3159,kitti_003158,KITTI,val,003158,1,0,1
3160,kitti_003159,KITTI,val,003159,3,0,3
3161,kitti_003160,KITTI,train,003160,3,0,3
3162,kitti_003161,KITTI,train,003161,1,1,2
3163,kitti_003162,KITTI,train,003162,0,0,0
3164,kitti_003163,KITTI,val,003163,1,0,1
3165,kitti_003164,KITTI,train,003164,0,0,0
3166,kitti_003165,KITTI,train,003165,1,0,1
3167,kitti_003166,KITTI,train,003166,0,0,0
3168,kitti_003167,KITTI,val,003167,2,0,2
3169,kitti_003168,KITTI,train,003168,0,0,0
3170,kitti_003169,KITTI,train,003169,0,0,0
3171,kitti_003170,KITTI,train,003170,1,0,1
3172,kitti_003171,KITTI,train,003171,0,0,0
3173,kitti_003172,KITTI,train,003172,1,0,1
3174,kitti_003173,KITTI,train,003173,1,0,1
3175,kitti_003174,KITTI,train,003174,0,0,0
3176,kitti_003175,KITTI,train,003175,0,0,0
3177,kitti_003176,KITTI,train,003176,2,1,3
3178,kitti_003177,KITTI,train,003177,0,0,0
3179,kitti_003178,KITTI,train,003178,2,0,2
3180,kitti_003179,KITTI,train,003179,3,1,4
3181,kitti_003180,KITTI,train,003180,2,0,2
3182,kitti_003181,KITTI,train,003181,3,0,3
3183,kitti_003182,KITTI,train,003182,1,0,1
3184,kitti_003183,KITTI,train,003183,2,0,2
3185,kitti_003184,KITTI,train,003184,1,0,1
3186,kitti_003185,KITTI,train,003185,0,0,0
3187,kitti_003186,KITTI,train,003186,0,0,0
3188,kitti_003187,KITTI,train,003187,0,1,1
3189,kitti_003188,KITTI,train,003188,0,0,0
3190,kitti_003189,KITTI,train,003189,1,0,1
3191,kitti_003190,KITTI,train,003190,1,1,2
3192,kitti_003191,KITTI,train,003191,1,0,1
3193,kitti_003192,KITTI,val,003192,1,0,1
3194,kitti_003193,KITTI,train,003193,0,0,0
3195,kitti_003194,KITTI,train,003194,2,0,2
3196,kitti_003195,KITTI,train,003195,3,0,3
3197,kitti_003196,KITTI,val,003196,1,0,1
3198,kitti_003197,KITTI,train,003197,2,0,2
3199,kitti_003198,KITTI,train,003198,3,0,3
3200,kitti_003199,KITTI,train,003199,3,0,3
3201,kitti_003200,KITTI,train,003200,0,0,0
3202,kitti_003201,KITTI,train,003201,3,0,3
3203,kitti_003202,KITTI,train,003202,2,0,2
3204,kitti_003203,KITTI,train,003203,5,0,5
3205,kitti_003204,KITTI,val,003204,0,0,0
3206,kitti_003205,KITTI,train,003205,0,0,0
3207,kitti_003206,KITTI,train,003206,0,0,0
3208,kitti_003207,KITTI,val,003207,3,0,3
3209,kitti_003208,KITTI,train,003208,2,0,2
3210,kitti_003209,KITTI,train,003209,5,1,6
3211,kitti_003210,KITTI,train,003210,0,2,2
3212,kitti_003211,KITTI,train,003211,1,0,1
3213,kitti_003212,KITTI,train,003212,0,0,0
3214,kitti_003213,KITTI,train,003213,1,0,1
3215,kitti_003214,KITTI,train,003214,1,1,2
3216,kitti_003215,KITTI,train,003215,0,0,0
3217,kitti_003216,KITTI,train,003216,2,2,4
3218,kitti_003217,KITTI,train,003217,2,0,2
3219,kitti_003218,KITTI,val,003218,5,0,5
3220,kitti_003219,KITTI,train,003219,1,0,1
3221,kitti_003220,KITTI,train,003220,0,0,0
3222,kitti_003221,KITTI,train,003221,0,0,0
3223,kitti_003222,KITTI,train,003222,5,1,6
3224,kitti_003223,KITTI,val,003223,0,0,0
3225,kitti_003224,KITTI,train,003224,6,0,6
3226,kitti_003225,KITTI,train,003225,1,0,1
3227,kitti_003226,KITTI,train,003226,3,0,3
3228,kitti_003227,KITTI,train,003227,1,0,1
3229,kitti_003228,KITTI,train,003228,1,0,1
3230,kitti_003229,KITTI,train,003229,4,0,4
3231,kitti_003230,KITTI,train,003230,1,0,1
3232,kitti_003231,KITTI,train,003231,2,0,2
3233,kitti_003232,KITTI,train,003232,4,0,4
3234,kitti_003233,KITTI,train,003233,2,1,3
3235,kitti_003234,KITTI,train,003234,1,0,1
3236,kitti_003235,KITTI,train,003235,3,0,3
3237,kitti_003236,KITTI,train,003236,4,0,4
3238,kitti_003237,KITTI,train,003237,3,0,3
3239,kitti_003238,KITTI,train,003238,1,0,1
3240,kitti_003239,KITTI,train,003239,0,0,0
3241,kitti_003240,KITTI,train,003240,2,0,2
3242,kitti_003241,KITTI,train,003241,2,0,2
3243,kitti_003242,KITTI,train,003242,0,0,0
3244,kitti_003243,KITTI,train,003243,1,0,1
3245,kitti_003244,KITTI,train,003244,4,0,4
3246,kitti_003245,KITTI,val,003245,6,0,6
3247,kitti_003246,KITTI,train,003246,5,0,5
3248,kitti_003247,KITTI,train,003247,0,0,0
3249,kitti_003248,KITTI,train,003248,0,0,0
3250,kitti_003249,KITTI,train,003249,3,0,3
3251,kitti_003250,KITTI,val,003250,5,0,5
3252,kitti_003251,KITTI,train,003251,1,1,2
3253,kitti_003252,KITTI,train,003252,2,0,2
3254,kitti_003253,KITTI,train,003253,3,0,3
3255,kitti_003254,KITTI,val,003254,2,0,2
3256,kitti_003255,KITTI,val,003255,1,1,2
3257,kitti_003256,KITTI,train,003256,3,0,3
3258,kitti_003257,KITTI,train,003257,0,0,0
3259,kitti_003258,KITTI,val,003258,3,1,4
3260,kitti_003259,KITTI,train,003259,2,1,3
3261,kitti_003260,KITTI,train,003260,2,0,2
3262,kitti_003261,KITTI,train,003261,4,0,4
3263,kitti_003262,KITTI,train,003262,2,1,3
3264,kitti_003263,KITTI,train,003263,0,0,0
3265,kitti_003264,KITTI,train,003264,1,1,2
3266,kitti_003265,KITTI,val,003265,0,0,0
3267,kitti_003266,KITTI,train,003266,0,0,0
3268,kitti_003267,KITTI,train,003267,5,0,5
3269,kitti_003268,KITTI,val,003268,2,0,2
3270,kitti_003269,KITTI,train,003269,0,0,0
3271,kitti_003270,KITTI,train,003270,1,0,1
3272,kitti_003271,KITTI,train,003271,0,1,1
3273,kitti_003272,KITTI,train,003272,1,0,1
3274,kitti_003273,KITTI,train,003273,2,0,2
3275,kitti_003274,KITTI,train,003274,2,0,2
3276,kitti_003275,KITTI,train,003275,1,1,2
3277,kitti_003276,KITTI,train,003276,2,0,2
3278,kitti_003277,KITTI,train,003277,0,0,0
3279,kitti_003278,KITTI,train,003278,0,0,0
3280,kitti_003279,KITTI,train,003279,0,0,0
3281,kitti_003280,KITTI,train,003280,2,1,3
3282,kitti_003281,KITTI,train,003281,0,0,0
3283,kitti_003282,KITTI,val,003282,0,4,4
3284,kitti_003283,KITTI,train,003283,1,0,1
3285,kitti_003284,KITTI,train,003284,2,0,2
3286,kitti_003285,KITTI,val,003285,1,0,1
3287,kitti_003286,KITTI,val,003286,3,0,3
3288,kitti_003287,KITTI,train,003287,0,0,0
3289,kitti_003288,KITTI,train,003288,1,0,1
3290,kitti_003289,KITTI,train,003289,3,0,3
3291,kitti_003290,KITTI,train,003290,3,0,3
3292,kitti_003291,KITTI,train,003291,2,0,2
3293,kitti_003292,KITTI,train,003292,1,0,1
3294,kitti_003293,KITTI,train,003293,1,1,2
3295,kitti_003294,KITTI,val,003294,11,0,11
3296,kitti_003295,KITTI,train,003295,0,0,0
3297,kitti_003296,KITTI,val,003296,5,0,5
3298,kitti_003297,KITTI,train,003297,1,0,1
3299,kitti_003298,KITTI,train,003298,5,0,5
3300,kitti_003299,KITTI,train,003299,1,0,1
3301,kitti_003300,KITTI,train,003300,4,0,4
3302,kitti_003301,KITTI,train,003301,3,0,3
3303,kitti_003302,KITTI,val,003302,0,0,0
3304,kitti_003303,KITTI,train,003303,1,0,1
3305,kitti_003304,KITTI,train,003304,3,1,4
3306,kitti_003305,KITTI,val,003305,0,0,0
3307,kitti_003306,KITTI,train,003306,4,0,4
3308,kitti_003307,KITTI,train,003307,0,0,0
3309,kitti_003308,KITTI,train,003308,2,0,2
3310,kitti_003309,KITTI,train,003309,2,0,2
3311,kitti_003310,KITTI,train,003310,2,0,2
3312,kitti_003311,KITTI,train,003311,3,0,3
3313,kitti_003312,KITTI,train,003312,2,0,2
3314,kitti_003313,KITTI,train,003313,2,0,2
3315,kitti_003314,KITTI,train,003314,1,0,1
3316,kitti_003315,KITTI,train,003315,0,0,0
3317,kitti_003316,KITTI,train,003316,0,0,0
3318,kitti_003317,KITTI,train,003317,2,0,2
3319,kitti_003318,KITTI,train,003318,2,1,3
3320,kitti_003319,KITTI,train,003319,0,0,0
3321,kitti_003320,KITTI,train,003320,0,0,0
3322,kitti_003321,KITTI,val,003321,0,0,0
3323,kitti_003322,KITTI,train,003322,3,0,3
3324,kitti_003323,KITTI,train,003323,2,0,2
3325,kitti_003324,KITTI,val,003324,0,0,0
3326,kitti_003325,KITTI,val,003325,2,0,2
3327,kitti_003326,KITTI,train,003326,1,1,2
3328,kitti_003327,KITTI,train,003327,0,0,0
3329,kitti_003328,KITTI,val,003328,1,0,1
3330,kitti_003329,KITTI,val,003329,6,0,6
3331,kitti_003330,KITTI,val,003330,0,0,0
3332,kitti_003331,KITTI,train,003331,0,0,0
3333,kitti_003332,KITTI,train,003332,1,0,1
3334,kitti_003333,KITTI,train,003333,0,0,0
3335,kitti_003334,KITTI,train,003334,4,0,4
3336,kitti_003335,KITTI,train,003335,0,0,0
3337,kitti_003336,KITTI,train,003336,3,0,3
3338,kitti_003337,KITTI,train,003337,2,0,2
3339,kitti_003338,KITTI,train,003338,3,0,3
3340,kitti_003339,KITTI,train,003339,0,0,0
3341,kitti_003340,KITTI,train,003340,2,0,2
3342,kitti_003341,KITTI,train,003341,0,2,2
3343,kitti_003342,KITTI,train,003342,0,0,0
3344,kitti_003343,KITTI,train,003343,3,0,3
3345,kitti_003344,KITTI,val,003344,0,0,0
3346,kitti_003345,KITTI,train,003345,2,0,2
3347,kitti_003346,KITTI,train,003346,2,0,2
3348,kitti_003347,KITTI,train,003347,4,1,5
3349,kitti_003348,KITTI,val,003348,1,0,1
3350,kitti_003349,KITTI,train,003349,0,0,0
3351,kitti_003350,KITTI,train,003350,0,1,1
3352,kitti_003351,KITTI,val,003351,1,0,1
3353,kitti_003352,KITTI,train,003352,0,1,1
3354,kitti_003353,KITTI,train,003353,3,0,3
3355,kitti_003354,KITTI,train,003354,1,0,1
3356,kitti_003355,KITTI,train,003355,0,1,1
3357,kitti_003356,KITTI,train,003356,0,0,0
3358,kitti_003357,KITTI,train,003357,1,0,1
3359,kitti_003358,KITTI,train,003358,1,0,1
3360,kitti_003359,KITTI,val,003359,4,0,4
3361,kitti_003360,KITTI,train,003360,4,1,5
3362,kitti_003361,KITTI,train,003361,3,0,3
3363,kitti_003362,KITTI,train,003362,0,4,4
3364,kitti_003363,KITTI,train,003363,0,5,5
3365,kitti_003364,KITTI,train,003364,2,1,3
3366,kitti_003365,KITTI,train,003365,3,1,4
3367,kitti_003366,KITTI,train,003366,3,0,3
3368,kitti_003367,KITTI,train,003367,5,0,5
3369,kitti_003368,KITTI,train,003368,3,0,3
3370,kitti_003369,KITTI,train,003369,0,0,0
3371,kitti_003370,KITTI,train,003370,2,0,2
3372,kitti_003371,KITTI,train,003371,3,0,3
3373,kitti_003372,KITTI,val,003372,0,0,0
3374,kitti_003373,KITTI,train,003373,1,0,1
3375,kitti_003374,KITTI,train,003374,3,0,3
3376,kitti_003375,KITTI,val,003375,2,1,3
3377,kitti_003376,KITTI,train,003376,0,0,0
3378,kitti_003377,KITTI,train,003377,2,0,2
3379,kitti_003378,KITTI,train,003378,6,0,6
3380,kitti_003379,KITTI,val,003379,5,1,6
3381,kitti_003380,KITTI,train,003380,0,0,0
3382,kitti_003381,KITTI,train,003381,3,0,3
3383,kitti_003382,KITTI,train,003382,1,0,1
3384,kitti_003383,KITTI,train,003383,0,0,0
3385,kitti_003384,KITTI,train,003384,0,0,0
3386,kitti_003385,KITTI,val,003385,1,0,1
3387,kitti_003386,KITTI,train,003386,2,0,2
3388,kitti_003387,KITTI,train,003387,1,0,1
3389,kitti_003388,KITTI,train,003388,4,0,4
3390,kitti_003389,KITTI,train,003389,0,0,0
3391,kitti_003390,KITTI,train,003390,4,0,4
3392,kitti_003391,KITTI,train,003391,2,0,2
3393,kitti_003392,KITTI,train,003392,1,0,1
3394,kitti_003393,KITTI,train,003393,3,0,3
3395,kitti_003394,KITTI,val,003394,1,0,1
3396,kitti_003395,KITTI,train,003395,1,1,2
3397,kitti_003396,KITTI,train,003396,0,0,0
3398,kitti_003397,KITTI,train,003397,1,0,1
3399,kitti_003398,KITTI,train,003398,1,0,1
3400,kitti_003399,KITTI,val,003399,0,1,1
3401,kitti_003400,KITTI,train,003400,1,0,1
3402,kitti_003401,KITTI,train,003401,1,0,1
3403,kitti_003402,KITTI,train,003402,6,0,6
3404,kitti_003403,KITTI,val,003403,2,1,3
3405,kitti_003404,KITTI,val,003404,2,1,3
3406,kitti_003405,KITTI,train,003405,2,1,3
3407,kitti_003406,KITTI,val,003406,0,0,0
3408,kitti_003407,KITTI,train,003407,1,0,1
3409,kitti_003408,KITTI,train,003408,1,1,2
3410,kitti_003409,KITTI,train,003409,3,0,3
3411,kitti_003410,KITTI,train,003410,0,0,0
3412,kitti_003411,KITTI,train,003411,0,0,0
3413,kitti_003412,KITTI,val,003412,3,1,4
3414,kitti_003413,KITTI,train,003413,0,0,0
3415,kitti_003414,KITTI,train,003414,3,0,3
3416,kitti_003415,KITTI,train,003415,1,0,1
3417,kitti_003416,KITTI,val,003416,2,0,2
3418,kitti_003417,KITTI,train,003417,1,1,2
3419,kitti_003418,KITTI,val,003418,2,0,2
3420,kitti_003419,KITTI,val,003419,3,0,3
3421,kitti_003420,KITTI,val,003420,0,0,0
3422,kitti_003421,KITTI,val,003421,0,0,0
3423,kitti_003422,KITTI,train,003422,2,1,3
3424,kitti_003423,KITTI,val,003423,0,0,0
3425,kitti_003424,KITTI,train,003424,4,0,4
3426,kitti_003425,KITTI,val,003425,1,0,1
3427,kitti_003426,KITTI,val,003426,3,0,3
3428,kitti_003427,KITTI,train,003427,0,0,0
3429,kitti_003428,KITTI,train,003428,2,0,2
3430,kitti_003429,KITTI,train,003429,1,1,2
3431,kitti_003430,KITTI,train,003430,1,0,1
3432,kitti_003431,KITTI,val,003431,0,0,0
3433,kitti_003432,KITTI,train,003432,1,0,1
3434,kitti_003433,KITTI,val,003433,0,0,0
3435,kitti_003434,KITTI,train,003434,2,0,2
3436,kitti_003435,KITTI,train,003435,0,0,0
3437,kitti_003436,KITTI,train,003436,7,0,7
3438,kitti_003437,KITTI,train,003437,1,0,1
3439,kitti_003438,KITTI,train,003438,0,0,0
3440,kitti_003439,KITTI,train,003439,0,0,0
3441,kitti_003440,KITTI,train,003440,1,0,1
3442,kitti_003441,KITTI,train,003441,2,0,2
3443,kitti_003442,KITTI,train,003442,2,0,2
3444,kitti_003443,KITTI,train,003443,2,0,2
3445,kitti_003444,KITTI,train,003444,0,3,3
3446,kitti_003445,KITTI,train,003445,1,0,1
3447,kitti_003446,KITTI,val,003446,0,0,0
3448,kitti_003447,KITTI,train,003447,2,1,3
3449,kitti_003448,KITTI,val,003448,0,0,0
3450,kitti_003449,KITTI,train,003449,0,0,0
3451,kitti_003450,KITTI,train,003450,3,0,3
3452,kitti_003451,KITTI,train,003451,0,0,0
3453,kitti_003452,KITTI,train,003452,0,0,0
3454,kitti_003453,KITTI,val,003453,2,1,3
3455,kitti_003454,KITTI,val,003454,4,0,4
3456,kitti_003455,KITTI,train,003455,2,0,2
3457,kitti_003456,KITTI,train,003456,0,0,0
3458,kitti_003457,KITTI,train,003457,2,0,2
3459,kitti_003458,KITTI,val,003458,3,0,3
3460,kitti_003459,KITTI,train,003459,5,0,5
3461,kitti_003460,KITTI,train,003460,0,0,0
3462,kitti_003461,KITTI,train,003461,1,0,1
3463,kitti_003462,KITTI,train,003462,2,0,2
3464,kitti_003463,KITTI,train,003463,1,0,1
3465,kitti_003464,KITTI,train,003464,3,0,3
3466,kitti_003465,KITTI,train,003465,0,0,0
3467,kitti_003466,KITTI,train,003466,1,0,1
3468,kitti_003467,KITTI,val,003467,1,0,1
3469,kitti_003468,KITTI,val,003468,2,0,2
3470,kitti_003469,KITTI,train,003469,2,1,3
3471,kitti_003470,KITTI,train,003470,4,0,4
3472,kitti_003471,KITTI,train,003471,0,2,2
3473,kitti_003472,KITTI,train,003472,1,0,1
3474,kitti_003473,KITTI,train,003473,1,0,1
3475,kitti_003474,KITTI,train,003474,2,0,2
3476,kitti_003475,KITTI,train,003475,1,0,1
3477,kitti_003476,KITTI,val,003476,0,0,0
3478,kitti_003477,KITTI,train,003477,3,0,3
3479,kitti_003478,KITTI,train,003478,2,0,2
3480,kitti_003479,KITTI,val,003479,2,0,2
3481,kitti_003480,KITTI,val,003480,3,0,3
3482,kitti_003481,KITTI,train,003481,0,0,0
3483,kitti_003482,KITTI,train,003482,1,0,1
3484,kitti_003483,KITTI,val,003483,3,0,3
3485,kitti_003484,KITTI,train,003484,1,0,1
3486,kitti_003485,KITTI,train,003485,1,2,3
3487,kitti_003486,KITTI,train,003486,1,0,1
3488,kitti_003487,KITTI,val,003487,1,0,1
3489,kitti_003488,KITTI,train,003488,2,0,2
3490,kitti_003489,KITTI,train,003489,3,0,3
3491,kitti_003490,KITTI,train,003490,2,0,2
3492,kitti_003491,KITTI,train,003491,0,0,0
3493,kitti_003492,KITTI,train,003492,0,5,5
3494,kitti_003493,KITTI,train,003493,3,0,3
3495,kitti_003494,KITTI,train,003494,2,0,2
3496,kitti_003495,KITTI,train,003495,2,1,3
3497,kitti_003496,KITTI,train,003496,2,0,2
3498,kitti_003497,KITTI,train,003497,0,0,0
3499,kitti_003498,KITTI,val,003498,0,0,0
3500,kitti_003499,KITTI,train,003499,2,0,2
3501,kitti_003500,KITTI,val,003500,0,0,0
3502,kitti_003501,KITTI,train,003501,1,0,1
3503,kitti_003502,KITTI,train,003502,5,0,5
3504,kitti_003503,KITTI,train,003503,1,0,1
3505,kitti_003504,KITTI,val,003504,1,0,1
3506,kitti_003505,KITTI,train,003505,1,0,1
3507,kitti_003506,KITTI,train,003506,0,0,0
3508,kitti_003507,KITTI,train,003507,1,0,1
3509,kitti_003508,KITTI,train,003508,1,0,1
3510,kitti_003509,KITTI,train,003509,1,0,1
3511,kitti_003510,KITTI,train,003510,5,0,5
3512,kitti_003511,KITTI,val,003511,1,0,1
3513,kitti_003512,KITTI,train,003512,10,0,10
3514,kitti_003513,KITTI,train,003513,2,0,2
3515,kitti_003514,KITTI,train,003514,3,0,3
3516,kitti_003515,KITTI,train,003515,0,0,0
3517,kitti_003516,KITTI,train,003516,0,0,0
3518,kitti_003517,KITTI,val,003517,0,0,0
3519,kitti_003518,KITTI,train,003518,0,0,0
3520,kitti_003519,KITTI,train,003519,0,0,0
3521,kitti_003520,KITTI,train,003520,2,0,2
3522,kitti_003521,KITTI,train,003521,1,0,1
3523,kitti_003522,KITTI,train,003522,1,0,1
3524,kitti_003523,KITTI,train,003523,5,0,5
3525,kitti_003524,KITTI,train,003524,1,0,1
3526,kitti_003525,KITTI,val,003525,5,1,6
3527,kitti_003526,KITTI,val,003526,3,0,3
3528,kitti_003527,KITTI,train,003527,5,0,5
3529,kitti_003528,KITTI,train,003528,5,0,5
3530,kitti_003529,KITTI,train,003529,1,0,1
3531,kitti_003530,KITTI,train,003530,2,1,3
3532,kitti_003531,KITTI,train,003531,4,0,4
3533,kitti_003532,KITTI,val,003532,0,0,0
3534,kitti_003533,KITTI,train,003533,2,1,3
3535,kitti_003534,KITTI,val,003534,4,0,4
3536,kitti_003535,KITTI,train,003535,3,0,3
3537,kitti_003536,KITTI,val,003536,1,0,1
3538,kitti_003537,KITTI,train,003537,0,1,1
3539,kitti_003538,KITTI,train,003538,2,0,2
3540,kitti_003539,KITTI,train,003539,2,1,3
3541,kitti_003540,KITTI,train,003540,0,0,0
3542,kitti_003541,KITTI,train,003541,1,0,1
3543,kitti_003542,KITTI,train,003542,0,0,0
3544,kitti_003543,KITTI,train,003543,2,0,2
3545,kitti_003544,KITTI,train,003544,6,0,6
3546,kitti_003545,KITTI,train,003545,5,0,5
3547,kitti_003546,KITTI,train,003546,0,0,0
3548,kitti_003547,KITTI,train,003547,1,1,2
3549,kitti_003548,KITTI,train,003548,4,0,4
3550,kitti_003549,KITTI,val,003549,1,0,1
3551,kitti_003550,KITTI,val,003550,1,0,1
3552,kitti_003551,KITTI,train,003551,2,0,2
3553,kitti_003552,KITTI,train,003552,1,0,1
3554,kitti_003553,KITTI,train,003553,4,0,4
3555,kitti_003554,KITTI,train,003554,4,0,4
3556,kitti_003555,KITTI,train,003555,7,0,7
3557,kitti_003556,KITTI,train,003556,6,0,6
3558,kitti_003557,KITTI,train,003557,1,0,1
3559,kitti_003558,KITTI,val,003558,2,0,2
3560,kitti_003559,KITTI,val,003559,1,0,1
3561,kitti_003560,KITTI,val,003560,0,0,0
3562,kitti_003561,KITTI,train,003561,2,1,3
3563,kitti_003562,KITTI,train,003562,2,0,2
3564,kitti_003563,KITTI,train,003563,3,0,3
3565,kitti_003564,KITTI,val,003564,1,0,1
3566,kitti_003565,KITTI,train,003565,1,0,1
3567,kitti_003566,KITTI,train,003566,2,0,2
3568,kitti_003567,KITTI,train,003567,2,0,2
3569,kitti_003568,KITTI,train,003568,2,1,3
3570,kitti_003569,KITTI,train,003569,0,1,1
3571,kitti_003570,KITTI,train,003570,0,0,0
3572,kitti_003571,KITTI,train,003571,0,0,0
3573,kitti_003572,KITTI,val,003572,3,0,3
3574,kitti_003573,KITTI,train,003573,1,0,1
3575,kitti_003574,KITTI,train,003574,3,0,3
3576,kitti_003575,KITTI,train,003575,2,0,2
3577,kitti_003576,KITTI,train,003576,0,0,0
3578,kitti_003577,KITTI,train,003577,1,0,1
3579,kitti_003578,KITTI,val,003578,0,0,0
3580,kitti_003579,KITTI,train,003579,0,0,0
3581,kitti_003580,KITTI,val,003580,2,0,2
3582,kitti_003581,KITTI,train,003581,0,0,0
3583,kitti_003582,KITTI,train,003582,0,0,0
3584,kitti_003583,KITTI,train,003583,1,1,2
3585,kitti_003584,KITTI,train,003584,2,0,2
3586,kitti_003585,KITTI,train,003585,2,0,2
3587,kitti_003586,KITTI,train,003586,10,1,11
3588,kitti_003587,KITTI,train,003587,0,0,0
3589,kitti_003588,KITTI,train,003588,2,0,2
3590,kitti_003589,KITTI,train,003589,5,0,5
3591,kitti_003590,KITTI,val,003590,4,0,4
3592,kitti_003591,KITTI,val,003591,0,0,0
3593,kitti_003592,KITTI,train,003592,1,1,2
3594,kitti_003593,KITTI,val,003593,5,0,5
3595,kitti_003594,KITTI,val,003594,1,0,1
3596,kitti_003595,KITTI,val,003595,1,0,1
3597,kitti_003596,KITTI,train,003596,1,0,1
3598,kitti_003597,KITTI,val,003597,7,0,7
3599,kitti_003598,KITTI,train,003598,3,0,3
3600,kitti_003599,KITTI,train,003599,0,0,0
3601,kitti_003600,KITTI,train,003600,1,2,3
3602,kitti_003601,KITTI,train,003601,1,1,2
3603,kitti_003602,KITTI,train,003602,1,0,1
3604,kitti_003603,KITTI,train,003603,0,0,0
3605,kitti_003604,KITTI,train,003604,0,0,0
3606,kitti_003605,KITTI,train,003605,3,0,3
3607,kitti_003606,KITTI,train,003606,6,1,7
3608,kitti_003607,KITTI,train,003607,1,0,1
3609,kitti_003608,KITTI,train,003608,6,0,6
3610,kitti_003609,KITTI,val,003609,2,0,2
3611,kitti_003610,KITTI,train,003610,0,0,0
3612,kitti_003611,KITTI,val,003611,0,2,2
3613,kitti_003612,KITTI,train,003612,5,0,5
3614,kitti_003613,KITTI,train,003613,1,1,2
3615,kitti_003614,KITTI,train,003614,1,0,1
3616,kitti_003615,KITTI,train,003615,1,0,1
3617,kitti_003616,KITTI,train,003616,1,0,1
3618,kitti_003617,KITTI,val,003617,0,0,0
3619,kitti_003618,KITTI,train,003618,1,0,1
3620,kitti_003619,KITTI,train,003619,1,0,1
3621,kitti_003620,KITTI,train,003620,1,0,1
3622,kitti_003621,KITTI,train,003621,1,0,1
3623,kitti_003622,KITTI,train,003622,1,0,1
3624,kitti_003623,KITTI,val,003623,1,1,2
3625,kitti_003624,KITTI,train,003624,1,0,1
3626,kitti_003625,KITTI,train,003625,1,0,1
3627,kitti_003626,KITTI,train,003626,2,0,2
3628,kitti_003627,KITTI,train,003627,3,0,3
3629,kitti_003628,KITTI,train,003628,1,0,1
3630,kitti_003629,KITTI,val,003629,3,0,3
3631,kitti_003630,KITTI,train,003630,3,0,3
3632,kitti_003631,KITTI,train,003631,2,0,2
3633,kitti_003632,KITTI,train,003632,1,1,2
3634,kitti_003633,KITTI,train,003633,1,0,1
3635,kitti_003634,KITTI,val,003634,1,0,1
3636,kitti_003635,KITTI,train,003635,1,0,1
3637,kitti_003636,KITTI,train,003636,1,0,1
3638,kitti_003637,KITTI,train,003637,1,0,1
3639,kitti_003638,KITTI,train,003638,3,1,4
3640,kitti_003639,KITTI,val,003639,3,0,3
3641,kitti_003640,KITTI,train,003640,0,1,1
3642,kitti_003641,KITTI,train,003641,2,0,2
3643,kitti_003642,KITTI,train,003642,3,0,3
3644,kitti_003643,KITTI,train,003643,1,1,2
3645,kitti_003644,KITTI,train,003644,5,0,5
3646,kitti_003645,KITTI,train,003645,4,0,4
3647,kitti_003646,KITTI,train,003646,1,0,1
3648,kitti_003647,KITTI,val,003647,0,1,1
3649,kitti_003648,KITTI,train,003648,7,0,7
3650,kitti_003649,KITTI,train,003649,1,0,1
3651,kitti_003650,KITTI,val,003650,1,2,3
3652,kitti_003651,KITTI,train,003651,1,0,1
3653,kitti_003652,KITTI,train,003652,2,0,2
3654,kitti_003653,KITTI,train,003653,0,0,0
3655,kitti_003654,KITTI,train,003654,1,0,1
3656,kitti_003655,KITTI,train,003655,1,0,1
3657,kitti_003656,KITTI,train,003656,3,0,3
3658,kitti_003657,KITTI,train,003657,2,0,2
3659,kitti_003658,KITTI,train,003658,2,0,2
3660,kitti_003659,KITTI,train,003659,1,0,1
3661,kitti_003660,KITTI,val,003660,0,0,0
3662,kitti_003661,KITTI,train,003661,0,0,0
3663,kitti_003662,KITTI,val,003662,1,0,1
3664,kitti_003663,KITTI,train,003663,3,0,3
3665,kitti_003664,KITTI,train,003664,4,0,4
3666,kitti_003665,KITTI,train,003665,1,0,1
3667,kitti_003666,KITTI,val,003666,2,2,4
3668,kitti_003667,KITTI,train,003667,3,0,3
3669,kitti_003668,KITTI,train,003668,3,0,3
3670,kitti_003669,KITTI,train,003669,2,0,2
3671,kitti_003670,KITTI,train,003670,0,0,0
3672,kitti_003671,KITTI,train,003671,1,0,1
3673,kitti_003672,KITTI,train,003672,2,0,2
3674,kitti_003673,KITTI,train,003673,2,0,2
3675,kitti_003674,KITTI,val,003674,1,0,1
3676,kitti_003675,KITTI,train,003675,0,0,0
3677,kitti_003676,KITTI,train,003676,1,0,1
3678,kitti_003677,KITTI,train,003677,3,0,3
3679,kitti_003678,KITTI,train,003678,3,0,3
3680,kitti_003679,KITTI,train,003679,3,0,3
3681,kitti_003680,KITTI,train,003680,1,0,1
3682,kitti_003681,KITTI,train,003681,3,0,3
3683,kitti_003682,KITTI,train,003682,1,1,2
3684,kitti_003683,KITTI,val,003683,1,0,1
3685,kitti_003684,KITTI,train,003684,3,0,3
3686,kitti_003685,KITTI,train,003685,2,0,2
3687,kitti_003686,KITTI,train,003686,1,0,1
3688,kitti_003687,KITTI,train,003687,1,0,1
3689,kitti_003688,KITTI,train,003688,4,0,4
3690,kitti_003689,KITTI,train,003689,2,1,3
3691,kitti_003690,KITTI,train,003690,7,0,7
3692,kitti_003691,KITTI,train,003691,0,0,0
3693,kitti_003692,KITTI,train,003692,8,0,8
3694,kitti_003693,KITTI,train,003693,0,0,0
3695,kitti_003694,KITTI,train,003694,0,0,0
3696,kitti_003695,KITTI,train,003695,0,0,0
3697,kitti_003696,KITTI,train,003696,1,0,1
3698,kitti_003697,KITTI,train,003697,2,0,2
3699,kitti_003698,KITTI,val,003698,2,0,2
3700,kitti_003699,KITTI,train,003699,2,0,2
3701,kitti_003700,KITTI,val,003700,0,0,0
3702,kitti_003701,KITTI,train,003701,0,0,0
3703,kitti_003702,KITTI,train,003702,3,0,3
3704,kitti_003703,KITTI,train,003703,0,0,0
3705,kitti_003704,KITTI,train,003704,4,0,4
3706,kitti_003705,KITTI,train,003705,2,0,2
3707,kitti_003706,KITTI,train,003706,3,0,3
3708,kitti_003707,KITTI,val,003707,1,0,1
3709,kitti_003708,KITTI,train,003708,3,0,3
3710,kitti_003709,KITTI,val,003709,1,0,1
3711,kitti_003710,KITTI,train,003710,2,0,2
3712,kitti_003711,KITTI,train,003711,0,0,0
3713,kitti_003712,KITTI,train,003712,1,0,1
3714,kitti_003713,KITTI,train,003713,3,0,3
3715,kitti_003714,KITTI,train,003714,0,0,0
3716,kitti_003715,KITTI,val,003715,0,0,0
3717,kitti_003716,KITTI,val,003716,2,0,2
3718,kitti_003717,KITTI,train,003717,1,0,1
3719,kitti_003718,KITTI,train,003718,5,0,5
3720,kitti_003719,KITTI,train,003719,1,0,1
3721,kitti_003720,KITTI,train,003720,2,0,2
3722,kitti_003721,KITTI,train,003721,0,0,0
3723,kitti_003722,KITTI,train,003722,1,0,1
3724,kitti_003723,KITTI,train,003723,4,0,4
3725,kitti_003724,KITTI,train,003724,1,0,1
3726,kitti_003725,KITTI,val,003725,1,0,1
3727,kitti_003726,KITTI,train,003726,2,0,2
3728,kitti_003727,KITTI,train,003727,1,0,1
3729,kitti_003728,KITTI,train,003728,5,0,5
3730,kitti_003729,KITTI,train,003729,1,0,1
3731,kitti_003730,KITTI,train,003730,2,0,2
3732,kitti_003731,KITTI,val,003731,0,0,0
3733,kitti_003732,KITTI,train,003732,0,0,0
3734,kitti_003733,KITTI,train,003733,1,0,1
3735,kitti_003734,KITTI,train,003734,5,0,5
3736,kitti_003735,KITTI,train,003735,2,1,3
3737,kitti_003736,KITTI,val,003736,2,0,2
3738,kitti_003737,KITTI,val,003737,0,0,0
3739,kitti_003738,KITTI,train,003738,2,0,2
3740,kitti_003739,KITTI,val,003739,2,0,2
3741,kitti_003740,KITTI,train,003740,1,0,1
3742,kitti_003741,KITTI,train,003741,2,0,2
3743,kitti_003742,KITTI,train,003742,1,0,1
3744,kitti_003743,KITTI,train,003743,4,0,4
3745,kitti_003744,KITTI,val,003744,1,0,1
3746,kitti_003745,KITTI,train,003745,1,0,1
3747,kitti_003746,KITTI,train,003746,1,0,1
3748,kitti_003747,KITTI,val,003747,0,1,1
3749,kitti_003748,KITTI,val,003748,6,0,6
3750,kitti_003749,KITTI,train,003749,4,0,4
3751,kitti_003750,KITTI,train,003750,2,1,3
3752,kitti_003751,KITTI,train,003751,1,1,2
3753,kitti_003752,KITTI,train,003752,1,0,1
3754,kitti_003753,KITTI,train,003753,2,0,2
3755,kitti_003754,KITTI,train,003754,0,0,0
3756,kitti_003755,KITTI,train,003755,1,0,1
3757,kitti_003756,KITTI,train,003756,0,1,1
3758,kitti_003757,KITTI,train,003757,3,0,3
3759,kitti_003758,KITTI,train,003758,0,0,0
3760,kitti_003759,KITTI,train,003759,2,0,2
3761,kitti_003760,KITTI,train,003760,2,1,3
3762,kitti_003761,KITTI,train,003761,6,0,6
3763,kitti_003762,KITTI,train,003762,2,0,2
3764,kitti_003763,KITTI,train,003763,2,0,2
3765,kitti_003764,KITTI,train,003764,1,0,1
3766,kitti_003765,KITTI,train,003765,7,0,7
3767,kitti_003766,KITTI,train,003766,0,0,0
3768,kitti_003767,KITTI,train,003767,2,0,2
3769,kitti_003768,KITTI,train,003768,0,0,0
3770,kitti_003769,KITTI,train,003769,1,0,1
3771,kitti_003770,KITTI,train,003770,0,0,0
3772,kitti_003771,KITTI,train,003771,1,0,1
3773,kitti_003772,KITTI,train,003772,5,0,5
3774,kitti_003773,KITTI,train,003773,3,0,3
3775,kitti_003774,KITTI,train,003774,0,0,0
3776,kitti_003775,KITTI,train,003775,4,0,4
3777,kitti_003776,KITTI,val,003776,4,0,4
3778,kitti_003777,KITTI,train,003777,2,0,2
3779,kitti_003778,KITTI,train,003778,3,0,3
3780,kitti_003779,KITTI,val,003779,1,0,1
3781,kitti_003780,KITTI,train,003780,1,0,1
3782,kitti_003781,KITTI,train,003781,0,1,1
3783,kitti_003782,KITTI,val,003782,2,0,2
3784,kitti_003783,KITTI,train,003783,0,0,0
3785,kitti_003784,KITTI,val,003784,2,0,2
3786,kitti_003785,KITTI,val,003785,1,0,1
3787,kitti_003786,KITTI,val,003786,0,0,0
3788,kitti_003787,KITTI,val,003787,0,0,0
3789,kitti_003788,KITTI,train,003788,2,0,2
3790,kitti_003789,KITTI,train,003789,0,0,0
3791,kitti_003790,KITTI,train,003790,5,0,5
3792,kitti_003791,KITTI,val,003791,1,0,1
3793,kitti_003792,KITTI,train,003792,1,1,2
3794,kitti_003793,KITTI,val,003793,1,0,1
3795,kitti_003794,KITTI,train,003794,2,0,2
3796,kitti_003795,KITTI,train,003795,0,0,0
3797,kitti_003796,KITTI,train,003796,4,1,5
3798,kitti_003797,KITTI,train,003797,0,0,0
3799,kitti_003798,KITTI,train,003798,0,0,0
3800,kitti_003799,KITTI,train,003799,0,0,0
3801,kitti_003800,KITTI,train,003800,2,0,2
3802,kitti_003801,KITTI,train,003801,1,0,1
3803,kitti_003802,KITTI,train,003802,2,0,2
3804,kitti_003803,KITTI,train,003803,2,0,2
3805,kitti_003804,KITTI,train,003804,1,0,1
3806,kitti_003805,KITTI,train,003805,0,1,1
3807,kitti_003806,KITTI,train,003806,2,0,2
3808,kitti_003807,KITTI,train,003807,2,0,2
3809,kitti_003808,KITTI,train,003808,1,0,1
3810,kitti_003809,KITTI,val,003809,1,0,1
3811,kitti_003810,KITTI,train,003810,3,0,3
3812,kitti_003811,KITTI,train,003811,1,1,2
3813,kitti_003812,KITTI,train,003812,0,1,1
3814,kitti_003813,KITTI,train,003813,0,0,0
3815,kitti_003814,KITTI,train,003814,2,0,2
3816,kitti_003815,KITTI,train,003815,1,0,1
3817,kitti_003816,KITTI,val,003816,1,0,1
3818,kitti_003817,KITTI,train,003817,0,0,0
3819,kitti_003818,KITTI,val,003818,2,0,2
3820,kitti_003819,KITTI,train,003819,0,0,0
3821,kitti_003820,KITTI,train,003820,0,0,0
3822,kitti_003821,KITTI,train,003821,1,0,1
3823,kitti_003822,KITTI,train,003822,2,0,2
3824,kitti_003823,KITTI,train,003823,0,0,0
3825,kitti_003824,KITTI,train,003824,2,0,2
3826,kitti_003825,KITTI,val,003825,1,1,2
3827,kitti_003826,KITTI,train,003826,5,0,5
3828,kitti_003827,KITTI,train,003827,3,0,3
3829,kitti_003828,KITTI,train,003828,1,0,1
3830,kitti_003829,KITTI,train,003829,1,0,1
3831,kitti_003830,KITTI,train,003830,2,0,2
3832,kitti_003831,KITTI,train,003831,2,0,2
3833,kitti_003832,KITTI,train,003832,2,0,2
3834,kitti_003833,KITTI,train,003833,3,0,3
3835,kitti_003834,KITTI,train,003834,1,0,1
3836,kitti_003835,KITTI,train,003835,1,0,1
3837,kitti_003836,KITTI,train,003836,3,0,3
3838,kitti_003837,KITTI,train,003837,1,0,1
3839,kitti_003838,KITTI,train,003838,0,0,0
3840,kitti_003839,KITTI,train,003839,2,0,2
3841,kitti_003840,KITTI,val,003840,5,0,5
3842,kitti_003841,KITTI,val,003841,1,1,2
3843,kitti_003842,KITTI,val,003842,3,0,3
3844,kitti_003843,KITTI,train,003843,3,0,3
3845,kitti_003844,KITTI,train,003844,3,0,3
3846,kitti_003845,KITTI,train,003845,3,0,3
3847,kitti_003846,KITTI,train,003846,1,2,3
3848,kitti_003847,KITTI,train,003847,2,0,2
3849,kitti_003848,KITTI,train,003848,1,0,1
3850,kitti_003849,KITTI,val,003849,0,0,0
3851,kitti_003850,KITTI,train,003850,3,0,3
3852,kitti_003851,KITTI,train,003851,0,0,0
3853,kitti_003852,KITTI,train,003852,2,0,2
3854,kitti_003853,KITTI,val,003853,1,0,1
3855,kitti_003854,KITTI,train,003854,1,2,3
3856,kitti_003855,KITTI,train,003855,2,0,2
3857,kitti_003856,KITTI,train,003856,3,0,3
3858,kitti_003857,KITTI,val,003857,0,0,0
3859,kitti_003858,KITTI,val,003858,0,0,0
3860,kitti_003859,KITTI,train,003859,1,0,1
3861,kitti_003860,KITTI,train,003860,2,0,2
3862,kitti_003861,KITTI,train,003861,3,0,3
3863,kitti_003862,KITTI,train,003862,3,1,4
3864,kitti_003863,KITTI,val,003863,1,0,1
3865,kitti_003864,KITTI,val,003864,1,0,1
3866,kitti_003865,KITTI,train,003865,2,0,2
3867,kitti_003866,KITTI,train,003866,2,0,2
3868,kitti_003867,KITTI,val,003867,0,0,0
3869,kitti_003868,KITTI,val,003868,6,0,6
3870,kitti_003869,KITTI,train,003869,2,1,3
3871,kitti_003870,KITTI,train,003870,3,0,3
3872,kitti_003871,KITTI,train,003871,2,0,2
3873,kitti_003872,KITTI,train,003872,0,1,1
3874,kitti_003873,KITTI,train,003873,5,0,5
3875,kitti_003874,KITTI,train,003874,1,1,2
3876,kitti_003875,KITTI,train,003875,1,1,2
3877,kitti_003876,KITTI,train,003876,2,0,2
3878,kitti_003877,KITTI,train,003877,4,0,4
3879,kitti_003878,KITTI,val,003878,3,1,4
3880,kitti_003879,KITTI,train,003879,1,0,1
3881,kitti_003880,KITTI,train,003880,3,0,3
3882,kitti_003881,KITTI,train,003881,2,0,2
3883,kitti_003882,KITTI,train,003882,2,0,2
3884,kitti_003883,KITTI,train,003883,1,0,1
3885,kitti_003884,KITTI,train,003884,3,0,3
3886,kitti_003885,KITTI,val,003885,1,0,1
3887,kitti_003886,KITTI,train,003886,0,0,0
3888,kitti_003887,KITTI,train,003887,1,0,1
3889,kitti_003888,KITTI,val,003888,0,0,0
3890,kitti_003889,KITTI,val,003889,1,0,1
3891,kitti_003890,KITTI,train,003890,6,1,7
3892,kitti_003891,KITTI,train,003891,4,0,4
3893,kitti_003892,KITTI,train,003892,1,0,1
3894,kitti_003893,KITTI,train,003893,1,0,1
3895,kitti_003894,KITTI,val,003894,1,0,1
3896,kitti_003895,KITTI,train,003895,1,0,1
3897,kitti_003896,KITTI,val,003896,3,0,3
3898,kitti_003897,KITTI,val,003897,2,0,2
3899,kitti_003898,KITTI,train,003898,1,0,1
3900,kitti_003899,KITTI,train,003899,2,0,2
3901,kitti_003900,KITTI,train,003900,5,0,5
3902,kitti_003901,KITTI,train,003901,2,0,2
3903,kitti_003902,KITTI,val,003902,3,0,3
3904,kitti_003903,KITTI,train,003903,2,0,2
3905,kitti_003904,KITTI,val,003904,1,0,1
3906,kitti_003905,KITTI,train,003905,0,0,0
3907,kitti_003906,KITTI,train,003906,4,0,4
3908,kitti_003907,KITTI,val,003907,0,0,0
3909,kitti_003908,KITTI,train,003908,7,0,7
3910,kitti_003909,KITTI,train,003909,2,1,3
3911,kitti_003910,KITTI,val,003910,2,0,2
3912,kitti_003911,KITTI,train,003911,3,1,4
3913,kitti_003912,KITTI,train,003912,5,0,5
3914,kitti_003913,KITTI,train,003913,1,0,1
3915,kitti_003914,KITTI,train,003914,1,1,2
3916,kitti_003915,KITTI,train,003915,1,0,1
3917,kitti_003916,KITTI,train,003916,1,1,2
3918,kitti_003917,KITTI,train,003917,0,0,0
3919,kitti_003918,KITTI,train,003918,3,0,3
3920,kitti_003919,KITTI,val,003919,1,0,1
3921,kitti_003920,KITTI,train,003920,1,0,1
3922,kitti_003921,KITTI,train,003921,6,0,6
3923,kitti_003922,KITTI,val,003922,0,0,0
3924,kitti_003923,KITTI,train,003923,1,0,1
3925,kitti_003924,KITTI,train,003924,2,0,2
3926,kitti_003925,KITTI,train,003925,5,0,5
3927,kitti_003926,KITTI,train,003926,0,0,0
3928,kitti_003927,KITTI,train,003927,0,0,0
3929,kitti_003928,KITTI,train,003928,1,0,1
3930,kitti_003929,KITTI,val,003929,1,0,1
3931,kitti_003930,KITTI,train,003930,2,1,3
3932,kitti_003931,KITTI,val,003931,1,0,1
3933,kitti_003932,KITTI,train,003932,2,0,2
3934,kitti_003933,KITTI,train,003933,3,0,3
3935,kitti_003934,KITTI,train,003934,1,1,2
3936,kitti_003935,KITTI,train,003935,3,0,3
3937,kitti_003936,KITTI,train,003936,1,0,1
3938,kitti_003937,KITTI,train,003937,1,0,1
3939,kitti_003938,KITTI,train,003938,2,0,2
3940,kitti_003939,KITTI,train,003939,4,0,4
3941,kitti_003940,KITTI,train,003940,1,0,1
3942,kitti_003941,KITTI,train,003941,5,0,5
3943,kitti_003942,KITTI,train,003942,2,0,2
3944,kitti_003943,KITTI,train,003943,1,2,3
3945,kitti_003944,KITTI,train,003944,1,0,1
3946,kitti_003945,KITTI,train,003945,1,0,1
3947,kitti_003946,KITTI,train,003946,2,0,2
3948,kitti_003947,KITTI,train,003947,0,0,0
3949,kitti_003948,KITTI,val,003948,1,0,1
3950,kitti_003949,KITTI,train,003949,1,0,1
3951,kitti_003950,KITTI,train,003950,1,0,1
3952,kitti_003951,KITTI,val,003951,1,0,1
3953,kitti_003952,KITTI,train,003952,3,0,3
3954,kitti_003953,KITTI,train,003953,5,0,5
3955,kitti_003954,KITTI,val,003954,0,0,0
3956,kitti_003955,KITTI,train,003955,4,0,4
3957,kitti_003956,KITTI,train,003956,0,0,0
3958,kitti_003957,KITTI,train,003957,1,0,1
3959,kitti_003958,KITTI,train,003958,3,0,3
3960,kitti_003959,KITTI,train,003959,1,0,1
3961,kitti_003960,KITTI,val,003960,0,0,0
3962,kitti_003961,KITTI,train,003961,1,0,1
3963,kitti_003962,KITTI,train,003962,1,0,1
3964,kitti_003963,KITTI,train,003963,0,4,4
3965,kitti_003964,KITTI,train,003964,3,0,3
3966,kitti_003965,KITTI,train,003965,2,0,2
3967,kitti_003966,KITTI,train,003966,2,0,2
3968,kitti_003967,KITTI,train,003967,0,0,0
3969,kitti_003968,KITTI,train,003968,1,2,3
3970,kitti_003969,KITTI,train,003969,0,0,0
3971,kitti_003970,KITTI,train,003970,0,0,0
3972,kitti_003971,KITTI,train,003971,2,0,2
3973,kitti_003972,KITTI,val,003972,1,1,2
3974,kitti_003973,KITTI,train,003973,0,0,0
3975,kitti_003974,KITTI,val,003974,0,0,0
3976,kitti_003975,KITTI,val,003975,1,0,1
3977,kitti_003976,KITTI,val,003976,0,2,2
3978,kitti_003977,KITTI,val,003977,6,0,6
3979,kitti_003978,KITTI,train,003978,0,0,0
3980,kitti_003979,KITTI,val,003979,0,0,0
3981,kitti_003980,KITTI,train,003980,3,0,3
3982,kitti_003981,KITTI,train,003981,0,0,0
3983,kitti_003982,KITTI,train,003982,3,0,3
3984,kitti_003983,KITTI,train,003983,1,0,1
3985,kitti_003984,KITTI,val,003984,1,0,1
3986,kitti_003985,KITTI,train,003985,4,0,4
3987,kitti_003986,KITTI,train,003986,3,0,3
3988,kitti_003987,KITTI,val,003987,1,0,1
3989,kitti_003988,KITTI,train,003988,0,0,0
3990,kitti_003989,KITTI,train,003989,0,0,0
3991,kitti_003990,KITTI,train,003990,4,0,4
3992,kitti_003991,KITTI,train,003991,0,0,0
3993,kitti_003992,KITTI,train,003992,1,1,2
3994,kitti_003993,KITTI,val,003993,0,0,0
3995,kitti_003994,KITTI,train,003994,3,0,3
3996,kitti_003995,KITTI,train,003995,4,0,4
3997,kitti_003996,KITTI,train,003996,0,2,2
3998,kitti_003997,KITTI,train,003997,1,0,1
3999,kitti_003998,KITTI,train,003998,1,0,1
4000,kitti_003999,KITTI,train,003999,1,0,1
4001,kitti_004000,KITTI,val,004000,4,1,5
4002,kitti_004001,KITTI,val,004001,0,0,0
4003,kitti_004002,KITTI,train,004002,6,0,6
4004,kitti_004003,KITTI,train,004003,2,0,2
4005,kitti_004004,KITTI,train,004004,1,1,2
4006,kitti_004005,KITTI,train,004005,0,0,0
4007,kitti_004006,KITTI,train,004006,0,0,0
4008,kitti_004007,KITTI,train,004007,4,0,4
4009,kitti_004008,KITTI,train,004008,0,0,0
4010,kitti_004009,KITTI,val,004009,2,0,2
4011,kitti_004010,KITTI,val,004010,0,1,1
4012,kitti_004011,KITTI,train,004011,2,0,2
4013,kitti_004012,KITTI,train,004012,0,0,0
4014,kitti_004013,KITTI,train,004013,2,0,2
4015,kitti_004014,KITTI,train,004014,6,0,6
4016,kitti_004015,KITTI,train,004015,3,0,3
4017,kitti_004016,KITTI,train,004016,3,0,3
4018,kitti_004017,KITTI,train,004017,2,0,2
4019,kitti_004018,KITTI,train,004018,5,1,6
4020,kitti_004019,KITTI,train,004019,4,0,4
4021,kitti_004020,KITTI,train,004020,2,0,2
4022,kitti_004021,KITTI,train,004021,0,0,0
4023,kitti_004022,KITTI,train,004022,0,1,1
4024,kitti_004023,KITTI,train,004023,2,0,2
4025,kitti_004024,KITTI,train,004024,4,0,4
4026,kitti_004025,KITTI,train,004025,1,0,1
4027,kitti_004026,KITTI,train,004026,0,0,0
4028,kitti_004027,KITTI,train,004027,4,0,4
4029,kitti_004028,KITTI,train,004028,0,0,0
4030,kitti_004029,KITTI,val,004029,1,0,1
4031,kitti_004030,KITTI,val,004030,7,0,7
4032,kitti_004031,KITTI,train,004031,1,0,1
4033,kitti_004032,KITTI,train,004032,2,0,2
4034,kitti_004033,KITTI,val,004033,0,0,0
4035,kitti_004034,KITTI,val,004034,2,0,2
4036,kitti_004035,KITTI,train,004035,2,0,2
4037,kitti_004036,KITTI,train,004036,2,1,3
4038,kitti_004037,KITTI,val,004037,0,0,0
4039,kitti_004038,KITTI,val,004038,0,0,0
4040,kitti_004039,KITTI,train,004039,4,0,4
4041,kitti_004040,KITTI,train,004040,0,1,1
4042,kitti_004041,KITTI,train,004041,3,0,3
4043,kitti_004042,KITTI,train,004042,3,1,4
4044,kitti_004043,KITTI,train,004043,0,0,0
4045,kitti_004044,KITTI,val,004044,2,0,2
4046,kitti_004045,KITTI,train,004045,2,1,3
4047,kitti_004046,KITTI,train,004046,2,0,2
4048,kitti_004047,KITTI,train,004047,3,0,3
4049,kitti_004048,KITTI,train,004048,2,0,2
4050,kitti_004049,KITTI,train,004049,0,0,0
4051,kitti_004050,KITTI,train,004050,3,0,3
4052,kitti_004051,KITTI,train,004051,1,0,1
4053,kitti_004052,KITTI,train,004052,0,3,3
4054,kitti_004053,KITTI,train,004053,0,0,0
4055,kitti_004054,KITTI,train,004054,0,2,2
4056,kitti_004055,KITTI,train,004055,7,0,7
4057,kitti_004056,KITTI,train,004056,4,0,4
4058,kitti_004057,KITTI,train,004057,4,0,4
4059,kitti_004058,KITTI,val,004058,4,0,4
4060,kitti_004059,KITTI,train,004059,1,0,1
4061,kitti_004060,KITTI,val,004060,1,0,1
4062,kitti_004061,KITTI,train,004061,0,2,2
4063,kitti_004062,KITTI,train,004062,0,0,0
4064,kitti_004063,KITTI,train,004063,4,0,4
4065,kitti_004064,KITTI,train,004064,3,0,3
4066,kitti_004065,KITTI,train,004065,2,0,2
4067,kitti_004066,KITTI,train,004066,6,0,6
4068,kitti_004067,KITTI,val,004067,3,1,4
4069,kitti_004068,KITTI,val,004068,3,0,3
4070,kitti_004069,KITTI,train,004069,1,0,1
4071,kitti_004070,KITTI,train,004070,4,0,4
4072,kitti_004071,KITTI,train,004071,1,0,1
4073,kitti_004072,KITTI,train,004072,2,0,2
4074,kitti_004073,KITTI,train,004073,0,0,0
4075,kitti_004074,KITTI,train,004074,5,0,5
4076,kitti_004075,KITTI,val,004075,1,0,1
4077,kitti_004076,KITTI,train,004076,2,0,2
4078,kitti_004077,KITTI,train,004077,1,0,1
4079,kitti_004078,KITTI,train,004078,1,0,1
4080,kitti_004079,KITTI,train,004079,0,0,0
4081,kitti_004080,KITTI,train,004080,1,0,1
4082,kitti_004081,KITTI,val,004081,5,1,6
4083,kitti_004082,KITTI,val,004082,0,2,2
4084,kitti_004083,KITTI,train,004083,2,1,3
4085,kitti_004084,KITTI,train,004084,2,0,2
4086,kitti_004085,KITTI,train,004085,0,0,0
4087,kitti_004086,KITTI,train,004086,0,0,0
4088,kitti_004087,KITTI,train,004087,0,0,0
4089,kitti_004088,KITTI,val,004088,0,1,1
4090,kitti_004089,KITTI,train,004089,1,0,1
4091,kitti_004090,KITTI,train,004090,2,0,2
4092,kitti_004091,KITTI,val,004091,1,0,1
4093,kitti_004092,KITTI,train,004092,3,0,3
4094,kitti_004093,KITTI,train,004093,0,0,0
4095,kitti_004094,KITTI,val,004094,3,0,3
4096,kitti_004095,KITTI,train,004095,5,0,5
4097,kitti_004096,KITTI,train,004096,2,0,2
4098,kitti_004097,KITTI,train,004097,2,0,2
4099,kitti_004098,KITTI,val,004098,1,0,1
4100,kitti_004099,KITTI,train,004099,1,1,2
4101,kitti_004100,KITTI,train,004100,0,2,2
4102,kitti_004101,KITTI,train,004101,3,0,3
4103,kitti_004102,KITTI,train,004102,0,0,0
4104,kitti_004103,KITTI,train,004103,0,0,0
4105,kitti_004104,KITTI,val,004104,0,0,0
4106,kitti_004105,KITTI,train,004105,4,0,4
4107,kitti_004106,KITTI,val,004106,0,0,0
4108,kitti_004107,KITTI,val,004107,0,1,1
4109,kitti_004108,KITTI,train,004108,4,0,4
4110,kitti_004109,KITTI,train,004109,2,0,2
4111,kitti_004110,KITTI,train,004110,0,0,0
4112,kitti_004111,KITTI,train,004111,0,0,0
4113,kitti_004112,KITTI,train,004112,2,0,2
4114,kitti_004113,KITTI,train,004113,0,0,0
4115,kitti_004114,KITTI,val,004114,1,0,1
4116,kitti_004115,KITTI,val,004115,4,0,4
4117,kitti_004116,KITTI,val,004116,0,0,0
4118,kitti_004117,KITTI,train,004117,1,0,1
4119,kitti_004118,KITTI,train,004118,1,1,2
4120,kitti_004119,KITTI,train,004119,0,0,0
4121,kitti_004120,KITTI,train,004120,3,0,3
4122,kitti_004121,KITTI,train,004121,2,0,2
4123,kitti_004122,KITTI,train,004122,0,0,0
4124,kitti_004123,KITTI,train,004123,0,0,0
4125,kitti_004124,KITTI,train,004124,5,0,5
4126,kitti_004125,KITTI,train,004125,0,0,0
4127,kitti_004126,KITTI,val,004126,4,1,5
4128,kitti_004127,KITTI,train,004127,1,0,1
4129,kitti_004128,KITTI,train,004128,1,0,1
4130,kitti_004129,KITTI,train,004129,4,0,4
4131,kitti_004130,KITTI,val,004130,3,0,3
4132,kitti_004131,KITTI,val,004131,3,0,3
4133,kitti_004132,KITTI,train,004132,4,1,5
4134,kitti_004133,KITTI,train,004133,1,0,1
4135,kitti_004134,KITTI,train,004134,1,0,1
4136,kitti_004135,KITTI,train,004135,0,0,0
4137,kitti_004136,KITTI,val,004136,0,0,0
4138,kitti_004137,KITTI,val,004137,1,0,1
4139,kitti_004138,KITTI,val,004138,0,0,0
4140,kitti_004139,KITTI,train,004139,2,0,2
4141,kitti_004140,KITTI,train,004140,2,0,2
4142,kitti_004141,KITTI,train,004141,1,0,1
4143,kitti_004142,KITTI,val,004142,3,0,3
4144,kitti_004143,KITTI,train,004143,2,0,2
4145,kitti_004144,KITTI,val,004144,3,0,3
4146,kitti_004145,KITTI,train,004145,2,0,2
4147,kitti_004146,KITTI,train,004146,1,0,1
4148,kitti_004147,KITTI,train,004147,0,0,0
4149,kitti_004148,KITTI,val,004148,1,0,1
4150,kitti_004149,KITTI,train,004149,1,0,1
4151,kitti_004150,KITTI,train,004150,1,1,2
4152,kitti_004151,KITTI,train,004151,0,0,0
4153,kitti_004152,KITTI,train,004152,1,0,1
4154,kitti_004153,KITTI,train,004153,0,0,0
4155,kitti_004154,KITTI,train,004154,1,0,1
4156,kitti_004155,KITTI,val,004155,4,0,4
4157,kitti_004156,KITTI,train,004156,2,0,2
4158,kitti_004157,KITTI,train,004157,0,0,0
4159,kitti_004158,KITTI,val,004158,0,0,0
4160,kitti_004159,KITTI,val,004159,0,0,0
4161,kitti_004160,KITTI,train,004160,1,0,1
4162,kitti_004161,KITTI,train,004161,3,0,3
4163,kitti_004162,KITTI,train,004162,2,0,2
4164,kitti_004163,KITTI,train,004163,2,0,2
4165,kitti_004164,KITTI,val,004164,3,0,3
4166,kitti_004165,KITTI,train,004165,0,0,0
4167,kitti_004166,KITTI,train,004166,1,0,1
4168,kitti_004167,KITTI,val,004167,4,0,4
4169,kitti_004168,KITTI,train,004168,2,0,2
4170,kitti_004169,KITTI,train,004169,6,1,7
4171,kitti_004170,KITTI,val,004170,0,0,0
4172,kitti_004171,KITTI,train,004171,1,1,2
4173,kitti_004172,KITTI,val,004172,2,0,2
4174,kitti_004173,KITTI,train,004173,3,0,3
4175,kitti_004174,KITTI,train,004174,2,0,2
4176,kitti_004175,KITTI,train,004175,2,0,2
4177,kitti_004176,KITTI,train,004176,0,0,0
4178,kitti_004177,KITTI,train,004177,4,0,4
4179,kitti_004178,KITTI,val,004178,0,0,0
4180,kitti_004179,KITTI,train,004179,0,0,0
4181,kitti_004180,KITTI,val,004180,1,0,1
4182,kitti_004181,KITTI,train,004181,0,0,0
4183,kitti_004182,KITTI,val,004182,2,0,2
4184,kitti_004183,KITTI,val,004183,1,0,1
4185,kitti_004184,KITTI,train,004184,5,0,5
4186,kitti_004185,KITTI,train,004185,2,1,3
4187,kitti_004186,KITTI,val,004186,1,0,1
4188,kitti_004187,KITTI,train,004187,3,0,3
4189,kitti_004188,KITTI,val,004188,3,0,3
4190,kitti_004189,KITTI,val,004189,0,0,0
4191,kitti_004190,KITTI,train,004190,0,2,2
4192,kitti_004191,KITTI,train,004191,0,1,1
4193,kitti_004192,KITTI,train,004192,0,0,0
4194,kitti_004193,KITTI,train,004193,0,0,0
4195,kitti_004194,KITTI,train,004194,0,0,0
4196,kitti_004195,KITTI,train,004195,2,0,2
4197,kitti_004196,KITTI,val,004196,5,0,5
4198,kitti_004197,KITTI,train,004197,2,0,2
4199,kitti_004198,KITTI,train,004198,2,0,2
4200,kitti_004199,KITTI,train,004199,3,0,3
4201,kitti_004200,KITTI,val,004200,2,1,3
4202,kitti_004201,KITTI,train,004201,0,0,0
4203,kitti_004202,KITTI,train,004202,1,0,1
4204,kitti_004203,KITTI,val,004203,0,0,0
4205,kitti_004204,KITTI,train,004204,0,0,0
4206,kitti_004205,KITTI,val,004205,2,0,2
4207,kitti_004206,KITTI,train,004206,0,0,0
4208,kitti_004207,KITTI,train,004207,1,0,1
4209,kitti_004208,KITTI,train,004208,0,0,0
4210,kitti_004209,KITTI,train,004209,0,1,1
4211,kitti_004210,KITTI,train,004210,3,0,3
4212,kitti_004211,KITTI,train,004211,0,0,0
4213,kitti_004212,KITTI,train,004212,1,0,1
4214,kitti_004213,KITTI,train,004213,1,0,1
4215,kitti_004214,KITTI,train,004214,0,1,1
4216,kitti_004215,KITTI,train,004215,3,0,3
4217,kitti_004216,KITTI,train,004216,0,0,0
4218,kitti_004217,KITTI,val,004217,1,0,1
4219,kitti_004218,KITTI,train,004218,0,0,0
4220,kitti_004219,KITTI,train,004219,0,0,0
4221,kitti_004220,KITTI,train,004220,2,0,2
4222,kitti_004221,KITTI,train,004221,2,0,2
4223,kitti_004222,KITTI,train,004222,0,0,0
4224,kitti_004223,KITTI,train,004223,1,0,1
4225,kitti_004224,KITTI,train,004224,0,0,0
4226,kitti_004225,KITTI,train,004225,1,0,1
4227,kitti_004226,KITTI,train,004226,2,1,3
4228,kitti_004227,KITTI,val,004227,0,0,0
4229,kitti_004228,KITTI,train,004228,2,0,2
4230,kitti_004229,KITTI,train,004229,2,1,3
4231,kitti_004230,KITTI,train,004230,0,0,0
4232,kitti_004231,KITTI,train,004231,1,0,1
4233,kitti_004232,KITTI,train,004232,3,0,3
4234,kitti_004233,KITTI,train,004233,1,0,1
4235,kitti_004234,KITTI,train,004234,0,0,0
4236,kitti_004235,KITTI,train,004235,6,0,6
4237,kitti_004236,KITTI,train,004236,2,1,3
4238,kitti_004237,KITTI,train,004237,0,0,0
4239,kitti_004238,KITTI,val,004238,1,0,1
4240,kitti_004239,KITTI,val,004239,0,0,0
4241,kitti_004240,KITTI,train,004240,1,0,1
4242,kitti_004241,KITTI,train,004241,2,0,2
4243,kitti_004242,KITTI,train,004242,1,0,1
4244,kitti_004243,KITTI,train,004243,1,2,3
4245,kitti_004244,KITTI,val,004244,1,0,1
4246,kitti_004245,KITTI,train,004245,5,1,6
4247,kitti_004246,KITTI,train,004246,2,0,2
4248,kitti_004247,KITTI,train,004247,0,0,0
4249,kitti_004248,KITTI,train,004248,0,1,1
4250,kitti_004249,KITTI,val,004249,1,0,1
4251,kitti_004250,KITTI,train,004250,2,0,2
4252,kitti_004251,KITTI,train,004251,0,0,0
4253,kitti_004252,KITTI,train,004252,0,0,0
4254,kitti_004253,KITTI,train,004253,3,0,3
4255,kitti_004254,KITTI,val,004254,0,2,2
4256,kitti_004255,KITTI,val,004255,3,0,3
4257,kitti_004256,KITTI,train,004256,5,0,5
4258,kitti_004257,KITTI,val,004257,1,0,1
4259,kitti_004258,KITTI,train,004258,0,0,0
4260,kitti_004259,KITTI,train,004259,5,0,5
4261,kitti_004260,KITTI,train,004260,1,0,1
4262,kitti_004261,KITTI,val,004261,2,0,2
4263,kitti_004262,KITTI,val,004262,2,0,2
4264,kitti_004263,KITTI,train,004263,4,0,4
4265,kitti_004264,KITTI,train,004264,1,0,1
4266,kitti_004265,KITTI,train,004265,0,0,0
4267,kitti_004266,KITTI,train,004266,1,0,1
4268,kitti_004267,KITTI,train,004267,2,0,2
4269,kitti_004268,KITTI,train,004268,2,0,2
4270,kitti_004269,KITTI,train,004269,4,0,4
4271,kitti_004270,KITTI,train,004270,0,1,1
4272,kitti_004271,KITTI,val,004271,0,1,1
4273,kitti_004272,KITTI,train,004272,3,0,3
4274,kitti_004273,KITTI,train,004273,2,0,2
4275,kitti_004274,KITTI,train,004274,2,0,2
4276,kitti_004275,KITTI,train,004275,1,0,1
4277,kitti_004276,KITTI,val,004276,0,0,0
4278,kitti_004277,KITTI,train,004277,3,0,3
4279,kitti_004278,KITTI,val,004278,0,0,0
4280,kitti_004279,KITTI,train,004279,0,0,0
4281,kitti_004280,KITTI,train,004280,1,0,1
4282,kitti_004281,KITTI,val,004281,2,1,3
4283,kitti_004282,KITTI,train,004282,2,0,2
4284,kitti_004283,KITTI,val,004283,2,0,2
4285,kitti_004284,KITTI,train,004284,4,0,4
4286,kitti_004285,KITTI,train,004285,5,0,5
4287,kitti_004286,KITTI,train,004286,1,1,2
4288,kitti_004287,KITTI,train,004287,3,0,3
4289,kitti_004288,KITTI,train,004288,0,0,0
4290,kitti_004289,KITTI,val,004289,4,0,4
4291,kitti_004290,KITTI,train,004290,0,0,0
4292,kitti_004291,KITTI,train,004291,4,0,4
4293,kitti_004292,KITTI,train,004292,5,0,5
4294,kitti_004293,KITTI,train,004293,2,0,2
4295,kitti_004294,KITTI,train,004294,2,0,2
4296,kitti_004295,KITTI,val,004295,0,0,0
4297,kitti_004296,KITTI,val,004296,1,0,1
4298,kitti_004297,KITTI,train,004297,2,0,2
4299,kitti_004298,KITTI,val,004298,0,0,0
4300,kitti_004299,KITTI,train,004299,0,0,0
4301,kitti_004300,KITTI,train,004300,3,0,3
4302,kitti_004301,KITTI,train,004301,1,0,1
4303,kitti_004302,KITTI,train,004302,1,0,1
4304,kitti_004303,KITTI,train,004303,1,0,1
4305,kitti_004304,KITTI,train,004304,0,0,0
4306,kitti_004305,KITTI,val,004305,3,0,3
4307,kitti_004306,KITTI,val,004306,2,0,2
4308,kitti_004307,KITTI,val,004307,2,0,2
4309,kitti_004308,KITTI,train,004308,0,0,0
4310,kitti_004309,KITTI,train,004309,1,0,1
4311,kitti_004310,KITTI,train,004310,0,0,0
4312,kitti_004311,KITTI,train,004311,1,0,1
4313,kitti_004312,KITTI,train,004312,3,0,3
4314,kitti_004313,KITTI,train,004313,3,0,3
4315,kitti_004314,KITTI,train,004314,2,0,2
4316,kitti_004315,KITTI,train,004315,1,0,1
4317,kitti_004316,KITTI,train,004316,1,0,1
4318,kitti_004317,KITTI,train,004317,7,1,8
4319,kitti_004318,KITTI,train,004318,4,0,4
4320,kitti_004319,KITTI,val,004319,2,0,2
4321,kitti_004320,KITTI,train,004320,0,0,0
4322,kitti_004321,KITTI,train,004321,1,0,1
4323,kitti_004322,KITTI,train,004322,1,0,1
4324,kitti_004323,KITTI,train,004323,0,0,0
4325,kitti_004324,KITTI,val,004324,1,0,1
4326,kitti_004325,KITTI,train,004325,0,0,0
4327,kitti_004326,KITTI,train,004326,4,1,5
4328,kitti_004327,KITTI,train,004327,3,0,3
4329,kitti_004328,KITTI,train,004328,3,0,3
4330,kitti_004329,KITTI,train,004329,1,1,2
4331,kitti_004330,KITTI,train,004330,2,0,2
4332,kitti_004331,KITTI,train,004331,1,0,1
4333,kitti_004332,KITTI,train,004332,2,0,2
4334,kitti_004333,KITTI,train,004333,2,0,2
4335,kitti_004334,KITTI,train,004334,1,0,1
4336,kitti_004335,KITTI,train,004335,5,0,5
4337,kitti_004336,KITTI,train,004336,3,0,3
4338,kitti_004337,KITTI,train,004337,0,0,0
4339,kitti_004338,KITTI,val,004338,1,0,1
4340,kitti_004339,KITTI,train,004339,2,0,2
4341,kitti_004340,KITTI,train,004340,2,0,2
4342,kitti_004341,KITTI,train,004341,1,1,2
4343,kitti_004342,KITTI,train,004342,0,0,0
4344,kitti_004343,KITTI,val,004343,0,5,5
4345,kitti_004344,KITTI,val,004344,1,0,1
4346,kitti_004345,KITTI,train,004345,1,0,1
4347,kitti_004346,KITTI,train,004346,0,0,0
4348,kitti_004347,KITTI,train,004347,0,0,0
4349,kitti_004348,KITTI,val,004348,3,0,3
4350,kitti_004349,KITTI,train,004349,2,1,3
4351,kitti_004350,KITTI,train,004350,2,0,2
4352,kitti_004351,KITTI,train,004351,1,0,1
4353,kitti_004352,KITTI,train,004352,2,0,2
4354,kitti_004353,KITTI,train,004353,1,0,1
4355,kitti_004354,KITTI,train,004354,0,0,0
4356,kitti_004355,KITTI,train,004355,5,0,5
4357,kitti_004356,KITTI,train,004356,0,0,0
4358,kitti_004357,KITTI,train,004357,0,0,0
4359,kitti_004358,KITTI,train,004358,3,0,3
4360,kitti_004359,KITTI,train,004359,0,5,5
4361,kitti_004360,KITTI,val,004360,3,0,3
4362,kitti_004361,KITTI,val,004361,0,0,0
4363,kitti_004362,KITTI,train,004362,6,0,6
4364,kitti_004363,KITTI,train,004363,3,0,3
4365,kitti_004364,KITTI,val,004364,2,0,2
4366,kitti_004365,KITTI,train,004365,1,0,1
4367,kitti_004366,KITTI,val,004366,1,0,1
4368,kitti_004367,KITTI,val,004367,0,0,0
4369,kitti_004368,KITTI,val,004368,1,1,2
4370,kitti_004369,KITTI,train,004369,3,0,3
4371,kitti_004370,KITTI,train,004370,2,0,2
4372,kitti_004371,KITTI,val,004371,2,0,2
4373,kitti_004372,KITTI,val,004372,4,0,4
4374,kitti_004373,KITTI,val,004373,0,0,0
4375,kitti_004374,KITTI,train,004374,6,1,7
4376,kitti_004375,KITTI,train,004375,1,0,1
4377,kitti_004376,KITTI,train,004376,0,1,1
4378,kitti_004377,KITTI,train,004377,4,0,4
4379,kitti_004378,KITTI,train,004378,1,0,1
4380,kitti_004379,KITTI,val,004379,10,1,11
4381,kitti_004380,KITTI,train,004380,1,0,1
4382,kitti_004381,KITTI,val,004381,1,0,1
4383,kitti_004382,KITTI,train,004382,2,0,2
4384,kitti_004383,KITTI,train,004383,1,0,1
4385,kitti_004384,KITTI,train,004384,5,0,5
4386,kitti_004385,KITTI,train,004385,1,0,1
4387,kitti_004386,KITTI,train,004386,0,0,0
4388,kitti_004387,KITTI,train,004387,2,0,2
4389,kitti_004388,KITTI,val,004388,4,0,4
4390,kitti_004389,KITTI,train,004389,2,0,2
4391,kitti_004390,KITTI,train,004390,5,0,5
4392,kitti_004391,KITTI,train,004391,1,0,1
4393,kitti_004392,KITTI,train,004392,2,0,2
4394,kitti_004393,KITTI,train,004393,0,0,0
4395,kitti_004394,KITTI,train,004394,0,0,0
4396,kitti_004395,KITTI,train,004395,1,0,1
4397,kitti_004396,KITTI,val,004396,4,0,4
4398,kitti_004397,KITTI,train,004397,3,1,4
4399,kitti_004398,KITTI,val,004398,0,0,0
4400,kitti_004399,KITTI,train,004399,0,0,0
4401,kitti_004400,KITTI,train,004400,0,0,0
4402,kitti_004401,KITTI,train,004401,3,0,3
4403,kitti_004402,KITTI,train,004402,2,1,3
4404,kitti_004403,KITTI,train,004403,0,0,0
4405,kitti_004404,KITTI,train,004404,3,0,3
4406,kitti_004405,KITTI,train,004405,0,0,0
4407,kitti_004406,KITTI,val,004406,3,0,3
4408,kitti_004407,KITTI,train,004407,3,0,3
4409,kitti_004408,KITTI,train,004408,2,1,3
4410,kitti_004409,KITTI,train,004409,2,0,2
4411,kitti_004410,KITTI,train,004410,4,0,4
4412,kitti_004411,KITTI,train,004411,3,0,3
4413,kitti_004412,KITTI,train,004412,0,0,0
4414,kitti_004413,KITTI,train,004413,2,0,2
4415,kitti_004414,KITTI,train,004414,5,0,5
4416,kitti_004415,KITTI,train,004415,2,0,2
4417,kitti_004416,KITTI,train,004416,1,0,1
4418,kitti_004417,KITTI,val,004417,3,0,3
4419,kitti_004418,KITTI,train,004418,0,0,0
4420,kitti_004419,KITTI,train,004419,4,1,5
4421,kitti_004420,KITTI,train,004420,1,0,1
4422,kitti_004421,KITTI,train,004421,2,0,2
4423,kitti_004422,KITTI,train,004422,0,1,1
4424,kitti_004423,KITTI,train,004423,1,0,1
4425,kitti_004424,KITTI,train,004424,1,0,1
4426,kitti_004425,KITTI,train,004425,1,0,1
4427,kitti_004426,KITTI,train,004426,3,0,3
4428,kitti_004427,KITTI,train,004427,1,0,1
4429,kitti_004428,KITTI,train,004428,0,0,0
4430,kitti_004429,KITTI,val,004429,1,0,1
4431,kitti_004430,KITTI,train,004430,0,0,0
4432,kitti_004431,KITTI,train,004431,4,0,4
4433,kitti_004432,KITTI,train,004432,3,0,3
4434,kitti_004433,KITTI,val,004433,3,0,3
4435,kitti_004434,KITTI,train,004434,2,0,2
4436,kitti_004435,KITTI,train,004435,2,2,4
4437,kitti_004436,KITTI,train,004436,0,2,2
4438,kitti_004437,KITTI,val,004437,0,0,0
4439,kitti_004438,KITTI,val,004438,1,1,2
4440,kitti_004439,KITTI,train,004439,1,0,1
4441,kitti_004440,KITTI,train,004440,3,0,3
4442,kitti_004441,KITTI,train,004441,0,0,0
4443,kitti_004442,KITTI,train,004442,0,0,0
4444,kitti_004443,KITTI,train,004443,0,0,0
4445,kitti_004444,KITTI,train,004444,1,0,1
4446,kitti_004445,KITTI,train,004445,0,0,0
4447,kitti_004446,KITTI,train,004446,0,0,0
4448,kitti_004447,KITTI,train,004447,0,1,1
4449,kitti_004448,KITTI,train,004448,0,0,0
4450,kitti_004449,KITTI,train,004449,0,0,0
4451,kitti_004450,KITTI,train,004450,0,1,1
4452,kitti_004451,KITTI,val,004451,1,1,2
4453,kitti_004452,KITTI,val,004452,3,0,3
4454,kitti_004453,KITTI,train,004453,1,0,1
4455,kitti_004454,KITTI,train,004454,0,0,0
4456,kitti_004455,KITTI,val,004455,3,0,3
4457,kitti_004456,KITTI,train,004456,2,0,2
4458,kitti_004457,KITTI,val,004457,1,0,1
4459,kitti_004458,KITTI,train,004458,0,0,0
4460,kitti_004459,KITTI,train,004459,4,0,4
4461,kitti_004460,KITTI,train,004460,3,1,4
4462,kitti_004461,KITTI,train,004461,3,0,3
4463,kitti_004462,KITTI,train,004462,3,0,3
4464,kitti_004463,KITTI,train,004463,0,0,0
4465,kitti_004464,KITTI,train,004464,1,0,1
4466,kitti_004465,KITTI,train,004465,2,0,2
4467,kitti_004466,KITTI,train,004466,1,1,2
4468,kitti_004467,KITTI,train,004467,0,0,0
4469,kitti_004468,KITTI,train,004468,2,0,2
4470,kitti_004469,KITTI,train,004469,0,0,0
4471,kitti_004470,KITTI,val,004470,0,0,0
4472,kitti_004471,KITTI,train,004471,3,0,3
4473,kitti_004472,KITTI,train,004472,1,0,1
4474,kitti_004473,KITTI,val,004473,1,0,1
4475,kitti_004474,KITTI,val,004474,1,0,1
4476,kitti_004475,KITTI,val,004475,5,0,5
4477,kitti_004476,KITTI,train,004476,2,0,2
4478,kitti_004477,KITTI,train,004477,3,0,3
4479,kitti_004478,KITTI,train,004478,3,1,4
4480,kitti_004479,KITTI,train,004479,5,1,6
4481,kitti_004480,KITTI,val,004480,3,1,4
4482,kitti_004481,KITTI,train,004481,1,0,1
4483,kitti_004482,KITTI,train,004482,0,0,0
4484,kitti_004483,KITTI,val,004483,0,0,0
4485,kitti_004484,KITTI,val,004484,1,1,2
4486,kitti_004485,KITTI,train,004485,2,1,3
4487,kitti_004486,KITTI,train,004486,2,0,2
4488,kitti_004487,KITTI,train,004487,1,0,1
4489,kitti_004488,KITTI,train,004488,0,0,0
4490,kitti_004489,KITTI,train,004489,0,0,0
4491,kitti_004490,KITTI,train,004490,2,0,2
4492,kitti_004491,KITTI,train,004491,1,0,1
4493,kitti_004492,KITTI,train,004492,1,1,2
4494,kitti_004493,KITTI,train,004493,4,0,4
4495,kitti_004494,KITTI,train,004494,1,0,1
4496,kitti_004495,KITTI,train,004495,0,0,0
4497,kitti_004496,KITTI,train,004496,2,0,2
4498,kitti_004497,KITTI,train,004497,5,0,5
4499,kitti_004498,KITTI,val,004498,1,0,1
4500,kitti_004499,KITTI,train,004499,1,0,1
4501,kitti_004500,KITTI,val,004500,7,0,7
4502,kitti_004501,KITTI,val,004501,2,1,3
4503,kitti_004502,KITTI,train,004502,0,0,0
4504,kitti_004503,KITTI,train,004503,1,0,1
4505,kitti_004504,KITTI,train,004504,0,2,2
4506,kitti_004505,KITTI,val,004505,1,0,1
4507,kitti_004506,KITTI,train,004506,0,0,0
4508,kitti_004507,KITTI,train,004507,2,0,2
4509,kitti_004508,KITTI,val,004508,0,0,0
4510,kitti_004509,KITTI,train,004509,0,0,0
4511,kitti_004510,KITTI,train,004510,2,0,2
4512,kitti_004511,KITTI,val,004511,0,2,2
4513,kitti_004512,KITTI,val,004512,7,0,7
4514,kitti_004513,KITTI,train,004513,2,0,2
4515,kitti_004514,KITTI,train,004514,0,0,0
4516,kitti_004515,KITTI,train,004515,2,0,2
4517,kitti_004516,KITTI,train,004516,1,0,1
4518,kitti_004517,KITTI,train,004517,0,1,1
4519,kitti_004518,KITTI,train,004518,0,0,0
4520,kitti_004519,KITTI,train,004519,0,1,1
4521,kitti_004520,KITTI,train,004520,3,0,3
4522,kitti_004521,KITTI,train,004521,0,0,0
4523,kitti_004522,KITTI,train,004522,1,0,1
4524,kitti_004523,KITTI,train,004523,0,0,0
4525,kitti_004524,KITTI,train,004524,3,0,3
4526,kitti_004525,KITTI,train,004525,1,0,1
4527,kitti_004526,KITTI,train,004526,1,1,2
4528,kitti_004527,KITTI,val,004527,2,0,2
4529,kitti_004528,KITTI,train,004528,6,2,8
4530,kitti_004529,KITTI,val,004529,0,0,0
4531,kitti_004530,KITTI,train,004530,2,1,3
4532,kitti_004531,KITTI,train,004531,0,0,0
4533,kitti_004532,KITTI,train,004532,2,0,2
4534,kitti_004533,KITTI,train,004533,1,0,1
4535,kitti_004534,KITTI,val,004534,4,1,5
4536,kitti_004535,KITTI,train,004535,0,0,0
4537,kitti_004536,KITTI,train,004536,1,0,1
4538,kitti_004537,KITTI,train,004537,2,0,2
4539,kitti_004538,KITTI,train,004538,1,0,1
4540,kitti_004539,KITTI,val,004539,1,0,1
4541,kitti_004540,KITTI,train,004540,2,0,2
4542,kitti_004541,KITTI,train,004541,4,0,4
4543,kitti_004542,KITTI,train,004542,1,0,1
4544,kitti_004543,KITTI,val,004543,0,0,0
4545,kitti_004544,KITTI,val,004544,0,0,0
4546,kitti_004545,KITTI,train,004545,0,0,0
4547,kitti_004546,KITTI,train,004546,0,0,0
4548,kitti_004547,KITTI,train,004547,4,0,4
4549,kitti_004548,KITTI,train,004548,2,1,3
4550,kitti_004549,KITTI,train,004549,4,0,4
4551,kitti_004550,KITTI,train,004550,2,0,2
4552,kitti_004551,KITTI,val,004551,1,0,1
4553,kitti_004552,KITTI,train,004552,0,0,0
4554,kitti_004553,KITTI,train,004553,0,0,0
4555,kitti_004554,KITTI,train,004554,4,0,4
4556,kitti_004555,KITTI,train,004555,0,0,0
4557,kitti_004556,KITTI,train,004556,4,0,4
4558,kitti_004557,KITTI,train,004557,2,0,2
4559,kitti_004558,KITTI,train,004558,3,0,3
4560,kitti_004559,KITTI,train,004559,1,0,1
4561,kitti_004560,KITTI,val,004560,2,0,2
4562,kitti_004561,KITTI,val,004561,3,0,3
4563,kitti_004562,KITTI,train,004562,2,0,2
4564,kitti_004563,KITTI,train,004563,3,0,3
4565,kitti_004564,KITTI,train,004564,0,0,0
4566,kitti_004565,KITTI,train,004565,5,1,6
4567,kitti_004566,KITTI,val,004566,0,0,0
4568,kitti_004567,KITTI,train,004567,4,0,4
4569,kitti_004568,KITTI,train,004568,1,0,1
4570,kitti_004569,KITTI,val,004569,4,0,4
4571,kitti_004570,KITTI,train,004570,1,0,1
4572,kitti_004571,KITTI,train,004571,0,0,0
4573,kitti_004572,KITTI,val,004572,2,0,2
4574,kitti_004573,KITTI,train,004573,4,0,4
4575,kitti_004574,KITTI,train,004574,2,1,3
4576,kitti_004575,KITTI,train,004575,1,0,1
4577,kitti_004576,KITTI,train,004576,3,1,4
4578,kitti_004577,KITTI,val,004577,2,0,2
4579,kitti_004578,KITTI,train,004578,2,0,2
4580,kitti_004579,KITTI,train,004579,2,0,2
4581,kitti_004580,KITTI,train,004580,0,0,0
4582,kitti_004581,KITTI,train,004581,0,1,1
4583,kitti_004582,KITTI,train,004582,1,0,1
4584,kitti_004583,KITTI,val,004583,2,0,2
4585,kitti_004584,KITTI,train,004584,1,0,1
4586,kitti_004585,KITTI,train,004585,1,0,1
4587,kitti_004586,KITTI,val,004586,1,0,1
4588,kitti_004587,KITTI,val,004587,2,0,2
4589,kitti_004588,KITTI,train,004588,0,5,5
4590,kitti_004589,KITTI,val,004589,0,0,0
4591,kitti_004590,KITTI,train,004590,3,0,3
4592,kitti_004591,KITTI,train,004591,2,0,2
4593,kitti_004592,KITTI,val,004592,0,0,0
4594,kitti_004593,KITTI,val,004593,1,0,1
4595,kitti_004594,KITTI,train,004594,0,0,0
4596,kitti_004595,KITTI,train,004595,0,0,0
4597,kitti_004596,KITTI,train,004596,2,0,2
4598,kitti_004597,KITTI,train,004597,0,0,0
4599,kitti_004598,KITTI,train,004598,3,0,3
4600,kitti_004599,KITTI,val,004599,2,0,2
4601,kitti_004600,KITTI,val,004600,1,0,1
4602,kitti_004601,KITTI,train,004601,4,1,5
4603,kitti_004602,KITTI,train,004602,3,0,3
4604,kitti_004603,KITTI,train,004603,2,0,2
4605,kitti_004604,KITTI,train,004604,2,0,2
4606,kitti_004605,KITTI,train,004605,0,0,0
4607,kitti_004606,KITTI,train,004606,3,0,3
4608,kitti_004607,KITTI,train,004607,2,0,2
4609,kitti_004608,KITTI,train,004608,0,1,1
4610,kitti_004609,KITTI,train,004609,2,0,2
4611,kitti_004610,KITTI,train,004610,5,0,5
4612,kitti_004611,KITTI,train,004611,4,0,4
4613,kitti_004612,KITTI,train,004612,0,0,0
4614,kitti_004613,KITTI,train,004613,1,0,1
4615,kitti_004614,KITTI,train,004614,0,0,0
4616,kitti_004615,KITTI,train,004615,2,0,2
4617,kitti_004616,KITTI,train,004616,0,0,0
4618,kitti_004617,KITTI,train,004617,2,0,2
4619,kitti_004618,KITTI,train,004618,1,1,2
4620,kitti_004619,KITTI,train,004619,5,0,5
4621,kitti_004620,KITTI,train,004620,1,0,1
4622,kitti_004621,KITTI,val,004621,0,0,0
4623,kitti_004622,KITTI,train,004622,3,0,3
4624,kitti_004623,KITTI,train,004623,1,0,1
4625,kitti_004624,KITTI,train,004624,1,0,1
4626,kitti_004625,KITTI,train,004625,0,0,0
4627,kitti_004626,KITTI,train,004626,1,0,1
4628,kitti_004627,KITTI,train,004627,0,0,0
4629,kitti_004628,KITTI,train,004628,0,0,0
4630,kitti_004629,KITTI,train,004629,3,0,3
4631,kitti_004630,KITTI,train,004630,3,0,3
4632,kitti_004631,KITTI,train,004631,0,0,0
4633,kitti_004632,KITTI,train,004632,2,0,2
4634,kitti_004633,KITTI,val,004633,2,0,2
4635,kitti_004634,KITTI,train,004634,0,0,0
4636,kitti_004635,KITTI,train,004635,3,0,3
4637,kitti_004636,KITTI,train,004636,1,0,1
4638,kitti_004637,KITTI,train,004637,0,0,0
4639,kitti_004638,KITTI,train,004638,4,0,4
4640,kitti_004639,KITTI,train,004639,3,0,3
4641,kitti_004640,KITTI,train,004640,2,0,2
4642,kitti_004641,KITTI,val,004641,5,0,5
4643,kitti_004642,KITTI,train,004642,3,0,3
4644,kitti_004643,KITTI,train,004643,2,0,2
4645,kitti_004644,KITTI,train,004644,2,0,2
4646,kitti_004645,KITTI,val,004645,1,0,1
4647,kitti_004646,KITTI,val,004646,0,0,0
4648,kitti_004647,KITTI,train,004647,6,0,6
4649,kitti_004648,KITTI,train,004648,0,0,0
4650,kitti_004649,KITTI,val,004649,5,0,5
4651,kitti_004650,KITTI,train,004650,0,1,1
4652,kitti_004651,KITTI,train,004651,0,0,0
4653,kitti_004652,KITTI,train,004652,3,0,3
4654,kitti_004653,KITTI,val,004653,0,3,3
4655,kitti_004654,KITTI,train,004654,0,0,0
4656,kitti_004655,KITTI,train,004655,0,0,0
4657,kitti_004656,KITTI,train,004656,0,0,0
4658,kitti_004657,KITTI,train,004657,1,0,1
4659,kitti_004658,KITTI,val,004658,2,1,3
4660,kitti_004659,KITTI,train,004659,1,0,1
4661,kitti_004660,KITTI,train,004660,0,0,0
4662,kitti_004661,KITTI,train,004661,2,0,2
4663,kitti_004662,KITTI,val,004662,0,0,0
4664,kitti_004663,KITTI,train,004663,3,0,3
4665,kitti_004664,KITTI,train,004664,4,1,5
4666,kitti_004665,KITTI,val,004665,1,0,1
4667,kitti_004666,KITTI,train,004666,1,0,1
4668,kitti_004667,KITTI,train,004667,0,0,0
4669,kitti_004668,KITTI,train,004668,6,0,6
4670,kitti_004669,KITTI,train,004669,3,0,3
4671,kitti_004670,KITTI,train,004670,1,0,1
4672,kitti_004671,KITTI,train,004671,1,3,4
4673,kitti_004672,KITTI,train,004672,0,0,0
4674,kitti_004673,KITTI,train,004673,1,0,1
4675,kitti_004674,KITTI,train,004674,0,0,0
4676,kitti_004675,KITTI,train,004675,2,0,2
4677,kitti_004676,KITTI,val,004676,4,0,4
4678,kitti_004677,KITTI,train,004677,2,0,2
4679,kitti_004678,KITTI,train,004678,0,0,0
4680,kitti_004679,KITTI,val,004679,0,0,0
4681,kitti_004680,KITTI,train,004680,1,0,1
4682,kitti_004681,KITTI,train,004681,2,0,2
4683,kitti_004682,KITTI,train,004682,0,0,0
4684,kitti_004683,KITTI,train,004683,1,0,1
4685,kitti_004684,KITTI,train,004684,0,0,0
4686,kitti_004685,KITTI,train,004685,1,0,1
4687,kitti_004686,KITTI,train,004686,0,1,1
4688,kitti_004687,KITTI,train,004687,2,1,3
4689,kitti_004688,KITTI,train,004688,0,0,0
4690,kitti_004689,KITTI,train,004689,1,0,1
4691,kitti_004690,KITTI,val,004690,2,0,2
4692,kitti_004691,KITTI,val,004691,3,0,3
4693,kitti_004692,KITTI,val,004692,1,0,1
4694,kitti_004693,KITTI,train,004693,3,2,5
4695,kitti_004694,KITTI,train,004694,0,0,0
4696,kitti_004695,KITTI,val,004695,1,0,1
4697,kitti_004696,KITTI,train,004696,0,0,0
4698,kitti_004697,KITTI,train,004697,2,0,2
4699,kitti_004698,KITTI,train,004698,3,2,5
4700,kitti_004699,KITTI,train,004699,4,0,4
4701,kitti_004700,KITTI,val,004700,2,0,2
4702,kitti_004701,KITTI,train,004701,4,0,4
4703,kitti_004702,KITTI,train,004702,3,0,3
4704,kitti_004703,KITTI,train,004703,0,0,0
4705,kitti_004704,KITTI,train,004704,0,0,0
4706,kitti_004705,KITTI,train,004705,3,0,3
4707,kitti_004706,KITTI,val,004706,2,0,2
4708,kitti_004707,KITTI,train,004707,3,0,3
4709,kitti_004708,KITTI,val,004708,2,0,2
4710,kitti_004709,KITTI,train,004709,0,0,0
4711,kitti_004710,KITTI,train,004710,1,0,1
4712,kitti_004711,KITTI,train,004711,3,0,3
4713,kitti_004712,KITTI,val,004712,2,0,2
4714,kitti_004713,KITTI,train,004713,2,0,2
4715,kitti_004714,KITTI,train,004714,2,0,2
4716,kitti_004715,KITTI,train,004715,0,1,1
4717,kitti_004716,KITTI,train,004716,3,0,3
4718,kitti_004717,KITTI,train,004717,0,0,0
4719,kitti_004718,KITTI,train,004718,2,0,2
4720,kitti_004719,KITTI,train,004719,0,0,0
4721,kitti_004720,KITTI,train,004720,2,0,2
4722,kitti_004721,KITTI,train,004721,2,0,2
4723,kitti_004722,KITTI,train,004722,0,2,2
4724,kitti_004723,KITTI,train,004723,0,0,0
4725,kitti_004724,KITTI,train,004724,0,0,0
4726,kitti_004725,KITTI,val,004725,3,1,4
4727,kitti_004726,KITTI,val,004726,3,0,3
4728,kitti_004727,KITTI,train,004727,0,0,0
4729,kitti_004728,KITTI,train,004728,3,0,3
4730,kitti_004729,KITTI,train,004729,8,1,9
4731,kitti_004730,KITTI,val,004730,5,0,5
4732,kitti_004731,KITTI,train,004731,0,0,0
4733,kitti_004732,KITTI,val,004732,2,0,2
4734,kitti_004733,KITTI,train,004733,0,0,0
4735,kitti_004734,KITTI,train,004734,0,1,1
4736,kitti_004735,KITTI,train,004735,5,0,5
4737,kitti_004736,KITTI,val,004736,5,0,5
4738,kitti_004737,KITTI,train,004737,2,0,2
4739,kitti_004738,KITTI,val,004738,2,0,2
4740,kitti_004739,KITTI,train,004739,3,1,4
4741,kitti_004740,KITTI,train,004740,2,0,2
4742,kitti_004741,KITTI,train,004741,0,0,0
4743,kitti_004742,KITTI,train,004742,0,0,0
4744,kitti_004743,KITTI,train,004743,0,1,1
4745,kitti_004744,KITTI,train,004744,5,0,5
4746,kitti_004745,KITTI,train,004745,2,0,2
4747,kitti_004746,KITTI,train,004746,4,1,5
4748,kitti_004747,KITTI,train,004747,0,0,0
4749,kitti_004748,KITTI,val,004748,2,0,2
4750,kitti_004749,KITTI,train,004749,3,0,3
4751,kitti_004750,KITTI,train,004750,1,0,1
4752,kitti_004751,KITTI,train,004751,0,0,0
4753,kitti_004752,KITTI,train,004752,2,0,2
4754,kitti_004753,KITTI,train,004753,0,0,0
4755,kitti_004754,KITTI,train,004754,3,0,3
4756,kitti_004755,KITTI,val,004755,0,0,0
4757,kitti_004756,KITTI,train,004756,0,0,0
4758,kitti_004757,KITTI,val,004757,3,0,3
4759,kitti_004758,KITTI,val,004758,0,0,0
4760,kitti_004759,KITTI,train,004759,0,0,0
4761,kitti_004760,KITTI,train,004760,0,0,0
4762,kitti_004761,KITTI,train,004761,0,0,0
4763,kitti_004762,KITTI,train,004762,0,0,0
4764,kitti_004763,KITTI,train,004763,1,0,1
4765,kitti_004764,KITTI,train,004764,3,0,3
4766,kitti_004765,KITTI,train,004765,1,0,1
4767,kitti_004766,KITTI,train,004766,6,0,6
4768,kitti_004767,KITTI,train,004767,2,0,2
4769,kitti_004768,KITTI,train,004768,1,0,1
4770,kitti_004769,KITTI,train,004769,0,1,1
4771,kitti_004770,KITTI,train,004770,4,0,4
4772,kitti_004771,KITTI,train,004771,2,0,2
4773,kitti_004772,KITTI,train,004772,0,0,0
4774,kitti_004773,KITTI,val,004773,1,0,1
4775,kitti_004774,KITTI,train,004774,1,0,1
4776,kitti_004775,KITTI,train,004775,5,1,6
4777,kitti_004776,KITTI,train,004776,3,0,3
4778,kitti_004777,KITTI,train,004777,1,0,1
4779,kitti_004778,KITTI,val,004778,2,0,2
4780,kitti_004779,KITTI,train,004779,0,0,0
4781,kitti_004780,KITTI,train,004780,0,0,0
4782,kitti_004781,KITTI,train,004781,1,0,1
4783,kitti_004782,KITTI,train,004782,0,0,0
4784,kitti_004783,KITTI,val,004783,0,0,0
4785,kitti_004784,KITTI,train,004784,0,0,0
4786,kitti_004785,KITTI,train,004785,1,0,1
4787,kitti_004786,KITTI,train,004786,1,0,1
4788,kitti_004787,KITTI,train,004787,4,0,4
4789,kitti_004788,KITTI,train,004788,5,0,5
4790,kitti_004789,KITTI,train,004789,0,0,0
4791,kitti_004790,KITTI,train,004790,2,1,3
4792,kitti_004791,KITTI,train,004791,1,0,1
4793,kitti_004792,KITTI,val,004792,2,0,2
4794,kitti_004793,KITTI,train,004793,3,0,3
4795,kitti_004794,KITTI,train,004794,0,0,0
4796,kitti_004795,KITTI,train,004795,0,0,0
4797,kitti_004796,KITTI,val,004796,1,0,1
4798,kitti_004797,KITTI,train,004797,0,0,0
4799,kitti_004798,KITTI,train,004798,1,0,1
4800,kitti_004799,KITTI,train,004799,2,0,2
4801,kitti_004800,KITTI,train,004800,2,0,2
4802,kitti_004801,KITTI,train,004801,1,0,1
4803,kitti_004802,KITTI,val,004802,1,0,1
4804,kitti_004803,KITTI,train,004803,0,0,0
4805,kitti_004804,KITTI,train,004804,2,0,2
4806,kitti_004805,KITTI,train,004805,1,0,1
4807,kitti_004806,KITTI,train,004806,1,0,1
4808,kitti_004807,KITTI,val,004807,0,0,0
4809,kitti_004808,KITTI,train,004808,1,0,1
4810,kitti_004809,KITTI,val,004809,1,0,1
4811,kitti_004810,KITTI,train,004810,3,0,3
4812,kitti_004811,KITTI,train,004811,1,0,1
4813,kitti_004812,KITTI,train,004812,0,0,0
4814,kitti_004813,KITTI,train,004813,0,0,0
4815,kitti_004814,KITTI,train,004814,1,0,1
4816,kitti_004815,KITTI,val,004815,0,0,0
4817,kitti_004816,KITTI,train,004816,1,0,1
4818,kitti_004817,KITTI,train,004817,0,0,0
4819,kitti_004818,KITTI,val,004818,1,0,1
4820,kitti_004819,KITTI,val,004819,3,0,3
4821,kitti_004820,KITTI,train,004820,0,1,1
4822,kitti_004821,KITTI,val,004821,3,0,3
4823,kitti_004822,KITTI,train,004822,4,0,4
4824,kitti_004823,KITTI,val,004823,0,1,1
4825,kitti_004824,KITTI,train,004824,1,0,1
4826,kitti_004825,KITTI,train,004825,2,0,2
4827,kitti_004826,KITTI,train,004826,0,0,0
4828,kitti_004827,KITTI,train,004827,2,0,2
4829,kitti_004828,KITTI,train,004828,2,1,3
4830,kitti_004829,KITTI,train,004829,1,0,1
4831,kitti_004830,KITTI,train,004830,1,0,1
4832,kitti_004831,KITTI,train,004831,0,0,0
4833,kitti_004832,KITTI,train,004832,0,1,1
4834,kitti_004833,KITTI,train,004833,2,0,2
4835,kitti_004834,KITTI,train,004834,1,0,1
4836,kitti_004835,KITTI,train,004835,3,1,4
4837,kitti_004836,KITTI,train,004836,3,0,3
4838,kitti_004837,KITTI,val,004837,0,0,0
4839,kitti_004838,KITTI,train,004838,0,0,0
4840,kitti_004839,KITTI,val,004839,0,0,0
4841,kitti_004840,KITTI,train,004840,3,0,3
4842,kitti_004841,KITTI,train,004841,3,1,4
4843,kitti_004842,KITTI,val,004842,0,0,0
4844,kitti_004843,KITTI,train,004843,0,1,1
4845,kitti_004844,KITTI,val,004844,0,0,0
4846,kitti_004845,KITTI,train,004845,2,1,3
4847,kitti_004846,KITTI,train,004846,2,0,2
4848,kitti_004847,KITTI,val,004847,2,0,2
4849,kitti_004848,KITTI,train,004848,0,0,0
4850,kitti_004849,KITTI,train,004849,0,0,0
4851,kitti_004850,KITTI,train,004850,2,0,2
4852,kitti_004851,KITTI,train,004851,3,1,4
4853,kitti_004852,KITTI,train,004852,2,1,3
4854,kitti_004853,KITTI,val,004853,1,0,1
4855,kitti_004854,KITTI,val,004854,0,0,0
4856,kitti_004855,KITTI,train,004855,1,0,1
4857,kitti_004856,KITTI,train,004856,1,0,1
4858,kitti_004857,KITTI,train,004857,0,0,0
4859,kitti_004858,KITTI,train,004858,1,0,1
4860,kitti_004859,KITTI,train,004859,3,0,3
4861,kitti_004860,KITTI,train,004860,5,0,5
4862,kitti_004861,KITTI,train,004861,1,1,2
4863,kitti_004862,KITTI,train,004862,2,0,2
4864,kitti_004863,KITTI,train,004863,1,1,2
4865,kitti_004864,KITTI,train,004864,3,1,4
4866,kitti_004865,KITTI,train,004865,1,0,1
4867,kitti_004866,KITTI,train,004866,1,0,1
4868,kitti_004867,KITTI,train,004867,3,0,3
4869,kitti_004868,KITTI,val,004868,1,0,1
4870,kitti_004869,KITTI,val,004869,0,0,0
4871,kitti_004870,KITTI,val,004870,3,1,4
4872,kitti_004871,KITTI,val,004871,3,0,3
4873,kitti_004872,KITTI,train,004872,0,2,2
4874,kitti_004873,KITTI,train,004873,0,0,0
4875,kitti_004874,KITTI,train,004874,1,0,1
4876,kitti_004875,KITTI,train,004875,0,0,0
4877,kitti_004876,KITTI,train,004876,2,0,2
4878,kitti_004877,KITTI,val,004877,0,0,0
4879,kitti_004878,KITTI,train,004878,1,0,1
4880,kitti_004879,KITTI,train,004879,1,0,1
4881,kitti_004880,KITTI,train,004880,2,0,2
4882,kitti_004881,KITTI,train,004881,0,0,0
4883,kitti_004882,KITTI,val,004882,3,1,4
4884,kitti_004883,KITTI,train,004883,1,0,1
4885,kitti_004884,KITTI,train,004884,1,0,1
4886,kitti_004885,KITTI,train,004885,0,2,2
4887,kitti_004886,KITTI,train,004886,1,0,1
4888,kitti_004887,KITTI,train,004887,1,0,1
4889,kitti_004888,KITTI,val,004888,1,0,1
4890,kitti_004889,KITTI,val,004889,2,0,2
4891,kitti_004890,KITTI,train,004890,1,0,1
4892,kitti_004891,KITTI,train,004891,1,0,1
4893,kitti_004892,KITTI,train,004892,2,0,2
4894,kitti_004893,KITTI,train,004893,3,0,3
4895,kitti_004894,KITTI,train,004894,1,0,1
4896,kitti_004895,KITTI,train,004895,0,0,0
4897,kitti_004896,KITTI,train,004896,3,0,3
4898,kitti_004897,KITTI,train,004897,6,0,6
4899,kitti_004898,KITTI,train,004898,4,0,4
4900,kitti_004899,KITTI,train,004899,2,1,3
4901,kitti_004900,KITTI,train,004900,0,3,3
4902,kitti_004901,KITTI,val,004901,0,0,0
4903,kitti_004902,KITTI,train,004902,1,0,1
4904,kitti_004903,KITTI,train,004903,0,0,0
4905,kitti_004904,KITTI,train,004904,0,1,1
4906,kitti_004905,KITTI,val,004905,1,0,1
4907,kitti_004906,KITTI,val,004906,1,0,1
4908,kitti_004907,KITTI,val,004907,0,0,0
4909,kitti_004908,KITTI,train,004908,2,0,2
4910,kitti_004909,KITTI,train,004909,3,0,3
4911,kitti_004910,KITTI,train,004910,2,1,3
4912,kitti_004911,KITTI,train,004911,2,0,2
4913,kitti_004912,KITTI,train,004912,0,0,0
4914,kitti_004913,KITTI,train,004913,0,0,0
4915,kitti_004914,KITTI,train,004914,1,0,1
4916,kitti_004915,KITTI,train,004915,0,0,0
4917,kitti_004916,KITTI,train,004916,0,1,1
4918,kitti_004917,KITTI,train,004917,0,1,1
4919,kitti_004918,KITTI,train,004918,0,0,0
4920,kitti_004919,KITTI,train,004919,3,0,3
4921,kitti_004920,KITTI,train,004920,1,1,2
4922,kitti_004921,KITTI,train,004921,1,0,1
4923,kitti_004922,KITTI,val,004922,5,0,5
4924,kitti_004923,KITTI,train,004923,4,0,4
4925,kitti_004924,KITTI,train,004924,2,0,2
4926,kitti_004925,KITTI,train,004925,2,0,2
4927,kitti_004926,KITTI,val,004926,1,0,1
4928,kitti_004927,KITTI,train,004927,3,0,3
4929,kitti_004928,KITTI,train,004928,2,0,2
4930,kitti_004929,KITTI,train,004929,0,1,1
4931,kitti_004930,KITTI,val,004930,0,0,0
4932,kitti_004931,KITTI,train,004931,2,0,2
4933,kitti_004932,KITTI,train,004932,2,0,2
4934,kitti_004933,KITTI,train,004933,2,0,2
4935,kitti_004934,KITTI,train,004934,2,0,2
4936,kitti_004935,KITTI,train,004935,2,0,2
4937,kitti_004936,KITTI,train,004936,0,0,0
4938,kitti_004937,KITTI,val,004937,3,0,3
4939,kitti_004938,KITTI,train,004938,2,0,2
4940,kitti_004939,KITTI,train,004939,1,0,1
4941,kitti_004940,KITTI,val,004940,0,0,0
4942,kitti_004941,KITTI,train,004941,3,1,4
4943,kitti_004942,KITTI,train,004942,1,1,2
4944,kitti_004943,KITTI,train,004943,3,4,7
4945,kitti_004944,KITTI,val,004944,4,0,4
4946,kitti_004945,KITTI,train,004945,4,0,4
4947,kitti_004946,KITTI,train,004946,0,0,0
4948,kitti_004947,KITTI,val,004947,2,1,3
4949,kitti_004948,KITTI,train,004948,1,0,1
4950,kitti_004949,KITTI,train,004949,0,0,0
4951,kitti_004950,KITTI,train,004950,4,0,4
4952,kitti_004951,KITTI,train,004951,0,0,0
4953,kitti_004952,KITTI,train,004952,4,0,4
4954,kitti_004953,KITTI,train,004953,2,0,2
4955,kitti_004954,KITTI,val,004954,2,0,2
4956,kitti_004955,KITTI,train,004955,4,0,4
4957,kitti_004956,KITTI,train,004956,5,0,5
4958,kitti_004957,KITTI,train,004957,1,0,1
4959,kitti_004958,KITTI,train,004958,1,0,1
4960,kitti_004959,KITTI,train,004959,2,0,2
4961,kitti_004960,KITTI,train,004960,4,0,4
4962,kitti_004961,KITTI,val,004961,0,1,1
4963,kitti_004962,KITTI,train,004962,2,0,2
4964,kitti_004963,KITTI,train,004963,1,1,2
4965,kitti_004964,KITTI,train,004964,2,0,2
4966,kitti_004965,KITTI,train,004965,2,0,2
4967,kitti_004966,KITTI,train,004966,1,0,1
4968,kitti_004967,KITTI,train,004967,0,0,0
4969,kitti_004968,KITTI,train,004968,2,0,2
4970,kitti_004969,KITTI,val,004969,0,0,0
4971,kitti_004970,KITTI,train,004970,0,0,0
4972,kitti_004971,KITTI,train,004971,0,3,3
4973,kitti_004972,KITTI,train,004972,1,0,1
4974,kitti_004973,KITTI,train,004973,0,0,0
4975,kitti_004974,KITTI,val,004974,1,0,1
4976,kitti_004975,KITTI,train,004975,0,0,0
4977,kitti_004976,KITTI,train,004976,0,0,0
4978,kitti_004977,KITTI,train,004977,1,0,1
4979,kitti_004978,KITTI,train,004978,0,0,0
4980,kitti_004979,KITTI,train,004979,1,0,1
4981,kitti_004980,KITTI,val,004980,2,0,2
4982,kitti_004981,KITTI,train,004981,0,1,1
4983,kitti_004982,KITTI,train,004982,0,0,0
4984,kitti_004983,KITTI,val,004983,1,0,1
4985,kitti_004984,KITTI,val,004984,0,0,0
4986,kitti_004985,KITTI,train,004985,3,0,3
4987,kitti_004986,KITTI,train,004986,0,0,0
4988,kitti_004987,KITTI,train,004987,1,0,1
4989,kitti_004988,KITTI,train,004988,1,0,1
4990,kitti_004989,KITTI,train,004989,8,0,8
4991,kitti_004990,KITTI,train,004990,2,0,2
4992,kitti_004991,KITTI,val,004991,1,0,1
4993,kitti_004992,KITTI,val,004992,0,0,0
4994,kitti_004993,KITTI,train,004993,0,2,2
4995,kitti_004994,KITTI,train,004994,0,0,0
4996,kitti_004995,KITTI,train,004995,2,0,2
4997,kitti_004996,KITTI,train,004996,0,0,0
4998,kitti_004997,KITTI,train,004997,0,0,0
4999,kitti_004998,KITTI,train,004998,5,0,5
5000,kitti_004999,KITTI,val,004999,2,0,2
5001,kitti_005000,KITTI,train,005000,2,0,2
5002,kitti_005001,KITTI,train,005001,0,0,0
5003,kitti_005002,KITTI,train,005002,0,0,0
5004,kitti_005003,KITTI,train,005003,1,0,1
5005,kitti_005004,KITTI,train,005004,1,0,1
5006,kitti_005005,KITTI,train,005005,0,0,0
5007,kitti_005006,KITTI,train,005006,1,0,1
5008,kitti_005007,KITTI,train,005007,0,0,0
5009,kitti_005008,KITTI,train,005008,0,2,2
5010,kitti_005009,KITTI,train,005009,1,1,2
5011,kitti_005010,KITTI,train,005010,0,0,0
5012,kitti_005011,KITTI,train,005011,2,0,2
5013,kitti_005012,KITTI,train,005012,0,0,0
5014,kitti_005013,KITTI,train,005013,1,0,1
5015,kitti_005014,KITTI,train,005014,3,0,3
5016,kitti_005015,KITTI,train,005015,1,0,1
5017,kitti_005016,KITTI,val,005016,0,0,0
5018,kitti_005017,KITTI,train,005017,0,0,0
5019,kitti_005018,KITTI,train,005018,0,0,0
5020,kitti_005019,KITTI,train,005019,0,1,1
5021,kitti_005020,KITTI,train,005020,0,0,0
5022,kitti_005021,KITTI,train,005021,0,0,0
5023,kitti_005022,KITTI,train,005022,0,0,0
5024,kitti_005023,KITTI,train,005023,6,0,6
5025,kitti_005024,KITTI,train,005024,2,0,2
5026,kitti_005025,KITTI,val,005025,1,0,1
5027,kitti_005026,KITTI,train,005026,1,0,1
5028,kitti_005027,KITTI,train,005027,0,0,0
5029,kitti_005028,KITTI,train,005028,2,0,2
5030,kitti_005029,KITTI,train,005029,5,0,5
5031,kitti_005030,KITTI,train,005030,0,0,0
5032,kitti_005031,KITTI,val,005031,0,0,0
5033,kitti_005032,KITTI,train,005032,0,1,1
5034,kitti_005033,KITTI,train,005033,1,1,2
5035,kitti_005034,KITTI,train,005034,2,0,2
5036,kitti_005035,KITTI,train,005035,5,0,5
5037,kitti_005036,KITTI,train,005036,1,0,1
5038,kitti_005037,KITTI,train,005037,1,0,1
5039,kitti_005038,KITTI,train,005038,1,0,1
5040,kitti_005039,KITTI,train,005039,1,0,1
5041,kitti_005040,KITTI,train,005040,2,1,3
5042,kitti_005041,KITTI,train,005041,0,1,1
5043,kitti_005042,KITTI,val,005042,4,0,4
5044,kitti_005043,KITTI,train,005043,1,0,1
5045,kitti_005044,KITTI,train,005044,5,0,5
5046,kitti_005045,KITTI,train,005045,0,0,0
5047,kitti_005046,KITTI,train,005046,1,0,1
5048,kitti_005047,KITTI,train,005047,0,0,0
5049,kitti_005048,KITTI,train,005048,0,0,0
5050,kitti_005049,KITTI,train,005049,1,0,1
5051,kitti_005050,KITTI,train,005050,0,0,0
5052,kitti_005051,KITTI,train,005051,2,0,2
5053,kitti_005052,KITTI,train,005052,2,0,2
5054,kitti_005053,KITTI,train,005053,0,0,0
5055,kitti_005054,KITTI,train,005054,2,0,2
5056,kitti_005055,KITTI,val,005055,3,0,3
5057,kitti_005056,KITTI,train,005056,2,0,2
5058,kitti_005057,KITTI,train,005057,2,0,2
5059,kitti_005058,KITTI,train,005058,0,1,1
5060,kitti_005059,KITTI,train,005059,1,1,2
5061,kitti_005060,KITTI,val,005060,0,1,1
5062,kitti_005061,KITTI,train,005061,0,0,0
5063,kitti_005062,KITTI,train,005062,3,0,3
5064,kitti_005063,KITTI,train,005063,3,0,3
5065,kitti_005064,KITTI,train,005064,1,0,1
5066,kitti_005065,KITTI,val,005065,3,0,3
5067,kitti_005066,KITTI,train,005066,1,0,1
5068,kitti_005067,KITTI,train,005067,0,0,0
5069,kitti_005068,KITTI,val,005068,3,0,3
5070,kitti_005069,KITTI,train,005069,1,1,2
5071,kitti_005070,KITTI,train,005070,3,0,3
5072,kitti_005071,KITTI,train,005071,1,0,1
5073,kitti_005072,KITTI,train,005072,1,0,1
5074,kitti_005073,KITTI,train,005073,0,0,0
5075,kitti_005074,KITTI,val,005074,1,0,1
5076,kitti_005075,KITTI,train,005075,3,0,3
5077,kitti_005076,KITTI,train,005076,0,0,0
5078,kitti_005077,KITTI,train,005077,2,0,2
5079,kitti_005078,KITTI,train,005078,1,0,1
5080,kitti_005079,KITTI,train,005079,1,0,1
5081,kitti_005080,KITTI,train,005080,3,0,3
5082,kitti_005081,KITTI,train,005081,0,0,0
5083,kitti_005082,KITTI,train,005082,1,0,1
5084,kitti_005083,KITTI,train,005083,2,0,2
5085,kitti_005084,KITTI,train,005084,1,3,4
5086,kitti_005085,KITTI,train,005085,0,0,0
5087,kitti_005086,KITTI,val,005086,1,1,2
5088,kitti_005087,KITTI,val,005087,0,0,0
5089,kitti_005088,KITTI,train,005088,1,0,1
5090,kitti_005089,KITTI,train,005089,0,0,0
5091,kitti_005090,KITTI,train,005090,2,0,2
5092,kitti_005091,KITTI,train,005091,0,0,0
5093,kitti_005092,KITTI,val,005092,2,0,2
5094,kitti_005093,KITTI,val,005093,1,1,2
5095,kitti_005094,KITTI,train,005094,1,1,2
5096,kitti_005095,KITTI,val,005095,1,0,1
5097,kitti_005096,KITTI,train,005096,1,0,1
5098,kitti_005097,KITTI,val,005097,0,0,0
5099,kitti_005098,KITTI,train,005098,0,0,0
5100,kitti_005099,KITTI,train,005099,2,1,3
5101,kitti_005100,KITTI,train,005100,0,0,0
5102,kitti_005101,KITTI,train,005101,0,1,1
5103,kitti_005102,KITTI,train,005102,2,0,2
5104,kitti_005103,KITTI,train,005103,1,0,1
5105,kitti_005104,KITTI,train,005104,1,0,1
5106,kitti_005105,KITTI,train,005105,0,0,0
5107,kitti_005106,KITTI,val,005106,2,0,2
5108,kitti_005107,KITTI,val,005107,0,0,0
5109,kitti_005108,KITTI,train,005108,3,0,3
5110,kitti_005109,KITTI,val,005109,1,0,1
5111,kitti_005110,KITTI,train,005110,3,0,3
5112,kitti_005111,KITTI,train,005111,0,0,0
5113,kitti_005112,KITTI,val,005112,2,1,3
5114,kitti_005113,KITTI,train,005113,1,0,1
5115,kitti_005114,KITTI,train,005114,1,0,1
5116,kitti_005115,KITTI,train,005115,0,0,0
5117,kitti_005116,KITTI,train,005116,1,0,1
5118,kitti_005117,KITTI,train,005117,1,0,1
5119,kitti_005118,KITTI,train,005118,2,2,4
5120,kitti_005119,KITTI,train,005119,0,0,0
5121,kitti_005120,KITTI,train,005120,1,1,2
5122,kitti_005121,KITTI,train,005121,1,0,1
5123,kitti_005122,KITTI,train,005122,0,1,1
5124,kitti_005123,KITTI,train,005123,1,0,1
5125,kitti_005124,KITTI,train,005124,0,0,0
5126,kitti_005125,KITTI,train,005125,5,0,5
5127,kitti_005126,KITTI,train,005126,0,0,0
5128,kitti_005127,KITTI,val,005127,0,0,0
5129,kitti_005128,KITTI,train,005128,0,0,0
5130,kitti_005129,KITTI,train,005129,1,0,1
5131,kitti_005130,KITTI,train,005130,0,0,0
5132,kitti_005131,KITTI,val,005131,0,0,0
5133,kitti_005132,KITTI,train,005132,1,0,1
5134,kitti_005133,KITTI,train,005133,3,0,3
5135,kitti_005134,KITTI,train,005134,1,0,1
5136,kitti_005135,KITTI,train,005135,1,1,2
5137,kitti_005136,KITTI,train,005136,2,1,3
5138,kitti_005137,KITTI,val,005137,0,0,0
5139,kitti_005138,KITTI,val,005138,0,0,0
5140,kitti_005139,KITTI,train,005139,1,0,1
5141,kitti_005140,KITTI,train,005140,1,0,1
5142,kitti_005141,KITTI,train,005141,3,0,3
5143,kitti_005142,KITTI,train,005142,0,0,0
5144,kitti_005143,KITTI,train,005143,2,0,2
5145,kitti_005144,KITTI,val,005144,2,0,2
5146,kitti_005145,KITTI,train,005145,3,0,3
5147,kitti_005146,KITTI,train,005146,3,1,4
5148,kitti_005147,KITTI,train,005147,4,0,4
5149,kitti_005148,KITTI,train,005148,1,0,1
5150,kitti_005149,KITTI,train,005149,0,0,0
5151,kitti_005150,KITTI,train,005150,3,0,3
5152,kitti_005151,KITTI,train,005151,1,0,1
5153,kitti_005152,KITTI,train,005152,5,0,5
5154,kitti_005153,KITTI,train,005153,1,1,2
5155,kitti_005154,KITTI,train,005154,1,0,1
5156,kitti_005155,KITTI,train,005155,2,1,3
5157,kitti_005156,KITTI,train,005156,2,0,2
5158,kitti_005157,KITTI,train,005157,1,0,1
5159,kitti_005158,KITTI,train,005158,2,0,2
5160,kitti_005159,KITTI,train,005159,1,0,1
5161,kitti_005160,KITTI,train,005160,1,0,1
5162,kitti_005161,KITTI,train,005161,1,0,1
5163,kitti_005162,KITTI,train,005162,2,0,2
5164,kitti_005163,KITTI,train,005163,3,0,3
5165,kitti_005164,KITTI,train,005164,0,2,2
5166,kitti_005165,KITTI,train,005165,2,0,2
5167,kitti_005166,KITTI,train,005166,3,0,3
5168,kitti_005167,KITTI,train,005167,2,1,3
5169,kitti_005168,KITTI,train,005168,3,0,3
5170,kitti_005169,KITTI,train,005169,3,0,3
5171,kitti_005170,KITTI,train,005170,2,0,2
5172,kitti_005171,KITTI,train,005171,0,0,0
5173,kitti_005172,KITTI,train,005172,1,0,1
5174,kitti_005173,KITTI,train,005173,2,0,2
5175,kitti_005174,KITTI,train,005174,7,0,7
5176,kitti_005175,KITTI,train,005175,1,0,1
5177,kitti_005176,KITTI,train,005176,1,0,1
5178,kitti_005177,KITTI,val,005177,1,0,1
5179,kitti_005178,KITTI,val,005178,0,1,1
5180,kitti_005179,KITTI,train,005179,0,0,0
5181,kitti_005180,KITTI,train,005180,2,0,2
5182,kitti_005181,KITTI,train,005181,3,2,5
5183,kitti_005182,KITTI,val,005182,4,1,5
5184,kitti_005183,KITTI,train,005183,1,0,1
5185,kitti_005184,KITTI,train,005184,2,0,2
5186,kitti_005185,KITTI,train,005185,0,0,0
5187,kitti_005186,KITTI,train,005186,2,0,2
5188,kitti_005187,KITTI,train,005187,1,0,1
5189,kitti_005188,KITTI,train,005188,2,0,2
5190,kitti_005189,KITTI,train,005189,1,0,1
5191,kitti_005190,KITTI,train,005190,2,3,5
5192,kitti_005191,KITTI,train,005191,0,0,0
5193,kitti_005192,KITTI,train,005192,2,0,2
5194,kitti_005193,KITTI,train,005193,0,1,1
5195,kitti_005194,KITTI,val,005194,5,0,5
5196,kitti_005195,KITTI,train,005195,1,0,1
5197,kitti_005196,KITTI,train,005196,1,0,1
5198,kitti_005197,KITTI,train,005197,2,0,2
5199,kitti_005198,KITTI,train,005198,2,0,2
5200,kitti_005199,KITTI,train,005199,0,0,0
5201,kitti_005200,KITTI,train,005200,2,1,3
5202,kitti_005201,KITTI,val,005201,2,0,2
5203,kitti_005202,KITTI,train,005202,1,0,1
5204,kitti_005203,KITTI,train,005203,0,0,0
5205,kitti_005204,KITTI,train,005204,0,0,0
5206,kitti_005205,KITTI,train,005205,2,0,2
5207,kitti_005206,KITTI,val,005206,2,1,3
5208,kitti_005207,KITTI,train,005207,1,0,1
5209,kitti_005208,KITTI,train,005208,1,0,1
5210,kitti_005209,KITTI,train,005209,0,0,0
5211,kitti_005210,KITTI,val,005210,1,0,1
5212,kitti_005211,KITTI,val,005211,0,0,0
5213,kitti_005212,KITTI,train,005212,1,1,2
5214,kitti_005213,KITTI,train,005213,2,0,2
5215,kitti_005214,KITTI,train,005214,0,2,2
5216,kitti_005215,KITTI,train,005215,4,0,4
5217,kitti_005216,KITTI,train,005216,1,0,1
5218,kitti_005217,KITTI,train,005217,1,0,1
5219,kitti_005218,KITTI,val,005218,0,0,0
5220,kitti_005219,KITTI,train,005219,0,0,0
5221,kitti_005220,KITTI,val,005220,3,0,3
5222,kitti_005221,KITTI,train,005221,2,0,2
5223,kitti_005222,KITTI,train,005222,3,0,3
5224,kitti_005223,KITTI,train,005223,0,0,0
5225,kitti_005224,KITTI,train,005224,3,0,3
5226,kitti_005225,KITTI,val,005225,0,0,0
5227,kitti_005226,KITTI,train,005226,2,0,2
5228,kitti_005227,KITTI,train,005227,0,0,0
5229,kitti_005228,KITTI,train,005228,2,0,2
5230,kitti_005229,KITTI,train,005229,1,1,2
5231,kitti_005230,KITTI,train,005230,1,0,1
5232,kitti_005231,KITTI,train,005231,0,0,0
5233,kitti_005232,KITTI,train,005232,5,0,5
5234,kitti_005233,KITTI,val,005233,2,0,2
5235,kitti_005234,KITTI,train,005234,0,0,0
5236,kitti_005235,KITTI,train,005235,2,0,2
5237,kitti_005236,KITTI,train,005236,3,0,3
5238,kitti_005237,KITTI,train,005237,3,1,4
5239,kitti_005238,KITTI,val,005238,1,0,1
5240,kitti_005239,KITTI,train,005239,2,0,2
5241,kitti_005240,KITTI,train,005240,3,0,3
5242,kitti_005241,KITTI,val,005241,1,0,1
5243,kitti_005242,KITTI,val,005242,1,0,1
5244,kitti_005243,KITTI,val,005243,1,0,1
5245,kitti_005244,KITTI,train,005244,3,0,3
5246,kitti_005245,KITTI,train,005245,2,0,2
5247,kitti_005246,KITTI,train,005246,2,0,2
5248,kitti_005247,KITTI,train,005247,2,0,2
5249,kitti_005248,KITTI,train,005248,0,0,0
5250,kitti_005249,KITTI,train,005249,2,0,2
5251,kitti_005250,KITTI,train,005250,1,0,1
5252,kitti_005251,KITTI,train,005251,3,0,3
5253,kitti_005252,KITTI,val,005252,0,0,0
5254,kitti_005253,KITTI,train,005253,2,0,2
5255,kitti_005254,KITTI,train,005254,0,0,0
5256,kitti_005255,KITTI,train,005255,1,1,2
5257,kitti_005256,KITTI,train,005256,2,0,2
5258,kitti_005257,KITTI,train,005257,0,0,0
5259,kitti_005258,KITTI,train,005258,3,0,3
5260,kitti_005259,KITTI,train,005259,1,0,1
5261,kitti_005260,KITTI,train,005260,0,1,1
5262,kitti_005261,KITTI,val,005261,3,1,4
5263,kitti_005262,KITTI,train,005262,3,1,4
5264,kitti_005263,KITTI,train,005263,0,1,1
5265,kitti_005264,KITTI,train,005264,0,0,0
5266,kitti_005265,KITTI,train,005265,0,0,0
5267,kitti_005266,KITTI,val,005266,4,0,4
5268,kitti_005267,KITTI,train,005267,0,0,0
5269,kitti_005268,KITTI,train,005268,3,0,3
5270,kitti_005269,KITTI,train,005269,3,0,3
5271,kitti_005270,KITTI,train,005270,2,0,2
5272,kitti_005271,KITTI,val,005271,1,0,1
5273,kitti_005272,KITTI,train,005272,0,0,0
5274,kitti_005273,KITTI,val,005273,1,1,2
5275,kitti_005274,KITTI,train,005274,2,0,2
5276,kitti_005275,KITTI,val,005275,3,0,3
5277,kitti_005276,KITTI,train,005276,1,0,1
5278,kitti_005277,KITTI,train,005277,0,0,0
5279,kitti_005278,KITTI,train,005278,1,0,1
5280,kitti_005279,KITTI,train,005279,2,0,2
5281,kitti_005280,KITTI,val,005280,2,0,2
5282,kitti_005281,KITTI,val,005281,5,0,5
5283,kitti_005282,KITTI,val,005282,2,0,2
5284,kitti_005283,KITTI,train,005283,0,0,0
5285,kitti_005284,KITTI,train,005284,1,0,1
5286,kitti_005285,KITTI,val,005285,0,0,0
5287,kitti_005286,KITTI,train,005286,4,0,4
5288,kitti_005287,KITTI,train,005287,2,0,2
5289,kitti_005288,KITTI,train,005288,1,0,1
5290,kitti_005289,KITTI,train,005289,3,0,3
5291,kitti_005290,KITTI,train,005290,0,0,0
5292,kitti_005291,KITTI,train,005291,1,0,1
5293,kitti_005292,KITTI,val,005292,0,0,0
5294,kitti_005293,KITTI,train,005293,0,0,0
5295,kitti_005294,KITTI,train,005294,1,0,1
5296,kitti_005295,KITTI,val,005295,2,0,2
5297,kitti_005296,KITTI,train,005296,0,0,0
5298,kitti_005297,KITTI,train,005297,1,0,1
5299,kitti_005298,KITTI,val,005298,2,0,2
5300,kitti_005299,KITTI,val,005299,2,1,3
5301,kitti_005300,KITTI,train,005300,0,0,0
5302,kitti_005301,KITTI,train,005301,0,0,0
5303,kitti_005302,KITTI,train,005302,0,0,0
5304,kitti_005303,KITTI,train,005303,2,0,2
5305,kitti_005304,KITTI,train,005304,0,0,0
5306,kitti_005305,KITTI,train,005305,1,0,1
5307,kitti_005306,KITTI,train,005306,1,0,1
5308,kitti_005307,KITTI,train,005307,0,0,0
5309,kitti_005308,KITTI,val,005308,4,2,6
5310,kitti_005309,KITTI,val,005309,3,0,3
5311,kitti_005310,KITTI,train,005310,0,1,1
5312,kitti_005311,KITTI,train,005311,2,0,2
5313,kitti_005312,KITTI,train,005312,0,0,0
5314,kitti_005313,KITTI,train,005313,3,0,3
5315,kitti_005314,KITTI,train,005314,0,0,0
5316,kitti_005315,KITTI,train,005315,1,0,1
5317,kitti_005316,KITTI,train,005316,4,1,5
5318,kitti_005317,KITTI,train,005317,0,0,0
5319,kitti_005318,KITTI,train,005318,0,2,2
5320,kitti_005319,KITTI,val,005319,2,0,2
5321,kitti_005320,KITTI,train,005320,1,0,1
5322,kitti_005321,KITTI,train,005321,0,0,0
5323,kitti_005322,KITTI,val,005322,2,0,2
5324,kitti_005323,KITTI,train,005323,0,1,1
5325,kitti_005324,KITTI,train,005324,0,0,0
5326,kitti_005325,KITTI,train,005325,0,0,0
5327,kitti_005326,KITTI,train,005326,1,0,1
5328,kitti_005327,KITTI,train,005327,1,0,1
5329,kitti_005328,KITTI,val,005328,2,0,2
5330,kitti_005329,KITTI,train,005329,0,0,0
5331,kitti_005330,KITTI,train,005330,2,0,2
5332,kitti_005331,KITTI,train,005331,0,0,0
5333,kitti_005332,KITTI,train,005332,3,0,3
5334,kitti_005333,KITTI,train,005333,0,0,0
5335,kitti_005334,KITTI,train,005334,0,0,0
5336,kitti_005335,KITTI,train,005335,1,0,1
5337,kitti_005336,KITTI,train,005336,1,0,1
5338,kitti_005337,KITTI,train,005337,1,0,1
5339,kitti_005338,KITTI,train,005338,3,0,3
5340,kitti_005339,KITTI,train,005339,1,0,1
5341,kitti_005340,KITTI,train,005340,4,0,4
5342,kitti_005341,KITTI,val,005341,1,0,1
5343,kitti_005342,KITTI,val,005342,1,1,2
5344,kitti_005343,KITTI,val,005343,3,0,3
5345,kitti_005344,KITTI,train,005344,1,0,1
5346,kitti_005345,KITTI,val,005345,0,0,0
5347,kitti_005346,KITTI,train,005346,2,0,2
5348,kitti_005347,KITTI,val,005347,0,0,0
5349,kitti_005348,KITTI,train,005348,0,0,0
5350,kitti_005349,KITTI,train,005349,0,0,0
5351,kitti_005350,KITTI,val,005350,0,0,0
5352,kitti_005351,KITTI,train,005351,1,0,1
5353,kitti_005352,KITTI,train,005352,0,0,0
5354,kitti_005353,KITTI,train,005353,0,1,1
5355,kitti_005354,KITTI,train,005354,0,1,1
5356,kitti_005355,KITTI,train,005355,2,1,3
5357,kitti_005356,KITTI,train,005356,2,0,2
5358,kitti_005357,KITTI,train,005357,0,0,0
5359,kitti_005358,KITTI,train,005358,0,0,0
5360,kitti_005359,KITTI,train,005359,1,1,2
5361,kitti_005360,KITTI,train,005360,0,0,0
5362,kitti_005361,KITTI,train,005361,0,0,0
5363,kitti_005362,KITTI,train,005362,1,1,2
5364,kitti_005363,KITTI,train,005363,2,0,2
5365,kitti_005364,KITTI,val,005364,1,0,1
5366,kitti_005365,KITTI,val,005365,1,0,1
5367,kitti_005366,KITTI,train,005366,0,1,1
5368,kitti_005367,KITTI,train,005367,4,0,4
5369,kitti_005368,KITTI,train,005368,0,0,0
5370,kitti_005369,KITTI,train,005369,1,1,2
5371,kitti_005370,KITTI,train,005370,0,2,2
5372,kitti_005371,KITTI,train,005371,2,0,2
5373,kitti_005372,KITTI,val,005372,0,0,0
5374,kitti_005373,KITTI,val,005373,1,1,2
5375,kitti_005374,KITTI,train,005374,1,0,1
5376,kitti_005375,KITTI,train,005375,3,0,3
5377,kitti_005376,KITTI,val,005376,0,0,0
5378,kitti_005377,KITTI,val,005377,1,0,1
5379,kitti_005378,KITTI,train,005378,1,0,1
5380,kitti_005379,KITTI,train,005379,2,0,2
5381,kitti_005380,KITTI,train,005380,7,1,8
5382,kitti_005381,KITTI,train,005381,2,0,2
5383,kitti_005382,KITTI,train,005382,2,0,2
5384,kitti_005383,KITTI,train,005383,0,0,0
5385,kitti_005384,KITTI,train,005384,1,0,1
5386,kitti_005385,KITTI,train,005385,0,0,0
5387,kitti_005386,KITTI,val,005386,2,0,2
5388,kitti_005387,KITTI,val,005387,2,0,2
5389,kitti_005388,KITTI,train,005388,0,0,0
5390,kitti_005389,KITTI,train,005389,1,0,1
5391,kitti_005390,KITTI,train,005390,0,2,2
5392,kitti_005391,KITTI,train,005391,2,0,2
5393,kitti_005392,KITTI,train,005392,2,0,2
5394,kitti_005393,KITTI,train,005393,0,0,0
5395,kitti_005394,KITTI,train,005394,4,0,4
5396,kitti_005395,KITTI,train,005395,0,0,0
5397,kitti_005396,KITTI,val,005396,2,0,2
5398,kitti_005397,KITTI,train,005397,5,0,5
5399,kitti_005398,KITTI,train,005398,3,0,3
5400,kitti_005399,KITTI,val,005399,1,0,1
5401,kitti_005400,KITTI,val,005400,1,0,1
5402,kitti_005401,KITTI,train,005401,0,0,0
5403,kitti_005402,KITTI,train,005402,0,0,0
5404,kitti_005403,KITTI,val,005403,1,0,1
5405,kitti_005404,KITTI,train,005404,2,1,3
5406,kitti_005405,KITTI,val,005405,2,0,2
5407,kitti_005406,KITTI,val,005406,1,0,1
5408,kitti_005407,KITTI,train,005407,0,0,0
5409,kitti_005408,KITTI,train,005408,0,0,0
5410,kitti_005409,KITTI,train,005409,1,1,2
5411,kitti_005410,KITTI,train,005410,0,3,3
5412,kitti_005411,KITTI,val,005411,0,0,0
5413,kitti_005412,KITTI,train,005412,3,1,4
5414,kitti_005413,KITTI,train,005413,3,0,3
5415,kitti_005414,KITTI,train,005414,2,0,2
5416,kitti_005415,KITTI,train,005415,1,0,1
5417,kitti_005416,KITTI,train,005416,0,0,0
5418,kitti_005417,KITTI,train,005417,2,1,3
5419,kitti_005418,KITTI,train,005418,1,1,2
5420,kitti_005419,KITTI,train,005419,0,0,0
5421,kitti_005420,KITTI,train,005420,0,0,0
5422,kitti_005421,KITTI,train,005421,1,0,1
5423,kitti_005422,KITTI,train,005422,0,0,0
5424,kitti_005423,KITTI,train,005423,1,0,1
5425,kitti_005424,KITTI,val,005424,0,0,0
5426,kitti_005425,KITTI,train,005425,2,0,2
5427,kitti_005426,KITTI,val,005426,2,0,2
5428,kitti_005427,KITTI,train,005427,3,0,3
5429,kitti_005428,KITTI,train,005428,3,0,3
5430,kitti_005429,KITTI,train,005429,0,0,0
5431,kitti_005430,KITTI,train,005430,2,0,2
5432,kitti_005431,KITTI,train,005431,0,0,0
5433,kitti_005432,KITTI,train,005432,1,0,1
5434,kitti_005433,KITTI,train,005433,1,0,1
5435,kitti_005434,KITTI,train,005434,0,3,3
5436,kitti_005435,KITTI,train,005435,4,0,4
5437,kitti_005436,KITTI,train,005436,0,0,0
5438,kitti_005437,KITTI,train,005437,3,0,3
5439,kitti_005438,KITTI,train,005438,2,0,2
5440,kitti_005439,KITTI,train,005439,0,0,0
5441,kitti_005440,KITTI,val,005440,1,0,1
5442,kitti_005441,KITTI,train,005441,0,0,0
5443,kitti_005442,KITTI,train,005442,1,0,1
5444,kitti_005443,KITTI,train,005443,2,0,2
5445,kitti_005444,KITTI,val,005444,1,0,1
5446,kitti_005445,KITTI,train,005445,0,0,0
5447,kitti_005446,KITTI,train,005446,1,0,1
5448,kitti_005447,KITTI,train,005447,1,0,1
5449,kitti_005448,KITTI,train,005448,1,0,1
5450,kitti_005449,KITTI,train,005449,2,0,2
5451,kitti_005450,KITTI,train,005450,0,0,0
5452,kitti_005451,KITTI,val,005451,3,0,3
5453,kitti_005452,KITTI,train,005452,1,0,1
5454,kitti_005453,KITTI,train,005453,0,0,0
5455,kitti_005454,KITTI,train,005454,1,0,1
5456,kitti_005455,KITTI,train,005455,0,0,0
5457,kitti_005456,KITTI,train,005456,1,0,1
5458,kitti_005457,KITTI,train,005457,1,0,1
5459,kitti_005458,KITTI,train,005458,0,1,1
5460,kitti_005459,KITTI,train,005459,1,0,1
5461,kitti_005460,KITTI,train,005460,2,0,2
5462,kitti_005461,KITTI,train,005461,2,0,2
5463,kitti_005462,KITTI,train,005462,3,0,3
5464,kitti_005463,KITTI,val,005463,1,0,1
5465,kitti_005464,KITTI,train,005464,1,0,1
5466,kitti_005465,KITTI,train,005465,3,0,3
5467,kitti_005466,KITTI,val,005466,1,0,1
5468,kitti_005467,KITTI,train,005467,1,0,1
5469,kitti_005468,KITTI,train,005468,3,0,3
5470,kitti_005469,KITTI,train,005469,1,0,1
5471,kitti_005470,KITTI,train,005470,1,0,1
5472,kitti_005471,KITTI,train,005471,3,1,4
5473,kitti_005472,KITTI,train,005472,1,0,1
5474,kitti_005473,KITTI,train,005473,3,1,4
5475,kitti_005474,KITTI,train,005474,1,0,1
5476,kitti_005475,KITTI,train,005475,1,0,1
5477,kitti_005476,KITTI,val,005476,5,2,7
5478,kitti_005477,KITTI,train,005477,0,0,0
5479,kitti_005478,KITTI,train,005478,0,0,0
5480,kitti_005479,KITTI,train,005479,0,0,0
5481,kitti_005480,KITTI,train,005480,2,0,2
5482,kitti_005481,KITTI,val,005481,1,0,1
5483,kitti_005482,KITTI,val,005482,3,0,3
5484,kitti_005483,KITTI,train,005483,3,0,3
5485,kitti_005484,KITTI,train,005484,3,1,4
5486,kitti_005485,KITTI,train,005485,0,0,0
5487,kitti_005486,KITTI,val,005486,1,0,1
5488,kitti_005487,KITTI,train,005487,3,0,3
5489,kitti_005488,KITTI,train,005488,1,0,1
5490,kitti_005489,KITTI,val,005489,1,0,1
5491,kitti_005490,KITTI,train,005490,0,0,0
5492,kitti_005491,KITTI,train,005491,0,0,0
5493,kitti_005492,KITTI,train,005492,2,0,2
5494,kitti_005493,KITTI,train,005493,0,0,0
5495,kitti_005494,KITTI,train,005494,0,0,0
5496,kitti_005495,KITTI,train,005495,2,0,2
5497,kitti_005496,KITTI,train,005496,0,0,0
5498,kitti_005497,KITTI,train,005497,1,1,2
5499,kitti_005498,KITTI,train,005498,0,2,2
5500,kitti_005499,KITTI,train,005499,2,0,2
5501,kitti_005500,KITTI,train,005500,0,0,0
5502,kitti_005501,KITTI,val,005501,1,0,1
5503,kitti_005502,KITTI,train,005502,1,0,1
5504,kitti_005503,KITTI,train,005503,2,0,2
5505,kitti_005504,KITTI,train,005504,1,0,1
5506,kitti_005505,KITTI,train,005505,7,0,7
5507,kitti_005506,KITTI,val,005506,5,0,5
5508,kitti_005507,KITTI,train,005507,1,0,1
5509,kitti_005508,KITTI,train,005508,0,0,0
5510,kitti_005509,KITTI,train,005509,2,1,3
5511,kitti_005510,KITTI,val,005510,1,0,1
5512,kitti_005511,KITTI,train,005511,3,0,3
5513,kitti_005512,KITTI,train,005512,3,0,3
5514,kitti_005513,KITTI,val,005513,1,0,1
5515,kitti_005514,KITTI,train,005514,2,0,2
5516,kitti_005515,KITTI,val,005515,0,0,0
5517,kitti_005516,KITTI,train,005516,0,0,0
5518,kitti_005517,KITTI,train,005517,3,0,3
5519,kitti_005518,KITTI,train,005518,0,2,2
5520,kitti_005519,KITTI,train,005519,0,0,0
5521,kitti_005520,KITTI,train,005520,2,1,3
5522,kitti_005521,KITTI,train,005521,1,3,4
5523,kitti_005522,KITTI,val,005522,0,0,0
5524,kitti_005523,KITTI,train,005523,2,0,2
5525,kitti_005524,KITTI,train,005524,4,0,4
5526,kitti_005525,KITTI,train,005525,2,0,2
5527,kitti_005526,KITTI,train,005526,0,0,0
5528,kitti_005527,KITTI,train,005527,5,0,5
5529,kitti_005528,KITTI,train,005528,2,0,2
5530,kitti_005529,KITTI,train,005529,0,0,0
5531,kitti_005530,KITTI,train,005530,4,0,4
5532,kitti_005531,KITTI,train,005531,1,0,1
5533,kitti_005532,KITTI,val,005532,2,0,2
5534,kitti_005533,KITTI,train,005533,4,0,4
5535,kitti_005534,KITTI,train,005534,2,0,2
5536,kitti_005535,KITTI,train,005535,1,0,1
5537,kitti_005536,KITTI,val,005536,3,1,4
5538,kitti_005537,KITTI,train,005537,1,0,1
5539,kitti_005538,KITTI,train,005538,1,1,2
5540,kitti_005539,KITTI,train,005539,4,0,4
5541,kitti_005540,KITTI,val,005540,0,0,0
5542,kitti_005541,KITTI,train,005541,5,0,5
5543,kitti_005542,KITTI,val,005542,0,1,1
5544,kitti_005543,KITTI,train,005543,2,0,2
5545,kitti_005544,KITTI,train,005544,3,0,3
5546,kitti_005545,KITTI,train,005545,1,0,1
5547,kitti_005546,KITTI,val,005546,2,0,2
5548,kitti_005547,KITTI,train,005547,2,0,2
5549,kitti_005548,KITTI,train,005548,2,1,3
5550,kitti_005549,KITTI,train,005549,0,0,0
5551,kitti_005550,KITTI,train,005550,0,0,0
5552,kitti_005551,KITTI,val,005551,1,0,1
5553,kitti_005552,KITTI,train,005552,2,0,2
5554,kitti_005553,KITTI,train,005553,2,0,2
5555,kitti_005554,KITTI,train,005554,2,1,3
5556,kitti_005555,KITTI,val,005555,2,1,3
5557,kitti_005556,KITTI,train,005556,2,0,2
5558,kitti_005557,KITTI,train,005557,0,2,2
5559,kitti_005558,KITTI,train,005558,3,0,3
5560,kitti_005559,KITTI,train,005559,0,0,0
5561,kitti_005560,KITTI,train,005560,2,0,2
5562,kitti_005561,KITTI,val,005561,2,0,2
5563,kitti_005562,KITTI,train,005562,1,0,1
5564,kitti_005563,KITTI,train,005563,0,0,0
5565,kitti_005564,KITTI,train,005564,2,0,2
5566,kitti_005565,KITTI,train,005565,1,0,1
5567,kitti_005566,KITTI,train,005566,0,0,0
5568,kitti_005567,KITTI,train,005567,0,0,0
5569,kitti_005568,KITTI,train,005568,0,0,0
5570,kitti_005569,KITTI,val,005569,2,0,2
5571,kitti_005570,KITTI,train,005570,1,1,2
5572,kitti_005571,KITTI,train,005571,2,0,2
5573,kitti_005572,KITTI,train,005572,2,0,2
5574,kitti_005573,KITTI,val,005573,0,0,0
5575,kitti_005574,KITTI,train,005574,0,0,0
5576,kitti_005575,KITTI,train,005575,3,1,4
5577,kitti_005576,KITTI,train,005576,2,0,2
5578,kitti_005577,KITTI,train,005577,0,0,0
5579,kitti_005578,KITTI,train,005578,2,0,2
5580,kitti_005579,KITTI,train,005579,1,0,1
5581,kitti_005580,KITTI,train,005580,2,0,2
5582,kitti_005581,KITTI,val,005581,2,0,2
5583,kitti_005582,KITTI,train,005582,1,0,1
5584,kitti_005583,KITTI,train,005583,1,0,1
5585,kitti_005584,KITTI,train,005584,2,0,2
5586,kitti_005585,KITTI,train,005585,1,0,1
5587,kitti_005586,KITTI,train,005586,1,0,1
5588,kitti_005587,KITTI,train,005587,2,0,2
5589,kitti_005588,KITTI,train,005588,2,0,2
5590,kitti_005589,KITTI,train,005589,2,0,2
5591,kitti_005590,KITTI,train,005590,0,0,0
5592,kitti_005591,KITTI,train,005591,4,0,4
5593,kitti_005592,KITTI,train,005592,4,0,4
5594,kitti_005593,KITTI,val,005593,0,0,0
5595,kitti_005594,KITTI,train,005594,2,0,2
5596,kitti_005595,KITTI,val,005595,2,1,3
5597,kitti_005596,KITTI,train,005596,1,0,1
5598,kitti_005597,KITTI,train,005597,0,0,0
5599,kitti_005598,KITTI,train,005598,2,0,2
5600,kitti_005599,KITTI,train,005599,0,0,0
5601,kitti_005600,KITTI,train,005600,1,0,1
5602,kitti_005601,KITTI,train,005601,2,0,2
5603,kitti_005602,KITTI,train,005602,1,0,1
5604,kitti_005603,KITTI,train,005603,1,0,1
5605,kitti_005604,KITTI,val,005604,4,0,4
5606,kitti_005605,KITTI,val,005605,1,0,1
5607,kitti_005606,KITTI,train,005606,3,0,3
5608,kitti_005607,KITTI,train,005607,1,0,1
5609,kitti_005608,KITTI,val,005608,2,0,2
5610,kitti_005609,KITTI,train,005609,1,0,1
5611,kitti_005610,KITTI,train,005610,2,0,2
5612,kitti_005611,KITTI,train,005611,2,0,2
5613,kitti_005612,KITTI,train,005612,1,0,1
5614,kitti_005613,KITTI,train,005613,2,0,2
5615,kitti_005614,KITTI,val,005614,1,0,1
5616,kitti_005615,KITTI,train,005615,4,0,4
5617,kitti_005616,KITTI,val,005616,1,0,1
5618,kitti_005617,KITTI,val,005617,0,0,0
5619,kitti_005618,KITTI,train,005618,1,0,1
5620,kitti_005619,KITTI,val,005619,2,0,2
5621,kitti_005620,KITTI,train,005620,0,0,0
5622,kitti_005621,KITTI,train,005621,1,0,1
5623,kitti_005622,KITTI,train,005622,4,0,4
5624,kitti_005623,KITTI,train,005623,2,0,2
5625,kitti_005624,KITTI,train,005624,0,0,0
5626,kitti_005625,KITTI,train,005625,1,0,1
5627,kitti_005626,KITTI,train,005626,1,0,1
5628,kitti_005627,KITTI,val,005627,2,0,2
5629,kitti_005628,KITTI,train,005628,2,0,2
5630,kitti_005629,KITTI,train,005629,0,0,0
5631,kitti_005630,KITTI,train,005630,2,0,2
5632,kitti_005631,KITTI,val,005631,0,0,0
5633,kitti_005632,KITTI,train,005632,1,0,1
5634,kitti_005633,KITTI,train,005633,2,0,2
5635,kitti_005634,KITTI,train,005634,3,0,3
5636,kitti_005635,KITTI,train,005635,1,1,2
5637,kitti_005636,KITTI,train,005636,0,0,0
5638,kitti_005637,KITTI,train,005637,0,0,0
5639,kitti_005638,KITTI,train,005638,4,0,4
5640,kitti_005639,KITTI,train,005639,2,0,2
5641,kitti_005640,KITTI,train,005640,1,0,1
5642,kitti_005641,KITTI,train,005641,1,0,1
5643,kitti_005642,KITTI,train,005642,3,0,3
5644,kitti_005643,KITTI,train,005643,0,0,0
5645,kitti_005644,KITTI,train,005644,0,0,0
5646,kitti_005645,KITTI,train,005645,1,0,1
5647,kitti_005646,KITTI,train,005646,0,0,0
5648,kitti_005647,KITTI,train,005647,0,0,0
5649,kitti_005648,KITTI,train,005648,0,0,0
5650,kitti_005649,KITTI,train,005649,4,0,4
5651,kitti_005650,KITTI,train,005650,2,1,3
5652,kitti_005651,KITTI,train,005651,0,1,1
5653,kitti_005652,KITTI,train,005652,0,1,1
5654,kitti_005653,KITTI,train,005653,2,0,2
5655,kitti_005654,KITTI,train,005654,0,0,0
5656,kitti_005655,KITTI,val,005655,0,0,0
5657,kitti_005656,KITTI,train,005656,3,0,3
5658,kitti_005657,KITTI,train,005657,0,0,0
5659,kitti_005658,KITTI,train,005658,1,0,1
5660,kitti_005659,KITTI,val,005659,2,0,2
5661,kitti_005660,KITTI,train,005660,2,0,2
5662,kitti_005661,KITTI,train,005661,1,0,1
5663,kitti_005662,KITTI,train,005662,0,0,0
5664,kitti_005663,KITTI,train,005663,1,0,1
5665,kitti_005664,KITTI,train,005664,2,0,2
5666,kitti_005665,KITTI,train,005665,2,0,2
5667,kitti_005666,KITTI,train,005666,1,0,1
5668,kitti_005667,KITTI,train,005667,2,0,2
5669,kitti_005668,KITTI,train,005668,1,0,1
5670,kitti_005669,KITTI,val,005669,2,0,2
5671,kitti_005670,KITTI,train,005670,4,0,4
5672,kitti_005671,KITTI,val,005671,5,0,5
5673,kitti_005672,KITTI,val,005672,2,0,2
5674,kitti_005673,KITTI,train,005673,0,0,0
5675,kitti_005674,KITTI,train,005674,0,0,0
5676,kitti_005675,KITTI,train,005675,3,0,3
5677,kitti_005676,KITTI,train,005676,1,0,1
5678,kitti_005677,KITTI,train,005677,2,0,2
5679,kitti_005678,KITTI,train,005678,0,0,0
5680,kitti_005679,KITTI,train,005679,3,0,3
5681,kitti_005680,KITTI,train,005680,0,0,0
5682,kitti_005681,KITTI,val,005681,1,0,1
5683,kitti_005682,KITTI,train,005682,0,0,0
5684,kitti_005683,KITTI,train,005683,0,0,0
5685,kitti_005684,KITTI,val,005684,3,0,3
5686,kitti_005685,KITTI,val,005685,0,2,2
5687,kitti_005686,KITTI,val,005686,0,0,0
5688,kitti_005687,KITTI,train,005687,1,0,1
5689,kitti_005688,KITTI,train,005688,1,0,1
5690,kitti_005689,KITTI,val,005689,0,1,1
5691,kitti_005690,KITTI,val,005690,0,0,0
5692,kitti_005691,KITTI,train,005691,0,0,0
5693,kitti_005692,KITTI,train,005692,2,0,2
5694,kitti_005693,KITTI,train,005693,1,0,1
5695,kitti_005694,KITTI,train,005694,1,0,1
5696,kitti_005695,KITTI,train,005695,2,0,2
5697,kitti_005696,KITTI,train,005696,3,0,3
5698,kitti_005697,KITTI,train,005697,0,0,0
5699,kitti_005698,KITTI,train,005698,2,0,2
5700,kitti_005699,KITTI,train,005699,2,0,2
5701,kitti_005700,KITTI,val,005700,0,2,2
5702,kitti_005701,KITTI,val,005701,1,0,1
5703,kitti_005702,KITTI,train,005702,1,0,1
5704,kitti_005703,KITTI,train,005703,1,0,1
5705,kitti_005704,KITTI,train,005704,0,0,0
5706,kitti_005705,KITTI,train,005705,2,0,2
5707,kitti_005706,KITTI,train,005706,3,0,3
5708,kitti_005707,KITTI,train,005707,2,0,2
5709,kitti_005708,KITTI,train,005708,1,0,1
5710,kitti_005709,KITTI,train,005709,1,0,1
5711,kitti_005710,KITTI,train,005710,1,0,1
5712,kitti_005711,KITTI,val,005711,0,0,0
5713,kitti_005712,KITTI,train,005712,3,0,3
5714,kitti_005713,KITTI,val,005713,3,0,3
5715,kitti_005714,KITTI,train,005714,0,0,0
5716,kitti_005715,KITTI,train,005715,5,0,5
5717,kitti_005716,KITTI,train,005716,0,0,0
5718,kitti_005717,KITTI,train,005717,5,0,5
5719,kitti_005718,KITTI,train,005718,1,0,1
5720,kitti_005719,KITTI,train,005719,2,0,2
5721,kitti_005720,KITTI,train,005720,1,1,2
5722,kitti_005721,KITTI,train,005721,2,1,3
5723,kitti_005722,KITTI,train,005722,0,0,0
5724,kitti_005723,KITTI,val,005723,1,0,1
5725,kitti_005724,KITTI,train,005724,0,0,0
5726,kitti_005725,KITTI,val,005725,2,0,2
5727,kitti_005726,KITTI,train,005726,0,0,0
5728,kitti_005727,KITTI,val,005727,2,0,2
5729,kitti_005728,KITTI,val,005728,0,1,1
5730,kitti_005729,KITTI,train,005729,2,0,2
5731,kitti_005730,KITTI,train,005730,2,0,2
5732,kitti_005731,KITTI,train,005731,0,0,0
5733,kitti_005732,KITTI,train,005732,1,0,1
5734,kitti_005733,KITTI,train,005733,0,0,0
5735,kitti_005734,KITTI,train,005734,0,0,0
5736,kitti_005735,KITTI,train,005735,0,0,0
5737,kitti_005736,KITTI,val,005736,0,0,0
5738,kitti_005737,KITTI,train,005737,1,0,1
5739,kitti_005738,KITTI,train,005738,2,0,2
5740,kitti_005739,KITTI,train,005739,1,0,1
5741,kitti_005740,KITTI,train,005740,0,0,0
5742,kitti_005741,KITTI,train,005741,2,0,2
5743,kitti_005742,KITTI,val,005742,0,0,0
5744,kitti_005743,KITTI,val,005743,0,3,3
5745,kitti_005744,KITTI,train,005744,0,0,0
5746,kitti_005745,KITTI,train,005745,1,0,1
5747,kitti_005746,KITTI,train,005746,0,0,0
5748,kitti_005747,KITTI,train,005747,0,0,0
5749,kitti_005748,KITTI,train,005748,1,0,1
5750,kitti_005749,KITTI,train,005749,1,0,1
5751,kitti_005750,KITTI,val,005750,4,0,4
5752,kitti_005751,KITTI,train,005751,5,0,5
5753,kitti_005752,KITTI,train,005752,1,0,1
5754,kitti_005753,KITTI,train,005753,0,0,0
5755,kitti_005754,KITTI,val,005754,0,1,1
5756,kitti_005755,KITTI,val,005755,0,0,0
5757,kitti_005756,KITTI,train,005756,0,0,0
5758,kitti_005757,KITTI,train,005757,3,0,3
5759,kitti_005758,KITTI,train,005758,3,0,3
5760,kitti_005759,KITTI,train,005759,1,0,1
5761,kitti_005760,KITTI,train,005760,0,0,0
5762,kitti_005761,KITTI,val,005761,2,0,2
5763,kitti_005762,KITTI,train,005762,2,0,2
5764,kitti_005763,KITTI,val,005763,2,0,2
5765,kitti_005764,KITTI,train,005764,1,0,1
5766,kitti_005765,KITTI,train,005765,1,0,1
5767,kitti_005766,KITTI,train,005766,2,1,3
5768,kitti_005767,KITTI,val,005767,1,0,1
5769,kitti_005768,KITTI,val,005768,1,0,1
5770,kitti_005769,KITTI,train,005769,4,0,4
5771,kitti_005770,KITTI,train,005770,1,0,1
5772,kitti_005771,KITTI,val,005771,3,0,3
5773,kitti_005772,KITTI,train,005772,1,0,1
5774,kitti_005773,KITTI,train,005773,2,0,2
5775,kitti_005774,KITTI,val,005774,0,0,0
5776,kitti_005775,KITTI,train,005775,0,0,0
5777,kitti_005776,KITTI,val,005776,0,5,5
5778,kitti_005777,KITTI,val,005777,1,0,1
5779,kitti_005778,KITTI,val,005778,0,0,0
5780,kitti_005779,KITTI,train,005779,0,0,0
5781,kitti_005780,KITTI,train,005780,2,0,2
5782,kitti_005781,KITTI,train,005781,0,0,0
5783,kitti_005782,KITTI,train,005782,2,0,2
5784,kitti_005783,KITTI,train,005783,0,0,0
5785,kitti_005784,KITTI,train,005784,0,0,0
5786,kitti_005785,KITTI,train,005785,4,0,4
5787,kitti_005786,KITTI,train,005786,2,1,3
5788,kitti_005787,KITTI,train,005787,2,0,2
5789,kitti_005788,KITTI,val,005788,0,0,0
5790,kitti_005789,KITTI,train,005789,1,1,2
5791,kitti_005790,KITTI,train,005790,2,0,2
5792,kitti_005791,KITTI,val,005791,0,0,0
5793,kitti_005792,KITTI,train,005792,2,0,2
5794,kitti_005793,KITTI,train,005793,0,0,0
5795,kitti_005794,KITTI,train,005794,0,0,0
5796,kitti_005795,KITTI,train,005795,2,1,3
5797,kitti_005796,KITTI,train,005796,1,0,1
5798,kitti_005797,KITTI,val,005797,3,0,3
5799,kitti_005798,KITTI,train,005798,1,0,1
5800,kitti_005799,KITTI,train,005799,0,0,0
5801,kitti_005800,KITTI,train,005800,2,0,2
5802,kitti_005801,KITTI,train,005801,0,0,0
5803,kitti_005802,KITTI,train,005802,4,0,4
5804,kitti_005803,KITTI,train,005803,2,0,2
5805,kitti_005804,KITTI,train,005804,0,0,0
5806,kitti_005805,KITTI,train,005805,0,1,1
5807,kitti_005806,KITTI,train,005806,0,0,0
5808,kitti_005807,KITTI,train,005807,3,0,3
5809,kitti_005808,KITTI,train,005808,0,0,0
5810,kitti_005809,KITTI,train,005809,1,0,1
5811,kitti_005810,KITTI,train,005810,4,1,5
5812,kitti_005811,KITTI,val,005811,1,1,2
5813,kitti_005812,KITTI,val,005812,0,4,4
5814,kitti_005813,KITTI,train,005813,5,0,5
5815,kitti_005814,KITTI,train,005814,2,0,2
5816,kitti_005815,KITTI,train,005815,1,0,1
5817,kitti_005816,KITTI,train,005816,0,0,0
5818,kitti_005817,KITTI,train,005817,0,0,0
5819,kitti_005818,KITTI,train,005818,2,0,2
5820,kitti_005819,KITTI,train,005819,0,0,0
5821,kitti_005820,KITTI,val,005820,1,0,1
5822,kitti_005821,KITTI,train,005821,0,0,0
5823,kitti_005822,KITTI,train,005822,2,0,2
5824,kitti_005823,KITTI,train,005823,0,0,0
5825,kitti_005824,KITTI,val,005824,3,0,3
5826,kitti_005825,KITTI,train,005825,0,0,0
5827,kitti_005826,KITTI,train,005826,1,0,1
5828,kitti_005827,KITTI,val,005827,4,0,4
5829,kitti_005828,KITTI,train,005828,0,0,0
5830,kitti_005829,KITTI,train,005829,0,0,0
5831,kitti_005830,KITTI,train,005830,1,0,1
5832,kitti_005831,KITTI,train,005831,2,0,2
5833,kitti_005832,KITTI,val,005832,1,0,1
5834,kitti_005833,KITTI,val,005833,0,0,0
5835,kitti_005834,KITTI,train,005834,0,2,2
5836,kitti_005835,KITTI,train,005835,0,0,0
5837,kitti_005836,KITTI,train,005836,1,0,1
5838,kitti_005837,KITTI,train,005837,3,0,3
5839,kitti_005838,KITTI,train,005838,3,0,3
5840,kitti_005839,KITTI,val,005839,4,0,4
5841,kitti_005840,KITTI,train,005840,1,0,1
5842,kitti_005841,KITTI,train,005841,0,1,1
5843,kitti_005842,KITTI,train,005842,1,0,1
5844,kitti_005843,KITTI,train,005843,1,1,2
5845,kitti_005844,KITTI,val,005844,3,0,3
5846,kitti_005845,KITTI,train,005845,1,0,1
5847,kitti_005846,KITTI,train,005846,2,0,2
5848,kitti_005847,KITTI,train,005847,0,0,0
5849,kitti_005848,KITTI,train,005848,1,0,1
5850,kitti_005849,KITTI,train,005849,1,0,1
5851,kitti_005850,KITTI,val,005850,3,0,3
5852,kitti_005851,KITTI,train,005851,0,0,0
5853,kitti_005852,KITTI,train,005852,0,1,1
5854,kitti_005853,KITTI,train,005853,0,0,0
5855,kitti_005854,KITTI,val,005854,2,0,2
5856,kitti_005855,KITTI,val,005855,0,1,1
5857,kitti_005856,KITTI,val,005856,5,0,5
5858,kitti_005857,KITTI,val,005857,2,0,2
5859,kitti_005858,KITTI,train,005858,2,0,2
5860,kitti_005859,KITTI,train,005859,2,0,2
5861,kitti_005860,KITTI,train,005860,2,1,3
5862,kitti_005861,KITTI,train,005861,1,0,1
5863,kitti_005862,KITTI,train,005862,3,0,3
5864,kitti_005863,KITTI,train,005863,1,0,1
5865,kitti_005864,KITTI,train,005864,2,0,2
5866,kitti_005865,KITTI,train,005865,0,0,0
5867,kitti_005866,KITTI,train,005866,2,0,2
5868,kitti_005867,KITTI,train,005867,3,0,3
5869,kitti_005868,KITTI,train,005868,1,0,1
5870,kitti_005869,KITTI,train,005869,1,1,2
5871,kitti_005870,KITTI,val,005870,0,0,0
5872,kitti_005871,KITTI,train,005871,0,0,0
5873,kitti_005872,KITTI,train,005872,3,0,3
5874,kitti_005873,KITTI,train,005873,2,0,2
5875,kitti_005874,KITTI,train,005874,0,0,0
5876,kitti_005875,KITTI,train,005875,1,0,1
5877,kitti_005876,KITTI,train,005876,0,0,0
5878,kitti_005877,KITTI,train,005877,0,0,0
5879,kitti_005878,KITTI,train,005878,5,1,6
5880,kitti_005879,KITTI,train,005879,0,1,1
5881,kitti_005880,KITTI,train,005880,1,0,1
5882,kitti_005881,KITTI,train,005881,1,0,1
5883,kitti_005882,KITTI,train,005882,1,1,2
5884,kitti_005883,KITTI,val,005883,1,0,1
5885,kitti_005884,KITTI,train,005884,1,0,1
5886,kitti_005885,KITTI,train,005885,2,0,2
5887,kitti_005886,KITTI,train,005886,2,0,2
5888,kitti_005887,KITTI,train,005887,1,0,1
5889,kitti_005888,KITTI,train,005888,0,0,0
5890,kitti_005889,KITTI,train,005889,1,1,2
5891,kitti_005890,KITTI,train,005890,0,0,0
5892,kitti_005891,KITTI,train,005891,0,0,0
5893,kitti_005892,KITTI,train,005892,1,0,1
5894,kitti_005893,KITTI,train,005893,0,1,1
5895,kitti_005894,KITTI,train,005894,0,0,0
5896,kitti_005895,KITTI,train,005895,0,0,0
5897,kitti_005896,KITTI,val,005896,1,0,1
5898,kitti_005897,KITTI,train,005897,0,0,0
5899,kitti_005898,KITTI,train,005898,1,0,1
5900,kitti_005899,KITTI,val,005899,0,0,0
5901,kitti_005900,KITTI,train,005900,4,0,4
5902,kitti_005901,KITTI,train,005901,2,0,2
5903,kitti_005902,KITTI,val,005902,0,0,0
5904,kitti_005903,KITTI,train,005903,2,0,2
5905,kitti_005904,KITTI,train,005904,0,1,1
5906,kitti_005905,KITTI,val,005905,0,3,3
5907,kitti_005906,KITTI,train,005906,0,0,0
5908,kitti_005907,KITTI,train,005907,1,0,1
5909,kitti_005908,KITTI,val,005908,0,0,0
5910,kitti_005909,KITTI,train,005909,4,0,4
5911,kitti_005910,KITTI,train,005910,4,0,4
5912,kitti_005911,KITTI,train,005911,1,0,1
5913,kitti_005912,KITTI,train,005912,0,2,2
5914,kitti_005913,KITTI,train,005913,1,0,1
5915,kitti_005914,KITTI,train,005914,3,0,3
5916,kitti_005915,KITTI,train,005915,2,0,2
5917,kitti_005916,KITTI,val,005916,1,1,2
5918,kitti_005917,KITTI,train,005917,2,0,2
5919,kitti_005918,KITTI,val,005918,2,3,5
5920,kitti_005919,KITTI,val,005919,1,0,1
5921,kitti_005920,KITTI,train,005920,1,0,1
5922,kitti_005921,KITTI,train,005921,2,0,2
5923,kitti_005922,KITTI,train,005922,2,0,2
5924,kitti_005923,KITTI,train,005923,3,0,3
5925,kitti_005924,KITTI,train,005924,0,0,0
5926,kitti_005925,KITTI,val,005925,1,0,1
5927,kitti_005926,KITTI,train,005926,4,0,4
5928,kitti_005927,KITTI,train,005927,7,0,7
5929,kitti_005928,KITTI,train,005928,0,0,0
5930,kitti_005929,KITTI,train,005929,0,0,0
5931,kitti_005930,KITTI,train,005930,0,0,0
5932,kitti_005931,KITTI,train,005931,0,0,0
5933,kitti_005932,KITTI,train,005932,2,0,2
5934,kitti_005933,KITTI,train,005933,1,0,1
5935,kitti_005934,KITTI,train,005934,0,0,0
5936,kitti_005935,KITTI,train,005935,0,2,2
5937,kitti_005936,KITTI,train,005936,2,0,2
5938,kitti_005937,KITTI,train,005937,0,0,0
5939,kitti_005938,KITTI,train,005938,3,0,3
5940,kitti_005939,KITTI,train,005939,3,0,3
5941,kitti_005940,KITTI,train,005940,4,0,4
5942,kitti_005941,KITTI,train,005941,1,0,1
5943,kitti_005942,KITTI,train,005942,0,0,0
5944,kitti_005943,KITTI,train,005943,0,0,0
5945,kitti_005944,KITTI,train,005944,3,1,4
5946,kitti_005945,KITTI,train,005945,5,0,5
5947,kitti_005946,KITTI,train,005946,0,3,3
5948,kitti_005947,KITTI,train,005947,1,0,1
5949,kitti_005948,KITTI,train,005948,1,0,1
5950,kitti_005949,KITTI,train,005949,3,0,3
5951,kitti_005950,KITTI,val,005950,0,0,0
5952,kitti_005951,KITTI,train,005951,1,0,1
5953,kitti_005952,KITTI,train,005952,1,0,1
5954,kitti_005953,KITTI,train,005953,0,0,0
5955,kitti_005954,KITTI,train,005954,0,0,0
5956,kitti_005955,KITTI,train,005955,2,0,2
5957,kitti_005956,KITTI,train,005956,1,0,1
5958,kitti_005957,KITTI,train,005957,1,0,1
5959,kitti_005958,KITTI,train,005958,0,0,0
5960,kitti_005959,KITTI,train,005959,0,0,0
5961,kitti_005960,KITTI,train,005960,5,0,5
5962,kitti_005961,KITTI,val,005961,0,0,0
5963,kitti_005962,KITTI,train,005962,2,0,2
5964,kitti_005963,KITTI,train,005963,0,0,0
5965,kitti_005964,KITTI,train,005964,4,0,4
5966,kitti_005965,KITTI,val,005965,3,0,3
5967,kitti_005966,KITTI,train,005966,1,0,1
5968,kitti_005967,KITTI,train,005967,4,0,4
5969,kitti_005968,KITTI,val,005968,2,0,2
5970,kitti_005969,KITTI,train,005969,0,1,1
5971,kitti_005970,KITTI,train,005970,2,0,2
5972,kitti_005971,KITTI,train,005971,2,0,2
5973,kitti_005972,KITTI,train,005972,0,0,0
5974,kitti_005973,KITTI,train,005973,1,0,1
5975,kitti_005974,KITTI,val,005974,1,0,1
5976,kitti_005975,KITTI,val,005975,2,0,2
5977,kitti_005976,KITTI,train,005976,3,0,3
5978,kitti_005977,KITTI,train,005977,0,0,0
5979,kitti_005978,KITTI,train,005978,0,0,0
5980,kitti_005979,KITTI,train,005979,0,0,0
5981,kitti_005980,KITTI,val,005980,0,0,0
5982,kitti_005981,KITTI,train,005981,0,2,2
5983,kitti_005982,KITTI,train,005982,1,0,1
5984,kitti_005983,KITTI,train,005983,1,0,1
5985,kitti_005984,KITTI,train,005984,3,0,3
5986,kitti_005985,KITTI,train,005985,7,1,8
5987,kitti_005986,KITTI,val,005986,0,1,1
5988,kitti_005987,KITTI,train,005987,1,0,1
5989,kitti_005988,KITTI,val,005988,2,0,2
5990,kitti_005989,KITTI,train,005989,3,0,3
5991,kitti_005990,KITTI,train,005990,0,0,0
5992,kitti_005991,KITTI,train,005991,3,0,3
5993,kitti_005992,KITTI,train,005992,0,0,0
5994,kitti_005993,KITTI,train,005993,0,0,0
5995,kitti_005994,KITTI,val,005994,1,0,1
5996,kitti_005995,KITTI,train,005995,0,1,1
5997,kitti_005996,KITTI,val,005996,1,1,2
5998,kitti_005997,KITTI,train,005997,2,0,2
5999,kitti_005998,KITTI,train,005998,0,0,0
6000,kitti_005999,KITTI,val,005999,1,0,1
6001,kitti_006000,KITTI,train,006000,0,0,0
6002,kitti_006001,KITTI,train,006001,1,0,1
6003,kitti_006002,KITTI,train,006002,1,0,1
6004,kitti_006003,KITTI,train,006003,5,0,5
6005,kitti_006004,KITTI,train,006004,0,1,1
6006,kitti_006005,KITTI,train,006005,2,0,2
6007,kitti_006006,KITTI,train,006006,3,0,3
6008,kitti_006007,KITTI,train,006007,0,0,0
6009,kitti_006008,KITTI,train,006008,0,0,0
6010,kitti_006009,KITTI,train,006009,1,0,1
6011,kitti_006010,KITTI,train,006010,2,0,2
6012,kitti_006011,KITTI,train,006011,0,0,0
6013,kitti_006012,KITTI,val,006012,3,1,4
6014,kitti_006013,KITTI,train,006013,2,0,2
6015,kitti_006014,KITTI,val,006014,1,0,1
6016,kitti_006015,KITTI,train,006015,0,0,0
6017,kitti_006016,KITTI,train,006016,2,0,2
6018,kitti_006017,KITTI,train,006017,0,0,0
6019,kitti_006018,KITTI,train,006018,1,0,1
6020,kitti_006019,KITTI,train,006019,0,0,0
6021,kitti_006020,KITTI,train,006020,3,0,3
6022,kitti_006021,KITTI,train,006021,0,0,0
6023,kitti_006022,KITTI,train,006022,0,0,0
6024,kitti_006023,KITTI,train,006023,1,0,1
6025,kitti_006024,KITTI,val,006024,1,0,1
6026,kitti_006025,KITTI,train,006025,3,0,3
6027,kitti_006026,KITTI,train,006026,1,1,2
6028,kitti_006027,KITTI,train,006027,1,0,1
6029,kitti_006028,KITTI,train,006028,1,0,1
6030,kitti_006029,KITTI,train,006029,0,0,0
6031,kitti_006030,KITTI,train,006030,0,1,1
6032,kitti_006031,KITTI,train,006031,2,0,2
6033,kitti_006032,KITTI,train,006032,0,0,0
6034,kitti_006033,KITTI,train,006033,5,0,5
6035,kitti_006034,KITTI,train,006034,2,0,2
6036,kitti_006035,KITTI,train,006035,0,0,0
6037,kitti_006036,KITTI,train,006036,1,2,3
6038,kitti_006037,KITTI,train,006037,1,0,1
6039,kitti_006038,KITTI,train,006038,4,0,4
6040,kitti_006039,KITTI,train,006039,1,0,1
6041,kitti_006040,KITTI,train,006040,1,0,1
6042,kitti_006041,KITTI,train,006041,0,1,1
6043,kitti_006042,KITTI,train,006042,1,0,1
6044,kitti_006043,KITTI,train,006043,0,0,0
6045,kitti_006044,KITTI,train,006044,2,0,2
6046,kitti_006045,KITTI,val,006045,0,1,1
6047,kitti_006046,KITTI,train,006046,5,2,7
6048,kitti_006047,KITTI,train,006047,5,0,5
6049,kitti_006048,KITTI,train,006048,1,0,1
6050,kitti_006049,KITTI,val,006049,4,0,4
6051,kitti_006050,KITTI,train,006050,2,0,2
6052,kitti_006051,KITTI,val,006051,1,0,1
6053,kitti_006052,KITTI,train,006052,2,2,4
6054,kitti_006053,KITTI,train,006053,0,0,0
6055,kitti_006054,KITTI,train,006054,1,0,1
6056,kitti_006055,KITTI,train,006055,0,0,0
6057,kitti_006056,KITTI,train,006056,1,0,1
6058,kitti_006057,KITTI,train,006057,0,0,0
6059,kitti_006058,KITTI,train,006058,2,0,2
6060,kitti_006059,KITTI,train,006059,0,0,0
6061,kitti_006060,KITTI,val,006060,2,0,2
6062,kitti_006061,KITTI,val,006061,0,0,0
6063,kitti_006062,KITTI,train,006062,1,0,1
6064,kitti_006063,KITTI,train,006063,0,1,1
6065,kitti_006064,KITTI,train,006064,1,0,1
6066,kitti_006065,KITTI,train,006065,1,0,1
6067,kitti_006066,KITTI,val,006066,2,0,2
6068,kitti_006067,KITTI,train,006067,0,0,0
6069,kitti_006068,KITTI,val,006068,0,0,0
6070,kitti_006069,KITTI,train,006069,1,0,1
6071,kitti_006070,KITTI,train,006070,3,0,3
6072,kitti_006071,KITTI,train,006071,1,0,1
6073,kitti_006072,KITTI,train,006072,2,1,3
6074,kitti_006073,KITTI,train,006073,2,0,2
6075,kitti_006074,KITTI,train,006074,2,0,2
6076,kitti_006075,KITTI,train,006075,1,0,1
6077,kitti_006076,KITTI,train,006076,0,0,0
6078,kitti_006077,KITTI,val,006077,1,0,1
6079,kitti_006078,KITTI,train,006078,6,0,6
6080,kitti_006079,KITTI,train,006079,3,0,3
6081,kitti_006080,KITTI,train,006080,0,0,0
6082,kitti_006081,KITTI,train,006081,0,0,0
6083,kitti_006082,KITTI,train,006082,0,0,0
6084,kitti_006083,KITTI,train,006083,1,0,1
6085,kitti_006084,KITTI,train,006084,1,0,1
6086,kitti_006085,KITTI,train,006085,0,0,0
6087,kitti_006086,KITTI,val,006086,0,0,0
6088,kitti_006087,KITTI,train,006087,2,0,2
6089,kitti_006088,KITTI,train,006088,2,0,2
6090,kitti_006089,KITTI,train,006089,0,0,0
6091,kitti_006090,KITTI,train,006090,1,0,1
6092,kitti_006091,KITTI,val,006091,1,1,2
6093,kitti_006092,KITTI,train,006092,3,0,3
6094,kitti_006093,KITTI,train,006093,1,0,1
6095,kitti_006094,KITTI,train,006094,0,0,0
6096,kitti_006095,KITTI,val,006095,1,0,1
6097,kitti_006096,KITTI,train,006096,0,1,1
6098,kitti_006097,KITTI,train,006097,3,0,3
6099,kitti_006098,KITTI,train,006098,2,0,2
6100,kitti_006099,KITTI,val,006099,0,0,0
6101,kitti_006100,KITTI,train,006100,2,0,2
6102,kitti_006101,KITTI,train,006101,1,0,1
6103,kitti_006102,KITTI,train,006102,0,0,0
6104,kitti_006103,KITTI,train,006103,2,0,2
6105,kitti_006104,KITTI,train,006104,0,0,0
6106,kitti_006105,KITTI,train,006105,0,0,0
6107,kitti_006106,KITTI,train,006106,1,0,1
6108,kitti_006107,KITTI,val,006107,0,0,0
6109,kitti_006108,KITTI,train,006108,2,0,2
6110,kitti_006109,KITTI,train,006109,3,0,3
6111,kitti_006110,KITTI,train,006110,1,0,1
6112,kitti_006111,KITTI,train,006111,0,2,2
6113,kitti_006112,KITTI,train,006112,5,0,5
6114,kitti_006113,KITTI,train,006113,1,0,1
6115,kitti_006114,KITTI,train,006114,0,1,1
6116,kitti_006115,KITTI,train,006115,1,0,1
6117,kitti_006116,KITTI,train,006116,2,2,4
6118,kitti_006117,KITTI,val,006117,2,0,2
6119,kitti_006118,KITTI,train,006118,4,0,4
6120,kitti_006119,KITTI,train,006119,2,2,4
6121,kitti_006120,KITTI,train,006120,1,0,1
6122,kitti_006121,KITTI,val,006121,3,0,3
6123,kitti_006122,KITTI,train,006122,3,0,3
6124,kitti_006123,KITTI,val,006123,0,0,0
6125,kitti_006124,KITTI,train,006124,1,0,1
6126,kitti_006125,KITTI,val,006125,1,0,1
6127,kitti_006126,KITTI,train,006126,1,0,1
6128,kitti_006127,KITTI,train,006127,2,0,2
6129,kitti_006128,KITTI,val,006128,1,0,1
6130,kitti_006129,KITTI,train,006129,1,0,1
6131,kitti_006130,KITTI,train,006130,2,0,2
6132,kitti_006131,KITTI,val,006131,3,0,3
6133,kitti_006132,KITTI,val,006132,3,0,3
6134,kitti_006133,KITTI,train,006133,2,0,2
6135,kitti_006134,KITTI,train,006134,2,0,2
6136,kitti_006135,KITTI,train,006135,1,0,1
6137,kitti_006136,KITTI,train,006136,2,0,2
6138,kitti_006137,KITTI,train,006137,2,0,2
6139,kitti_006138,KITTI,train,006138,0,0,0
6140,kitti_006139,KITTI,train,006139,2,0,2
6141,kitti_006140,KITTI,val,006140,1,0,1
6142,kitti_006141,KITTI,train,006141,1,0,1
6143,kitti_006142,KITTI,train,006142,1,0,1
6144,kitti_006143,KITTI,train,006143,1,0,1
6145,kitti_006144,KITTI,train,006144,0,2,2
6146,kitti_006145,KITTI,train,006145,2,0,2
6147,kitti_006146,KITTI,train,006146,1,0,1
6148,kitti_006147,KITTI,train,006147,3,0,3
6149,kitti_006148,KITTI,train,006148,3,0,3
6150,kitti_006149,KITTI,val,006149,2,0,2
6151,kitti_006150,KITTI,val,006150,1,0,1
6152,kitti_006151,KITTI,val,006151,0,0,0
6153,kitti_006152,KITTI,train,006152,0,0,0
6154,kitti_006153,KITTI,train,006153,2,0,2
6155,kitti_006154,KITTI,train,006154,0,0,0
6156,kitti_006155,KITTI,train,006155,3,0,3
6157,kitti_006156,KITTI,train,006156,2,0,2
6158,kitti_006157,KITTI,train,006157,1,0,1
6159,kitti_006158,KITTI,train,006158,0,0,0
6160,kitti_006159,KITTI,train,006159,0,0,0
6161,kitti_006160,KITTI,train,006160,2,0,2
6162,kitti_006161,KITTI,train,006161,2,1,3
6163,kitti_006162,KITTI,val,006162,2,0,2
6164,kitti_006163,KITTI,train,006163,3,0,3
6165,kitti_006164,KITTI,train,006164,0,0,0
6166,kitti_006165,KITTI,train,006165,2,1,3
6167,kitti_006166,KITTI,train,006166,0,0,0
6168,kitti_006167,KITTI,train,006167,2,0,2
6169,kitti_006168,KITTI,train,006168,0,2,2
6170,kitti_006169,KITTI,train,006169,1,0,1
6171,kitti_006170,KITTI,train,006170,1,0,1
6172,kitti_006171,KITTI,val,006171,1,0,1
6173,kitti_006172,KITTI,val,006172,0,2,2
6174,kitti_006173,KITTI,train,006173,3,0,3
6175,kitti_006174,KITTI,train,006174,3,0,3
6176,kitti_006175,KITTI,val,006175,2,1,3
6177,kitti_006176,KITTI,val,006176,3,0,3
6178,kitti_006177,KITTI,train,006177,2,0,2
6179,kitti_006178,KITTI,train,006178,0,0,0
6180,kitti_006179,KITTI,train,006179,0,0,0
6181,kitti_006180,KITTI,train,006180,1,0,1
6182,kitti_006181,KITTI,train,006181,1,0,1
6183,kitti_006182,KITTI,train,006182,1,0,1
6184,kitti_006183,KITTI,train,006183,0,0,0
6185,kitti_006184,KITTI,train,006184,0,0,0
6186,kitti_006185,KITTI,train,006185,0,0,0
6187,kitti_006186,KITTI,val,006186,1,0,1
6188,kitti_006187,KITTI,train,006187,2,0,2
6189,kitti_006188,KITTI,val,006188,4,0,4
6190,kitti_006189,KITTI,train,006189,2,0,2
6191,kitti_006190,KITTI,train,006190,5,1,6
6192,kitti_006191,KITTI,train,006191,2,0,2
6193,kitti_006192,KITTI,train,006192,1,0,1
6194,kitti_006193,KITTI,train,006193,1,0,1
6195,kitti_006194,KITTI,train,006194,0,0,0
6196,kitti_006195,KITTI,train,006195,3,0,3
6197,kitti_006196,KITTI,train,006196,2,0,2
6198,kitti_006197,KITTI,train,006197,4,0,4
6199,kitti_006198,KITTI,train,006198,1,0,1
6200,kitti_006199,KITTI,train,006199,5,0,5
6201,kitti_006200,KITTI,train,006200,4,0,4
6202,kitti_006201,KITTI,train,006201,0,0,0
6203,kitti_006202,KITTI,val,006202,0,2,2
6204,kitti_006203,KITTI,train,006203,1,0,1
6205,kitti_006204,KITTI,train,006204,0,0,0
6206,kitti_006205,KITTI,train,006205,2,0,2
6207,kitti_006206,KITTI,train,006206,1,0,1
6208,kitti_006207,KITTI,val,006207,0,0,0
6209,kitti_006208,KITTI,train,006208,4,0,4
6210,kitti_006209,KITTI,train,006209,1,0,1
6211,kitti_006210,KITTI,train,006210,3,1,4
6212,kitti_006211,KITTI,train,006211,0,0,0
6213,kitti_006212,KITTI,train,006212,1,0,1
6214,kitti_006213,KITTI,train,006213,2,0,2
6215,kitti_006214,KITTI,val,006214,0,0,0
6216,kitti_006215,KITTI,val,006215,0,0,0
6217,kitti_006216,KITTI,train,006216,1,0,1
6218,kitti_006217,KITTI,train,006217,1,0,1
6219,kitti_006218,KITTI,val,006218,1,0,1
6220,kitti_006219,KITTI,train,006219,3,1,4
6221,kitti_006220,KITTI,train,006220,2,0,2
6222,kitti_006221,KITTI,val,006221,0,0,0
6223,kitti_006222,KITTI,train,006222,0,0,0
6224,kitti_006223,KITTI,train,006223,0,0,0
6225,kitti_006224,KITTI,train,006224,1,0,1
6226,kitti_006225,KITTI,train,006225,1,0,1
6227,kitti_006226,KITTI,train,006226,1,0,1
6228,kitti_006227,KITTI,val,006227,0,0,0
6229,kitti_006228,KITTI,train,006228,0,0,0
6230,kitti_006229,KITTI,val,006229,5,1,6
6231,kitti_006230,KITTI,train,006230,1,1,2
6232,kitti_006231,KITTI,train,006231,0,0,0
6233,kitti_006232,KITTI,train,006232,0,0,0
6234,kitti_006233,KITTI,train,006233,1,0,1
6235,kitti_006234,KITTI,val,006234,1,0,1
6236,kitti_006235,KITTI,train,006235,0,0,0
6237,kitti_006236,KITTI,train,006236,1,0,1
6238,kitti_006237,KITTI,train,006237,3,1,4
6239,kitti_006238,KITTI,train,006238,0,1,1
6240,kitti_006239,KITTI,train,006239,0,0,0
6241,kitti_006240,KITTI,train,006240,0,0,0
6242,kitti_006241,KITTI,train,006241,1,0,1
6243,kitti_006242,KITTI,train,006242,0,0,0
6244,kitti_006243,KITTI,train,006243,0,0,0
6245,kitti_006244,KITTI,train,006244,0,0,0
6246,kitti_006245,KITTI,train,006245,1,1,2
6247,kitti_006246,KITTI,train,006246,0,0,0
6248,kitti_006247,KITTI,train,006247,2,0,2
6249,kitti_006248,KITTI,train,006248,3,0,3
6250,kitti_006249,KITTI,train,006249,3,2,5
6251,kitti_006250,KITTI,train,006250,1,0,1
6252,kitti_006251,KITTI,train,006251,0,0,0
6253,kitti_006252,KITTI,train,006252,1,0,1
6254,kitti_006253,KITTI,val,006253,0,0,0
6255,kitti_006254,KITTI,train,006254,1,0,1
6256,kitti_006255,KITTI,train,006255,4,1,5
6257,kitti_006256,KITTI,val,006256,0,0,0
6258,kitti_006257,KITTI,val,006257,1,1,2
6259,kitti_006258,KITTI,train,006258,0,0,0
6260,kitti_006259,KITTI,train,006259,3,0,3
6261,kitti_006260,KITTI,train,006260,0,0,0
6262,kitti_006261,KITTI,train,006261,0,0,0
6263,kitti_006262,KITTI,train,006262,0,0,0
6264,kitti_006263,KITTI,val,006263,5,0,5
6265,kitti_006264,KITTI,train,006264,1,0,1
6266,kitti_006265,KITTI,train,006265,2,0,2
6267,kitti_006266,KITTI,train,006266,0,0,0
6268,kitti_006267,KITTI,val,006267,4,0,4
6269,kitti_006268,KITTI,train,006268,3,0,3
6270,kitti_006269,KITTI,train,006269,2,0,2
6271,kitti_006270,KITTI,train,006270,0,0,0
6272,kitti_006271,KITTI,train,006271,3,1,4
6273,kitti_006272,KITTI,train,006272,3,0,3
6274,kitti_006273,KITTI,train,006273,1,0,1
6275,kitti_006274,KITTI,train,006274,0,0,0
6276,kitti_006275,KITTI,train,006275,2,0,2
6277,kitti_006276,KITTI,train,006276,4,0,4
6278,kitti_006277,KITTI,train,006277,7,0,7
6279,kitti_006278,KITTI,val,006278,1,0,1
6280,kitti_006279,KITTI,train,006279,0,0,0
6281,kitti_006280,KITTI,train,006280,2,0,2
6282,kitti_006281,KITTI,train,006281,0,0,0
6283,kitti_006282,KITTI,train,006282,2,0,2
6284,kitti_006283,KITTI,train,006283,1,0,1
6285,kitti_006284,KITTI,train,006284,2,0,2
6286,kitti_006285,KITTI,train,006285,1,3,4
6287,kitti_006286,KITTI,train,006286,4,0,4
6288,kitti_006287,KITTI,train,006287,2,0,2
6289,kitti_006288,KITTI,train,006288,3,1,4
6290,kitti_006289,KITTI,train,006289,1,0,1
6291,kitti_006290,KITTI,train,006290,0,2,2
6292,kitti_006291,KITTI,train,006291,0,2,2
6293,kitti_006292,KITTI,train,006292,0,0,0
6294,kitti_006293,KITTI,train,006293,3,0,3
6295,kitti_006294,KITTI,train,006294,0,0,0
6296,kitti_006295,KITTI,train,006295,1,0,1
6297,kitti_006296,KITTI,train,006296,1,1,2
6298,kitti_006297,KITTI,train,006297,2,0,2
6299,kitti_006298,KITTI,val,006298,2,0,2
6300,kitti_006299,KITTI,val,006299,0,0,0
6301,kitti_006300,KITTI,train,006300,4,1,5
6302,kitti_006301,KITTI,train,006301,0,1,1
6303,kitti_006302,KITTI,train,006302,1,0,1
6304,kitti_006303,KITTI,train,006303,4,0,4
6305,kitti_006304,KITTI,train,006304,2,0,2
6306,kitti_006305,KITTI,val,006305,2,0,2
6307,kitti_006306,KITTI,train,006306,1,0,1
6308,kitti_006307,KITTI,train,006307,1,1,2
6309,kitti_006308,KITTI,train,006308,0,0,0
6310,kitti_006309,KITTI,train,006309,1,0,1
6311,kitti_006310,KITTI,train,006310,1,0,1
6312,kitti_006311,KITTI,train,006311,0,0,0
6313,kitti_006312,KITTI,val,006312,0,0,0
6314,kitti_006313,KITTI,train,006313,0,4,4
6315,kitti_006314,KITTI,train,006314,3,0,3
6316,kitti_006315,KITTI,train,006315,2,0,2
6317,kitti_006316,KITTI,train,006316,0,0,0
6318,kitti_006317,KITTI,train,006317,1,0,1
6319,kitti_006318,KITTI,val,006318,5,1,6
6320,kitti_006319,KITTI,train,006319,0,0,0
6321,kitti_006320,KITTI,train,006320,1,0,1
6322,kitti_006321,KITTI,train,006321,1,0,1
6323,kitti_006322,KITTI,train,006322,2,0,2
6324,kitti_006323,KITTI,train,006323,4,0,4
6325,kitti_006324,KITTI,train,006324,3,0,3
6326,kitti_006325,KITTI,val,006325,3,0,3
6327,kitti_006326,KITTI,train,006326,1,0,1
6328,kitti_006327,KITTI,val,006327,1,0,1
6329,kitti_006328,KITTI,train,006328,3,0,3
6330,kitti_006329,KITTI,train,006329,0,0,0
6331,kitti_006330,KITTI,train,006330,1,0,1
6332,kitti_006331,KITTI,train,006331,2,0,2
6333,kitti_006332,KITTI,train,006332,0,1,1
6334,kitti_006333,KITTI,train,006333,3,0,3
6335,kitti_006334,KITTI,train,006334,2,0,2
6336,kitti_006335,KITTI,train,006335,0,2,2
6337,kitti_006336,KITTI,train,006336,6,0,6
6338,kitti_006337,KITTI,train,006337,0,0,0
6339,kitti_006338,KITTI,train,006338,2,0,2
6340,kitti_006339,KITTI,train,006339,1,0,1
6341,kitti_006340,KITTI,train,006340,3,0,3
6342,kitti_006341,KITTI,train,006341,4,0,4
6343,kitti_006342,KITTI,val,006342,2,0,2
6344,kitti_006343,KITTI,train,006343,2,0,2
6345,kitti_006344,KITTI,train,006344,0,1,1
6346,kitti_006345,KITTI,val,006345,0,0,0
6347,kitti_006346,KITTI,train,006346,4,0,4
6348,kitti_006347,KITTI,train,006347,1,0,1
6349,kitti_006348,KITTI,train,006348,1,1,2
6350,kitti_006349,KITTI,train,006349,0,1,1
6351,kitti_006350,KITTI,train,006350,0,0,0
6352,kitti_006351,KITTI,train,006351,0,0,0
6353,kitti_006352,KITTI,train,006352,3,0,3
6354,kitti_006353,KITTI,val,006353,0,0,0
6355,kitti_006354,KITTI,val,006354,0,0,0
6356,kitti_006355,KITTI,train,006355,2,0,2
6357,kitti_006356,KITTI,train,006356,2,0,2
6358,kitti_006357,KITTI,train,006357,0,0,0
6359,kitti_006358,KITTI,train,006358,3,0,3
6360,kitti_006359,KITTI,train,006359,1,0,1
6361,kitti_006360,KITTI,train,006360,2,0,2
6362,kitti_006361,KITTI,train,006361,0,0,0
6363,kitti_006362,KITTI,train,006362,1,0,1
6364,kitti_006363,KITTI,val,006363,2,0,2
6365,kitti_006364,KITTI,train,006364,6,0,6
6366,kitti_006365,KITTI,val,006365,0,3,3
6367,kitti_006366,KITTI,train,006366,2,0,2
6368,kitti_006367,KITTI,train,006367,0,2,2
6369,kitti_006368,KITTI,train,006368,1,0,1
6370,kitti_006369,KITTI,train,006369,2,0,2
6371,kitti_006370,KITTI,val,006370,1,0,1
6372,kitti_006371,KITTI,train,006371,0,0,0
6373,kitti_006372,KITTI,train,006372,1,0,1
6374,kitti_006373,KITTI,train,006373,2,1,3
6375,kitti_006374,KITTI,train,006374,2,0,2
6376,kitti_006375,KITTI,train,006375,1,0,1
6377,kitti_006376,KITTI,train,006376,0,0,0
6378,kitti_006377,KITTI,val,006377,3,0,3
6379,kitti_006378,KITTI,train,006378,4,0,4
6380,kitti_006379,KITTI,train,006379,2,0,2
6381,kitti_006380,KITTI,train,006380,4,1,5
6382,kitti_006381,KITTI,train,006381,0,0,0
6383,kitti_006382,KITTI,train,006382,0,0,0
6384,kitti_006383,KITTI,train,006383,1,0,1
6385,kitti_006384,KITTI,train,006384,1,0,1
6386,kitti_006385,KITTI,val,006385,1,0,1
6387,kitti_006386,KITTI,train,006386,1,0,1
6388,kitti_006387,KITTI,train,006387,4,0,4
6389,kitti_006388,KITTI,train,006388,3,0,3
6390,kitti_006389,KITTI,train,006389,0,0,0
6391,kitti_006390,KITTI,train,006390,1,0,1
6392,kitti_006391,KITTI,train,006391,1,0,1
6393,kitti_006392,KITTI,train,006392,1,0,1
6394,kitti_006393,KITTI,train,006393,0,0,0
6395,kitti_006394,KITTI,train,006394,0,1,1
6396,kitti_006395,KITTI,val,006395,1,0,1
6397,kitti_006396,KITTI,train,006396,2,0,2
6398,kitti_006397,KITTI,train,006397,5,0,5
6399,kitti_006398,KITTI,train,006398,0,1,1
6400,kitti_006399,KITTI,train,006399,1,0,1
6401,kitti_006400,KITTI,train,006400,3,0,3
6402,kitti_006401,KITTI,val,006401,1,0,1
6403,kitti_006402,KITTI,train,006402,0,0,0
6404,kitti_006403,KITTI,train,006403,2,0,2
6405,kitti_006404,KITTI,train,006404,1,0,1
6406,kitti_006405,KITTI,train,006405,2,0,2
6407,kitti_006406,KITTI,train,006406,1,0,1
6408,kitti_006407,KITTI,train,006407,5,0,5
6409,kitti_006408,KITTI,val,006408,1,0,1
6410,kitti_006409,KITTI,val,006409,1,0,1
6411,kitti_006410,KITTI,val,006410,2,0,2
6412,kitti_006411,KITTI,train,006411,0,0,0
6413,kitti_006412,KITTI,train,006412,3,0,3
6414,kitti_006413,KITTI,train,006413,2,0,2
6415,kitti_006414,KITTI,val,006414,4,0,4
6416,kitti_006415,KITTI,val,006415,2,0,2
6417,kitti_006416,KITTI,train,006416,2,0,2
6418,kitti_006417,KITTI,val,006417,3,2,5
6419,kitti_006418,KITTI,val,006418,2,0,2
6420,kitti_006419,KITTI,train,006419,2,0,2
6421,kitti_006420,KITTI,train,006420,0,1,1
6422,kitti_006421,KITTI,train,006421,3,0,3
6423,kitti_006422,KITTI,train,006422,0,0,0
6424,kitti_006423,KITTI,val,006423,0,0,0
6425,kitti_006424,KITTI,val,006424,1,0,1
6426,kitti_006425,KITTI,train,006425,0,0,0
6427,kitti_006426,KITTI,train,006426,3,0,3
6428,kitti_006427,KITTI,train,006427,1,0,1
6429,kitti_006428,KITTI,train,006428,0,5,5
6430,kitti_006429,KITTI,train,006429,1,0,1
6431,kitti_006430,KITTI,train,006430,0,0,0
6432,kitti_006431,KITTI,train,006431,0,0,0
6433,kitti_006432,KITTI,train,006432,2,1,3
6434,kitti_006433,KITTI,train,006433,3,0,3
6435,kitti_006434,KITTI,train,006434,0,0,0
6436,kitti_006435,KITTI,train,006435,0,0,0
6437,kitti_006436,KITTI,train,006436,2,0,2
6438,kitti_006437,KITTI,train,006437,0,0,0
6439,kitti_006438,KITTI,train,006438,2,1,3
6440,kitti_006439,KITTI,train,006439,3,0,3
6441,kitti_006440,KITTI,train,006440,0,0,0
6442,kitti_006441,KITTI,train,006441,1,0,1
6443,kitti_006442,KITTI,train,006442,3,1,4
6444,kitti_006443,KITTI,train,006443,3,0,3
6445,kitti_006444,KITTI,train,006444,1,0,1
6446,kitti_006445,KITTI,train,006445,2,0,2
6447,kitti_006446,KITTI,train,006446,3,0,3
6448,kitti_006447,KITTI,val,006447,0,0,0
6449,kitti_006448,KITTI,val,006448,4,0,4
6450,kitti_006449,KITTI,train,006449,1,0,1
6451,kitti_006450,KITTI,train,006450,2,0,2
6452,kitti_006451,KITTI,train,006451,0,0,0
6453,kitti_006452,KITTI,train,006452,0,0,0
6454,kitti_006453,KITTI,train,006453,7,0,7
6455,kitti_006454,KITTI,val,006454,2,0,2
6456,kitti_006455,KITTI,train,006455,1,0,1
6457,kitti_006456,KITTI,train,006456,0,0,0
6458,kitti_006457,KITTI,train,006457,1,0,1
6459,kitti_006458,KITTI,train,006458,0,0,0
6460,kitti_006459,KITTI,train,006459,2,0,2
6461,kitti_006460,KITTI,val,006460,3,0,3
6462,kitti_006461,KITTI,train,006461,3,0,3
6463,kitti_006462,KITTI,train,006462,2,0,2
6464,kitti_006463,KITTI,val,006463,3,0,3
6465,kitti_006464,KITTI,train,006464,4,0,4
6466,kitti_006465,KITTI,train,006465,1,0,1
6467,kitti_006466,KITTI,train,006466,1,1,2
6468,kitti_006467,KITTI,train,006467,1,0,1
6469,kitti_006468,KITTI,train,006468,2,0,2
6470,kitti_006469,KITTI,train,006469,0,1,1
6471,kitti_006470,KITTI,val,006470,1,0,1
6472,kitti_006471,KITTI,train,006471,0,0,0
6473,kitti_006472,KITTI,train,006472,0,0,0
6474,kitti_006473,KITTI,train,006473,4,1,5
6475,kitti_006474,KITTI,train,006474,2,6,8
6476,kitti_006475,KITTI,val,006475,1,0,1
6477,kitti_006476,KITTI,train,006476,0,2,2
6478,kitti_006477,KITTI,train,006477,2,2,4
6479,kitti_006478,KITTI,train,006478,2,0,2
6480,kitti_006479,KITTI,val,006479,4,0,4
6481,kitti_006480,KITTI,train,006480,0,0,0
6482,kitti_006481,KITTI,train,006481,2,0,2
6483,kitti_006482,KITTI,train,006482,1,1,2
6484,kitti_006483,KITTI,train,006483,1,0,1
6485,kitti_006484,KITTI,val,006484,2,1,3
6486,kitti_006485,KITTI,train,006485,1,0,1
6487,kitti_006486,KITTI,train,006486,0,0,0
6488,kitti_006487,KITTI,val,006487,1,0,1
6489,kitti_006488,KITTI,train,006488,1,0,1
6490,kitti_006489,KITTI,train,006489,1,0,1
6491,kitti_006490,KITTI,train,006490,1,0,1
6492,kitti_006491,KITTI,train,006491,2,1,3
6493,kitti_006492,KITTI,train,006492,2,0,2
6494,kitti_006493,KITTI,train,006493,2,0,2
6495,kitti_006494,KITTI,train,006494,0,3,3
6496,kitti_006495,KITTI,train,006495,1,0,1
6497,kitti_006496,KITTI,val,006496,0,0,0
6498,kitti_006497,KITTI,train,006497,0,0,0
6499,kitti_006498,KITTI,train,006498,0,0,0
6500,kitti_006499,KITTI,val,006499,0,0,0
6501,kitti_006500,KITTI,train,006500,3,0,3
6502,kitti_006501,KITTI,train,006501,0,1,1
6503,kitti_006502,KITTI,train,006502,0,0,0
6504,kitti_006503,KITTI,train,006503,0,1,1
6505,kitti_006504,KITTI,train,006504,0,0,0
6506,kitti_006505,KITTI,train,006505,3,0,3
6507,kitti_006506,KITTI,train,006506,1,0,1
6508,kitti_006507,KITTI,train,006507,2,0,2
6509,kitti_006508,KITTI,val,006508,0,0,0
6510,kitti_006509,KITTI,train,006509,0,0,0
6511,kitti_006510,KITTI,val,006510,1,0,1
6512,kitti_006511,KITTI,train,006511,2,0,2
6513,kitti_006512,KITTI,val,006512,1,1,2
6514,kitti_006513,KITTI,val,006513,2,0,2
6515,kitti_006514,KITTI,train,006514,0,1,1
6516,kitti_006515,KITTI,val,006515,1,0,1
6517,kitti_006516,KITTI,train,006516,1,1,2
6518,kitti_006517,KITTI,train,006517,4,0,4
6519,kitti_006518,KITTI,train,006518,1,0,1
6520,kitti_006519,KITTI,val,006519,1,0,1
6521,kitti_006520,KITTI,train,006520,2,0,2
6522,kitti_006521,KITTI,train,006521,0,0,0
6523,kitti_006522,KITTI,train,006522,1,0,1
6524,kitti_006523,KITTI,train,006523,2,0,2
6525,kitti_006524,KITTI,train,006524,0,0,0
6526,kitti_006525,KITTI,train,006525,0,1,1
6527,kitti_006526,KITTI,train,006526,2,0,2
6528,kitti_006527,KITTI,train,006527,4,0,4
6529,kitti_006528,KITTI,val,006528,2,0,2
6530,kitti_006529,KITTI,train,006529,4,0,4
6531,kitti_006530,KITTI,train,006530,0,0,0
6532,kitti_006531,KITTI,train,006531,2,0,2
6533,kitti_006532,KITTI,train,006532,2,0,2
6534,kitti_006533,KITTI,train,006533,2,0,2
6535,kitti_006534,KITTI,val,006534,0,0,0
6536,kitti_006535,KITTI,val,006535,2,0,2
6537,kitti_006536,KITTI,train,006536,2,0,2
6538,kitti_006537,KITTI,train,006537,1,1,2
6539,kitti_006538,KITTI,val,006538,4,0,4
6540,kitti_006539,KITTI,train,006539,4,0,4
6541,kitti_006540,KITTI,train,006540,0,0,0
6542,kitti_006541,KITTI,train,006541,1,1,2
6543,kitti_006542,KITTI,train,006542,2,0,2
6544,kitti_006543,KITTI,val,006543,2,0,2
6545,kitti_006544,KITTI,val,006544,0,1,1
6546,kitti_006545,KITTI,train,006545,1,3,4
6547,kitti_006546,KITTI,train,006546,1,0,1
6548,kitti_006547,KITTI,val,006547,3,0,3
6549,kitti_006548,KITTI,val,006548,2,0,2
6550,kitti_006549,KITTI,train,006549,2,0,2
6551,kitti_006550,KITTI,train,006550,1,0,1
6552,kitti_006551,KITTI,train,006551,3,0,3
6553,kitti_006552,KITTI,train,006552,0,0,0
6554,kitti_006553,KITTI,train,006553,1,1,2
6555,kitti_006554,KITTI,val,006554,1,0,1
6556,kitti_006555,KITTI,train,006555,1,0,1
6557,kitti_006556,KITTI,train,006556,0,0,0
6558,kitti_006557,KITTI,train,006557,2,0,2
6559,kitti_006558,KITTI,train,006558,0,0,0
6560,kitti_006559,KITTI,train,006559,0,0,0
6561,kitti_006560,KITTI,train,006560,2,0,2
6562,kitti_006561,KITTI,val,006561,4,0,4
6563,kitti_006562,KITTI,train,006562,1,0,1
6564,kitti_006563,KITTI,train,006563,1,1,2
6565,kitti_006564,KITTI,train,006564,1,0,1
6566,kitti_006565,KITTI,val,006565,1,2,3
6567,kitti_006566,KITTI,train,006566,1,0,1
6568,kitti_006567,KITTI,train,006567,0,0,0
6569,kitti_006568,KITTI,val,006568,1,0,1
6570,kitti_006569,KITTI,train,006569,3,0,3
6571,kitti_006570,KITTI,train,006570,0,0,0
6572,kitti_006571,KITTI,train,006571,1,0,1
6573,kitti_006572,KITTI,val,006572,0,0,0
6574,kitti_006573,KITTI,train,006573,0,0,0
6575,kitti_006574,KITTI,val,006574,0,0,0
6576,kitti_006575,KITTI,train,006575,0,0,0
6577,kitti_006576,KITTI,train,006576,1,0,1
6578,kitti_006577,KITTI,train,006577,0,0,0
6579,kitti_006578,KITTI,train,006578,1,0,1
6580,kitti_006579,KITTI,val,006579,0,0,0
6581,kitti_006580,KITTI,val,006580,0,0,0
6582,kitti_006581,KITTI,val,006581,0,0,0
6583,kitti_006582,KITTI,train,006582,0,0,0
6584,kitti_006583,KITTI,train,006583,1,0,1
6585,kitti_006584,KITTI,train,006584,0,0,0
6586,kitti_006585,KITTI,train,006585,0,0,0
6587,kitti_006586,KITTI,train,006586,3,0,3
6588,kitti_006587,KITTI,train,006587,1,1,2
6589,kitti_006588,KITTI,val,006588,1,0,1
6590,kitti_006589,KITTI,train,006589,0,0,0
6591,kitti_006590,KITTI,train,006590,0,0,0
6592,kitti_006591,KITTI,train,006591,0,0,0
6593,kitti_006592,KITTI,train,006592,0,0,0
6594,kitti_006593,KITTI,val,006593,1,0,1
6595,kitti_006594,KITTI,train,006594,1,0,1
6596,kitti_006595,KITTI,train,006595,5,0,5
6597,kitti_006596,KITTI,val,006596,2,0,2
6598,kitti_006597,KITTI,train,006597,3,0,3
6599,kitti_006598,KITTI,train,006598,3,0,3
6600,kitti_006599,KITTI,val,006599,1,0,1
6601,kitti_006600,KITTI,train,006600,0,0,0
6602,kitti_006601,KITTI,train,006601,2,0,2
6603,kitti_006602,KITTI,train,006602,1,0,1
6604,kitti_006603,KITTI,train,006603,2,0,2
6605,kitti_006604,KITTI,train,006604,1,0,1
6606,kitti_006605,KITTI,train,006605,2,0,2
6607,kitti_006606,KITTI,train,006606,1,0,1
6608,kitti_006607,KITTI,train,006607,1,0,1
6609,kitti_006608,KITTI,train,006608,3,0,3
6610,kitti_006609,KITTI,train,006609,0,0,0
6611,kitti_006610,KITTI,train,006610,1,1,2
6612,kitti_006611,KITTI,train,006611,1,0,1
6613,kitti_006612,KITTI,train,006612,2,1,3
6614,kitti_006613,KITTI,train,006613,1,0,1
6615,kitti_006614,KITTI,train,006614,2,0,2
6616,kitti_006615,KITTI,train,006615,1,0,1
6617,kitti_006616,KITTI,train,006616,1,0,1
6618,kitti_006617,KITTI,val,006617,1,0,1
6619,kitti_006618,KITTI,val,006618,1,0,1
6620,kitti_006619,KITTI,train,006619,1,0,1
6621,kitti_006620,KITTI,train,006620,4,0,4
6622,kitti_006621,KITTI,train,006621,4,0,4
6623,kitti_006622,KITTI,train,006622,1,0,1
6624,kitti_006623,KITTI,train,006623,2,0,2
6625,kitti_006624,KITTI,train,006624,0,1,1
6626,kitti_006625,KITTI,train,006625,4,0,4
6627,kitti_006626,KITTI,train,006626,1,0,1
6628,kitti_006627,KITTI,train,006627,1,0,1
6629,kitti_006628,KITTI,val,006628,0,0,0
6630,kitti_006629,KITTI,train,006629,0,1,1
6631,kitti_006630,KITTI,train,006630,4,0,4
6632,kitti_006631,KITTI,train,006631,2,0,2
6633,kitti_006632,KITTI,val,006632,1,0,1
6634,kitti_006633,KITTI,train,006633,2,0,2
6635,kitti_006634,KITTI,train,006634,2,0,2
6636,kitti_006635,KITTI,train,006635,3,0,3
6637,kitti_006636,KITTI,val,006636,3,1,4
6638,kitti_006637,KITTI,train,006637,0,1,1
6639,kitti_006638,KITTI,val,006638,2,0,2
6640,kitti_006639,KITTI,train,006639,1,0,1
6641,kitti_006640,KITTI,train,006640,0,0,0
6642,kitti_006641,KITTI,train,006641,0,0,0
6643,kitti_006642,KITTI,val,006642,0,0,0
6644,kitti_006643,KITTI,train,006643,2,0,2
6645,kitti_006644,KITTI,train,006644,0,1,1
6646,kitti_006645,KITTI,val,006645,3,0,3
6647,kitti_006646,KITTI,train,006646,0,0,0
6648,kitti_006647,KITTI,train,006647,2,0,2
6649,kitti_006648,KITTI,train,006648,5,0,5
6650,kitti_006649,KITTI,val,006649,2,0,2
6651,kitti_006650,KITTI,train,006650,2,0,2
6652,kitti_006651,KITTI,train,006651,2,2,4
6653,kitti_006652,KITTI,train,006652,0,0,0
6654,kitti_006653,KITTI,train,006653,0,0,0
6655,kitti_006654,KITTI,val,006654,0,0,0
6656,kitti_006655,KITTI,train,006655,4,0,4
6657,kitti_006656,KITTI,val,006656,0,0,0
6658,kitti_006657,KITTI,train,006657,0,0,0
6659,kitti_006658,KITTI,train,006658,0,2,2
6660,kitti_006659,KITTI,train,006659,2,0,2
6661,kitti_006660,KITTI,val,006660,1,1,2
6662,kitti_006661,KITTI,train,006661,0,0,0
6663,kitti_006662,KITTI,train,006662,3,0,3
6664,kitti_006663,KITTI,val,006663,2,0,2
6665,kitti_006664,KITTI,train,006664,1,0,1
6666,kitti_006665,KITTI,train,006665,0,0,0
6667,kitti_006666,KITTI,train,006666,0,0,0
6668,kitti_006667,KITTI,val,006667,2,0,2
6669,kitti_006668,KITTI,train,006668,0,0,0
6670,kitti_006669,KITTI,train,006669,0,1,1
6671,kitti_006670,KITTI,train,006670,4,0,4
6672,kitti_006671,KITTI,train,006671,1,0,1
6673,kitti_006672,KITTI,train,006672,3,0,3
6674,kitti_006673,KITTI,train,006673,1,0,1
6675,kitti_006674,KITTI,train,006674,0,0,0
6676,kitti_006675,KITTI,val,006675,0,0,0
6677,kitti_006676,KITTI,train,006676,0,0,0
6678,kitti_006677,KITTI,val,006677,1,1,2
6679,kitti_006678,KITTI,val,006678,2,0,2
6680,kitti_006679,KITTI,train,006679,1,0,1
6681,kitti_006680,KITTI,train,006680,2,0,2
6682,kitti_006681,KITTI,val,006681,0,0,0
6683,kitti_006682,KITTI,train,006682,1,0,1
6684,kitti_006683,KITTI,train,006683,0,0,0
6685,kitti_006684,KITTI,train,006684,1,0,1
6686,kitti_006685,KITTI,val,006685,0,0,0
6687,kitti_006686,KITTI,val,006686,0,0,0
6688,kitti_006687,KITTI,train,006687,0,0,0
6689,kitti_006688,KITTI,train,006688,3,0,3
6690,kitti_006689,KITTI,train,006689,1,0,1
6691,kitti_006690,KITTI,val,006690,2,1,3
6692,kitti_006691,KITTI,val,006691,0,0,0
6693,kitti_006692,KITTI,train,006692,2,1,3
6694,kitti_006693,KITTI,train,006693,3,0,3
6695,kitti_006694,KITTI,train,006694,2,0,2
6696,kitti_006695,KITTI,train,006695,1,1,2
6697,kitti_006696,KITTI,train,006696,2,0,2
6698,kitti_006697,KITTI,train,006697,1,0,1
6699,kitti_006698,KITTI,train,006698,3,1,4
6700,kitti_006699,KITTI,val,006699,1,0,1
6701,kitti_006700,KITTI,train,006700,3,0,3
6702,kitti_006701,KITTI,train,006701,2,0,2
6703,kitti_006702,KITTI,train,006702,0,0,0
6704,kitti_006703,KITTI,val,006703,1,1,2
6705,kitti_006704,KITTI,train,006704,4,0,4
6706,kitti_006705,KITTI,train,006705,1,0,1
6707,kitti_006706,KITTI,val,006706,0,0,0
6708,kitti_006707,KITTI,train,006707,0,3,3
6709,kitti_006708,KITTI,val,006708,0,0,0
6710,kitti_006709,KITTI,train,006709,0,0,0
6711,kitti_006710,KITTI,train,006710,2,0,2
6712,kitti_006711,KITTI,val,006711,2,1,3
6713,kitti_006712,KITTI,train,006712,0,1,1
6714,kitti_006713,KITTI,train,006713,0,1,1
6715,kitti_006714,KITTI,train,006714,2,0,2
6716,kitti_006715,KITTI,train,006715,4,1,5
6717,kitti_006716,KITTI,train,006716,1,0,1
6718,kitti_006717,KITTI,train,006717,0,0,0
6719,kitti_006718,KITTI,train,006718,1,0,1
6720,kitti_006719,KITTI,val,006719,0,0,0
6721,kitti_006720,KITTI,val,006720,2,0,2
6722,kitti_006721,KITTI,val,006721,0,0,0
6723,kitti_006722,KITTI,train,006722,0,0,0
6724,kitti_006723,KITTI,train,006723,0,0,0
6725,kitti_006724,KITTI,train,006724,1,0,1
6726,kitti_006725,KITTI,train,006725,2,0,2
6727,kitti_006726,KITTI,train,006726,0,1,1
6728,kitti_006727,KITTI,train,006727,1,0,1
6729,kitti_006728,KITTI,val,006728,0,0,0
6730,kitti_006729,KITTI,train,006729,1,0,1
6731,kitti_006730,KITTI,train,006730,1,0,1
6732,kitti_006731,KITTI,train,006731,1,0,1
6733,kitti_006732,KITTI,train,006732,0,0,0
6734,kitti_006733,KITTI,train,006733,5,1,6
6735,kitti_006734,KITTI,train,006734,3,0,3
6736,kitti_006735,KITTI,train,006735,1,0,1
6737,kitti_006736,KITTI,train,006736,1,0,1
6738,kitti_006737,KITTI,train,006737,0,1,1
6739,kitti_006738,KITTI,train,006738,2,0,2
6740,kitti_006739,KITTI,train,006739,0,0,0
6741,kitti_006740,KITTI,train,006740,0,0,0
6742,kitti_006741,KITTI,train,006741,2,0,2
6743,kitti_006742,KITTI,train,006742,1,0,1
6744,kitti_006743,KITTI,train,006743,0,0,0
6745,kitti_006744,KITTI,val,006744,2,0,2
6746,kitti_006745,KITTI,train,006745,1,0,1
6747,kitti_006746,KITTI,val,006746,0,0,0
6748,kitti_006747,KITTI,train,006747,0,1,1
6749,kitti_006748,KITTI,train,006748,0,0,0
6750,kitti_006749,KITTI,train,006749,1,0,1
6751,kitti_006750,KITTI,train,006750,0,0,0
6752,kitti_006751,KITTI,val,006751,2,1,3
6753,kitti_006752,KITTI,train,006752,1,0,1
6754,kitti_006753,KITTI,train,006753,2,0,2
6755,kitti_006754,KITTI,train,006754,2,1,3
6756,kitti_006755,KITTI,train,006755,2,0,2
6757,kitti_006756,KITTI,val,006756,2,0,2
6758,kitti_006757,KITTI,train,006757,1,0,1
6759,kitti_006758,KITTI,train,006758,0,0,0
6760,kitti_006759,KITTI,train,006759,2,1,3
6761,kitti_006760,KITTI,train,006760,0,2,2
6762,kitti_006761,KITTI,train,006761,2,0,2
6763,kitti_006762,KITTI,train,006762,1,0,1
6764,kitti_006763,KITTI,train,006763,0,0,0
6765,kitti_006764,KITTI,train,006764,2,0,2
6766,kitti_006765,KITTI,train,006765,1,0,1
6767,kitti_006766,KITTI,train,006766,3,0,3
6768,kitti_006767,KITTI,train,006767,1,0,1
6769,kitti_006768,KITTI,val,006768,4,0,4
6770,kitti_006769,KITTI,val,006769,4,0,4
6771,kitti_006770,KITTI,train,006770,5,0,5
6772,kitti_006771,KITTI,train,006771,2,0,2
6773,kitti_006772,KITTI,train,006772,2,0,2
6774,kitti_006773,KITTI,val,006773,1,0,1
6775,kitti_006774,KITTI,train,006774,1,0,1
6776,kitti_006775,KITTI,val,006775,2,1,3
6777,kitti_006776,KITTI,train,006776,0,0,0
6778,kitti_006777,KITTI,val,006777,4,0,4
6779,kitti_006778,KITTI,train,006778,1,0,1
6780,kitti_006779,KITTI,train,006779,0,0,0
6781,kitti_006780,KITTI,val,006780,0,1,1
6782,kitti_006781,KITTI,train,006781,0,0,0
6783,kitti_006782,KITTI,train,006782,2,0,2
6784,kitti_006783,KITTI,train,006783,1,0,1
6785,kitti_006784,KITTI,train,006784,1,0,1
6786,kitti_006785,KITTI,train,006785,1,0,1
6787,kitti_006786,KITTI,train,006786,3,1,4
6788,kitti_006787,KITTI,val,006787,1,0,1
6789,kitti_006788,KITTI,train,006788,4,0,4
6790,kitti_006789,KITTI,train,006789,0,2,2
6791,kitti_006790,KITTI,train,006790,0,0,0
6792,kitti_006791,KITTI,val,006791,4,1,5
6793,kitti_006792,KITTI,val,006792,2,0,2
6794,kitti_006793,KITTI,val,006793,4,0,4
6795,kitti_006794,KITTI,train,006794,2,1,3
6796,kitti_006795,KITTI,train,006795,0,0,0
6797,kitti_006796,KITTI,train,006796,1,0,1
6798,kitti_006797,KITTI,train,006797,1,0,1
6799,kitti_006798,KITTI,train,006798,1,0,1
6800,kitti_006799,KITTI,train,006799,0,0,0
6801,kitti_006800,KITTI,train,006800,3,0,3
6802,kitti_006801,KITTI,train,006801,1,0,1
6803,kitti_006802,KITTI,train,006802,0,0,0
6804,kitti_006803,KITTI,train,006803,2,0,2
6805,kitti_006804,KITTI,train,006804,0,0,0
6806,kitti_006805,KITTI,train,006805,1,1,2
6807,kitti_006806,KITTI,train,006806,2,0,2
6808,kitti_006807,KITTI,train,006807,0,0,0
6809,kitti_006808,KITTI,train,006808,2,0,2
6810,kitti_006809,KITTI,train,006809,0,0,0
6811,kitti_006810,KITTI,val,006810,0,0,0
6812,kitti_006811,KITTI,train,006811,3,0,3
6813,kitti_006812,KITTI,train,006812,1,0,1
6814,kitti_006813,KITTI,train,006813,2,0,2
6815,kitti_006814,KITTI,train,006814,0,0,0
6816,kitti_006815,KITTI,train,006815,1,0,1
6817,kitti_006816,KITTI,train,006816,0,1,1
6818,kitti_006817,KITTI,train,006817,1,0,1
6819,kitti_006818,KITTI,val,006818,1,0,1
6820,kitti_006819,KITTI,train,006819,0,0,0
6821,kitti_006820,KITTI,val,006820,0,0,0
6822,kitti_006821,KITTI,train,006821,0,0,0
6823,kitti_006822,KITTI,train,006822,0,1,1
6824,kitti_006823,KITTI,train,006823,1,0,1
6825,kitti_006824,KITTI,train,006824,1,0,1
6826,kitti_006825,KITTI,val,006825,4,0,4
6827,kitti_006826,KITTI,val,006826,0,2,2
6828,kitti_006827,KITTI,train,006827,1,0,1
6829,kitti_006828,KITTI,train,006828,2,0,2
6830,kitti_006829,KITTI,train,006829,1,0,1
6831,kitti_006830,KITTI,val,006830,0,0,0
6832,kitti_006831,KITTI,train,006831,1,0,1
6833,kitti_006832,KITTI,train,006832,0,4,4
6834,kitti_006833,KITTI,val,006833,1,0,1
6835,kitti_006834,KITTI,train,006834,1,0,1
6836,kitti_006835,KITTI,train,006835,1,0,1
6837,kitti_006836,KITTI,train,006836,2,0,2
6838,kitti_006837,KITTI,train,006837,1,0,1
6839,kitti_006838,KITTI,train,006838,0,0,0
6840,kitti_006839,KITTI,train,006839,0,0,0
6841,kitti_006840,KITTI,train,006840,2,0,2
6842,kitti_006841,KITTI,val,006841,2,0,2
6843,kitti_006842,KITTI,val,006842,2,0,2
6844,kitti_006843,KITTI,val,006843,1,0,1
6845,kitti_006844,KITTI,train,006844,3,0,3
6846,kitti_006845,KITTI,val,006845,2,0,2
6847,kitti_006846,KITTI,val,006846,0,0,0
6848,kitti_006847,KITTI,train,006847,1,1,2
6849,kitti_006848,KITTI,train,006848,1,0,1
6850,kitti_006849,KITTI,val,006849,1,1,2
6851,kitti_006850,KITTI,train,006850,0,0,0
6852,kitti_006851,KITTI,train,006851,0,0,0
6853,kitti_006852,KITTI,train,006852,0,0,0
6854,kitti_006853,KITTI,train,006853,0,1,1
6855,kitti_006854,KITTI,train,006854,1,0,1
6856,kitti_006855,KITTI,train,006855,1,0,1
6857,kitti_006856,KITTI,train,006856,0,1,1
6858,kitti_006857,KITTI,train,006857,2,1,3
6859,kitti_006858,KITTI,train,006858,0,0,0
6860,kitti_006859,KITTI,val,006859,2,0,2
6861,kitti_006860,KITTI,train,006860,1,1,2
6862,kitti_006861,KITTI,train,006861,0,0,0
6863,kitti_006862,KITTI,train,006862,0,1,1
6864,kitti_006863,KITTI,train,006863,3,0,3
6865,kitti_006864,KITTI,val,006864,3,0,3
6866,kitti_006865,KITTI,train,006865,0,0,0
6867,kitti_006866,KITTI,train,006866,2,0,2
6868,kitti_006867,KITTI,train,006867,2,0,2
6869,kitti_006868,KITTI,train,006868,1,1,2
6870,kitti_006869,KITTI,train,006869,0,0,0
6871,kitti_006870,KITTI,val,006870,3,0,3
6872,kitti_006871,KITTI,train,006871,4,0,4
6873,kitti_006872,KITTI,train,006872,2,0,2
6874,kitti_006873,KITTI,train,006873,0,0,0
6875,kitti_006874,KITTI,train,006874,1,0,1
6876,kitti_006875,KITTI,train,006875,0,0,0
6877,kitti_006876,KITTI,train,006876,4,1,5
6878,kitti_006877,KITTI,train,006877,1,0,1
6879,kitti_006878,KITTI,train,006878,3,0,3
6880,kitti_006879,KITTI,train,006879,1,0,1
6881,kitti_006880,KITTI,train,006880,0,0,0
6882,kitti_006881,KITTI,train,006881,0,0,0
6883,kitti_006882,KITTI,train,006882,1,0,1
6884,kitti_006883,KITTI,val,006883,2,0,2
6885,kitti_006884,KITTI,val,006884,3,1,4
6886,kitti_006885,KITTI,train,006885,2,0,2
6887,kitti_006886,KITTI,train,006886,2,0,2
6888,kitti_006887,KITTI,train,006887,2,0,2
6889,kitti_006888,KITTI,train,006888,4,0,4
6890,kitti_006889,KITTI,train,006889,0,0,0
6891,kitti_006890,KITTI,train,006890,0,0,0
6892,kitti_006891,KITTI,train,006891,2,0,2
6893,kitti_006892,KITTI,train,006892,0,0,0
6894,kitti_006893,KITTI,val,006893,4,0,4
6895,kitti_006894,KITTI,train,006894,1,1,2
6896,kitti_006895,KITTI,val,006895,2,0,2
6897,kitti_006896,KITTI,train,006896,2,0,2
6898,kitti_006897,KITTI,train,006897,2,0,2
6899,kitti_006898,KITTI,train,006898,0,0,0
6900,kitti_006899,KITTI,train,006899,1,1,2
6901,kitti_006900,KITTI,train,006900,1,1,2
6902,kitti_006901,KITTI,val,006901,1,0,1
6903,kitti_006902,KITTI,train,006902,1,0,1
6904,kitti_006903,KITTI,val,006903,0,0,0
6905,kitti_006904,KITTI,train,006904,1,0,1
6906,kitti_006905,KITTI,train,006905,0,0,0
6907,kitti_006906,KITTI,train,006906,1,0,1
6908,kitti_006907,KITTI,train,006907,1,1,2
6909,kitti_006908,KITTI,val,006908,1,0,1
6910,kitti_006909,KITTI,val,006909,1,0,1
6911,kitti_006910,KITTI,train,006910,2,0,2
6912,kitti_006911,KITTI,val,006911,3,0,3
6913,kitti_006912,KITTI,train,006912,3,0,3
6914,kitti_006913,KITTI,val,006913,1,2,3
6915,kitti_006914,KITTI,train,006914,0,0,0
6916,kitti_006915,KITTI,train,006915,0,0,0
6917,kitti_006916,KITTI,train,006916,0,0,0
6918,kitti_006917,KITTI,val,006917,2,0,2
6919,kitti_006918,KITTI,train,006918,1,1,2
6920,kitti_006919,KITTI,train,006919,3,1,4
6921,kitti_006920,KITTI,train,006920,2,0,2
6922,kitti_006921,KITTI,train,006921,1,0,1
6923,kitti_006922,KITTI,train,006922,2,0,2
6924,kitti_006923,KITTI,train,006923,0,0,0
6925,kitti_006924,KITTI,train,006924,2,0,2
6926,kitti_006925,KITTI,train,006925,2,0,2
6927,kitti_006926,KITTI,train,006926,2,0,2
6928,kitti_006927,KITTI,val,006927,1,2,3
6929,kitti_006928,KITTI,train,006928,0,0,0
6930,kitti_006929,KITTI,train,006929,1,0,1
6931,kitti_006930,KITTI,train,006930,0,0,0
6932,kitti_006931,KITTI,val,006931,0,0,0
6933,kitti_006932,KITTI,val,006932,1,0,1
6934,kitti_006933,KITTI,train,006933,1,0,1
6935,kitti_006934,KITTI,val,006934,1,0,1
6936,kitti_006935,KITTI,train,006935,0,0,0
6937,kitti_006936,KITTI,train,006936,1,1,2
6938,kitti_006937,KITTI,train,006937,3,0,3
6939,kitti_006938,KITTI,train,006938,1,0,1
6940,kitti_006939,KITTI,val,006939,1,0,1
6941,kitti_006940,KITTI,train,006940,0,0,0
6942,kitti_006941,KITTI,train,006941,0,0,0
6943,kitti_006942,KITTI,train,006942,2,0,2
6944,kitti_006943,KITTI,train,006943,0,0,0
6945,kitti_006944,KITTI,train,006944,3,1,4
6946,kitti_006945,KITTI,train,006945,1,0,1
6947,kitti_006946,KITTI,val,006946,4,1,5
6948,kitti_006947,KITTI,train,006947,1,1,2
6949,kitti_006948,KITTI,val,006948,7,0,7
6950,kitti_006949,KITTI,train,006949,1,0,1
6951,kitti_006950,KITTI,train,006950,5,0,5
6952,kitti_006951,KITTI,val,006951,0,0,0
6953,kitti_006952,KITTI,train,006952,1,0,1
6954,kitti_006953,KITTI,train,006953,1,2,3
6955,kitti_006954,KITTI,train,006954,4,0,4
6956,kitti_006955,KITTI,train,006955,0,0,0
6957,kitti_006956,KITTI,train,006956,3,0,3
6958,kitti_006957,KITTI,train,006957,2,0,2
6959,kitti_006958,KITTI,train,006958,6,0,6
6960,kitti_006959,KITTI,train,006959,1,0,1
6961,kitti_006960,KITTI,train,006960,5,0,5
6962,kitti_006961,KITTI,train,006961,2,0,2
6963,kitti_006962,KITTI,val,006962,2,0,2
6964,kitti_006963,KITTI,train,006963,1,0,1
6965,kitti_006964,KITTI,train,006964,1,1,2
6966,kitti_006965,KITTI,train,006965,0,0,0
6967,kitti_006966,KITTI,train,006966,1,0,1
6968,kitti_006967,KITTI,train,006967,4,0,4
6969,kitti_006968,KITTI,train,006968,0,1,1
6970,kitti_006969,KITTI,train,006969,4,0,4
6971,kitti_006970,KITTI,train,006970,1,0,1
6972,kitti_006971,KITTI,train,006971,4,1,5
6973,kitti_006972,KITTI,train,006972,0,0,0
6974,kitti_006973,KITTI,train,006973,3,0,3
6975,kitti_006974,KITTI,train,006974,1,0,1
6976,kitti_006975,KITTI,train,006975,4,0,4
6977,kitti_006976,KITTI,train,006976,3,0,3
6978,kitti_006977,KITTI,train,006977,0,0,0
6979,kitti_006978,KITTI,train,006978,0,2,2
6980,kitti_006979,KITTI,train,006979,1,0,1
6981,kitti_006980,KITTI,train,006980,2,0,2
6982,kitti_006981,KITTI,train,006981,1,0,1
6983,kitti_006982,KITTI,train,006982,1,0,1
6984,kitti_006983,KITTI,train,006983,3,1,4
6985,kitti_006984,KITTI,train,006984,2,0,2
6986,kitti_006985,KITTI,train,006985,2,0,2
6987,kitti_006986,KITTI,train,006986,1,1,2
6988,kitti_006987,KITTI,train,006987,2,0,2
6989,kitti_006988,KITTI,train,006988,0,0,0
6990,kitti_006989,KITTI,train,006989,2,0,2
6991,kitti_006990,KITTI,val,006990,0,0,0
6992,kitti_006991,KITTI,train,006991,1,0,1
6993,kitti_006992,KITTI,val,006992,1,0,1
6994,kitti_006993,KITTI,train,006993,1,0,1
6995,kitti_006994,KITTI,train,006994,1,0,1
6996,kitti_006995,KITTI,train,006995,1,0,1
6997,kitti_006996,KITTI,val,006996,0,0,0
6998,kitti_006997,KITTI,train,006997,4,0,4
6999,kitti_006998,KITTI,train,006998,1,0,1
7000,kitti_006999,KITTI,train,006999,2,0,2
7001,kitti_007000,KITTI,train,007000,2,0,2
7002,kitti_007001,KITTI,train,007001,1,1,2
7003,kitti_007002,KITTI,train,007002,0,0,0
7004,kitti_007003,KITTI,val,007003,1,0,1
7005,kitti_007004,KITTI,val,007004,1,0,1
7006,kitti_007005,KITTI,train,007005,0,0,0
7007,kitti_007006,KITTI,train,007006,1,1,2
7008,kitti_007007,KITTI,train,007007,2,0,2
7009,kitti_007008,KITTI,train,007008,1,0,1
7010,kitti_007009,KITTI,train,007009,1,0,1
7011,kitti_007010,KITTI,train,007010,1,0,1
7012,kitti_007011,KITTI,train,007011,1,0,1
7013,kitti_007012,KITTI,train,007012,3,0,3
7014,kitti_007013,KITTI,train,007013,7,1,8
7015,kitti_007014,KITTI,val,007014,5,0,5
7016,kitti_007015,KITTI,train,007015,1,2,3
7017,kitti_007016,KITTI,train,007016,4,0,4
7018,kitti_007017,KITTI,train,007017,0,0,0
7019,kitti_007018,KITTI,train,007018,3,0,3
7020,kitti_007019,KITTI,train,007019,3,0,3
7021,kitti_007020,KITTI,val,007020,3,1,4
7022,kitti_007021,KITTI,val,007021,2,1,3
7023,kitti_007022,KITTI,train,007022,1,0,1
7024,kitti_007023,KITTI,train,007023,0,0,0
7025,kitti_007024,KITTI,val,007024,0,0,0
7026,kitti_007025,KITTI,val,007025,1,0,1
7027,kitti_007026,KITTI,val,007026,3,0,3
7028,kitti_007027,KITTI,train,007027,1,0,1
7029,kitti_007028,KITTI,train,007028,1,1,2
7030,kitti_007029,KITTI,train,007029,1,0,1
7031,kitti_007030,KITTI,train,007030,1,0,1
7032,kitti_007031,KITTI,train,007031,3,0,3
7033,kitti_007032,KITTI,train,007032,2,0,2
7034,kitti_007033,KITTI,train,007033,2,0,2
7035,kitti_007034,KITTI,val,007034,0,0,0
7036,kitti_007035,KITTI,train,007035,5,0,5
7037,kitti_007036,KITTI,train,007036,0,0,0
7038,kitti_007037,KITTI,train,007037,0,0,0
7039,kitti_007038,KITTI,train,007038,0,0,0
7040,kitti_007039,KITTI,train,007039,3,1,4
7041,kitti_007040,KITTI,train,007040,0,0,0
7042,kitti_007041,KITTI,train,007041,2,0,2
7043,kitti_007042,KITTI,train,007042,2,2,4
7044,kitti_007043,KITTI,train,007043,2,0,2
7045,kitti_007044,KITTI,val,007044,1,0,1
7046,kitti_007045,KITTI,train,007045,3,1,4
7047,kitti_007046,KITTI,train,007046,1,0,1
7048,kitti_007047,KITTI,train,007047,1,0,1
7049,kitti_007048,KITTI,train,007048,0,1,1
7050,kitti_007049,KITTI,train,007049,0,2,2
7051,kitti_007050,KITTI,train,007050,2,0,2
7052,kitti_007051,KITTI,train,007051,3,1,4
7053,kitti_007052,KITTI,train,007052,3,0,3
7054,kitti_007053,KITTI,train,007053,1,0,1
7055,kitti_007054,KITTI,train,007054,3,0,3
7056,kitti_007055,KITTI,train,007055,2,0,2
7057,kitti_007056,KITTI,val,007056,2,1,3
7058,kitti_007057,KITTI,train,007057,1,0,1
7059,kitti_007058,KITTI,train,007058,4,0,4
7060,kitti_007059,KITTI,train,007059,1,0,1
7061,kitti_007060,KITTI,train,007060,1,0,1
7062,kitti_007061,KITTI,val,007061,1,0,1
7063,kitti_007062,KITTI,train,007062,1,1,2
7064,kitti_007063,KITTI,train,007063,1,0,1
7065,kitti_007064,KITTI,train,007064,2,0,2
7066,kitti_007065,KITTI,val,007065,0,0,0
7067,kitti_007066,KITTI,val,007066,4,1,5
7068,kitti_007067,KITTI,train,007067,1,0,1
7069,kitti_007068,KITTI,train,007068,0,0,0
7070,kitti_007069,KITTI,val,007069,1,0,1
7071,kitti_007070,KITTI,train,007070,1,0,1
7072,kitti_007071,KITTI,train,007071,4,0,4
7073,kitti_007072,KITTI,train,007072,1,0,1
7074,kitti_007073,KITTI,train,007073,0,0,0
7075,kitti_007074,KITTI,train,007074,0,0,0
7076,kitti_007075,KITTI,val,007075,0,0,0
7077,kitti_007076,KITTI,val,007076,1,1,2
7078,kitti_007077,KITTI,train,007077,0,0,0
7079,kitti_007078,KITTI,val,007078,2,0,2
7080,kitti_007079,KITTI,train,007079,1,0,1
7081,kitti_007080,KITTI,val,007080,1,0,1
7082,kitti_007081,KITTI,train,007081,1,0,1
7083,kitti_007082,KITTI,val,007082,0,0,0
7084,kitti_007083,KITTI,train,007083,1,0,1
7085,kitti_007084,KITTI,val,007084,0,0,0
7086,kitti_007085,KITTI,train,007085,0,0,0
7087,kitti_007086,KITTI,val,007086,0,0,0
7088,kitti_007087,KITTI,val,007087,1,0,1
7089,kitti_007088,KITTI,train,007088,0,1,1
7090,kitti_007089,KITTI,train,007089,1,0,1
7091,kitti_007090,KITTI,train,007090,3,0,3
7092,kitti_007091,KITTI,train,007091,1,0,1
7093,kitti_007092,KITTI,train,007092,3,0,3
7094,kitti_007093,KITTI,train,007093,1,0,1
7095,kitti_007094,KITTI,train,007094,0,0,0
7096,kitti_007095,KITTI,train,007095,1,1,2
7097,kitti_007096,KITTI,val,007096,1,0,1
7098,kitti_007097,KITTI,train,007097,0,0,0
7099,kitti_007098,KITTI,train,007098,2,1,3
7100,kitti_007099,KITTI,train,007099,1,0,1
7101,kitti_007100,KITTI,train,007100,3,0,3
7102,kitti_007101,KITTI,val,007101,0,2,2
7103,kitti_007102,KITTI,train,007102,1,0,1
7104,kitti_007103,KITTI,val,007103,1,2,3
7105,kitti_007104,KITTI,train,007104,1,0,1
7106,kitti_007105,KITTI,train,007105,2,0,2
7107,kitti_007106,KITTI,train,007106,2,0,2
7108,kitti_007107,KITTI,train,007107,0,0,0
7109,kitti_007108,KITTI,train,007108,1,0,1
7110,kitti_007109,KITTI,train,007109,2,0,2
7111,kitti_007110,KITTI,train,007110,0,0,0
7112,kitti_007111,KITTI,train,007111,0,0,0
7113,kitti_007112,KITTI,train,007112,0,0,0
7114,kitti_007113,KITTI,train,007113,1,0,1
7115,kitti_007114,KITTI,train,007114,0,0,0
7116,kitti_007115,KITTI,val,007115,1,0,1
7117,kitti_007116,KITTI,val,007116,2,0,2
7118,kitti_007117,KITTI,train,007117,1,1,2
7119,kitti_007118,KITTI,train,007118,2,0,2
7120,kitti_007119,KITTI,train,007119,2,0,2
7121,kitti_007120,KITTI,train,007120,1,0,1
7122,kitti_007121,KITTI,val,007121,0,0,0
7123,kitti_007122,KITTI,train,007122,1,0,1
7124,kitti_007123,KITTI,train,007123,1,0,1
7125,kitti_007124,KITTI,val,007124,0,0,0
7126,kitti_007125,KITTI,train,007125,1,1,2
7127,kitti_007126,KITTI,train,007126,0,0,0
7128,kitti_007127,KITTI,train,007127,1,0,1
7129,kitti_007128,KITTI,val,007128,2,0,2
7130,kitti_007129,KITTI,val,007129,3,0,3
7131,kitti_007130,KITTI,val,007130,1,2,3
7132,kitti_007131,KITTI,val,007131,1,0,1
7133,kitti_007132,KITTI,train,007132,1,0,1
7134,kitti_007133,KITTI,train,007133,1,0,1
7135,kitti_007134,KITTI,train,007134,1,0,1
7136,kitti_007135,KITTI,train,007135,0,0,0
7137,kitti_007136,KITTI,train,007136,1,1,2
7138,kitti_007137,KITTI,train,007137,0,0,0
7139,kitti_007138,KITTI,train,007138,1,0,1
7140,kitti_007139,KITTI,train,007139,0,0,0
7141,kitti_007140,KITTI,train,007140,0,0,0
7142,kitti_007141,KITTI,train,007141,1,0,1
7143,kitti_007142,KITTI,train,007142,1,0,1
7144,kitti_007143,KITTI,train,007143,3,0,3
7145,kitti_007144,KITTI,train,007144,0,0,0
7146,kitti_007145,KITTI,train,007145,2,0,2
7147,kitti_007146,KITTI,train,007146,1,0,1
7148,kitti_007147,KITTI,train,007147,0,0,0
7149,kitti_007148,KITTI,val,007148,0,0,0
7150,kitti_007149,KITTI,train,007149,0,1,1
7151,kitti_007150,KITTI,val,007150,0,0,0
7152,kitti_007151,KITTI,train,007151,0,0,0
7153,kitti_007152,KITTI,train,007152,2,0,2
7154,kitti_007153,KITTI,train,007153,1,1,2
7155,kitti_007154,KITTI,train,007154,0,0,0
7156,kitti_007155,KITTI,train,007155,0,0,0
7157,kitti_007156,KITTI,train,007156,0,1,1
7158,kitti_007157,KITTI,val,007157,1,0,1
7159,kitti_007158,KITTI,train,007158,0,0,0
7160,kitti_007159,KITTI,train,007159,0,0,0
7161,kitti_007160,KITTI,train,007160,0,0,0
7162,kitti_007161,KITTI,train,007161,2,0,2
7163,kitti_007162,KITTI,val,007162,0,1,1
7164,kitti_007163,KITTI,train,007163,3,0,3
7165,kitti_007164,KITTI,train,007164,1,0,1
7166,kitti_007165,KITTI,val,007165,1,0,1
7167,kitti_007166,KITTI,train,007166,1,0,1
7168,kitti_007167,KITTI,train,007167,2,1,3
7169,kitti_007168,KITTI,train,007168,2,1,3
7170,kitti_007169,KITTI,val,007169,1,0,1
7171,kitti_007170,KITTI,train,007170,0,0,0
7172,kitti_007171,KITTI,val,007171,4,1,5
7173,kitti_007172,KITTI,val,007172,2,0,2
7174,kitti_007173,KITTI,train,007173,0,0,0
7175,kitti_007174,KITTI,train,007174,5,0,5
7176,kitti_007175,KITTI,train,007175,0,0,0
7177,kitti_007176,KITTI,train,007176,2,0,2
7178,kitti_007177,KITTI,val,007177,1,0,1
7179,kitti_007178,KITTI,train,007178,0,1,1
7180,kitti_007179,KITTI,train,007179,2,0,2
7181,kitti_007180,KITTI,train,007180,0,0,0
7182,kitti_007181,KITTI,train,007181,0,0,0
7183,kitti_007182,KITTI,val,007182,0,0,0
7184,kitti_007183,KITTI,train,007183,2,0,2
7185,kitti_007184,KITTI,train,007184,1,0,1
7186,kitti_007185,KITTI,train,007185,2,0,2
7187,kitti_007186,KITTI,train,007186,3,0,3
7188,kitti_007187,KITTI,val,007187,0,0,0
7189,kitti_007188,KITTI,train,007188,0,0,0
7190,kitti_007189,KITTI,val,007189,2,0,2
7191,kitti_007190,KITTI,train,007190,0,0,0
7192,kitti_007191,KITTI,train,007191,1,0,1
7193,kitti_007192,KITTI,train,007192,2,0,2
7194,kitti_007193,KITTI,train,007193,1,0,1
7195,kitti_007194,KITTI,train,007194,1,0,1
7196,kitti_007195,KITTI,train,007195,0,2,2
7197,kitti_007196,KITTI,train,007196,1,0,1
7198,kitti_007197,KITTI,val,007197,3,0,3
7199,kitti_007198,KITTI,train,007198,1,1,2
7200,kitti_007199,KITTI,train,007199,4,0,4
7201,kitti_007200,KITTI,train,007200,1,0,1
7202,kitti_007201,KITTI,train,007201,0,5,5
7203,kitti_007202,KITTI,train,007202,2,0,2
7204,kitti_007203,KITTI,train,007203,0,0,0
7205,kitti_007204,KITTI,train,007204,1,0,1
7206,kitti_007205,KITTI,train,007205,2,0,2
7207,kitti_007206,KITTI,val,007206,1,0,1
7208,kitti_007207,KITTI,train,007207,1,0,1
7209,kitti_007208,KITTI,train,007208,1,0,1
7210,kitti_007209,KITTI,val,007209,0,0,0
7211,kitti_007210,KITTI,val,007210,3,0,3
7212,kitti_007211,KITTI,val,007211,2,0,2
7213,kitti_007212,KITTI,train,007212,0,1,1
7214,kitti_007213,KITTI,val,007213,2,0,2
7215,kitti_007214,KITTI,train,007214,0,1,1
7216,kitti_007215,KITTI,train,007215,1,0,1
7217,kitti_007216,KITTI,val,007216,1,0,1
7218,kitti_007217,KITTI,train,007217,0,0,0
7219,kitti_007218,KITTI,train,007218,5,1,6
7220,kitti_007219,KITTI,train,007219,2,0,2
7221,kitti_007220,KITTI,train,007220,0,0,0
7222,kitti_007221,KITTI,train,007221,1,1,2
7223,kitti_007222,KITTI,train,007222,5,0,5
7224,kitti_007223,KITTI,train,007223,0,0,0
7225,kitti_007224,KITTI,train,007224,0,0,0
7226,kitti_007225,KITTI,train,007225,1,0,1
7227,kitti_007226,KITTI,train,007226,3,0,3
7228,kitti_007227,KITTI,val,007227,1,0,1
7229,kitti_007228,KITTI,val,007228,1,0,1
7230,kitti_007229,KITTI,train,007229,1,1,2
7231,kitti_007230,KITTI,val,007230,1,0,1
7232,kitti_007231,KITTI,train,007231,0,0,0
7233,kitti_007232,KITTI,train,007232,1,0,1
7234,kitti_007233,KITTI,val,007233,1,0,1
7235,kitti_007234,KITTI,train,007234,1,0,1
7236,kitti_007235,KITTI,train,007235,2,0,2
7237,kitti_007236,KITTI,train,007236,2,0,2
7238,kitti_007237,KITTI,train,007237,0,0,0
7239,kitti_007238,KITTI,train,007238,2,1,3
7240,kitti_007239,KITTI,train,007239,3,0,3
7241,kitti_007240,KITTI,train,007240,2,0,2
7242,kitti_007241,KITTI,val,007241,1,0,1
7243,kitti_007242,KITTI,train,007242,5,0,5
7244,kitti_007243,KITTI,val,007243,0,0,0
7245,kitti_007244,KITTI,train,007244,2,0,2
7246,kitti_007245,KITTI,train,007245,1,0,1
7247,kitti_007246,KITTI,train,007246,1,0,1
7248,kitti_007247,KITTI,train,007247,4,0,4
7249,kitti_007248,KITTI,train,007248,1,0,1
7250,kitti_007249,KITTI,val,007249,1,0,1
7251,kitti_007250,KITTI,train,007250,1,0,1
7252,kitti_007251,KITTI,train,007251,0,0,0
7253,kitti_007252,KITTI,val,007252,2,0,2
7254,kitti_007253,KITTI,val,007253,1,0,1
7255,kitti_007254,KITTI,train,007254,0,0,0
7256,kitti_007255,KITTI,train,007255,4,0,4
7257,kitti_007256,KITTI,train,007256,1,0,1
7258,kitti_007257,KITTI,val,007257,1,0,1
7259,kitti_007258,KITTI,val,007258,1,0,1
7260,kitti_007259,KITTI,val,007259,1,0,1
7261,kitti_007260,KITTI,val,007260,2,0,2
7262,kitti_007261,KITTI,train,007261,1,0,1
7263,kitti_007262,KITTI,train,007262,3,1,4
7264,kitti_007263,KITTI,val,007263,1,0,1
7265,kitti_007264,KITTI,train,007264,0,0,0
7266,kitti_007265,KITTI,train,007265,1,0,1
7267,kitti_007266,KITTI,train,007266,3,0,3
7268,kitti_007267,KITTI,val,007267,0,0,0
7269,kitti_007268,KITTI,val,007268,4,1,5
7270,kitti_007269,KITTI,val,007269,0,0,0
7271,kitti_007270,KITTI,train,007270,0,0,0
7272,kitti_007271,KITTI,train,007271,1,0,1
7273,kitti_007272,KITTI,val,007272,0,0,0
7274,kitti_007273,KITTI,val,007273,1,0,1
7275,kitti_007274,KITTI,train,007274,0,0,0
7276,kitti_007275,KITTI,val,007275,0,0,0
7277,kitti_007276,KITTI,train,007276,2,1,3
7278,kitti_007277,KITTI,train,007277,1,0,1
7279,kitti_007278,KITTI,train,007278,0,0,0
7280,kitti_007279,KITTI,val,007279,1,0,1
7281,kitti_007280,KITTI,train,007280,2,0,2
7282,kitti_007281,KITTI,train,007281,2,0,2
7283,kitti_007282,KITTI,val,007282,1,0,1
7284,kitti_007283,KITTI,train,007283,1,0,1
7285,kitti_007284,KITTI,train,007284,2,1,3
7286,kitti_007285,KITTI,train,007285,0,0,0
7287,kitti_007286,KITTI,train,007286,1,0,1
7288,kitti_007287,KITTI,train,007287,7,0,7
7289,kitti_007288,KITTI,val,007288,0,0,0
7290,kitti_007289,KITTI,train,007289,4,0,4
7291,kitti_007290,KITTI,val,007290,0,0,0
7292,kitti_007291,KITTI,train,007291,1,0,1
7293,kitti_007292,KITTI,train,007292,3,0,3
7294,kitti_007293,KITTI,val,007293,1,0,1
7295,kitti_007294,KITTI,train,007294,1,0,1
7296,kitti_007295,KITTI,train,007295,1,0,1
7297,kitti_007296,KITTI,train,007296,6,0,6
7298,kitti_007297,KITTI,val,007297,0,1,1
7299,kitti_007298,KITTI,train,007298,1,1,2
7300,kitti_007299,KITTI,train,007299,2,0,2
7301,kitti_007300,KITTI,train,007300,4,0,4
7302,kitti_007301,KITTI,train,007301,1,0,1
7303,kitti_007302,KITTI,val,007302,1,0,1
7304,kitti_007303,KITTI,train,007303,1,0,1
7305,kitti_007304,KITTI,train,007304,0,1,1
7306,kitti_007305,KITTI,train,007305,0,0,0
7307,kitti_007306,KITTI,train,007306,2,0,2
7308,kitti_007307,KITTI,train,007307,0,0,0
7309,kitti_007308,KITTI,train,007308,0,0,0
7310,kitti_007309,KITTI,val,007309,1,0,1
7311,kitti_007310,KITTI,train,007310,0,0,0
7312,kitti_007311,KITTI,train,007311,2,0,2
7313,kitti_007312,KITTI,train,007312,2,0,2
7314,kitti_007313,KITTI,train,007313,0,0,0
7315,kitti_007314,KITTI,train,007314,1,0,1
7316,kitti_007315,KITTI,train,007315,1,0,1
7317,kitti_007316,KITTI,train,007316,2,1,3
7318,kitti_007317,KITTI,train,007317,2,1,3
7319,kitti_007318,KITTI,val,007318,3,0,3
7320,kitti_007319,KITTI,train,007319,3,0,3
7321,kitti_007320,KITTI,train,007320,0,0,0
7322,kitti_007321,KITTI,train,007321,0,0,0
7323,kitti_007322,KITTI,train,007322,0,0,0
7324,kitti_007323,KITTI,train,007323,2,0,2
7325,kitti_007324,KITTI,val,007324,4,0,4
7326,kitti_007325,KITTI,train,007325,1,0,1
7327,kitti_007326,KITTI,val,007326,2,0,2
7328,kitti_007327,KITTI,train,007327,0,0,0
7329,kitti_007328,KITTI,val,007328,1,0,1
7330,kitti_007329,KITTI,train,007329,0,2,2
7331,kitti_007330,KITTI,train,007330,0,0,0
7332,kitti_007331,KITTI,train,007331,4,0,4
7333,kitti_007332,KITTI,train,007332,0,0,0
7334,kitti_007333,KITTI,train,007333,3,0,3
7335,kitti_007334,KITTI,train,007334,3,0,3
7336,kitti_007335,KITTI,train,007335,0,0,0
7337,kitti_007336,KITTI,train,007336,0,0,0
7338,kitti_007337,KITTI,train,007337,0,0,0
7339,kitti_007338,KITTI,train,007338,0,0,0
7340,kitti_007339,KITTI,train,007339,1,1,2
7341,kitti_007340,KITTI,train,007340,2,0,2
7342,kitti_007341,KITTI,val,007341,1,0,1
7343,kitti_007342,KITTI,train,007342,2,0,2
7344,kitti_007343,KITTI,train,007343,0,1,1
7345,kitti_007344,KITTI,train,007344,0,0,0
7346,kitti_007345,KITTI,train,007345,1,0,1
7347,kitti_007346,KITTI,train,007346,0,0,0
7348,kitti_007347,KITTI,train,007347,4,0,4
7349,kitti_007348,KITTI,val,007348,1,0,1
7350,kitti_007349,KITTI,train,007349,1,0,1
7351,kitti_007350,KITTI,train,007350,1,0,1
7352,kitti_007351,KITTI,train,007351,0,0,0
7353,kitti_007352,KITTI,train,007352,3,0,3
7354,kitti_007353,KITTI,train,007353,2,0,2
7355,kitti_007354,KITTI,train,007354,2,0,2
7356,kitti_007355,KITTI,train,007355,1,0,1
7357,kitti_007356,KITTI,train,007356,2,0,2
7358,kitti_007357,KITTI,train,007357,2,0,2
7359,kitti_007358,KITTI,val,007358,0,0,0
7360,kitti_007359,KITTI,val,007359,2,0,2
7361,kitti_007360,KITTI,train,007360,2,1,3
7362,kitti_007361,KITTI,train,007361,6,0,6
7363,kitti_007362,KITTI,train,007362,0,0,0
7364,kitti_007363,KITTI,train,007363,2,0,2
7365,kitti_007364,KITTI,train,007364,0,0,0
7366,kitti_007365,KITTI,val,007365,1,0,1
7367,kitti_007366,KITTI,train,007366,3,0,3
7368,kitti_007367,KITTI,train,007367,0,0,0
7369,kitti_007368,KITTI,val,007368,5,0,5
7370,kitti_007369,KITTI,train,007369,0,5,5
7371,kitti_007370,KITTI,train,007370,0,0,0
7372,kitti_007371,KITTI,train,007371,1,1,2
7373,kitti_007372,KITTI,val,007372,0,0,0
7374,kitti_007373,KITTI,train,007373,1,0,1
7375,kitti_007374,KITTI,train,007374,1,1,2
7376,kitti_007375,KITTI,train,007375,0,5,5
7377,kitti_007376,KITTI,train,007376,1,0,1
7378,kitti_007377,KITTI,val,007377,0,2,2
7379,kitti_007378,KITTI,train,007378,2,0,2
7380,kitti_007379,KITTI,val,007379,1,0,1
7381,kitti_007380,KITTI,train,007380,0,0,0
7382,kitti_007381,KITTI,train,007381,1,0,1
7383,kitti_007382,KITTI,train,007382,2,0,2
7384,kitti_007383,KITTI,train,007383,2,0,2
7385,kitti_007384,KITTI,train,007384,1,1,2
7386,kitti_007385,KITTI,train,007385,1,0,1
7387,kitti_007386,KITTI,train,007386,0,0,0
7388,kitti_007387,KITTI,train,007387,0,0,0
7389,kitti_007388,KITTI,train,007388,3,0,3
7390,kitti_007389,KITTI,train,007389,3,0,3
7391,kitti_007390,KITTI,train,007390,1,1,2
7392,kitti_007391,KITTI,train,007391,3,0,3
7393,kitti_007392,KITTI,train,007392,3,0,3
7394,kitti_007393,KITTI,val,007393,1,0,1
7395,kitti_007394,KITTI,train,007394,0,1,1
7396,kitti_007395,KITTI,train,007395,0,0,0
7397,kitti_007396,KITTI,train,007396,0,2,2
7398,kitti_007397,KITTI,train,007397,0,1,1
7399,kitti_007398,KITTI,train,007398,3,0,3
7400,kitti_007399,KITTI,train,007399,1,0,1
7401,kitti_007400,KITTI,train,007400,4,0,4
7402,kitti_007401,KITTI,train,007401,1,0,1
7403,kitti_007402,KITTI,train,007402,1,0,1
7404,kitti_007403,KITTI,val,007403,1,0,1
7405,kitti_007404,KITTI,train,007404,0,0,0
7406,kitti_007405,KITTI,val,007405,2,0,2
7407,kitti_007406,KITTI,train,007406,2,0,2
7408,kitti_007407,KITTI,train,007407,1,0,1
7409,kitti_007408,KITTI,train,007408,0,0,0
7410,kitti_007409,KITTI,train,007409,0,0,0
7411,kitti_007410,KITTI,train,007410,4,0,4
7412,kitti_007411,KITTI,train,007411,1,0,1
7413,kitti_007412,KITTI,train,007412,2,0,2
7414,kitti_007413,KITTI,train,007413,0,0,0
7415,kitti_007414,KITTI,train,007414,1,0,1
7416,kitti_007415,KITTI,train,007415,4,0,4
7417,kitti_007416,KITTI,train,007416,1,0,1
7418,kitti_007417,KITTI,train,007417,0,0,0
7419,kitti_007418,KITTI,val,007418,1,1,2
7420,kitti_007419,KITTI,train,007419,1,0,1
7421,kitti_007420,KITTI,train,007420,3,0,3
7422,kitti_007421,KITTI,train,007421,2,0,2
7423,kitti_007422,KITTI,train,007422,3,1,4
7424,kitti_007423,KITTI,train,007423,1,0,1
7425,kitti_007424,KITTI,train,007424,1,0,1
7426,kitti_007425,KITTI,val,007425,3,0,3
7427,kitti_007426,KITTI,train,007426,2,0,2
7428,kitti_007427,KITTI,train,007427,0,0,0
7429,kitti_007428,KITTI,train,007428,0,0,0
7430,kitti_007429,KITTI,train,007429,1,0,1
7431,kitti_007430,KITTI,train,007430,1,0,1
7432,kitti_007431,KITTI,train,007431,0,0,0
7433,kitti_007432,KITTI,train,007432,2,0,2
7434,kitti_007433,KITTI,train,007433,1,0,1
7435,kitti_007434,KITTI,val,007434,1,1,2
7436,kitti_007435,KITTI,train,007435,2,0,2
7437,kitti_007436,KITTI,val,007436,0,0,0
7438,kitti_007437,KITTI,train,007437,0,1,1
7439,kitti_007438,KITTI,train,007438,1,0,1
7440,kitti_007439,KITTI,train,007439,2,0,2
7441,kitti_007440,KITTI,train,007440,2,0,2
7442,kitti_007441,KITTI,val,007441,1,0,1
7443,kitti_007442,KITTI,train,007442,1,0,1
7444,kitti_007443,KITTI,train,007443,1,0,1
7445,kitti_007444,KITTI,train,007444,1,0,1
7446,kitti_007445,KITTI,train,007445,2,0,2
7447,kitti_007446,KITTI,train,007446,1,0,1
7448,kitti_007447,KITTI,train,007447,1,0,1
7449,kitti_007448,KITTI,train,007448,0,0,0
7450,kitti_007449,KITTI,train,007449,0,0,0
7451,kitti_007450,KITTI,val,007450,1,0,1
7452,kitti_007451,KITTI,val,007451,1,0,1
7453,kitti_007452,KITTI,train,007452,3,0,3
7454,kitti_007453,KITTI,val,007453,2,1,3
7455,kitti_007454,KITTI,train,007454,0,0,0
7456,kitti_007455,KITTI,val,007455,0,0,0
7457,kitti_007456,KITTI,train,007456,1,0,1
7458,kitti_007457,KITTI,train,007457,5,1,6
7459,kitti_007458,KITTI,train,007458,1,0,1
7460,kitti_007459,KITTI,train,007459,1,0,1
7461,kitti_007460,KITTI,train,007460,1,0,1
7462,kitti_007461,KITTI,train,007461,0,0,0
7463,kitti_007462,KITTI,train,007462,1,0,1
7464,kitti_007463,KITTI,train,007463,1,0,1
7465,kitti_007464,KITTI,train,007464,1,0,1
7466,kitti_007465,KITTI,train,007465,0,0,0
7467,kitti_007466,KITTI,val,007466,2,0,2
7468,kitti_007467,KITTI,train,007467,2,0,2
7469,kitti_007468,KITTI,val,007468,0,2,2
7470,kitti_007469,KITTI,train,007469,1,0,1
7471,kitti_007470,KITTI,train,007470,1,0,1
7472,kitti_007471,KITTI,val,007471,0,0,0
7473,kitti_007472,KITTI,train,007472,1,0,1
7474,kitti_007473,KITTI,val,007473,2,0,2
7475,kitti_007474,KITTI,train,007474,0,0,0
7476,kitti_007475,KITTI,val,007475,0,1,1
7477,kitti_007476,KITTI,val,007476,0,0,0
7478,kitti_007477,KITTI,train,007477,0,0,0
7479,kitti_007478,KITTI,val,007478,1,0,1
7480,kitti_007479,KITTI,train,007479,1,0,1
7481,kitti_007480,KITTI,val,007480,1,0,1
1000001,waymo_13415985003725220451_6163_000_6183_000_1518657647337560,Waymo,external,13415985003725220451_6163_000_6183_000_1518657647337560,0,0,0
1000002,waymo_13415985003725220451_6163_000_6183_000_1518657647837292,Waymo,external,13415985003725220451_6163_000_6183_000_1518657647837292,0,0,0
1000003,waymo_13415985003725220451_6163_000_6183_000_1518657648337202,Waymo,external,13415985003725220451_6163_000_6183_000_1518657648337202,0,0,0
1000004,waymo_13415985003725220451_6163_000_6183_000_1518657648837280,Waymo,external,13415985003725220451_6163_000_6183_000_1518657648837280,0,0,0
1000005,waymo_13415985003725220451_6163_000_6183_000_1518657649337352,Waymo,external,13415985003725220451_6163_000_6183_000_1518657649337352,0,0,0
1000006,waymo_13415985003725220451_6163_000_6183_000_1518657649837527,Waymo,external,13415985003725220451_6163_000_6183_000_1518657649837527,0,0,0
1000007,waymo_13415985003725220451_6163_000_6183_000_1518657650337764,Waymo,external,13415985003725220451_6163_000_6183_000_1518657650337764,0,0,0
1000008,waymo_13415985003725220451_6163_000_6183_000_1518657650837749,Waymo,external,13415985003725220451_6163_000_6183_000_1518657650837749,0,0,0
1000009,waymo_13415985003725220451_6163_000_6183_000_1518657651337526,Waymo,external,13415985003725220451_6163_000_6183_000_1518657651337526,0,0,0
1000010,waymo_13415985003725220451_6163_000_6183_000_1518657651837380,Waymo,external,13415985003725220451_6163_000_6183_000_1518657651837380,0,0,0
1000011,waymo_13415985003725220451_6163_000_6183_000_1518657652337359,Waymo,external,13415985003725220451_6163_000_6183_000_1518657652337359,0,0,0
1000012,waymo_13415985003725220451_6163_000_6183_000_1518657652837394,Waymo,external,13415985003725220451_6163_000_6183_000_1518657652837394,0,0,0
1000013,waymo_13415985003725220451_6163_000_6183_000_1518657653337626,Waymo,external,13415985003725220451_6163_000_6183_000_1518657653337626,0,0,0
1000014,waymo_13415985003725220451_6163_000_6183_000_1518657653837690,Waymo,external,13415985003725220451_6163_000_6183_000_1518657653837690,0,0,0
1000015,waymo_13415985003725220451_6163_000_6183_000_1518657654337635,Waymo,external,13415985003725220451_6163_000_6183_000_1518657654337635,0,0,0
1000016,waymo_13415985003725220451_6163_000_6183_000_1518657654837454,Waymo,external,13415985003725220451_6163_000_6183_000_1518657654837454,0,0,0
1000017,waymo_13415985003725220451_6163_000_6183_000_1518657655337378,Waymo,external,13415985003725220451_6163_000_6183_000_1518657655337378,0,0,0
1000018,waymo_13415985003725220451_6163_000_6183_000_1518657655837406,Waymo,external,13415985003725220451_6163_000_6183_000_1518657655837406,0,0,0
1000019,waymo_13415985003725220451_6163_000_6183_000_1518657656337474,Waymo,external,13415985003725220451_6163_000_6183_000_1518657656337474,0,0,0
1000020,waymo_13415985003725220451_6163_000_6183_000_1518657656837658,Waymo,external,13415985003725220451_6163_000_6183_000_1518657656837658,0,0,0
1000021,waymo_13415985003725220451_6163_000_6183_000_1518657657337676,Waymo,external,13415985003725220451_6163_000_6183_000_1518657657337676,0,0,0
1000022,waymo_13415985003725220451_6163_000_6183_000_1518657657837755,Waymo,external,13415985003725220451_6163_000_6183_000_1518657657837755,0,0,0
1000023,waymo_13415985003725220451_6163_000_6183_000_1518657658337602,Waymo,external,13415985003725220451_6163_000_6183_000_1518657658337602,0,0,0
1000024,waymo_13415985003725220451_6163_000_6183_000_1518657658837397,Waymo,external,13415985003725220451_6163_000_6183_000_1518657658837397,0,0,0
1000025,waymo_13415985003725220451_6163_000_6183_000_1518657659337168,Waymo,external,13415985003725220451_6163_000_6183_000_1518657659337168,0,0,0
1000026,waymo_13415985003725220451_6163_000_6183_000_1518657659837024,Waymo,external,13415985003725220451_6163_000_6183_000_1518657659837024,0,0,0
1000027,waymo_13415985003725220451_6163_000_6183_000_1518657660337028,Waymo,external,13415985003725220451_6163_000_6183_000_1518657660337028,0,0,0
1000028,waymo_13415985003725220451_6163_000_6183_000_1518657660837068,Waymo,external,13415985003725220451_6163_000_6183_000_1518657660837068,0,0,0
1000029,waymo_13415985003725220451_6163_000_6183_000_1518657661337076,Waymo,external,13415985003725220451_6163_000_6183_000_1518657661337076,0,0,0
1000030,waymo_13415985003725220451_6163_000_6183_000_1518657661837226,Waymo,external,13415985003725220451_6163_000_6183_000_1518657661837226,0,0,0
1000031,waymo_13415985003725220451_6163_000_6183_000_1518657662337306,Waymo,external,13415985003725220451_6163_000_6183_000_1518657662337306,0,0,0
1000032,waymo_13415985003725220451_6163_000_6183_000_1518657662837347,Waymo,external,13415985003725220451_6163_000_6183_000_1518657662837347,0,0,0
1000033,waymo_13415985003725220451_6163_000_6183_000_1518657663337393,Waymo,external,13415985003725220451_6163_000_6183_000_1518657663337393,0,0,0
1000034,waymo_13415985003725220451_6163_000_6183_000_1518657663837392,Waymo,external,13415985003725220451_6163_000_6183_000_1518657663837392,0,0,0
1000035,waymo_13415985003725220451_6163_000_6183_000_1518657664337376,Waymo,external,13415985003725220451_6163_000_6183_000_1518657664337376,0,0,0
1000036,waymo_13415985003725220451_6163_000_6183_000_1518657664837524,Waymo,external,13415985003725220451_6163_000_6183_000_1518657664837524,0,0,0
1000037,waymo_13415985003725220451_6163_000_6183_000_1518657665337550,Waymo,external,13415985003725220451_6163_000_6183_000_1518657665337550,0,0,0
1000038,waymo_13415985003725220451_6163_000_6183_000_1518657665837506,Waymo,external,13415985003725220451_6163_000_6183_000_1518657665837506,0,0,0
1000039,waymo_13415985003725220451_6163_000_6183_000_1518657666337355,Waymo,external,13415985003725220451_6163_000_6183_000_1518657666337355,0,0,0
1000040,waymo_13415985003725220451_6163_000_6183_000_1518657666837230,Waymo,external,13415985003725220451_6163_000_6183_000_1518657666837230,0,0,0
1000041,waymo_14931160836268555821_5778_870_5798_870_1507338339428611,Waymo,external,14931160836268555821_5778_870_5798_870_1507338339428611,0,0,0
1000042,waymo_14931160836268555821_5778_870_5798_870_1507338339928863,Waymo,external,14931160836268555821_5778_870_5798_870_1507338339928863,0,0,0
1000043,waymo_14931160836268555821_5778_870_5798_870_1507338340429041,Waymo,external,14931160836268555821_5778_870_5798_870_1507338340429041,0,0,0
1000044,waymo_14931160836268555821_5778_870_5798_870_1507338340929345,Waymo,external,14931160836268555821_5778_870_5798_870_1507338340929345,0,0,0
1000045,waymo_14931160836268555821_5778_870_5798_870_1507338341429797,Waymo,external,14931160836268555821_5778_870_5798_870_1507338341429797,0,0,0
1000046,waymo_14931160836268555821_5778_870_5798_870_1507338341930342,Waymo,external,14931160836268555821_5778_870_5798_870_1507338341930342,0,0,0
1000047,waymo_14931160836268555821_5778_870_5798_870_1507338342430949,Waymo,external,14931160836268555821_5778_870_5798_870_1507338342430949,0,0,0
1000048,waymo_14931160836268555821_5778_870_5798_870_1507338342931418,Waymo,external,14931160836268555821_5778_870_5798_870_1507338342931418,0,0,0
1000049,waymo_14931160836268555821_5778_870_5798_870_1507338343431885,Waymo,external,14931160836268555821_5778_870_5798_870_1507338343431885,0,0,0
1000050,waymo_14931160836268555821_5778_870_5798_870_1507338343932395,Waymo,external,14931160836268555821_5778_870_5798_870_1507338343932395,0,0,0
1000051,waymo_14931160836268555821_5778_870_5798_870_1507338344633085,Waymo,external,14931160836268555821_5778_870_5798_870_1507338344633085,0,0,0
1000052,waymo_14931160836268555821_5778_870_5798_870_1507338345434040,Waymo,external,14931160836268555821_5778_870_5798_870_1507338345434040,0,0,0
1000053,waymo_14931160836268555821_5778_870_5798_870_1507338346234843,Waymo,external,14931160836268555821_5778_870_5798_870_1507338346234843,0,0,0
1000054,waymo_14931160836268555821_5778_870_5798_870_1507338347135465,Waymo,external,14931160836268555821_5778_870_5798_870_1507338347135465,0,0,0
1000055,waymo_14931160836268555821_5778_870_5798_870_1507338347835422,Waymo,external,14931160836268555821_5778_870_5798_870_1507338347835422,0,0,0
1000056,waymo_14931160836268555821_5778_870_5798_870_1507338348635365,Waymo,external,14931160836268555821_5778_870_5798_870_1507338348635365,0,0,0
1000057,waymo_14931160836268555821_5778_870_5798_870_1507338349135391,Waymo,external,14931160836268555821_5778_870_5798_870_1507338349135391,0,0,0
1000058,waymo_14931160836268555821_5778_870_5798_870_1507338349635394,Waymo,external,14931160836268555821_5778_870_5798_870_1507338349635394,0,0,0
1000059,waymo_14931160836268555821_5778_870_5798_870_1507338350135327,Waymo,external,14931160836268555821_5778_870_5798_870_1507338350135327,0,0,0
1000060,waymo_14931160836268555821_5778_870_5798_870_1507338350635049,Waymo,external,14931160836268555821_5778_870_5798_870_1507338350635049,0,0,0
1000061,waymo_14931160836268555821_5778_870_5798_870_1507338351134600,Waymo,external,14931160836268555821_5778_870_5798_870_1507338351134600,0,0,0
1000062,waymo_14931160836268555821_5778_870_5798_870_1507338351634080,Waymo,external,14931160836268555821_5778_870_5798_870_1507338351634080,0,0,0
1000063,waymo_14931160836268555821_5778_870_5798_870_1507338352133493,Waymo,external,14931160836268555821_5778_870_5798_870_1507338352133493,0,0,0
1000064,waymo_14931160836268555821_5778_870_5798_870_1507338352632870,Waymo,external,14931160836268555821_5778_870_5798_870_1507338352632870,0,0,0
1000065,waymo_14931160836268555821_5778_870_5798_870_1507338353132275,Waymo,external,14931160836268555821_5778_870_5798_870_1507338353132275,0,0,0
1000066,waymo_14931160836268555821_5778_870_5798_870_1507338353631702,Waymo,external,14931160836268555821_5778_870_5798_870_1507338353631702,0,0,0
1000067,waymo_14931160836268555821_5778_870_5798_870_1507338354131264,Waymo,external,14931160836268555821_5778_870_5798_870_1507338354131264,0,0,0
1000068,waymo_14931160836268555821_5778_870_5798_870_1507338354631134,Waymo,external,14931160836268555821_5778_870_5798_870_1507338354631134,0,0,0
1000069,waymo_14931160836268555821_5778_870_5798_870_1507338355130969,Waymo,external,14931160836268555821_5778_870_5798_870_1507338355130969,0,0,0
1000070,waymo_14931160836268555821_5778_870_5798_870_1507338355630724,Waymo,external,14931160836268555821_5778_870_5798_870_1507338355630724,0,0,0
1000071,waymo_14931160836268555821_5778_870_5798_870_1507338356130013,Waymo,external,14931160836268555821_5778_870_5798_870_1507338356130013,0,0,0
1000072,waymo_14931160836268555821_5778_870_5798_870_1507338356629266,Waymo,external,14931160836268555821_5778_870_5798_870_1507338356629266,0,0,0
1000073,waymo_14931160836268555821_5778_870_5798_870_1507338357128741,Waymo,external,14931160836268555821_5778_870_5798_870_1507338357128741,0,0,0
1000074,waymo_14931160836268555821_5778_870_5798_870_1507338357628663,Waymo,external,14931160836268555821_5778_870_5798_870_1507338357628663,0,0,0
1000075,waymo_14931160836268555821_5778_870_5798_870_1507338358128410,Waymo,external,14931160836268555821_5778_870_5798_870_1507338358128410,0,0,0
1000076,waymo_14931160836268555821_5778_870_5798_870_1507338358627820,Waymo,external,14931160836268555821_5778_870_5798_870_1507338358627820,0,0,0
1000077,waymo_14931160836268555821_5778_870_5798_870_1507338359126891,Waymo,external,14931160836268555821_5778_870_5798_870_1507338359126891,0,0,0
1000078,waymo_4409585400955983988_3500_470_3520_470_1507165528481701,Waymo,external,4409585400955983988_3500_470_3520_470_1507165528481701,0,0,0
1000079,waymo_4409585400955983988_3500_470_3520_470_1507165528981692,Waymo,external,4409585400955983988_3500_470_3520_470_1507165528981692,0,0,0
1000080,waymo_4409585400955983988_3500_470_3520_470_1507165529481777,Waymo,external,4409585400955983988_3500_470_3520_470_1507165529481777,0,0,0
1000081,waymo_4409585400955983988_3500_470_3520_470_1507165529981988,Waymo,external,4409585400955983988_3500_470_3520_470_1507165529981988,0,0,0
1000082,waymo_4409585400955983988_3500_470_3520_470_1507165530482113,Waymo,external,4409585400955983988_3500_470_3520_470_1507165530482113,0,0,0
1000083,waymo_4409585400955983988_3500_470_3520_470_1507165530982100,Waymo,external,4409585400955983988_3500_470_3520_470_1507165530982100,0,0,0
1000084,waymo_4409585400955983988_3500_470_3520_470_1507165531482104,Waymo,external,4409585400955983988_3500_470_3520_470_1507165531482104,0,0,0
1000085,waymo_4409585400955983988_3500_470_3520_470_1507165531982500,Waymo,external,4409585400955983988_3500_470_3520_470_1507165531982500,0,0,0
1000086,waymo_4409585400955983988_3500_470_3520_470_1507165532483910,Waymo,external,4409585400955983988_3500_470_3520_470_1507165532483910,0,0,0
1000087,waymo_4409585400955983988_3500_470_3520_470_1507165532986381,Waymo,external,4409585400955983988_3500_470_3520_470_1507165532986381,0,0,0
1000088,waymo_4409585400955983988_3500_470_3520_470_1507165533489865,Waymo,external,4409585400955983988_3500_470_3520_470_1507165533489865,0,0,0
1000089,waymo_4409585400955983988_3500_470_3520_470_1507165533993794,Waymo,external,4409585400955983988_3500_470_3520_470_1507165533993794,0,0,0
1000090,waymo_4409585400955983988_3500_470_3520_470_1507165534497677,Waymo,external,4409585400955983988_3500_470_3520_470_1507165534497677,0,0,0
1000091,waymo_4409585400955983988_3500_470_3520_470_1507165535001227,Waymo,external,4409585400955983988_3500_470_3520_470_1507165535001227,0,0,0
1000092,waymo_4409585400955983988_3500_470_3520_470_1507165535504048,Waymo,external,4409585400955983988_3500_470_3520_470_1507165535504048,0,0,0
1000093,waymo_4409585400955983988_3500_470_3520_470_1507165536005751,Waymo,external,4409585400955983988_3500_470_3520_470_1507165536005751,0,0,0
1000094,waymo_4409585400955983988_3500_470_3520_470_1507165536506395,Waymo,external,4409585400955983988_3500_470_3520_470_1507165536506395,0,0,0
1000095,waymo_4409585400955983988_3500_470_3520_470_1507165537006562,Waymo,external,4409585400955983988_3500_470_3520_470_1507165537006562,0,0,0
1000096,waymo_4409585400955983988_3500_470_3520_470_1507165537506484,Waymo,external,4409585400955983988_3500_470_3520_470_1507165537506484,0,0,0
1000097,waymo_4409585400955983988_3500_470_3520_470_1507165538006385,Waymo,external,4409585400955983988_3500_470_3520_470_1507165538006385,0,0,0
1000098,waymo_4409585400955983988_3500_470_3520_470_1507165538506340,Waymo,external,4409585400955983988_3500_470_3520_470_1507165538506340,0,0,0
1000099,waymo_4409585400955983988_3500_470_3520_470_1507165539006408,Waymo,external,4409585400955983988_3500_470_3520_470_1507165539006408,0,0,0
1000100,waymo_4409585400955983988_3500_470_3520_470_1507165539506442,Waymo,external,4409585400955983988_3500_470_3520_470_1507165539506442,0,0,0
1000101,waymo_4409585400955983988_3500_470_3520_470_1507165540006482,Waymo,external,4409585400955983988_3500_470_3520_470_1507165540006482,0,0,0
1000102,waymo_4409585400955983988_3500_470_3520_470_1507165540506375,Waymo,external,4409585400955983988_3500_470_3520_470_1507165540506375,0,0,0
1000103,waymo_4409585400955983988_3500_470_3520_470_1507165541006230,Waymo,external,4409585400955983988_3500_470_3520_470_1507165541006230,0,0,0
1000104,waymo_4409585400955983988_3500_470_3520_470_1507165541506256,Waymo,external,4409585400955983988_3500_470_3520_470_1507165541506256,0,0,0
1000105,waymo_4409585400955983988_3500_470_3520_470_1507165542006250,Waymo,external,4409585400955983988_3500_470_3520_470_1507165542006250,0,0,0
1000106,waymo_4409585400955983988_3500_470_3520_470_1507165542506124,Waymo,external,4409585400955983988_3500_470_3520_470_1507165542506124,0,0,0
1000107,waymo_4409585400955983988_3500_470_3520_470_1507165543006001,Waymo,external,4409585400955983988_3500_470_3520_470_1507165543006001,0,0,0
1000108,waymo_4409585400955983988_3500_470_3520_470_1507165543506099,Waymo,external,4409585400955983988_3500_470_3520_470_1507165543506099,0,0,0
1000109,waymo_4409585400955983988_3500_470_3520_470_1507165544006131,Waymo,external,4409585400955983988_3500_470_3520_470_1507165544006131,0,0,0
1000110,waymo_4409585400955983988_3500_470_3520_470_1507165544506031,Waymo,external,4409585400955983988_3500_470_3520_470_1507165544506031,0,0,0
1000111,waymo_4409585400955983988_3500_470_3520_470_1507165545005774,Waymo,external,4409585400955983988_3500_470_3520_470_1507165545005774,0,0,0
1000112,waymo_4409585400955983988_3500_470_3520_470_1507165545505727,Waymo,external,4409585400955983988_3500_470_3520_470_1507165545505727,0,0,0
1000113,waymo_4409585400955983988_3500_470_3520_470_1507165546006018,Waymo,external,4409585400955983988_3500_470_3520_470_1507165546006018,0,0,0
1000114,waymo_4409585400955983988_3500_470_3520_470_1507165546506219,Waymo,external,4409585400955983988_3500_470_3520_470_1507165546506219,0,0,0
1000115,waymo_4409585400955983988_3500_470_3520_470_1507165547006327,Waymo,external,4409585400955983988_3500_470_3520_470_1507165547006327,0,0,0
1000116,waymo_4409585400955983988_3500_470_3520_470_1507165547506361,Waymo,external,4409585400955983988_3500_470_3520_470_1507165547506361,0,0,0
1000117,waymo_4409585400955983988_3500_470_3520_470_1507165548006442,Waymo,external,4409585400955983988_3500_470_3520_470_1507165548006442,0,0,0
1000118,waymo_9041488218266405018_6454_030_6474_030_1508979389225932,Waymo,external,9041488218266405018_6454_030_6474_030_1508979389225932,0,0,0
1000119,waymo_9041488218266405018_6454_030_6474_030_1508979389726068,Waymo,external,9041488218266405018_6454_030_6474_030_1508979389726068,0,0,0
1000120,waymo_9041488218266405018_6454_030_6474_030_1508979390226146,Waymo,external,9041488218266405018_6454_030_6474_030_1508979390226146,0,0,0
1000121,waymo_9041488218266405018_6454_030_6474_030_1508979390726246,Waymo,external,9041488218266405018_6454_030_6474_030_1508979390726246,0,0,0
1000122,waymo_9041488218266405018_6454_030_6474_030_1508979391226230,Waymo,external,9041488218266405018_6454_030_6474_030_1508979391226230,0,0,0
1000123,waymo_9041488218266405018_6454_030_6474_030_1508979391726040,Waymo,external,9041488218266405018_6454_030_6474_030_1508979391726040,0,0,0
1000124,waymo_9041488218266405018_6454_030_6474_030_1508979392226035,Waymo,external,9041488218266405018_6454_030_6474_030_1508979392226035,0,0,0
1000125,waymo_9041488218266405018_6454_030_6474_030_1508979392725896,Waymo,external,9041488218266405018_6454_030_6474_030_1508979392725896,0,0,0
1000126,waymo_9041488218266405018_6454_030_6474_030_1508979393225902,Waymo,external,9041488218266405018_6454_030_6474_030_1508979393225902,0,0,0
1000127,waymo_9041488218266405018_6454_030_6474_030_1508979393725975,Waymo,external,9041488218266405018_6454_030_6474_030_1508979393725975,0,0,0
1000128,waymo_9041488218266405018_6454_030_6474_030_1508979394226030,Waymo,external,9041488218266405018_6454_030_6474_030_1508979394226030,0,0,0
1000129,waymo_9041488218266405018_6454_030_6474_030_1508979394726006,Waymo,external,9041488218266405018_6454_030_6474_030_1508979394726006,0,0,0
1000130,waymo_9041488218266405018_6454_030_6474_030_1508979395226146,Waymo,external,9041488218266405018_6454_030_6474_030_1508979395226146,0,0,0
1000131,waymo_9041488218266405018_6454_030_6474_030_1508979395726400,Waymo,external,9041488218266405018_6454_030_6474_030_1508979395726400,0,0,0
1000132,waymo_9041488218266405018_6454_030_6474_030_1508979396226435,Waymo,external,9041488218266405018_6454_030_6474_030_1508979396226435,0,0,0
1000133,waymo_9041488218266405018_6454_030_6474_030_1508979396726177,Waymo,external,9041488218266405018_6454_030_6474_030_1508979396726177,0,0,0
1000134,waymo_9041488218266405018_6454_030_6474_030_1508979397226001,Waymo,external,9041488218266405018_6454_030_6474_030_1508979397226001,0,0,0
1000135,waymo_9041488218266405018_6454_030_6474_030_1508979397726080,Waymo,external,9041488218266405018_6454_030_6474_030_1508979397726080,0,0,0
1000136,waymo_9041488218266405018_6454_030_6474_030_1508979398226261,Waymo,external,9041488218266405018_6454_030_6474_030_1508979398226261,0,0,0
1000137,waymo_9041488218266405018_6454_030_6474_030_1508979398725885,Waymo,external,9041488218266405018_6454_030_6474_030_1508979398725885,0,0,0
1000138,waymo_9041488218266405018_6454_030_6474_030_1508979399225441,Waymo,external,9041488218266405018_6454_030_6474_030_1508979399225441,0,0,0
1000139,waymo_9041488218266405018_6454_030_6474_030_1508979399724938,Waymo,external,9041488218266405018_6454_030_6474_030_1508979399724938,0,0,0
1000140,waymo_9041488218266405018_6454_030_6474_030_1508979400224290,Waymo,external,9041488218266405018_6454_030_6474_030_1508979400224290,0,0,0
1000141,waymo_9041488218266405018_6454_030_6474_030_1508979400723365,Waymo,external,9041488218266405018_6454_030_6474_030_1508979400723365,0,0,0
1000142,waymo_9041488218266405018_6454_030_6474_030_1508979401222393,Waymo,external,9041488218266405018_6454_030_6474_030_1508979401222393,0,0,0
1000143,waymo_9041488218266405018_6454_030_6474_030_1508979401721541,Waymo,external,9041488218266405018_6454_030_6474_030_1508979401721541,0,0,0
1000144,waymo_9041488218266405018_6454_030_6474_030_1508979402320684,Waymo,external,9041488218266405018_6454_030_6474_030_1508979402320684,0,0,0
1000145,waymo_9041488218266405018_6454_030_6474_030_1508979402820107,Waymo,external,9041488218266405018_6454_030_6474_030_1508979402820107,0,0,0
1000146,waymo_9041488218266405018_6454_030_6474_030_1508979403319599,Waymo,external,9041488218266405018_6454_030_6474_030_1508979403319599,0,0,0
1000147,waymo_9041488218266405018_6454_030_6474_030_1508979403819100,Waymo,external,9041488218266405018_6454_030_6474_030_1508979403819100,0,0,0
1000148,waymo_9041488218266405018_6454_030_6474_030_1508979404318837,Waymo,external,9041488218266405018_6454_030_6474_030_1508979404318837,0,0,0
1000149,waymo_9041488218266405018_6454_030_6474_030_1508979404818573,Waymo,external,9041488218266405018_6454_030_6474_030_1508979404818573,0,0,0
1000150,waymo_9041488218266405018_6454_030_6474_030_1508979405318219,Waymo,external,9041488218266405018_6454_030_6474_030_1508979405318219,0,0,0
1000151,waymo_9041488218266405018_6454_030_6474_030_1508979405817759,Waymo,external,9041488218266405018_6454_030_6474_030_1508979405817759,0,0,0
1000152,waymo_9041488218266405018_6454_030_6474_030_1508979406317047,Waymo,external,9041488218266405018_6454_030_6474_030_1508979406317047,0,0,0
1000153,waymo_9041488218266405018_6454_030_6474_030_1508979406816215,Waymo,external,9041488218266405018_6454_030_6474_030_1508979406816215,0,0,0
1000154,waymo_9041488218266405018_6454_030_6474_030_1508979407315582,Waymo,external,9041488218266405018_6454_030_6474_030_1508979407315582,0,0,0
1000155,waymo_9041488218266405018_6454_030_6474_030_1508979407815136,Waymo,external,9041488218266405018_6454_030_6474_030_1508979407815136,0,0,0
1000156,waymo_9041488218266405018_6454_030_6474_030_1508979408314503,Waymo,external,9041488218266405018_6454_030_6474_030_1508979408314503,0,0,0
1000157,waymo_9041488218266405018_6454_030_6474_030_1508979408813976,Waymo,external,9041488218266405018_6454_030_6474_030_1508979408813976,0,0,0
1000158,waymo_9114112687541091312_1100_000_1120_000_1544144324716280,Waymo,external,9114112687541091312_1100_000_1120_000_1544144324716280,0,0,0
1000159,waymo_9114112687541091312_1100_000_1120_000_1544144325216299,Waymo,external,9114112687541091312_1100_000_1120_000_1544144325216299,0,0,0
1000160,waymo_9114112687541091312_1100_000_1120_000_1544144325716300,Waymo,external,9114112687541091312_1100_000_1120_000_1544144325716300,0,0,0
1000161,waymo_9114112687541091312_1100_000_1120_000_1544144326216286,Waymo,external,9114112687541091312_1100_000_1120_000_1544144326216286,0,0,0
1000162,waymo_9114112687541091312_1100_000_1120_000_1544144326716290,Waymo,external,9114112687541091312_1100_000_1120_000_1544144326716290,0,0,0
1000163,waymo_9114112687541091312_1100_000_1120_000_1544144327216278,Waymo,external,9114112687541091312_1100_000_1120_000_1544144327216278,0,0,0
1000164,waymo_9114112687541091312_1100_000_1120_000_1544144327716284,Waymo,external,9114112687541091312_1100_000_1120_000_1544144327716284,0,0,0
1000165,waymo_9114112687541091312_1100_000_1120_000_1544144328216300,Waymo,external,9114112687541091312_1100_000_1120_000_1544144328216300,0,0,0
1000166,waymo_9114112687541091312_1100_000_1120_000_1544144328716280,Waymo,external,9114112687541091312_1100_000_1120_000_1544144328716280,0,0,0
1000167,waymo_9114112687541091312_1100_000_1120_000_1544144329216283,Waymo,external,9114112687541091312_1100_000_1120_000_1544144329216283,0,0,0
1000168,waymo_9114112687541091312_1100_000_1120_000_1544144329716272,Waymo,external,9114112687541091312_1100_000_1120_000_1544144329716272,0,0,0
1000169,waymo_9114112687541091312_1100_000_1120_000_1544144330216284,Waymo,external,9114112687541091312_1100_000_1120_000_1544144330216284,0,0,0
1000170,waymo_9114112687541091312_1100_000_1120_000_1544144330816285,Waymo,external,9114112687541091312_1100_000_1120_000_1544144330816285,0,0,0
1000171,waymo_9114112687541091312_1100_000_1120_000_1544144331316268,Waymo,external,9114112687541091312_1100_000_1120_000_1544144331316268,0,0,0
1000172,waymo_9114112687541091312_1100_000_1120_000_1544144331816256,Waymo,external,9114112687541091312_1100_000_1120_000_1544144331816256,0,0,0
1000173,waymo_9114112687541091312_1100_000_1120_000_1544144332316253,Waymo,external,9114112687541091312_1100_000_1120_000_1544144332316253,0,0,0
1000174,waymo_9114112687541091312_1100_000_1120_000_1544144332816253,Waymo,external,9114112687541091312_1100_000_1120_000_1544144332816253,0,0,0
1000175,waymo_9114112687541091312_1100_000_1120_000_1544144333316285,Waymo,external,9114112687541091312_1100_000_1120_000_1544144333316285,0,0,0
1000176,waymo_9114112687541091312_1100_000_1120_000_1544144333816269,Waymo,external,9114112687541091312_1100_000_1120_000_1544144333816269,0,0,0
1000177,waymo_9114112687541091312_1100_000_1120_000_1544144334316230,Waymo,external,9114112687541091312_1100_000_1120_000_1544144334316230,0,0,0
1000178,waymo_9114112687541091312_1100_000_1120_000_1544144334816198,Waymo,external,9114112687541091312_1100_000_1120_000_1544144334816198,0,0,0
1000179,waymo_9114112687541091312_1100_000_1120_000_1544144335316215,Waymo,external,9114112687541091312_1100_000_1120_000_1544144335316215,0,0,0
1000180,waymo_9114112687541091312_1100_000_1120_000_1544144335816195,Waymo,external,9114112687541091312_1100_000_1120_000_1544144335816195,0,0,0
1000181,waymo_9114112687541091312_1100_000_1120_000_1544144336316269,Waymo,external,9114112687541091312_1100_000_1120_000_1544144336316269,0,0,0
1000182,waymo_9114112687541091312_1100_000_1120_000_1544144336816339,Waymo,external,9114112687541091312_1100_000_1120_000_1544144336816339,0,0,0
1000183,waymo_9114112687541091312_1100_000_1120_000_1544144337316333,Waymo,external,9114112687541091312_1100_000_1120_000_1544144337316333,0,0,0
1000184,waymo_9114112687541091312_1100_000_1120_000_1544144337816224,Waymo,external,9114112687541091312_1100_000_1120_000_1544144337816224,0,0,0
1000185,waymo_9114112687541091312_1100_000_1120_000_1544144338316151,Waymo,external,9114112687541091312_1100_000_1120_000_1544144338316151,0,0,0
1000186,waymo_9114112687541091312_1100_000_1120_000_1544144338816151,Waymo,external,9114112687541091312_1100_000_1120_000_1544144338816151,0,0,0
1000187,waymo_9114112687541091312_1100_000_1120_000_1544144339316236,Waymo,external,9114112687541091312_1100_000_1120_000_1544144339316236,0,0,0
1000188,waymo_9114112687541091312_1100_000_1120_000_1544144339816354,Waymo,external,9114112687541091312_1100_000_1120_000_1544144339816354,0,0,0
1000189,waymo_9114112687541091312_1100_000_1120_000_1544144340316344,Waymo,external,9114112687541091312_1100_000_1120_000_1544144340316344,0,0,0
1000190,waymo_9114112687541091312_1100_000_1120_000_1544144340816348,Waymo,external,9114112687541091312_1100_000_1120_000_1544144340816348,0,0,0
1000191,waymo_9114112687541091312_1100_000_1120_000_1544144341316314,Waymo,external,9114112687541091312_1100_000_1120_000_1544144341316314,0,0,0
1000192,waymo_9114112687541091312_1100_000_1120_000_1544144341816280,Waymo,external,9114112687541091312_1100_000_1120_000_1544144341816280,0,0,0
1000193,waymo_9114112687541091312_1100_000_1120_000_1544144342316340,Waymo,external,9114112687541091312_1100_000_1120_000_1544144342316340,0,0,0
1000194,waymo_9114112687541091312_1100_000_1120_000_1544144342816305,Waymo,external,9114112687541091312_1100_000_1120_000_1544144342816305,0,0,0
1000195,waymo_9114112687541091312_1100_000_1120_000_1544144343316292,Waymo,external,9114112687541091312_1100_000_1120_000_1544144343316292,0,0,0
1000196,waymo_9114112687541091312_1100_000_1120_000_1544144343816197,Waymo,external,9114112687541091312_1100_000_1120_000_1544144343816197,0,0,0
1000197,waymo_9114112687541091312_1100_000_1120_000_1544144344316123,Waymo,external,9114112687541091312_1100_000_1120_000_1544144344316123,0,0,0
1000198,waymo_12657584952502228282_3940_000_3960_000_1549937205899042,Waymo,external,12657584952502228282_3940_000_3960_000_1549937205899042,0,0,0
1000199,waymo_12657584952502228282_3940_000_3960_000_1549937206398997,Waymo,external,12657584952502228282_3940_000_3960_000_1549937206398997,0,0,0
1000200,waymo_12657584952502228282_3940_000_3960_000_1549937206898986,Waymo,external,12657584952502228282_3940_000_3960_000_1549937206898986,0,0,0
1000201,waymo_12657584952502228282_3940_000_3960_000_1549937207399013,Waymo,external,12657584952502228282_3940_000_3960_000_1549937207399013,0,0,0
1000202,waymo_12657584952502228282_3940_000_3960_000_1549937207898989,Waymo,external,12657584952502228282_3940_000_3960_000_1549937207898989,0,0,0
1000203,waymo_12657584952502228282_3940_000_3960_000_1549937208399015,Waymo,external,12657584952502228282_3940_000_3960_000_1549937208399015,0,0,0
1000204,waymo_12657584952502228282_3940_000_3960_000_1549937208899013,Waymo,external,12657584952502228282_3940_000_3960_000_1549937208899013,0,0,0
1000205,waymo_12657584952502228282_3940_000_3960_000_1549937209398838,Waymo,external,12657584952502228282_3940_000_3960_000_1549937209398838,0,0,0
1000206,waymo_12657584952502228282_3940_000_3960_000_1549937209898774,Waymo,external,12657584952502228282_3940_000_3960_000_1549937209898774,0,0,0
1000207,waymo_12657584952502228282_3940_000_3960_000_1549937210398649,Waymo,external,12657584952502228282_3940_000_3960_000_1549937210398649,0,0,0
1000208,waymo_12657584952502228282_3940_000_3960_000_1549937210898587,Waymo,external,12657584952502228282_3940_000_3960_000_1549937210898587,0,0,0
1000209,waymo_12657584952502228282_3940_000_3960_000_1549937211398460,Waymo,external,12657584952502228282_3940_000_3960_000_1549937211398460,0,0,0
1000210,waymo_12657584952502228282_3940_000_3960_000_1549937211898457,Waymo,external,12657584952502228282_3940_000_3960_000_1549937211898457,0,0,0
1000211,waymo_12657584952502228282_3940_000_3960_000_1549937212398470,Waymo,external,12657584952502228282_3940_000_3960_000_1549937212398470,0,0,0
1000212,waymo_12657584952502228282_3940_000_3960_000_1549937212898542,Waymo,external,12657584952502228282_3940_000_3960_000_1549937212898542,0,0,0
1000213,waymo_12657584952502228282_3940_000_3960_000_1549937213398698,Waymo,external,12657584952502228282_3940_000_3960_000_1549937213398698,0,0,0
1000214,waymo_12657584952502228282_3940_000_3960_000_1549937213898785,Waymo,external,12657584952502228282_3940_000_3960_000_1549937213898785,0,0,0
1000215,waymo_12657584952502228282_3940_000_3960_000_1549937214398878,Waymo,external,12657584952502228282_3940_000_3960_000_1549937214398878,0,0,0
1000216,waymo_12657584952502228282_3940_000_3960_000_1549937214898834,Waymo,external,12657584952502228282_3940_000_3960_000_1549937214898834,0,0,0
1000217,waymo_12657584952502228282_3940_000_3960_000_1549937215398685,Waymo,external,12657584952502228282_3940_000_3960_000_1549937215398685,0,0,0
1000218,waymo_12657584952502228282_3940_000_3960_000_1549937215898463,Waymo,external,12657584952502228282_3940_000_3960_000_1549937215898463,0,0,0
1000219,waymo_12657584952502228282_3940_000_3960_000_1549937216398410,Waymo,external,12657584952502228282_3940_000_3960_000_1549937216398410,0,0,0
1000220,waymo_12657584952502228282_3940_000_3960_000_1549937216898539,Waymo,external,12657584952502228282_3940_000_3960_000_1549937216898539,0,0,0
1000221,waymo_12657584952502228282_3940_000_3960_000_1549937217398446,Waymo,external,12657584952502228282_3940_000_3960_000_1549937217398446,0,0,0
1000222,waymo_12657584952502228282_3940_000_3960_000_1549937217898497,Waymo,external,12657584952502228282_3940_000_3960_000_1549937217898497,0,0,0
1000223,waymo_12657584952502228282_3940_000_3960_000_1549937218398453,Waymo,external,12657584952502228282_3940_000_3960_000_1549937218398453,0,0,0
1000224,waymo_12657584952502228282_3940_000_3960_000_1549937218898720,Waymo,external,12657584952502228282_3940_000_3960_000_1549937218898720,0,0,0
1000225,waymo_12657584952502228282_3940_000_3960_000_1549937219398999,Waymo,external,12657584952502228282_3940_000_3960_000_1549937219398999,0,0,0
1000226,waymo_12657584952502228282_3940_000_3960_000_1549937219898991,Waymo,external,12657584952502228282_3940_000_3960_000_1549937219898991,0,0,0
1000227,waymo_12657584952502228282_3940_000_3960_000_1549937220398802,Waymo,external,12657584952502228282_3940_000_3960_000_1549937220398802,0,0,0
1000228,waymo_12657584952502228282_3940_000_3960_000_1549937220898674,Waymo,external,12657584952502228282_3940_000_3960_000_1549937220898674,0,0,0
1000229,waymo_12657584952502228282_3940_000_3960_000_1549937221398660,Waymo,external,12657584952502228282_3940_000_3960_000_1549937221398660,0,0,0
1000230,waymo_12657584952502228282_3940_000_3960_000_1549937221898992,Waymo,external,12657584952502228282_3940_000_3960_000_1549937221898992,0,0,0
1000231,waymo_12657584952502228282_3940_000_3960_000_1549937222399274,Waymo,external,12657584952502228282_3940_000_3960_000_1549937222399274,0,0,0
1000232,waymo_12657584952502228282_3940_000_3960_000_1549937222899266,Waymo,external,12657584952502228282_3940_000_3960_000_1549937222899266,0,0,0
1000233,waymo_12657584952502228282_3940_000_3960_000_1549937223398950,Waymo,external,12657584952502228282_3940_000_3960_000_1549937223398950,0,0,0
1000234,waymo_12657584952502228282_3940_000_3960_000_1549937223898628,Waymo,external,12657584952502228282_3940_000_3960_000_1549937223898628,0,0,0
1000235,waymo_12657584952502228282_3940_000_3960_000_1549937224398546,Waymo,external,12657584952502228282_3940_000_3960_000_1549937224398546,0,0,0
1000236,waymo_12657584952502228282_3940_000_3960_000_1549937224898635,Waymo,external,12657584952502228282_3940_000_3960_000_1549937224898635,0,0,0
1000237,waymo_12657584952502228282_3940_000_3960_000_1549937225398829,Waymo,external,12657584952502228282_3940_000_3960_000_1549937225398829,0,0,0
1000238,waymo_6324079979569135086_2372_300_2392_300_1506988290759379,Waymo,external,6324079979569135086_2372_300_2392_300_1506988290759379,0,0,0
1000239,waymo_6324079979569135086_2372_300_2392_300_1506988291259304,Waymo,external,6324079979569135086_2372_300_2392_300_1506988291259304,0,0,0
1000240,waymo_6324079979569135086_2372_300_2392_300_1506988291759180,Waymo,external,6324079979569135086_2372_300_2392_300_1506988291759180,0,0,0
1000241,waymo_6324079979569135086_2372_300_2392_300_1506988292259364,Waymo,external,6324079979569135086_2372_300_2392_300_1506988292259364,0,0,0
1000242,waymo_6324079979569135086_2372_300_2392_300_1506988292759607,Waymo,external,6324079979569135086_2372_300_2392_300_1506988292759607,0,0,0
1000243,waymo_6324079979569135086_2372_300_2392_300_1506988293259610,Waymo,external,6324079979569135086_2372_300_2392_300_1506988293259610,0,0,0
1000244,waymo_6324079979569135086_2372_300_2392_300_1506988293759462,Waymo,external,6324079979569135086_2372_300_2392_300_1506988293759462,0,0,0
1000245,waymo_6324079979569135086_2372_300_2392_300_1506988294259415,Waymo,external,6324079979569135086_2372_300_2392_300_1506988294259415,0,0,0
1000246,waymo_6324079979569135086_2372_300_2392_300_1506988294759358,Waymo,external,6324079979569135086_2372_300_2392_300_1506988294759358,0,0,0
1000247,waymo_6324079979569135086_2372_300_2392_300_1506988295259170,Waymo,external,6324079979569135086_2372_300_2392_300_1506988295259170,0,0,0
1000248,waymo_6324079979569135086_2372_300_2392_300_1506988295759068,Waymo,external,6324079979569135086_2372_300_2392_300_1506988295759068,0,0,0
1000249,waymo_6324079979569135086_2372_300_2392_300_1506988296259175,Waymo,external,6324079979569135086_2372_300_2392_300_1506988296259175,0,0,0
1000250,waymo_6324079979569135086_2372_300_2392_300_1506988296759323,Waymo,external,6324079979569135086_2372_300_2392_300_1506988296759323,0,0,0
1000251,waymo_6324079979569135086_2372_300_2392_300_1506988297259243,Waymo,external,6324079979569135086_2372_300_2392_300_1506988297259243,0,0,0
1000252,waymo_6324079979569135086_2372_300_2392_300_1506988297758918,Waymo,external,6324079979569135086_2372_300_2392_300_1506988297758918,0,0,0
1000253,waymo_6324079979569135086_2372_300_2392_300_1506988298258545,Waymo,external,6324079979569135086_2372_300_2392_300_1506988298258545,0,0,0
1000254,waymo_6324079979569135086_2372_300_2392_300_1506988298758267,Waymo,external,6324079979569135086_2372_300_2392_300_1506988298758267,0,0,0
1000255,waymo_6324079979569135086_2372_300_2392_300_1506988299258081,Waymo,external,6324079979569135086_2372_300_2392_300_1506988299258081,0,0,0
1000256,waymo_6324079979569135086_2372_300_2392_300_1506988299757707,Waymo,external,6324079979569135086_2372_300_2392_300_1506988299757707,0,0,0
1000257,waymo_6324079979569135086_2372_300_2392_300_1506988300257639,Waymo,external,6324079979569135086_2372_300_2392_300_1506988300257639,0,0,0
1000258,waymo_6324079979569135086_2372_300_2392_300_1506988300757757,Waymo,external,6324079979569135086_2372_300_2392_300_1506988300757757,0,0,0
1000259,waymo_6324079979569135086_2372_300_2392_300_1506988301257952,Waymo,external,6324079979569135086_2372_300_2392_300_1506988301257952,0,0,0
1000260,waymo_6324079979569135086_2372_300_2392_300_1506988301758169,Waymo,external,6324079979569135086_2372_300_2392_300_1506988301758169,0,0,0
1000261,waymo_6324079979569135086_2372_300_2392_300_1506988302258459,Waymo,external,6324079979569135086_2372_300_2392_300_1506988302258459,0,0,0
1000262,waymo_6324079979569135086_2372_300_2392_300_1506988302758714,Waymo,external,6324079979569135086_2372_300_2392_300_1506988302758714,0,0,0
1000263,waymo_6324079979569135086_2372_300_2392_300_1506988303259080,Waymo,external,6324079979569135086_2372_300_2392_300_1506988303259080,0,0,0
1000264,waymo_6324079979569135086_2372_300_2392_300_1506988303759193,Waymo,external,6324079979569135086_2372_300_2392_300_1506988303759193,0,0,0
1000265,waymo_6324079979569135086_2372_300_2392_300_1506988304259196,Waymo,external,6324079979569135086_2372_300_2392_300_1506988304259196,0,0,0
1000266,waymo_6324079979569135086_2372_300_2392_300_1506988304759010,Waymo,external,6324079979569135086_2372_300_2392_300_1506988304759010,0,0,0
1000267,waymo_6324079979569135086_2372_300_2392_300_1506988305258871,Waymo,external,6324079979569135086_2372_300_2392_300_1506988305258871,0,0,0
1000268,waymo_6324079979569135086_2372_300_2392_300_1506988305758793,Waymo,external,6324079979569135086_2372_300_2392_300_1506988305758793,0,0,0
1000269,waymo_6324079979569135086_2372_300_2392_300_1506988306258724,Waymo,external,6324079979569135086_2372_300_2392_300_1506988306258724,0,0,0
1000270,waymo_6324079979569135086_2372_300_2392_300_1506988306758538,Waymo,external,6324079979569135086_2372_300_2392_300_1506988306758538,0,0,0
1000271,waymo_6324079979569135086_2372_300_2392_300_1506988307258300,Waymo,external,6324079979569135086_2372_300_2392_300_1506988307258300,0,0,0
1000272,waymo_6324079979569135086_2372_300_2392_300_1506988307758217,Waymo,external,6324079979569135086_2372_300_2392_300_1506988307758217,0,0,0
1000273,waymo_6324079979569135086_2372_300_2392_300_1506988308258237,Waymo,external,6324079979569135086_2372_300_2392_300_1506988308258237,0,0,0
1000274,waymo_6324079979569135086_2372_300_2392_300_1506988308758146,Waymo,external,6324079979569135086_2372_300_2392_300_1506988308758146,0,0,0
1000275,waymo_6324079979569135086_2372_300_2392_300_1506988309258013,Waymo,external,6324079979569135086_2372_300_2392_300_1506988309258013,0,0,0
1000276,waymo_6324079979569135086_2372_300_2392_300_1506988309758129,Waymo,external,6324079979569135086_2372_300_2392_300_1506988309758129,0,0,0
1000277,waymo_6324079979569135086_2372_300_2392_300_1506988310258358,Waymo,external,6324079979569135086_2372_300_2392_300_1506988310258358,0,0,0
1000278,waymo_12358364923781697038_2232_990_2252_990_1507079373357140,Waymo,external,12358364923781697038_2232_990_2252_990_1507079373357140,0,0,0
1000279,waymo_12358364923781697038_2232_990_2252_990_1507079373857065,Waymo,external,12358364923781697038_2232_990_2252_990_1507079373857065,0,0,0
1000280,waymo_12358364923781697038_2232_990_2252_990_1507079374356809,Waymo,external,12358364923781697038_2232_990_2252_990_1507079374356809,0,0,0
1000281,waymo_12358364923781697038_2232_990_2252_990_1507079374856460,Waymo,external,12358364923781697038_2232_990_2252_990_1507079374856460,0,0,0
1000282,waymo_12358364923781697038_2232_990_2252_990_1507079375356159,Waymo,external,12358364923781697038_2232_990_2252_990_1507079375356159,0,0,0
1000283,waymo_12358364923781697038_2232_990_2252_990_1507079375855945,Waymo,external,12358364923781697038_2232_990_2252_990_1507079375855945,0,0,0
1000284,waymo_12358364923781697038_2232_990_2252_990_1507079376356019,Waymo,external,12358364923781697038_2232_990_2252_990_1507079376356019,0,0,0
1000285,waymo_12358364923781697038_2232_990_2252_990_1507079376856253,Waymo,external,12358364923781697038_2232_990_2252_990_1507079376856253,0,0,0
1000286,waymo_12358364923781697038_2232_990_2252_990_1507079377356081,Waymo,external,12358364923781697038_2232_990_2252_990_1507079377356081,0,0,0
1000287,waymo_12358364923781697038_2232_990_2252_990_1507079377855853,Waymo,external,12358364923781697038_2232_990_2252_990_1507079377855853,0,0,0
1000288,waymo_12358364923781697038_2232_990_2252_990_1507079378355731,Waymo,external,12358364923781697038_2232_990_2252_990_1507079378355731,0,0,0
1000289,waymo_12358364923781697038_2232_990_2252_990_1507079378855659,Waymo,external,12358364923781697038_2232_990_2252_990_1507079378855659,0,0,0
1000290,waymo_12358364923781697038_2232_990_2252_990_1507079379355598,Waymo,external,12358364923781697038_2232_990_2252_990_1507079379355598,0,0,0
1000291,waymo_12358364923781697038_2232_990_2252_990_1507079379855630,Waymo,external,12358364923781697038_2232_990_2252_990_1507079379855630,0,0,0
1000292,waymo_12358364923781697038_2232_990_2252_990_1507079380355813,Waymo,external,12358364923781697038_2232_990_2252_990_1507079380355813,0,0,0
1000293,waymo_12358364923781697038_2232_990_2252_990_1507079380855958,Waymo,external,12358364923781697038_2232_990_2252_990_1507079380855958,0,0,0
1000294,waymo_12358364923781697038_2232_990_2252_990_1507079381355966,Waymo,external,12358364923781697038_2232_990_2252_990_1507079381355966,0,0,0
1000295,waymo_12358364923781697038_2232_990_2252_990_1507079381855598,Waymo,external,12358364923781697038_2232_990_2252_990_1507079381855598,0,0,0
1000296,waymo_12358364923781697038_2232_990_2252_990_1507079382355572,Waymo,external,12358364923781697038_2232_990_2252_990_1507079382355572,0,0,0
1000297,waymo_12358364923781697038_2232_990_2252_990_1507079382855586,Waymo,external,12358364923781697038_2232_990_2252_990_1507079382855586,0,0,0
1000298,waymo_12358364923781697038_2232_990_2252_990_1507079383355558,Waymo,external,12358364923781697038_2232_990_2252_990_1507079383355558,0,0,0
1000299,waymo_12358364923781697038_2232_990_2252_990_1507079383855775,Waymo,external,12358364923781697038_2232_990_2252_990_1507079383855775,0,0,0
1000300,waymo_12358364923781697038_2232_990_2252_990_1507079384356047,Waymo,external,12358364923781697038_2232_990_2252_990_1507079384356047,0,0,0
1000301,waymo_12358364923781697038_2232_990_2252_990_1507079384856210,Waymo,external,12358364923781697038_2232_990_2252_990_1507079384856210,0,0,0
1000302,waymo_12358364923781697038_2232_990_2252_990_1507079385356195,Waymo,external,12358364923781697038_2232_990_2252_990_1507079385356195,0,0,0
1000303,waymo_12358364923781697038_2232_990_2252_990_1507079385856159,Waymo,external,12358364923781697038_2232_990_2252_990_1507079385856159,0,0,0
1000304,waymo_12358364923781697038_2232_990_2252_990_1507079386356337,Waymo,external,12358364923781697038_2232_990_2252_990_1507079386356337,0,0,0
1000305,waymo_12358364923781697038_2232_990_2252_990_1507079386856723,Waymo,external,12358364923781697038_2232_990_2252_990_1507079386856723,0,0,0
1000306,waymo_12358364923781697038_2232_990_2252_990_1507079387356946,Waymo,external,12358364923781697038_2232_990_2252_990_1507079387356946,0,0,0
1000307,waymo_12358364923781697038_2232_990_2252_990_1507079387856968,Waymo,external,12358364923781697038_2232_990_2252_990_1507079387856968,0,0,0
1000308,waymo_12358364923781697038_2232_990_2252_990_1507079388356895,Waymo,external,12358364923781697038_2232_990_2252_990_1507079388356895,0,0,0
1000309,waymo_12358364923781697038_2232_990_2252_990_1507079388856734,Waymo,external,12358364923781697038_2232_990_2252_990_1507079388856734,0,0,0
1000310,waymo_12358364923781697038_2232_990_2252_990_1507079389356708,Waymo,external,12358364923781697038_2232_990_2252_990_1507079389356708,0,0,0
1000311,waymo_12358364923781697038_2232_990_2252_990_1507079389856886,Waymo,external,12358364923781697038_2232_990_2252_990_1507079389856886,0,0,0
1000312,waymo_12358364923781697038_2232_990_2252_990_1507079390357125,Waymo,external,12358364923781697038_2232_990_2252_990_1507079390357125,0,0,0
1000313,waymo_12358364923781697038_2232_990_2252_990_1507079390857350,Waymo,external,12358364923781697038_2232_990_2252_990_1507079390857350,0,0,0
1000314,waymo_12358364923781697038_2232_990_2252_990_1507079391357765,Waymo,external,12358364923781697038_2232_990_2252_990_1507079391357765,0,0,0
1000315,waymo_12358364923781697038_2232_990_2252_990_1507079391858607,Waymo,external,12358364923781697038_2232_990_2252_990_1507079391858607,0,0,0
1000316,waymo_12358364923781697038_2232_990_2252_990_1507079392360167,Waymo,external,12358364923781697038_2232_990_2252_990_1507079392360167,0,0,0
1000317,waymo_12358364923781697038_2232_990_2252_990_1507079392862677,Waymo,external,12358364923781697038_2232_990_2252_990_1507079392862677,0,0,0
1000318,waymo_16213317953898915772_1597_170_1617_170_1509233614793727,Waymo,external,16213317953898915772_1597_170_1617_170_1509233614793727,0,0,0
1000319,waymo_16213317953898915772_1597_170_1617_170_1509233615293762,Waymo,external,16213317953898915772_1597_170_1617_170_1509233615293762,0,0,0
1000320,waymo_16213317953898915772_1597_170_1617_170_1509233615793809,Waymo,external,16213317953898915772_1597_170_1617_170_1509233615793809,0,0,0
1000321,waymo_16213317953898915772_1597_170_1617_170_1509233616293776,Waymo,external,16213317953898915772_1597_170_1617_170_1509233616293776,0,0,0
1000322,waymo_16213317953898915772_1597_170_1617_170_1509233616793637,Waymo,external,16213317953898915772_1597_170_1617_170_1509233616793637,0,0,0
1000323,waymo_16213317953898915772_1597_170_1617_170_1509233617293594,Waymo,external,16213317953898915772_1597_170_1617_170_1509233617293594,0,0,0
1000324,waymo_16213317953898915772_1597_170_1617_170_1509233617793632,Waymo,external,16213317953898915772_1597_170_1617_170_1509233617793632,0,0,0
1000325,waymo_16213317953898915772_1597_170_1617_170_1509233618293733,Waymo,external,16213317953898915772_1597_170_1617_170_1509233618293733,0,0,0
1000326,waymo_16213317953898915772_1597_170_1617_170_1509233618793772,Waymo,external,16213317953898915772_1597_170_1617_170_1509233618793772,0,0,0
1000327,waymo_16213317953898915772_1597_170_1617_170_1509233619293687,Waymo,external,16213317953898915772_1597_170_1617_170_1509233619293687,0,0,0
1000328,waymo_16213317953898915772_1597_170_1617_170_1509233619793571,Waymo,external,16213317953898915772_1597_170_1617_170_1509233619793571,0,0,0
1000329,waymo_16213317953898915772_1597_170_1617_170_1509233620293598,Waymo,external,16213317953898915772_1597_170_1617_170_1509233620293598,0,0,0
1000330,waymo_16213317953898915772_1597_170_1617_170_1509233620793703,Waymo,external,16213317953898915772_1597_170_1617_170_1509233620793703,0,0,0
1000331,waymo_16213317953898915772_1597_170_1617_170_1509233621293910,Waymo,external,16213317953898915772_1597_170_1617_170_1509233621293910,0,0,0
1000332,waymo_16213317953898915772_1597_170_1617_170_1509233621793942,Waymo,external,16213317953898915772_1597_170_1617_170_1509233621793942,0,0,0
1000333,waymo_16213317953898915772_1597_170_1617_170_1509233622293787,Waymo,external,16213317953898915772_1597_170_1617_170_1509233622293787,0,0,0
1000334,waymo_16213317953898915772_1597_170_1617_170_1509233622793538,Waymo,external,16213317953898915772_1597_170_1617_170_1509233622793538,0,0,0
1000335,waymo_16213317953898915772_1597_170_1617_170_1509233623293547,Waymo,external,16213317953898915772_1597_170_1617_170_1509233623293547,0,0,0
1000336,waymo_16213317953898915772_1597_170_1617_170_1509233623793727,Waymo,external,16213317953898915772_1597_170_1617_170_1509233623793727,0,0,0
1000337,waymo_16213317953898915772_1597_170_1617_170_1509233624293839,Waymo,external,16213317953898915772_1597_170_1617_170_1509233624293839,0,0,0
1000338,waymo_16213317953898915772_1597_170_1617_170_1509233624793771,Waymo,external,16213317953898915772_1597_170_1617_170_1509233624793771,0,0,0
1000339,waymo_16213317953898915772_1597_170_1617_170_1509233625293657,Waymo,external,16213317953898915772_1597_170_1617_170_1509233625293657,0,0,0
1000340,waymo_16213317953898915772_1597_170_1617_170_1509233625793579,Waymo,external,16213317953898915772_1597_170_1617_170_1509233625793579,0,0,0
1000341,waymo_16213317953898915772_1597_170_1617_170_1509233626293736,Waymo,external,16213317953898915772_1597_170_1617_170_1509233626293736,0,0,0
1000342,waymo_16213317953898915772_1597_170_1617_170_1509233626793726,Waymo,external,16213317953898915772_1597_170_1617_170_1509233626793726,0,0,0
1000343,waymo_16213317953898915772_1597_170_1617_170_1509233627293691,Waymo,external,16213317953898915772_1597_170_1617_170_1509233627293691,0,0,0
1000344,waymo_16213317953898915772_1597_170_1617_170_1509233627794056,Waymo,external,16213317953898915772_1597_170_1617_170_1509233627794056,0,0,0
1000345,waymo_16213317953898915772_1597_170_1617_170_1509233628295248,Waymo,external,16213317953898915772_1597_170_1617_170_1509233628295248,0,0,0
1000346,waymo_16213317953898915772_1597_170_1617_170_1509233628797470,Waymo,external,16213317953898915772_1597_170_1617_170_1509233628797470,0,0,0
1000347,waymo_16213317953898915772_1597_170_1617_170_1509233629300727,Waymo,external,16213317953898915772_1597_170_1617_170_1509233629300727,0,0,0
1000348,waymo_16213317953898915772_1597_170_1617_170_1509233629804734,Waymo,external,16213317953898915772_1597_170_1617_170_1509233629804734,0,0,0
1000349,waymo_16213317953898915772_1597_170_1617_170_1509233630309208,Waymo,external,16213317953898915772_1597_170_1617_170_1509233630309208,0,0,0
1000350,waymo_16213317953898915772_1597_170_1617_170_1509233630813451,Waymo,external,16213317953898915772_1597_170_1617_170_1509233630813451,0,0,0
1000351,waymo_16213317953898915772_1597_170_1617_170_1509233631317018,Waymo,external,16213317953898915772_1597_170_1617_170_1509233631317018,0,0,0
1000352,waymo_16213317953898915772_1597_170_1617_170_1509233631819661,Waymo,external,16213317953898915772_1597_170_1617_170_1509233631819661,0,0,0
1000353,waymo_16213317953898915772_1597_170_1617_170_1509233632321216,Waymo,external,16213317953898915772_1597_170_1617_170_1509233632321216,0,0,0
1000354,waymo_16213317953898915772_1597_170_1617_170_1509233632821812,Waymo,external,16213317953898915772_1597_170_1617_170_1509233632821812,0,0,0
1000355,waymo_16213317953898915772_1597_170_1617_170_1509233633322088,Waymo,external,16213317953898915772_1597_170_1617_170_1509233633322088,0,0,0
1000356,waymo_16213317953898915772_1597_170_1617_170_1509233633822572,Waymo,external,16213317953898915772_1597_170_1617_170_1509233633822572,0,0,0
1000357,waymo_16213317953898915772_1597_170_1617_170_1509233634323160,Waymo,external,16213317953898915772_1597_170_1617_170_1509233634323160,0,0,0
1000358,waymo_2736377008667623133_2676_410_2696_410_1511721496476227,Waymo,external,2736377008667623133_2676_410_2696_410_1511721496476227,0,0,0
1000359,waymo_2736377008667623133_2676_410_2696_410_1511721496976312,Waymo,external,2736377008667623133_2676_410_2696_410_1511721496976312,0,0,0
1000360,waymo_2736377008667623133_2676_410_2696_410_1511721497476499,Waymo,external,2736377008667623133_2676_410_2696_410_1511721497476499,0,0,0
1000361,waymo_2736377008667623133_2676_410_2696_410_1511721497976786,Waymo,external,2736377008667623133_2676_410_2696_410_1511721497976786,0,0,0
1000362,waymo_2736377008667623133_2676_410_2696_410_1511721498477042,Waymo,external,2736377008667623133_2676_410_2696_410_1511721498477042,0,0,0
1000363,waymo_2736377008667623133_2676_410_2696_410_1511721498977207,Waymo,external,2736377008667623133_2676_410_2696_410_1511721498977207,0,0,0
1000364,waymo_2736377008667623133_2676_410_2696_410_1511721499477388,Waymo,external,2736377008667623133_2676_410_2696_410_1511721499477388,0,0,0
1000365,waymo_2736377008667623133_2676_410_2696_410_1511721499977692,Waymo,external,2736377008667623133_2676_410_2696_410_1511721499977692,0,0,0
1000366,waymo_2736377008667623133_2676_410_2696_410_1511721500478378,Waymo,external,2736377008667623133_2676_410_2696_410_1511721500478378,0,0,0
1000367,waymo_2736377008667623133_2676_410_2696_410_1511721500979579,Waymo,external,2736377008667623133_2676_410_2696_410_1511721500979579,0,0,0
1000368,waymo_2736377008667623133_2676_410_2696_410_1511721501481343,Waymo,external,2736377008667623133_2676_410_2696_410_1511721501481343,0,0,0
1000369,waymo_2736377008667623133_2676_410_2696_410_1511721501983799,Waymo,external,2736377008667623133_2676_410_2696_410_1511721501983799,0,0,0
1000370,waymo_2736377008667623133_2676_410_2696_410_1511721502487018,Waymo,external,2736377008667623133_2676_410_2696_410_1511721502487018,0,0,0
1000371,waymo_2736377008667623133_2676_410_2696_410_1511721502990824,Waymo,external,2736377008667623133_2676_410_2696_410_1511721502990824,0,0,0
1000372,waymo_2736377008667623133_2676_410_2696_410_1511721503494682,Waymo,external,2736377008667623133_2676_410_2696_410_1511721503494682,0,0,0
1000373,waymo_2736377008667623133_2676_410_2696_410_1511721503997894,Waymo,external,2736377008667623133_2676_410_2696_410_1511721503997894,0,0,0
1000374,waymo_2736377008667623133_2676_410_2696_410_1511721504499973,Waymo,external,2736377008667623133_2676_410_2696_410_1511721504499973,0,0,0
1000375,waymo_2736377008667623133_2676_410_2696_410_1511721505000847,Waymo,external,2736377008667623133_2676_410_2696_410_1511721505000847,0,0,0
1000376,waymo_2736377008667623133_2676_410_2696_410_1511721505500878,Waymo,external,2736377008667623133_2676_410_2696_410_1511721505500878,0,0,0
1000377,waymo_2736377008667623133_2676_410_2696_410_1511721506000758,Waymo,external,2736377008667623133_2676_410_2696_410_1511721506000758,0,0,0
1000378,waymo_2736377008667623133_2676_410_2696_410_1511721506500766,Waymo,external,2736377008667623133_2676_410_2696_410_1511721506500766,0,0,0
1000379,waymo_2736377008667623133_2676_410_2696_410_1511721507000880,Waymo,external,2736377008667623133_2676_410_2696_410_1511721507000880,0,0,0
1000380,waymo_2736377008667623133_2676_410_2696_410_1511721507501045,Waymo,external,2736377008667623133_2676_410_2696_410_1511721507501045,0,0,0
1000381,waymo_2736377008667623133_2676_410_2696_410_1511721508001085,Waymo,external,2736377008667623133_2676_410_2696_410_1511721508001085,0,0,0
1000382,waymo_2736377008667623133_2676_410_2696_410_1511721508500889,Waymo,external,2736377008667623133_2676_410_2696_410_1511721508500889,0,0,0
1000383,waymo_2736377008667623133_2676_410_2696_410_1511721509000708,Waymo,external,2736377008667623133_2676_410_2696_410_1511721509000708,0,0,0
1000384,waymo_2736377008667623133_2676_410_2696_410_1511721509500581,Waymo,external,2736377008667623133_2676_410_2696_410_1511721509500581,0,0,0
1000385,waymo_2736377008667623133_2676_410_2696_410_1511721510000596,Waymo,external,2736377008667623133_2676_410_2696_410_1511721510000596,0,0,0
1000386,waymo_2736377008667623133_2676_410_2696_410_1511721510500682,Waymo,external,2736377008667623133_2676_410_2696_410_1511721510500682,0,0,0
1000387,waymo_2736377008667623133_2676_410_2696_410_1511721511000845,Waymo,external,2736377008667623133_2676_410_2696_410_1511721511000845,0,0,0
1000388,waymo_2736377008667623133_2676_410_2696_410_1511721511500703,Waymo,external,2736377008667623133_2676_410_2696_410_1511721511500703,0,0,0
1000389,waymo_2736377008667623133_2676_410_2696_410_1511721512000476,Waymo,external,2736377008667623133_2676_410_2696_410_1511721512000476,0,0,0
1000390,waymo_2736377008667623133_2676_410_2696_410_1511721512500131,Waymo,external,2736377008667623133_2676_410_2696_410_1511721512500131,0,0,0
1000391,waymo_2736377008667623133_2676_410_2696_410_1511721512999749,Waymo,external,2736377008667623133_2676_410_2696_410_1511721512999749,0,0,0
1000392,waymo_2736377008667623133_2676_410_2696_410_1511721513499447,Waymo,external,2736377008667623133_2676_410_2696_410_1511721513499447,0,0,0
1000393,waymo_2736377008667623133_2676_410_2696_410_1511721513998928,Waymo,external,2736377008667623133_2676_410_2696_410_1511721513998928,0,0,0
1000394,waymo_2736377008667623133_2676_410_2696_410_1511721514498196,Waymo,external,2736377008667623133_2676_410_2696_410_1511721514498196,0,0,0
1000395,waymo_2736377008667623133_2676_410_2696_410_1511721514997563,Waymo,external,2736377008667623133_2676_410_2696_410_1511721514997563,0,0,0
1000396,waymo_2736377008667623133_2676_410_2696_410_1511721515497081,Waymo,external,2736377008667623133_2676_410_2696_410_1511721515497081,0,0,0
1000397,waymo_2736377008667623133_2676_410_2696_410_1511721515996515,Waymo,external,2736377008667623133_2676_410_2696_410_1511721515996515,0,0,0
1000398,waymo_3039251927598134881_1240_610_1260_610_1507246307397585,Waymo,external,3039251927598134881_1240_610_1260_610_1507246307397585,0,0,0
1000399,waymo_3039251927598134881_1240_610_1260_610_1507246307897963,Waymo,external,3039251927598134881_1240_610_1260_610_1507246307897963,0,0,0
1000400,waymo_3039251927598134881_1240_610_1260_610_1507246308398329,Waymo,external,3039251927598134881_1240_610_1260_610_1507246308398329,0,0,0
1000401,waymo_3039251927598134881_1240_610_1260_610_1507246308898414,Waymo,external,3039251927598134881_1240_610_1260_610_1507246308898414,0,0,0
1000402,waymo_3039251927598134881_1240_610_1260_610_1507246309398778,Waymo,external,3039251927598134881_1240_610_1260_610_1507246309398778,0,0,0
1000403,waymo_3039251927598134881_1240_610_1260_610_1507246309899270,Waymo,external,3039251927598134881_1240_610_1260_610_1507246309899270,0,0,0
1000404,waymo_3039251927598134881_1240_610_1260_610_1507246310399940,Waymo,external,3039251927598134881_1240_610_1260_610_1507246310399940,0,0,0
1000405,waymo_3039251927598134881_1240_610_1260_610_1507246310900446,Waymo,external,3039251927598134881_1240_610_1260_610_1507246310900446,0,0,0
1000406,waymo_3039251927598134881_1240_610_1260_610_1507246311400975,Waymo,external,3039251927598134881_1240_610_1260_610_1507246311400975,0,0,0
1000407,waymo_3039251927598134881_1240_610_1260_610_1507246311901410,Waymo,external,3039251927598134881_1240_610_1260_610_1507246311901410,0,0,0
1000408,waymo_3039251927598134881_1240_610_1260_610_1507246312401810,Waymo,external,3039251927598134881_1240_610_1260_610_1507246312401810,0,0,0
1000409,waymo_3039251927598134881_1240_610_1260_610_1507246312902284,Waymo,external,3039251927598134881_1240_610_1260_610_1507246312902284,0,0,0
1000410,waymo_3039251927598134881_1240_610_1260_610_1507246313402800,Waymo,external,3039251927598134881_1240_610_1260_610_1507246313402800,0,0,0
1000411,waymo_3039251927598134881_1240_610_1260_610_1507246313903272,Waymo,external,3039251927598134881_1240_610_1260_610_1507246313903272,0,0,0
1000412,waymo_3039251927598134881_1240_610_1260_610_1507246314403619,Waymo,external,3039251927598134881_1240_610_1260_610_1507246314403619,0,0,0
1000413,waymo_3039251927598134881_1240_610_1260_610_1507246314903924,Waymo,external,3039251927598134881_1240_610_1260_610_1507246314903924,0,0,0
1000414,waymo_3039251927598134881_1240_610_1260_610_1507246315404362,Waymo,external,3039251927598134881_1240_610_1260_610_1507246315404362,0,0,0
1000415,waymo_3039251927598134881_1240_610_1260_610_1507246315904862,Waymo,external,3039251927598134881_1240_610_1260_610_1507246315904862,0,0,0
1000416,waymo_3039251927598134881_1240_610_1260_610_1507246316405025,Waymo,external,3039251927598134881_1240_610_1260_610_1507246316405025,0,0,0
1000417,waymo_3039251927598134881_1240_610_1260_610_1507246316904997,Waymo,external,3039251927598134881_1240_610_1260_610_1507246316904997,0,0,0
1000418,waymo_3039251927598134881_1240_610_1260_610_1507246317404951,Waymo,external,3039251927598134881_1240_610_1260_610_1507246317404951,0,0,0
1000419,waymo_3039251927598134881_1240_610_1260_610_1507246317904952,Waymo,external,3039251927598134881_1240_610_1260_610_1507246317904952,0,0,0
1000420,waymo_3039251927598134881_1240_610_1260_610_1507246318404936,Waymo,external,3039251927598134881_1240_610_1260_610_1507246318404936,0,0,0
1000421,waymo_3039251927598134881_1240_610_1260_610_1507246318904777,Waymo,external,3039251927598134881_1240_610_1260_610_1507246318904777,0,0,0
1000422,waymo_3039251927598134881_1240_610_1260_610_1507246319404611,Waymo,external,3039251927598134881_1240_610_1260_610_1507246319404611,0,0,0
1000423,waymo_3039251927598134881_1240_610_1260_610_1507246319904201,Waymo,external,3039251927598134881_1240_610_1260_610_1507246319904201,0,0,0
1000424,waymo_3039251927598134881_1240_610_1260_610_1507246320403682,Waymo,external,3039251927598134881_1240_610_1260_610_1507246320403682,0,0,0
1000425,waymo_3039251927598134881_1240_610_1260_610_1507246320903090,Waymo,external,3039251927598134881_1240_610_1260_610_1507246320903090,0,0,0
1000426,waymo_3039251927598134881_1240_610_1260_610_1507246321402343,Waymo,external,3039251927598134881_1240_610_1260_610_1507246321402343,0,0,0
1000427,waymo_3039251927598134881_1240_610_1260_610_1507246321901771,Waymo,external,3039251927598134881_1240_610_1260_610_1507246321901771,0,0,0
1000428,waymo_3039251927598134881_1240_610_1260_610_1507246322401426,Waymo,external,3039251927598134881_1240_610_1260_610_1507246322401426,0,0,0
1000429,waymo_3039251927598134881_1240_610_1260_610_1507246322900980,Waymo,external,3039251927598134881_1240_610_1260_610_1507246322900980,0,0,0
1000430,waymo_3039251927598134881_1240_610_1260_610_1507246323400463,Waymo,external,3039251927598134881_1240_610_1260_610_1507246323400463,0,0,0
1000431,waymo_3039251927598134881_1240_610_1260_610_1507246323900075,Waymo,external,3039251927598134881_1240_610_1260_610_1507246323900075,0,0,0
1000432,waymo_3039251927598134881_1240_610_1260_610_1507246324399669,Waymo,external,3039251927598134881_1240_610_1260_610_1507246324399669,0,0,0
1000433,waymo_3039251927598134881_1240_610_1260_610_1507246324899209,Waymo,external,3039251927598134881_1240_610_1260_610_1507246324899209,0,0,0
1000434,waymo_3039251927598134881_1240_610_1260_610_1507246325398768,Waymo,external,3039251927598134881_1240_610_1260_610_1507246325398768,0,0,0
1000435,waymo_3039251927598134881_1240_610_1260_610_1507246325898543,Waymo,external,3039251927598134881_1240_610_1260_610_1507246325898543,0,0,0
1000436,waymo_3039251927598134881_1240_610_1260_610_1507246326398277,Waymo,external,3039251927598134881_1240_610_1260_610_1507246326398277,0,0,0
1000437,waymo_3039251927598134881_1240_610_1260_610_1507246326897947,Waymo,external,3039251927598134881_1240_610_1260_610_1507246326897947,0,0,0
1000438,waymo_3126522626440597519_806_440_826_440_1511046955507243,Waymo,external,3126522626440597519_806_440_826_440_1511046955507243,0,0,0
1000439,waymo_3126522626440597519_806_440_826_440_1511046956007192,Waymo,external,3126522626440597519_806_440_826_440_1511046956007192,0,0,0
1000440,waymo_3126522626440597519_806_440_826_440_1511046956507026,Waymo,external,3126522626440597519_806_440_826_440_1511046956507026,0,0,0
1000441,waymo_3126522626440597519_806_440_826_440_1511046957006923,Waymo,external,3126522626440597519_806_440_826_440_1511046957006923,0,0,0
1000442,waymo_3126522626440597519_806_440_826_440_1511046957507011,Waymo,external,3126522626440597519_806_440_826_440_1511046957507011,0,0,0
1000443,waymo_3126522626440597519_806_440_826_440_1511046958007016,Waymo,external,3126522626440597519_806_440_826_440_1511046958007016,0,0,0
1000444,waymo_3126522626440597519_806_440_826_440_1511046958507276,Waymo,external,3126522626440597519_806_440_826_440_1511046958507276,0,0,0
1000445,waymo_3126522626440597519_806_440_826_440_1511046959007476,Waymo,external,3126522626440597519_806_440_826_440_1511046959007476,0,0,0
1000446,waymo_3126522626440597519_806_440_826_440_1511046959507448,Waymo,external,3126522626440597519_806_440_826_440_1511046959507448,0,0,0
1000447,waymo_3126522626440597519_806_440_826_440_1511046960007294,Waymo,external,3126522626440597519_806_440_826_440_1511046960007294,0,0,0
1000448,waymo_3126522626440597519_806_440_826_440_1511046960506987,Waymo,external,3126522626440597519_806_440_826_440_1511046960506987,0,0,0
1000449,waymo_3126522626440597519_806_440_826_440_1511046961007000,Waymo,external,3126522626440597519_806_440_826_440_1511046961007000,0,0,0
1000450,waymo_3126522626440597519_806_440_826_440_1511046961507183,Waymo,external,3126522626440597519_806_440_826_440_1511046961507183,0,0,0
1000451,waymo_3126522626440597519_806_440_826_440_1511046962007484,Waymo,external,3126522626440597519_806_440_826_440_1511046962007484,0,0,0
1000452,waymo_3126522626440597519_806_440_826_440_1511046962507395,Waymo,external,3126522626440597519_806_440_826_440_1511046962507395,0,0,0
1000453,waymo_3126522626440597519_806_440_826_440_1511046963007286,Waymo,external,3126522626440597519_806_440_826_440_1511046963007286,0,0,0
1000454,waymo_3126522626440597519_806_440_826_440_1511046963506911,Waymo,external,3126522626440597519_806_440_826_440_1511046963506911,0,0,0
1000455,waymo_3126522626440597519_806_440_826_440_1511046964006689,Waymo,external,3126522626440597519_806_440_826_440_1511046964006689,0,0,0
1000456,waymo_3126522626440597519_806_440_826_440_1511046964506662,Waymo,external,3126522626440597519_806_440_826_440_1511046964506662,0,0,0
1000457,waymo_3126522626440597519_806_440_826_440_1511046965006554,Waymo,external,3126522626440597519_806_440_826_440_1511046965006554,0,0,0
1000458,waymo_3126522626440597519_806_440_826_440_1511046965506526,Waymo,external,3126522626440597519_806_440_826_440_1511046965506526,0,0,0
1000459,waymo_3126522626440597519_806_440_826_440_1511046966006467,Waymo,external,3126522626440597519_806_440_826_440_1511046966006467,0,0,0
1000460,waymo_3126522626440597519_806_440_826_440_1511046966506391,Waymo,external,3126522626440597519_806_440_826_440_1511046966506391,0,0,0
1000461,waymo_3126522626440597519_806_440_826_440_1511046967006362,Waymo,external,3126522626440597519_806_440_826_440_1511046967006362,0,0,0
1000462,waymo_3126522626440597519_806_440_826_440_1511046967506412,Waymo,external,3126522626440597519_806_440_826_440_1511046967506412,0,0,0
1000463,waymo_3126522626440597519_806_440_826_440_1511046968006331,Waymo,external,3126522626440597519_806_440_826_440_1511046968006331,0,0,0
1000464,waymo_3126522626440597519_806_440_826_440_1511046968506223,Waymo,external,3126522626440597519_806_440_826_440_1511046968506223,0,0,0
1000465,waymo_3126522626440597519_806_440_826_440_1511046969006217,Waymo,external,3126522626440597519_806_440_826_440_1511046969006217,0,0,0
1000466,waymo_3126522626440597519_806_440_826_440_1511046969506224,Waymo,external,3126522626440597519_806_440_826_440_1511046969506224,0,0,0
1000467,waymo_3126522626440597519_806_440_826_440_1511046970006257,Waymo,external,3126522626440597519_806_440_826_440_1511046970006257,0,0,0
1000468,waymo_3126522626440597519_806_440_826_440_1511046970506149,Waymo,external,3126522626440597519_806_440_826_440_1511046970506149,0,0,0
1000469,waymo_3126522626440597519_806_440_826_440_1511046971005796,Waymo,external,3126522626440597519_806_440_826_440_1511046971005796,0,0,0
1000470,waymo_3126522626440597519_806_440_826_440_1511046971505079,Waymo,external,3126522626440597519_806_440_826_440_1511046971505079,0,0,0
1000471,waymo_3126522626440597519_806_440_826_440_1511046972003504,Waymo,external,3126522626440597519_806_440_826_440_1511046972003504,0,0,0
1000472,waymo_3126522626440597519_806_440_826_440_1511046972501165,Waymo,external,3126522626440597519_806_440_826_440_1511046972501165,0,0,0
1000473,waymo_3126522626440597519_806_440_826_440_1511046972998165,Waymo,external,3126522626440597519_806_440_826_440_1511046972998165,0,0,0
1000474,waymo_3126522626440597519_806_440_826_440_1511046973495070,Waymo,external,3126522626440597519_806_440_826_440_1511046973495070,0,0,0
1000475,waymo_3126522626440597519_806_440_826_440_1511046973992517,Waymo,external,3126522626440597519_806_440_826_440_1511046973992517,0,0,0
1000476,waymo_3126522626440597519_806_440_826_440_1511046974489918,Waymo,external,3126522626440597519_806_440_826_440_1511046974489918,0,0,0
1000477,waymo_3126522626440597519_806_440_826_440_1511046974987198,Waymo,external,3126522626440597519_806_440_826_440_1511046974987198,0,0,0
1000478,waymo_2105808889850693535_2295_720_2315_720_1511129111978661,Waymo,external,2105808889850693535_2295_720_2315_720_1511129111978661,0,0,0
1000479,waymo_2105808889850693535_2295_720_2315_720_1511129112478706,Waymo,external,2105808889850693535_2295_720_2315_720_1511129112478706,0,0,0
1000480,waymo_2105808889850693535_2295_720_2315_720_1511129112978895,Waymo,external,2105808889850693535_2295_720_2315_720_1511129112978895,0,0,0
1000481,waymo_2105808889850693535_2295_720_2315_720_1511129113479025,Waymo,external,2105808889850693535_2295_720_2315_720_1511129113479025,0,0,0
1000482,waymo_2105808889850693535_2295_720_2315_720_1511129113978982,Waymo,external,2105808889850693535_2295_720_2315_720_1511129113978982,0,0,0
1000483,waymo_2105808889850693535_2295_720_2315_720_1511129114479027,Waymo,external,2105808889850693535_2295_720_2315_720_1511129114479027,0,0,0
1000484,waymo_2105808889850693535_2295_720_2315_720_1511129114979008,Waymo,external,2105808889850693535_2295_720_2315_720_1511129114979008,0,0,0
1000485,waymo_2105808889850693535_2295_720_2315_720_1511129115479150,Waymo,external,2105808889850693535_2295_720_2315_720_1511129115479150,0,0,0
1000486,waymo_2105808889850693535_2295_720_2315_720_1511129115979075,Waymo,external,2105808889850693535_2295_720_2315_720_1511129115979075,0,0,0
1000487,waymo_2105808889850693535_2295_720_2315_720_1511129116479000,Waymo,external,2105808889850693535_2295_720_2315_720_1511129116479000,0,0,0
1000488,waymo_2105808889850693535_2295_720_2315_720_1511129116978989,Waymo,external,2105808889850693535_2295_720_2315_720_1511129116978989,0,0,0
1000489,waymo_2105808889850693535_2295_720_2315_720_1511129117479025,Waymo,external,2105808889850693535_2295_720_2315_720_1511129117479025,0,0,0
1000490,waymo_2105808889850693535_2295_720_2315_720_1511129117979206,Waymo,external,2105808889850693535_2295_720_2315_720_1511129117979206,0,0,0
1000491,waymo_2105808889850693535_2295_720_2315_720_1511129118479307,Waymo,external,2105808889850693535_2295_720_2315_720_1511129118479307,0,0,0
1000492,waymo_2105808889850693535_2295_720_2315_720_1511129118979456,Waymo,external,2105808889850693535_2295_720_2315_720_1511129118979456,0,0,0
1000493,waymo_2105808889850693535_2295_720_2315_720_1511129119479755,Waymo,external,2105808889850693535_2295_720_2315_720_1511129119479755,0,0,0
1000494,waymo_2105808889850693535_2295_720_2315_720_1511129119979452,Waymo,external,2105808889850693535_2295_720_2315_720_1511129119979452,0,0,0
1000495,waymo_2105808889850693535_2295_720_2315_720_1511129120478938,Waymo,external,2105808889850693535_2295_720_2315_720_1511129120478938,0,0,0
1000496,waymo_2105808889850693535_2295_720_2315_720_1511129120978713,Waymo,external,2105808889850693535_2295_720_2315_720_1511129120978713,0,0,0
1000497,waymo_2105808889850693535_2295_720_2315_720_1511129121478755,Waymo,external,2105808889850693535_2295_720_2315_720_1511129121478755,0,0,0
1000498,waymo_2105808889850693535_2295_720_2315_720_1511129121978849,Waymo,external,2105808889850693535_2295_720_2315_720_1511129121978849,0,0,0
1000499,waymo_2105808889850693535_2295_720_2315_720_1511129122478878,Waymo,external,2105808889850693535_2295_720_2315_720_1511129122478878,0,0,0
1000500,waymo_2105808889850693535_2295_720_2315_720_1511129122978903,Waymo,external,2105808889850693535_2295_720_2315_720_1511129122978903,0,0,0
1000501,waymo_2105808889850693535_2295_720_2315_720_1511129123478873,Waymo,external,2105808889850693535_2295_720_2315_720_1511129123478873,0,0,0
1000502,waymo_2105808889850693535_2295_720_2315_720_1511129123978828,Waymo,external,2105808889850693535_2295_720_2315_720_1511129123978828,0,0,0
1000503,waymo_2105808889850693535_2295_720_2315_720_1511129124478679,Waymo,external,2105808889850693535_2295_720_2315_720_1511129124478679,0,0,0
1000504,waymo_2105808889850693535_2295_720_2315_720_1511129124978535,Waymo,external,2105808889850693535_2295_720_2315_720_1511129124978535,0,0,0
1000505,waymo_2105808889850693535_2295_720_2315_720_1511129125478560,Waymo,external,2105808889850693535_2295_720_2315_720_1511129125478560,0,0,0
1000506,waymo_2105808889850693535_2295_720_2315_720_1511129125978788,Waymo,external,2105808889850693535_2295_720_2315_720_1511129125978788,0,0,0
1000507,waymo_2105808889850693535_2295_720_2315_720_1511129126478948,Waymo,external,2105808889850693535_2295_720_2315_720_1511129126478948,0,0,0
1000508,waymo_2105808889850693535_2295_720_2315_720_1511129126979076,Waymo,external,2105808889850693535_2295_720_2315_720_1511129126979076,0,0,0
1000509,waymo_2105808889850693535_2295_720_2315_720_1511129127479014,Waymo,external,2105808889850693535_2295_720_2315_720_1511129127479014,0,0,0
1000510,waymo_2105808889850693535_2295_720_2315_720_1511129127979137,Waymo,external,2105808889850693535_2295_720_2315_720_1511129127979137,0,0,0
1000511,waymo_2105808889850693535_2295_720_2315_720_1511129128479158,Waymo,external,2105808889850693535_2295_720_2315_720_1511129128479158,0,0,0
1000512,waymo_2105808889850693535_2295_720_2315_720_1511129128979079,Waymo,external,2105808889850693535_2295_720_2315_720_1511129128979079,0,0,0
1000513,waymo_2105808889850693535_2295_720_2315_720_1511129129478987,Waymo,external,2105808889850693535_2295_720_2315_720_1511129129478987,0,0,0
1000514,waymo_2105808889850693535_2295_720_2315_720_1511129129979150,Waymo,external,2105808889850693535_2295_720_2315_720_1511129129979150,0,0,0
1000515,waymo_2105808889850693535_2295_720_2315_720_1511129130479115,Waymo,external,2105808889850693535_2295_720_2315_720_1511129130479115,0,0,0
1000516,waymo_2105808889850693535_2295_720_2315_720_1511129130978854,Waymo,external,2105808889850693535_2295_720_2315_720_1511129130978854,0,0,0
1000517,waymo_2105808889850693535_2295_720_2315_720_1511129131478616,Waymo,external,2105808889850693535_2295_720_2315_720_1511129131478616,0,0,0
1000518,waymo_10289507859301986274_4200_000_4220_000_1557847392672581,Waymo,external,10289507859301986274_4200_000_4220_000_1557847392672581,0,0,0
1000519,waymo_10289507859301986274_4200_000_4220_000_1557847393172585,Waymo,external,10289507859301986274_4200_000_4220_000_1557847393172585,0,0,0
1000520,waymo_10289507859301986274_4200_000_4220_000_1557847393672620,Waymo,external,10289507859301986274_4200_000_4220_000_1557847393672620,0,0,0
1000521,waymo_10289507859301986274_4200_000_4220_000_1557847394172576,Waymo,external,10289507859301986274_4200_000_4220_000_1557847394172576,0,0,0
1000522,waymo_10289507859301986274_4200_000_4220_000_1557847394672600,Waymo,external,10289507859301986274_4200_000_4220_000_1557847394672600,0,0,0
1000523,waymo_10289507859301986274_4200_000_4220_000_1557847395172640,Waymo,external,10289507859301986274_4200_000_4220_000_1557847395172640,0,0,0
1000524,waymo_10289507859301986274_4200_000_4220_000_1557847395672605,Waymo,external,10289507859301986274_4200_000_4220_000_1557847395672605,0,0,0
1000525,waymo_10289507859301986274_4200_000_4220_000_1557847396172563,Waymo,external,10289507859301986274_4200_000_4220_000_1557847396172563,0,0,0
1000526,waymo_10289507859301986274_4200_000_4220_000_1557847396672632,Waymo,external,10289507859301986274_4200_000_4220_000_1557847396672632,0,0,0
1000527,waymo_10289507859301986274_4200_000_4220_000_1557847397172702,Waymo,external,10289507859301986274_4200_000_4220_000_1557847397172702,0,0,0
1000528,waymo_10289507859301986274_4200_000_4220_000_1557847397672777,Waymo,external,10289507859301986274_4200_000_4220_000_1557847397672777,0,0,0
1000529,waymo_10289507859301986274_4200_000_4220_000_1557847398172641,Waymo,external,10289507859301986274_4200_000_4220_000_1557847398172641,0,0,0
1000530,waymo_10289507859301986274_4200_000_4220_000_1557847398672474,Waymo,external,10289507859301986274_4200_000_4220_000_1557847398672474,0,0,0
1000531,waymo_10289507859301986274_4200_000_4220_000_1557847399172389,Waymo,external,10289507859301986274_4200_000_4220_000_1557847399172389,0,0,0
1000532,waymo_10289507859301986274_4200_000_4220_000_1557847399672379,Waymo,external,10289507859301986274_4200_000_4220_000_1557847399672379,0,0,0
1000533,waymo_10289507859301986274_4200_000_4220_000_1557847400172420,Waymo,external,10289507859301986274_4200_000_4220_000_1557847400172420,0,0,0
1000534,waymo_10289507859301986274_4200_000_4220_000_1557847400672475,Waymo,external,10289507859301986274_4200_000_4220_000_1557847400672475,0,0,0
1000535,waymo_10289507859301986274_4200_000_4220_000_1557847401172530,Waymo,external,10289507859301986274_4200_000_4220_000_1557847401172530,0,0,0
1000536,waymo_10289507859301986274_4200_000_4220_000_1557847401672650,Waymo,external,10289507859301986274_4200_000_4220_000_1557847401672650,0,0,0
1000537,waymo_10289507859301986274_4200_000_4220_000_1557847402172646,Waymo,external,10289507859301986274_4200_000_4220_000_1557847402172646,0,0,0
1000538,waymo_10289507859301986274_4200_000_4220_000_1557847402672607,Waymo,external,10289507859301986274_4200_000_4220_000_1557847402672607,0,0,0
1000539,waymo_10289507859301986274_4200_000_4220_000_1557847403172619,Waymo,external,10289507859301986274_4200_000_4220_000_1557847403172619,0,0,0
1000540,waymo_10289507859301986274_4200_000_4220_000_1557847403672617,Waymo,external,10289507859301986274_4200_000_4220_000_1557847403672617,0,0,0
1000541,waymo_10289507859301986274_4200_000_4220_000_1557847404172643,Waymo,external,10289507859301986274_4200_000_4220_000_1557847404172643,0,0,0
1000542,waymo_10289507859301986274_4200_000_4220_000_1557847404672547,Waymo,external,10289507859301986274_4200_000_4220_000_1557847404672547,0,0,0
1000543,waymo_10289507859301986274_4200_000_4220_000_1557847405172436,Waymo,external,10289507859301986274_4200_000_4220_000_1557847405172436,0,0,0
1000544,waymo_10289507859301986274_4200_000_4220_000_1557847405672479,Waymo,external,10289507859301986274_4200_000_4220_000_1557847405672479,0,0,0
1000545,waymo_10289507859301986274_4200_000_4220_000_1557847406172415,Waymo,external,10289507859301986274_4200_000_4220_000_1557847406172415,0,0,0
1000546,waymo_10289507859301986274_4200_000_4220_000_1557847406672419,Waymo,external,10289507859301986274_4200_000_4220_000_1557847406672419,0,0,0
1000547,waymo_10289507859301986274_4200_000_4220_000_1557847407172500,Waymo,external,10289507859301986274_4200_000_4220_000_1557847407172500,0,0,0
1000548,waymo_10289507859301986274_4200_000_4220_000_1557847407672537,Waymo,external,10289507859301986274_4200_000_4220_000_1557847407672537,0,0,0
1000549,waymo_10289507859301986274_4200_000_4220_000_1557847408172459,Waymo,external,10289507859301986274_4200_000_4220_000_1557847408172459,0,0,0
1000550,waymo_10289507859301986274_4200_000_4220_000_1557847408672106,Waymo,external,10289507859301986274_4200_000_4220_000_1557847408672106,0,0,0
1000551,waymo_10289507859301986274_4200_000_4220_000_1557847409172005,Waymo,external,10289507859301986274_4200_000_4220_000_1557847409172005,0,0,0
1000552,waymo_10289507859301986274_4200_000_4220_000_1557847409671967,Waymo,external,10289507859301986274_4200_000_4220_000_1557847409671967,0,0,0
1000553,waymo_10289507859301986274_4200_000_4220_000_1557847410172119,Waymo,external,10289507859301986274_4200_000_4220_000_1557847410172119,0,0,0
1000554,waymo_10289507859301986274_4200_000_4220_000_1557847410672306,Waymo,external,10289507859301986274_4200_000_4220_000_1557847410672306,0,0,0
1000555,waymo_10289507859301986274_4200_000_4220_000_1557847411172351,Waymo,external,10289507859301986274_4200_000_4220_000_1557847411172351,0,0,0
1000556,waymo_10289507859301986274_4200_000_4220_000_1557847411672343,Waymo,external,10289507859301986274_4200_000_4220_000_1557847411672343,0,0,0
1000557,waymo_10289507859301986274_4200_000_4220_000_1557847412172249,Waymo,external,10289507859301986274_4200_000_4220_000_1557847412172249,0,0,0
1000558,waymo_13356997604177841771_3360_000_3380_000_1557267377087332,Waymo,external,13356997604177841771_3360_000_3380_000_1557267377087332,0,0,0
1000559,waymo_13356997604177841771_3360_000_3380_000_1557267377587261,Waymo,external,13356997604177841771_3360_000_3380_000_1557267377587261,0,0,0
1000560,waymo_13356997604177841771_3360_000_3380_000_1557267378087469,Waymo,external,13356997604177841771_3360_000_3380_000_1557267378087469,0,0,0
1000561,waymo_13356997604177841771_3360_000_3380_000_1557267378587691,Waymo,external,13356997604177841771_3360_000_3380_000_1557267378587691,0,0,0
1000562,waymo_13356997604177841771_3360_000_3380_000_1557267379087718,Waymo,external,13356997604177841771_3360_000_3380_000_1557267379087718,0,0,0
1000563,waymo_13356997604177841771_3360_000_3380_000_1557267379587481,Waymo,external,13356997604177841771_3360_000_3380_000_1557267379587481,0,0,0
1000564,waymo_13356997604177841771_3360_000_3380_000_1557267380087192,Waymo,external,13356997604177841771_3360_000_3380_000_1557267380087192,0,0,0
1000565,waymo_13356997604177841771_3360_000_3380_000_1557267380587205,Waymo,external,13356997604177841771_3360_000_3380_000_1557267380587205,0,0,0
1000566,waymo_13356997604177841771_3360_000_3380_000_1557267381087363,Waymo,external,13356997604177841771_3360_000_3380_000_1557267381087363,0,0,0
1000567,waymo_13356997604177841771_3360_000_3380_000_1557267381587525,Waymo,external,13356997604177841771_3360_000_3380_000_1557267381587525,0,0,0
1000568,waymo_13356997604177841771_3360_000_3380_000_1557267382087526,Waymo,external,13356997604177841771_3360_000_3380_000_1557267382087526,0,0,0
1000569,waymo_13356997604177841771_3360_000_3380_000_1557267382587584,Waymo,external,13356997604177841771_3360_000_3380_000_1557267382587584,0,0,0
1000570,waymo_13356997604177841771_3360_000_3380_000_1557267383087635,Waymo,external,13356997604177841771_3360_000_3380_000_1557267383087635,0,0,0
1000571,waymo_13356997604177841771_3360_000_3380_000_1557267383587568,Waymo,external,13356997604177841771_3360_000_3380_000_1557267383587568,0,0,0
1000572,waymo_13356997604177841771_3360_000_3380_000_1557267384087486,Waymo,external,13356997604177841771_3360_000_3380_000_1557267384087486,0,0,0
1000573,waymo_13356997604177841771_3360_000_3380_000_1557267384587702,Waymo,external,13356997604177841771_3360_000_3380_000_1557267384587702,0,0,0
1000574,waymo_13356997604177841771_3360_000_3380_000_1557267385088046,Waymo,external,13356997604177841771_3360_000_3380_000_1557267385088046,0,0,0
1000575,waymo_13356997604177841771_3360_000_3380_000_1557267385588459,Waymo,external,13356997604177841771_3360_000_3380_000_1557267385588459,0,0,0
1000576,waymo_13356997604177841771_3360_000_3380_000_1557267386088565,Waymo,external,13356997604177841771_3360_000_3380_000_1557267386088565,0,0,0
1000577,waymo_13356997604177841771_3360_000_3380_000_1557267386588510,Waymo,external,13356997604177841771_3360_000_3380_000_1557267386588510,0,0,0
1000578,waymo_13356997604177841771_3360_000_3380_000_1557267387088421,Waymo,external,13356997604177841771_3360_000_3380_000_1557267387088421,0,0,0
1000579,waymo_13356997604177841771_3360_000_3380_000_1557267387588378,Waymo,external,13356997604177841771_3360_000_3380_000_1557267387588378,0,0,0
1000580,waymo_13356997604177841771_3360_000_3380_000_1557267388088357,Waymo,external,13356997604177841771_3360_000_3380_000_1557267388088357,0,0,0
1000581,waymo_13356997604177841771_3360_000_3380_000_1557267388588540,Waymo,external,13356997604177841771_3360_000_3380_000_1557267388588540,0,0,0
1000582,waymo_13356997604177841771_3360_000_3380_000_1557267389088584,Waymo,external,13356997604177841771_3360_000_3380_000_1557267389088584,0,0,0
1000583,waymo_13356997604177841771_3360_000_3380_000_1557267389588330,Waymo,external,13356997604177841771_3360_000_3380_000_1557267389588330,0,0,0
1000584,waymo_13356997604177841771_3360_000_3380_000_1557267390088052,Waymo,external,13356997604177841771_3360_000_3380_000_1557267390088052,0,0,0
1000585,waymo_13356997604177841771_3360_000_3380_000_1557267390587932,Waymo,external,13356997604177841771_3360_000_3380_000_1557267390587932,0,0,0
1000586,waymo_13356997604177841771_3360_000_3380_000_1557267391087785,Waymo,external,13356997604177841771_3360_000_3380_000_1557267391087785,0,0,0
1000587,waymo_13356997604177841771_3360_000_3380_000_1557267391587678,Waymo,external,13356997604177841771_3360_000_3380_000_1557267391587678,0,0,0
1000588,waymo_13356997604177841771_3360_000_3380_000_1557267392087628,Waymo,external,13356997604177841771_3360_000_3380_000_1557267392087628,0,0,0
1000589,waymo_13356997604177841771_3360_000_3380_000_1557267392587594,Waymo,external,13356997604177841771_3360_000_3380_000_1557267392587594,0,0,0
1000590,waymo_13356997604177841771_3360_000_3380_000_1557267393087606,Waymo,external,13356997604177841771_3360_000_3380_000_1557267393087606,0,0,0
1000591,waymo_13356997604177841771_3360_000_3380_000_1557267393587645,Waymo,external,13356997604177841771_3360_000_3380_000_1557267393587645,0,0,0
1000592,waymo_13356997604177841771_3360_000_3380_000_1557267394087559,Waymo,external,13356997604177841771_3360_000_3380_000_1557267394087559,0,0,0
1000593,waymo_13356997604177841771_3360_000_3380_000_1557267394587557,Waymo,external,13356997604177841771_3360_000_3380_000_1557267394587557,0,0,0
1000594,waymo_13356997604177841771_3360_000_3380_000_1557267395087510,Waymo,external,13356997604177841771_3360_000_3380_000_1557267395087510,0,0,0
1000595,waymo_13356997604177841771_3360_000_3380_000_1557267395587309,Waymo,external,13356997604177841771_3360_000_3380_000_1557267395587309,0,0,0
1000596,waymo_13356997604177841771_3360_000_3380_000_1557267396087321,Waymo,external,13356997604177841771_3360_000_3380_000_1557267396087321,0,0,0
1000597,waymo_13356997604177841771_3360_000_3380_000_1557267396587372,Waymo,external,13356997604177841771_3360_000_3380_000_1557267396587372,0,0,0
1000598,waymo_30779396576054160_1880_000_1900_000_1557845072664263,Waymo,external,30779396576054160_1880_000_1900_000_1557845072664263,0,0,0
1000599,waymo_30779396576054160_1880_000_1900_000_1557845073164288,Waymo,external,30779396576054160_1880_000_1900_000_1557845073164288,0,0,0
1000600,waymo_30779396576054160_1880_000_1900_000_1557845073664294,Waymo,external,30779396576054160_1880_000_1900_000_1557845073664294,0,0,0
1000601,waymo_30779396576054160_1880_000_1900_000_1557845074164295,Waymo,external,30779396576054160_1880_000_1900_000_1557845074164295,0,0,0
1000602,waymo_30779396576054160_1880_000_1900_000_1557845074664280,Waymo,external,30779396576054160_1880_000_1900_000_1557845074664280,0,0,0
1000603,waymo_30779396576054160_1880_000_1900_000_1557845075164283,Waymo,external,30779396576054160_1880_000_1900_000_1557845075164283,0,0,0
1000604,waymo_30779396576054160_1880_000_1900_000_1557845075664314,Waymo,external,30779396576054160_1880_000_1900_000_1557845075664314,0,0,0
1000605,waymo_30779396576054160_1880_000_1900_000_1557845076164361,Waymo,external,30779396576054160_1880_000_1900_000_1557845076164361,0,0,0
1000606,waymo_30779396576054160_1880_000_1900_000_1557845076664327,Waymo,external,30779396576054160_1880_000_1900_000_1557845076664327,0,0,0
1000607,waymo_30779396576054160_1880_000_1900_000_1557845077164332,Waymo,external,30779396576054160_1880_000_1900_000_1557845077164332,0,0,0
1000608,waymo_30779396576054160_1880_000_1900_000_1557845077664355,Waymo,external,30779396576054160_1880_000_1900_000_1557845077664355,0,0,0
1000609,waymo_30779396576054160_1880_000_1900_000_1557845078164309,Waymo,external,30779396576054160_1880_000_1900_000_1557845078164309,0,0,0
1000610,waymo_30779396576054160_1880_000_1900_000_1557845078664302,Waymo,external,30779396576054160_1880_000_1900_000_1557845078664302,0,0,0
1000611,waymo_30779396576054160_1880_000_1900_000_1557845079164322,Waymo,external,30779396576054160_1880_000_1900_000_1557845079164322,0,0,0
1000612,waymo_30779396576054160_1880_000_1900_000_1557845079664314,Waymo,external,30779396576054160_1880_000_1900_000_1557845079664314,0,0,0
1000613,waymo_30779396576054160_1880_000_1900_000_1557845080164307,Waymo,external,30779396576054160_1880_000_1900_000_1557845080164307,0,0,0
1000614,waymo_30779396576054160_1880_000_1900_000_1557845080664363,Waymo,external,30779396576054160_1880_000_1900_000_1557845080664363,0,0,0
1000615,waymo_30779396576054160_1880_000_1900_000_1557845081164383,Waymo,external,30779396576054160_1880_000_1900_000_1557845081164383,0,0,0
1000616,waymo_30779396576054160_1880_000_1900_000_1557845081664397,Waymo,external,30779396576054160_1880_000_1900_000_1557845081664397,0,0,0
1000617,waymo_30779396576054160_1880_000_1900_000_1557845082164337,Waymo,external,30779396576054160_1880_000_1900_000_1557845082164337,0,0,0
1000618,waymo_30779396576054160_1880_000_1900_000_1557845082664245,Waymo,external,30779396576054160_1880_000_1900_000_1557845082664245,0,0,0
1000619,waymo_30779396576054160_1880_000_1900_000_1557845083164333,Waymo,external,30779396576054160_1880_000_1900_000_1557845083164333,0,0,0
1000620,waymo_30779396576054160_1880_000_1900_000_1557845083664337,Waymo,external,30779396576054160_1880_000_1900_000_1557845083664337,0,0,0
1000621,waymo_30779396576054160_1880_000_1900_000_1557845084164315,Waymo,external,30779396576054160_1880_000_1900_000_1557845084164315,0,0,0
1000622,waymo_30779396576054160_1880_000_1900_000_1557845084664255,Waymo,external,30779396576054160_1880_000_1900_000_1557845084664255,0,0,0
1000623,waymo_30779396576054160_1880_000_1900_000_1557845085164268,Waymo,external,30779396576054160_1880_000_1900_000_1557845085164268,0,0,0
1000624,waymo_30779396576054160_1880_000_1900_000_1557845085664313,Waymo,external,30779396576054160_1880_000_1900_000_1557845085664313,0,0,0
1000625,waymo_30779396576054160_1880_000_1900_000_1557845086164277,Waymo,external,30779396576054160_1880_000_1900_000_1557845086164277,0,0,0
1000626,waymo_30779396576054160_1880_000_1900_000_1557845086664263,Waymo,external,30779396576054160_1880_000_1900_000_1557845086664263,0,0,0
1000627,waymo_30779396576054160_1880_000_1900_000_1557845087164294,Waymo,external,30779396576054160_1880_000_1900_000_1557845087164294,0,0,0
1000628,waymo_30779396576054160_1880_000_1900_000_1557845087664279,Waymo,external,30779396576054160_1880_000_1900_000_1557845087664279,0,0,0
1000629,waymo_30779396576054160_1880_000_1900_000_1557845088164321,Waymo,external,30779396576054160_1880_000_1900_000_1557845088164321,0,0,0
1000630,waymo_30779396576054160_1880_000_1900_000_1557845088664320,Waymo,external,30779396576054160_1880_000_1900_000_1557845088664320,0,0,0
1000631,waymo_30779396576054160_1880_000_1900_000_1557845089164320,Waymo,external,30779396576054160_1880_000_1900_000_1557845089164320,0,0,0
1000632,waymo_30779396576054160_1880_000_1900_000_1557845089664250,Waymo,external,30779396576054160_1880_000_1900_000_1557845089664250,0,0,0
1000633,waymo_30779396576054160_1880_000_1900_000_1557845090164314,Waymo,external,30779396576054160_1880_000_1900_000_1557845090164314,0,0,0
1000634,waymo_30779396576054160_1880_000_1900_000_1557845090664325,Waymo,external,30779396576054160_1880_000_1900_000_1557845090664325,0,0,0
1000635,waymo_30779396576054160_1880_000_1900_000_1557845091164358,Waymo,external,30779396576054160_1880_000_1900_000_1557845091164358,0,0,0
1000636,waymo_30779396576054160_1880_000_1900_000_1557845091664362,Waymo,external,30779396576054160_1880_000_1900_000_1557845091664362,0,0,0
1000637,waymo_30779396576054160_1880_000_1900_000_1557845092164331,Waymo,external,30779396576054160_1880_000_1900_000_1557845092164331,0,0,0
1000638,waymo_3577352947946244999_3980_000_4000_000_1557847172597388,Waymo,external,3577352947946244999_3980_000_4000_000_1557847172597388,0,0,0
1000639,waymo_3577352947946244999_3980_000_4000_000_1557847173097422,Waymo,external,3577352947946244999_3980_000_4000_000_1557847173097422,0,0,0
1000640,waymo_3577352947946244999_3980_000_4000_000_1557847173597426,Waymo,external,3577352947946244999_3980_000_4000_000_1557847173597426,0,0,0
1000641,waymo_3577352947946244999_3980_000_4000_000_1557847174097401,Waymo,external,3577352947946244999_3980_000_4000_000_1557847174097401,0,0,0
1000642,waymo_3577352947946244999_3980_000_4000_000_1557847174597419,Waymo,external,3577352947946244999_3980_000_4000_000_1557847174597419,0,0,0
1000643,waymo_3577352947946244999_3980_000_4000_000_1557847175097426,Waymo,external,3577352947946244999_3980_000_4000_000_1557847175097426,0,0,0
1000644,waymo_3577352947946244999_3980_000_4000_000_1557847175597389,Waymo,external,3577352947946244999_3980_000_4000_000_1557847175597389,0,0,0
1000645,waymo_3577352947946244999_3980_000_4000_000_1557847176097365,Waymo,external,3577352947946244999_3980_000_4000_000_1557847176097365,0,0,0
1000646,waymo_3577352947946244999_3980_000_4000_000_1557847176597399,Waymo,external,3577352947946244999_3980_000_4000_000_1557847176597399,0,0,0
1000647,waymo_3577352947946244999_3980_000_4000_000_1557847177097488,Waymo,external,3577352947946244999_3980_000_4000_000_1557847177097488,0,0,0
1000648,waymo_3577352947946244999_3980_000_4000_000_1557847177597529,Waymo,external,3577352947946244999_3980_000_4000_000_1557847177597529,0,0,0
1000649,waymo_3577352947946244999_3980_000_4000_000_1557847178097471,Waymo,external,3577352947946244999_3980_000_4000_000_1557847178097471,0,0,0
1000650,waymo_3577352947946244999_3980_000_4000_000_1557847178597285,Waymo,external,3577352947946244999_3980_000_4000_000_1557847178597285,0,0,0
1000651,waymo_3577352947946244999_3980_000_4000_000_1557847179097224,Waymo,external,3577352947946244999_3980_000_4000_000_1557847179097224,0,0,0
1000652,waymo_3577352947946244999_3980_000_4000_000_1557847179597308,Waymo,external,3577352947946244999_3980_000_4000_000_1557847179597308,0,0,0
1000653,waymo_3577352947946244999_3980_000_4000_000_1557847180097380,Waymo,external,3577352947946244999_3980_000_4000_000_1557847180097380,0,0,0
1000654,waymo_3577352947946244999_3980_000_4000_000_1557847180597425,Waymo,external,3577352947946244999_3980_000_4000_000_1557847180597425,0,0,0
1000655,waymo_3577352947946244999_3980_000_4000_000_1557847181097330,Waymo,external,3577352947946244999_3980_000_4000_000_1557847181097330,0,0,0
1000656,waymo_3577352947946244999_3980_000_4000_000_1557847181597369,Waymo,external,3577352947946244999_3980_000_4000_000_1557847181597369,0,0,0
1000657,waymo_3577352947946244999_3980_000_4000_000_1557847182097396,Waymo,external,3577352947946244999_3980_000_4000_000_1557847182097396,0,0,0
1000658,waymo_3577352947946244999_3980_000_4000_000_1557847182597364,Waymo,external,3577352947946244999_3980_000_4000_000_1557847182597364,0,0,0
1000659,waymo_3577352947946244999_3980_000_4000_000_1557847183097368,Waymo,external,3577352947946244999_3980_000_4000_000_1557847183097368,0,0,0
1000660,waymo_3577352947946244999_3980_000_4000_000_1557847183597392,Waymo,external,3577352947946244999_3980_000_4000_000_1557847183597392,0,0,0
1000661,waymo_3577352947946244999_3980_000_4000_000_1557847184097476,Waymo,external,3577352947946244999_3980_000_4000_000_1557847184097476,0,0,0
1000662,waymo_3577352947946244999_3980_000_4000_000_1557847184597476,Waymo,external,3577352947946244999_3980_000_4000_000_1557847184597476,0,0,0
1000663,waymo_3577352947946244999_3980_000_4000_000_1557847185097367,Waymo,external,3577352947946244999_3980_000_4000_000_1557847185097367,0,0,0
1000664,waymo_3577352947946244999_3980_000_4000_000_1557847185597336,Waymo,external,3577352947946244999_3980_000_4000_000_1557847185597336,0,0,0
1000665,waymo_3577352947946244999_3980_000_4000_000_1557847186097351,Waymo,external,3577352947946244999_3980_000_4000_000_1557847186097351,0,0,0
1000666,waymo_3577352947946244999_3980_000_4000_000_1557847186597367,Waymo,external,3577352947946244999_3980_000_4000_000_1557847186597367,0,0,0
1000667,waymo_3577352947946244999_3980_000_4000_000_1557847187097363,Waymo,external,3577352947946244999_3980_000_4000_000_1557847187097363,0,0,0
1000668,waymo_3577352947946244999_3980_000_4000_000_1557847187597379,Waymo,external,3577352947946244999_3980_000_4000_000_1557847187597379,0,0,0
1000669,waymo_3577352947946244999_3980_000_4000_000_1557847188097381,Waymo,external,3577352947946244999_3980_000_4000_000_1557847188097381,0,0,0
1000670,waymo_3577352947946244999_3980_000_4000_000_1557847188597385,Waymo,external,3577352947946244999_3980_000_4000_000_1557847188597385,0,0,0
1000671,waymo_3577352947946244999_3980_000_4000_000_1557847189097393,Waymo,external,3577352947946244999_3980_000_4000_000_1557847189097393,0,0,0
1000672,waymo_3577352947946244999_3980_000_4000_000_1557847189597399,Waymo,external,3577352947946244999_3980_000_4000_000_1557847189597399,0,0,0
1000673,waymo_3577352947946244999_3980_000_4000_000_1557847190097397,Waymo,external,3577352947946244999_3980_000_4000_000_1557847190097397,0,0,0
1000674,waymo_3577352947946244999_3980_000_4000_000_1557847190597337,Waymo,external,3577352947946244999_3980_000_4000_000_1557847190597337,0,0,0
1000675,waymo_3577352947946244999_3980_000_4000_000_1557847191097333,Waymo,external,3577352947946244999_3980_000_4000_000_1557847191097333,0,0,0
1000676,waymo_3577352947946244999_3980_000_4000_000_1557847191597394,Waymo,external,3577352947946244999_3980_000_4000_000_1557847191597394,0,0,0
1000677,waymo_3577352947946244999_3980_000_4000_000_1557847192097398,Waymo,external,3577352947946244999_3980_000_4000_000_1557847192097398,0,0,0
1000678,waymo_4690718861228194910_1980_000_2000_000_1552693970249035,Waymo,external,4690718861228194910_1980_000_2000_000_1552693970249035,0,0,0
1000679,waymo_4690718861228194910_1980_000_2000_000_1552693970749078,Waymo,external,4690718861228194910_1980_000_2000_000_1552693970749078,0,0,0
1000680,waymo_4690718861228194910_1980_000_2000_000_1552693971249181,Waymo,external,4690718861228194910_1980_000_2000_000_1552693971249181,0,0,0
1000681,waymo_4690718861228194910_1980_000_2000_000_1552693971749291,Waymo,external,4690718861228194910_1980_000_2000_000_1552693971749291,0,0,0
1000682,waymo_4690718861228194910_1980_000_2000_000_1552693972249331,Waymo,external,4690718861228194910_1980_000_2000_000_1552693972249331,0,0,0
1000683,waymo_4690718861228194910_1980_000_2000_000_1552693972749396,Waymo,external,4690718861228194910_1980_000_2000_000_1552693972749396,0,0,0
1000684,waymo_4690718861228194910_1980_000_2000_000_1552693973249349,Waymo,external,4690718861228194910_1980_000_2000_000_1552693973249349,0,0,0
1000685,waymo_4690718861228194910_1980_000_2000_000_1552693973749276,Waymo,external,4690718861228194910_1980_000_2000_000_1552693973749276,0,0,0
1000686,waymo_4690718861228194910_1980_000_2000_000_1552693974249248,Waymo,external,4690718861228194910_1980_000_2000_000_1552693974249248,0,0,0
1000687,waymo_4690718861228194910_1980_000_2000_000_1552693974749318,Waymo,external,4690718861228194910_1980_000_2000_000_1552693974749318,0,0,0
1000688,waymo_4690718861228194910_1980_000_2000_000_1552693975249396,Waymo,external,4690718861228194910_1980_000_2000_000_1552693975249396,0,0,0
1000689,waymo_4690718861228194910_1980_000_2000_000_1552693975749475,Waymo,external,4690718861228194910_1980_000_2000_000_1552693975749475,0,0,0
1000690,waymo_4690718861228194910_1980_000_2000_000_1552693976249498,Waymo,external,4690718861228194910_1980_000_2000_000_1552693976249498,0,0,0
1000691,waymo_4690718861228194910_1980_000_2000_000_1552693976749413,Waymo,external,4690718861228194910_1980_000_2000_000_1552693976749413,0,0,0
1000692,waymo_4690718861228194910_1980_000_2000_000_1552693977249334,Waymo,external,4690718861228194910_1980_000_2000_000_1552693977249334,0,0,0
1000693,waymo_4690718861228194910_1980_000_2000_000_1552693977749292,Waymo,external,4690718861228194910_1980_000_2000_000_1552693977749292,0,0,0
1000694,waymo_4690718861228194910_1980_000_2000_000_1552693978249305,Waymo,external,4690718861228194910_1980_000_2000_000_1552693978249305,0,0,0
1000695,waymo_4690718861228194910_1980_000_2000_000_1552693978749398,Waymo,external,4690718861228194910_1980_000_2000_000_1552693978749398,0,0,0
1000696,waymo_4690718861228194910_1980_000_2000_000_1552693979249484,Waymo,external,4690718861228194910_1980_000_2000_000_1552693979249484,0,0,0
1000697,waymo_4690718861228194910_1980_000_2000_000_1552693979749409,Waymo,external,4690718861228194910_1980_000_2000_000_1552693979749409,0,0,0
1000698,waymo_4690718861228194910_1980_000_2000_000_1552693980249357,Waymo,external,4690718861228194910_1980_000_2000_000_1552693980249357,0,0,0
1000699,waymo_4690718861228194910_1980_000_2000_000_1552693980749366,Waymo,external,4690718861228194910_1980_000_2000_000_1552693980749366,0,0,0
1000700,waymo_4690718861228194910_1980_000_2000_000_1552693981249460,Waymo,external,4690718861228194910_1980_000_2000_000_1552693981249460,0,0,0
1000701,waymo_4690718861228194910_1980_000_2000_000_1552693981749467,Waymo,external,4690718861228194910_1980_000_2000_000_1552693981749467,0,0,0
1000702,waymo_4690718861228194910_1980_000_2000_000_1552693982249474,Waymo,external,4690718861228194910_1980_000_2000_000_1552693982249474,0,0,0
1000703,waymo_4690718861228194910_1980_000_2000_000_1552693982749472,Waymo,external,4690718861228194910_1980_000_2000_000_1552693982749472,0,0,0
1000704,waymo_4690718861228194910_1980_000_2000_000_1552693983249433,Waymo,external,4690718861228194910_1980_000_2000_000_1552693983249433,0,0,0
1000705,waymo_4690718861228194910_1980_000_2000_000_1552693983749438,Waymo,external,4690718861228194910_1980_000_2000_000_1552693983749438,0,0,0
1000706,waymo_4690718861228194910_1980_000_2000_000_1552693984249382,Waymo,external,4690718861228194910_1980_000_2000_000_1552693984249382,0,0,0
1000707,waymo_4690718861228194910_1980_000_2000_000_1552693984749398,Waymo,external,4690718861228194910_1980_000_2000_000_1552693984749398,0,0,0
1000708,waymo_4690718861228194910_1980_000_2000_000_1552693985249378,Waymo,external,4690718861228194910_1980_000_2000_000_1552693985249378,0,0,0
1000709,waymo_4690718861228194910_1980_000_2000_000_1552693985749361,Waymo,external,4690718861228194910_1980_000_2000_000_1552693985749361,0,0,0
1000710,waymo_4690718861228194910_1980_000_2000_000_1552693986249397,Waymo,external,4690718861228194910_1980_000_2000_000_1552693986249397,0,0,0
1000711,waymo_4690718861228194910_1980_000_2000_000_1552693986749419,Waymo,external,4690718861228194910_1980_000_2000_000_1552693986749419,0,0,0
1000712,waymo_4690718861228194910_1980_000_2000_000_1552693987249418,Waymo,external,4690718861228194910_1980_000_2000_000_1552693987249418,0,0,0
1000713,waymo_4690718861228194910_1980_000_2000_000_1552693987749399,Waymo,external,4690718861228194910_1980_000_2000_000_1552693987749399,0,0,0
1000714,waymo_4690718861228194910_1980_000_2000_000_1552693988249416,Waymo,external,4690718861228194910_1980_000_2000_000_1552693988249416,0,0,0
1000715,waymo_4690718861228194910_1980_000_2000_000_1552693988749330,Waymo,external,4690718861228194910_1980_000_2000_000_1552693988749330,0,0,0
1000716,waymo_4690718861228194910_1980_000_2000_000_1552693989249297,Waymo,external,4690718861228194910_1980_000_2000_000_1552693989249297,0,0,0
1000717,waymo_4690718861228194910_1980_000_2000_000_1552693989749305,Waymo,external,4690718861228194910_1980_000_2000_000_1552693989749305,0,0,0
1000718,waymo_8506432817378693815_4860_000_4880_000_1557857350637092,Waymo,external,8506432817378693815_4860_000_4880_000_1557857350637092,0,0,0
1000719,waymo_8506432817378693815_4860_000_4880_000_1557857351137187,Waymo,external,8506432817378693815_4860_000_4880_000_1557857351137187,0,0,0
1000720,waymo_8506432817378693815_4860_000_4880_000_1557857351637267,Waymo,external,8506432817378693815_4860_000_4880_000_1557857351637267,0,0,0
1000721,waymo_8506432817378693815_4860_000_4880_000_1557857352137355,Waymo,external,8506432817378693815_4860_000_4880_000_1557857352137355,0,0,0
1000722,waymo_8506432817378693815_4860_000_4880_000_1557857352637309,Waymo,external,8506432817378693815_4860_000_4880_000_1557857352637309,0,0,0
1000723,waymo_8506432817378693815_4860_000_4880_000_1557857353136782,Waymo,external,8506432817378693815_4860_000_4880_000_1557857353136782,0,0,0
1000724,waymo_8506432817378693815_4860_000_4880_000_1557857353636054,Waymo,external,8506432817378693815_4860_000_4880_000_1557857353636054,0,0,0
1000725,waymo_8506432817378693815_4860_000_4880_000_1557857354135532,Waymo,external,8506432817378693815_4860_000_4880_000_1557857354135532,0,0,0
1000726,waymo_8506432817378693815_4860_000_4880_000_1557857354635133,Waymo,external,8506432817378693815_4860_000_4880_000_1557857354635133,0,0,0
1000727,waymo_8506432817378693815_4860_000_4880_000_1557857355134877,Waymo,external,8506432817378693815_4860_000_4880_000_1557857355134877,0,0,0
1000728,waymo_8506432817378693815_4860_000_4880_000_1557857355634815,Waymo,external,8506432817378693815_4860_000_4880_000_1557857355634815,0,0,0
1000729,waymo_8506432817378693815_4860_000_4880_000_1557857356134808,Waymo,external,8506432817378693815_4860_000_4880_000_1557857356134808,0,0,0
1000730,waymo_8506432817378693815_4860_000_4880_000_1557857356634947,Waymo,external,8506432817378693815_4860_000_4880_000_1557857356634947,0,0,0
1000731,waymo_8506432817378693815_4860_000_4880_000_1557857357135138,Waymo,external,8506432817378693815_4860_000_4880_000_1557857357135138,0,0,0
1000732,waymo_8506432817378693815_4860_000_4880_000_1557857357635506,Waymo,external,8506432817378693815_4860_000_4880_000_1557857357635506,0,0,0
1000733,waymo_8506432817378693815_4860_000_4880_000_1557857358135995,Waymo,external,8506432817378693815_4860_000_4880_000_1557857358135995,0,0,0
1000734,waymo_8506432817378693815_4860_000_4880_000_1557857358636513,Waymo,external,8506432817378693815_4860_000_4880_000_1557857358636513,0,0,0
1000735,waymo_8506432817378693815_4860_000_4880_000_1557857359136948,Waymo,external,8506432817378693815_4860_000_4880_000_1557857359136948,0,0,0
1000736,waymo_8506432817378693815_4860_000_4880_000_1557857359637183,Waymo,external,8506432817378693815_4860_000_4880_000_1557857359637183,0,0,0
1000737,waymo_8506432817378693815_4860_000_4880_000_1557857360137294,Waymo,external,8506432817378693815_4860_000_4880_000_1557857360137294,0,0,0
1000738,waymo_8506432817378693815_4860_000_4880_000_1557857360637369,Waymo,external,8506432817378693815_4860_000_4880_000_1557857360637369,0,0,0
1000739,waymo_8506432817378693815_4860_000_4880_000_1557857361137300,Waymo,external,8506432817378693815_4860_000_4880_000_1557857361137300,0,0,0
1000740,waymo_8506432817378693815_4860_000_4880_000_1557857361637343,Waymo,external,8506432817378693815_4860_000_4880_000_1557857361637343,0,0,0
1000741,waymo_8506432817378693815_4860_000_4880_000_1557857362137378,Waymo,external,8506432817378693815_4860_000_4880_000_1557857362137378,0,0,0
1000742,waymo_8506432817378693815_4860_000_4880_000_1557857362637395,Waymo,external,8506432817378693815_4860_000_4880_000_1557857362637395,0,0,0
1000743,waymo_8506432817378693815_4860_000_4880_000_1557857363137470,Waymo,external,8506432817378693815_4860_000_4880_000_1557857363137470,0,0,0
1000744,waymo_8506432817378693815_4860_000_4880_000_1557857363637447,Waymo,external,8506432817378693815_4860_000_4880_000_1557857363637447,0,0,0
1000745,waymo_8506432817378693815_4860_000_4880_000_1557857364137450,Waymo,external,8506432817378693815_4860_000_4880_000_1557857364137450,0,0,0
1000746,waymo_8506432817378693815_4860_000_4880_000_1557857364637449,Waymo,external,8506432817378693815_4860_000_4880_000_1557857364637449,0,0,0
1000747,waymo_8506432817378693815_4860_000_4880_000_1557857365137457,Waymo,external,8506432817378693815_4860_000_4880_000_1557857365137457,0,0,0
1000748,waymo_8506432817378693815_4860_000_4880_000_1557857365637432,Waymo,external,8506432817378693815_4860_000_4880_000_1557857365637432,0,0,0
1000749,waymo_8506432817378693815_4860_000_4880_000_1557857366137460,Waymo,external,8506432817378693815_4860_000_4880_000_1557857366137460,0,0,0
1000750,waymo_8506432817378693815_4860_000_4880_000_1557857366637459,Waymo,external,8506432817378693815_4860_000_4880_000_1557857366637459,0,0,0
1000751,waymo_8506432817378693815_4860_000_4880_000_1557857367137450,Waymo,external,8506432817378693815_4860_000_4880_000_1557857367137450,0,0,0
1000752,waymo_8506432817378693815_4860_000_4880_000_1557857367637448,Waymo,external,8506432817378693815_4860_000_4880_000_1557857367637448,0,0,0
1000753,waymo_8506432817378693815_4860_000_4880_000_1557857368137463,Waymo,external,8506432817378693815_4860_000_4880_000_1557857368137463,0,0,0
1000754,waymo_8506432817378693815_4860_000_4880_000_1557857368637470,Waymo,external,8506432817378693815_4860_000_4880_000_1557857368637470,0,0,0
1000755,waymo_8506432817378693815_4860_000_4880_000_1557857369137487,Waymo,external,8506432817378693815_4860_000_4880_000_1557857369137487,0,0,0
1000756,waymo_8506432817378693815_4860_000_4880_000_1557857369637432,Waymo,external,8506432817378693815_4860_000_4880_000_1557857369637432,0,0,0
1000757,waymo_8506432817378693815_4860_000_4880_000_1557857370137196,Waymo,external,8506432817378693815_4860_000_4880_000_1557857370137196,0,0,0
1000758,waymo_933621182106051783_4160_000_4180_000_1543516670272409,Waymo,external,933621182106051783_4160_000_4180_000_1543516670272409,0,0,0
1000759,waymo_933621182106051783_4160_000_4180_000_1543516670772638,Waymo,external,933621182106051783_4160_000_4180_000_1543516670772638,0,0,0
1000760,waymo_933621182106051783_4160_000_4180_000_1543516671272780,Waymo,external,933621182106051783_4160_000_4180_000_1543516671272780,0,0,0
1000761,waymo_933621182106051783_4160_000_4180_000_1543516671772783,Waymo,external,933621182106051783_4160_000_4180_000_1543516671772783,0,0,0
1000762,waymo_933621182106051783_4160_000_4180_000_1543516672272504,Waymo,external,933621182106051783_4160_000_4180_000_1543516672272504,0,0,0
1000763,waymo_933621182106051783_4160_000_4180_000_1543516672772394,Waymo,external,933621182106051783_4160_000_4180_000_1543516672772394,0,0,0
1000764,waymo_933621182106051783_4160_000_4180_000_1543516673272452,Waymo,external,933621182106051783_4160_000_4180_000_1543516673272452,0,0,0
1000765,waymo_933621182106051783_4160_000_4180_000_1543516673772469,Waymo,external,933621182106051783_4160_000_4180_000_1543516673772469,0,0,0
1000766,waymo_933621182106051783_4160_000_4180_000_1543516674272630,Waymo,external,933621182106051783_4160_000_4180_000_1543516674272630,0,0,0
1000767,waymo_933621182106051783_4160_000_4180_000_1543516674772724,Waymo,external,933621182106051783_4160_000_4180_000_1543516674772724,0,0,0
1000768,waymo_933621182106051783_4160_000_4180_000_1543516675272630,Waymo,external,933621182106051783_4160_000_4180_000_1543516675272630,0,0,0
1000769,waymo_933621182106051783_4160_000_4180_000_1543516675772499,Waymo,external,933621182106051783_4160_000_4180_000_1543516675772499,0,0,0
1000770,waymo_933621182106051783_4160_000_4180_000_1543516676272426,Waymo,external,933621182106051783_4160_000_4180_000_1543516676272426,0,0,0
1000771,waymo_933621182106051783_4160_000_4180_000_1543516676772403,Waymo,external,933621182106051783_4160_000_4180_000_1543516676772403,0,0,0
1000772,waymo_933621182106051783_4160_000_4180_000_1543516677272349,Waymo,external,933621182106051783_4160_000_4180_000_1543516677272349,0,0,0
1000773,waymo_933621182106051783_4160_000_4180_000_1543516677772377,Waymo,external,933621182106051783_4160_000_4180_000_1543516677772377,0,0,0
1000774,waymo_933621182106051783_4160_000_4180_000_1543516678272423,Waymo,external,933621182106051783_4160_000_4180_000_1543516678272423,0,0,0
1000775,waymo_933621182106051783_4160_000_4180_000_1543516678772443,Waymo,external,933621182106051783_4160_000_4180_000_1543516678772443,0,0,0
1000776,waymo_933621182106051783_4160_000_4180_000_1543516679272590,Waymo,external,933621182106051783_4160_000_4180_000_1543516679272590,0,0,0
1000777,waymo_933621182106051783_4160_000_4180_000_1543516679772740,Waymo,external,933621182106051783_4160_000_4180_000_1543516679772740,0,0,0
1000778,waymo_933621182106051783_4160_000_4180_000_1543516680272804,Waymo,external,933621182106051783_4160_000_4180_000_1543516680272804,0,0,0
1000779,waymo_933621182106051783_4160_000_4180_000_1543516680772741,Waymo,external,933621182106051783_4160_000_4180_000_1543516680772741,0,0,0
1000780,waymo_933621182106051783_4160_000_4180_000_1543516681272611,Waymo,external,933621182106051783_4160_000_4180_000_1543516681272611,0,0,0
1000781,waymo_933621182106051783_4160_000_4180_000_1543516681772503,Waymo,external,933621182106051783_4160_000_4180_000_1543516681772503,0,0,0
1000782,waymo_933621182106051783_4160_000_4180_000_1543516682272525,Waymo,external,933621182106051783_4160_000_4180_000_1543516682272525,0,0,0
1000783,waymo_933621182106051783_4160_000_4180_000_1543516682772615,Waymo,external,933621182106051783_4160_000_4180_000_1543516682772615,0,0,0
1000784,waymo_933621182106051783_4160_000_4180_000_1543516683272615,Waymo,external,933621182106051783_4160_000_4180_000_1543516683272615,0,0,0
1000785,waymo_933621182106051783_4160_000_4180_000_1543516683772644,Waymo,external,933621182106051783_4160_000_4180_000_1543516683772644,0,0,0
1000786,waymo_933621182106051783_4160_000_4180_000_1543516684272735,Waymo,external,933621182106051783_4160_000_4180_000_1543516684272735,0,0,0
1000787,waymo_933621182106051783_4160_000_4180_000_1543516684772668,Waymo,external,933621182106051783_4160_000_4180_000_1543516684772668,0,0,0
1000788,waymo_933621182106051783_4160_000_4180_000_1543516685272552,Waymo,external,933621182106051783_4160_000_4180_000_1543516685272552,0,0,0
1000789,waymo_933621182106051783_4160_000_4180_000_1543516685772579,Waymo,external,933621182106051783_4160_000_4180_000_1543516685772579,0,0,0
1000790,waymo_933621182106051783_4160_000_4180_000_1543516686272690,Waymo,external,933621182106051783_4160_000_4180_000_1543516686272690,0,0,0
1000791,waymo_933621182106051783_4160_000_4180_000_1543516686772721,Waymo,external,933621182106051783_4160_000_4180_000_1543516686772721,0,0,0
1000792,waymo_933621182106051783_4160_000_4180_000_1543516687272709,Waymo,external,933621182106051783_4160_000_4180_000_1543516687272709,0,0,0
1000793,waymo_933621182106051783_4160_000_4180_000_1543516687772629,Waymo,external,933621182106051783_4160_000_4180_000_1543516687772629,0,0,0
1000794,waymo_933621182106051783_4160_000_4180_000_1543516688272598,Waymo,external,933621182106051783_4160_000_4180_000_1543516688272598,0,0,0
1000795,waymo_933621182106051783_4160_000_4180_000_1543516688772624,Waymo,external,933621182106051783_4160_000_4180_000_1543516688772624,0,0,0
1000796,waymo_933621182106051783_4160_000_4180_000_1543516689272642,Waymo,external,933621182106051783_4160_000_4180_000_1543516689272642,0,0,0
1000797,waymo_933621182106051783_4160_000_4180_000_1543516689772638,Waymo,external,933621182106051783_4160_000_4180_000_1543516689772638,0,0,0
1000798,waymo_10335539493577748957_1372_870_1392_870_1508811445344959,Waymo,external,10335539493577748957_1372_870_1392_870_1508811445344959,0,0,0
1000799,waymo_10335539493577748957_1372_870_1392_870_1508811445844951,Waymo,external,10335539493577748957_1372_870_1392_870_1508811445844951,0,0,0
1000800,waymo_10335539493577748957_1372_870_1392_870_1508811446345017,Waymo,external,10335539493577748957_1372_870_1392_870_1508811446345017,0,0,0
1000801,waymo_10335539493577748957_1372_870_1392_870_1508811446844951,Waymo,external,10335539493577748957_1372_870_1392_870_1508811446844951,0,0,0
1000802,waymo_10335539493577748957_1372_870_1392_870_1508811447344942,Waymo,external,10335539493577748957_1372_870_1392_870_1508811447344942,0,0,0
1000803,waymo_10335539493577748957_1372_870_1392_870_1508811447844906,Waymo,external,10335539493577748957_1372_870_1392_870_1508811447844906,0,0,0
1000804,waymo_10335539493577748957_1372_870_1392_870_1508811448344911,Waymo,external,10335539493577748957_1372_870_1392_870_1508811448344911,0,0,0
1000805,waymo_10335539493577748957_1372_870_1392_870_1508811448844825,Waymo,external,10335539493577748957_1372_870_1392_870_1508811448844825,0,0,0
1000806,waymo_10335539493577748957_1372_870_1392_870_1508811449344893,Waymo,external,10335539493577748957_1372_870_1392_870_1508811449344893,0,0,0
1000807,waymo_10335539493577748957_1372_870_1392_870_1508811449844972,Waymo,external,10335539493577748957_1372_870_1392_870_1508811449844972,0,0,0
1000808,waymo_10335539493577748957_1372_870_1392_870_1508811450345063,Waymo,external,10335539493577748957_1372_870_1392_870_1508811450345063,0,0,0
1000809,waymo_10335539493577748957_1372_870_1392_870_1508811450845190,Waymo,external,10335539493577748957_1372_870_1392_870_1508811450845190,0,0,0
1000810,waymo_10335539493577748957_1372_870_1392_870_1508811451345106,Waymo,external,10335539493577748957_1372_870_1392_870_1508811451345106,0,0,0
1000811,waymo_10335539493577748957_1372_870_1392_870_1508811451845033,Waymo,external,10335539493577748957_1372_870_1392_870_1508811451845033,0,0,0
1000812,waymo_10335539493577748957_1372_870_1392_870_1508811452345020,Waymo,external,10335539493577748957_1372_870_1392_870_1508811452345020,0,0,0
1000813,waymo_10335539493577748957_1372_870_1392_870_1508811452845019,Waymo,external,10335539493577748957_1372_870_1392_870_1508811452845019,0,0,0
1000814,waymo_10335539493577748957_1372_870_1392_870_1508811453345044,Waymo,external,10335539493577748957_1372_870_1392_870_1508811453345044,0,0,0
1000815,waymo_10335539493577748957_1372_870_1392_870_1508811453845049,Waymo,external,10335539493577748957_1372_870_1392_870_1508811453845049,0,0,0
1000816,waymo_10335539493577748957_1372_870_1392_870_1508811454344913,Waymo,external,10335539493577748957_1372_870_1392_870_1508811454344913,0,0,0
1000817,waymo_10335539493577748957_1372_870_1392_870_1508811454844762,Waymo,external,10335539493577748957_1372_870_1392_870_1508811454844762,0,0,0
1000818,waymo_10335539493577748957_1372_870_1392_870_1508811455345053,Waymo,external,10335539493577748957_1372_870_1392_870_1508811455345053,0,0,0
1000819,waymo_10335539493577748957_1372_870_1392_870_1508811455845183,Waymo,external,10335539493577748957_1372_870_1392_870_1508811455845183,0,0,0
1000820,waymo_10335539493577748957_1372_870_1392_870_1508811456345068,Waymo,external,10335539493577748957_1372_870_1392_870_1508811456345068,0,0,0
1000821,waymo_10335539493577748957_1372_870_1392_870_1508811456844784,Waymo,external,10335539493577748957_1372_870_1392_870_1508811456844784,0,0,0
1000822,waymo_10335539493577748957_1372_870_1392_870_1508811457344813,Waymo,external,10335539493577748957_1372_870_1392_870_1508811457344813,0,0,0
1000823,waymo_10335539493577748957_1372_870_1392_870_1508811457845076,Waymo,external,10335539493577748957_1372_870_1392_870_1508811457845076,0,0,0
1000824,waymo_10335539493577748957_1372_870_1392_870_1508811458345335,Waymo,external,10335539493577748957_1372_870_1392_870_1508811458345335,0,0,0
1000825,waymo_10335539493577748957_1372_870_1392_870_1508811458845560,Waymo,external,10335539493577748957_1372_870_1392_870_1508811458845560,0,0,0
1000826,waymo_10335539493577748957_1372_870_1392_870_1508811459345680,Waymo,external,10335539493577748957_1372_870_1392_870_1508811459345680,0,0,0
1000827,waymo_10335539493577748957_1372_870_1392_870_1508811459845679,Waymo,external,10335539493577748957_1372_870_1392_870_1508811459845679,0,0,0
1000828,waymo_10335539493577748957_1372_870_1392_870_1508811460345520,Waymo,external,10335539493577748957_1372_870_1392_870_1508811460345520,0,0,0
1000829,waymo_10335539493577748957_1372_870_1392_870_1508811460845268,Waymo,external,10335539493577748957_1372_870_1392_870_1508811460845268,0,0,0
1000830,waymo_10335539493577748957_1372_870_1392_870_1508811461345058,Waymo,external,10335539493577748957_1372_870_1392_870_1508811461345058,0,0,0
1000831,waymo_10335539493577748957_1372_870_1392_870_1508811461844950,Waymo,external,10335539493577748957_1372_870_1392_870_1508811461844950,0,0,0
1000832,waymo_10335539493577748957_1372_870_1392_870_1508811462345124,Waymo,external,10335539493577748957_1372_870_1392_870_1508811462345124,0,0,0
1000833,waymo_10335539493577748957_1372_870_1392_870_1508811462845211,Waymo,external,10335539493577748957_1372_870_1392_870_1508811462845211,0,0,0
1000834,waymo_10335539493577748957_1372_870_1392_870_1508811463345095,Waymo,external,10335539493577748957_1372_870_1392_870_1508811463345095,0,0,0
1000835,waymo_10335539493577748957_1372_870_1392_870_1508811463844951,Waymo,external,10335539493577748957_1372_870_1392_870_1508811463844951,0,0,0
1000836,waymo_10335539493577748957_1372_870_1392_870_1508811464344768,Waymo,external,10335539493577748957_1372_870_1392_870_1508811464344768,0,0,0
1000837,waymo_10335539493577748957_1372_870_1392_870_1508811464844841,Waymo,external,10335539493577748957_1372_870_1392_870_1508811464844841,0,0,0
1000838,waymo_14107757919671295130_3546_370_3566_370_1511668646159240,Waymo,external,14107757919671295130_3546_370_3566_370_1511668646159240,0,0,0
1000839,waymo_14107757919671295130_3546_370_3566_370_1511668646659096,Waymo,external,14107757919671295130_3546_370_3566_370_1511668646659096,0,0,0
1000840,waymo_14107757919671295130_3546_370_3566_370_1511668647159132,Waymo,external,14107757919671295130_3546_370_3566_370_1511668647159132,0,0,0
1000841,waymo_14107757919671295130_3546_370_3566_370_1511668647659375,Waymo,external,14107757919671295130_3546_370_3566_370_1511668647659375,0,0,0
1000842,waymo_14107757919671295130_3546_370_3566_370_1511668648159810,Waymo,external,14107757919671295130_3546_370_3566_370_1511668648159810,0,0,0
1000843,waymo_14107757919671295130_3546_370_3566_370_1511668648659913,Waymo,external,14107757919671295130_3546_370_3566_370_1511668648659913,0,0,0
1000844,waymo_14107757919671295130_3546_370_3566_370_1511668649159729,Waymo,external,14107757919671295130_3546_370_3566_370_1511668649159729,0,0,0
1000845,waymo_14107757919671295130_3546_370_3566_370_1511668649659544,Waymo,external,14107757919671295130_3546_370_3566_370_1511668649659544,0,0,0
1000846,waymo_14107757919671295130_3546_370_3566_370_1511668650159419,Waymo,external,14107757919671295130_3546_370_3566_370_1511668650159419,0,0,0
1000847,waymo_14107757919671295130_3546_370_3566_370_1511668650659481,Waymo,external,14107757919671295130_3546_370_3566_370_1511668650659481,0,0,0
1000848,waymo_14107757919671295130_3546_370_3566_370_1511668651159403,Waymo,external,14107757919671295130_3546_370_3566_370_1511668651159403,0,0,0
1000849,waymo_14107757919671295130_3546_370_3566_370_1511668651659565,Waymo,external,14107757919671295130_3546_370_3566_370_1511668651659565,0,0,0
1000850,waymo_14107757919671295130_3546_370_3566_370_1511668652259688,Waymo,external,14107757919671295130_3546_370_3566_370_1511668652259688,0,0,0
1000851,waymo_14107757919671295130_3546_370_3566_370_1511668652759681,Waymo,external,14107757919671295130_3546_370_3566_370_1511668652759681,0,0,0
1000852,waymo_14107757919671295130_3546_370_3566_370_1511668653259652,Waymo,external,14107757919671295130_3546_370_3566_370_1511668653259652,0,0,0
1000853,waymo_14107757919671295130_3546_370_3566_370_1511668653759715,Waymo,external,14107757919671295130_3546_370_3566_370_1511668653759715,0,0,0
1000854,waymo_14107757919671295130_3546_370_3566_370_1511668654259714,Waymo,external,14107757919671295130_3546_370_3566_370_1511668654259714,0,0,0
1000855,waymo_14107757919671295130_3546_370_3566_370_1511668654759577,Waymo,external,14107757919671295130_3546_370_3566_370_1511668654759577,0,0,0
1000856,waymo_14107757919671295130_3546_370_3566_370_1511668655259490,Waymo,external,14107757919671295130_3546_370_3566_370_1511668655259490,0,0,0
1000857,waymo_14107757919671295130_3546_370_3566_370_1511668655759468,Waymo,external,14107757919671295130_3546_370_3566_370_1511668655759468,0,0,0
1000858,waymo_14107757919671295130_3546_370_3566_370_1511668656259478,Waymo,external,14107757919671295130_3546_370_3566_370_1511668656259478,0,0,0
1000859,waymo_14107757919671295130_3546_370_3566_370_1511668656759479,Waymo,external,14107757919671295130_3546_370_3566_370_1511668656759479,0,0,0
1000860,waymo_14107757919671295130_3546_370_3566_370_1511668657259687,Waymo,external,14107757919671295130_3546_370_3566_370_1511668657259687,0,0,0
1000861,waymo_14107757919671295130_3546_370_3566_370_1511668657759843,Waymo,external,14107757919671295130_3546_370_3566_370_1511668657759843,0,0,0
1000862,waymo_14107757919671295130_3546_370_3566_370_1511668658259745,Waymo,external,14107757919671295130_3546_370_3566_370_1511668658259745,0,0,0
1000863,waymo_14107757919671295130_3546_370_3566_370_1511668658759576,Waymo,external,14107757919671295130_3546_370_3566_370_1511668658759576,0,0,0
1000864,waymo_14107757919671295130_3546_370_3566_370_1511668659259378,Waymo,external,14107757919671295130_3546_370_3566_370_1511668659259378,0,0,0
1000865,waymo_14107757919671295130_3546_370_3566_370_1511668659759443,Waymo,external,14107757919671295130_3546_370_3566_370_1511668659759443,0,0,0
1000866,waymo_14107757919671295130_3546_370_3566_370_1511668660359692,Waymo,external,14107757919671295130_3546_370_3566_370_1511668660359692,0,0,0
1000867,waymo_14107757919671295130_3546_370_3566_370_1511668660859805,Waymo,external,14107757919671295130_3546_370_3566_370_1511668660859805,0,0,0
1000868,waymo_14107757919671295130_3546_370_3566_370_1511668661359830,Waymo,external,14107757919671295130_3546_370_3566_370_1511668661359830,0,0,0
1000869,waymo_14107757919671295130_3546_370_3566_370_1511668661859935,Waymo,external,14107757919671295130_3546_370_3566_370_1511668661859935,0,0,0
1000870,waymo_14107757919671295130_3546_370_3566_370_1511668662360090,Waymo,external,14107757919671295130_3546_370_3566_370_1511668662360090,0,0,0
1000871,waymo_14107757919671295130_3546_370_3566_370_1511668662860306,Waymo,external,14107757919671295130_3546_370_3566_370_1511668662860306,0,0,0
1000872,waymo_14107757919671295130_3546_370_3566_370_1511668663460651,Waymo,external,14107757919671295130_3546_370_3566_370_1511668663460651,0,0,0
1000873,waymo_14107757919671295130_3546_370_3566_370_1511668663960854,Waymo,external,14107757919671295130_3546_370_3566_370_1511668663960854,0,0,0
1000874,waymo_14107757919671295130_3546_370_3566_370_1511668664560812,Waymo,external,14107757919671295130_3546_370_3566_370_1511668664560812,0,0,0
1000875,waymo_14107757919671295130_3546_370_3566_370_1511668665060789,Waymo,external,14107757919671295130_3546_370_3566_370_1511668665060789,0,0,0
1000876,waymo_14107757919671295130_3546_370_3566_370_1511668665560742,Waymo,external,14107757919671295130_3546_370_3566_370_1511668665560742,0,0,0
1000877,waymo_8679184381783013073_7740_000_7760_000_1541816058898881,Waymo,external,8679184381783013073_7740_000_7760_000_1541816058898881,0,0,0
1000878,waymo_8679184381783013073_7740_000_7760_000_1541816059398880,Waymo,external,8679184381783013073_7740_000_7760_000_1541816059398880,0,0,0
1000879,waymo_8679184381783013073_7740_000_7760_000_1541816059898872,Waymo,external,8679184381783013073_7740_000_7760_000_1541816059898872,0,0,0
1000880,waymo_8679184381783013073_7740_000_7760_000_1541816060398842,Waymo,external,8679184381783013073_7740_000_7760_000_1541816060398842,0,0,0
1000881,waymo_8679184381783013073_7740_000_7760_000_1541816060898879,Waymo,external,8679184381783013073_7740_000_7760_000_1541816060898879,0,0,0
1000882,waymo_8679184381783013073_7740_000_7760_000_1541816061398873,Waymo,external,8679184381783013073_7740_000_7760_000_1541816061398873,0,0,0
1000883,waymo_8679184381783013073_7740_000_7760_000_1541816061898859,Waymo,external,8679184381783013073_7740_000_7760_000_1541816061898859,0,0,0
1000884,waymo_8679184381783013073_7740_000_7760_000_1541816062398872,Waymo,external,8679184381783013073_7740_000_7760_000_1541816062398872,0,0,0
1000885,waymo_8679184381783013073_7740_000_7760_000_1541816062898937,Waymo,external,8679184381783013073_7740_000_7760_000_1541816062898937,0,0,0
1000886,waymo_8679184381783013073_7740_000_7760_000_1541816063398943,Waymo,external,8679184381783013073_7740_000_7760_000_1541816063398943,0,0,0
1000887,waymo_8679184381783013073_7740_000_7760_000_1541816063898909,Waymo,external,8679184381783013073_7740_000_7760_000_1541816063898909,0,0,0
1000888,waymo_8679184381783013073_7740_000_7760_000_1541816064398870,Waymo,external,8679184381783013073_7740_000_7760_000_1541816064398870,0,0,0
1000889,waymo_8679184381783013073_7740_000_7760_000_1541816064898889,Waymo,external,8679184381783013073_7740_000_7760_000_1541816064898889,0,0,0
1000890,waymo_8679184381783013073_7740_000_7760_000_1541816065398891,Waymo,external,8679184381783013073_7740_000_7760_000_1541816065398891,0,0,0
1000891,waymo_8679184381783013073_7740_000_7760_000_1541816065898902,Waymo,external,8679184381783013073_7740_000_7760_000_1541816065898902,0,0,0
1000892,waymo_8679184381783013073_7740_000_7760_000_1541816066398894,Waymo,external,8679184381783013073_7740_000_7760_000_1541816066398894,0,0,0
1000893,waymo_8679184381783013073_7740_000_7760_000_1541816066898908,Waymo,external,8679184381783013073_7740_000_7760_000_1541816066898908,0,0,0
1000894,waymo_8679184381783013073_7740_000_7760_000_1541816067398885,Waymo,external,8679184381783013073_7740_000_7760_000_1541816067398885,0,0,0
1000895,waymo_8679184381783013073_7740_000_7760_000_1541816067898879,Waymo,external,8679184381783013073_7740_000_7760_000_1541816067898879,0,0,0
1000896,waymo_8679184381783013073_7740_000_7760_000_1541816068398899,Waymo,external,8679184381783013073_7740_000_7760_000_1541816068398899,0,0,0
1000897,waymo_8679184381783013073_7740_000_7760_000_1541816068898971,Waymo,external,8679184381783013073_7740_000_7760_000_1541816068898971,0,0,0
1000898,waymo_8679184381783013073_7740_000_7760_000_1541816069399108,Waymo,external,8679184381783013073_7740_000_7760_000_1541816069399108,0,0,0
1000899,waymo_8679184381783013073_7740_000_7760_000_1541816069899089,Waymo,external,8679184381783013073_7740_000_7760_000_1541816069899089,0,0,0
1000900,waymo_8679184381783013073_7740_000_7760_000_1541816070398965,Waymo,external,8679184381783013073_7740_000_7760_000_1541816070398965,0,0,0
1000901,waymo_8679184381783013073_7740_000_7760_000_1541816070898763,Waymo,external,8679184381783013073_7740_000_7760_000_1541816070898763,0,0,0
1000902,waymo_8679184381783013073_7740_000_7760_000_1541816071398596,Waymo,external,8679184381783013073_7740_000_7760_000_1541816071398596,0,0,0
1000903,waymo_8679184381783013073_7740_000_7760_000_1541816071898424,Waymo,external,8679184381783013073_7740_000_7760_000_1541816071898424,0,0,0
1000904,waymo_8679184381783013073_7740_000_7760_000_1541816072398463,Waymo,external,8679184381783013073_7740_000_7760_000_1541816072398463,0,0,0
1000905,waymo_8679184381783013073_7740_000_7760_000_1541816072898499,Waymo,external,8679184381783013073_7740_000_7760_000_1541816072898499,0,0,0
1000906,waymo_8679184381783013073_7740_000_7760_000_1541816073398463,Waymo,external,8679184381783013073_7740_000_7760_000_1541816073398463,0,0,0
1000907,waymo_8679184381783013073_7740_000_7760_000_1541816073898483,Waymo,external,8679184381783013073_7740_000_7760_000_1541816073898483,0,0,0
1000908,waymo_8679184381783013073_7740_000_7760_000_1541816074398574,Waymo,external,8679184381783013073_7740_000_7760_000_1541816074398574,0,0,0
1000909,waymo_8679184381783013073_7740_000_7760_000_1541816074898668,Waymo,external,8679184381783013073_7740_000_7760_000_1541816074898668,0,0,0
1000910,waymo_8679184381783013073_7740_000_7760_000_1541816075398659,Waymo,external,8679184381783013073_7740_000_7760_000_1541816075398659,0,0,0
1000911,waymo_8679184381783013073_7740_000_7760_000_1541816075898538,Waymo,external,8679184381783013073_7740_000_7760_000_1541816075898538,0,0,0
1000912,waymo_8679184381783013073_7740_000_7760_000_1541816076398472,Waymo,external,8679184381783013073_7740_000_7760_000_1541816076398472,0,0,0
1000913,waymo_8679184381783013073_7740_000_7760_000_1541816076898511,Waymo,external,8679184381783013073_7740_000_7760_000_1541816076898511,0,0,0
1000914,waymo_8679184381783013073_7740_000_7760_000_1541816077398587,Waymo,external,8679184381783013073_7740_000_7760_000_1541816077398587,0,0,0
1000915,waymo_8679184381783013073_7740_000_7760_000_1541816077898596,Waymo,external,8679184381783013073_7740_000_7760_000_1541816077898596,0,0,0
1000916,waymo_8679184381783013073_7740_000_7760_000_1541816078398599,Waymo,external,8679184381783013073_7740_000_7760_000_1541816078398599,0,0,0
1000917,waymo_11660186733224028707_420_000_440_000_1541042907272599,Waymo,external,11660186733224028707_420_000_440_000_1541042907272599,0,0,0
1000918,waymo_11660186733224028707_420_000_440_000_1541042907772381,Waymo,external,11660186733224028707_420_000_440_000_1541042907772381,0,0,0
1000919,waymo_11660186733224028707_420_000_440_000_1541042908272321,Waymo,external,11660186733224028707_420_000_440_000_1541042908272321,0,0,0
1000920,waymo_11660186733224028707_420_000_440_000_1541042908772365,Waymo,external,11660186733224028707_420_000_440_000_1541042908772365,0,0,0
1000921,waymo_11660186733224028707_420_000_440_000_1541042909272480,Waymo,external,11660186733224028707_420_000_440_000_1541042909272480,0,0,0
1000922,waymo_11660186733224028707_420_000_440_000_1541042909772546,Waymo,external,11660186733224028707_420_000_440_000_1541042909772546,0,0,0
1000923,waymo_11660186733224028707_420_000_440_000_1541042910272433,Waymo,external,11660186733224028707_420_000_440_000_1541042910272433,0,0,0
1000924,waymo_11660186733224028707_420_000_440_000_1541042910772363,Waymo,external,11660186733224028707_420_000_440_000_1541042910772363,0,0,0
1000925,waymo_11660186733224028707_420_000_440_000_1541042911272318,Waymo,external,11660186733224028707_420_000_440_000_1541042911272318,0,0,0
1000926,waymo_11660186733224028707_420_000_440_000_1541042911772381,Waymo,external,11660186733224028707_420_000_440_000_1541042911772381,0,0,0
1000927,waymo_11660186733224028707_420_000_440_000_1541042912272409,Waymo,external,11660186733224028707_420_000_440_000_1541042912272409,0,0,0
1000928,waymo_11660186733224028707_420_000_440_000_1541042912872339,Waymo,external,11660186733224028707_420_000_440_000_1541042912872339,0,0,0
1000929,waymo_11660186733224028707_420_000_440_000_1541042913372258,Waymo,external,11660186733224028707_420_000_440_000_1541042913372258,0,0,0
1000930,waymo_11660186733224028707_420_000_440_000_1541042913872330,Waymo,external,11660186733224028707_420_000_440_000_1541042913872330,0,0,0
1000931,waymo_11660186733224028707_420_000_440_000_1541042914372479,Waymo,external,11660186733224028707_420_000_440_000_1541042914372479,0,0,0
1000932,waymo_11660186733224028707_420_000_440_000_1541042914872504,Waymo,external,11660186733224028707_420_000_440_000_1541042914872504,0,0,0
1000933,waymo_11660186733224028707_420_000_440_000_1541042915372483,Waymo,external,11660186733224028707_420_000_440_000_1541042915372483,0,0,0
1000934,waymo_11660186733224028707_420_000_440_000_1541042915872471,Waymo,external,11660186733224028707_420_000_440_000_1541042915872471,0,0,0
1000935,waymo_11660186733224028707_420_000_440_000_1541042916372443,Waymo,external,11660186733224028707_420_000_440_000_1541042916372443,0,0,0
1000936,waymo_11660186733224028707_420_000_440_000_1541042916872424,Waymo,external,11660186733224028707_420_000_440_000_1541042916872424,0,0,0
1000937,waymo_11660186733224028707_420_000_440_000_1541042917372449,Waymo,external,11660186733224028707_420_000_440_000_1541042917372449,0,0,0
1000938,waymo_11660186733224028707_420_000_440_000_1541042917872402,Waymo,external,11660186733224028707_420_000_440_000_1541042917872402,0,0,0
1000939,waymo_11660186733224028707_420_000_440_000_1541042918372390,Waymo,external,11660186733224028707_420_000_440_000_1541042918372390,0,0,0
1000940,waymo_11660186733224028707_420_000_440_000_1541042918872440,Waymo,external,11660186733224028707_420_000_440_000_1541042918872440,0,0,0
1000941,waymo_11660186733224028707_420_000_440_000_1541042919372406,Waymo,external,11660186733224028707_420_000_440_000_1541042919372406,0,0,0
1000942,waymo_11660186733224028707_420_000_440_000_1541042919872294,Waymo,external,11660186733224028707_420_000_440_000_1541042919872294,0,0,0
1000943,waymo_11660186733224028707_420_000_440_000_1541042920372242,Waymo,external,11660186733224028707_420_000_440_000_1541042920372242,0,0,0
1000944,waymo_11660186733224028707_420_000_440_000_1541042920872363,Waymo,external,11660186733224028707_420_000_440_000_1541042920872363,0,0,0
1000945,waymo_11660186733224028707_420_000_440_000_1541042921372457,Waymo,external,11660186733224028707_420_000_440_000_1541042921372457,0,0,0
1000946,waymo_11660186733224028707_420_000_440_000_1541042921872459,Waymo,external,11660186733224028707_420_000_440_000_1541042921872459,0,0,0
1000947,waymo_11660186733224028707_420_000_440_000_1541042922372334,Waymo,external,11660186733224028707_420_000_440_000_1541042922372334,0,0,0
1000948,waymo_11660186733224028707_420_000_440_000_1541042922872204,Waymo,external,11660186733224028707_420_000_440_000_1541042922872204,0,0,0
1000949,waymo_11660186733224028707_420_000_440_000_1541042923372267,Waymo,external,11660186733224028707_420_000_440_000_1541042923372267,0,0,0
1000950,waymo_11660186733224028707_420_000_440_000_1541042923872337,Waymo,external,11660186733224028707_420_000_440_000_1541042923872337,0,0,0
1000951,waymo_11660186733224028707_420_000_440_000_1541042924372453,Waymo,external,11660186733224028707_420_000_440_000_1541042924372453,0,0,0
1000952,waymo_11660186733224028707_420_000_440_000_1541042924872372,Waymo,external,11660186733224028707_420_000_440_000_1541042924872372,0,0,0
1000953,waymo_11660186733224028707_420_000_440_000_1541042925372250,Waymo,external,11660186733224028707_420_000_440_000_1541042925372250,0,0,0
1000954,waymo_11660186733224028707_420_000_440_000_1541042925872089,Waymo,external,11660186733224028707_420_000_440_000_1541042925872089,0,0,0
1000955,waymo_11660186733224028707_420_000_440_000_1541042926372139,Waymo,external,11660186733224028707_420_000_440_000_1541042926372139,0,0,0
1000956,waymo_11660186733224028707_420_000_440_000_1541042926872276,Waymo,external,11660186733224028707_420_000_440_000_1541042926872276,0,0,0
1000957,waymo_14300007604205869133_1160_000_1180_000_1544753125275130,Waymo,external,14300007604205869133_1160_000_1180_000_1544753125275130,0,0,0
1000958,waymo_14300007604205869133_1160_000_1180_000_1544753125775567,Waymo,external,14300007604205869133_1160_000_1180_000_1544753125775567,0,0,0
1000959,waymo_14300007604205869133_1160_000_1180_000_1544753126275830,Waymo,external,14300007604205869133_1160_000_1180_000_1544753126275830,0,0,0
1000960,waymo_14300007604205869133_1160_000_1180_000_1544753126775776,Waymo,external,14300007604205869133_1160_000_1180_000_1544753126775776,0,0,0
1000961,waymo_14300007604205869133_1160_000_1180_000_1544753127275736,Waymo,external,14300007604205869133_1160_000_1180_000_1544753127275736,0,0,0
1000962,waymo_14300007604205869133_1160_000_1180_000_1544753127775376,Waymo,external,14300007604205869133_1160_000_1180_000_1544753127775376,0,0,0
1000963,waymo_14300007604205869133_1160_000_1180_000_1544753128274997,Waymo,external,14300007604205869133_1160_000_1180_000_1544753128274997,0,0,0
1000964,waymo_14300007604205869133_1160_000_1180_000_1544753128774321,Waymo,external,14300007604205869133_1160_000_1180_000_1544753128774321,0,0,0
1000965,waymo_14300007604205869133_1160_000_1180_000_1544753129273865,Waymo,external,14300007604205869133_1160_000_1180_000_1544753129273865,0,0,0
1000966,waymo_14300007604205869133_1160_000_1180_000_1544753129773621,Waymo,external,14300007604205869133_1160_000_1180_000_1544753129773621,0,0,0
1000967,waymo_14300007604205869133_1160_000_1180_000_1544753130273617,Waymo,external,14300007604205869133_1160_000_1180_000_1544753130273617,0,0,0
1000968,waymo_14300007604205869133_1160_000_1180_000_1544753130773776,Waymo,external,14300007604205869133_1160_000_1180_000_1544753130773776,0,0,0
1000969,waymo_14300007604205869133_1160_000_1180_000_1544753131273873,Waymo,external,14300007604205869133_1160_000_1180_000_1544753131273873,0,0,0
1000970,waymo_14300007604205869133_1160_000_1180_000_1544753131773860,Waymo,external,14300007604205869133_1160_000_1180_000_1544753131773860,0,0,0
1000971,waymo_14300007604205869133_1160_000_1180_000_1544753132273803,Waymo,external,14300007604205869133_1160_000_1180_000_1544753132273803,0,0,0
1000972,waymo_14300007604205869133_1160_000_1180_000_1544753132773773,Waymo,external,14300007604205869133_1160_000_1180_000_1544753132773773,0,0,0
1000973,waymo_14300007604205869133_1160_000_1180_000_1544753133273761,Waymo,external,14300007604205869133_1160_000_1180_000_1544753133273761,0,0,0
1000974,waymo_14300007604205869133_1160_000_1180_000_1544753133773698,Waymo,external,14300007604205869133_1160_000_1180_000_1544753133773698,0,0,0
1000975,waymo_14300007604205869133_1160_000_1180_000_1544753134273660,Waymo,external,14300007604205869133_1160_000_1180_000_1544753134273660,0,0,0
1000976,waymo_14300007604205869133_1160_000_1180_000_1544753134773653,Waymo,external,14300007604205869133_1160_000_1180_000_1544753134773653,0,0,0
1000977,waymo_14300007604205869133_1160_000_1180_000_1544753135273607,Waymo,external,14300007604205869133_1160_000_1180_000_1544753135273607,0,0,0
1000978,waymo_14300007604205869133_1160_000_1180_000_1544753135773631,Waymo,external,14300007604205869133_1160_000_1180_000_1544753135773631,0,0,0
1000979,waymo_14300007604205869133_1160_000_1180_000_1544753136273702,Waymo,external,14300007604205869133_1160_000_1180_000_1544753136273702,0,0,0
1000980,waymo_14300007604205869133_1160_000_1180_000_1544753136773763,Waymo,external,14300007604205869133_1160_000_1180_000_1544753136773763,0,0,0
1000981,waymo_14300007604205869133_1160_000_1180_000_1544753137273857,Waymo,external,14300007604205869133_1160_000_1180_000_1544753137273857,0,0,0
1000982,waymo_14300007604205869133_1160_000_1180_000_1544753137773912,Waymo,external,14300007604205869133_1160_000_1180_000_1544753137773912,0,0,0
1000983,waymo_14300007604205869133_1160_000_1180_000_1544753138273784,Waymo,external,14300007604205869133_1160_000_1180_000_1544753138273784,0,0,0
1000984,waymo_14300007604205869133_1160_000_1180_000_1544753138773662,Waymo,external,14300007604205869133_1160_000_1180_000_1544753138773662,0,0,0
1000985,waymo_14300007604205869133_1160_000_1180_000_1544753139273611,Waymo,external,14300007604205869133_1160_000_1180_000_1544753139273611,0,0,0
1000986,waymo_14300007604205869133_1160_000_1180_000_1544753139773616,Waymo,external,14300007604205869133_1160_000_1180_000_1544753139773616,0,0,0
1000987,waymo_14300007604205869133_1160_000_1180_000_1544753140273641,Waymo,external,14300007604205869133_1160_000_1180_000_1544753140273641,0,0,0
1000988,waymo_14300007604205869133_1160_000_1180_000_1544753140773668,Waymo,external,14300007604205869133_1160_000_1180_000_1544753140773668,0,0,0
1000989,waymo_14300007604205869133_1160_000_1180_000_1544753141273685,Waymo,external,14300007604205869133_1160_000_1180_000_1544753141273685,0,0,0
1000990,waymo_14300007604205869133_1160_000_1180_000_1544753141773695,Waymo,external,14300007604205869133_1160_000_1180_000_1544753141773695,0,0,0
1000991,waymo_14300007604205869133_1160_000_1180_000_1544753142273724,Waymo,external,14300007604205869133_1160_000_1180_000_1544753142273724,0,0,0
1000992,waymo_14300007604205869133_1160_000_1180_000_1544753142773716,Waymo,external,14300007604205869133_1160_000_1180_000_1544753142773716,0,0,0
1000993,waymo_14300007604205869133_1160_000_1180_000_1544753143273703,Waymo,external,14300007604205869133_1160_000_1180_000_1544753143273703,0,0,0
1000994,waymo_14300007604205869133_1160_000_1180_000_1544753143773742,Waymo,external,14300007604205869133_1160_000_1180_000_1544753143773742,0,0,0
1000995,waymo_14300007604205869133_1160_000_1180_000_1544753144273740,Waymo,external,14300007604205869133_1160_000_1180_000_1544753144273740,0,0,0
1000996,waymo_14300007604205869133_1160_000_1180_000_1544753144773721,Waymo,external,14300007604205869133_1160_000_1180_000_1544753144773721,0,0,0
