candidate_type,dataset,detector,image_id,image_path,risk_level,analysis_class_name,gt_class_name,pred_class_name,object_size_bin,score,iou,best_same_class_iou,best_wrong_class_iou,priority,gt_x1,gt_y1,gt_x2,gt_y2,pred_x1,pred_y1,pred_x2,pred_y2,image_width,image_height,total_gt_in_image,total_predictions_in_image
class_confusion,waymo,retinanet,2736377008667623133_2676_410_2696_410_1511721511500703,data\processed\milestone_3\images\waymo\external\2736377008667623133_2676_410_2696_410_1511721511500703.png,high,Cyclist,Cyclist,Pedestrian,small,0.90044975,0.89612,0.0,0.89612,5.54657,312.848,342.294,323.374,369.052,312.293,341.644,323.177,368.607,640,640,3,1
class_confusion,waymo,retinanet,10289507859301986274_4200_000_4220_000_1557847403172619,data\processed\milestone_3\images\waymo\external\10289507859301986274_4200_000_4220_000_1557847403172619.png,high,Pedestrian,Pedestrian,Cyclist,small,0.99967253,0.75792,0.0,0.75792,5.507593,0.0,313.323,9.684,347.456,0.0,307.679,10.422,349.528,640,640,34,13
class_confusion,waymo,faster_rcnn,13356997604177841771_3360_000_3380_000_1557267390587932,data\processed\milestone_3\images\waymo\external\13356997604177841771_3360_000_3380_000_1557267390587932.png,high,Cyclist,Cyclist,Pedestrian,medium,0.97835469,0.734737,0.0,0.734737,5.463092,393.689,331.69,422.742,414.211,396.518,329.52,427.06,410.217,640,640,46,22
class_confusion,waymo,retinanet,9041488218266405018_6454_030_6474_030_1508979397226001,data\processed\milestone_3\images\waymo\external\9041488218266405018_6454_030_6474_030_1508979397226001.png,high,Cyclist,Cyclist,Pedestrian,small,0.93331403,0.777076,0.0,0.777076,5.46039,443.587,338.712,457.903,373.055,445.016,335.63,458.626,373.869,640,640,13,4
class_confusion,waymo,retinanet,2736377008667623133_2676_410_2696_410_1511721511000845,data\processed\milestone_3\images\waymo\external\2736377008667623133_2676_410_2696_410_1511721511000845.png,high,Cyclist,Cyclist,Pedestrian,small,0.98012239,0.727833,0.0,0.727833,5.457955,321.058,339.766,331.585,366.524,322.272,343.364,331.387,365.857,640,640,3,1
class_confusion,waymo,faster_rcnn,13356997604177841771_3360_000_3380_000_1557267389588330,data\processed\milestone_3\images\waymo\external\13356997604177841771_3360_000_3380_000_1557267389588330.png,high,Cyclist,Cyclist,Pedestrian,medium,0.98428857,0.695095,0.0,0.695095,5.429384,378.428,338.185,407.691,419.935,377.976,324.573,413.54,418.532,640,640,43,18
class_confusion,waymo,faster_rcnn,4690718861228194910_1980_000_2000_000_1552693987749399,data\processed\milestone_3\images\waymo\external\4690718861228194910_1980_000_2000_000_1552693987749399.png,high,Pedestrian,Pedestrian,Cyclist,small,0.99922955,0.677116,0.0,0.677116,5.426346,0.421,341.662,16.842,384.854,0.953,344.728,19.915,390.604,640,640,37,11
class_confusion,waymo,retinanet,2105808889850693535_2295_720_2315_720_1511129122978903,data\processed\milestone_3\images\waymo\external\2105808889850693535_2295_720_2315_720_1511129122978903.png,high,Pedestrian,Pedestrian,Cyclist,small,0.83543062,0.836546,0.0,0.836546,5.421977,466.956,330.916,477.482,355.989,467.095,333.044,478.391,355.98,640,640,12,2
class_confusion,waymo,faster_rcnn,13356997604177841771_3360_000_3380_000_1557267395087510,data\processed\milestone_3\images\waymo\external\13356997604177841771_3360_000_3380_000_1557267395087510.png,high,Cyclist,Cyclist,Pedestrian,medium,0.99749243,0.666791,0.0,0.666791,5.414283,394.981,324.148,418.981,403.843,392.069,315.51,424.087,402.402,640,640,33,24
class_confusion,waymo,retinanet,13356997604177841771_3360_000_3380_000_1557267395587309,data\processed\milestone_3\images\waymo\external\13356997604177841771_3360_000_3380_000_1557267395587309.png,high,Cyclist,Cyclist,Pedestrian,medium,0.998285,0.661973,0.0,0.661973,5.410258,400.639,322.699,424.639,406.345,398.764,315.499,430.699,410.463,640,640,28,13
class_confusion,waymo,faster_rcnn,6324079979569135086_2372_300_2392_300_1506988295759068,data\processed\milestone_3\images\waymo\external\6324079979569135086_2372_300_2392_300_1506988295759068.png,high,Cyclist,Cyclist,Pedestrian,small,0.99315923,0.649828,0.0,0.649828,5.392987,57.58,333.761,70.843,361.994,58.924,330.22,68.89,360.479,640,640,36,14
class_confusion,waymo,faster_rcnn,2105808889850693535_2295_720_2315_720_1511129122478878,data\processed\milestone_3\images\waymo\external\2105808889850693535_2295_720_2315_720_1511129122478878.png,high,Pedestrian,Pedestrian,Cyclist,small,0.9961527,0.645113,0.0,0.645113,5.391266,444.218,329.968,454.324,351.459,444.386,329.229,458.665,350.552,640,640,12,7
class_confusion,waymo,faster_rcnn,14931160836268555821_5778_870_5798_870_1507338354131264,data\processed\milestone_3\images\waymo\external\14931160836268555821_5778_870_5798_870_1507338354131264.png,high,Pedestrian,Pedestrian,Cyclist,small,0.99929917,0.633145,0.0,0.633145,5.382444,369.48,322.594,388.849,365.576,362.358,324.686,390.928,363.608,640,640,4,5
class_confusion,waymo,retinanet,8506432817378693815_4860_000_4880_000_1557857366137460,data\processed\milestone_3\images\waymo\external\8506432817378693815_4860_000_4880_000_1557857366137460.png,high,Pedestrian,Pedestrian,Cyclist,small,0.96406001,0.665591,0.0,0.665591,5.379651,1.263,325.649,10.948,357.885,0.0,317.243,11.043,356.352,640,640,53,19
class_confusion,waymo,faster_rcnn,9041488218266405018_6454_030_6474_030_1508979407815136,data\processed\milestone_3\images\waymo\external\9041488218266405018_6454_030_6474_030_1508979407815136.png,high,Pedestrian,Pedestrian,Cyclist,small,0.88502085,0.727163,0.0,0.727163,5.362184,351.323,340.029,366.797,377.217,346.722,340.232,367.217,375.624,640,640,5,10
class_confusion,waymo,retinanet,2736377008667623133_2676_410_2696_410_1511721512999749,data\processed\milestone_3\images\waymo\external\2736377008667623133_2676_410_2696_410_1511721512999749.png,high,Cyclist,Cyclist,Pedestrian,small,0.92770499,0.671089,0.0,0.671089,5.348794,304.005,344.928,315.374,376.11,305.169,344.012,318.553,375.424,640,640,3,2
class_confusion,waymo,faster_rcnn,13356997604177841771_3360_000_3380_000_1557267393087606,data\processed\milestone_3\images\waymo\external\13356997604177841771_3360_000_3380_000_1557267393087606.png,high,Cyclist,Cyclist,Pedestrian,medium,0.99530268,0.597418,0.0,0.597418,5.342721,404.549,322.91,429.451,406.977,407.615,308.983,435.873,408.596,640,640,33,20
class_confusion,waymo,faster_rcnn,4690718861228194910_1980_000_2000_000_1552693988249416,data\processed\milestone_3\images\waymo\external\4690718861228194910_1980_000_2000_000_1552693988249416.png,high,Pedestrian,Pedestrian,Cyclist,small,0.99026895,0.584737,0.0,0.584737,5.325006,0.0,342.505,10.737,388.647,0.047,342.428,16.155,394.663,640,640,42,12
class_confusion,waymo,faster_rcnn,6324079979569135086_2372_300_2392_300_1506988306258724,data\processed\milestone_3\images\waymo\external\6324079979569135086_2372_300_2392_300_1506988306258724.png,high,Pedestrian,Pedestrian,Cyclist,small,0.94417596,0.628168,0.0,0.628168,5.322344,28.527,319.855,41.79,351.88,26.542,321.76,45.918,350.074,640,640,25,11
class_confusion,waymo,faster_rcnn,13356997604177841771_3360_000_3380_000_1557267392587594,data\processed\milestone_3\images\waymo\external\13356997604177841771_3360_000_3380_000_1557267392587594.png,high,Cyclist,Cyclist,Pedestrian,medium,0.99664611,0.56943,0.025317,0.56943,5.316076,403.27,323.437,430.429,408.557,406.512,303.599,437.316,410.702,640,640,36,26
class_confusion,waymo,faster_rcnn,13356997604177841771_3360_000_3380_000_1557267396087321,data\processed\milestone_3\images\waymo\external\13356997604177841771_3360_000_3380_000_1557267396087321.png,high,Cyclist,Cyclist,Pedestrian,medium,0.99711478,0.560618,0.0,0.560618,5.307733,408.007,323.489,432.008,405.555,410.589,309.474,440.935,405.288,640,640,27,11
class_confusion,waymo,retinanet,4690718861228194910_1980_000_2000_000_1552693979749409,data\processed\milestone_3\images\waymo\external\4690718861228194910_1980_000_2000_000_1552693979749409.png,high,Pedestrian,Pedestrian,Cyclist,small,0.7774663,0.77208,0.0,0.77208,5.299546,69.896,342.189,82.949,376.321,67.767,344.225,82.483,375.658,640,640,39,24
class_confusion,waymo,faster_rcnn,4690718861228194910_1980_000_2000_000_1552693983249433,data\processed\milestone_3\images\waymo\external\4690718861228194910_1980_000_2000_000_1552693983249433.png,high,Pedestrian,Pedestrian,Cyclist,small,0.99792933,0.549438,0.0,0.549438,5.297367,38.106,343.453,52.422,380.956,31.773,345.289,56.358,382.02,640,640,44,14
class_confusion,waymo,retinanet,8506432817378693815_4860_000_4880_000_1557857363637447,data\processed\milestone_3\images\waymo\external\8506432817378693815_4860_000_4880_000_1557857363637447.png,high,Pedestrian,Pedestrian,Cyclist,small,0.9910987,0.555524,0.0,0.555524,5.296623,27.579,319.855,39.369,353.566,24.942,313.24,42.637,353.443,640,640,45,15
class_confusion,waymo,faster_rcnn,9114112687541091312_1100_000_1120_000_1544144327216278,data\processed\milestone_3\images\waymo\external\9114112687541091312_1100_000_1120_000_1544144327216278.png,high,Cyclist,Cyclist,Pedestrian,small,0.92564166,0.609854,0.496715,0.609854,5.285496,418.428,317.485,428.429,341.609,416.933,312.244,427.281,340.179,640,640,42,18
class_confusion,waymo,faster_rcnn,3577352947946244999_3980_000_4000_000_1557847177597529,data\processed\milestone_3\images\waymo\external\3577352947946244999_3980_000_4000_000_1557847177597529.png,high,Pedestrian,Pedestrian,Cyclist,medium,0.8848747,0.649197,0.399361,0.649197,5.284072,451.797,332.918,495.166,449.643,450.681,317.8,499.149,426.831,640,640,39,29
class_confusion,waymo,faster_rcnn,13356997604177841771_3360_000_3380_000_1557267395587309,data\processed\milestone_3\images\waymo\external\13356997604177841771_3360_000_3380_000_1557267395587309.png,high,Cyclist,Cyclist,Pedestrian,medium,0.9994185,0.51213,0.0,0.51213,5.261548,400.639,322.699,424.639,406.345,403.675,306.794,434.428,402.861,640,640,28,12
class_confusion,waymo,faster_rcnn,4690718861228194910_1980_000_2000_000_1552693983749438,data\processed\milestone_3\images\waymo\external\4690718861228194910_1980_000_2000_000_1552693983749438.png,high,Pedestrian,Pedestrian,Cyclist,small,0.98997051,0.520367,0.0,0.520367,5.260338,8.316,343.137,20.316,378.323,3.298,347.271,22.181,382.566,640,640,43,12
class_confusion,waymo,retinanet,10289507859301986274_4200_000_4220_000_1557847394172576,data\processed\milestone_3\images\waymo\external\10289507859301986274_4200_000_4220_000_1557847394172576.png,high,Pedestrian,Pedestrian,Cyclist,small,0.99661237,0.501641,0.416041,0.501641,5.248253,8.842,306.37,18.948,337.132,6.842,305.065,25.911,336.4,640,640,29,12
class_confusion,waymo,faster_rcnn,4690718861228194910_1980_000_2000_000_1552693985749361,data\processed\milestone_3\images\waymo\external\4690718861228194910_1980_000_2000_000_1552693985749361.png,high,Pedestrian,Pedestrian,Cyclist,small,0.94657362,0.549913,0.0,0.549913,5.246487,15.0,341.793,32.474,384.196,7.398,347.779,35.735,384.925,640,640,27,9
class_confusion,waymo,yolo,13356997604177841771_3360_000_3380_000_1557267396087321,data\processed\milestone_3\images\waymo\external\13356997604177841771_3360_000_3380_000_1557267396087321.png,high,Cyclist,Cyclist,Pedestrian,medium,0.85997087,0.634317,0.0,0.634317,5.244288,408.007,323.489,432.008,405.555,407.028,314.213,439.068,399.565,640,640,27,14
class_confusion,waymo,retinanet,10289507859301986274_4200_000_4220_000_1557847394172576,data\processed\milestone_3\images\waymo\external\10289507859301986274_4200_000_4220_000_1557847394172576.png,high,Pedestrian,Pedestrian,Cyclist,small,0.99661237,0.486042,0.248123,0.486042,5.232654,11.579,307.635,22.106,338.817,6.842,305.065,25.911,336.4,640,640,29,12
class_confusion,waymo,retinanet,8506432817378693815_4860_000_4880_000_1557857365637432,data\processed\milestone_3\images\waymo\external\8506432817378693815_4860_000_4880_000_1557857365637432.png,high,Pedestrian,Pedestrian,Cyclist,small,0.71871704,0.758424,0.0,0.758424,5.227141,197.661,312.309,206.24,330.403,198.048,308.711,206.404,329.725,640,640,49,20
class_confusion,waymo,retinanet,9114112687541091312_1100_000_1120_000_1544144327216278,data\processed\milestone_3\images\waymo\external\9114112687541091312_1100_000_1120_000_1544144327216278.png,high,Cyclist,Cyclist,Pedestrian,small,0.57829255,0.880434,0.0,0.880434,5.208727,418.428,317.485,428.429,341.609,417.796,317.547,427.941,341.265,640,640,42,10
class_confusion,waymo,faster_rcnn,8506432817378693815_4860_000_4880_000_1557857361137300,data\processed\milestone_3\images\waymo\external\8506432817378693815_4860_000_4880_000_1557857361137300.png,high,Pedestrian,Pedestrian,Cyclist,small,0.97542149,0.477093,0.369708,0.477093,5.202514,0.0,318.064,12.211,354.514,0.0,305.893,18.618,353.071,640,640,47,35
class_confusion,waymo,faster_rcnn,8506432817378693815_4860_000_4880_000_1557857365137457,data\processed\milestone_3\images\waymo\external\8506432817378693815_4860_000_4880_000_1557857365137457.png,high,Pedestrian,Pedestrian,Cyclist,small,0.93065029,0.520268,0.454187,0.520268,5.200918,0.0,315.009,11.79,348.299,0.263,311.91,16.807,355.961,640,640,48,18
class_confusion,waymo,faster_rcnn,8506432817378693815_4860_000_4880_000_1557857364637449,data\processed\milestone_3\images\waymo\external\8506432817378693815_4860_000_4880_000_1557857364637449.png,high,Pedestrian,Pedestrian,Cyclist,small,0.98204184,0.46286,0.442413,0.46286,5.194902,7.053,320.276,19.895,356.937,5.548,313.623,27.129,352.602,640,640,48,20
class_confusion,waymo,faster_rcnn,14931160836268555821_5778_870_5798_870_1507338353631702,data\processed\milestone_3\images\waymo\external\14931160836268555821_5778_870_5798_870_1507338353631702.png,high,Pedestrian,Pedestrian,Cyclist,small,0.9719007,0.472394,0.0,0.472394,5.194295,347.796,323.121,359.585,360.414,341.748,324.534,365.562,358.531,640,640,5,8
class_confusion,waymo,faster_rcnn,30779396576054160_1880_000_1900_000_1557845079164322,data\processed\milestone_3\images\waymo\external\30779396576054160_1880_000_1900_000_1557845079164322.png,high,Cyclist,Cyclist,Pedestrian,small,0.87955225,0.56353,0.461814,0.56353,5.193082,209.372,305.37,219.688,329.073,209.457,293.597,219.863,325.782,640,640,46,47
class_confusion,waymo,faster_rcnn,8506432817378693815_4860_000_4880_000_1557857353636054,data\processed\milestone_3\images\waymo\external\8506432817378693815_4860_000_4880_000_1557857353636054.png,high,Cyclist,Cyclist,Pedestrian,small,0.81556994,0.62739,0.47525,0.62739,5.19296,332.111,321.224,352.111,380.851,330.623,302.311,354.611,380.249,640,640,49,24
class_confusion,waymo,faster_rcnn,4690718861228194910_1980_000_2000_000_1552693983249433,data\processed\milestone_3\images\waymo\external\4690718861228194910_1980_000_2000_000_1552693983249433.png,high,Pedestrian,Pedestrian,Cyclist,small,0.9987464,0.43232,0.0,0.43232,5.181066,14.982,342.644,26.983,380.5,6.893,347.555,32.054,381.557,640,640,44,14
class_confusion,waymo,faster_rcnn,3577352947946244999_3980_000_4000_000_1557847173097422,data\processed\milestone_3\images\waymo\external\3577352947946244999_3980_000_4000_000_1557847173097422.png,high,Pedestrian,Pedestrian,Cyclist,small,0.79185081,0.630844,0.339867,0.630844,5.172695,503.167,314.166,529.693,355.462,504.866,317.15,528.087,346.91,640,640,44,26
class_confusion,waymo,faster_rcnn,3577352947946244999_3980_000_4000_000_1557847173097422,data\processed\milestone_3\images\waymo\external\3577352947946244999_3980_000_4000_000_1557847173097422.png,high,Cyclist,Cyclist,Pedestrian,small,0.9343763,0.484857,0.0,0.484857,5.169233,189.898,318.38,221.899,351.248,198.506,315.51,214.967,350.753,640,640,44,26
class_confusion,waymo,yolo,13356997604177841771_3360_000_3380_000_1557267390587932,data\processed\milestone_3\images\waymo\external\13356997604177841771_3360_000_3380_000_1557267390587932.png,high,Cyclist,Cyclist,Pedestrian,medium,0.65171379,0.763269,0.0,0.763269,5.164983,393.689,331.69,422.742,414.211,392.468,317.635,423.908,411.271,640,640,46,6
class_confusion,kitti,retinanet,004261,data\processed\milestone_3\images\kitti\val\004261.png,high,Pedestrian,Pedestrian,Cyclist,small,0.98018003,0.433063,0.399056,0.433063,5.163243,312.115,318.848,318.217,340.667,311.83,318.679,325.361,339.18,640,640,10,300
class_confusion,waymo,retinanet,8506432817378693815_4860_000_4880_000_1557857362637395,data\processed\milestone_3\images\waymo\external\8506432817378693815_4860_000_4880_000_1557857362637395.png,high,Pedestrian,Pedestrian,Cyclist,small,0.99675518,0.410876,0.0,0.410876,5.157631,96.633,322.699,108.844,346.508,95.488,309.889,114.066,345.34,640,640,48,25
class_confusion,waymo,faster_rcnn,3577352947946244999_3980_000_4000_000_1557847173597426,data\processed\milestone_3\images\waymo\external\3577352947946244999_3980_000_4000_000_1557847173597426.png,high,Pedestrian,Pedestrian,Cyclist,small,0.59151554,0.802266,0.44053,0.802266,5.143782,509.693,317.537,534.957,364.733,507.214,317.677,535.042,358.897,640,640,42,29
class_confusion,waymo,faster_rcnn,8506432817378693815_4860_000_4880_000_1557857350637092,data\processed\milestone_3\images\waymo\external\8506432817378693815_4860_000_4880_000_1557857350637092.png,high,Pedestrian,Pedestrian,Cyclist,small,0.90687859,0.482421,0.0,0.482421,5.1393,571.905,298.996,586.431,338.607,569.805,299.24,597.141,342.475,640,640,47,22
class_confusion,waymo,faster_rcnn,9114112687541091312_1100_000_1120_000_1544144332816253,data\processed\milestone_3\images\waymo\external\9114112687541091312_1100_000_1120_000_1544144332816253.png,high,Pedestrian,Pedestrian,Cyclist,small,0.96537912,0.422287,0.450056,0.422287,5.137666,623.59,323.331,634.537,354.303,620.658,313.566,640.0,353.448,640,640,43,20
class_confusion,waymo,faster_rcnn,9114112687541091312_1100_000_1120_000_1544144332816253,data\processed\milestone_3\images\waymo\external\9114112687541091312_1100_000_1120_000_1544144332816253.png,high,Pedestrian,Pedestrian,Cyclist,small,0.96537912,0.42186,0.381098,0.42186,5.137239,629.064,323.331,640.0,354.303,620.658,313.566,640.0,353.448,640,640,43,20
class_confusion,waymo,faster_rcnn,30779396576054160_1880_000_1900_000_1557845078664302,data\processed\milestone_3\images\waymo\external\30779396576054160_1880_000_1900_000_1557845078664302.png,high,Cyclist,Cyclist,Pedestrian,small,0.86803567,0.516779,0.448427,0.516779,5.134815,207.714,307.319,218.504,332.497,208.105,293.356,219.052,329.005,640,640,46,44
class_confusion,waymo,retinanet,16213317953898915772_1597_170_1617_170_1509233628295248,data\processed\milestone_3\images\waymo\external\16213317953898915772_1597_170_1617_170_1509233628295248.png,high,Cyclist,Cyclist,Pedestrian,small,0.88002145,0.498582,0.0,0.498582,5.128603,417.165,338.923,434.218,362.731,423.039,340.583,433.423,368.055,640,640,31,15
class_confusion,waymo,retinanet,2736377008667623133_2676_410_2696_410_1511721508001085,data\processed\milestone_3\images\waymo\external\2736377008667623133_2676_410_2696_410_1511721508001085.png,high,Cyclist,Cyclist,Pedestrian,small,0.84044629,0.526874,0.0,0.526874,5.11732,350.322,334.814,360.427,357.148,353.641,338.455,360.749,356.426,640,640,4,3
class_confusion,waymo,faster_rcnn,3577352947946244999_3980_000_4000_000_1557847175597389,data\processed\milestone_3\images\waymo\external\3577352947946244999_3980_000_4000_000_1557847175597389.png,high,Pedestrian,Pedestrian,Cyclist,small,0.96286899,0.383279,0.389616,0.383279,5.096148,10.211,341.732,32.737,390.262,1.26,338.751,42.625,407.704,640,640,35,32
class_confusion,waymo,faster_rcnn,8506432817378693815_4860_000_4880_000_1557857368637470,data\processed\milestone_3\images\waymo\external\8506432817378693815_4860_000_4880_000_1557857368637470.png,high,Pedestrian,Pedestrian,Cyclist,small,0.8225587,0.518653,0.0,0.518653,5.091212,0.0,319.855,12.842,352.723,1.128,312.672,18.69,352.609,640,640,39,24
class_confusion,waymo,faster_rcnn,9114112687541091312_1100_000_1120_000_1544144325716300,data\processed\milestone_3\images\waymo\external\9114112687541091312_1100_000_1120_000_1544144325716300.png,high,Vehicle,Vehicle,Pedestrian,small,0.94700724,0.391704,0.0,0.391704,5.088711,228.846,325.122,248.215,341.556,236.693,316.185,248.66,345.805,640,640,48,13
class_confusion,waymo,retinanet,8506432817378693815_4860_000_4880_000_1557857369137487,data\processed\milestone_3\images\waymo\external\8506432817378693815_4860_000_4880_000_1557857369137487.png,high,Pedestrian,Pedestrian,Cyclist,small,0.70129269,0.635054,0.0,0.635054,5.086347,6.105,319.644,18.316,354.198,4.176,312.502,19.631,352.946,640,640,40,20
class_confusion,waymo,retinanet,9114112687541091312_1100_000_1120_000_1544144326716290,data\processed\milestone_3\images\waymo\external\9114112687541091312_1100_000_1120_000_1544144326716290.png,high,Cyclist,Cyclist,Pedestrian,small,0.58515567,0.739969,0.0,0.739969,5.075125,431.881,317.39,442.829,342.378,431.206,315.518,441.271,341.727,640,640,46,11
class_confusion,waymo,faster_rcnn,4690718861228194910_1980_000_2000_000_1552693984249382,data\processed\milestone_3\images\waymo\external\4690718861228194910_1980_000_2000_000_1552693984249382.png,high,Pedestrian,Pedestrian,Cyclist,small,0.86454886,0.452908,0.268364,0.452908,5.067457,29.264,340.819,45.685,380.64,19.089,345.576,49.035,385.423,640,640,45,15
class_confusion,waymo,faster_rcnn,8506432817378693815_4860_000_4880_000_1557857351137187,data\processed\milestone_3\images\waymo\external\8506432817378693815_4860_000_4880_000_1557857351137187.png,high,Pedestrian,Pedestrian,Cyclist,small,0.89323324,0.423006,0.328799,0.423006,5.066239,0.0,335.025,12.842,367.893,1.661,330.182,21.821,370.57,640,640,47,23
class_confusion,waymo,faster_rcnn,8506432817378693815_4860_000_4880_000_1557857365137457,data\processed\milestone_3\images\waymo\external\8506432817378693815_4860_000_4880_000_1557857365137457.png,high,Pedestrian,Pedestrian,Cyclist,small,0.93065029,0.381297,0.280035,0.381297,5.061947,0.0,322.594,9.263,361.362,0.263,311.91,16.807,355.961,640,640,48,18
class_confusion,waymo,faster_rcnn,13356997604177841771_3360_000_3380_000_1557267394587557,data\processed\milestone_3\images\waymo\external\13356997604177841771_3360_000_3380_000_1557267394587557.png,high,Cyclist,Cyclist,Pedestrian,medium,0.66032261,0.644535,0.363961,0.644535,5.054858,391.881,324.891,417.986,402.468,391.013,301.167,421.754,403.381,640,640,33,24
class_confusion,waymo,faster_rcnn,10289507859301986274_4200_000_4220_000_1557847393172585,data\processed\milestone_3\images\waymo\external\10289507859301986274_4200_000_4220_000_1557847393172585.png,high,Pedestrian,Pedestrian,Cyclist,small,0.86345369,0.430259,0.0,0.430259,5.043713,102.107,304.264,112.212,331.654,101.94,297.442,119.644,329.287,640,640,42,21
class_confusion,waymo,faster_rcnn,13356997604177841771_3360_000_3380_000_1557267394087559,data\processed\milestone_3\images\waymo\external\13356997604177841771_3360_000_3380_000_1557267394087559.png,high,Vehicle,Vehicle,Pedestrian,small,0.96738839,0.323637,0.003125,0.323637,5.041025,506.325,306.054,532.851,323.121,513.254,300.437,531.164,344.958,640,640,24,16
class_confusion,waymo,retinanet,10289507859301986274_4200_000_4220_000_1557847393172585,data\processed\milestone_3\images\waymo\external\10289507859301986274_4200_000_4220_000_1557847393172585.png,high,Pedestrian,Pedestrian,Cyclist,small,0.90379143,0.38217,0.0,0.38217,5.035961,108.143,299.944,118.248,330.073,97.405,293.085,118.571,330.724,640,640,42,18
class_confusion,waymo,faster_rcnn,30779396576054160_1880_000_1900_000_1557845081164383,data\processed\milestone_3\images\waymo\external\30779396576054160_1880_000_1900_000_1557845081164383.png,high,Cyclist,Cyclist,Pedestrian,small,0.8645398,0.402114,0.346508,0.402114,5.016654,219.204,303.716,227.204,322.425,218.851,290.934,228.734,319.039,640,640,45,49
class_confusion,waymo,faster_rcnn,6324079979569135086_2372_300_2392_300_1506988302258459,data\processed\milestone_3\images\waymo\external\6324079979569135086_2372_300_2392_300_1506988302258459.png,high,Pedestrian,Pedestrian,Cyclist,small,0.87019926,0.395023,0.0,0.395023,5.015222,127.686,343.979,134.213,367.366,121.388,343.363,136.845,368.36,640,640,26,23
class_confusion,waymo,faster_rcnn,9114112687541091312_1100_000_1120_000_1544144335816195,data\processed\milestone_3\images\waymo\external\9114112687541091312_1100_000_1120_000_1544144335816195.png,high,Vehicle,Vehicle,Pedestrian,small,0.90794116,0.354071,0.0,0.354071,5.012012,224.53,323.331,247.478,338.712,228.726,315.822,243.192,350.243,640,640,45,14
class_confusion,waymo,faster_rcnn,6324079979569135086_2372_300_2392_300_1506988302758714,data\processed\milestone_3\images\waymo\external\6324079979569135086_2372_300_2392_300_1506988302758714.png,high,Vehicle,Vehicle,Pedestrian,small,0.89005595,0.350109,0.392366,0.350109,4.990165,234.741,321.014,266.742,345.665,233.831,314.892,260.061,376.582,640,640,26,16
class_confusion,waymo,faster_rcnn,8506432817378693815_4860_000_4880_000_1557857354635133,data\processed\milestone_3\images\waymo\external\8506432817378693815_4860_000_4880_000_1557857354635133.png,high,Pedestrian,Pedestrian,Cyclist,small,0.72595531,0.511279,0.389758,0.511279,4.987234,43.685,340.398,59.475,381.062,32.987,338.045,60.893,383.048,640,640,57,25
class_confusion,waymo,retinanet,10289507859301986274_4200_000_4220_000_1557847393172585,data\processed\milestone_3\images\waymo\external\10289507859301986274_4200_000_4220_000_1557847393172585.png,high,Pedestrian,Pedestrian,Cyclist,small,0.90379143,0.331725,0.0,0.331725,4.985516,102.107,304.264,112.212,331.654,97.405,293.085,118.571,330.724,640,640,42,18
class_confusion,waymo,faster_rcnn,6324079979569135086_2372_300_2392_300_1506988302758714,data\processed\milestone_3\images\waymo\external\6324079979569135086_2372_300_2392_300_1506988302758714.png,high,Vehicle,Vehicle,Pedestrian,small,0.89005595,0.345162,0.496581,0.345162,4.985218,226.636,341.872,264.32,366.945,233.831,314.892,260.061,376.582,640,640,26,16
class_confusion,waymo,faster_rcnn,9114112687541091312_1100_000_1120_000_1544144327716284,data\processed\milestone_3\images\waymo\external\9114112687541091312_1100_000_1120_000_1544144327716284.png,high,Pedestrian,Pedestrian,Cyclist,small,0.83979148,0.393128,0.24995,0.393128,4.982919,413.902,318.907,423.586,340.187,406.345,311.343,423.045,340.289,640,640,38,16
class_confusion,waymo,faster_rcnn,8506432817378693815_4860_000_4880_000_1557857351137187,data\processed\milestone_3\images\waymo\external\8506432817378693815_4860_000_4880_000_1557857351137187.png,high,Pedestrian,Pedestrian,Cyclist,small,0.84418494,0.387699,0.395966,0.387699,4.981884,608.747,302.051,627.485,346.508,605.551,286.731,639.342,350.315,640,640,47,23
class_confusion,waymo,faster_rcnn,2736377008667623133_2676_410_2696_410_1511721498477042,data\processed\milestone_3\images\waymo\external\2736377008667623133_2676_410_2696_410_1511721498477042.png,high,Vehicle,Vehicle,Pedestrian,small,0.89211106,0.334628,0.481348,0.334628,4.976739,0.632,318.907,40.211,343.979,19.789,317.412,33.443,344.735,640,640,8,5
class_confusion,waymo,yolo,13356997604177841771_3360_000_3380_000_1557267395087510,data\processed\milestone_3\images\waymo\external\13356997604177841771_3360_000_3380_000_1557267395087510.png,high,Cyclist,Cyclist,Pedestrian,medium,0.62674826,0.598006,0.0,0.598006,4.974754,394.981,324.148,418.981,403.843,392.055,315.285,428.16,403.804,640,640,33,22
class_confusion,waymo,faster_rcnn,30779396576054160_1880_000_1900_000_1557845080664363,data\processed\milestone_3\images\waymo\external\30779396576054160_1880_000_1900_000_1557845080664363.png,high,Cyclist,Cyclist,Pedestrian,small,0.7907359,0.428455,0.363173,0.428455,4.969191,216.425,303.737,224.846,323.331,216.118,292.313,226.037,319.066,640,640,47,49
class_confusion,waymo,yolo,13356997604177841771_3360_000_3380_000_1557267380087192,data\processed\milestone_3\images\waymo\external\13356997604177841771_3360_000_3380_000_1557267380087192.png,high,Cyclist,Cyclist,Pedestrian,small,0.41277099,0.805406,0.0,0.805406,4.968177,430.218,327.822,454.219,397.641,428.63,320.319,455.16,396.57,640,640,52,4
class_confusion,waymo,retinanet,8506432817378693815_4860_000_4880_000_1557857362137378,data\processed\milestone_3\images\waymo\external\8506432817378693815_4860_000_4880_000_1557857362137378.png,high,Pedestrian,Pedestrian,Cyclist,small,0.75154167,0.45373,0.0,0.45373,4.955272,104.423,323.015,116.634,346.192,105.318,309.937,119.434,344.137,640,640,47,20
class_confusion,waymo,faster_rcnn,9114112687541091312_1100_000_1120_000_1544144326216286,data\processed\milestone_3\images\waymo\external\9114112687541091312_1100_000_1120_000_1544144326216286.png,high,Vehicle,Vehicle,Pedestrian,small,0.83039314,0.369657,0.0,0.369657,4.95005,225.899,325.333,245.267,340.082,228.585,315.654,242.904,350.351,640,640,48,12
class_confusion,waymo,retinanet,6324079979569135086_2372_300_2392_300_1506988295759068,data\processed\milestone_3\images\waymo\external\6324079979569135086_2372_300_2392_300_1506988295759068.png,high,Cyclist,Cyclist,Pedestrian,small,0.4215636,0.775597,0.0,0.775597,4.947161,57.58,333.761,70.843,361.994,59.171,331.254,70.675,360.951,640,640,36,15
class_confusion,waymo,retinanet,3577352947946244999_3980_000_4000_000_1557847173597426,data\processed\milestone_3\images\waymo\external\3577352947946244999_3980_000_4000_000_1557847173597426.png,high,Pedestrian,Pedestrian,Cyclist,small,0.77953309,0.416897,0.0,0.416897,4.94643,422.455,321.777,430.297,346.06,413.772,323.229,431.987,345.797,640,640,42,24
class_confusion,waymo,faster_rcnn,8506432817378693815_4860_000_4880_000_1557857366137460,data\processed\milestone_3\images\waymo\external\8506432817378693815_4860_000_4880_000_1557857366137460.png,high,Pedestrian,Pedestrian,Cyclist,small,0.88517755,0.310362,0.0,0.310362,4.94554,1.895,307.74,14.106,334.498,0.0,316.513,13.328,357.138,640,640,53,14
class_confusion,waymo,faster_rcnn,8506432817378693815_4860_000_4880_000_1557857362637395,data\processed\milestone_3\images\waymo\external\8506432817378693815_4860_000_4880_000_1557857362637395.png,high,Cyclist,Cyclist,Pedestrian,small,0.83155012,0.354757,0.0,0.354757,4.936307,136.108,313.85,150.634,328.388,137.906,313.304,152.527,347.191,640,640,48,25
class_confusion,waymo,retinanet,9114112687541091312_1100_000_1120_000_1544144333316285,data\processed\milestone_3\images\waymo\external\9114112687541091312_1100_000_1120_000_1544144333316285.png,high,Pedestrian,Pedestrian,Cyclist,small,0.86004299,0.31907,0.0,0.31907,4.929113,620.116,324.385,632.537,355.357,609.992,316.499,630.008,360.556,640,640,43,9
class_confusion,waymo,faster_rcnn,10289507859301986274_4200_000_4220_000_1557847395672605,data\processed\milestone_3\images\waymo\external\10289507859301986274_4200_000_4220_000_1557847395672605.png,high,Pedestrian,Pedestrian,Vehicle,small,0.7973085,0.374899,0.398224,0.374899,4.922207,627.59,308.267,640.0,362.204,619.787,275.144,640.0,361.189,640,640,29,14
class_confusion,waymo,faster_rcnn,9114112687541091312_1100_000_1120_000_1544144336316269,data\processed\milestone_3\images\waymo\external\9114112687541091312_1100_000_1120_000_1544144336316269.png,high,Pedestrian,Pedestrian,Cyclist,small,0.4326655,0.736234,0.0,0.736234,4.9189,524.535,320.382,536.957,349.668,524.607,321.396,538.918,345.954,640,640,44,10
class_confusion,waymo,retinanet,9114112687541091312_1100_000_1120_000_1544144333316285,data\processed\milestone_3\images\waymo\external\9114112687541091312_1100_000_1120_000_1544144333316285.png,high,Pedestrian,Pedestrian,Cyclist,small,0.86004299,0.307846,0.0,0.307846,4.917889,610.748,319.855,618.327,355.673,609.992,316.499,630.008,360.556,640,640,43,9
class_confusion,waymo,faster_rcnn,10289507859301986274_4200_000_4220_000_1557847402172646,data\processed\milestone_3\images\waymo\external\10289507859301986274_4200_000_4220_000_1557847402172646.png,high,Pedestrian,Pedestrian,Cyclist,small,0.66184181,0.505771,0.424424,0.505771,4.917613,3.579,301.63,20.421,334.287,6.076,295.647,25.332,329.996,640,640,32,15
class_confusion,waymo,yolo,13356997604177841771_3360_000_3380_000_1557267395587309,data\processed\milestone_3\images\waymo\external\13356997604177841771_3360_000_3380_000_1557267395587309.png,high,Cyclist,Cyclist,Pedestrian,medium,0.5864746,0.578005,0.0,0.578005,4.91448,400.639,322.699,424.639,406.345,400.345,309.059,432.6,396.268,640,640,28,16
class_confusion,waymo,faster_rcnn,8506432817378693815_4860_000_4880_000_1557857365637432,data\processed\milestone_3\images\waymo\external\8506432817378693815_4860_000_4880_000_1557857365637432.png,high,Pedestrian,Pedestrian,Cyclist,small,0.56508482,0.598255,0.0,0.598255,4.91334,5.579,315.746,24.737,348.825,6.391,312.133,30.203,353.606,640,640,49,15
class_confusion,waymo,faster_rcnn,9114112687541091312_1100_000_1120_000_1544144339316236,data\processed\milestone_3\images\waymo\external\9114112687541091312_1100_000_1120_000_1544144339316236.png,high,Pedestrian,Pedestrian,Cyclist,small,0.26365992,0.893132,0.0,0.893132,4.906792,537.399,316.505,552.136,345.96,537.421,318.913,551.891,345.705,640,640,44,15
class_confusion,waymo,yolo,13356997604177841771_3360_000_3380_000_1557267379587481,data\processed\milestone_3\images\waymo\external\13356997604177841771_3360_000_3380_000_1557267379587481.png,high,Cyclist,Cyclist,Pedestrian,small,0.42215341,0.727608,0.0,0.727608,4.899761,422.323,327.756,446.324,394.546,423.126,321.156,450.508,392.157,640,640,48,3
class_confusion,waymo,faster_rcnn,9114112687541091312_1100_000_1120_000_1544144334816198,data\processed\milestone_3\images\waymo\external\9114112687541091312_1100_000_1120_000_1544144334816198.png,high,Pedestrian,Pedestrian,Cyclist,small,0.80010635,0.34404,0.0,0.34404,4.894146,382.488,319.464,391.42,341.797,377.094,309.305,394.573,341.113,640,640,44,11
class_confusion,waymo,faster_rcnn,13356997604177841771_3360_000_3380_000_1557267394587557,data\processed\milestone_3\images\waymo\external\13356997604177841771_3360_000_3380_000_1557267394587557.png,high,Vehicle,Vehicle,Pedestrian,medium,0.80864614,0.334191,0.471026,0.334191,4.892837,566.115,300.26,638.959,325.544,587.479,295.162,622.757,343.895,640,640,33,24
class_confusion,waymo,faster_rcnn,14931160836268555821_5778_870_5798_870_1507338343431885,data\processed\milestone_3\images\waymo\external\14931160836268555821_5778_870_5798_870_1507338343431885.png,high,Vehicle,Vehicle,Cyclist,medium,0.72335649,0.413235,0.469731,0.413235,4.886591,0.0,363.363,36.106,432.26,5.439,330.88,48.839,440.056,640,640,12,9
class_confusion,waymo,retinanet,6324079979569135086_2372_300_2392_300_1506988296759323,data\processed\milestone_3\images\waymo\external\6324079979569135086_2372_300_2392_300_1506988296759323.png,high,Cyclist,Cyclist,Pedestrian,small,0.33935046,0.793305,0.0,0.793305,4.882655,92.107,327.335,105.37,353.25,93.132,327.426,104.061,354.354,640,640,33,18
class_confusion,waymo,faster_rcnn,6324079979569135086_2372_300_2392_300_1506988297758918,data\processed\milestone_3\images\waymo\external\6324079979569135086_2372_300_2392_300_1506988297758918.png,high,Cyclist,Cyclist,Pedestrian,small,0.60844111,0.518798,0.488465,0.518798,4.877239,81.791,332.707,95.475,363.89,87.016,335.607,95.417,361.958,640,640,31,15
class_confusion,waymo,retinanet,3577352947946244999_3980_000_4000_000_1557847173597426,data\processed\milestone_3\images\waymo\external\3577352947946244999_3980_000_4000_000_1557847173597426.png,high,Pedestrian,Pedestrian,Cyclist,small,0.77953309,0.346541,0.0,0.346541,4.876074,422.549,320.412,430.098,343.076,413.772,323.229,431.987,345.797,640,640,42,24
class_confusion,waymo,retinanet,9041488218266405018_6454_030_6474_030_1508979397226001,data\processed\milestone_3\images\waymo\external\9041488218266405018_6454_030_6474_030_1508979397226001.png,high,Cyclist,Cyclist,Pedestrian,small,0.38912901,0.735904,0.0,0.735904,4.875033,461.271,339.766,475.587,372.845,463.9,338.606,474.956,372.141,640,640,13,4
class_confusion,waymo,retinanet,30779396576054160_1880_000_1900_000_1557845081164383,data\processed\milestone_3\images\waymo\external\30779396576054160_1880_000_1900_000_1557845081164383.png,high,Cyclist,Cyclist,Pedestrian,small,0.61403805,0.508015,0.0,0.508015,4.872053,219.204,303.716,227.204,322.425,217.682,296.588,227.765,319.929,640,640,45,50
class_confusion,waymo,faster_rcnn,9114112687541091312_1100_000_1120_000_1544144327716284,data\processed\milestone_3\images\waymo\external\9114112687541091312_1100_000_1120_000_1544144327716284.png,high,Cyclist,Cyclist,Pedestrian,small,0.44945508,0.671001,0.419592,0.671001,4.870456,408.112,318.38,417.446,340.714,408.262,312.679,418.569,339.648,640,640,38,16
class_confusion,kitti,faster_rcnn,000535,data\processed\milestone_3\images\kitti\val\000535.png,high,Pedestrian,Pedestrian,Cyclist,small,0.51251626,0.607822,0.473433,0.607822,4.870338,210.651,304.874,233.135,358.017,209.156,305.081,245.768,357.344,640,640,17,103
class_confusion,waymo,faster_rcnn,9114112687541091312_1100_000_1120_000_1544144341316314,data\processed\milestone_3\images\waymo\external\9114112687541091312_1100_000_1120_000_1544144341316314.png,high,Pedestrian,Pedestrian,Cyclist,small,0.31738862,0.801141,0.0,0.801141,4.86853,516.167,317.643,527.851,344.822,514.719,318.838,528.528,345.27,640,640,49,8
class_confusion,waymo,retinanet,6324079979569135086_2372_300_2392_300_1506988297758918,data\processed\milestone_3\images\waymo\external\6324079979569135086_2372_300_2392_300_1506988297758918.png,high,Cyclist,Cyclist,Pedestrian,small,0.52976793,0.588746,0.0,0.588746,4.868514,81.791,332.707,95.475,363.89,86.217,331.375,96.459,362.58,640,640,31,16
class_confusion,waymo,faster_rcnn,9114112687541091312_1100_000_1120_000_1544144325716300,data\processed\milestone_3\images\waymo\external\9114112687541091312_1100_000_1120_000_1544144325716300.png,high,Pedestrian,Pedestrian,Cyclist,small,0.81168389,0.301234,0.259039,0.301234,4.862918,403.86,318.591,412.491,338.817,396.394,310.556,412.778,345.932,640,640,48,13
class_confusion,waymo,retinanet,14931160836268555821_5778_870_5798_870_1507338353132275,data\processed\milestone_3\images\waymo\external\14931160836268555821_5778_870_5798_870_1507338353132275.png,high,Pedestrian,Pedestrian,Cyclist,small,0.53705943,0.573453,0.0,0.573453,4.860512,324.637,323.331,335.585,354.725,324.584,331.364,339.538,355.307,640,640,6,6
class_confusion,waymo,retinanet,6324079979569135086_2372_300_2392_300_1506988293759462,data\processed\milestone_3\images\waymo\external\6324079979569135086_2372_300_2392_300_1506988293759462.png,high,Cyclist,Cyclist,Pedestrian,small,0.39203936,0.715569,0.0,0.715569,4.857608,70.212,329.231,83.475,354.725,71.464,328.556,82.159,352.336,640,640,31,15
class_confusion,waymo,retinanet,16213317953898915772_1597_170_1617_170_1509233629300727,data\processed\milestone_3\images\waymo\external\16213317953898915772_1597_170_1617_170_1509233629300727.png,high,Cyclist,Cyclist,Pedestrian,small,0.66813213,0.430791,0.0,0.430791,4.848923,148.108,323.437,175.266,353.777,158.256,321.772,170.456,354.996,640,640,7,7
class_confusion,waymo,retinanet,6324079979569135086_2372_300_2392_300_1506988302258459,data\processed\milestone_3\images\waymo\external\6324079979569135086_2372_300_2392_300_1506988302258459.png,high,Vehicle,Vehicle,Pedestrian,small,0.60875499,0.486336,0.359884,0.486336,4.845091,253.268,330.284,282.742,353.671,252.877,329.268,281.996,376.112,640,640,26,16
class_confusion,waymo,faster_rcnn,30779396576054160_1880_000_1900_000_1557845081664397,data\processed\milestone_3\images\waymo\external\30779396576054160_1880_000_1900_000_1557845081664397.png,high,Cyclist,Cyclist,Pedestrian,small,0.73816502,0.355898,0.0,0.355898,4.844063,221.888,303.821,229.362,321.688,220.851,290.132,230.302,317.642,640,640,46,42
class_confusion,waymo,faster_rcnn,6324079979569135086_2372_300_2392_300_1506988305758793,data\processed\milestone_3\images\waymo\external\6324079979569135086_2372_300_2392_300_1506988305758793.png,high,Pedestrian,Pedestrian,Cyclist,small,0.71256471,0.37995,0.0,0.37995,4.842515,30.737,334.814,41.264,366.84,20.904,335.996,45.633,370.05,640,640,26,13
class_confusion,waymo,retinanet,3577352947946244999_3980_000_4000_000_1557847191597394,data\processed\milestone_3\images\waymo\external\3577352947946244999_3980_000_4000_000_1557847191597394.png,high,Pedestrian,Pedestrian,Cyclist,small,0.70352238,0.388564,0.409077,0.388564,4.842086,469.061,321.119,482.956,354.83,473.055,326.045,490.823,357.001,640,640,28,17
class_confusion,waymo,faster_rcnn,8506432817378693815_4860_000_4880_000_1557857352137355,data\processed\milestone_3\images\waymo\external\8506432817378693815_4860_000_4880_000_1557857352137355.png,high,Cyclist,Cyclist,Pedestrian,medium,0.47447768,0.615253,0.478018,0.615253,4.839731,245.243,323.648,268.875,402.234,242.752,308.234,272.87,396.362,640,640,44,19
class_confusion,waymo,faster_rcnn,8506432817378693815_4860_000_4880_000_1557857354635133,data\processed\milestone_3\images\waymo\external\8506432817378693815_4860_000_4880_000_1557857354635133.png,high,Pedestrian,Pedestrian,Cyclist,small,0.72595531,0.360562,0.155588,0.360562,4.836517,48.632,342.189,60.843,379.271,32.987,338.045,60.893,383.048,640,640,57,25
class_confusion,waymo,yolo,14931160836268555821_5778_870_5798_870_1507338355130969,data\processed\milestone_3\images\waymo\external\14931160836268555821_5778_870_5798_870_1507338355130969.png,high,Pedestrian,Pedestrian,Cyclist,small,0.65684402,0.426638,0.0,0.426638,4.833482,443.692,333.234,463.271,394.125,431.806,329.013,472.037,398.473,640,640,2,2
class_confusion,waymo,retinanet,2736377008667623133_2676_410_2696_410_1511721506000758,data\processed\milestone_3\images\waymo\external\2736377008667623133_2676_410_2696_410_1511721506000758.png,high,Cyclist,Cyclist,Pedestrian,small,0.35955918,0.721898,0.0,0.721898,4.831457,362.217,336.5,370.428,356.726,362.738,333.625,370.934,355.193,640,640,7,3
class_confusion,waymo,faster_rcnn,30779396576054160_1880_000_1900_000_1557845080164307,data\processed\milestone_3\images\waymo\external\30779396576054160_1880_000_1900_000_1557845080164307.png,high,Cyclist,Cyclist,Pedestrian,small,0.61156434,0.46943,0.394804,0.46943,4.830994,214.284,303.456,223.337,324.736,213.231,292.548,224.164,321.376,640,640,46,53
class_confusion,waymo,retinanet,3577352947946244999_3980_000_4000_000_1557847192097398,data\processed\milestone_3\images\waymo\external\3577352947946244999_3980_000_4000_000_1557847192097398.png,high,Pedestrian,Pedestrian,Cyclist,small,0.72522753,0.353723,0.0,0.353723,4.828951,469.061,321.119,482.956,354.83,473.547,326.366,491.756,356.93,640,640,31,17
class_confusion,waymo,retinanet,9041488218266405018_6454_030_6474_030_1508979395226146,data\processed\milestone_3\images\waymo\external\9041488218266405018_6454_030_6474_030_1508979395226146.png,high,Cyclist,Cyclist,Pedestrian,small,0.46645692,0.612197,0.0,0.612197,4.828654,377.27,333.761,384.849,350.195,377.267,336.062,382.957,351.372,640,640,12,4
class_confusion,waymo,retinanet,30779396576054160_1880_000_1900_000_1557845091164358,data\processed\milestone_3\images\waymo\external\30779396576054160_1880_000_1900_000_1557845091164358.png,high,Pedestrian,Pedestrian,Vehicle,small,0.46716318,0.60341,0.0,0.60341,4.820573,0.316,311.849,9.369,327.019,0.418,309.326,9.139,333.889,640,640,51,33
class_confusion,waymo,faster_rcnn,9114112687541091312_1100_000_1120_000_1544144329716272,data\processed\milestone_3\images\waymo\external\9114112687541091312_1100_000_1120_000_1544144329716272.png,high,Cyclist,Cyclist,Pedestrian,small,0.5239625,0.537955,0.309693,0.537955,4.811917,377.452,318.134,384.47,339.976,376.636,309.124,385.575,339.153,640,640,39,11
class_confusion,waymo,retinanet,14300007604205869133_1160_000_1180_000_1544753140773668,data\processed\milestone_3\images\waymo\external\14300007604205869133_1160_000_1180_000_1544753140773668.png,high,Cyclist,Cyclist,Vehicle,large,0.58148968,0.462993,0.0,0.462993,4.794483,424.428,327.651,516.22,423.727,400.517,330.557,534.324,387.002,640,640,33,7
class_confusion,waymo,faster_rcnn,30779396576054160_1880_000_1900_000_1557845087664279,data\processed\milestone_3\images\waymo\external\30779396576054160_1880_000_1900_000_1557845087664279.png,high,Vehicle,Vehicle,Pedestrian,small,0.57488191,0.465695,0.387713,0.465695,4.790577,214.391,308.407,230.905,332.894,218.475,303.0,228.91,341.315,640,640,48,34
class_confusion,waymo,retinanet,30779396576054160_1880_000_1900_000_1557845078164309,data\processed\milestone_3\images\waymo\external\30779396576054160_1880_000_1900_000_1557845078164309.png,high,Pedestrian,Pedestrian,Cyclist,small,0.67653286,0.362353,0.326447,0.362353,4.788886,303.742,300.787,310.795,320.803,300.791,302.257,308.268,325.586,640,640,43,45
class_confusion,waymo,faster_rcnn,16213317953898915772_1597_170_1617_170_1509233626293736,data\processed\milestone_3\images\waymo\external\16213317953898915772_1597_170_1617_170_1509233626293736.png,high,Pedestrian,Pedestrian,Cyclist,small,0.26053026,0.776436,0.0,0.776436,4.786966,355.69,329.652,365.164,350.932,356.431,330.655,364.296,351.417,640,640,37,11
class_confusion,waymo,retinanet,3577352947946244999_3980_000_4000_000_1557847173097422,data\processed\milestone_3\images\waymo\external\3577352947946244999_3980_000_4000_000_1557847173097422.png,high,Pedestrian,Pedestrian,Cyclist,small,0.28200036,0.732996,0.0,0.732996,4.764996,123.897,327.124,140.529,356.832,124.406,331.396,140.978,360.088,640,640,44,24
class_confusion,waymo,retinanet,3577352947946244999_3980_000_4000_000_1557847191597394,data\processed\milestone_3\images\waymo\external\3577352947946244999_3980_000_4000_000_1557847191597394.png,high,Vehicle,Vehicle,Pedestrian,small,0.61808121,0.390352,0.374881,0.390352,4.758433,618.853,344.19,640.0,368.42,615.43,320.008,639.866,373.253,640,640,28,17
class_confusion,waymo,retinanet,13356997604177841771_3360_000_3380_000_1557267381587525,data\processed\milestone_3\images\waymo\external\13356997604177841771_3360_000_3380_000_1557267381587525.png,high,Cyclist,Cyclist,Pedestrian,small,0.46285498,0.544703,0.0,0.544703,4.757558,103.16,315.641,123.792,335.868,106.97,312.61,120.064,334.652,640,640,50,18
class_confusion,waymo,faster_rcnn,9114112687541091312_1100_000_1120_000_1544144338316151,data\processed\milestone_3\images\waymo\external\9114112687541091312_1100_000_1120_000_1544144338316151.png,high,Pedestrian,Pedestrian,Cyclist,small,0.69215149,0.307593,0.0,0.307593,4.749744,403.646,319.99,414.594,342.474,403.768,310.121,424.444,348.263,640,640,42,14
class_confusion,waymo,faster_rcnn,6324079979569135086_2372_300_2392_300_1506988298258545,data\processed\milestone_3\images\waymo\external\6324079979569135086_2372_300_2392_300_1506988298258545.png,high,Cyclist,Cyclist,Pedestrian,small,0.29185668,0.704346,0.0,0.704346,4.746203,76.317,336.816,91.686,371.159,80.223,337.299,92.112,370.604,640,640,30,12
class_confusion,waymo,faster_rcnn,9114112687541091312_1100_000_1120_000_1544144325216299,data\processed\milestone_3\images\waymo\external\9114112687541091312_1100_000_1120_000_1544144325216299.png,high,Vehicle,Vehicle,Pedestrian,small,0.50758159,0.485415,0.0,0.485415,4.742997,239.373,325.122,254.11,341.556,238.268,316.246,251.332,343.745,640,640,47,9
class_confusion,waymo,yolo,13356997604177841771_3360_000_3380_000_1557267393087606,data\processed\milestone_3\images\waymo\external\13356997604177841771_3360_000_3380_000_1557267393087606.png,high,Cyclist,Cyclist,Pedestrian,medium,0.39429241,0.591522,0.0,0.591522,4.735814,404.549,322.91,429.451,406.977,402.149,308.792,437.559,405.002,640,640,33,13
class_confusion,waymo,faster_rcnn,4690718861228194910_1980_000_2000_000_1552693979749409,data\processed\milestone_3\images\waymo\external\4690718861228194910_1980_000_2000_000_1552693979749409.png,high,Pedestrian,Pedestrian,Cyclist,small,0.37171462,0.613724,0.0,0.613724,4.735439,69.896,342.189,82.949,376.321,63.074,344.254,82.769,376.742,640,640,39,17
class_confusion,waymo,faster_rcnn,9114112687541091312_1100_000_1120_000_1544144336316269,data\processed\milestone_3\images\waymo\external\9114112687541091312_1100_000_1120_000_1544144336316269.png,high,Pedestrian,Pedestrian,Cyclist,small,0.5765866,0.407666,0.0,0.407666,4.734253,542.115,324.385,553.062,340.187,535.881,321.837,552.208,344.973,640,640,44,10
class_confusion,waymo,faster_rcnn,3577352947946244999_3980_000_4000_000_1557847179097224,data\processed\milestone_3\images\waymo\external\3577352947946244999_3980_000_4000_000_1557847179097224.png,high,Pedestrian,Pedestrian,Cyclist,large,0.45286652,0.52514,0.453416,0.52514,4.728007,312.848,342.083,392.007,467.025,325.57,331.919,377.279,447.863,640,640,42,40
class_confusion,kitti,retinanet,004338,data\processed\milestone_3\images\kitti\val\004338.png,high,Pedestrian,Pedestrian,Cyclist,small,0.27942371,0.694323,0.449982,0.694323,4.723747,107.676,317.174,120.91,344.548,107.08,320.746,123.318,343.309,640,640,15,210
class_confusion,waymo,retinanet,8506432817378693815_4860_000_4880_000_1557857365137457,data\processed\milestone_3\images\waymo\external\8506432817378693815_4860_000_4880_000_1557857365137457.png,high,Pedestrian,Pedestrian,Cyclist,small,0.4820967,0.491139,0.0,0.491139,4.723236,0.0,322.594,9.263,361.362,0.0,309.96,13.809,359.868,640,640,48,21
class_confusion,waymo,retinanet,9114112687541091312_1100_000_1120_000_1544144330216284,data\processed\milestone_3\images\waymo\external\9114112687541091312_1100_000_1120_000_1544144330216284.png,high,Vehicle,Vehicle,Pedestrian,small,0.6442439,0.31431,0.0,0.31431,4.708554,240.478,323.121,253.215,333.445,245.047,310.947,254.001,335.642,640,640,37,8
class_confusion,waymo,retinanet,2736377008667623133_2676_410_2696_410_1511721509000708,data\processed\milestone_3\images\waymo\external\2736377008667623133_2676_410_2696_410_1511721509000708.png,high,Cyclist,Cyclist,Pedestrian,small,0.28172228,0.675441,0.0,0.675441,4.707163,344.638,332.813,354.743,357.464,345.668,333.661,353.658,354.72,640,640,3,1
class_confusion,waymo,faster_rcnn,9114112687541091312_1100_000_1120_000_1544144330216284,data\processed\milestone_3\images\waymo\external\9114112687541091312_1100_000_1120_000_1544144330216284.png,high,Cyclist,Cyclist,Pedestrian,small,0.4778012,0.479136,0.273112,0.479136,4.706937,370.329,318.31,376.996,340.503,368.019,311.001,377.832,338.711,640,640,37,13
class_confusion,waymo,faster_rcnn,3577352947946244999_3980_000_4000_000_1557847175597389,data\processed\milestone_3\images\waymo\external\3577352947946244999_3980_000_4000_000_1557847175597389.png,high,Pedestrian,Pedestrian,Cyclist,small,0.49139062,0.464499,0.48659,0.464499,4.70589,445.587,320.487,455.903,346.613,445.06,317.927,461.494,353.233,640,640,35,32
class_confusion,waymo,retinanet,6324079979569135086_2372_300_2392_300_1506988302258459,data\processed\milestone_3\images\waymo\external\6324079979569135086_2372_300_2392_300_1506988302258459.png,high,Vehicle,Vehicle,Pedestrian,small,0.60875499,0.342571,0.44633,0.342571,4.701326,257.268,347.245,286.742,367.472,252.877,329.268,281.996,376.112,640,640,26,16
class_confusion,waymo,faster_rcnn,3577352947946244999_3980_000_4000_000_1557847184097476,data\processed\milestone_3\images\waymo\external\3577352947946244999_3980_000_4000_000_1557847184097476.png,high,Pedestrian,Pedestrian,Vehicle,small,0.64109206,0.307217,0.0,0.307217,4.698309,557.694,319.117,576.642,356.832,543.05,335.118,588.396,355.374,640,640,40,18
class_confusion,kitti,faster_rcnn,004796,data\processed\milestone_3\images\kitti\val\004796.png,high,Vehicle,Vehicle,Cyclist,small,0.59634715,0.34181,0.352359,0.34181,4.688157,589.784,307.488,639.485,325.902,587.144,304.903,614.41,336.626,640,640,7,37
class_confusion,waymo,faster_rcnn,30779396576054160_1880_000_1900_000_1557845088164321,data\processed\milestone_3\images\waymo\external\30779396576054160_1880_000_1900_000_1557845088164321.png,high,Vehicle,Vehicle,Pedestrian,small,0.59334177,0.344255,0.265762,0.344255,4.687597,218.776,307.178,232.367,329.675,215.048,299.585,228.677,340.967,640,640,51,43
class_confusion,kitti,faster_rcnn,002780,data\processed\milestone_3\images\kitti\val\002780.png,high,Pedestrian,Pedestrian,Cyclist,small,0.26371938,0.673671,0.277271,0.673671,4.68739,342.787,298.249,362.452,348.111,335.138,299.086,363.241,349.424,640,640,9,66
class_confusion,waymo,faster_rcnn,6324079979569135086_2372_300_2392_300_1506988303259080,data\processed\milestone_3\images\waymo\external\6324079979569135086_2372_300_2392_300_1506988303259080.png,high,Vehicle,Vehicle,Pedestrian,small,0.58737791,0.347761,0.0,0.347761,4.685139,196.319,363.574,242.004,397.917,214.053,339.096,239.658,410.917,640,640,25,18
class_confusion,waymo,retinanet,8506432817378693815_4860_000_4880_000_1557857356634947,data\processed\milestone_3\images\waymo\external\8506432817378693815_4860_000_4880_000_1557857356634947.png,high,Cyclist,Cyclist,Pedestrian,small,0.33109507,0.60258,0.0,0.60258,4.683675,475.271,318.169,489.798,369.157,473.796,306.199,492.445,372.112,640,640,60,23
class_confusion,waymo,faster_rcnn,9114112687541091312_1100_000_1120_000_1544144332316253,data\processed\milestone_3\images\waymo\external\9114112687541091312_1100_000_1120_000_1544144332316253.png,high,Cyclist,Cyclist,Pedestrian,small,0.50808245,0.423261,0.287943,0.423261,4.681343,343.522,319.328,350.048,337.659,340.747,309.624,349.846,339.317,640,640,44,13
class_confusion,waymo,yolo,13356997604177841771_3360_000_3380_000_1557267380587205,data\processed\milestone_3\images\waymo\external\13356997604177841771_3360_000_3380_000_1557267380587205.png,high,Cyclist,Cyclist,Pedestrian,medium,0.25543579,0.667132,0.0,0.667132,4.672568,437.812,329.216,462.353,402.477,436.379,318.803,466.49,396.854,640,640,50,2
class_confusion,waymo,retinanet,9041488218266405018_6454_030_6474_030_1508979397726080,data\processed\milestone_3\images\waymo\external\9041488218266405018_6454_030_6474_030_1508979397726080.png,high,Cyclist,Cyclist,Pedestrian,small,0.12785609,0.794077,0.0,0.794077,4.671933,519.588,347.772,538.957,394.757,517.464,343.965,539.503,395.967,640,640,14,5
class_confusion,waymo,retinanet,12657584952502228282_3940_000_3960_000_1549937223398950,data\processed\milestone_3\images\waymo\external\12657584952502228282_3940_000_3960_000_1549937223398950.png,high,Vehicle,Vehicle,Pedestrian,small,0.11061279,0.806713,0.495197,0.806713,4.667326,253.478,313.007,267.584,332.181,254.752,312.272,266.87,331.605,640,640,24,15
class_confusion,kitti,retinanet,004091,data\processed\milestone_3\images\kitti\val\004091.png,high,Vehicle,Vehicle,Pedestrian,small,0.00661338,0.9099,0.489847,0.9099,4.666513,261.612,314.461,282.991,331.481,260.778,313.973,283.554,331.532,640,640,4,300
class_confusion,waymo,faster_rcnn,9114112687541091312_1100_000_1120_000_1544144332816253,data\processed\milestone_3\images\waymo\external\9114112687541091312_1100_000_1120_000_1544144332816253.png,high,Cyclist,Cyclist,Pedestrian,small,0.47944736,0.430756,0.249902,0.430756,4.660203,337.837,319.592,344.364,337.395,337.269,309.961,346.821,338.2,640,640,43,20
class_confusion,kitti,retinanet,002705,data\processed\milestone_3\images\kitti\val\002705.png,high,Vehicle,Vehicle,Pedestrian,medium,0.0181074,0.890376,0.485208,0.890376,4.658483,0.0,328.939,96.629,386.082,0.0,324.729,100.846,385.946,640,640,7,300
class_confusion,waymo,retinanet,8679184381783013073_7740_000_7760_000_1541816074398574,data\processed\milestone_3\images\waymo\external\8679184381783013073_7740_000_7760_000_1541816074398574.png,high,Vehicle,Vehicle,Pedestrian,medium,0.06014792,0.847672,0.0,0.847672,4.65782,613.695,452.487,640.0,533.0,612.926,450.162,637.926,530.714,640,640,34,6
class_confusion,waymo,faster_rcnn,8506432817378693815_4860_000_4880_000_1557857363137470,data\processed\milestone_3\images\waymo\external\8506432817378693815_4860_000_4880_000_1557857363137470.png,high,Pedestrian,Pedestrian,Vehicle,small,0.46596944,0.44128,0.309557,0.44128,4.657249,494.746,318.696,506.956,337.026,491.526,316.516,515.456,335.999,640,640,49,27
class_confusion,waymo,retinanet,14931160836268555821_5778_870_5798_870_1507338353631702,data\processed\milestone_3\images\waymo\external\14931160836268555821_5778_870_5798_870_1507338353631702.png,high,Cyclist,Cyclist,Pedestrian,small,0.4286378,0.473571,0.0,0.473571,4.652209,34.843,338.185,60.317,373.582,19.692,330.38,59.167,375.406,640,640,5,7
class_confusion,waymo,faster_rcnn,3577352947946244999_3980_000_4000_000_1557847181597369,data\processed\milestone_3\images\waymo\external\3577352947946244999_3980_000_4000_000_1557847181597369.png,high,Pedestrian,Pedestrian,Cyclist,large,0.44367799,0.458525,0.396449,0.458525,4.652203,64.949,350.932,141.792,488.516,69.476,325.534,118.909,460.643,640,640,41,26
class_confusion,kitti,retinanet,003560,data\processed\milestone_3\images\kitti\val\003560.png,high,Cyclist,Cyclist,Vehicle,small,0.01183443,0.885653,0.496871,0.885653,4.647487,350.771,305.687,383.393,337.412,351.931,303.868,383.101,336.706,640,640,9,251
class_confusion,kitti,rtdetr,005106,data\processed\milestone_3\images\kitti\val\005106.png,high,Cyclist,Cyclist,Pedestrian,small,0.42139426,0.473981,0.473981,0.473981,4.645375,274.881,316.881,292.601,337.616,281.286,315.56,290.461,339.993,640,640,8,300
class_confusion,waymo,rtdetr,8679184381783013073_7740_000_7760_000_1541816073898483,data\processed\milestone_3\images\waymo\external\8679184381783013073_7740_000_7760_000_1541816073898483.png,high,Pedestrian,Pedestrian,Vehicle,small,0.00759706,0.886256,0.359807,0.886256,4.643853,619.063,327.44,640.0,387.277,621.179,327.627,639.981,387.954,640,640,35,300
class_confusion,waymo,yolo,2736377008667623133_2676_410_2696_410_1511721509500581,data\processed\milestone_3\images\waymo\external\2736377008667623133_2676_410_2696_410_1511721509500581.png,high,Cyclist,Cyclist,Pedestrian,small,0.00369622,0.875385,0.0,0.875385,4.629081,340.638,327.335,350.743,352.407,340.483,327.156,350.443,350.43,640,640,3,6
class_confusion,waymo,retinanet,8506432817378693815_4860_000_4880_000_1557857355134877,data\processed\milestone_3\images\waymo\external\8506432817378693815_4860_000_4880_000_1557857355134877.png,high,Cyclist,Cyclist,Pedestrian,small,0.29186866,0.586767,0.0,0.586767,4.628636,431.165,320.171,447.587,374.319,429.459,307.459,450.017,368.412,640,640,56,19
class_confusion,kitti,retinanet,000392,data\processed\milestone_3\images\kitti\val\000392.png,high,Vehicle,Vehicle,Cyclist,small,0.00408309,0.874531,0.498762,0.874531,4.628614,214.823,312.392,264.652,337.441,211.324,312.887,267.037,337.556,640,640,11,300
class_confusion,waymo,faster_rcnn,11660186733224028707_420_000_440_000_1541042908272321,data\processed\milestone_3\images\waymo\external\11660186733224028707_420_000_440_000_1541042908272321.png,high,Pedestrian,Pedestrian,Cyclist,small,0.56738138,0.31016,0.0,0.31016,4.627541,0.0,339.766,7.79,380.43,0.219,332.887,19.11,384.956,640,640,36,4
class_confusion,waymo,faster_rcnn,8506432817378693815_4860_000_4880_000_1557857356134808,data\processed\milestone_3\images\waymo\external\8506432817378693815_4860_000_4880_000_1557857356134808.png,high,Cyclist,Cyclist,Pedestrian,small,0.24737491,0.629782,0.0,0.629782,4.627157,463.671,322.13,480.092,373.877,465.028,317.637,479.722,361.379,640,640,61,21
class_confusion,waymo,faster_rcnn,30779396576054160_1880_000_1900_000_1557845085664313,data\processed\milestone_3\images\waymo\external\30779396576054160_1880_000_1900_000_1557845085664313.png,high,Vehicle,Vehicle,Pedestrian,small,0.43468711,0.439031,0.321693,0.439031,4.623718,19.158,328.599,35.159,365.049,14.076,317.424,31.467,368.45,640,640,48,39
class_confusion,kitti,faster_rcnn,002790,data\processed\milestone_3\images\kitti\val\002790.png,high,Vehicle,Vehicle,Cyclist,small,0.00237876,0.869656,0.424034,0.869656,4.622035,267.285,291.471,289.685,323.916,269.856,291.055,289.731,323.772,640,640,12,48
class_confusion,waymo,faster_rcnn,933621182106051783_4160_000_4180_000_1543516687772629,data\processed\milestone_3\images\waymo\external\933621182106051783_4160_000_4180_000_1543516687772629.png,high,Vehicle,Vehicle,Pedestrian,small,0.42222029,0.449254,0.0,0.449254,4.621474,361.585,289.479,374.427,303.596,364.486,289.376,370.487,304.707,640,640,30,9
class_confusion,waymo,retinanet,4690718861228194910_1980_000_2000_000_1552693988249416,data\processed\milestone_3\images\waymo\external\4690718861228194910_1980_000_2000_000_1552693988249416.png,high,Pedestrian,Pedestrian,Vehicle,small,0.08110304,0.784255,0.0,0.784255,4.615358,0.0,342.505,10.737,388.647,0.0,340.109,12.402,391.046,640,640,42,15
class_confusion,waymo,faster_rcnn,8506432817378693815_4860_000_4880_000_1557857368637470,data\processed\milestone_3\images\waymo\external\8506432817378693815_4860_000_4880_000_1557857368637470.png,high,Vehicle,Vehicle,Pedestrian,small,0.49796411,0.3658,0.480184,0.3658,4.613764,393.165,306.792,421.586,342.189,395.925,305.633,408.076,337.503,640,640,39,24
class_confusion,waymo,faster_rcnn,2736377008667623133_2676_410_2696_410_1511721506000758,data\processed\milestone_3\images\waymo\external\2736377008667623133_2676_410_2696_410_1511721506000758.png,high,Cyclist,Cyclist,Pedestrian,small,0.26866022,0.594953,0.0,0.594953,4.613613,362.217,336.5,370.428,356.726,363.56,332.522,370.925,354.188,640,640,7,9
class_confusion,kitti,retinanet,003929,data\processed\milestone_3\images\kitti\val\003929.png,high,Vehicle,Vehicle,Pedestrian,large,0.0067308,0.856714,0.450984,0.856714,4.613445,0.0,334.909,130.298,415.485,0.0,325.579,134.861,414.604,640,640,11,300
class_confusion,waymo,faster_rcnn,10289507859301986274_4200_000_4220_000_1557847408672106,data\processed\milestone_3\images\waymo\external\10289507859301986274_4200_000_4220_000_1557847408672106.png,high,Vehicle,Vehicle,Pedestrian,small,0.54834133,0.312981,0.0,0.312981,4.611322,347.059,312.059,363.691,325.122,349.344,303.727,359.732,337.613,640,640,57,18
class_confusion,waymo,faster_rcnn,16213317953898915772_1597_170_1617_170_1509233628797470,data\processed\milestone_3\images\waymo\external\16213317953898915772_1597_170_1617_170_1509233628797470.png,high,Cyclist,Cyclist,Pedestrian,small,0.33570185,0.525433,0.0,0.525433,4.611135,313.795,336.078,330.006,358.412,318.088,332.439,329.023,364.168,640,640,24,17
class_confusion,waymo,faster_rcnn,10289507859301986274_4200_000_4220_000_1557847408672106,data\processed\milestone_3\images\waymo\external\10289507859301986274_4200_000_4220_000_1557847408672106.png,high,Vehicle,Vehicle,Pedestrian,small,0.54834133,0.311869,0.0,0.311869,4.61021,350.638,315.114,366.006,330.495,349.344,303.727,359.732,337.613,640,640,57,18
class_confusion,waymo,faster_rcnn,8506432817378693815_4860_000_4880_000_1557857360637369,data\processed\milestone_3\images\waymo\external\8506432817378693815_4860_000_4880_000_1557857360637369.png,high,Pedestrian,Pedestrian,Cyclist,small,0.51569819,0.341139,0.356155,0.341139,4.606837,226.951,311.532,233.688,326.07,226.409,305.383,239.989,326.524,640,640,51,29
class_confusion,waymo,faster_rcnn,30779396576054160_1880_000_1900_000_1557845077164332,data\processed\milestone_3\images\waymo\external\30779396576054160_1880_000_1900_000_1557845077164332.png,high,Cyclist,Cyclist,Pedestrian,small,0.16616578,0.689338,0.454378,0.689338,4.605504,206.319,308.477,221.478,340.082,206.456,295.737,221.446,339.289,640,640,43,43
class_confusion,waymo,retinanet,933621182106051783_4160_000_4180_000_1543516678272423,data\processed\milestone_3\images\waymo\external\933621182106051783_4160_000_4180_000_1543516678272423.png,high,Vehicle,Vehicle,Pedestrian,small,0.51518464,0.337467,0.249398,0.337467,4.602652,601.274,274.766,639.59,319.012,602.487,253.671,639.443,383.153,640,640,31,10
class_confusion,waymo,faster_rcnn,9114112687541091312_1100_000_1120_000_1544144328716280,data\processed\milestone_3\images\waymo\external\9114112687541091312_1100_000_1120_000_1544144328716280.png,high,Pedestrian,Pedestrian,Cyclist,small,0.42341438,0.425739,0.48813,0.425739,4.599153,408.171,318.614,417.855,339.309,401.781,312.942,419.153,338.467,640,640,40,12
class_confusion,kitti,faster_rcnn,004961,data\processed\milestone_3\images\kitti\val\004961.png,high,Vehicle,Vehicle,Cyclist,small,0.52076238,0.326766,0.444357,0.326766,4.597528,412.8,306.911,433.68,319.032,417.476,305.431,436.05,334.739,640,640,5,22
class_confusion,kitti,retinanet,000169,data\processed\milestone_3\images\kitti\val\000169.png,high,Vehicle,Vehicle,Cyclist,large,0.05467475,0.792803,0.386642,0.792803,4.597478,0.0,305.043,149.617,381.43,15.47,306.756,145.227,376.585,640,640,16,300
class_confusion,waymo,retinanet,8506432817378693815_4860_000_4880_000_1557857366137460,data\processed\milestone_3\images\waymo\external\8506432817378693815_4860_000_4880_000_1557857366137460.png,high,Pedestrian,Pedestrian,Cyclist,small,0.52965981,0.316573,0.330517,0.316573,4.596233,171.582,314.166,179.582,330.6,169.55,307.453,183.415,337.409,640,640,53,19
class_confusion,kitti,retinanet,003910,data\processed\milestone_3\images\kitti\val\003910.png,high,Vehicle,Vehicle,Cyclist,small,0.00456606,0.840839,0.492882,0.840839,4.595405,335.304,315.414,372.045,332.078,337.083,316.466,372.435,332.949,640,640,7,245
class_confusion,waymo,retinanet,2736377008667623133_2676_410_2696_410_1511721512000476,data\processed\milestone_3\images\waymo\external\2736377008667623133_2676_410_2696_410_1511721512000476.png,high,Cyclist,Cyclist,Pedestrian,small,0.10781432,0.737586,0.0,0.737586,4.5954,304.426,351.564,314.953,379.165,305.696,353.574,316.132,379.124,640,640,3,1
class_confusion,waymo,faster_rcnn,4690718861228194910_1980_000_2000_000_1552693984249382,data\processed\milestone_3\images\waymo\external\4690718861228194910_1980_000_2000_000_1552693984249382.png,high,Vehicle,Vehicle,Pedestrian,small,0.3959884,0.447834,0.399286,0.447834,4.593822,625.379,374.951,639.485,397.917,624.689,350.861,639.488,399.739,640,640,45,15
class_confusion,waymo,retinanet,8506432817378693815_4860_000_4880_000_1557857352637309,data\processed\milestone_3\images\waymo\external\8506432817378693815_4860_000_4880_000_1557857352637309.png,high,Pedestrian,Pedestrian,Vehicle,small,0.11788967,0.725333,0.0,0.725333,4.593223,634.011,295.309,640.0,339.766,632.65,293.752,639.569,339.271,640,640,46,23
class_confusion,waymo,yolo,9041488218266405018_6454_030_6474_030_1508979397226001,data\processed\milestone_3\images\waymo\external\9041488218266405018_6454_030_6474_030_1508979397226001.png,high,Cyclist,Cyclist,Pedestrian,small,0.047515,0.792866,0.0,0.792866,4.590381,461.271,339.766,475.587,372.845,462.007,338.878,477.364,371.5,640,640,13,4
class_confusion,kitti,retinanet,007365,data\processed\milestone_3\images\kitti\val\007365.png,high,Vehicle,Vehicle,Cyclist,small,0.0066378,0.830441,0.45546,0.830441,4.587079,346.048,315.038,388.189,333.061,347.613,313.664,389.849,333.847,640,640,7,251
class_confusion,kitti,faster_rcnn,006833,data\processed\milestone_3\images\kitti\val\006833.png,high,Vehicle,Vehicle,Cyclist,large,0.00101488,0.833217,0.039207,0.833217,4.584232,0.0,316.443,84.967,415.485,9.624,316.153,86.852,411.741,640,640,20,50
class_confusion,waymo,faster_rcnn,3577352947946244999_3980_000_4000_000_1557847187597379,data\processed\milestone_3\images\waymo\external\3577352947946244999_3980_000_4000_000_1557847187597379.png,high,Pedestrian,Pedestrian,Cyclist,small,0.24190366,0.58608,0.478616,0.58608,4.577984,538.404,325.386,555.931,361.625,542.145,330.817,557.118,359.256,640,640,38,27
class_confusion,waymo,retinanet,30779396576054160_1880_000_1900_000_1557845078164309,data\processed\milestone_3\images\waymo\external\30779396576054160_1880_000_1900_000_1557845078164309.png,high,Pedestrian,Pedestrian,Cyclist,medium,0.06149318,0.766481,0.172915,0.766481,4.577974,413.762,299.101,444.78,378.814,410.698,299.518,450.704,378.061,640,640,43,45
class_confusion,waymo,faster_rcnn,14931160836268555821_5778_870_5798_870_1507338352632870,data\processed\milestone_3\images\waymo\external\14931160836268555821_5778_870_5798_870_1507338352632870.png,high,Cyclist,Cyclist,Pedestrian,small,0.214854,0.611902,0.303843,0.611902,4.576756,55.264,336.605,70.633,367.999,50.366,332.673,70.288,370.82,640,640,6,10
class_confusion,waymo,yolo,2736377008667623133_2676_410_2696_410_1511721513998928,data\processed\milestone_3\images\waymo\external\2736377008667623133_2676_410_2696_410_1511721513998928.png,high,Cyclist,Cyclist,Pedestrian,small,0.00124944,0.815387,0.0,0.815387,4.566636,321.164,342.294,335.269,377.901,320.303,341.58,337.03,377.325,640,640,2,1
class_confusion,waymo,retinanet,2105808889850693535_2295_720_2315_720_1511129123978828,data\processed\milestone_3\images\waymo\external\2105808889850693535_2295_720_2315_720_1511129123978828.png,high,Pedestrian,Pedestrian,Cyclist,small,0.49709964,0.318996,0.0,0.318996,4.566096,545.378,338.396,552.747,367.893,536.071,331.809,553.875,370.08,640,640,11,3
class_confusion,waymo,faster_rcnn,3126522626440597519_806_440_826_440_1511046972998165,data\processed\milestone_3\images\waymo\external\3126522626440597519_806_440_826_440_1511046972998165.png,high,Cyclist,Cyclist,Pedestrian,small,0.36012813,0.453779,0.340175,0.453779,4.563907,552.957,327.967,564.536,354.303,552.196,312.685,567.912,353.462,640,640,6,10
class_confusion,kitti,retinanet,003683,data\processed\milestone_3\images\kitti\val\003683.png,high,Pedestrian,Pedestrian,Cyclist,medium,0.02442112,0.788881,0.384995,0.788881,4.563302,398.165,317.209,432.258,391.349,395.645,313.803,435.987,389.297,640,640,13,300
class_confusion,waymo,retinanet,8506432817378693815_4860_000_4880_000_1557857366137460,data\processed\milestone_3\images\waymo\external\8506432817378693815_4860_000_4880_000_1557857366137460.png,high,Pedestrian,Pedestrian,Cyclist,small,0.0884788,0.722971,0.0,0.722971,4.56145,195.425,314.087,204.793,330.995,195.427,310.148,203.803,330.607,640,640,53,19
class_confusion,kitti,retinanet,005742,data\processed\milestone_3\images\kitti\val\005742.png,high,Vehicle,Vehicle,Pedestrian,large,0.00183571,0.809538,0.461863,0.809538,4.561374,0.0,325.697,91.306,403.71,0.0,324.004,86.215,415.764,640,640,3,300
class_confusion,waymo,rtdetr,9041488218266405018_6454_030_6474_030_1508979404818573,data\processed\milestone_3\images\waymo\external\9041488218266405018_6454_030_6474_030_1508979404818573.png,high,Pedestrian,Pedestrian,Cyclist,small,0.34717846,0.463988,0.463988,0.463988,4.561166,218.425,338.923,222.846,352.196,216.236,338.68,224.882,353.309,640,640,8,300
class_confusion,waymo,faster_rcnn,9114112687541091312_1100_000_1120_000_1544144326216286,data\processed\milestone_3\images\waymo\external\9114112687541091312_1100_000_1120_000_1544144326216286.png,high,Cyclist,Cyclist,Pedestrian,small,0.38474596,0.425412,0.394236,0.425412,4.560158,386.776,325.122,397.723,347.456,385.62,311.972,396.654,342.781,640,640,48,12
class_confusion,kitti,retinanet,003784,data\processed\milestone_3\images\kitti\val\003784.png,high,Pedestrian,Pedestrian,Cyclist,medium,0.01616064,0.790659,0.381555,0.790659,4.55682,471.91,294.199,501.797,359.85,471.919,300.475,498.622,358.572,640,640,5,286
class_confusion,waymo,retinanet,9041488218266405018_6454_030_6474_030_1508979396726177,data\processed\milestone_3\images\waymo\external\9041488218266405018_6454_030_6474_030_1508979396726177.png,high,Cyclist,Cyclist,Pedestrian,small,0.24403152,0.559168,0.0,0.559168,4.5532,417.376,337.659,428.534,363.995,416.191,345.174,427.131,363.244,640,640,12,3
class_confusion,kitti,retinanet,006617,data\processed\milestone_3\images\kitti\val\006617.png,high,Pedestrian,Pedestrian,Cyclist,small,0.01031208,0.790541,0.420353,0.790541,4.550853,525.041,303.121,540.701,339.009,523.036,303.488,539.206,339.211,640,640,6,248
class_confusion,kitti,retinanet,002168,data\processed\milestone_3\images\kitti\val\002168.png,high,Vehicle,Vehicle,Pedestrian,small,0.00203827,0.796361,0.254571,0.796361,4.548399,342.359,315.475,401.886,340.987,339.859,314.074,396.821,339.736,640,640,9,300
class_confusion,waymo,faster_rcnn,9114112687541091312_1100_000_1120_000_1544144338316151,data\processed\milestone_3\images\waymo\external\9114112687541091312_1100_000_1120_000_1544144338316151.png,high,Pedestrian,Pedestrian,Cyclist,small,0.1353538,0.658662,0.0,0.658662,4.544016,498.935,319.497,510.177,343.811,494.696,320.169,509.516,343.286,640,640,42,14
class_confusion,waymo,faster_rcnn,9114112687541091312_1100_000_1120_000_1544144326216286,data\processed\milestone_3\images\waymo\external\9114112687541091312_1100_000_1120_000_1544144326216286.png,high,Pedestrian,Pedestrian,Cyclist,small,0.08810659,0.705418,0.0,0.705418,4.543525,510.641,319.539,524.746,350.511,510.463,322.547,528.212,349.264,640,640,48,12
class_confusion,waymo,faster_rcnn,13356997604177841771_3360_000_3380_000_1557267390587932,data\processed\milestone_3\images\waymo\external\13356997604177841771_3360_000_3380_000_1557267390587932.png,high,Vehicle,Vehicle,Pedestrian,small,0.48393297,0.308551,0.009284,0.308551,4.542484,52.527,309.109,84.317,330.6,60.037,304.805,71.777,337.752,640,640,46,22
class_confusion,waymo,retinanet,30779396576054160_1880_000_1900_000_1557845078664302,data\processed\milestone_3\images\waymo\external\30779396576054160_1880_000_1900_000_1557845078664302.png,high,Pedestrian,Pedestrian,Cyclist,medium,0.10767125,0.68327,0.111971,0.68327,4.540941,456.219,307.424,482.324,376.11,452.224,300.951,479.834,380.738,640,640,46,41
class_confusion,waymo,faster_rcnn,8506432817378693815_4860_000_4880_000_1557857356634947,data\processed\milestone_3\images\waymo\external\8506432817378693815_4860_000_4880_000_1557857356634947.png,high,Cyclist,Cyclist,Pedestrian,small,0.13944773,0.650508,0.0,0.650508,4.539956,475.271,318.169,489.798,369.157,475.87,306.368,491.731,365.806,640,640,60,29
class_confusion,waymo,retinanet,10289507859301986274_4200_000_4220_000_1557847395172640,data\processed\milestone_3\images\waymo\external\10289507859301986274_4200_000_4220_000_1557847395172640.png,high,Pedestrian,Pedestrian,Vehicle,small,0.05104133,0.737081,0.061568,0.737081,4.538122,630.116,281.403,640.0,310.268,630.676,276.017,639.815,312.828,640,640,28,16
class_confusion,waymo,faster_rcnn,8506432817378693815_4860_000_4880_000_1557857364637449,data\processed\milestone_3\images\waymo\external\8506432817378693815_4860_000_4880_000_1557857364637449.png,high,Pedestrian,Pedestrian,Cyclist,small,0.35518116,0.432016,0.459501,0.432016,4.537197,203.477,311.954,210.846,329.02,203.435,303.887,214.572,328.178,640,640,48,20
class_confusion,waymo,faster_rcnn,10289507859301986274_4200_000_4220_000_1557847392672581,data\processed\milestone_3\images\waymo\external\10289507859301986274_4200_000_4220_000_1557847392672581.png,high,Cyclist,Cyclist,Pedestrian,small,0.35239348,0.434731,0.338653,0.434731,4.537124,113.16,328.177,131.897,374.319,114.33,292.439,136.242,375.069,640,640,42,19
class_confusion,kitti,retinanet,000535,data\processed\milestone_3\images\kitti\val\000535.png,high,Pedestrian,Pedestrian,Vehicle,small,0.03193031,0.753771,0.368519,0.753771,4.535701,210.787,304.801,234.839,363.718,207.952,303.764,234.252,355.846,640,640,17,178
class_confusion,waymo,yolo,13356997604177841771_3360_000_3380_000_1557267377587261,data\processed\milestone_3\images\waymo\external\13356997604177841771_3360_000_3380_000_1557267377587261.png,high,Cyclist,Cyclist,Pedestrian,small,0.07031626,0.714828,0.0,0.714828,4.535144,404.954,324.701,425.376,377.164,404.138,317.882,428.203,374.269,640,640,49,2
class_confusion,waymo,retinanet,6324079979569135086_2372_300_2392_300_1506988309258013,data\processed\milestone_3\images\waymo\external\6324079979569135086_2372_300_2392_300_1506988309258013.png,high,Pedestrian,Pedestrian,Cyclist,small,0.17799707,0.605612,0.0,0.605612,4.533609,0.0,334.393,6.0,375.268,0.0,323.891,6.899,369.662,640,640,24,14
class_confusion,kitti,faster_rcnn,006475,data\processed\milestone_3\images\kitti\val\006475.png,high,Vehicle,Vehicle,Pedestrian,medium,0.33787906,0.4456,0.17438,0.4456,4.533479,172.076,315.444,239.602,361.274,165.323,311.723,213.861,375.957,640,640,12,61
class_confusion,waymo,yolo,2736377008667623133_2676_410_2696_410_1511721508500889,data\processed\milestone_3\images\waymo\external\2736377008667623133_2676_410_2696_410_1511721508500889.png,high,Cyclist,Cyclist,Pedestrian,small,0.03411148,0.749088,0.0,0.749088,4.533199,348.848,333.445,358.533,356.832,349.266,333.155,358.057,352.96,640,640,3,5
class_confusion,waymo,yolo,8506432817378693815_4860_000_4880_000_1557857361137300,data\processed\milestone_3\images\waymo\external\8506432817378693815_4860_000_4880_000_1557857361137300.png,high,Pedestrian,Pedestrian,Cyclist,small,0.01293574,0.768747,0.0,0.768747,4.531683,0.0,318.064,12.211,354.514,0.073,313.522,13.847,353.935,640,640,47,21
class_confusion,waymo,faster_rcnn,10289507859301986274_4200_000_4220_000_1557847397172702,data\processed\milestone_3\images\waymo\external\10289507859301986274_4200_000_4220_000_1557847397172702.png,high,Cyclist,Cyclist,Pedestrian,small,0.07418638,0.7052,0.0,0.7052,4.529386,185.266,288.356,199.161,313.85,187.351,283.934,198.97,312.974,640,640,44,17
class_confusion,waymo,rtdetr,8506432817378693815_4860_000_4880_000_1557857356634947,data\processed\milestone_3\images\waymo\external\8506432817378693815_4860_000_4880_000_1557857356634947.png,high,Cyclist,Cyclist,Pedestrian,small,0.0273786,0.751497,0.122741,0.751497,4.528876,475.271,318.169,489.798,369.157,473.815,317.667,489.004,362.667,640,640,60,300
class_confusion,waymo,retinanet,13356997604177841771_3360_000_3380_000_1557267383587568,data\processed\milestone_3\images\waymo\external\13356997604177841771_3360_000_3380_000_1557267383587568.png,high,Pedestrian,Pedestrian,Cyclist,small,0.4145897,0.363885,0.0,0.363885,4.528475,49.684,312.481,57.895,332.708,41.943,308.933,56.798,334.059,640,640,45,14
class_confusion,waymo,faster_rcnn,30779396576054160_1880_000_1900_000_1557845076664327,data\processed\milestone_3\images\waymo\external\30779396576054160_1880_000_1900_000_1557845076664327.png,high,Cyclist,Cyclist,Pedestrian,small,0.14474939,0.632882,0.479252,0.632882,4.527631,206.951,307.74,222.109,344.19,206.607,295.111,223.911,343.101,640,640,43,33
class_confusion,waymo,faster_rcnn,8506432817378693815_4860_000_4880_000_1557857358135995,data\processed\milestone_3\images\waymo\external\8506432817378693815_4860_000_4880_000_1557857358135995.png,high,Cyclist,Cyclist,Pedestrian,small,0.33084652,0.446578,0.0,0.446578,4.527425,469.798,320.276,485.587,367.05,467.528,302.651,492.269,364.758,640,640,55,30
class_confusion,waymo,faster_rcnn,6324079979569135086_2372_300_2392_300_1506988292759607,data\processed\milestone_3\images\waymo\external\6324079979569135086_2372_300_2392_300_1506988292759607.png,high,Cyclist,Cyclist,Pedestrian,small,0.19084764,0.584033,0.0,0.584033,4.524881,101.686,323.647,112.634,335.868,102.099,322.925,113.101,342.502,640,640,30,11
class_confusion,waymo,yolo,6324079979569135086_2372_300_2392_300_1506988295759068,data\processed\milestone_3\images\waymo\external\6324079979569135086_2372_300_2392_300_1506988295759068.png,high,Cyclist,Cyclist,Pedestrian,small,0.00384173,0.770821,0.0,0.770821,4.524663,57.58,333.761,70.843,361.994,56.418,330.524,70.516,360.654,640,640,36,15
class_confusion,waymo,rtdetr,8506432817378693815_4860_000_4880_000_1557857358636513,data\processed\milestone_3\images\waymo\external\8506432817378693815_4860_000_4880_000_1557857358636513.png,high,Cyclist,Cyclist,Pedestrian,small,0.01392353,0.760659,0.197099,0.760659,4.524583,448.218,316.694,464.64,363.469,448.591,322.47,465.393,360.224,640,640,53,300
class_confusion,waymo,retinanet,10289507859301986274_4200_000_4220_000_1557847397172702,data\processed\milestone_3\images\waymo\external\10289507859301986274_4200_000_4220_000_1557847397172702.png,high,Cyclist,Cyclist,Pedestrian,small,0.12381878,0.647613,0.0,0.647613,4.521432,185.266,288.356,199.161,313.85,182.891,284.056,200.775,313.039,640,640,44,14
class_confusion,waymo,retinanet,8679184381783013073_7740_000_7760_000_1541816061898859,data\processed\milestone_3\images\waymo\external\8679184381783013073_7740_000_7760_000_1541816061898859.png,high,Pedestrian,Pedestrian,Vehicle,small,0.05874902,0.710976,0.0,0.710976,4.519725,633.695,349.668,640.0,418.144,634.741,353.258,639.556,417.0,640,640,36,5
class_confusion,waymo,retinanet,8506432817378693815_4860_000_4880_000_1557857360637369,data\processed\milestone_3\images\waymo\external\8506432817378693815_4860_000_4880_000_1557857360637369.png,high,Pedestrian,Pedestrian,Cyclist,small,0.05914186,0.710335,0.410811,0.710335,4.519477,7.579,316.694,24.0,342.821,8.567,315.638,22.378,347.48,640,640,51,23
class_confusion,waymo,faster_rcnn,9114112687541091312_1100_000_1120_000_1544144328216300,data\processed\milestone_3\images\waymo\external\9114112687541091312_1100_000_1120_000_1544144328216300.png,high,Cyclist,Cyclist,Pedestrian,small,0.3374165,0.431674,0.14348,0.431674,4.51909,399.349,318.314,406.928,340.516,398.574,308.238,410.264,339.59,640,640,40,17
class_confusion,waymo,faster_rcnn,30779396576054160_1880_000_1900_000_1557845079664314,data\processed\milestone_3\images\waymo\external\30779396576054160_1880_000_1900_000_1557845079664314.png,high,Cyclist,Cyclist,Pedestrian,small,0.3106392,0.457639,0.400599,0.457639,4.518278,211.267,304.211,220.951,326.439,211.641,292.521,223.353,323.84,640,640,46,52
class_confusion,waymo,retinanet,30779396576054160_1880_000_1900_000_1557845081164383,data\processed\milestone_3\images\waymo\external\30779396576054160_1880_000_1900_000_1557845081164383.png,high,Pedestrian,Pedestrian,Cyclist,medium,0.05121826,0.715625,0.324091,0.715625,4.516843,388.428,297.205,411.586,373.266,389.746,300.167,417.989,373.208,640,640,45,50
class_confusion,waymo,retinanet,13356997604177841771_3360_000_3380_000_1557267377587261,data\processed\milestone_3\images\waymo\external\13356997604177841771_3360_000_3380_000_1557267377587261.png,high,Pedestrian,Pedestrian,Cyclist,small,0.18471889,0.581986,0.0,0.581986,4.516705,267.057,313.113,274.005,326.176,266.498,308.322,275.154,326.038,640,640,49,8
class_confusion,kitti,faster_rcnn,006121,data\processed\milestone_3\images\kitti\val\006121.png,high,Pedestrian,Pedestrian,Cyclist,large,0.02629119,0.740366,0.307067,0.740366,4.516657,403.017,294.864,476.512,411.264,412.072,286.063,481.227,406.173,640,640,16,83
class_confusion,waymo,faster_rcnn,13356997604177841771_3360_000_3380_000_1557267390088052,data\processed\milestone_3\images\waymo\external\13356997604177841771_3360_000_3380_000_1557267390088052.png,high,Vehicle,Vehicle,Pedestrian,small,0.40074429,0.362636,0.003286,0.362636,4.51338,60.001,315.325,76.422,327.756,63.785,308.042,76.005,338.047,640,640,42,23
class_confusion,kitti,retinanet,001119,data\processed\milestone_3\images\kitti\val\001119.png,high,Vehicle,Vehicle,Cyclist,medium,0.04268594,0.720627,0.490569,0.720627,4.513313,0.0,328.888,51.741,402.927,1.889,326.467,59.222,413.366,640,640,5,300
class_confusion,kitti,retinanet,006051,data\processed\milestone_3\images\kitti\val\006051.png,high,Pedestrian,Pedestrian,Cyclist,small,0.01010466,0.752639,0.202696,0.752639,4.512744,359.153,306.073,375.895,343.437,360.139,308.885,374.389,345.447,640,640,6,254
class_confusion,kitti,retinanet,003487,data\processed\milestone_3\images\kitti\val\003487.png,high,Pedestrian,Pedestrian,Cyclist,small,0.01876767,0.74363,0.194666,0.74363,4.512398,291.004,307.399,305.479,346.819,288.075,306.712,304.576,348.158,640,640,11,279
class_confusion,kitti,retinanet,007069,data\processed\milestone_3\images\kitti\val\007069.png,high,Vehicle,Vehicle,Cyclist,medium,0.00148967,0.759881,0.426459,0.759881,4.511371,141.011,316.453,243.349,351.126,137.0,317.912,231.45,354.0,640,640,9,300
class_confusion,waymo,retinanet,12657584952502228282_3940_000_3960_000_1549937223398950,data\processed\milestone_3\images\waymo\external\12657584952502228282_3940_000_3960_000_1549937223398950.png,high,Vehicle,Vehicle,Pedestrian,small,0.11061279,0.650668,0.437414,0.650668,4.511281,253.584,312.586,270.426,329.441,254.752,312.272,266.87,331.605,640,640,24,15
class_confusion,waymo,faster_rcnn,13356997604177841771_3360_000_3380_000_1557267383587568,data\processed\milestone_3\images\waymo\external\13356997604177841771_3360_000_3380_000_1557267383587568.png,high,Cyclist,Cyclist,Vehicle,medium,0.19866823,0.561182,0.442888,0.561182,4.50985,485.377,337.922,513.799,427.362,482.25,334.928,526.538,414.823,640,640,45,17
class_confusion,waymo,faster_rcnn,2105808889850693535_2295_720_2315_720_1511129115979075,data\processed\milestone_3\images\waymo\external\2105808889850693535_2295_720_2315_720_1511129115979075.png,high,Vehicle,Vehicle,Pedestrian,small,0.41578576,0.343866,0.345592,0.343866,4.509652,618.748,337.764,640.0,365.997,613.639,316.523,638.359,379.786,640,640,22,8
class_confusion,kitti,retinanet,000436,data\processed\milestone_3\images\kitti\val\000436.png,high,Pedestrian,Pedestrian,Cyclist,small,0.01091074,0.746613,0.464445,0.746613,4.507524,184.776,312.449,196.596,360.483,182.571,310.456,195.986,358.862,640,640,11,300
class_confusion,waymo,rtdetr,16213317953898915772_1597_170_1617_170_1509233626293736,data\processed\milestone_3\images\waymo\external\16213317953898915772_1597_170_1617_170_1509233626293736.png,high,Cyclist,Cyclist,Pedestrian,small,0.00692071,0.750574,0.0,0.750574,4.507495,460.85,331.022,471.377,351.248,460.867,326.472,471.657,350.116,640,640,37,300
class_confusion,kitti,retinanet,001486,data\processed\milestone_3\images\kitti\val\001486.png,high,Vehicle,Vehicle,Cyclist,small,0.01902289,0.737899,0.232472,0.737899,4.506922,258.828,309.525,289.437,334.79,258.957,308.483,293.556,338.552,640,640,5,272
class_confusion,waymo,retinanet,10289507859301986274_4200_000_4220_000_1557847411172351,data\processed\milestone_3\images\waymo\external\10289507859301986274_4200_000_4220_000_1557847411172351.png,high,Pedestrian,Pedestrian,Vehicle,small,0.41258633,0.344269,0.0,0.344269,4.506855,635.695,308.899,640.0,347.245,632.991,295.363,639.565,358.385,640,640,61,15
class_confusion,waymo,retinanet,13356997604177841771_3360_000_3380_000_1557267385588459,data\processed\milestone_3\images\waymo\external\13356997604177841771_3360_000_3380_000_1557267385588459.png,high,Pedestrian,Pedestrian,Cyclist,small,0.44287652,0.311759,0.0,0.311759,4.504636,130.108,313.955,136.845,330.811,122.394,308.927,138.455,329.772,640,640,39,14
class_confusion,kitti,retinanet,005426,data\processed\milestone_3\images\kitti\val\005426.png,high,Vehicle,Vehicle,Cyclist,medium,0.00158233,0.752718,0.376697,0.752718,4.5043,154.012,313.751,245.194,346.767,154.338,312.159,228.317,348.344,640,640,14,290
class_confusion,waymo,yolo,13356997604177841771_3360_000_3380_000_1557267391087785,data\processed\milestone_3\images\waymo\external\13356997604177841771_3360_000_3380_000_1557267391087785.png,high,Cyclist,Cyclist,Pedestrian,medium,0.04522404,0.707356,0.0,0.707356,4.50258,400.27,329.231,427.744,414.562,399.896,314.294,432.668,415.427,640,640,40,12
class_confusion,waymo,yolo,933621182106051783_4160_000_4180_000_1543516670272409,data\processed\milestone_3\images\waymo\external\933621182106051783_4160_000_4180_000_1543516670272409.png,high,Vehicle,Vehicle,Pedestrian,small,0.00177491,0.749774,0.436087,0.749774,4.501549,403.797,318.485,433.271,348.615,400.667,314.664,433.091,350.803,640,640,47,18
class_confusion,waymo,yolo,2736377008667623133_2676_410_2696_410_1511721509000708,data\processed\milestone_3\images\waymo\external\2736377008667623133_2676_410_2696_410_1511721509000708.png,high,Cyclist,Cyclist,Pedestrian,small,0.09215897,0.65905,0.0,0.65905,4.501209,344.638,332.813,354.743,357.464,345.717,330.49,355.557,353.924,640,640,3,4
class_confusion,waymo,yolo,13356997604177841771_3360_000_3380_000_1557267389588330,data\processed\milestone_3\images\waymo\external\13356997604177841771_3360_000_3380_000_1557267389588330.png,high,Cyclist,Cyclist,Pedestrian,medium,0.10509262,0.644876,0.0,0.644876,4.499969,378.428,338.185,407.691,419.935,377.481,321.267,412.898,414.449,640,640,43,1
class_confusion,waymo,faster_rcnn,8506432817378693815_4860_000_4880_000_1557857361637343,data\processed\milestone_3\images\waymo\external\8506432817378693815_4860_000_4880_000_1557857361637343.png,high,Cyclist,Cyclist,Pedestrian,small,0.1431163,0.605181,0.0,0.605181,4.498297,405.27,314.693,417.481,340.398,404.365,309.874,418.15,347.497,640,640,46,27
class_confusion,kitti,retinanet,006460,data\processed\milestone_3\images\kitti\val\006460.png,high,Vehicle,Vehicle,Cyclist,small,0.00111207,0.746242,0.316453,0.746242,4.497354,218.131,317.148,254.408,331.471,213.737,316.311,252.282,332.527,640,640,3,228
class_confusion,kitti,retinanet,003192,data\processed\milestone_3\images\kitti\val\003192.png,high,Vehicle,Vehicle,Pedestrian,small,0.00748673,0.739729,0.336334,0.739729,4.497216,359.096,311.518,380.666,328.563,362.391,311.011,382.18,329.453,640,640,8,300
class_confusion,waymo,retinanet,13356997604177841771_3360_000_3380_000_1557267392587594,data\processed\milestone_3\images\waymo\external\13356997604177841771_3360_000_3380_000_1557267392587594.png,high,Vehicle,Vehicle,Pedestrian,small,0.41546634,0.331265,0.472434,0.331265,4.496731,444.008,302.051,485.272,323.331,443.295,299.799,463.666,339.221,640,640,36,24
class_confusion,waymo,retinanet,3126522626440597519_806_440_826_440_1511046971505079,data\processed\milestone_3\images\waymo\external\3126522626440597519_806_440_826_440_1511046971505079.png,high,Cyclist,Cyclist,Pedestrian,small,0.19507128,0.551361,0.0,0.551361,4.496432,266.005,335.13,273.794,352.618,264.02,327.716,273.737,352.429,640,640,13,7
class_confusion,kitti,faster_rcnn,000336,data\processed\milestone_3\images\kitti\val\000336.png,high,Vehicle,Vehicle,Cyclist,small,0.29745263,0.448875,0.420714,0.448875,4.496328,257.556,307.218,282.541,331.013,255.926,309.328,275.248,342.649,640,640,13,62
class_confusion,waymo,faster_rcnn,933621182106051783_4160_000_4180_000_1543516688272598,data\processed\milestone_3\images\waymo\external\933621182106051783_4160_000_4180_000_1543516688272598.png,high,Vehicle,Vehicle,Pedestrian,small,0.38173541,0.364291,0.302655,0.364291,4.496026,362.375,292.148,375.427,306.264,364.907,292.932,370.187,307.966,640,640,30,11
class_confusion,waymo,yolo,10289507859301986274_4200_000_4220_000_1557847405672479,data\processed\milestone_3\images\waymo\external\10289507859301986274_4200_000_4220_000_1557847405672479.png,high,Vehicle,Vehicle,Pedestrian,small,0.00310831,0.742196,0.007853,0.742196,4.495304,329.637,334.129,353.532,355.725,329.42,336.174,350.642,357.282,640,640,52,18
class_confusion,waymo,faster_rcnn,14931160836268555821_5778_870_5798_870_1507338350135327,data\processed\milestone_3\images\waymo\external\14931160836268555821_5778_870_5798_870_1507338350135327.png,high,Cyclist,Cyclist,Pedestrian,small,0.08722311,0.65577,0.0,0.65577,4.492993,75.159,337.975,86.949,361.151,75.809,330.498,87.412,359.76,640,640,8,3
class_confusion,waymo,retinanet,3577352947946244999_3980_000_4000_000_1557847172597388,data\processed\milestone_3\images\waymo\external\3577352947946244999_3980_000_4000_000_1557847172597388.png,high,Pedestrian,Pedestrian,Cyclist,small,0.34564033,0.3949,0.0,0.3949,4.49054,410.639,319.328,417.797,340.608,400.726,319.421,418.561,340.917,640,640,44,21
class_confusion,waymo,faster_rcnn,8506432817378693815_4860_000_4880_000_1557857368137463,data\processed\milestone_3\images\waymo\external\8506432817378693815_4860_000_4880_000_1557857368137463.png,high,Vehicle,Vehicle,Pedestrian,small,0.2673713,0.47307,0.377826,0.47307,4.490441,392.217,305.633,420.007,338.712,389.201,303.193,409.508,345.627,640,640,47,23
class_confusion,waymo,retinanet,30779396576054160_1880_000_1900_000_1557845081664397,data\processed\milestone_3\images\waymo\external\30779396576054160_1880_000_1900_000_1557845081664397.png,high,Pedestrian,Pedestrian,Vehicle,medium,0.07416938,0.665309,0.349358,0.665309,4.489478,407.481,302.578,439.692,380.956,410.187,303.953,443.358,366.011,640,640,46,42
class_confusion,waymo,faster_rcnn,11660186733224028707_420_000_440_000_1541042911272318,data\processed\milestone_3\images\waymo\external\11660186733224028707_420_000_440_000_1541042911272318.png,high,Vehicle,Vehicle,Pedestrian,small,0.33692896,0.401429,0.001931,0.401429,4.488358,372.217,318.38,392.849,334.393,379.71,309.57,393.039,339.89,640,640,30,3
class_confusion,waymo,faster_rcnn,9114112687541091312_1100_000_1120_000_1544144340316344,data\processed\milestone_3\images\waymo\external\9114112687541091312_1100_000_1120_000_1544144340316344.png,high,Pedestrian,Pedestrian,Cyclist,small,0.38311544,0.354953,0.467624,0.354953,4.488068,365.48,322.805,373.059,345.138,362.133,312.246,376.549,344.951,640,640,46,10
class_confusion,waymo,yolo,13356997604177841771_3360_000_3380_000_1557267392587594,data\processed\milestone_3\images\waymo\external\13356997604177841771_3360_000_3380_000_1557267392587594.png,high,Cyclist,Cyclist,Pedestrian,medium,0.03257583,0.704785,0.0,0.704785,4.487361,403.27,323.437,430.429,408.557,404.422,320.348,437.711,404.96,640,640,36,2
class_confusion,waymo,retinanet,8506432817378693815_4860_000_4880_000_1557857367137450,data\processed\milestone_3\images\waymo\external\8506432817378693815_4860_000_4880_000_1557857367137450.png,high,Vehicle,Vehicle,Pedestrian,small,0.08792668,0.649201,0.420683,0.649201,4.487128,391.481,305.001,419.902,339.344,388.261,307.028,423.825,345.188,640,640,47,17
class_confusion,kitti,retinanet,006833,data\processed\milestone_3\images\kitti\val\006833.png,high,Vehicle,Vehicle,Pedestrian,large,0.01007161,0.725718,0.47252,0.725718,4.48579,0.0,313.144,124.522,402.665,0.87,307.684,103.728,412.185,640,640,20,300
class_confusion,waymo,faster_rcnn,9114112687541091312_1100_000_1120_000_1544144329216283,data\processed\milestone_3\images\waymo\external\9114112687541091312_1100_000_1120_000_1544144329216283.png,high,Pedestrian,Pedestrian,Cyclist,small,0.35775653,0.377778,0.398394,0.377778,4.485535,405.305,318.468,414.99,338.87,398.016,310.515,416.229,338.485,640,640,39,12
class_confusion,waymo,faster_rcnn,4690718861228194910_1980_000_2000_000_1552693981249460,data\processed\milestone_3\images\waymo\external\4690718861228194910_1980_000_2000_000_1552693981249460.png,high,Pedestrian,Pedestrian,Cyclist,small,0.30687562,0.428306,0.0,0.428306,4.485182,57.054,343.137,70.949,378.323,42.486,345.986,70.125,379.295,640,640,42,19
class_confusion,kitti,retinanet,004170,data\processed\milestone_3\images\kitti\val\004170.png,high,Pedestrian,Pedestrian,Cyclist,small,0.04481725,0.688688,0.142937,0.688688,4.483505,192.021,305.161,210.928,360.04,186.976,304.541,211.563,353.514,640,640,17,172
class_confusion,kitti,retinanet,004114,data\processed\milestone_3\images\kitti\val\004114.png,high,Cyclist,Cyclist,Pedestrian,small,0.01487541,0.716749,0.193054,0.716749,4.481624,480.036,312.428,487.554,330.529,479.012,312.43,486.252,330.222,640,640,8,300
class_confusion,waymo,retinanet,30779396576054160_1880_000_1900_000_1557845078664302,data\processed\milestone_3\images\waymo\external\30779396576054160_1880_000_1900_000_1557845078664302.png,high,Pedestrian,Pedestrian,Cyclist,medium,0.10767125,0.623211,0.271713,0.623211,4.480882,449.201,303.28,473.061,387.137,452.224,300.951,479.834,380.738,640,640,46,41
class_confusion,waymo,retinanet,8506432817378693815_4860_000_4880_000_1557857368637470,data\processed\milestone_3\images\waymo\external\8506432817378693815_4860_000_4880_000_1557857368637470.png,high,Vehicle,Vehicle,Pedestrian,small,0.09460981,0.636208,0.0,0.636208,4.480818,393.165,306.792,421.586,342.189,394.599,305.004,414.584,345.697,640,640,39,19
class_confusion,kitti,retinanet,002102,data\processed\milestone_3\images\kitti\val\002102.png,high,Vehicle,Vehicle,Cyclist,medium,0.00114188,0.72554,0.254552,0.72554,4.476682,140.841,315.347,226.695,349.51,131.881,317.413,226.263,355.426,640,640,9,253
class_confusion,waymo,retinanet,10289507859301986274_4200_000_4220_000_1557847393172585,data\processed\milestone_3\images\waymo\external\10289507859301986274_4200_000_4220_000_1557847393172585.png,high,Pedestrian,Pedestrian,Cyclist,small,0.38922471,0.33651,0.0,0.33651,4.475735,39.159,306.476,49.264,332.391,42.012,307.699,55.598,340.77,640,640,42,18
class_confusion,waymo,retinanet,14931160836268555821_5778_870_5798_870_1507338349635394,data\processed\milestone_3\images\waymo\external\14931160836268555821_5778_870_5798_870_1507338349635394.png,high,Cyclist,Cyclist,Pedestrian,small,0.21826363,0.505225,0.0,0.505225,4.473489,90.949,334.814,101.897,357.148,88.745,332.496,98.209,356.714,640,640,9,4
class_confusion,waymo,faster_rcnn,4690718861228194910_1980_000_2000_000_1552693987249418,data\processed\milestone_3\images\waymo\external\4690718861228194910_1980_000_2000_000_1552693987249418.png,high,Pedestrian,Pedestrian,Vehicle,small,0.05814769,0.663949,0.0,0.663949,4.472097,2.105,342.083,19.79,385.276,0.314,349.72,22.961,385.574,640,640,37,13
class_confusion,kitti,retinanet,005532,data\processed\milestone_3\images\kitti\val\005532.png,high,Pedestrian,Pedestrian,Cyclist,small,0.00969941,0.711824,0.338466,0.711824,4.471523,225.182,295.599,239.948,335.446,227.313,296.317,238.659,333.232,640,640,14,300
class_confusion,waymo,rtdetr,8679184381783013073_7740_000_7760_000_1541816062898937,data\processed\milestone_3\images\waymo\external\8679184381783013073_7740_000_7760_000_1541816062898937.png,high,Pedestrian,Pedestrian,Vehicle,small,0.00554341,0.714209,0.0,0.714209,4.469752,620.748,338.975,640.0,413.245,619.953,351.632,639.815,406.837,640,640,36,300
class_confusion,waymo,faster_rcnn,8506432817378693815_4860_000_4880_000_1557857363637447,data\processed\milestone_3\images\waymo\external\8506432817378693815_4860_000_4880_000_1557857363637447.png,high,Cyclist,Cyclist,Pedestrian,small,0.37448195,0.343934,0.0,0.343934,4.468416,137.371,310.9,153.161,326.702,133.268,310.557,151.62,344.905,640,640,45,20
class_confusion,waymo,faster_rcnn,6324079979569135086_2372_300_2392_300_1506988302258459,data\processed\milestone_3\images\waymo\external\6324079979569135086_2372_300_2392_300_1506988302258459.png,high,Vehicle,Vehicle,Pedestrian,small,0.26659527,0.450644,0.377808,0.450644,4.467239,253.268,330.284,282.742,353.671,261.9,328.648,282.107,369.819,640,640,26,23
class_confusion,waymo,yolo,13356997604177841771_3360_000_3380_000_1557267377087332,data\processed\milestone_3\images\waymo\external\13356997604177841771_3360_000_3380_000_1557267377087332.png,high,Cyclist,Cyclist,Pedestrian,small,0.01247247,0.704178,0.0,0.704178,4.46665,397.902,324.701,418.113,371.896,398.872,317.746,421.497,371.121,640,640,51,4
class_confusion,kitti,retinanet,005532,data\processed\milestone_3\images\kitti\val\005532.png,high,Pedestrian,Pedestrian,Vehicle,medium,0.02407862,0.691793,0.35539,0.691793,4.465872,529.067,295.824,576.298,413.178,529.813,299.018,593.003,408.798,640,640,14,300
class_confusion,waymo,rtdetr,8506432817378693815_4860_000_4880_000_1557857358135995,data\processed\milestone_3\images\waymo\external\8506432817378693815_4860_000_4880_000_1557857358135995.png,high,Cyclist,Cyclist,Pedestrian,small,0.02081938,0.693697,0.203229,0.693697,4.464516,469.798,320.276,485.587,367.05,467.474,317.831,482.992,366.785,640,640,55,300
class_confusion,waymo,yolo,10289507859301986274_4200_000_4220_000_1557847404672547,data\processed\milestone_3\images\waymo\external\10289507859301986274_4200_000_4220_000_1557847404672547.png,high,Vehicle,Vehicle,Pedestrian,small,0.00580396,0.708068,0.001582,0.708068,4.463872,326.427,335.762,347.69,355.778,327.526,337.791,344.471,356.065,640,640,46,29
class_confusion,kitti,retinanet,005031,data\processed\milestone_3\images\kitti\val\005031.png,high,Pedestrian,Pedestrian,Vehicle,small,0.0042934,0.708803,0.392485,0.708803,4.463096,373.26,302.521,386.332,332.608,375.672,303.331,387.865,332.783,640,640,9,300
class_confusion,waymo,yolo,4690718861228194910_1980_000_2000_000_1552693987749399,data\processed\milestone_3\images\waymo\external\4690718861228194910_1980_000_2000_000_1552693987749399.png,high,Pedestrian,Pedestrian,Cyclist,small,0.00134227,0.711654,0.377974,0.711654,4.462996,0.421,341.662,16.842,384.854,0.084,348.772,16.168,389.641,640,640,37,13
class_confusion,waymo,faster_rcnn,8506432817378693815_4860_000_4880_000_1557857353136782,data\processed\milestone_3\images\waymo\external\8506432817378693815_4860_000_4880_000_1557857353136782.png,high,Cyclist,Cyclist,Pedestrian,small,0.06562987,0.647271,0.0,0.647271,4.462901,290.705,321.751,310.706,387.348,291.016,304.117,312.845,381.754,640,640,45,23
class_confusion,kitti,retinanet,004527,data\processed\milestone_3\images\kitti\val\004527.png,high,Pedestrian,Pedestrian,Cyclist,medium,0.045534,0.665634,0.364494,0.665634,4.461168,371.869,295.667,402.196,379.596,367.048,295.184,400.216,363.489,640,640,14,300
class_confusion,waymo,yolo,9041488218266405018_6454_030_6474_030_1508979407815136,data\processed\milestone_3\images\waymo\external\9041488218266405018_6454_030_6474_030_1508979407815136.png,high,Pedestrian,Pedestrian,Cyclist,small,0.00130588,0.709194,0.0,0.709194,4.4605,351.323,340.029,366.797,377.217,348.341,336.056,367.576,376.126,640,640,5,3
class_confusion,kitti,faster_rcnn,002666,data\processed\milestone_3\images\kitti\val\002666.png,high,Pedestrian,Pedestrian,Cyclist,small,0.06065972,0.649161,0.498146,0.649161,4.459821,323.153,294.921,352.152,351.971,317.404,300.723,355.345,356.627,640,640,18,125
class_confusion,kitti,retinanet,006121,data\processed\milestone_3\images\kitti\val\006121.png,high,Pedestrian,Pedestrian,Vehicle,large,0.00748606,0.702306,0.482671,0.702306,4.459792,403.017,294.864,476.512,411.264,419.751,299.549,476.694,405.636,640,640,16,300
class_confusion,waymo,retinanet,30779396576054160_1880_000_1900_000_1557845080664363,data\processed\milestone_3\images\waymo\external\30779396576054160_1880_000_1900_000_1557845080664363.png,high,Pedestrian,Pedestrian,Cyclist,medium,0.17395508,0.534907,0.472811,0.534907,4.458862,373.796,305.949,399.27,380.114,359.114,303.826,400.697,368.7,640,640,47,46
class_confusion,waymo,faster_rcnn,13356997604177841771_3360_000_3380_000_1557267381087363,data\processed\milestone_3\images\waymo\external\13356997604177841771_3360_000_3380_000_1557267381087363.png,high,Pedestrian,Pedestrian,Cyclist,small,0.32086399,0.386496,0.464199,0.386496,4.45736,340.111,312.059,347.901,325.965,337.641,306.761,349.955,323.163,640,640,52,17
class_confusion,waymo,rtdetr,8506432817378693815_4860_000_4880_000_1557857354635133,data\processed\milestone_3\images\waymo\external\8506432817378693815_4860_000_4880_000_1557857354635133.png,high,Vehicle,Vehicle,Pedestrian,small,0.01503704,0.690908,0.484957,0.690908,4.455945,372.708,320.803,404.568,346.578,373.939,313.575,405.305,344.84,640,640,57,300
