dataset,detector,image_id,image_path,false_negative_count,false_positive_count,localization_error_count,class_confusion_count,duplicate_detection_count,high_confidence_false_positive_count,safety_relevant_failure_count,total_non_tp_failure_events,failure_type_score,image_width,image_height,total_gt_in_image,total_predictions_in_image
waymo,rtdetr,9114112687541091312_1100_000_1120_000_1544144339816354,data\processed\milestone_3\images\waymo\external\9114112687541091312_1100_000_1120_000_1544144339816354.png,42,295,26,10,9,3,283,382,743.019443,640,640,47,300
waymo,rtdetr,9114112687541091312_1100_000_1120_000_1544144341816280,data\processed\milestone_3\images\waymo\external\9114112687541091312_1100_000_1120_000_1544144341816280.png,40,292,24,10,13,4,281,379,727.996116,640,640,48,300
waymo,rtdetr,9114112687541091312_1100_000_1120_000_1544144332316253,data\processed\milestone_3\images\waymo\external\9114112687541091312_1100_000_1120_000_1544144332316253.png,41,297,28,13,3,3,258,382,726.129293,640,640,44,300
waymo,rtdetr,9114112687541091312_1100_000_1120_000_1544144341316314,data\processed\milestone_3\images\waymo\external\9114112687541091312_1100_000_1120_000_1544144341316314.png,40,291,20,6,18,3,289,375,725.125401,640,640,49,300
waymo,rtdetr,9114112687541091312_1100_000_1120_000_1544144335816195,data\processed\milestone_3\images\waymo\external\9114112687541091312_1100_000_1120_000_1544144335816195.png,37,292,27,9,15,4,283,380,724.073712,640,640,45,300
waymo,rtdetr,9114112687541091312_1100_000_1120_000_1544144340316344,data\processed\milestone_3\images\waymo\external\9114112687541091312_1100_000_1120_000_1544144340316344.png,40,294,22,8,4,2,279,368,723.886424,640,640,46,300
waymo,rtdetr,9114112687541091312_1100_000_1120_000_1544144343816197,data\processed\milestone_3\images\waymo\external\9114112687541091312_1100_000_1120_000_1544144343816197.png,36,292,19,12,24,3,286,383,723.316912,640,640,44,300
waymo,rtdetr,9114112687541091312_1100_000_1120_000_1544144342816305,data\processed\milestone_3\images\waymo\external\9114112687541091312_1100_000_1120_000_1544144342816305.png,40,294,23,7,15,4,280,379,722.949788,640,640,46,300
waymo,rtdetr,9114112687541091312_1100_000_1120_000_1544144342316340,data\processed\milestone_3\images\waymo\external\9114112687541091312_1100_000_1120_000_1544144342316340.png,39,293,20,11,14,4,277,377,721.937541,640,640,46,300
waymo,rtdetr,9114112687541091312_1100_000_1120_000_1544144335316215,data\processed\milestone_3\images\waymo\external\9114112687541091312_1100_000_1120_000_1544144335316215.png,35,292,25,9,17,4,285,378,721.097983,640,640,43,300
waymo,rtdetr,9114112687541091312_1100_000_1120_000_1544144334816198,data\processed\milestone_3\images\waymo\external\9114112687541091312_1100_000_1120_000_1544144334816198.png,36,292,23,11,18,2,281,380,719.797111,640,640,44,300
waymo,rtdetr,9114112687541091312_1100_000_1120_000_1544144326216286,data\processed\milestone_3\images\waymo\external\9114112687541091312_1100_000_1120_000_1544144326216286.png,38,290,22,14,11,1,270,375,717.770137,640,640,48,300
waymo,rtdetr,9114112687541091312_1100_000_1120_000_1544144344316123,data\processed\milestone_3\images\waymo\external\9114112687541091312_1100_000_1120_000_1544144344316123.png,39,292,20,10,11,6,277,372,716.953149,640,640,47,300
waymo,rtdetr,9114112687541091312_1100_000_1120_000_1544144343316292,data\processed\milestone_3\images\waymo\external\9114112687541091312_1100_000_1120_000_1544144343316292.png,39,293,18,11,11,5,275,372,716.238413,640,640,46,300
waymo,rtdetr,9114112687541091312_1100_000_1120_000_1544144333316285,data\processed\milestone_3\images\waymo\external\9114112687541091312_1100_000_1120_000_1544144333316285.png,36,293,27,10,7,4,273,373,716.144726,640,640,43,300
waymo,rtdetr,9114112687541091312_1100_000_1120_000_1544144334316230,data\processed\milestone_3\images\waymo\external\9114112687541091312_1100_000_1120_000_1544144334316230.png,36,293,24,11,20,3,271,384,715.490143,640,640,43,300
waymo,rtdetr,9114112687541091312_1100_000_1120_000_1544144339316236,data\processed\milestone_3\images\waymo\external\9114112687541091312_1100_000_1120_000_1544144339316236.png,35,291,23,9,10,3,281,368,714.023155,640,640,44,300
waymo,rtdetr,9114112687541091312_1100_000_1120_000_1544144340816348,data\processed\milestone_3\images\waymo\external\9114112687541091312_1100_000_1120_000_1544144340816348.png,41,294,24,7,6,4,267,372,713.969134,640,640,47,300
waymo,rtdetr,9114112687541091312_1100_000_1120_000_1544144332816253,data\processed\milestone_3\images\waymo\external\9114112687541091312_1100_000_1120_000_1544144332816253.png,37,294,27,11,8,5,260,377,712.091293,640,640,43,300
waymo,rtdetr,9114112687541091312_1100_000_1120_000_1544144336816339,data\processed\milestone_3\images\waymo\external\9114112687541091312_1100_000_1120_000_1544144336816339.png,36,293,25,6,15,2,273,375,705.026054,640,640,43,300
waymo,rtdetr,9114112687541091312_1100_000_1120_000_1544144333816269,data\processed\milestone_3\images\waymo\external\9114112687541091312_1100_000_1120_000_1544144333816269.png,34,292,24,10,14,2,272,374,704.82806,640,640,42,300
waymo,rtdetr,8506432817378693815_4860_000_4880_000_1557857356634947,data\processed\milestone_3\images\waymo\external\8506432817378693815_4860_000_4880_000_1557857356634947.png,51,291,21,6,18,1,227,387,701.913004,640,640,60,300
waymo,rtdetr,9114112687541091312_1100_000_1120_000_1544144326716290,data\processed\milestone_3\images\waymo\external\9114112687541091312_1100_000_1120_000_1544144326716290.png,36,290,27,10,8,5,262,371,701.220091,640,640,46,300
waymo,rtdetr,9114112687541091312_1100_000_1120_000_1544144336316269,data\processed\milestone_3\images\waymo\external\9114112687541091312_1100_000_1120_000_1544144336316269.png,37,293,21,9,10,3,263,370,700.088183,640,640,44,300
waymo,rtdetr,30779396576054160_1880_000_1900_000_1557845076164361,data\processed\milestone_3\images\waymo\external\30779396576054160_1880_000_1900_000_1557845076164361.png,25,283,19,2,81,1,329,410,699.022825,640,640,42,300
waymo,rtdetr,9114112687541091312_1100_000_1120_000_1544144325216299,data\processed\milestone_3\images\waymo\external\9114112687541091312_1100_000_1120_000_1544144325216299.png,34,287,19,12,23,4,264,375,697.667478,640,640,47,300
waymo,rtdetr,9114112687541091312_1100_000_1120_000_1544144331816256,data\processed\milestone_3\images\waymo\external\9114112687541091312_1100_000_1120_000_1544144331816256.png,37,295,21,10,4,5,252,367,693.855308,640,640,42,300
waymo,rtdetr,9114112687541091312_1100_000_1120_000_1544144324716280,data\processed\milestone_3\images\waymo\external\9114112687541091312_1100_000_1120_000_1544144324716280.png,33,288,21,14,13,6,255,369,693.608543,640,640,45,300
waymo,rtdetr,30779396576054160_1880_000_1900_000_1557845080664363,data\processed\milestone_3\images\waymo\external\30779396576054160_1880_000_1900_000_1557845080664363.png,21,274,16,5,98,4,338,414,691.569549,640,640,47,300
waymo,rtdetr,9114112687541091312_1100_000_1120_000_1544144328716280,data\processed\milestone_3\images\waymo\external\9114112687541091312_1100_000_1120_000_1544144328716280.png,33,293,21,14,16,3,254,377,690.997936,640,640,40,300
waymo,rtdetr,9114112687541091312_1100_000_1120_000_1544144329716272,data\processed\milestone_3\images\waymo\external\9114112687541091312_1100_000_1120_000_1544144329716272.png,34,295,25,10,7,2,251,371,690.822324,640,640,39,300
waymo,rtdetr,9114112687541091312_1100_000_1120_000_1544144338316151,data\processed\milestone_3\images\waymo\external\9114112687541091312_1100_000_1120_000_1544144338316151.png,35,293,20,9,8,3,258,365,687.891336,640,640,42,300
waymo,rtdetr,30779396576054160_1880_000_1900_000_1557845080164307,data\processed\milestone_3\images\waymo\external\30779396576054160_1880_000_1900_000_1557845080164307.png,24,278,14,7,87,1,317,410,686.321779,640,640,46,300
waymo,rtdetr,9114112687541091312_1100_000_1120_000_1544144338816151,data\processed\milestone_3\images\waymo\external\9114112687541091312_1100_000_1120_000_1544144338816151.png,36,291,22,7,5,3,256,361,685.896279,640,640,45,300
waymo,rtdetr,8506432817378693815_4860_000_4880_000_1557857366137460,data\processed\milestone_3\images\waymo\external\8506432817378693815_4860_000_4880_000_1557857366137460.png,40,287,18,3,22,0,250,370,685.463405,640,640,53,300
waymo,rtdetr,9114112687541091312_1100_000_1120_000_1544144325716300,data\processed\milestone_3\images\waymo\external\9114112687541091312_1100_000_1120_000_1544144325716300.png,35,287,17,10,13,2,254,362,682.198451,640,640,48,300
waymo,rtdetr,9114112687541091312_1100_000_1120_000_1544144337316333,data\processed\milestone_3\images\waymo\external\9114112687541091312_1100_000_1120_000_1544144337316333.png,37,293,22,5,8,3,251,365,681.929775,640,640,44,300
waymo,rtdetr,30779396576054160_1880_000_1900_000_1557845082664245,data\processed\milestone_3\images\waymo\external\30779396576054160_1880_000_1900_000_1557845082664245.png,25,277,19,5,71,4,305,397,681.173539,640,640,48,300
waymo,rtdetr,8506432817378693815_4860_000_4880_000_1557857359637183,data\processed\milestone_3\images\waymo\external\8506432817378693815_4860_000_4880_000_1557857359637183.png,42,289,20,6,25,0,227,382,679.212742,640,640,53,300
waymo,rtdetr,9114112687541091312_1100_000_1120_000_1544144337816224,data\processed\milestone_3\images\waymo\external\9114112687541091312_1100_000_1120_000_1544144337816224.png,35,292,22,7,9,3,249,365,676.841119,640,640,43,300
waymo,rtdetr,8506432817378693815_4860_000_4880_000_1557857363637447,data\processed\milestone_3\images\waymo\external\8506432817378693815_4860_000_4880_000_1557857363637447.png,36,291,18,7,24,0,238,376,676.085168,640,640,45,300
waymo,rtdetr,30779396576054160_1880_000_1900_000_1557845075164283,data\processed\milestone_3\images\waymo\external\30779396576054160_1880_000_1900_000_1557845075164283.png,23,282,15,3,77,1,314,400,675.271874,640,640,41,300
waymo,rtdetr,30779396576054160_1880_000_1900_000_1557845078164309,data\processed\milestone_3\images\waymo\external\30779396576054160_1880_000_1900_000_1557845078164309.png,22,279,16,4,82,4,315,403,675.007393,640,640,43,300
waymo,rtdetr,8506432817378693815_4860_000_4880_000_1557857359136948,data\processed\milestone_3\images\waymo\external\8506432817378693815_4860_000_4880_000_1557857359136948.png,43,290,22,2,21,1,218,378,670.152751,640,640,53,300
waymo,rtdetr,30779396576054160_1880_000_1900_000_1557845075664314,data\processed\milestone_3\images\waymo\external\30779396576054160_1880_000_1900_000_1557845075664314.png,21,281,12,2,80,6,320,396,668.899232,640,640,40,300
waymo,rtdetr,9114112687541091312_1100_000_1120_000_1544144330216284,data\processed\milestone_3\images\waymo\external\9114112687541091312_1100_000_1120_000_1544144330216284.png,30,293,19,11,9,5,243,362,668.134261,640,640,37,300
waymo,rtdetr,30779396576054160_1880_000_1900_000_1557845077164332,data\processed\milestone_3\images\waymo\external\30779396576054160_1880_000_1900_000_1557845077164332.png,22,279,15,3,73,1,312,392,667.424739,640,640,43,300
waymo,rtdetr,8506432817378693815_4860_000_4880_000_1557857365637432,data\processed\milestone_3\images\waymo\external\8506432817378693815_4860_000_4880_000_1557857365637432.png,36,287,15,4,24,0,248,366,667.380372,640,640,49,300
waymo,rtdetr,9114112687541091312_1100_000_1120_000_1544144329216283,data\processed\milestone_3\images\waymo\external\9114112687541091312_1100_000_1120_000_1544144329216283.png,32,293,21,11,8,4,240,365,667.194289,640,640,39,300
waymo,rtdetr,9114112687541091312_1100_000_1120_000_1544144331316268,data\processed\milestone_3\images\waymo\external\9114112687541091312_1100_000_1120_000_1544144331316268.png,34,294,22,7,6,2,239,363,665.457092,640,640,40,300
waymo,rtdetr,8506432817378693815_4860_000_4880_000_1557857362637395,data\processed\milestone_3\images\waymo\external\8506432817378693815_4860_000_4880_000_1557857362637395.png,37,289,17,7,17,0,229,367,664.325445,640,640,48,300
waymo,rtdetr,8506432817378693815_4860_000_4880_000_1557857364637449,data\processed\milestone_3\images\waymo\external\8506432817378693815_4860_000_4880_000_1557857364637449.png,35,287,17,3,35,0,241,377,663.143053,640,640,48,300
waymo,rtdetr,8506432817378693815_4860_000_4880_000_1557857358135995,data\processed\milestone_3\images\waymo\external\8506432817378693815_4860_000_4880_000_1557857358135995.png,43,288,19,2,26,1,213,378,661.509855,640,640,55,300
waymo,rtdetr,8506432817378693815_4860_000_4880_000_1557857364137450,data\processed\milestone_3\images\waymo\external\8506432817378693815_4860_000_4880_000_1557857364137450.png,37,289,18,4,27,0,227,375,660.939328,640,640,48,300
waymo,rtdetr,30779396576054160_1880_000_1900_000_1557845082164337,data\processed\milestone_3\images\waymo\external\30779396576054160_1880_000_1900_000_1557845082164337.png,25,277,15,3,65,3,296,385,660.812158,640,640,48,300
waymo,rtdetr,30779396576054160_1880_000_1900_000_1557845078664302,data\processed\milestone_3\images\waymo\external\30779396576054160_1880_000_1900_000_1557845078664302.png,23,277,17,5,73,3,298,395,659.668907,640,640,46,300
waymo,rtdetr,8506432817378693815_4860_000_4880_000_1557857360137294,data\processed\milestone_3\images\waymo\external\8506432817378693815_4860_000_4880_000_1557857360137294.png,36,287,15,3,24,0,241,365,658.711789,640,640,49,300
waymo,rtdetr,30779396576054160_1880_000_1900_000_1557845073164288,data\processed\milestone_3\images\waymo\external\30779396576054160_1880_000_1900_000_1557845073164288.png,19,285,8,2,81,0,313,395,658.522129,640,640,34,300
waymo,rtdetr,8506432817378693815_4860_000_4880_000_1557857356134808,data\processed\milestone_3\images\waymo\external\8506432817378693815_4860_000_4880_000_1557857356134808.png,49,288,19,4,20,1,198,380,657.353927,640,640,61,300
waymo,rtdetr,3577352947946244999_3980_000_4000_000_1557847173097422,data\processed\milestone_3\images\waymo\external\3577352947946244999_3980_000_4000_000_1557847173097422.png,24,280,19,8,39,3,269,370,656.538772,640,640,44,300
waymo,rtdetr,8506432817378693815_4860_000_4880_000_1557857357135138,data\processed\milestone_3\images\waymo\external\8506432817378693815_4860_000_4880_000_1557857357135138.png,48,289,24,3,14,1,199,378,656.43287,640,640,59,300
waymo,rtdetr,30779396576054160_1880_000_1900_000_1557845081164383,data\processed\milestone_3\images\waymo\external\30779396576054160_1880_000_1900_000_1557845081164383.png,21,276,15,4,73,3,297,389,654.88354,640,640,45,300
waymo,rtdetr,30779396576054160_1880_000_1900_000_1557845076664327,data\processed\milestone_3\images\waymo\external\30779396576054160_1880_000_1900_000_1557845076664327.png,22,279,15,1,71,0,302,388,653.832806,640,640,43,300
waymo,rtdetr,30779396576054160_1880_000_1900_000_1557845077664355,data\processed\milestone_3\images\waymo\external\30779396576054160_1880_000_1900_000_1557845077664355.png,19,278,16,3,71,1,306,387,652.794764,640,640,41,300
waymo,rtdetr,9114112687541091312_1100_000_1120_000_1544144330816285,data\processed\milestone_3\images\waymo\external\9114112687541091312_1100_000_1120_000_1544144330816285.png,30,294,18,8,5,3,237,355,652.7678,640,640,36,300
waymo,rtdetr,8506432817378693815_4860_000_4880_000_1557857367137450,data\processed\milestone_3\images\waymo\external\8506432817378693815_4860_000_4880_000_1557857367137450.png,35,288,17,4,22,1,227,366,652.761716,640,640,47,300
waymo,rtdetr,30779396576054160_1880_000_1900_000_1557845084164315,data\processed\milestone_3\images\waymo\external\30779396576054160_1880_000_1900_000_1557845084164315.png,22,276,10,4,66,4,299,378,652.260157,640,640,46,300
waymo,rtdetr,30779396576054160_1880_000_1900_000_1557845092164331,data\processed\milestone_3\images\waymo\external\30779396576054160_1880_000_1900_000_1557845092164331.png,30,278,13,4,66,3,270,391,651.910749,640,640,52,300
waymo,rtdetr,30779396576054160_1880_000_1900_000_1557845089164320,data\processed\milestone_3\images\waymo\external\30779396576054160_1880_000_1900_000_1557845089164320.png,27,277,15,4,57,4,281,380,651.904055,640,640,50,300
waymo,rtdetr,13356997604177841771_3360_000_3380_000_1557267377587261,data\processed\milestone_3\images\waymo\external\13356997604177841771_3360_000_3380_000_1557267377587261.png,44,295,12,2,6,0,220,359,651.015511,640,640,49,300
waymo,rtdetr,9114112687541091312_1100_000_1120_000_1544144327216278,data\processed\milestone_3\images\waymo\external\9114112687541091312_1100_000_1120_000_1544144327216278.png,31,289,18,8,10,2,238,356,650.737363,640,640,42,300
waymo,rtdetr,30779396576054160_1880_000_1900_000_1557845074664280,data\processed\milestone_3\images\waymo\external\30779396576054160_1880_000_1900_000_1557845074664280.png,23,283,15,3,51,2,288,375,650.705293,640,640,40,300
waymo,rtdetr,3577352947946244999_3980_000_4000_000_1557847178597285,data\processed\milestone_3\images\waymo\external\3577352947946244999_3980_000_4000_000_1557847178597285.png,23,283,12,6,27,2,273,351,649.704523,640,640,40,300
waymo,rtdetr,30779396576054160_1880_000_1900_000_1557845079664314,data\processed\milestone_3\images\waymo\external\30779396576054160_1880_000_1900_000_1557845079664314.png,18,272,11,3,90,3,315,394,648.838099,640,640,46,300
waymo,rtdetr,8506432817378693815_4860_000_4880_000_1557857360637369,data\processed\milestone_3\images\waymo\external\8506432817378693815_4860_000_4880_000_1557857360637369.png,37,286,12,4,25,1,221,364,648.748039,640,640,51,300
waymo,rtdetr,8506432817378693815_4860_000_4880_000_1557857358636513,data\processed\milestone_3\images\waymo\external\8506432817378693815_4860_000_4880_000_1557857358636513.png,44,291,21,3,12,0,195,371,646.937314,640,640,53,300
waymo,rtdetr,30779396576054160_1880_000_1900_000_1557845079164322,data\processed\milestone_3\images\waymo\external\30779396576054160_1880_000_1900_000_1557845079164322.png,20,274,12,3,78,4,304,387,646.109174,640,640,46,300
waymo,rtdetr,10289507859301986274_4200_000_4220_000_1557847399172389,data\processed\milestone_3\images\waymo\external\10289507859301986274_4200_000_4220_000_1557847399172389.png,30,288,19,7,23,2,231,367,645.579136,640,640,42,300
waymo,rtdetr,30779396576054160_1880_000_1900_000_1557845081664397,data\processed\milestone_3\images\waymo\external\30779396576054160_1880_000_1900_000_1557845081664397.png,23,277,16,1,65,5,288,382,645.228076,640,640,46,300
waymo,rtdetr,8506432817378693815_4860_000_4880_000_1557857369137487,data\processed\milestone_3\images\waymo\external\8506432817378693815_4860_000_4880_000_1557857369137487.png,28,288,17,5,25,0,238,363,644.154647,640,640,40,300
waymo,rtdetr,8506432817378693815_4860_000_4880_000_1557857354635133,data\processed\milestone_3\images\waymo\external\8506432817378693815_4860_000_4880_000_1557857354635133.png,47,290,15,8,22,0,185,382,643.992086,640,640,57,300
waymo,rtdetr,30779396576054160_1880_000_1900_000_1557845083664337,data\processed\milestone_3\images\waymo\external\30779396576054160_1880_000_1900_000_1557845083664337.png,20,275,8,5,72,3,300,380,643.788191,640,640,45,300
waymo,rtdetr,30779396576054160_1880_000_1900_000_1557845091664362,data\processed\milestone_3\images\waymo\external\30779396576054160_1880_000_1900_000_1557845091664362.png,30,278,17,3,53,4,260,381,642.856002,640,640,52,300
waymo,rtdetr,8506432817378693815_4860_000_4880_000_1557857366637459,data\processed\milestone_3\images\waymo\external\8506432817378693815_4860_000_4880_000_1557857366637459.png,37,288,17,3,22,1,210,367,642.274766,640,640,49,300
waymo,rtdetr,30779396576054160_1880_000_1900_000_1557845089664250,data\processed\milestone_3\images\waymo\external\30779396576054160_1880_000_1900_000_1557845089664250.png,27,276,11,5,57,4,268,376,640.760291,640,640,51,300
waymo,rtdetr,30779396576054160_1880_000_1900_000_1557845088164321,data\processed\milestone_3\images\waymo\external\30779396576054160_1880_000_1900_000_1557845088164321.png,29,278,14,5,59,4,257,385,640.00735,640,640,51,300
waymo,rtdetr,13356997604177841771_3360_000_3380_000_1557267381587525,data\processed\milestone_3\images\waymo\external\13356997604177841771_3360_000_3380_000_1557267381587525.png,40,290,14,3,8,1,228,355,639.37057,640,640,50,300
waymo,rtdetr,30779396576054160_1880_000_1900_000_1557845084664255,data\processed\milestone_3\images\waymo\external\30779396576054160_1880_000_1900_000_1557845084664255.png,21,274,12,5,69,0,289,381,639.318991,640,640,47,300
waymo,rtdetr,8506432817378693815_4860_000_4880_000_1557857367637448,data\processed\milestone_3\images\waymo\external\8506432817378693815_4860_000_4880_000_1557857367637448.png,35,288,18,3,18,1,215,362,639.18198,640,640,47,300
waymo,rtdetr,13356997604177841771_3360_000_3380_000_1557267378087469,data\processed\milestone_3\images\waymo\external\13356997604177841771_3360_000_3380_000_1557267378087469.png,42,294,15,3,12,0,206,366,638.936885,640,640,48,300
waymo,rtdetr,30779396576054160_1880_000_1900_000_1557845083164333,data\processed\milestone_3\images\waymo\external\30779396576054160_1880_000_1900_000_1557845083164333.png,20,273,11,3,75,4,295,382,638.364242,640,640,47,300
waymo,rtdetr,8506432817378693815_4860_000_4880_000_1557857365137457,data\processed\milestone_3\images\waymo\external\8506432817378693815_4860_000_4880_000_1557857365137457.png,34,286,13,3,25,0,227,361,638.119428,640,640,48,300
waymo,rtdetr,13356997604177841771_3360_000_3380_000_1557267378587691,data\processed\milestone_3\images\waymo\external\13356997604177841771_3360_000_3380_000_1557267378587691.png,44,296,19,2,6,1,196,367,637.995352,640,640,48,300
waymo,rtdetr,8506432817378693815_4860_000_4880_000_1557857357635506,data\processed\milestone_3\images\waymo\external\8506432817378693815_4860_000_4880_000_1557857357635506.png,44,288,18,4,21,0,187,375,637.865698,640,640,56,300
waymo,rtdetr,13356997604177841771_3360_000_3380_000_1557267379587481,data\processed\milestone_3\images\waymo\external\13356997604177841771_3360_000_3380_000_1557267379587481.png,44,296,15,5,5,2,200,365,637.588924,640,640,48,300
kitti,rtdetr,005812,data\processed\milestone_3\images\kitti\val\005812.png,0,295,0,0,90,2,340,385,637.218005,640,640,5,300
waymo,rtdetr,30779396576054160_1880_000_1900_000_1557845074164295,data\processed\milestone_3\images\waymo\external\30779396576054160_1880_000_1900_000_1557845074164295.png,19,280,9,2,74,4,297,384,636.836087,640,640,39,300
waymo,rtdetr,30779396576054160_1880_000_1900_000_1557845088664320,data\processed\milestone_3\images\waymo\external\30779396576054160_1880_000_1900_000_1557845088664320.png,26,275,11,3,62,2,273,377,636.60634,640,640,51,300
waymo,rtdetr,13356997604177841771_3360_000_3380_000_1557267379087718,data\processed\milestone_3\images\waymo\external\13356997604177841771_3360_000_3380_000_1557267379087718.png,39,294,19,6,13,0,204,371,636.350702,640,640,45,300
waymo,rtdetr,8506432817378693815_4860_000_4880_000_1557857361637343,data\processed\milestone_3\images\waymo\external\8506432817378693815_4860_000_4880_000_1557857361637343.png,36,290,12,2,19,1,214,359,636.078179,640,640,46,300
waymo,rtdetr,30779396576054160_1880_000_1900_000_1557845072664263,data\processed\milestone_3\images\waymo\external\30779396576054160_1880_000_1900_000_1557845072664263.png,18,284,12,2,69,0,285,385,635.589863,640,640,34,300
waymo,rtdetr,30779396576054160_1880_000_1900_000_1557845091164358,data\processed\milestone_3\images\waymo\external\30779396576054160_1880_000_1900_000_1557845091164358.png,28,277,17,6,51,4,251,379,634.710863,640,640,51,300
waymo,rtdetr,30779396576054160_1880_000_1900_000_1557845085664313,data\processed\milestone_3\images\waymo\external\30779396576054160_1880_000_1900_000_1557845085664313.png,26,278,11,7,51,3,267,373,634.658657,640,640,48,300
waymo,rtdetr,13356997604177841771_3360_000_3380_000_1557267377087332,data\processed\milestone_3\images\waymo\external\13356997604177841771_3360_000_3380_000_1557267377087332.png,46,295,13,2,6,0,199,362,634.019957,640,640,51,300
waymo,rtdetr,8506432817378693815_4860_000_4880_000_1557857368637470,data\processed\milestone_3\images\waymo\external\8506432817378693815_4860_000_4880_000_1557857368637470.png,26,287,21,3,18,2,234,355,633.408262,640,640,39,300
waymo,rtdetr,13356997604177841771_3360_000_3380_000_1557267385588459,data\processed\milestone_3\images\waymo\external\13356997604177841771_3360_000_3380_000_1557267385588459.png,32,293,16,2,38,4,238,381,631.894143,640,640,39,300
waymo,rtdetr,13356997604177841771_3360_000_3380_000_1557267380087192,data\processed\milestone_3\images\waymo\external\13356997604177841771_3360_000_3380_000_1557267380087192.png,45,293,17,3,13,1,193,371,630.186124,640,640,52,300
waymo,rtdetr,30779396576054160_1880_000_1900_000_1557845073664294,data\processed\milestone_3\images\waymo\external\30779396576054160_1880_000_1900_000_1557845073664294.png,20,284,12,3,51,1,278,370,629.589356,640,640,36,300
waymo,rtdetr,8506432817378693815_4860_000_4880_000_1557857361137300,data\processed\milestone_3\images\waymo\external\8506432817378693815_4860_000_4880_000_1557857361137300.png,37,290,12,1,23,1,211,363,629.51042,640,640,47,300
waymo,rtdetr,8506432817378693815_4860_000_4880_000_1557857362137378,data\processed\milestone_3\images\waymo\external\8506432817378693815_4860_000_4880_000_1557857362137378.png,37,290,12,2,18,1,207,359,628.883204,640,640,47,300
waymo,rtdetr,8506432817378693815_4860_000_4880_000_1557857363137470,data\processed\milestone_3\images\waymo\external\8506432817378693815_4860_000_4880_000_1557857363137470.png,35,286,14,4,16,0,209,355,627.997422,640,640,49,300
waymo,rtdetr,8506432817378693815_4860_000_4880_000_1557857350637092,data\processed\milestone_3\images\waymo\external\8506432817378693815_4860_000_4880_000_1557857350637092.png,34,287,14,3,28,2,212,366,627.761261,640,640,47,300
waymo,rtdetr,3577352947946244999_3980_000_4000_000_1557847172597388,data\processed\milestone_3\images\waymo\external\3577352947946244999_3980_000_4000_000_1557847172597388.png,23,279,13,4,46,2,251,365,626.876405,640,640,44,300
waymo,rtdetr,8506432817378693815_4860_000_4880_000_1557857368137463,data\processed\milestone_3\images\waymo\external\8506432817378693815_4860_000_4880_000_1557857368137463.png,36,289,19,1,21,3,204,366,626.804406,640,640,47,300
waymo,rtdetr,9114112687541091312_1100_000_1120_000_1544144328216300,data\processed\milestone_3\images\waymo\external\9114112687541091312_1100_000_1120_000_1544144328216300.png,30,290,14,4,21,2,230,359,626.539689,640,640,40,300
waymo,rtdetr,30779396576054160_1880_000_1900_000_1557845090664325,data\processed\milestone_3\images\waymo\external\30779396576054160_1880_000_1900_000_1557845090664325.png,28,275,15,5,47,0,248,370,624.49536,640,640,53,300
waymo,rtdetr,13356997604177841771_3360_000_3380_000_1557267381087363,data\processed\milestone_3\images\waymo\external\13356997604177841771_3360_000_3380_000_1557267381087363.png,41,289,19,2,13,1,206,364,623.333216,640,640,52,300
waymo,rtdetr,30779396576054160_1880_000_1900_000_1557845086664263,data\processed\milestone_3\images\waymo\external\30779396576054160_1880_000_1900_000_1557845086664263.png,20,274,7,2,74,1,280,377,623.157751,640,640,46,300
waymo,rtdetr,13356997604177841771_3360_000_3380_000_1557267383087635,data\processed\milestone_3\images\waymo\external\13356997604177841771_3360_000_3380_000_1557267383087635.png,39,292,16,5,16,4,204,368,622.952717,640,640,47,300
waymo,rtdetr,3577352947946244999_3980_000_4000_000_1557847173597426,data\processed\milestone_3\images\waymo\external\3577352947946244999_3980_000_4000_000_1557847173597426.png,22,280,14,5,48,2,240,369,622.47425,640,640,42,300
waymo,rtdetr,30779396576054160_1880_000_1900_000_1557845085164268,data\processed\milestone_3\images\waymo\external\30779396576054160_1880_000_1900_000_1557845085164268.png,21,274,8,4,61,2,273,368,618.3169,640,640,47,300
waymo,rtdetr,9114112687541091312_1100_000_1120_000_1544144327716284,data\processed\milestone_3\images\waymo\external\9114112687541091312_1100_000_1120_000_1544144327716284.png,29,291,15,8,8,6,216,351,618.267327,640,640,38,300
waymo,rtdetr,8506432817378693815_4860_000_4880_000_1557857355634815,data\processed\milestone_3\images\waymo\external\8506432817378693815_4860_000_4880_000_1557857355634815.png,49,288,13,0,22,3,175,372,617.282015,640,640,61,300
waymo,rtdetr,10289507859301986274_4200_000_4220_000_1557847393172585,data\processed\milestone_3\images\waymo\external\10289507859301986274_4200_000_4220_000_1557847393172585.png,34,292,16,6,11,0,194,359,616.960152,640,640,42,300
waymo,rtdetr,3577352947946244999_3980_000_4000_000_1557847179097224,data\processed\milestone_3\images\waymo\external\3577352947946244999_3980_000_4000_000_1557847179097224.png,22,280,8,2,43,6,255,355,616.363468,640,640,42,300
waymo,rtdetr,10289507859301986274_4200_000_4220_000_1557847411672343,data\processed\milestone_3\images\waymo\external\10289507859301986274_4200_000_4220_000_1557847411672343.png,50,289,17,3,32,1,147,391,615.479577,640,640,61,300
waymo,rtdetr,10289507859301986274_4200_000_4220_000_1557847410172119,data\processed\milestone_3\images\waymo\external\10289507859301986274_4200_000_4220_000_1557847410172119.png,51,289,16,3,35,0,140,394,615.339574,640,640,62,300
waymo,rtdetr,10289507859301986274_4200_000_4220_000_1557847398172641,data\processed\milestone_3\images\waymo\external\10289507859301986274_4200_000_4220_000_1557847398172641.png,32,286,16,6,28,2,203,368,614.258303,640,640,46,300
waymo,rtdetr,10289507859301986274_4200_000_4220_000_1557847397172702,data\processed\milestone_3\images\waymo\external\10289507859301986274_4200_000_4220_000_1557847397172702.png,29,285,11,6,29,1,222,360,614.014908,640,640,44,300
waymo,rtdetr,8506432817378693815_4860_000_4880_000_1557857351137187,data\processed\milestone_3\images\waymo\external\8506432817378693815_4860_000_4880_000_1557857351137187.png,33,286,15,5,24,0,201,363,613.478302,640,640,47,300
waymo,rtdetr,8506432817378693815_4860_000_4880_000_1557857353636054,data\processed\milestone_3\images\waymo\external\8506432817378693815_4860_000_4880_000_1557857353636054.png,35,286,9,2,29,0,214,361,613.063708,640,640,49,300
waymo,rtdetr,10289507859301986274_4200_000_4220_000_1557847396672632,data\processed\milestone_3\images\waymo\external\10289507859301986274_4200_000_4220_000_1557847396672632.png,29,285,11,1,30,0,228,356,611.385931,640,640,44,300
waymo,rtdetr,10289507859301986274_4200_000_4220_000_1557847398672474,data\processed\milestone_3\images\waymo\external\10289507859301986274_4200_000_4220_000_1557847398672474.png,28,286,13,0,33,0,229,360,611.371585,640,640,42,300
waymo,rtdetr,10289507859301986274_4200_000_4220_000_1557847412172249,data\processed\milestone_3\images\waymo\external\10289507859301986274_4200_000_4220_000_1557847412172249.png,47,289,15,3,27,1,157,381,610.774626,640,640,58,300
waymo,rtdetr,30779396576054160_1880_000_1900_000_1557845090164314,data\processed\milestone_3\images\waymo\external\30779396576054160_1880_000_1900_000_1557845090164314.png,25,274,14,2,58,1,248,373,610.740889,640,640,51,300
waymo,rtdetr,13356997604177841771_3360_000_3380_000_1557267380587205,data\processed\milestone_3\images\waymo\external\13356997604177841771_3360_000_3380_000_1557267380587205.png,40,290,16,3,11,3,190,360,608.686495,640,640,50,300
waymo,rtdetr,13356997604177841771_3360_000_3380_000_1557267388088357,data\processed\milestone_3\images\waymo\external\13356997604177841771_3360_000_3380_000_1557267388088357.png,39,297,12,2,11,5,203,361,607.253058,640,640,42,300
waymo,rtdetr,10289507859301986274_4200_000_4220_000_1557847411172351,data\processed\milestone_3\images\waymo\external\10289507859301986274_4200_000_4220_000_1557847411172351.png,50,289,13,2,21,1,153,375,607.249321,640,640,61,300
waymo,rtdetr,10289507859301986274_4200_000_4220_000_1557847392672581,data\processed\milestone_3\images\waymo\external\10289507859301986274_4200_000_4220_000_1557847392672581.png,33,291,9,4,12,3,196,349,606.453684,640,640,42,300
waymo,rtdetr,8506432817378693815_4860_000_4880_000_1557857369637432,data\processed\milestone_3\images\waymo\external\8506432817378693815_4860_000_4880_000_1557857369637432.png,23,289,16,4,35,0,205,367,603.916353,640,640,34,300
waymo,rtdetr,8506432817378693815_4860_000_4880_000_1557857353136782,data\processed\milestone_3\images\waymo\external\8506432817378693815_4860_000_4880_000_1557857353136782.png,32,287,10,3,43,2,199,375,603.426757,640,640,45,300
kitti,rtdetr,003683,data\processed\milestone_3\images\kitti\val\003683.png,0,287,0,0,89,6,312,376,603.032035,640,640,13,300
waymo,rtdetr,13356997604177841771_3360_000_3380_000_1557267382087526,data\processed\milestone_3\images\waymo\external\13356997604177841771_3360_000_3380_000_1557267382087526.png,43,294,14,3,8,0,176,362,602.003435,640,640,49,300
waymo,rtdetr,3577352947946244999_3980_000_4000_000_1557847174097401,data\processed\milestone_3\images\waymo\external\3577352947946244999_3980_000_4000_000_1557847174097401.png,20,281,13,3,45,2,221,362,599.792815,640,640,39,300
waymo,rtdetr,30779396576054160_1880_000_1900_000_1557845086164277,data\processed\milestone_3\images\waymo\external\30779396576054160_1880_000_1900_000_1557845086164277.png,22,276,8,1,59,3,250,366,598.803112,640,640,46,300
waymo,rtdetr,13356997604177841771_3360_000_3380_000_1557267388588540,data\processed\milestone_3\images\waymo\external\13356997604177841771_3360_000_3380_000_1557267388588540.png,40,297,13,2,9,4,193,361,598.596425,640,640,43,300
waymo,rtdetr,13356997604177841771_3360_000_3380_000_1557267382587584,data\processed\milestone_3\images\waymo\external\13356997604177841771_3360_000_3380_000_1557267382587584.png,38,290,16,5,13,0,182,362,598.344017,640,640,48,300
waymo,rtdetr,8506432817378693815_4860_000_4880_000_1557857355134877,data\processed\milestone_3\images\waymo\external\8506432817378693815_4860_000_4880_000_1557857355134877.png,42,286,17,2,16,2,174,363,597.406043,640,640,56,300
waymo,rtdetr,3577352947946244999_3980_000_4000_000_1557847178097471,data\processed\milestone_3\images\waymo\external\3577352947946244999_3980_000_4000_000_1557847178097471.png,23,284,11,1,26,3,222,345,597.32051,640,640,39,300
waymo,rtdetr,13356997604177841771_3360_000_3380_000_1557267383587568,data\processed\milestone_3\images\waymo\external\13356997604177841771_3360_000_3380_000_1557267383587568.png,36,291,12,1,35,4,195,375,596.858426,640,640,45,300
waymo,rtdetr,13356997604177841771_3360_000_3380_000_1557267384587702,data\processed\milestone_3\images\waymo\external\13356997604177841771_3360_000_3380_000_1557267384587702.png,35,293,11,2,21,5,197,362,596.614681,640,640,42,300
waymo,rtdetr,8506432817378693815_4860_000_4880_000_1557857354135532,data\processed\milestone_3\images\waymo\external\8506432817378693815_4860_000_4880_000_1557857354135532.png,44,287,9,1,26,1,171,367,595.984717,640,640,57,300
waymo,rtdetr,13356997604177841771_3360_000_3380_000_1557267386088565,data\processed\milestone_3\images\waymo\external\13356997604177841771_3360_000_3380_000_1557267386088565.png,38,293,10,3,16,3,194,360,594.892619,640,640,45,300
waymo,rtdetr,8506432817378693815_4860_000_4880_000_1557857352637309,data\processed\milestone_3\images\waymo\external\8506432817378693815_4860_000_4880_000_1557857352637309.png,34,288,10,3,26,3,182,361,594.536237,640,640,46,300
kitti,rtdetr,006703,data\processed\milestone_3\images\kitti\val\006703.png,0,292,0,0,70,6,295,362,592.561772,640,640,8,300
waymo,rtdetr,30779396576054160_1880_000_1900_000_1557845087664279,data\processed\milestone_3\images\waymo\external\30779396576054160_1880_000_1900_000_1557845087664279.png,22,274,8,3,51,3,243,358,592.496063,640,640,48,300
waymo,rtdetr,10289507859301986274_4200_000_4220_000_1557847393672620,data\processed\milestone_3\images\waymo\external\10289507859301986274_4200_000_4220_000_1557847393672620.png,27,290,11,5,24,2,191,357,591.478706,640,640,37,300
waymo,rtdetr,10289507859301986274_4200_000_4220_000_1557847397672777,data\processed\milestone_3\images\waymo\external\10289507859301986274_4200_000_4220_000_1557847397672777.png,29,285,11,4,28,4,195,357,590.312948,640,640,44,300
waymo,rtdetr,10289507859301986274_4200_000_4220_000_1557847409172005,data\processed\milestone_3\images\waymo\external\10289507859301986274_4200_000_4220_000_1557847409172005.png,50,289,16,2,30,3,126,387,589.802792,640,640,61,300
waymo,rtdetr,3577352947946244999_3980_000_4000_000_1557847179597308,data\processed\milestone_3\images\waymo\external\3577352947946244999_3980_000_4000_000_1557847179597308.png,21,278,5,2,43,4,234,349,589.713501,640,640,43,300
waymo,rtdetr,3577352947946244999_3980_000_4000_000_1557847184097476,data\processed\milestone_3\images\waymo\external\3577352947946244999_3980_000_4000_000_1557847184097476.png,22,282,10,1,26,6,235,341,589.355355,640,640,40,300
waymo,rtdetr,13356997604177841771_3360_000_3380_000_1557267390587932,data\processed\milestone_3\images\waymo\external\13356997604177841771_3360_000_3380_000_1557267390587932.png,37,291,13,4,15,1,194,360,588.245166,640,640,46,300
waymo,rtdetr,3577352947946244999_3980_000_4000_000_1557847180097380,data\processed\milestone_3\images\waymo\external\3577352947946244999_3980_000_4000_000_1557847180097380.png,20,280,7,1,49,3,231,357,587.898198,640,640,40,300
waymo,rtdetr,8506432817378693815_4860_000_4880_000_1557857370137196,data\processed\milestone_3\images\waymo\external\8506432817378693815_4860_000_4880_000_1557857370137196.png,20,288,13,2,26,1,213,349,587.556522,640,640,32,300
waymo,rtdetr,3577352947946244999_3980_000_4000_000_1557847180597425,data\processed\milestone_3\images\waymo\external\3577352947946244999_3980_000_4000_000_1557847180597425.png,19,280,6,2,40,5,237,347,587.423277,640,640,39,300
waymo,rtdetr,8506432817378693815_4860_000_4880_000_1557857351637267,data\processed\milestone_3\images\waymo\external\8506432817378693815_4860_000_4880_000_1557857351637267.png,32,287,9,1,33,4,187,362,586.665277,640,640,45,300
waymo,rtdetr,3577352947946244999_3980_000_4000_000_1557847176097365,data\processed\milestone_3\images\waymo\external\3577352947946244999_3980_000_4000_000_1557847176097365.png,21,282,12,4,30,3,221,349,586.363406,640,640,39,300
kitti,rtdetr,002156,data\processed\milestone_3\images\kitti\val\002156.png,1,290,1,1,55,10,286,348,586.164488,640,640,11,300
kitti,rtdetr,005743,data\processed\milestone_3\images\kitti\val\005743.png,0,293,0,0,56,3,291,349,585.875443,640,640,7,300
kitti,rtdetr,002583,data\processed\milestone_3\images\kitti\val\002583.png,0,290,0,0,61,8,290,351,585.746253,640,640,10,300
waymo,rtdetr,3577352947946244999_3980_000_4000_000_1557847181097330,data\processed\milestone_3\images\waymo\external\3577352947946244999_3980_000_4000_000_1557847181097330.png,21,281,9,3,30,0,224,344,585.215176,640,640,40,300
waymo,rtdetr,13356997604177841771_3360_000_3380_000_1557267384087486,data\processed\milestone_3\images\waymo\external\13356997604177841771_3360_000_3380_000_1557267384087486.png,34,290,10,3,19,2,188,356,584.854441,640,640,44,300
waymo,rtdetr,10289507859301986274_4200_000_4220_000_1557847408672106,data\processed\milestone_3\images\waymo\external\10289507859301986274_4200_000_4220_000_1557847408672106.png,44,287,6,3,37,2,139,377,584.774772,640,640,57,300
waymo,rtdetr,30779396576054160_1880_000_1900_000_1557845087164294,data\processed\milestone_3\images\waymo\external\30779396576054160_1880_000_1900_000_1557845087164294.png,19,271,5,1,66,2,252,362,583.255574,640,640,48,300
waymo,rtdetr,13356997604177841771_3360_000_3380_000_1557267386588510,data\processed\milestone_3\images\waymo\external\13356997604177841771_3360_000_3380_000_1557267386588510.png,41,291,5,1,20,3,183,358,582.810493,640,640,50,300
waymo,rtdetr,8506432817378693815_4860_000_4880_000_1557857352137355,data\processed\milestone_3\images\waymo\external\8506432817378693815_4860_000_4880_000_1557857352137355.png,29,285,9,2,29,0,188,354,580.231928,640,640,44,300
kitti,rtdetr,001667,data\processed\milestone_3\images\kitti\val\001667.png,0,294,0,0,48,2,284,342,580.008928,640,640,6,300
waymo,rtdetr,13356997604177841771_3360_000_3380_000_1557267387088421,data\processed\milestone_3\images\waymo\external\13356997604177841771_3360_000_3380_000_1557267387088421.png,34,293,6,2,11,4,189,346,579.868015,640,640,41,300
waymo,rtdetr,3577352947946244999_3980_000_4000_000_1557847184597476,data\processed\milestone_3\images\waymo\external\3577352947946244999_3980_000_4000_000_1557847184597476.png,21,285,8,4,26,2,216,344,579.348984,640,640,36,300
waymo,rtdetr,3577352947946244999_3980_000_4000_000_1557847176597399,data\processed\milestone_3\images\waymo\external\3577352947946244999_3980_000_4000_000_1557847176597399.png,20,283,12,1,25,3,219,341,578.769303,640,640,37,300
waymo,rtdetr,10289507859301986274_4200_000_4220_000_1557847406172415,data\processed\milestone_3\images\waymo\external\10289507859301986274_4200_000_4220_000_1557847406172415.png,40,283,12,2,41,3,148,378,577.907724,640,640,57,300
kitti,rtdetr,007290,data\processed\milestone_3\images\kitti\val\007290.png,0,294,0,0,56,4,280,350,577.520578,640,640,6,300
waymo,rtdetr,13356997604177841771_3360_000_3380_000_1557267390088052,data\processed\milestone_3\images\waymo\external\13356997604177841771_3360_000_3380_000_1557267390088052.png,36,294,17,6,12,2,170,365,577.115228,640,640,42,300
waymo,rtdetr,3577352947946244999_3980_000_4000_000_1557847182097396,data\processed\milestone_3\images\waymo\external\3577352947946244999_3980_000_4000_000_1557847182097396.png,22,279,7,3,30,4,214,341,576.408157,640,640,43,300
waymo,rtdetr,3577352947946244999_3980_000_4000_000_1557847174597419,data\processed\milestone_3\images\waymo\external\3577352947946244999_3980_000_4000_000_1557847174597419.png,16,278,9,1,48,2,229,352,576.365642,640,640,38,300
kitti,rtdetr,002666,data\processed\milestone_3\images\kitti\val\002666.png,0,282,0,0,64,18,288,346,575.508062,640,640,18,300
waymo,rtdetr,10289507859301986274_4200_000_4220_000_1557847406672419,data\processed\milestone_3\images\waymo\external\10289507859301986274_4200_000_4220_000_1557847406672419.png,43,285,11,3,22,4,142,364,574.809564,640,640,58,300
waymo,rtdetr,3577352947946244999_3980_000_4000_000_1557847182597364,data\processed\milestone_3\images\waymo\external\3577352947946244999_3980_000_4000_000_1557847182597364.png,19,278,7,2,38,2,221,344,574.735176,640,640,41,300
kitti,rtdetr,000332,data\processed\milestone_3\images\kitti\val\000332.png,0,288,0,0,57,9,282,345,574.279725,640,640,12,300
waymo,rtdetr,3577352947946244999_3980_000_4000_000_1557847177097488,data\processed\milestone_3\images\waymo\external\3577352947946244999_3980_000_4000_000_1557847177097488.png,18,281,5,2,28,8,224,334,573.987539,640,640,37,300
waymo,rtdetr,10289507859301986274_4200_000_4220_000_1557847407172500,data\processed\milestone_3\images\waymo\external\10289507859301986274_4200_000_4220_000_1557847407172500.png,41,285,9,5,32,3,133,372,573.099907,640,640,56,300
waymo,rtdetr,10289507859301986274_4200_000_4220_000_1557847410672306,data\processed\milestone_3\images\waymo\external\10289507859301986274_4200_000_4220_000_1557847410672306.png,47,288,10,2,36,0,120,383,573.040761,640,640,59,300
kitti,rtdetr,000065,data\processed\milestone_3\images\kitti\val\000065.png,0,294,0,0,45,6,276,339,572.723983,640,640,6,300
waymo,rtdetr,10289507859301986274_4200_000_4220_000_1557847399672379,data\processed\milestone_3\images\waymo\external\10289507859301986274_4200_000_4220_000_1557847399672379.png,33,286,14,2,24,2,168,359,572.655842,640,640,47,300
kitti,rtdetr,004474,data\processed\milestone_3\images\kitti\val\004474.png,0,288,0,0,55,9,278,343,572.610368,640,640,12,300
waymo,rtdetr,10289507859301986274_4200_000_4220_000_1557847409671967,data\processed\milestone_3\images\waymo\external\10289507859301986274_4200_000_4220_000_1557847409671967.png,47,288,9,0,30,1,126,374,571.333827,640,640,59,300
waymo,rtdetr,10289507859301986274_4200_000_4220_000_1557847407672537,data\processed\milestone_3\images\waymo\external\10289507859301986274_4200_000_4220_000_1557847407672537.png,43,286,14,4,29,3,124,376,570.923067,640,640,57,300
waymo,rtdetr,13356997604177841771_3360_000_3380_000_1557267385088046,data\processed\milestone_3\images\waymo\external\13356997604177841771_3360_000_3380_000_1557267385088046.png,29,291,9,1,27,1,190,357,570.442928,640,640,38,300
waymo,rtdetr,8679184381783013073_7740_000_7760_000_1541816068898971,data\processed\milestone_3\images\waymo\external\8679184381783013073_7740_000_7760_000_1541816068898971.png,34,299,14,5,0,1,170,352,569.650815,640,640,35,300
kitti,rtdetr,005905,data\processed\milestone_3\images\kitti\val\005905.png,0,294,0,0,50,4,273,344,569.348287,640,640,6,300
waymo,rtdetr,3577352947946244999_3980_000_4000_000_1557847177597529,data\processed\milestone_3\images\waymo\external\3577352947946244999_3980_000_4000_000_1557847177597529.png,17,278,7,3,35,3,225,340,568.548887,640,640,39,300
waymo,rtdetr,3577352947946244999_3980_000_4000_000_1557847185097367,data\processed\milestone_3\images\waymo\external\3577352947946244999_3980_000_4000_000_1557847185097367.png,22,283,9,3,30,7,201,347,568.255387,640,640,39,300
kitti,rtdetr,004142,data\processed\milestone_3\images\kitti\val\004142.png,0,287,0,0,55,13,277,342,568.219927,640,640,13,300
kitti,rtdetr,002605,data\processed\milestone_3\images\kitti\val\002605.png,0,297,0,0,45,3,269,342,567.801206,640,640,3,300
waymo,rtdetr,13356997604177841771_3360_000_3380_000_1557267389588330,data\processed\milestone_3\images\waymo\external\13356997604177841771_3360_000_3380_000_1557267389588330.png,34,291,15,6,11,4,171,357,567.524704,640,640,43,300
waymo,rtdetr,3577352947946244999_3980_000_4000_000_1557847186097351,data\processed\milestone_3\images\waymo\external\3577352947946244999_3980_000_4000_000_1557847186097351.png,20,285,6,3,34,2,209,348,565.588184,640,640,35,300
waymo,rtdetr,3577352947946244999_3980_000_4000_000_1557847185597336,data\processed\milestone_3\images\waymo\external\3577352947946244999_3980_000_4000_000_1557847185597336.png,20,282,6,0,28,5,206,336,565.387046,640,640,38,300
waymo,rtdetr,3577352947946244999_3980_000_4000_000_1557847175097426,data\processed\milestone_3\images\waymo\external\3577352947946244999_3980_000_4000_000_1557847175097426.png,15,280,8,4,39,1,214,346,564.726515,640,640,35,300
waymo,rtdetr,10289507859301986274_4200_000_4220_000_1557847408172459,data\processed\milestone_3\images\waymo\external\10289507859301986274_4200_000_4220_000_1557847408172459.png,45,287,13,3,33,2,114,381,564.705288,640,640,58,300
waymo,rtdetr,13356997604177841771_3360_000_3380_000_1557267387588378,data\processed\milestone_3\images\waymo\external\13356997604177841771_3360_000_3380_000_1557267387588378.png,34,295,12,0,9,4,179,350,564.658309,640,640,39,300
kitti,rtdetr,006475,data\processed\milestone_3\images\kitti\val\006475.png,0,288,0,0,58,8,272,346,563.945489,640,640,12,300
kitti,rtdetr,001422,data\processed\milestone_3\images\kitti\val\001422.png,0,290,0,0,43,18,267,333,562.761174,640,640,10,300
kitti,rtdetr,004983,data\processed\milestone_3\images\kitti\val\004983.png,0,287,0,0,57,6,272,344,562.733858,640,640,13,300
kitti,rtdetr,006395,data\processed\milestone_3\images\kitti\val\006395.png,0,291,0,0,40,5,268,331,561.570839,640,640,9,300
waymo,rtdetr,3577352947946244999_3980_000_4000_000_1557847181597369,data\processed\milestone_3\images\waymo\external\3577352947946244999_3980_000_4000_000_1557847181597369.png,18,277,6,3,30,4,212,334,561.057407,640,640,41,300
kitti,rtdetr,006121,data\processed\milestone_3\images\kitti\val\006121.png,0,284,0,0,57,19,269,341,558.676987,640,640,16,300
kitti,rtdetr,001068,data\processed\milestone_3\images\kitti\val\001068.png,0,292,0,0,38,6,260,330,557.903185,640,640,8,300
waymo,rtdetr,8679184381783013073_7740_000_7760_000_1541816072398463,data\processed\milestone_3\images\waymo\external\8679184381783013073_7740_000_7760_000_1541816072398463.png,33,296,9,7,4,0,161,349,557.645218,640,640,37,300
waymo,rtdetr,3577352947946244999_3980_000_4000_000_1557847186597367,data\processed\milestone_3\images\waymo\external\3577352947946244999_3980_000_4000_000_1557847186597367.png,17,281,6,1,31,8,215,336,557.600613,640,640,36,300
kitti,rtdetr,005086,data\processed\milestone_3\images\kitti\val\005086.png,1,288,1,1,47,5,256,338,557.184334,640,640,13,300
kitti,rtdetr,005131,data\processed\milestone_3\images\kitti\val\005131.png,0,289,0,0,46,7,262,335,557.15987,640,640,11,300
kitti,rtdetr,006768,data\processed\milestone_3\images\kitti\val\006768.png,0,292,0,0,29,7,260,321,556.684603,640,640,8,300
kitti,rtdetr,005510,data\processed\milestone_3\images\kitti\val\005510.png,0,287,0,0,45,6,266,332,556.096164,640,640,13,300
kitti,rtdetr,003480,data\processed\milestone_3\images\kitti\val\003480.png,0,292,0,0,34,7,261,326,555.855949,640,640,8,300
waymo,rtdetr,10289507859301986274_4200_000_4220_000_1557847405672479,data\processed\milestone_3\images\waymo\external\10289507859301986274_4200_000_4220_000_1557847405672479.png,35,283,13,2,38,2,149,371,555.668149,640,640,52,300
kitti,rtdetr,000336,data\processed\milestone_3\images\kitti\val\000336.png,0,287,0,0,41,3,265,328,555.655274,640,640,13,300
waymo,rtdetr,13356997604177841771_3360_000_3380_000_1557267391087785,data\processed\milestone_3\images\waymo\external\13356997604177841771_3360_000_3380_000_1557267391087785.png,30,290,11,1,23,5,179,355,554.952775,640,640,40,300
kitti,rtdetr,002609,data\processed\milestone_3\images\kitti\val\002609.png,1,292,1,0,36,6,256,330,554.661321,640,640,9,300
kitti,rtdetr,004170,data\processed\milestone_3\images\kitti\val\004170.png,0,283,0,0,48,19,259,331,554.428887,640,640,17,300
waymo,rtdetr,3577352947946244999_3980_000_4000_000_1557847175597389,data\processed\milestone_3\images\waymo\external\3577352947946244999_3980_000_4000_000_1557847175597389.png,13,278,8,1,38,3,212,338,554.280455,640,640,35,300
kitti,rtdetr,005106,data\processed\milestone_3\images\kitti\val\005106.png,1,293,1,1,8,10,251,304,554.106269,640,640,8,300
kitti,rtdetr,005824,data\processed\milestone_3\images\kitti\val\005824.png,0,296,0,0,23,5,255,319,553.10743,640,640,4,300
waymo,rtdetr,10289507859301986274_4200_000_4220_000_1557847394172576,data\processed\milestone_3\images\waymo\external\10289507859301986274_4200_000_4220_000_1557847394172576.png,17,288,10,5,21,0,186,341,553.066477,640,640,29,300
waymo,rtdetr,8679184381783013073_7740_000_7760_000_1541816071898424,data\processed\milestone_3\images\waymo\external\8679184381783013073_7740_000_7760_000_1541816071898424.png,30,296,10,4,7,1,165,347,552.734177,640,640,34,300
waymo,rtdetr,3577352947946244999_3980_000_4000_000_1557847192097398,data\processed\milestone_3\images\waymo\external\3577352947946244999_3980_000_4000_000_1557847192097398.png,14,283,10,2,23,5,209,332,552.56092,640,640,31,300
kitti,rtdetr,002780,data\processed\milestone_3\images\kitti\val\002780.png,2,293,2,1,17,9,244,315,552.135573,640,640,9,300
waymo,rtdetr,8679184381783013073_7740_000_7760_000_1541816069399108,data\processed\milestone_3\images\waymo\external\8679184381783013073_7740_000_7760_000_1541816069399108.png,30,295,18,2,2,0,164,347,551.767716,640,640,35,300
waymo,rtdetr,3577352947946244999_3980_000_4000_000_1557847183097368,data\processed\milestone_3\images\waymo\external\3577352947946244999_3980_000_4000_000_1557847183097368.png,18,279,5,3,33,2,199,338,551.188194,640,640,39,300
waymo,rtdetr,2736377008667623133_2676_410_2696_410_1511721503997894,data\processed\milestone_3\images\waymo\external\2736377008667623133_2676_410_2696_410_1511721503997894.png,7,300,6,2,0,1,220,315,550.815037,640,640,7,300
kitti,rtdetr,005532,data\processed\milestone_3\images\kitti\val\005532.png,0,286,0,0,47,23,259,333,550.081484,640,640,14,300
waymo,rtdetr,10289507859301986274_4200_000_4220_000_1557847405172436,data\processed\milestone_3\images\waymo\external\10289507859301986274_4200_000_4220_000_1557847405172436.png,34,284,11,3,35,3,140,367,549.125967,640,640,50,300
kitti,rtdetr,003526,data\processed\milestone_3\images\kitti\val\003526.png,0,290,0,0,27,9,255,317,548.995047,640,640,10,300
waymo,rtdetr,3577352947946244999_3980_000_4000_000_1557847183597392,data\processed\milestone_3\images\waymo\external\3577352947946244999_3980_000_4000_000_1557847183597392.png,17,283,4,3,31,2,200,338,548.81363,640,640,34,300
kitti,rtdetr,005540,data\processed\milestone_3\images\kitti\val\005540.png,1,298,1,0,7,0,246,307,548.686408,640,640,3,300
kitti,rtdetr,004417,data\processed\milestone_3\images\kitti\val\004417.png,1,287,1,1,26,14,246,316,548.237604,640,640,14,300
kitti,rtdetr,006424,data\processed\milestone_3\images\kitti\val\006424.png,0,288,0,0,45,7,252,333,548.041093,640,640,12,300
waymo,rtdetr,3577352947946244999_3980_000_4000_000_1557847187097363,data\processed\milestone_3\images\waymo\external\3577352947946244999_3980_000_4000_000_1557847187097363.png,16,281,6,2,37,8,199,342,547.590746,640,640,35,300
waymo,rtdetr,10289507859301986274_4200_000_4220_000_1557847396172563,data\processed\milestone_3\images\waymo\external\10289507859301986274_4200_000_4220_000_1557847396172563.png,24,286,10,0,29,0,181,349,547.069997,640,640,38,300
kitti,rtdetr,006176,data\processed\milestone_3\images\kitti\val\006176.png,0,292,0,0,39,9,251,331,546.824303,640,640,8,300
waymo,rtdetr,2736377008667623133_2676_410_2696_410_1511721504499973,data\processed\milestone_3\images\waymo\external\2736377008667623133_2676_410_2696_410_1511721504499973.png,5,298,4,0,1,0,230,308,546.63731,640,640,7,300
kitti,rtdetr,001958,data\processed\milestone_3\images\kitti\val\001958.png,0,292,0,0,23,10,250,315,546.372701,640,640,8,300
kitti,rtdetr,001971,data\processed\milestone_3\images\kitti\val\001971.png,0,297,0,0,26,3,247,323,545.664885,640,640,3,300
waymo,rtdetr,2736377008667623133_2676_410_2696_410_1511721505000847,data\processed\milestone_3\images\waymo\external\2736377008667623133_2676_410_2696_410_1511721505000847.png,7,300,5,3,0,0,214,315,545.653272,640,640,7,300
kitti,rtdetr,004338,data\processed\milestone_3\images\kitti\val\004338.png,0,285,0,0,44,10,248,329,545.537691,640,640,15,300
kitti,rtdetr,004527,data\processed\milestone_3\images\kitti\val\004527.png,0,286,0,0,38,24,253,324,544.761308,640,640,14,300
kitti,rtdetr,005617,data\processed\milestone_3\images\kitti\val\005617.png,1,289,1,1,28,8,246,320,544.703327,640,640,12,300
kitti,rtdetr,002954,data\processed\milestone_3\images\kitti\val\002954.png,0,298,0,0,18,3,245,316,544.341529,640,640,2,300
kitti,rtdetr,004283,data\processed\milestone_3\images\kitti\val\004283.png,0,285,0,0,48,14,252,333,544.072248,640,640,15,300
kitti,rtdetr,004665,data\processed\milestone_3\images\kitti\val\004665.png,0,291,0,0,30,3,246,321,542.225289,640,640,9,300
kitti,rtdetr,005608,data\processed\milestone_3\images\kitti\val\005608.png,0,287,0,0,29,15,247,316,541.966924,640,640,13,300
waymo,rtdetr,10289507859301986274_4200_000_4220_000_1557847403172619,data\processed\milestone_3\images\waymo\external\10289507859301986274_4200_000_4220_000_1557847403172619.png,23,289,9,2,34,0,171,357,541.672968,640,640,34,300
waymo,rtdetr,3577352947946244999_3980_000_4000_000_1557847188097381,data\processed\milestone_3\images\waymo\external\3577352947946244999_3980_000_4000_000_1557847188097381.png,20,283,5,1,24,6,186,333,541.496672,640,640,37,300
waymo,rtdetr,8679184381783013073_7740_000_7760_000_1541816059898872,data\processed\milestone_3\images\waymo\external\8679184381783013073_7740_000_7760_000_1541816059898872.png,33,298,11,6,2,0,145,350,541.48749,640,640,35,300
kitti,rtdetr,000535,data\processed\milestone_3\images\kitti\val\000535.png,0,283,0,0,39,17,249,322,541.022933,640,640,17,300
waymo,rtdetr,10289507859301986274_4200_000_4220_000_1557847402672607,data\processed\milestone_3\images\waymo\external\10289507859301986274_4200_000_4220_000_1557847402672607.png,17,287,4,1,38,0,192,347,540.467544,640,640,30,300
waymo,rtdetr,3577352947946244999_3980_000_4000_000_1557847187597379,data\processed\milestone_3\images\waymo\external\3577352947946244999_3980_000_4000_000_1557847187597379.png,16,278,8,0,35,4,190,337,540.300804,640,640,38,300
kitti,rtdetr,001790,data\processed\milestone_3\images\kitti\val\001790.png,0,298,0,0,16,2,241,314,540.206174,640,640,2,300
kitti,rtdetr,007368,data\processed\milestone_3\images\kitti\val\007368.png,0,298,0,0,17,3,240,315,539.663346,640,640,2,300
waymo,rtdetr,13356997604177841771_3360_000_3380_000_1557267389088584,data\processed\milestone_3\images\waymo\external\13356997604177841771_3360_000_3380_000_1557267389088584.png,30,291,16,0,9,1,158,346,539.51421,640,640,39,300
waymo,rtdetr,14931160836268555821_5778_870_5798_870_1507338350635049,data\processed\milestone_3\images\waymo\external\14931160836268555821_5778_870_5798_870_1507338350635049.png,3,295,2,2,8,1,228,310,539.242524,640,640,8,300
kitti,rtdetr,005604,data\processed\milestone_3\images\kitti\val\005604.png,0,290,0,0,42,2,247,332,539.162705,640,640,10,300
waymo,rtdetr,14931160836268555821_5778_870_5798_870_1507338352632870,data\processed\milestone_3\images\waymo\external\14931160836268555821_5778_870_5798_870_1507338352632870.png,1,295,1,1,5,3,237,303,539.08448,640,640,6,300
kitti,rtdetr,003709,data\processed\milestone_3\images\kitti\val\003709.png,0,291,0,0,27,9,244,318,538.60946,640,640,9,300
waymo,rtdetr,8679184381783013073_7740_000_7760_000_1541816062398872,data\processed\milestone_3\images\waymo\external\8679184381783013073_7740_000_7760_000_1541816062398872.png,31,296,15,1,5,0,149,348,538.504056,640,640,35,300
kitti,rtdetr,002160,data\processed\milestone_3\images\kitti\val\002160.png,1,292,1,1,37,4,234,332,537.947743,640,640,9,300
waymo,rtdetr,10289507859301986274_4200_000_4220_000_1557847404672547,data\processed\milestone_3\images\waymo\external\10289507859301986274_4200_000_4220_000_1557847404672547.png,33,287,11,2,43,1,124,376,537.636652,640,640,46,300
kitti,rtdetr,004954,data\processed\milestone_3\images\kitti\val\004954.png,0,292,0,0,28,4,242,320,537.533038,640,640,8,300
kitti,rtdetr,005988,data\processed\milestone_3\images\kitti\val\005988.png,0,283,0,0,39,21,248,322,537.241274,640,640,17,300
waymo,rtdetr,4690718861228194910_1980_000_2000_000_1552693978749398,data\processed\milestone_3\images\waymo\external\4690718861228194910_1980_000_2000_000_1552693978749398.png,32,293,20,4,13,0,135,362,537.124024,640,640,39,300
waymo,rtdetr,10289507859301986274_4200_000_4220_000_1557847400672475,data\processed\milestone_3\images\waymo\external\10289507859301986274_4200_000_4220_000_1557847400672475.png,25,291,6,0,29,1,157,351,536.875424,640,640,34,300
waymo,rtdetr,10289507859301986274_4200_000_4220_000_1557847401172530,data\processed\milestone_3\images\waymo\external\10289507859301986274_4200_000_4220_000_1557847401172530.png,25,295,8,3,19,0,140,350,536.85403,640,640,30,300
waymo,rtdetr,13356997604177841771_3360_000_3380_000_1557267393587645,data\processed\milestone_3\images\waymo\external\13356997604177841771_3360_000_3380_000_1557267393587645.png,22,292,6,1,17,5,179,338,536.358186,640,640,30,300
kitti,rtdetr,003793,data\processed\milestone_3\images\kitti\val\003793.png,1,295,0,0,31,0,235,327,536.139699,640,640,6,300
waymo,rtdetr,933621182106051783_4160_000_4180_000_1543516675272630,data\processed\milestone_3\images\waymo\external\933621182106051783_4160_000_4180_000_1543516675272630.png,28,286,16,3,23,0,143,356,536.063876,640,640,42,300
waymo,rtdetr,4690718861228194910_1980_000_2000_000_1552693988749330,data\processed\milestone_3\images\waymo\external\4690718861228194910_1980_000_2000_000_1552693988749330.png,35,291,15,3,24,2,121,368,535.889904,640,640,44,300
waymo,rtdetr,13356997604177841771_3360_000_3380_000_1557267391587678,data\processed\milestone_3\images\waymo\external\13356997604177841771_3360_000_3380_000_1557267391587678.png,30,289,14,5,16,1,148,354,535.736307,640,640,41,300
waymo,rtdetr,8679184381783013073_7740_000_7760_000_1541816061898859,data\processed\milestone_3\images\waymo\external\8679184381783013073_7740_000_7760_000_1541816061898859.png,30,294,12,1,9,0,156,346,534.648266,640,640,36,300
waymo,rtdetr,4690718861228194910_1980_000_2000_000_1552693981749467,data\processed\milestone_3\images\waymo\external\4690718861228194910_1980_000_2000_000_1552693981749467.png,29,286,13,5,16,7,151,349,534.391587,640,640,43,300
kitti,rtdetr,004261,data\processed\milestone_3\images\kitti\val\004261.png,0,290,0,0,14,14,240,304,534.196886,640,640,10,300
kitti,rtdetr,003294,data\processed\milestone_3\images\kitti\val\003294.png,0,294,0,0,29,5,237,323,534.146342,640,640,6,300
kitti,rtdetr,004583,data\processed\milestone_3\images\kitti\val\004583.png,0,290,0,0,19,16,240,309,534.11346,640,640,10,300
waymo,rtdetr,8679184381783013073_7740_000_7760_000_1541816059398880,data\processed\milestone_3\images\waymo\external\8679184381783013073_7740_000_7760_000_1541816059398880.png,35,299,12,3,1,0,138,350,533.50195,640,640,36,300
kitti,rtdetr,001207,data\processed\milestone_3\images\kitti\val\001207.png,0,294,0,0,29,2,237,323,533.235413,640,640,6,300
kitti,rtdetr,005031,data\processed\milestone_3\images\kitti\val\005031.png,0,291,0,0,29,5,239,320,533.081916,640,640,9,300
kitti,rtdetr,001496,data\processed\milestone_3\images\kitti\val\001496.png,0,291,0,0,22,7,239,313,533.022813,640,640,9,300
kitti,rtdetr,006908,data\processed\milestone_3\images\kitti\val\006908.png,0,291,0,0,33,6,238,324,532.962024,640,640,9,300
kitti,rtdetr,000383,data\processed\milestone_3\images\kitti\val\000383.png,1,289,1,1,48,5,235,340,532.935403,640,640,12,300
waymo,rtdetr,8679184381783013073_7740_000_7760_000_1541816072898499,data\processed\milestone_3\images\waymo\external\8679184381783013073_7740_000_7760_000_1541816072898499.png,33,296,14,1,7,0,143,351,532.694548,640,640,37,300
kitti,rtdetr,003560,data\processed\milestone_3\images\kitti\val\003560.png,0,291,0,0,22,13,236,313,532.67882,640,640,9,300
waymo,rtdetr,8679184381783013073_7740_000_7760_000_1541816069899089,data\processed\milestone_3\images\waymo\external\8679184381783013073_7740_000_7760_000_1541816069899089.png,31,296,17,2,0,0,145,346,532.580517,640,640,35,300
waymo,rtdetr,12358364923781697038_2232_990_2252_990_1507079391357765,data\processed\milestone_3\images\waymo\external\12358364923781697038_2232_990_2252_990_1507079391357765.png,0,300,0,0,0,0,232,300,532.442246,640,640,0,300
kitti,rtdetr,000961,data\processed\milestone_3\images\kitti\val\000961.png,0,293,0,0,28,4,233,321,532.400077,640,640,7,300
waymo,rtdetr,14931160836268555821_5778_870_5798_870_1507338349135391,data\processed\milestone_3\images\waymo\external\14931160836268555821_5778_870_5798_870_1507338349135391.png,7,298,6,2,4,2,198,317,532.277961,640,640,9,300
kitti,rtdetr,001795,data\processed\milestone_3\images\kitti\val\001795.png,0,296,0,0,29,1,233,325,532.043178,640,640,4,300
waymo,rtdetr,13356997604177841771_3360_000_3380_000_1557267396087321,data\processed\milestone_3\images\waymo\external\13356997604177841771_3360_000_3380_000_1557267396087321.png,19,292,4,0,27,3,188,342,531.83619,640,640,27,300
waymo,rtdetr,4690718861228194910_1980_000_2000_000_1552693987249418,data\processed\milestone_3\images\waymo\external\4690718861228194910_1980_000_2000_000_1552693987249418.png,31,294,9,1,17,1,143,352,531.558509,640,640,37,300
waymo,rtdetr,13356997604177841771_3360_000_3380_000_1557267392587594,data\processed\milestone_3\images\waymo\external\13356997604177841771_3360_000_3380_000_1557267392587594.png,27,291,12,3,6,5,159,339,531.551189,640,640,36,300
kitti,rtdetr,000727,data\processed\milestone_3\images\kitti\val\000727.png,0,292,0,0,20,4,235,312,531.101373,640,640,8,300
kitti,rtdetr,003487,data\processed\milestone_3\images\kitti\val\003487.png,0,289,0,0,39,4,235,328,530.858969,640,640,11,300
waymo,rtdetr,4690718861228194910_1980_000_2000_000_1552693979749409,data\processed\milestone_3\images\waymo\external\4690718861228194910_1980_000_2000_000_1552693979749409.png,29,290,17,4,21,4,131,361,530.147538,640,640,39,300
waymo,rtdetr,10289507859301986274_4200_000_4220_000_1557847404172643,data\processed\milestone_3\images\waymo\external\10289507859301986274_4200_000_4220_000_1557847404172643.png,28,286,11,4,32,3,133,361,529.958037,640,640,42,300
waymo,rtdetr,3577352947946244999_3980_000_4000_000_1557847191597394,data\processed\milestone_3\images\waymo\external\3577352947946244999_3980_000_4000_000_1557847191597394.png,11,283,6,1,21,6,206,322,529.921586,640,640,28,300
kitti,rtdetr,001672,data\processed\milestone_3\images\kitti\val\001672.png,0,285,0,0,31,19,235,316,529.873615,640,640,15,300
waymo,rtdetr,4690718861228194910_1980_000_2000_000_1552693983749438,data\processed\milestone_3\images\waymo\external\4690718861228194910_1980_000_2000_000_1552693983749438.png,30,287,14,3,15,7,140,349,529.591772,640,640,43,300
waymo,rtdetr,12358364923781697038_2232_990_2252_990_1507079391858607,data\processed\milestone_3\images\waymo\external\12358364923781697038_2232_990_2252_990_1507079391858607.png,0,300,0,0,0,0,229,300,529.461769,640,640,0,300
waymo,rtdetr,933621182106051783_4160_000_4180_000_1543516670272409,data\processed\milestone_3\images\waymo\external\933621182106051783_4160_000_4180_000_1543516670272409.png,34,287,16,2,36,0,112,375,529.252382,640,640,47,300
waymo,rtdetr,933621182106051783_4160_000_4180_000_1543516676772403,data\processed\milestone_3\images\waymo\external\933621182106051783_4160_000_4180_000_1543516676772403.png,25,288,12,3,26,2,142,354,528.575431,640,640,37,300
waymo,rtdetr,14931160836268555821_5778_870_5798_870_1507338353132275,data\processed\milestone_3\images\waymo\external\14931160836268555821_5778_870_5798_870_1507338353132275.png,1,295,1,1,9,1,226,307,528.049932,640,640,6,300
kitti,rtdetr,002424,data\processed\milestone_3\images\kitti\val\002424.png,1,298,0,1,6,0,224,306,527.628526,640,640,3,300
kitti,rtdetr,002536,data\processed\milestone_3\images\kitti\val\002536.png,0,294,0,0,30,7,231,324,527.595775,640,640,6,300
waymo,rtdetr,14931160836268555821_5778_870_5798_870_1507338351634080,data\processed\milestone_3\images\waymo\external\14931160836268555821_5778_870_5798_870_1507338351634080.png,0,293,0,0,14,3,231,307,527.495822,640,640,7,300
waymo,rtdetr,12358364923781697038_2232_990_2252_990_1507079392360167,data\processed\milestone_3\images\waymo\external\12358364923781697038_2232_990_2252_990_1507079392360167.png,0,300,0,0,0,0,227,300,527.450554,640,640,0,300
kitti,rtdetr,003454,data\processed\milestone_3\images\kitti\val\003454.png,0,290,0,0,14,16,233,304,527.157523,640,640,10,300
waymo,rtdetr,3577352947946244999_3980_000_4000_000_1557847189597399,data\processed\milestone_3\images\waymo\external\3577352947946244999_3980_000_4000_000_1557847189597399.png,19,288,9,2,18,4,166,336,527.087824,640,640,31,300
waymo,rtdetr,16213317953898915772_1597_170_1617_170_1509233625793579,data\processed\milestone_3\images\waymo\external\16213317953898915772_1597_170_1617_170_1509233625793579.png,20,284,11,5,25,2,157,345,526.956284,640,640,36,300
waymo,rtdetr,16213317953898915772_1597_170_1617_170_1509233615293762,data\processed\milestone_3\images\waymo\external\16213317953898915772_1597_170_1617_170_1509233615293762.png,22,282,13,6,25,3,144,348,526.734478,640,640,40,300
kitti,rtdetr,007189,data\processed\milestone_3\images\kitti\val\007189.png,0,295,0,0,21,5,229,316,526.125666,640,640,5,300
waymo,rtdetr,10289507859301986274_4200_000_4220_000_1557847401672650,data\processed\milestone_3\images\waymo\external\10289507859301986274_4200_000_4220_000_1557847401672650.png,24,289,4,0,25,0,157,342,525.993512,640,640,35,300
waymo,rtdetr,2736377008667623133_2676_410_2696_410_1511721515996515,data\processed\milestone_3\images\waymo\external\2736377008667623133_2676_410_2696_410_1511721515996515.png,1,299,0,0,2,1,223,302,525.981924,640,640,2,300
waymo,rtdetr,14931160836268555821_5778_870_5798_870_1507338347835422,data\processed\milestone_3\images\waymo\external\14931160836268555821_5778_870_5798_870_1507338347835422.png,6,297,5,4,3,0,197,315,525.85328,640,640,9,300
waymo,rtdetr,2736377008667623133_2676_410_2696_410_1511721505500878,data\processed\milestone_3\images\waymo\external\2736377008667623133_2676_410_2696_410_1511721505500878.png,6,299,4,2,1,0,201,312,525.697459,640,640,7,300
waymo,rtdetr,8679184381783013073_7740_000_7760_000_1541816063398943,data\processed\milestone_3\images\waymo\external\8679184381783013073_7740_000_7760_000_1541816063398943.png,33,296,18,1,3,0,134,351,525.535005,640,640,37,300
kitti,rtdetr,004271,data\processed\milestone_3\images\kitti\val\004271.png,0,296,0,0,39,0,227,335,525.302845,640,640,4,300
waymo,rtdetr,10289507859301986274_4200_000_4220_000_1557847402172646,data\processed\milestone_3\images\waymo\external\10289507859301986274_4200_000_4220_000_1557847402172646.png,20,288,7,1,30,0,169,346,525.031795,640,640,32,300
kitti,rtdetr,003379,data\processed\milestone_3\images\kitti\val\003379.png,0,295,0,0,14,4,228,309,524.999556,640,640,5,300
waymo,rtdetr,2736377008667623133_2676_410_2696_410_1511721513499447,data\processed\milestone_3\images\waymo\external\2736377008667623133_2676_410_2696_410_1511721513499447.png,1,299,1,0,4,1,221,305,524.975866,640,640,2,300
waymo,rtdetr,8679184381783013073_7740_000_7760_000_1541816061398873,data\processed\milestone_3\images\waymo\external\8679184381783013073_7740_000_7760_000_1541816061398873.png,31,295,14,2,6,0,137,348,524.536831,640,640,36,300
kitti,rtdetr,005065,data\processed\milestone_3\images\kitti\val\005065.png,0,295,0,0,23,2,227,318,524.44807,640,640,5,300
waymo,rtdetr,14931160836268555821_5778_870_5798_870_1507338352133493,data\processed\milestone_3\images\waymo\external\14931160836268555821_5778_870_5798_870_1507338352133493.png,1,295,0,1,7,3,223,304,524.375915,640,640,6,300
waymo,rtdetr,3577352947946244999_3980_000_4000_000_1557847188597385,data\processed\milestone_3\images\waymo\external\3577352947946244999_3980_000_4000_000_1557847188597385.png,18,281,6,1,21,3,181,327,524.24144,640,640,37,300
kitti,rtdetr,001543,data\processed\milestone_3\images\kitti\val\001543.png,0,297,0,0,13,1,226,310,524.004615,640,640,3,300
kitti,rtdetr,006825,data\processed\milestone_3\images\kitti\val\006825.png,0,297,0,0,14,3,225,311,523.449519,640,640,3,300
kitti,rtdetr,007318,data\processed\milestone_3\images\kitti\val\007318.png,0,293,0,0,29,4,228,322,523.044865,640,640,7,300
waymo,rtdetr,10289507859301986274_4200_000_4220_000_1557847400172420,data\processed\milestone_3\images\waymo\external\10289507859301986274_4200_000_4220_000_1557847400172420.png,26,288,12,0,20,0,138,346,523.035069,640,640,38,300
kitti,rtdetr,003329,data\processed\milestone_3\images\kitti\val\003329.png,0,296,0,0,19,3,224,315,522.860445,640,640,4,300
waymo,rtdetr,10289507859301986274_4200_000_4220_000_1557847395672605,data\processed\milestone_3\images\waymo\external\10289507859301986274_4200_000_4220_000_1557847395672605.png,17,288,7,0,19,1,183,331,522.159874,640,640,29,300
kitti,rtdetr,006617,data\processed\milestone_3\images\kitti\val\006617.png,1,295,1,0,18,6,213,315,522.099823,640,640,6,300
waymo,rtdetr,13356997604177841771_3360_000_3380_000_1557267395087510,data\processed\milestone_3\images\waymo\external\13356997604177841771_3360_000_3380_000_1557267395087510.png,21,288,7,3,21,2,166,340,521.742551,640,640,33,300
waymo,rtdetr,8679184381783013073_7740_000_7760_000_1541816058898881,data\processed\milestone_3\images\waymo\external\8679184381783013073_7740_000_7760_000_1541816058898881.png,35,300,9,1,0,0,132,345,521.462265,640,640,35,300
kitti,rtdetr,000595,data\processed\milestone_3\images\kitti\val\000595.png,0,296,0,0,36,0,219,332,521.081422,640,640,4,300
kitti,rtdetr,002626,data\processed\milestone_3\images\kitti\val\002626.png,0,292,0,0,38,3,219,330,520.982449,640,640,8,300
waymo,rtdetr,13356997604177841771_3360_000_3380_000_1557267393087606,data\processed\milestone_3\images\waymo\external\13356997604177841771_3360_000_3380_000_1557267393087606.png,23,290,9,3,13,7,157,338,520.368403,640,640,33,300
waymo,rtdetr,933621182106051783_4160_000_4180_000_1543516675772499,data\processed\milestone_3\images\waymo\external\933621182106051783_4160_000_4180_000_1543516675772499.png,29,287,15,4,23,2,125,358,520.287341,640,640,42,300
kitti,rtdetr,005536,data\processed\milestone_3\images\kitti\val\005536.png,0,295,0,0,10,3,223,305,519.612969,640,640,5,300
waymo,rtdetr,8679184381783013073_7740_000_7760_000_1541816078398599,data\processed\milestone_3\images\waymo\external\8679184381783013073_7740_000_7760_000_1541816078398599.png,31,293,13,2,15,0,116,354,519.607869,640,640,38,300
kitti,rtdetr,001252,data\processed\milestone_3\images\kitti\val\001252.png,0,294,0,0,21,4,223,315,519.293368,640,640,6,300
waymo,rtdetr,4690718861228194910_1980_000_2000_000_1552693982749472,data\processed\milestone_3\images\waymo\external\4690718861228194910_1980_000_2000_000_1552693982749472.png,32,287,16,3,23,4,120,361,518.999882,640,640,45,300
kitti,rtdetr,006229,data\processed\milestone_3\images\kitti\val\006229.png,0,296,0,0,11,3,221,307,518.681658,640,640,4,300
waymo,rtdetr,2736377008667623133_2676_410_2696_410_1511721506500766,data\processed\milestone_3\images\waymo\external\2736377008667623133_2676_410_2696_410_1511721506500766.png,6,299,3,2,1,0,195,311,518.617044,640,640,7,300
waymo,rtdetr,933621182106051783_4160_000_4180_000_1543516670772638,data\processed\milestone_3\images\waymo\external\933621182106051783_4160_000_4180_000_1543516670772638.png,32,285,18,2,21,1,120,358,518.107593,640,640,47,300
waymo,rtdetr,3577352947946244999_3980_000_4000_000_1557847189097393,data\processed\milestone_3\images\waymo\external\3577352947946244999_3980_000_4000_000_1557847189097393.png,18,287,4,0,20,3,171,329,517.900245,640,640,31,300
waymo,rtdetr,933621182106051783_4160_000_4180_000_1543516674772724,data\processed\milestone_3\images\waymo\external\933621182106051783_4160_000_4180_000_1543516674772724.png,24,285,13,7,31,0,123,360,517.87938,640,640,39,300
kitti,rtdetr,001644,data\processed\milestone_3\images\kitti\val\001644.png,0,290,0,0,30,6,221,320,517.75033,640,640,10,300
waymo,rtdetr,10289507859301986274_4200_000_4220_000_1557847403672617,data\processed\milestone_3\images\waymo\external\10289507859301986274_4200_000_4220_000_1557847403672617.png,26,290,11,3,25,3,137,355,517.717155,640,640,36,300
kitti,rtdetr,005994,data\processed\milestone_3\images\kitti\val\005994.png,0,296,0,0,20,1,219,316,517.309921,640,640,4,300
kitti,rtdetr,003106,data\processed\milestone_3\images\kitti\val\003106.png,0,296,0,0,17,3,219,313,517.306912,640,640,4,300
waymo,rtdetr,933621182106051783_4160_000_4180_000_1543516672272504,data\processed\milestone_3\images\waymo\external\933621182106051783_4160_000_4180_000_1543516672272504.png,32,285,16,4,35,0,103,372,516.973215,640,640,47,300
waymo,rtdetr,2736377008667623133_2676_410_2696_410_1511721515497081,data\processed\milestone_3\images\waymo\external\2736377008667623133_2676_410_2696_410_1511721515497081.png,1,299,0,0,1,1,214,301,516.817149,640,640,2,300
waymo,rtdetr,4690718861228194910_1980_000_2000_000_1552693982249474,data\processed\milestone_3\images\waymo\external\4690718861228194910_1980_000_2000_000_1552693982249474.png,30,285,12,3,17,7,127,347,516.301018,640,640,45,300
waymo,rtdetr,3577352947946244999_3980_000_4000_000_1557847190097397,data\processed\milestone_3\images\waymo\external\3577352947946244999_3980_000_4000_000_1557847190097397.png,14,287,5,2,23,3,174,331,516.095771,640,640,27,300
waymo,rtdetr,11660186733224028707_420_000_440_000_1541042909772546,data\processed\milestone_3\images\waymo\external\11660186733224028707_420_000_440_000_1541042909772546.png,26,292,13,6,6,1,136,343,515.921876,640,640,34,300
kitti,rtdetr,006528,data\processed\milestone_3\images\kitti\val\006528.png,0,288,0,0,34,8,221,322,515.046864,640,640,12,300
waymo,rtdetr,933621182106051783_4160_000_4180_000_1543516688772624,data\processed\milestone_3\images\waymo\external\933621182106051783_4160_000_4180_000_1543516688772624.png,25,296,6,5,15,0,142,347,515.045213,640,640,29,300
waymo,rtdetr,14931160836268555821_5778_870_5798_870_1507338342430949,data\processed\milestone_3\images\waymo\external\14931160836268555821_5778_870_5798_870_1507338342430949.png,9,297,1,2,2,2,184,311,514.963443,640,640,12,300
waymo,rtdetr,8679184381783013073_7740_000_7760_000_1541816073398463,data\processed\milestone_3\images\waymo\external\8679184381783013073_7740_000_7760_000_1541816073398463.png,31,295,16,4,13,0,113,359,514.708475,640,640,36,300
kitti,rtdetr,007129,data\processed\milestone_3\images\kitti\val\007129.png,0,293,0,0,23,5,219,316,514.204036,640,640,7,300
waymo,rtdetr,2736377008667623133_2676_410_2696_410_1511721506000758,data\processed\milestone_3\images\waymo\external\2736377008667623133_2676_410_2696_410_1511721506000758.png,4,297,2,0,5,0,203,308,513.877054,640,640,7,300
kitti,rtdetr,003550,data\processed\milestone_3\images\kitti\val\003550.png,0,294,0,0,33,0,217,327,513.876055,640,640,6,300
waymo,rtdetr,16213317953898915772_1597_170_1617_170_1509233614793727,data\processed\milestone_3\images\waymo\external\16213317953898915772_1597_170_1617_170_1509233614793727.png,23,283,14,4,16,2,139,340,513.821877,640,640,40,300
waymo,rtdetr,4690718861228194910_1980_000_2000_000_1552693984249382,data\processed\milestone_3\images\waymo\external\4690718861228194910_1980_000_2000_000_1552693984249382.png,32,287,13,2,16,4,120,350,513.795564,640,640,45,300
waymo,rtdetr,14107757919671295130_3546_370_3566_370_1511668650159419,data\processed\milestone_3\images\waymo\external\14107757919671295130_3546_370_3566_370_1511668650159419.png,21,299,3,0,1,0,168,324,513.484041,640,640,22,300
waymo,rtdetr,11660186733224028707_420_000_440_000_1541042907772381,data\processed\milestone_3\images\waymo\external\11660186733224028707_420_000_440_000_1541042907772381.png,33,298,16,0,0,0,129,347,513.473278,640,640,35,300
waymo,rtdetr,933621182106051783_4160_000_4180_000_1543516676272426,data\processed\milestone_3\images\waymo\external\933621182106051783_4160_000_4180_000_1543516676272426.png,27,288,13,2,28,1,122,358,512.913823,640,640,39,300
kitti,rtdetr,001972,data\processed\milestone_3\images\kitti\val\001972.png,0,296,0,0,27,0,213,323,512.816384,640,640,4,300
kitti,rtdetr,000731,data\processed\milestone_3\images\kitti\val\000731.png,0,296,0,0,39,0,212,335,512.730763,640,640,4,300
waymo,rtdetr,933621182106051783_4160_000_4180_000_1543516671772783,data\processed\milestone_3\images\waymo\external\933621182106051783_4160_000_4180_000_1543516671772783.png,30,282,12,1,32,2,119,357,512.425219,640,640,48,300
waymo,rtdetr,12657584952502228282_3940_000_3960_000_1549937212398470,data\processed\milestone_3\images\waymo\external\12657584952502228282_3940_000_3960_000_1549937212398470.png,23,286,16,6,17,0,138,348,512.354044,640,640,37,300
waymo,rtdetr,4690718861228194910_1980_000_2000_000_1552693983249433,data\processed\milestone_3\images\waymo\external\4690718861228194910_1980_000_2000_000_1552693983249433.png,29,285,13,2,10,7,134,339,512.332996,640,640,44,300
kitti,rtdetr,006496,data\processed\milestone_3\images\kitti\val\006496.png,0,290,0,0,33,3,215,323,512.324803,640,640,10,300
kitti,rtdetr,002393,data\processed\milestone_3\images\kitti\val\002393.png,0,292,0,0,24,3,217,316,512.166666,640,640,8,300
waymo,rtdetr,2736377008667623133_2676_410_2696_410_1511721507501045,data\processed\milestone_3\images\waymo\external\2736377008667623133_2676_410_2696_410_1511721507501045.png,3,297,1,0,32,0,205,333,511.896158,640,640,6,300
kitti,rtdetr,001286,data\processed\milestone_3\images\kitti\val\001286.png,0,297,0,0,12,8,210,309,511.762234,640,640,3,300
kitti,rtdetr,001454,data\processed\milestone_3\images\kitti\val\001454.png,0,294,0,0,26,2,216,320,511.619926,640,640,6,300
waymo,rtdetr,4690718861228194910_1980_000_2000_000_1552693970249035,data\processed\milestone_3\images\waymo\external\4690718861228194910_1980_000_2000_000_1552693970249035.png,30,297,16,1,12,1,129,356,511.573787,640,640,33,300
waymo,rtdetr,8679184381783013073_7740_000_7760_000_1541816064898889,data\processed\milestone_3\images\waymo\external\8679184381783013073_7740_000_7760_000_1541816064898889.png,32,296,14,1,0,0,127,343,511.526928,640,640,36,300
waymo,rtdetr,16213317953898915772_1597_170_1617_170_1509233617293594,data\processed\milestone_3\images\waymo\external\16213317953898915772_1597_170_1617_170_1509233617293594.png,20,283,14,7,17,1,136,341,511.456444,640,640,37,300
waymo,rtdetr,8679184381783013073_7740_000_7760_000_1541816071398596,data\processed\milestone_3\images\waymo\external\8679184381783013073_7740_000_7760_000_1541816071398596.png,29,297,17,1,4,0,127,348,510.702441,640,640,32,300
waymo,rtdetr,933621182106051783_4160_000_4180_000_1543516674272630,data\processed\milestone_3\images\waymo\external\933621182106051783_4160_000_4180_000_1543516674272630.png,27,288,13,3,26,1,118,357,510.559987,640,640,39,300
waymo,rtdetr,8679184381783013073_7740_000_7760_000_1541816067398885,data\processed\milestone_3\images\waymo\external\8679184381783013073_7740_000_7760_000_1541816067398885.png,32,297,13,1,3,0,123,346,510.537707,640,640,35,300
waymo,rtdetr,8679184381783013073_7740_000_7760_000_1541816060398842,data\processed\milestone_3\images\waymo\external\8679184381783013073_7740_000_7760_000_1541816060398842.png,30,296,10,3,0,0,130,339,510.480691,640,640,34,300
waymo,rtdetr,16213317953898915772_1597_170_1617_170_1509233623793727,data\processed\milestone_3\images\waymo\external\16213317953898915772_1597_170_1617_170_1509233623793727.png,22,285,13,4,20,0,136,344,510.310247,640,640,37,300
waymo,rtdetr,14931160836268555821_5778_870_5798_870_1507338351134600,data\processed\milestone_3\images\waymo\external\14931160836268555821_5778_870_5798_870_1507338351134600.png,1,293,0,0,14,1,213,308,510.019312,640,640,8,300
waymo,rtdetr,3126522626440597519_806_440_826_440_1511046956507026,data\processed\milestone_3\images\waymo\external\3126522626440597519_806_440_826_440_1511046956507026.png,11,297,1,0,2,0,185,311,509.865508,640,640,14,300
waymo,rtdetr,4690718861228194910_1980_000_2000_000_1552693975249396,data\processed\milestone_3\images\waymo\external\4690718861228194910_1980_000_2000_000_1552693975249396.png,28,287,17,2,20,1,120,354,509.631464,640,640,41,300
waymo,rtdetr,8679184381783013073_7740_000_7760_000_1541816074898668,data\processed\milestone_3\images\waymo\external\8679184381783013073_7740_000_7760_000_1541816074898668.png,30,297,17,3,3,0,117,350,508.6409,640,640,33,300
waymo,rtdetr,16213317953898915772_1597_170_1617_170_1509233620293598,data\processed\milestone_3\images\waymo\external\16213317953898915772_1597_170_1617_170_1509233620293598.png,21,284,14,5,27,2,125,351,508.579491,640,640,37,300
waymo,rtdetr,11660186733224028707_420_000_440_000_1541042907272599,data\processed\milestone_3\images\waymo\external\11660186733224028707_420_000_440_000_1541042907272599.png,30,296,17,0,4,0,127,347,508.53945,640,640,34,300
waymo,rtdetr,6324079979569135086_2372_300_2392_300_1506988301257952,data\processed\milestone_3\images\waymo\external\6324079979569135086_2372_300_2392_300_1506988301257952.png,18,291,11,2,11,2,152,333,508.49007,640,640,27,300
waymo,rtdetr,8679184381783013073_7740_000_7760_000_1541816062898937,data\processed\milestone_3\images\waymo\external\8679184381783013073_7740_000_7760_000_1541816062898937.png,34,298,17,2,1,0,113,352,508.471093,640,640,36,300
waymo,rtdetr,4690718861228194910_1980_000_2000_000_1552693976749413,data\processed\milestone_3\images\waymo\external\4690718861228194910_1980_000_2000_000_1552693976749413.png,29,288,18,3,21,2,112,359,508.372307,640,640,41,300
waymo,rtdetr,933621182106051783_4160_000_4180_000_1543516688272598,data\processed\milestone_3\images\waymo\external\933621182106051783_4160_000_4180_000_1543516688272598.png,24,294,10,2,13,0,140,343,508.003683,640,640,30,300
waymo,rtdetr,4690718861228194910_1980_000_2000_000_1552693973749276,data\processed\milestone_3\images\waymo\external\4690718861228194910_1980_000_2000_000_1552693973749276.png,30,290,18,4,12,2,115,354,507.532776,640,640,40,300
waymo,rtdetr,8679184381783013073_7740_000_7760_000_1541816070398965,data\processed\milestone_3\images\waymo\external\8679184381783013073_7740_000_7760_000_1541816070398965.png,34,299,11,1,1,0,119,346,507.495557,640,640,35,300
waymo,rtdetr,12358364923781697038_2232_990_2252_990_1507079373357140,data\processed\milestone_3\images\waymo\external\12358364923781697038_2232_990_2252_990_1507079373357140.png,2,300,2,0,0,0,201,304,507.453862,640,640,2,300
waymo,rtdetr,16213317953898915772_1597_170_1617_170_1509233624793771,data\processed\milestone_3\images\waymo\external\16213317953898915772_1597_170_1617_170_1509233624793771.png,17,282,12,4,24,0,146,339,507.27178,640,640,35,300
waymo,rtdetr,933621182106051783_4160_000_4180_000_1543516673772469,data\processed\milestone_3\images\waymo\external\933621182106051783_4160_000_4180_000_1543516673772469.png,24,287,11,4,33,1,115,359,507.253117,640,640,37,300
waymo,rtdetr,2736377008667623133_2676_410_2696_410_1511721514997563,data\processed\milestone_3\images\waymo\external\2736377008667623133_2676_410_2696_410_1511721514997563.png,1,299,0,0,4,1,204,304,506.881135,640,640,2,300
waymo,rtdetr,2736377008667623133_2676_410_2696_410_1511721509500581,data\processed\milestone_3\images\waymo\external\2736377008667623133_2676_410_2696_410_1511721509500581.png,2,299,0,1,0,0,200,302,506.769393,640,640,3,300
waymo,rtdetr,3577352947946244999_3980_000_4000_000_1557847191097333,data\processed\milestone_3\images\waymo\external\3577352947946244999_3980_000_4000_000_1557847191097333.png,8,285,5,0,22,4,188,320,506.571882,640,640,23,300
waymo,rtdetr,16213317953898915772_1597_170_1617_170_1509233616293776,data\processed\milestone_3\images\waymo\external\16213317953898915772_1597_170_1617_170_1509233616293776.png,20,281,12,6,22,1,132,341,506.445006,640,640,39,300
waymo,rtdetr,10289507859301986274_4200_000_4220_000_1557847395172640,data\processed\milestone_3\images\waymo\external\10289507859301986274_4200_000_4220_000_1557847395172640.png,15,287,6,2,32,0,154,342,506.400452,640,640,28,300
waymo,rtdetr,6324079979569135086_2372_300_2392_300_1506988296259175,data\processed\milestone_3\images\waymo\external\6324079979569135086_2372_300_2392_300_1506988296259175.png,18,286,9,1,26,4,152,340,506.071665,640,640,32,300
kitti,rtdetr,001069,data\processed\milestone_3\images\kitti\val\001069.png,0,292,0,0,19,4,205,311,505.970402,640,640,8,300
waymo,rtdetr,13356997604177841771_3360_000_3380_000_1557267395587309,data\processed\milestone_3\images\waymo\external\13356997604177841771_3360_000_3380_000_1557267395587309.png,22,294,6,1,12,4,155,335,505.784483,640,640,28,300
waymo,rtdetr,14931160836268555821_5778_870_5798_870_1507338346234843,data\processed\milestone_3\images\waymo\external\14931160836268555821_5778_870_5798_870_1507338346234843.png,8,297,6,6,3,0,163,320,505.734864,640,640,11,300
waymo,rtdetr,933621182106051783_4160_000_4180_000_1543516671272780,data\processed\milestone_3\images\waymo\external\933621182106051783_4160_000_4180_000_1543516671272780.png,30,282,14,2,33,1,106,361,505.241739,640,640,48,300
kitti,rtdetr,004692,data\processed\milestone_3\images\kitti\val\004692.png,0,293,0,0,14,8,207,307,505.106402,640,640,7,300
waymo,rtdetr,13356997604177841771_3360_000_3380_000_1557267394587557,data\processed\milestone_3\images\waymo\external\13356997604177841771_3360_000_3380_000_1557267394587557.png,23,290,9,1,21,4,147,344,504.903778,640,640,33,300
waymo,rtdetr,4690718861228194910_1980_000_2000_000_1552693981249460,data\processed\milestone_3\images\waymo\external\4690718861228194910_1980_000_2000_000_1552693981249460.png,28,286,13,4,13,4,127,344,504.743503,640,640,42,300
waymo,rtdetr,14931160836268555821_5778_870_5798_870_1507338355130969,data\processed\milestone_3\images\waymo\external\14931160836268555821_5778_870_5798_870_1507338355130969.png,0,298,0,0,6,3,204,304,504.099512,640,640,2,300
waymo,rtdetr,3577352947946244999_3980_000_4000_000_1557847190597337,data\processed\milestone_3\images\waymo\external\3577352947946244999_3980_000_4000_000_1557847190597337.png,10,289,5,2,21,3,172,327,504.077905,640,640,21,300
waymo,rtdetr,16213317953898915772_1597_170_1617_170_1509233625293657,data\processed\milestone_3\images\waymo\external\16213317953898915772_1597_170_1617_170_1509233625293657.png,20,282,14,2,31,1,131,349,503.696337,640,640,38,300
waymo,rtdetr,10289507859301986274_4200_000_4220_000_1557847394672600,data\processed\milestone_3\images\waymo\external\10289507859301986274_4200_000_4220_000_1557847394672600.png,15,289,6,2,20,2,153,332,503.325758,640,640,26,300
waymo,rtdetr,14931160836268555821_5778_870_5798_870_1507338354131264,data\processed\milestone_3\images\waymo\external\14931160836268555821_5778_870_5798_870_1507338354131264.png,0,296,0,0,13,0,206,309,502.95995,640,640,4,300
waymo,rtdetr,2105808889850693535_2295_720_2315_720_1511129115979075,data\processed\milestone_3\images\waymo\external\2105808889850693535_2295_720_2315_720_1511129115979075.png,18,296,9,1,3,0,154,327,502.828338,640,640,22,300
waymo,rtdetr,13356997604177841771_3360_000_3380_000_1557267394087559,data\processed\milestone_3\images\waymo\external\13356997604177841771_3360_000_3380_000_1557267394087559.png,14,290,7,2,14,2,161,327,502.78516,640,640,24,300
waymo,rtdetr,933621182106051783_4160_000_4180_000_1543516689272642,data\processed\milestone_3\images\waymo\external\933621182106051783_4160_000_4180_000_1543516689272642.png,26,296,13,5,15,3,120,355,502.778769,640,640,30,300
waymo,rtdetr,3126522626440597519_806_440_826_440_1511046955507243,data\processed\milestone_3\images\waymo\external\3126522626440597519_806_440_826_440_1511046955507243.png,13,299,4,0,1,0,170,317,502.716635,640,640,14,300
waymo,rtdetr,11660186733224028707_420_000_440_000_1541042908272321,data\processed\milestone_3\images\waymo\external\11660186733224028707_420_000_440_000_1541042908272321.png,30,294,17,2,3,0,119,346,502.537362,640,640,36,300
kitti,rtdetr,005965,data\processed\milestone_3\images\kitti\val\005965.png,0,294,0,0,11,12,203,305,502.504194,640,640,6,300
waymo,rtdetr,8679184381783013073_7740_000_7760_000_1541816060898879,data\processed\milestone_3\images\waymo\external\8679184381783013073_7740_000_7760_000_1541816060898879.png,30,294,6,2,3,0,129,335,502.478945,640,640,36,300
waymo,rtdetr,4690718861228194910_1980_000_2000_000_1552693986749419,data\processed\milestone_3\images\waymo\external\4690718861228194910_1980_000_2000_000_1552693986749419.png,32,290,10,3,17,4,108,352,501.869984,640,640,42,300
waymo,rtdetr,14931160836268555821_5778_870_5798_870_1507338355630724,data\processed\milestone_3\images\waymo\external\14931160836268555821_5778_870_5798_870_1507338355630724.png,0,298,0,0,13,1,202,311,501.860865,640,640,2,300
kitti,rtdetr,004379,data\processed\milestone_3\images\kitti\val\004379.png,0,297,0,0,15,0,204,312,501.829345,640,640,3,300
waymo,rtdetr,4690718861228194910_1980_000_2000_000_1552693988249416,data\processed\milestone_3\images\waymo\external\4690718861228194910_1980_000_2000_000_1552693988249416.png,31,289,14,3,19,4,105,356,501.743044,640,640,42,300
waymo,rtdetr,13356997604177841771_3360_000_3380_000_1557267392087628,data\processed\milestone_3\images\waymo\external\13356997604177841771_3360_000_3380_000_1557267392087628.png,26,291,14,3,10,3,124,344,501.645897,640,640,35,300
waymo,rtdetr,8679184381783013073_7740_000_7760_000_1541816070898763,data\processed\milestone_3\images\waymo\external\8679184381783013073_7740_000_7760_000_1541816070898763.png,28,295,16,2,3,0,124,344,501.609811,640,640,33,300
waymo,rtdetr,8679184381783013073_7740_000_7760_000_1541816073898483,data\processed\milestone_3\images\waymo\external\8679184381783013073_7740_000_7760_000_1541816073898483.png,29,294,19,3,7,0,111,352,501.603213,640,640,35,300
kitti,rtdetr,004343,data\processed\milestone_3\images\kitti\val\004343.png,0,298,0,0,20,0,203,318,501.577074,640,640,2,300
waymo,rtdetr,2736377008667623133_2676_410_2696_410_1511721511500703,data\processed\milestone_3\images\waymo\external\2736377008667623133_2676_410_2696_410_1511721511500703.png,2,299,0,0,1,0,197,302,501.562761,640,640,3,300
waymo,rtdetr,933621182106051783_4160_000_4180_000_1543516678272423,data\processed\milestone_3\images\waymo\external\933621182106051783_4160_000_4180_000_1543516678272423.png,23,292,9,3,14,0,131,341,501.139268,640,640,31,300
waymo,rtdetr,2736377008667623133_2676_410_2696_410_1511721513998928,data\processed\milestone_3\images\waymo\external\2736377008667623133_2676_410_2696_410_1511721513998928.png,1,299,0,0,3,2,198,303,500.957749,640,640,2,300
waymo,rtdetr,2736377008667623133_2676_410_2696_410_1511721511000845,data\processed\milestone_3\images\waymo\external\2736377008667623133_2676_410_2696_410_1511721511000845.png,2,299,1,0,2,0,195,304,500.681158,640,640,3,300
waymo,rtdetr,2736377008667623133_2676_410_2696_410_1511721510500682,data\processed\milestone_3\images\waymo\external\2736377008667623133_2676_410_2696_410_1511721510500682.png,2,299,0,0,1,0,196,302,500.610702,640,640,3,300
waymo,rtdetr,12657584952502228282_3940_000_3960_000_1549937211398460,data\processed\milestone_3\images\waymo\external\12657584952502228282_3940_000_3960_000_1549937211398460.png,24,286,19,5,19,1,116,353,500.38555,640,640,38,300
waymo,rtdetr,933621182106051783_4160_000_4180_000_1543516672772394,data\processed\milestone_3\images\waymo\external\933621182106051783_4160_000_4180_000_1543516672772394.png,24,283,5,1,37,1,118,350,500.329116,640,640,41,300
waymo,rtdetr,933621182106051783_4160_000_4180_000_1543516673272452,data\processed\milestone_3\images\waymo\external\933621182106051783_4160_000_4180_000_1543516673272452.png,27,287,15,3,28,2,105,360,500.238074,640,640,40,300
waymo,rtdetr,14931160836268555821_5778_870_5798_870_1507338341930342,data\processed\milestone_3\images\waymo\external\14931160836268555821_5778_870_5798_870_1507338341930342.png,7,297,1,0,5,1,176,310,499.929218,640,640,10,300
kitti,rtdetr,003784,data\processed\milestone_3\images\kitti\val\003784.png,0,295,0,0,26,1,202,321,499.536094,640,640,5,300
kitti,rtdetr,006818,data\processed\milestone_3\images\kitti\val\006818.png,0,296,0,0,15,1,198,311,498.994659,640,640,4,300
waymo,rtdetr,3039251927598134881_1240_610_1260_610_1507246311901410,data\processed\milestone_3\images\waymo\external\3039251927598134881_1240_610_1260_610_1507246311901410.png,19,297,11,1,4,0,134,332,498.772915,640,640,22,300
waymo,rtdetr,16213317953898915772_1597_170_1617_170_1509233618293733,data\processed\milestone_3\images\waymo\external\16213317953898915772_1597_170_1617_170_1509233618293733.png,19,282,10,5,18,1,134,334,498.755576,640,640,37,300
waymo,rtdetr,14300007604205869133_1160_000_1180_000_1544753140773668,data\processed\milestone_3\images\waymo\external\14300007604205869133_1160_000_1180_000_1544753140773668.png,28,295,10,1,8,0,131,342,498.602336,640,640,33,300
waymo,rtdetr,8679184381783013073_7740_000_7760_000_1541816064398870,data\processed\milestone_3\images\waymo\external\8679184381783013073_7740_000_7760_000_1541816064398870.png,32,296,13,1,1,0,114,343,498.564362,640,640,36,300
kitti,rtdetr,003054,data\processed\milestone_3\images\kitti\val\003054.png,0,299,0,0,10,3,198,309,498.482119,640,640,1,300
waymo,rtdetr,8679184381783013073_7740_000_7760_000_1541816065898902,data\processed\milestone_3\images\waymo\external\8679184381783013073_7740_000_7760_000_1541816065898902.png,31,296,13,1,3,0,114,344,498.479065,640,640,35,300
waymo,rtdetr,933621182106051783_4160_000_4180_000_1543516677772377,data\processed\milestone_3\images\waymo\external\933621182106051783_4160_000_4180_000_1543516677772377.png,24,291,10,4,18,2,122,347,498.055076,640,640,33,300
waymo,rtdetr,4690718861228194910_1980_000_2000_000_1552693974249248,data\processed\milestone_3\images\waymo\external\4690718861228194910_1980_000_2000_000_1552693974249248.png,28,288,18,2,17,4,113,353,497.936618,640,640,40,300
waymo,rtdetr,4409585400955983988_3500_470_3520_470_1507165533489865,data\processed\milestone_3\images\waymo\external\4409585400955983988_3500_470_3520_470_1507165533489865.png,1,300,1,0,0,0,194,302,497.740419,640,640,1,300
waymo,rtdetr,2736377008667623133_2676_410_2696_410_1511721510000596,data\processed\milestone_3\images\waymo\external\2736377008667623133_2676_410_2696_410_1511721510000596.png,2,299,1,1,1,0,190,304,497.67529,640,640,3,300
waymo,rtdetr,4690718861228194910_1980_000_2000_000_1552693989249297,data\processed\milestone_3\images\waymo\external\4690718861228194910_1980_000_2000_000_1552693989249297.png,33,290,15,1,17,3,99,356,497.640036,640,640,43,300
waymo,rtdetr,6324079979569135086_2372_300_2392_300_1506988297259243,data\processed\milestone_3\images\waymo\external\6324079979569135086_2372_300_2392_300_1506988297259243.png,21,288,11,0,23,0,139,343,497.629192,640,640,33,300
waymo,rtdetr,14300007604205869133_1160_000_1180_000_1544753141273685,data\processed\milestone_3\images\waymo\external\14300007604205869133_1160_000_1180_000_1544753141273685.png,29,297,11,4,2,0,120,343,497.598053,640,640,32,300
waymo,rtdetr,16213317953898915772_1597_170_1617_170_1509233619293687,data\processed\milestone_3\images\waymo\external\16213317953898915772_1597_170_1617_170_1509233619293687.png,20,282,10,6,13,3,133,331,497.590762,640,640,38,300
waymo,rtdetr,8679184381783013073_7740_000_7760_000_1541816077398587,data\processed\milestone_3\images\waymo\external\8679184381783013073_7740_000_7760_000_1541816077398587.png,32,294,10,2,8,0,102,346,497.564509,640,640,38,300
waymo,rtdetr,8679184381783013073_7740_000_7760_000_1541816066898908,data\processed\milestone_3\images\waymo\external\8679184381783013073_7740_000_7760_000_1541816066898908.png,28,292,14,1,4,0,121,339,497.47657,640,640,36,300
waymo,rtdetr,4690718861228194910_1980_000_2000_000_1552693985249378,data\processed\milestone_3\images\waymo\external\4690718861228194910_1980_000_2000_000_1552693985249378.png,31,293,8,0,9,2,121,341,497.287164,640,640,38,300
waymo,rtdetr,14931160836268555821_5778_870_5798_870_1507338350135327,data\processed\milestone_3\images\waymo\external\14931160836268555821_5778_870_5798_870_1507338350135327.png,5,297,4,3,8,2,173,317,496.947332,640,640,8,300
waymo,rtdetr,11660186733224028707_420_000_440_000_1541042910772363,data\processed\milestone_3\images\waymo\external\11660186733224028707_420_000_440_000_1541042910772363.png,24,292,11,3,8,1,127,338,496.903925,640,640,32,300
waymo,rtdetr,14931160836268555821_5778_870_5798_870_1507338342931418,data\processed\milestone_3\images\waymo\external\14931160836268555821_5778_870_5798_870_1507338342931418.png,7,296,0,0,6,1,173,309,496.798507,640,640,11,300
waymo,rtdetr,16213317953898915772_1597_170_1617_170_1509233615793809,data\processed\milestone_3\images\waymo\external\16213317953898915772_1597_170_1617_170_1509233615793809.png,21,281,12,6,19,2,124,339,496.710091,640,640,40,300
waymo,rtdetr,14300007604205869133_1160_000_1180_000_1544753136773763,data\processed\milestone_3\images\waymo\external\14300007604205869133_1160_000_1180_000_1544753136773763.png,26,296,9,2,6,0,133,339,496.631686,640,640,30,300
waymo,rtdetr,8679184381783013073_7740_000_7760_000_1541816068398899,data\processed\milestone_3\images\waymo\external\8679184381783013073_7740_000_7760_000_1541816068398899.png,29,296,13,2,2,0,117,342,496.54069,640,640,33,300
waymo,rtdetr,16213317953898915772_1597_170_1617_170_1509233621793942,data\processed\milestone_3\images\waymo\external\16213317953898915772_1597_170_1617_170_1509233621793942.png,20,285,14,4,20,1,123,343,496.215728,640,640,35,300
waymo,rtdetr,933621182106051783_4160_000_4180_000_1543516677272349,data\processed\milestone_3\images\waymo\external\933621182106051783_4160_000_4180_000_1543516677272349.png,24,289,11,3,38,1,102,365,496.114364,640,640,35,300
kitti,rtdetr,000722,data\processed\milestone_3\images\kitti\val\000722.png,0,296,0,0,14,4,198,310,495.868439,640,640,4,300
kitti,rtdetr,007451,data\processed\milestone_3\images\kitti\val\007451.png,1,292,1,1,12,11,185,307,495.78474,640,640,9,300
kitti,rtdetr,004882,data\processed\milestone_3\images\kitti\val\004882.png,0,294,0,0,22,1,192,316,495.660857,640,640,6,300
waymo,rtdetr,4690718861228194910_1980_000_2000_000_1552693989749305,data\processed\milestone_3\images\waymo\external\4690718861228194910_1980_000_2000_000_1552693989749305.png,30,289,11,1,18,2,109,349,495.569491,640,640,41,300
waymo,rtdetr,4690718861228194910_1980_000_2000_000_1552693980749366,data\processed\milestone_3\images\waymo\external\4690718861228194910_1980_000_2000_000_1552693980749366.png,29,285,19,1,21,3,109,355,495.54646,640,640,44,300
waymo,rtdetr,8679184381783013073_7740_000_7760_000_1541816065398891,data\processed\milestone_3\images\waymo\external\8679184381783013073_7740_000_7760_000_1541816065398891.png,32,295,12,2,1,0,112,342,495.51258,640,640,37,300
waymo,rtdetr,8679184381783013073_7740_000_7760_000_1541816067898879,data\processed\milestone_3\images\waymo\external\8679184381783013073_7740_000_7760_000_1541816067898879.png,30,295,9,0,0,0,123,334,495.449984,640,640,35,300
waymo,rtdetr,4690718861228194910_1980_000_2000_000_1552693976249498,data\processed\milestone_3\images\waymo\external\4690718861228194910_1980_000_2000_000_1552693976249498.png,31,293,10,1,19,3,107,354,495.392595,640,640,38,300
waymo,rtdetr,933621182106051783_4160_000_4180_000_1543516684272735,data\processed\milestone_3\images\waymo\external\933621182106051783_4160_000_4180_000_1543516684272735.png,21,292,10,4,19,2,125,346,495.30764,640,640,29,300
waymo,rtdetr,4690718861228194910_1980_000_2000_000_1552693974749318,data\processed\milestone_3\images\waymo\external\4690718861228194910_1980_000_2000_000_1552693974749318.png,29,290,18,4,13,1,104,354,495.216884,640,640,39,300
kitti,rtdetr,003296,data\processed\milestone_3\images\kitti\val\003296.png,0,294,0,0,16,4,192,310,495.213107,640,640,6,300
waymo,rtdetr,12657584952502228282_3940_000_3960_000_1549937207399013,data\processed\milestone_3\images\waymo\external\12657584952502228282_3940_000_3960_000_1549937207399013.png,31,290,19,1,36,0,83,377,494.913858,640,640,41,300
waymo,rtdetr,14931160836268555821_5778_870_5798_870_1507338353631702,data\processed\milestone_3\images\waymo\external\14931160836268555821_5778_870_5798_870_1507338353631702.png,0,295,0,0,12,0,198,307,494.885114,640,640,5,300
waymo,rtdetr,2736377008667623133_2676_410_2696_410_1511721507000880,data\processed\milestone_3\images\waymo\external\2736377008667623133_2676_410_2696_410_1511721507000880.png,4,297,2,0,12,0,184,315,494.57091,640,640,7,300
waymo,rtdetr,14107757919671295130_3546_370_3566_370_1511668660859805,data\processed\milestone_3\images\waymo\external\14107757919671295130_3546_370_3566_370_1511668660859805.png,18,300,5,1,0,0,149,324,494.528519,640,640,18,300
