dataset,detector,image_id,image_path,missed_pedestrians,missed_cyclists,small_missed_vru,medium_missed_vru,large_missed_vru,total_safety_false_negatives,max_best_same_class_iou,max_best_wrong_class_iou,safety_critical_score,image_width,image_height,total_gt_in_image,total_predictions_in_image
waymo,yolo,8506432817378693815_4860_000_4880_000_1557857366637459,data\processed\milestone_3\images\waymo\external\8506432817378693815_4860_000_4880_000_1557857366637459.png,36,2,38,0,0,38,0.0,0.617684,57.5,640,640,49,12
waymo,yolo,8506432817378693815_4860_000_4880_000_1557857363137470,data\processed\milestone_3\images\waymo\external\8506432817378693815_4860_000_4880_000_1557857363137470.png,35,2,37,0,0,37,0.0,0.112372,56.0,640,640,49,8
waymo,faster_rcnn,8506432817378693815_4860_000_4880_000_1557857366637459,data\processed\milestone_3\images\waymo\external\8506432817378693815_4860_000_4880_000_1557857366637459.png,35,2,37,0,0,37,0.253992,0.00248,56.0,640,640,49,11
waymo,yolo,8506432817378693815_4860_000_4880_000_1557857358135995,data\processed\milestone_3\images\waymo\external\8506432817378693815_4860_000_4880_000_1557857358135995.png,36,1,37,0,0,37,0.0,0.0,55.75,640,640,55,6
waymo,yolo,8506432817378693815_4860_000_4880_000_1557857358636513,data\processed\milestone_3\images\waymo\external\8506432817378693815_4860_000_4880_000_1557857358636513.png,36,1,37,0,0,37,0.0,0.0,55.75,640,640,53,6
waymo,retinanet,8506432817378693815_4860_000_4880_000_1557857358636513,data\processed\milestone_3\images\waymo\external\8506432817378693815_4860_000_4880_000_1557857358636513.png,36,1,37,0,0,37,0.450038,0.010986,55.75,640,640,53,19
waymo,faster_rcnn,8506432817378693815_4860_000_4880_000_1557857358636513,data\processed\milestone_3\images\waymo\external\8506432817378693815_4860_000_4880_000_1557857358636513.png,36,1,37,0,0,37,0.363959,0.316582,55.75,640,640,53,27
waymo,yolo,8506432817378693815_4860_000_4880_000_1557857366137460,data\processed\milestone_3\images\waymo\external\8506432817378693815_4860_000_4880_000_1557857366137460.png,34,2,36,0,0,36,0.254389,0.193557,54.5,640,640,53,14
waymo,retinanet,8506432817378693815_4860_000_4880_000_1557857366137460,data\processed\milestone_3\images\waymo\external\8506432817378693815_4860_000_4880_000_1557857366137460.png,34,2,36,0,0,36,0.330517,0.722971,54.5,640,640,53,19
waymo,faster_rcnn,8506432817378693815_4860_000_4880_000_1557857366137460,data\processed\milestone_3\images\waymo\external\8506432817378693815_4860_000_4880_000_1557857366137460.png,34,2,36,0,0,36,0.375181,0.310362,54.5,640,640,53,14
waymo,faster_rcnn,8506432817378693815_4860_000_4880_000_1557857358135995,data\processed\milestone_3\images\waymo\external\8506432817378693815_4860_000_4880_000_1557857358135995.png,35,1,36,0,0,36,0.292657,0.446578,54.25,640,640,55,30
waymo,yolo,8506432817378693815_4860_000_4880_000_1557857362637395,data\processed\milestone_3\images\waymo\external\8506432817378693815_4860_000_4880_000_1557857362637395.png,33,2,35,0,0,35,0.0,0.132043,53.0,640,640,48,9
waymo,yolo,8506432817378693815_4860_000_4880_000_1557857365637432,data\processed\milestone_3\images\waymo\external\8506432817378693815_4860_000_4880_000_1557857365637432.png,33,2,35,0,0,35,0.0,0.006971,53.0,640,640,49,9
waymo,retinanet,8506432817378693815_4860_000_4880_000_1557857366637459,data\processed\milestone_3\images\waymo\external\8506432817378693815_4860_000_4880_000_1557857366637459.png,33,2,35,0,0,35,0.168438,0.159843,53.0,640,640,49,17
waymo,yolo,8506432817378693815_4860_000_4880_000_1557857356634947,data\processed\milestone_3\images\waymo\external\8506432817378693815_4860_000_4880_000_1557857356634947.png,34,1,35,0,0,35,0.193051,0.080783,52.75,640,640,60,18
waymo,yolo,8506432817378693815_4860_000_4880_000_1557857357635506,data\processed\milestone_3\images\waymo\external\8506432817378693815_4860_000_4880_000_1557857357635506.png,34,1,35,0,0,35,0.0,0.0,52.75,640,640,56,6
waymo,yolo,8506432817378693815_4860_000_4880_000_1557857359136948,data\processed\milestone_3\images\waymo\external\8506432817378693815_4860_000_4880_000_1557857359136948.png,34,1,35,0,0,35,0.054198,0.623428,52.75,640,640,53,17
waymo,yolo,8506432817378693815_4860_000_4880_000_1557857359637183,data\processed\milestone_3\images\waymo\external\8506432817378693815_4860_000_4880_000_1557857359637183.png,34,1,35,0,0,35,0.0,0.534578,52.75,640,640,53,11
waymo,retinanet,8506432817378693815_4860_000_4880_000_1557857357635506,data\processed\milestone_3\images\waymo\external\8506432817378693815_4860_000_4880_000_1557857357635506.png,34,1,35,0,0,35,0.273164,0.037042,52.75,640,640,56,18
waymo,retinanet,8506432817378693815_4860_000_4880_000_1557857358135995,data\processed\milestone_3\images\waymo\external\8506432817378693815_4860_000_4880_000_1557857358135995.png,34,1,35,0,0,35,0.283122,0.030925,52.75,640,640,55,24
waymo,retinanet,8506432817378693815_4860_000_4880_000_1557857359136948,data\processed\milestone_3\images\waymo\external\8506432817378693815_4860_000_4880_000_1557857359136948.png,34,1,35,0,0,35,0.459179,0.206991,52.75,640,640,53,20
waymo,faster_rcnn,8506432817378693815_4860_000_4880_000_1557857357635506,data\processed\milestone_3\images\waymo\external\8506432817378693815_4860_000_4880_000_1557857357635506.png,34,1,35,0,0,35,0.294748,0.306123,52.75,640,640,56,17
waymo,faster_rcnn,8506432817378693815_4860_000_4880_000_1557857359136948,data\processed\milestone_3\images\waymo\external\8506432817378693815_4860_000_4880_000_1557857359136948.png,34,1,35,0,0,35,0.354822,0.387435,52.75,640,640,53,22
waymo,yolo,9114112687541091312_1100_000_1120_000_1544144341316314,data\processed\milestone_3\images\waymo\external\9114112687541091312_1100_000_1120_000_1544144341316314.png,32,3,34,1,0,35,0.0,0.0,52.75,640,640,49,3
waymo,faster_rcnn,9114112687541091312_1100_000_1120_000_1544144341316314,data\processed\milestone_3\images\waymo\external\9114112687541091312_1100_000_1120_000_1544144341316314.png,32,3,34,1,0,35,0.401779,0.801141,52.75,640,640,49,8
waymo,yolo,9114112687541091312_1100_000_1120_000_1544144326216286,data\processed\milestone_3\images\waymo\external\9114112687541091312_1100_000_1120_000_1544144326216286.png,31,3,34,0,0,34,0.0,0.0,51.75,640,640,48,7
waymo,yolo,9114112687541091312_1100_000_1120_000_1544144338816151,data\processed\milestone_3\images\waymo\external\9114112687541091312_1100_000_1120_000_1544144338816151.png,31,3,34,0,0,34,0.0,0.0,51.75,640,640,45,2
waymo,faster_rcnn,9114112687541091312_1100_000_1120_000_1544144326216286,data\processed\milestone_3\images\waymo\external\9114112687541091312_1100_000_1120_000_1544144326216286.png,31,3,34,0,0,34,0.394236,0.705418,51.75,640,640,48,12
waymo,yolo,13356997604177841771_3360_000_3380_000_1557267377587261,data\processed\milestone_3\images\waymo\external\13356997604177841771_3360_000_3380_000_1557267377587261.png,32,2,34,0,0,34,0.171324,0.714828,51.5,640,640,49,2
waymo,yolo,8506432817378693815_4860_000_4880_000_1557857360637369,data\processed\milestone_3\images\waymo\external\8506432817378693815_4860_000_4880_000_1557857360637369.png,32,2,34,0,0,34,0.0,0.086373,51.5,640,640,51,25
waymo,yolo,8506432817378693815_4860_000_4880_000_1557857364137450,data\processed\milestone_3\images\waymo\external\8506432817378693815_4860_000_4880_000_1557857364137450.png,32,2,34,0,0,34,0.0,0.073503,51.5,640,640,48,9
waymo,yolo,8506432817378693815_4860_000_4880_000_1557857367137450,data\processed\milestone_3\images\waymo\external\8506432817378693815_4860_000_4880_000_1557857367137450.png,32,2,34,0,0,34,0.269825,0.002823,51.5,640,640,47,22
waymo,yolo,8506432817378693815_4860_000_4880_000_1557857367637448,data\processed\milestone_3\images\waymo\external\8506432817378693815_4860_000_4880_000_1557857367637448.png,32,2,34,0,0,34,0.0,0.0,51.5,640,640,47,9
waymo,yolo,8506432817378693815_4860_000_4880_000_1557857368137463,data\processed\milestone_3\images\waymo\external\8506432817378693815_4860_000_4880_000_1557857368137463.png,32,2,34,0,0,34,0.286548,0.286548,51.5,640,640,47,18
waymo,retinanet,8506432817378693815_4860_000_4880_000_1557857363137470,data\processed\milestone_3\images\waymo\external\8506432817378693815_4860_000_4880_000_1557857363137470.png,32,2,34,0,0,34,0.434697,0.507309,51.5,640,640,49,14
waymo,faster_rcnn,8506432817378693815_4860_000_4880_000_1557857365637432,data\processed\milestone_3\images\waymo\external\8506432817378693815_4860_000_4880_000_1557857365637432.png,32,2,34,0,0,34,0.428226,0.598255,51.5,640,640,49,15
waymo,rtdetr,8506432817378693815_4860_000_4880_000_1557857358636513,data\processed\milestone_3\images\waymo\external\8506432817378693815_4860_000_4880_000_1557857358636513.png,33,1,34,0,0,34,0.473334,0.760659,51.25,640,640,53,300
waymo,retinanet,8506432817378693815_4860_000_4880_000_1557857356134808,data\processed\milestone_3\images\waymo\external\8506432817378693815_4860_000_4880_000_1557857356134808.png,33,1,34,0,0,34,0.382243,0.004413,51.25,640,640,61,19
waymo,faster_rcnn,8506432817378693815_4860_000_4880_000_1557857356634947,data\processed\milestone_3\images\waymo\external\8506432817378693815_4860_000_4880_000_1557857356634947.png,33,1,34,0,0,34,0.430404,0.650508,51.25,640,640,60,29
waymo,faster_rcnn,8506432817378693815_4860_000_4880_000_1557857359637183,data\processed\milestone_3\images\waymo\external\8506432817378693815_4860_000_4880_000_1557857359637183.png,33,1,34,0,0,34,0.46585,0.385817,51.25,640,640,53,21
waymo,yolo,9114112687541091312_1100_000_1120_000_1544144339816354,data\processed\milestone_3\images\waymo\external\9114112687541091312_1100_000_1120_000_1544144339816354.png,31,3,33,1,0,34,0.0,0.0,51.25,640,640,47,2
waymo,yolo,9114112687541091312_1100_000_1120_000_1544144340816348,data\processed\milestone_3\images\waymo\external\9114112687541091312_1100_000_1120_000_1544144340816348.png,31,3,33,1,0,34,0.0,0.0,51.25,640,640,47,2
waymo,yolo,9114112687541091312_1100_000_1120_000_1544144341816280,data\processed\milestone_3\images\waymo\external\9114112687541091312_1100_000_1120_000_1544144341816280.png,31,3,33,1,0,34,0.0,0.035581,51.25,640,640,48,3
waymo,faster_rcnn,9114112687541091312_1100_000_1120_000_1544144340816348,data\processed\milestone_3\images\waymo\external\9114112687541091312_1100_000_1120_000_1544144340816348.png,31,3,33,1,0,34,0.426361,0.283523,51.25,640,640,47,8
waymo,faster_rcnn,9114112687541091312_1100_000_1120_000_1544144341816280,data\processed\milestone_3\images\waymo\external\9114112687541091312_1100_000_1120_000_1544144341816280.png,31,3,33,1,0,34,0.371509,0.258747,51.25,640,640,48,7
waymo,yolo,9114112687541091312_1100_000_1120_000_1544144325216299,data\processed\milestone_3\images\waymo\external\9114112687541091312_1100_000_1120_000_1544144325216299.png,29,4,33,0,0,33,0.0,0.0,50.5,640,640,47,4
waymo,yolo,9114112687541091312_1100_000_1120_000_1544144325716300,data\processed\milestone_3\images\waymo\external\9114112687541091312_1100_000_1120_000_1544144325716300.png,30,3,33,0,0,33,0.0,0.0,50.25,640,640,48,7
waymo,retinanet,9114112687541091312_1100_000_1120_000_1544144326216286,data\processed\milestone_3\images\waymo\external\9114112687541091312_1100_000_1120_000_1544144326216286.png,30,3,33,0,0,33,0.342375,0.532416,50.25,640,640,48,6
waymo,retinanet,9114112687541091312_1100_000_1120_000_1544144338816151,data\processed\milestone_3\images\waymo\external\9114112687541091312_1100_000_1120_000_1544144338816151.png,30,3,33,0,0,33,0.0,0.0,50.25,640,640,45,7
waymo,retinanet,9114112687541091312_1100_000_1120_000_1544144341316314,data\processed\milestone_3\images\waymo\external\9114112687541091312_1100_000_1120_000_1544144341316314.png,30,3,33,0,0,33,0.0,0.0,50.25,640,640,49,8
waymo,faster_rcnn,9114112687541091312_1100_000_1120_000_1544144339816354,data\processed\milestone_3\images\waymo\external\9114112687541091312_1100_000_1120_000_1544144339816354.png,30,3,33,0,0,33,0.486687,0.297066,50.25,640,640,47,12
waymo,yolo,8506432817378693815_4860_000_4880_000_1557857361137300,data\processed\milestone_3\images\waymo\external\8506432817378693815_4860_000_4880_000_1557857361137300.png,31,2,33,0,0,33,0.177191,0.768747,50.0,640,640,47,21
waymo,yolo,8506432817378693815_4860_000_4880_000_1557857361637343,data\processed\milestone_3\images\waymo\external\8506432817378693815_4860_000_4880_000_1557857361637343.png,31,2,33,0,0,33,0.118068,0.220245,50.0,640,640,46,16
waymo,yolo,8506432817378693815_4860_000_4880_000_1557857362137378,data\processed\milestone_3\images\waymo\external\8506432817378693815_4860_000_4880_000_1557857362137378.png,31,2,33,0,0,33,0.002249,0.119665,50.0,640,640,47,14
waymo,yolo,8506432817378693815_4860_000_4880_000_1557857363637447,data\processed\milestone_3\images\waymo\external\8506432817378693815_4860_000_4880_000_1557857363637447.png,31,2,33,0,0,33,0.0,0.644772,50.0,640,640,45,9
waymo,rtdetr,8506432817378693815_4860_000_4880_000_1557857366137460,data\processed\milestone_3\images\waymo\external\8506432817378693815_4860_000_4880_000_1557857366137460.png,31,2,33,0,0,33,0.458014,0.417756,50.0,640,640,53,300
waymo,rtdetr,8506432817378693815_4860_000_4880_000_1557857366637459,data\processed\milestone_3\images\waymo\external\8506432817378693815_4860_000_4880_000_1557857366637459.png,31,2,33,0,0,33,0.499773,0.499773,50.0,640,640,49,300
waymo,retinanet,8506432817378693815_4860_000_4880_000_1557857360637369,data\processed\milestone_3\images\waymo\external\8506432817378693815_4860_000_4880_000_1557857360637369.png,31,2,33,0,0,33,0.410811,0.710335,50.0,640,640,51,23
waymo,retinanet,8506432817378693815_4860_000_4880_000_1557857365637432,data\processed\milestone_3\images\waymo\external\8506432817378693815_4860_000_4880_000_1557857365637432.png,31,2,33,0,0,33,0.316039,0.758424,50.0,640,640,49,20
waymo,faster_rcnn,8506432817378693815_4860_000_4880_000_1557857363137470,data\processed\milestone_3\images\waymo\external\8506432817378693815_4860_000_4880_000_1557857363137470.png,31,2,33,0,0,33,0.422768,0.44128,50.0,640,640,49,27
waymo,faster_rcnn,8506432817378693815_4860_000_4880_000_1557857367137450,data\processed\milestone_3\images\waymo\external\8506432817378693815_4860_000_4880_000_1557857367137450.png,31,2,33,0,0,33,0.277399,0.369972,50.0,640,640,47,18
waymo,faster_rcnn,8506432817378693815_4860_000_4880_000_1557857367637448,data\processed\milestone_3\images\waymo\external\8506432817378693815_4860_000_4880_000_1557857367637448.png,31,2,33,0,0,33,0.294373,0.039325,50.0,640,640,47,15
waymo,yolo,13356997604177841771_3360_000_3380_000_1557267378087469,data\processed\milestone_3\images\waymo\external\13356997604177841771_3360_000_3380_000_1557267378087469.png,32,1,33,0,0,33,0.012987,0.0,49.75,640,640,48,2
waymo,yolo,8506432817378693815_4860_000_4880_000_1557857354135532,data\processed\milestone_3\images\waymo\external\8506432817378693815_4860_000_4880_000_1557857354135532.png,32,1,33,0,0,33,0.024334,0.0,49.75,640,640,57,7
waymo,yolo,8506432817378693815_4860_000_4880_000_1557857364637449,data\processed\milestone_3\images\waymo\external\8506432817378693815_4860_000_4880_000_1557857364637449.png,32,1,33,0,0,33,0.339797,0.006162,49.75,640,640,48,10
waymo,rtdetr,8506432817378693815_4860_000_4880_000_1557857359136948,data\processed\milestone_3\images\waymo\external\8506432817378693815_4860_000_4880_000_1557857359136948.png,32,1,33,0,0,33,0.456716,0.558759,49.75,640,640,53,300
waymo,retinanet,8506432817378693815_4860_000_4880_000_1557857356634947,data\processed\milestone_3\images\waymo\external\8506432817378693815_4860_000_4880_000_1557857356634947.png,32,1,33,0,0,33,0.413674,0.60258,49.75,640,640,60,23
waymo,faster_rcnn,13356997604177841771_3360_000_3380_000_1557267377587261,data\processed\milestone_3\images\waymo\external\13356997604177841771_3360_000_3380_000_1557267377587261.png,32,1,33,0,0,33,0.204531,0.331276,49.75,640,640,49,10
waymo,faster_rcnn,8506432817378693815_4860_000_4880_000_1557857357135138,data\processed\milestone_3\images\waymo\external\8506432817378693815_4860_000_4880_000_1557857357135138.png,32,1,33,0,0,33,0.458119,0.272174,49.75,640,640,59,23
waymo,yolo,9114112687541091312_1100_000_1120_000_1544144340316344,data\processed\milestone_3\images\waymo\external\9114112687541091312_1100_000_1120_000_1544144340316344.png,30,3,32,1,0,33,0.0,0.0,49.75,640,640,46,3
waymo,yolo,9114112687541091312_1100_000_1120_000_1544144337316333,data\processed\milestone_3\images\waymo\external\9114112687541091312_1100_000_1120_000_1544144337316333.png,29,3,32,0,0,32,0.0,0.0,48.75,640,640,44,2
waymo,retinanet,9114112687541091312_1100_000_1120_000_1544144325716300,data\processed\milestone_3\images\waymo\external\9114112687541091312_1100_000_1120_000_1544144325716300.png,29,3,32,0,0,32,0.392002,0.192395,48.75,640,640,48,12
waymo,retinanet,9114112687541091312_1100_000_1120_000_1544144339816354,data\processed\milestone_3\images\waymo\external\9114112687541091312_1100_000_1120_000_1544144339816354.png,29,3,32,0,0,32,0.437916,0.0,48.75,640,640,47,9
waymo,retinanet,9114112687541091312_1100_000_1120_000_1544144340816348,data\processed\milestone_3\images\waymo\external\9114112687541091312_1100_000_1120_000_1544144340816348.png,29,3,32,0,0,32,0.009622,0.007517,48.75,640,640,47,7
waymo,retinanet,9114112687541091312_1100_000_1120_000_1544144341816280,data\processed\milestone_3\images\waymo\external\9114112687541091312_1100_000_1120_000_1544144341816280.png,29,3,32,0,0,32,0.0,0.0,48.75,640,640,48,6
waymo,faster_rcnn,9114112687541091312_1100_000_1120_000_1544144325216299,data\processed\milestone_3\images\waymo\external\9114112687541091312_1100_000_1120_000_1544144325216299.png,29,3,32,0,0,32,0.473825,0.0,48.75,640,640,47,9
waymo,faster_rcnn,9114112687541091312_1100_000_1120_000_1544144325716300,data\processed\milestone_3\images\waymo\external\9114112687541091312_1100_000_1120_000_1544144325716300.png,29,3,32,0,0,32,0.406976,0.354814,48.75,640,640,48,13
waymo,faster_rcnn,9114112687541091312_1100_000_1120_000_1544144338816151,data\processed\milestone_3\images\waymo\external\9114112687541091312_1100_000_1120_000_1544144338816151.png,29,3,32,0,0,32,0.305862,0.173259,48.75,640,640,45,9
waymo,retinanet,8506432817378693815_4860_000_4880_000_1557857361137300,data\processed\milestone_3\images\waymo\external\8506432817378693815_4860_000_4880_000_1557857361137300.png,30,2,32,0,0,32,0.464003,0.197744,48.5,640,640,47,20
waymo,retinanet,8506432817378693815_4860_000_4880_000_1557857362637395,data\processed\milestone_3\images\waymo\external\8506432817378693815_4860_000_4880_000_1557857362637395.png,30,2,32,0,0,32,0.273567,0.410876,48.5,640,640,48,25
waymo,retinanet,8506432817378693815_4860_000_4880_000_1557857367137450,data\processed\milestone_3\images\waymo\external\8506432817378693815_4860_000_4880_000_1557857367137450.png,30,2,32,0,0,32,0.420898,0.043845,48.5,640,640,47,17
waymo,retinanet,8506432817378693815_4860_000_4880_000_1557857367637448,data\processed\milestone_3\images\waymo\external\8506432817378693815_4860_000_4880_000_1557857367637448.png,30,2,32,0,0,32,0.473862,0.438602,48.5,640,640,47,20
waymo,faster_rcnn,8506432817378693815_4860_000_4880_000_1557857360637369,data\processed\milestone_3\images\waymo\external\8506432817378693815_4860_000_4880_000_1557857360637369.png,30,2,32,0,0,32,0.356155,0.341139,48.5,640,640,51,29
waymo,faster_rcnn,8506432817378693815_4860_000_4880_000_1557857361137300,data\processed\milestone_3\images\waymo\external\8506432817378693815_4860_000_4880_000_1557857361137300.png,30,2,32,0,0,32,0.376943,0.477093,48.5,640,640,47,35
waymo,faster_rcnn,8506432817378693815_4860_000_4880_000_1557857362637395,data\processed\milestone_3\images\waymo\external\8506432817378693815_4860_000_4880_000_1557857362637395.png,30,2,32,0,0,32,0.414472,0.356434,48.5,640,640,48,25
waymo,faster_rcnn,8506432817378693815_4860_000_4880_000_1557857364137450,data\processed\milestone_3\images\waymo\external\8506432817378693815_4860_000_4880_000_1557857364137450.png,30,2,32,0,0,32,0.495934,0.439231,48.5,640,640,48,19
waymo,yolo,13356997604177841771_3360_000_3380_000_1557267378587691,data\processed\milestone_3\images\waymo\external\13356997604177841771_3360_000_3380_000_1557267378587691.png,31,1,32,0,0,32,0.16372,0.197601,48.25,640,640,48,4
waymo,yolo,8506432817378693815_4860_000_4880_000_1557857354635133,data\processed\milestone_3\images\waymo\external\8506432817378693815_4860_000_4880_000_1557857354635133.png,31,1,32,0,0,32,0.0,0.150829,48.25,640,640,57,9
waymo,yolo,8506432817378693815_4860_000_4880_000_1557857356134808,data\processed\milestone_3\images\waymo\external\8506432817378693815_4860_000_4880_000_1557857356134808.png,31,1,32,0,0,32,0.40862,0.152601,48.25,640,640,61,25
waymo,yolo,8506432817378693815_4860_000_4880_000_1557857357135138,data\processed\milestone_3\images\waymo\external\8506432817378693815_4860_000_4880_000_1557857357135138.png,31,1,32,0,0,32,0.0,0.166562,48.25,640,640,59,15
waymo,yolo,8506432817378693815_4860_000_4880_000_1557857360137294,data\processed\milestone_3\images\waymo\external\8506432817378693815_4860_000_4880_000_1557857360137294.png,31,1,32,0,0,32,0.003603,0.187145,48.25,640,640,49,15
waymo,rtdetr,8506432817378693815_4860_000_4880_000_1557857356634947,data\processed\milestone_3\images\waymo\external\8506432817378693815_4860_000_4880_000_1557857356634947.png,31,1,32,0,0,32,0.499987,0.751497,48.25,640,640,60,300
waymo,rtdetr,8506432817378693815_4860_000_4880_000_1557857358135995,data\processed\milestone_3\images\waymo\external\8506432817378693815_4860_000_4880_000_1557857358135995.png,31,1,32,0,0,32,0.405376,0.693697,48.25,640,640,55,300
waymo,retinanet,13356997604177841771_3360_000_3380_000_1557267378087469,data\processed\milestone_3\images\waymo\external\13356997604177841771_3360_000_3380_000_1557267378087469.png,31,1,32,0,0,32,0.02232,0.035976,48.25,640,640,48,9
waymo,retinanet,8506432817378693815_4860_000_4880_000_1557857359637183,data\processed\milestone_3\images\waymo\external\8506432817378693815_4860_000_4880_000_1557857359637183.png,31,1,32,0,0,32,0.410237,0.526393,48.25,640,640,53,18
waymo,faster_rcnn,13356997604177841771_3360_000_3380_000_1557267378087469,data\processed\milestone_3\images\waymo\external\13356997604177841771_3360_000_3380_000_1557267378087469.png,31,1,32,0,0,32,0.073115,0.082436,48.25,640,640,48,13
waymo,faster_rcnn,13356997604177841771_3360_000_3380_000_1557267378587691,data\processed\milestone_3\images\waymo\external\13356997604177841771_3360_000_3380_000_1557267378587691.png,31,1,32,0,0,32,0.052642,0.004818,48.25,640,640,48,15
waymo,faster_rcnn,8506432817378693815_4860_000_4880_000_1557857356134808,data\processed\milestone_3\images\waymo\external\8506432817378693815_4860_000_4880_000_1557857356134808.png,31,1,32,0,0,32,0.487443,0.629782,48.25,640,640,61,21
waymo,faster_rcnn,8506432817378693815_4860_000_4880_000_1557857364637449,data\processed\milestone_3\images\waymo\external\8506432817378693815_4860_000_4880_000_1557857364637449.png,31,1,32,0,0,32,0.459501,0.46286,48.25,640,640,48,20
waymo,yolo,9114112687541091312_1100_000_1120_000_1544144339316236,data\processed\milestone_3\images\waymo\external\9114112687541091312_1100_000_1120_000_1544144339316236.png,29,3,31,1,0,32,0.0,0.599793,48.25,640,640,44,1
waymo,faster_rcnn,9114112687541091312_1100_000_1120_000_1544144340316344,data\processed\milestone_3\images\waymo\external\9114112687541091312_1100_000_1120_000_1544144340316344.png,29,3,31,1,0,32,0.467624,0.354953,48.25,640,640,46,10
waymo,retinanet,8506432817378693815_4860_000_4880_000_1557857357135138,data\processed\milestone_3\images\waymo\external\8506432817378693815_4860_000_4880_000_1557857357135138.png,32,0,32,0,0,32,0.48517,0.353705,48.0,640,640,59,23
waymo,yolo,9114112687541091312_1100_000_1120_000_1544144344316123,data\processed\milestone_3\images\waymo\external\9114112687541091312_1100_000_1120_000_1544144344316123.png,30,2,31,1,0,32,0.0,0.0,48.0,640,640,47,3
waymo,yolo,9114112687541091312_1100_000_1120_000_1544144324716280,data\processed\milestone_3\images\waymo\external\9114112687541091312_1100_000_1120_000_1544144324716280.png,28,3,31,0,0,31,0.0,0.0,47.25,640,640,45,3
waymo,yolo,9114112687541091312_1100_000_1120_000_1544144326716290,data\processed\milestone_3\images\waymo\external\9114112687541091312_1100_000_1120_000_1544144326716290.png,28,3,31,0,0,31,0.0,0.0,47.25,640,640,46,3
waymo,yolo,9114112687541091312_1100_000_1120_000_1544144333316285,data\processed\milestone_3\images\waymo\external\9114112687541091312_1100_000_1120_000_1544144333316285.png,28,3,31,0,0,31,0.0,0.0,47.25,640,640,43,5
waymo,yolo,9114112687541091312_1100_000_1120_000_1544144334816198,data\processed\milestone_3\images\waymo\external\9114112687541091312_1100_000_1120_000_1544144334816198.png,28,3,31,0,0,31,0.0,0.0,47.25,640,640,44,2
waymo,yolo,9114112687541091312_1100_000_1120_000_1544144335816195,data\processed\milestone_3\images\waymo\external\9114112687541091312_1100_000_1120_000_1544144335816195.png,28,3,31,0,0,31,0.0,0.0,47.25,640,640,45,4
waymo,yolo,9114112687541091312_1100_000_1120_000_1544144337816224,data\processed\milestone_3\images\waymo\external\9114112687541091312_1100_000_1120_000_1544144337816224.png,28,3,31,0,0,31,0.0,0.0,47.25,640,640,43,2
waymo,yolo,9114112687541091312_1100_000_1120_000_1544144342316340,data\processed\milestone_3\images\waymo\external\9114112687541091312_1100_000_1120_000_1544144342316340.png,28,3,31,0,0,31,0.0,0.0,47.25,640,640,46,4
waymo,yolo,9114112687541091312_1100_000_1120_000_1544144342816305,data\processed\milestone_3\images\waymo\external\9114112687541091312_1100_000_1120_000_1544144342816305.png,28,3,31,0,0,31,0.053645,0.0,47.25,640,640,46,6
waymo,yolo,9114112687541091312_1100_000_1120_000_1544144343316292,data\processed\milestone_3\images\waymo\external\9114112687541091312_1100_000_1120_000_1544144343316292.png,28,3,31,0,0,31,0.0,0.0,47.25,640,640,46,5
waymo,rtdetr,9114112687541091312_1100_000_1120_000_1544144339816354,data\processed\milestone_3\images\waymo\external\9114112687541091312_1100_000_1120_000_1544144339816354.png,28,3,31,0,0,31,0.433002,0.433002,47.25,640,640,47,300
waymo,retinanet,9114112687541091312_1100_000_1120_000_1544144340316344,data\processed\milestone_3\images\waymo\external\9114112687541091312_1100_000_1120_000_1544144340316344.png,28,3,31,0,0,31,0.317782,0.0,47.25,640,640,46,10
waymo,retinanet,9114112687541091312_1100_000_1120_000_1544144342816305,data\processed\milestone_3\images\waymo\external\9114112687541091312_1100_000_1120_000_1544144342816305.png,28,3,31,0,0,31,0.0,0.0,47.25,640,640,46,8
waymo,faster_rcnn,9114112687541091312_1100_000_1120_000_1544144337316333,data\processed\milestone_3\images\waymo\external\9114112687541091312_1100_000_1120_000_1544144337316333.png,28,3,31,0,0,31,0.163108,0.260438,47.25,640,640,44,6
waymo,faster_rcnn,9114112687541091312_1100_000_1120_000_1544144339316236,data\processed\milestone_3\images\waymo\external\9114112687541091312_1100_000_1120_000_1544144339316236.png,28,3,31,0,0,31,0.458265,0.893132,47.25,640,640,44,15
waymo,faster_rcnn,9114112687541091312_1100_000_1120_000_1544144342316340,data\processed\milestone_3\images\waymo\external\9114112687541091312_1100_000_1120_000_1544144342316340.png,28,3,31,0,0,31,0.349418,0.177547,47.25,640,640,46,9
waymo,faster_rcnn,9114112687541091312_1100_000_1120_000_1544144342816305,data\processed\milestone_3\images\waymo\external\9114112687541091312_1100_000_1120_000_1544144342816305.png,28,3,31,0,0,31,0.276979,0.188142,47.25,640,640,46,8
waymo,faster_rcnn,9114112687541091312_1100_000_1120_000_1544144343316292,data\processed\milestone_3\images\waymo\external\9114112687541091312_1100_000_1120_000_1544144343316292.png,28,3,31,0,0,31,0.436088,0.154106,47.25,640,640,46,10
waymo,yolo,13356997604177841771_3360_000_3380_000_1557267377087332,data\processed\milestone_3\images\waymo\external\13356997604177841771_3360_000_3380_000_1557267377087332.png,29,2,31,0,0,31,0.094083,0.704178,47.0,640,640,51,4
waymo,yolo,8506432817378693815_4860_000_4880_000_1557857365137457,data\processed\milestone_3\images\waymo\external\8506432817378693815_4860_000_4880_000_1557857365137457.png,29,2,31,0,0,31,0.0,0.007354,47.0,640,640,48,12
waymo,yolo,9114112687541091312_1100_000_1120_000_1544144336316269,data\processed\milestone_3\images\waymo\external\9114112687541091312_1100_000_1120_000_1544144336316269.png,29,2,31,0,0,31,0.0,0.0,47.0,640,640,44,3
waymo,yolo,9114112687541091312_1100_000_1120_000_1544144336816339,data\processed\milestone_3\images\waymo\external\9114112687541091312_1100_000_1120_000_1544144336816339.png,29,2,31,0,0,31,0.0,0.0,47.0,640,640,43,2
waymo,retinanet,8506432817378693815_4860_000_4880_000_1557857365137457,data\processed\milestone_3\images\waymo\external\8506432817378693815_4860_000_4880_000_1557857365137457.png,29,2,31,0,0,31,0.393494,0.491139,47.0,640,640,48,21
waymo,retinanet,8506432817378693815_4860_000_4880_000_1557857368137463,data\processed\milestone_3\images\waymo\external\8506432817378693815_4860_000_4880_000_1557857368137463.png,29,2,31,0,0,31,0.342487,0.35864,47.0,640,640,47,18
waymo,faster_rcnn,8506432817378693815_4860_000_4880_000_1557857365137457,data\processed\milestone_3\images\waymo\external\8506432817378693815_4860_000_4880_000_1557857365137457.png,29,2,31,0,0,31,0.454187,0.520268,47.0,640,640,48,18
waymo,faster_rcnn,8506432817378693815_4860_000_4880_000_1557857368137463,data\processed\milestone_3\images\waymo\external\8506432817378693815_4860_000_4880_000_1557857368137463.png,29,2,31,0,0,31,0.493404,0.097314,47.0,640,640,47,23
waymo,faster_rcnn,9114112687541091312_1100_000_1120_000_1544144344316123,data\processed\milestone_3\images\waymo\external\9114112687541091312_1100_000_1120_000_1544144344316123.png,29,2,31,0,0,31,0.287805,0.238857,47.0,640,640,47,9
waymo,rtdetr,13356997604177841771_3360_000_3380_000_1557267378587691,data\processed\milestone_3\images\waymo\external\13356997604177841771_3360_000_3380_000_1557267378587691.png,30,1,31,0,0,31,0.408598,0.370356,46.75,640,640,48,300
waymo,rtdetr,8506432817378693815_4860_000_4880_000_1557857357635506,data\processed\milestone_3\images\waymo\external\8506432817378693815_4860_000_4880_000_1557857357635506.png,30,1,31,0,0,31,0.433472,0.532758,46.75,640,640,56,300
waymo,rtdetr,8506432817378693815_4860_000_4880_000_1557857359637183,data\processed\milestone_3\images\waymo\external\8506432817378693815_4860_000_4880_000_1557857359637183.png,30,1,31,0,0,31,0.496385,0.533716,46.75,640,640,53,300
waymo,retinanet,13356997604177841771_3360_000_3380_000_1557267377587261,data\processed\milestone_3\images\waymo\external\13356997604177841771_3360_000_3380_000_1557267377587261.png,30,1,31,0,0,31,0.38434,0.581986,46.75,640,640,49,8
waymo,retinanet,13356997604177841771_3360_000_3380_000_1557267378587691,data\processed\milestone_3\images\waymo\external\13356997604177841771_3360_000_3380_000_1557267378587691.png,30,1,31,0,0,31,0.478894,0.453513,46.75,640,640,48,8
waymo,retinanet,8506432817378693815_4860_000_4880_000_1557857364637449,data\processed\milestone_3\images\waymo\external\8506432817378693815_4860_000_4880_000_1557857364637449.png,30,1,31,0,0,31,0.486789,0.113578,46.75,640,640,48,18
waymo,faster_rcnn,8506432817378693815_4860_000_4880_000_1557857355634815,data\processed\milestone_3\images\waymo\external\8506432817378693815_4860_000_4880_000_1557857355634815.png,30,1,31,0,0,31,0.16274,0.130905,46.75,640,640,61,16
waymo,yolo,8506432817378693815_4860_000_4880_000_1557857355634815,data\processed\milestone_3\images\waymo\external\8506432817378693815_4860_000_4880_000_1557857355634815.png,31,0,31,0,0,31,0.399107,0.0,46.5,640,640,61,12
waymo,rtdetr,8506432817378693815_4860_000_4880_000_1557857356134808,data\processed\milestone_3\images\waymo\external\8506432817378693815_4860_000_4880_000_1557857356134808.png,31,0,31,0,0,31,0.455206,0.455206,46.5,640,640,61,300
waymo,retinanet,8506432817378693815_4860_000_4880_000_1557857355634815,data\processed\milestone_3\images\waymo\external\8506432817378693815_4860_000_4880_000_1557857355634815.png,31,0,31,0,0,31,0.154595,0.026548,46.5,640,640,61,24
waymo,yolo,9114112687541091312_1100_000_1120_000_1544144332816253,data\processed\milestone_3\images\waymo\external\9114112687541091312_1100_000_1120_000_1544144332816253.png,27,3,30,0,0,30,0.440862,0.0,45.75,640,640,43,4
waymo,yolo,9114112687541091312_1100_000_1120_000_1544144333816269,data\processed\milestone_3\images\waymo\external\9114112687541091312_1100_000_1120_000_1544144333816269.png,27,3,30,0,0,30,0.0,0.0,45.75,640,640,42,4
waymo,yolo,9114112687541091312_1100_000_1120_000_1544144343816197,data\processed\milestone_3\images\waymo\external\9114112687541091312_1100_000_1120_000_1544144343816197.png,27,3,30,0,0,30,0.0,0.0,45.75,640,640,44,2
waymo,rtdetr,9114112687541091312_1100_000_1120_000_1544144340816348,data\processed\milestone_3\images\waymo\external\9114112687541091312_1100_000_1120_000_1544144340816348.png,27,3,30,0,0,30,0.48367,0.622743,45.75,640,640,47,300
waymo,retinanet,9114112687541091312_1100_000_1120_000_1544144333316285,data\processed\milestone_3\images\waymo\external\9114112687541091312_1100_000_1120_000_1544144333316285.png,27,3,30,0,0,30,0.29605,0.31907,45.75,640,640,43,9
waymo,retinanet,9114112687541091312_1100_000_1120_000_1544144335816195,data\processed\milestone_3\images\waymo\external\9114112687541091312_1100_000_1120_000_1544144335816195.png,27,3,30,0,0,30,0.424993,0.261419,45.75,640,640,45,10
waymo,retinanet,9114112687541091312_1100_000_1120_000_1544144337316333,data\processed\milestone_3\images\waymo\external\9114112687541091312_1100_000_1120_000_1544144337316333.png,27,3,30,0,0,30,0.0,0.0,45.75,640,640,44,8
waymo,retinanet,9114112687541091312_1100_000_1120_000_1544144339316236,data\processed\milestone_3\images\waymo\external\9114112687541091312_1100_000_1120_000_1544144339316236.png,27,3,30,0,0,30,0.144826,0.0,45.75,640,640,44,9
waymo,faster_rcnn,9114112687541091312_1100_000_1120_000_1544144332816253,data\processed\milestone_3\images\waymo\external\9114112687541091312_1100_000_1120_000_1544144332816253.png,27,3,30,0,0,30,0.450056,0.430756,45.75,640,640,43,20
waymo,faster_rcnn,9114112687541091312_1100_000_1120_000_1544144333316285,data\processed\milestone_3\images\waymo\external\9114112687541091312_1100_000_1120_000_1544144333316285.png,27,3,30,0,0,30,0.354516,0.269453,45.75,640,640,43,15
waymo,faster_rcnn,9114112687541091312_1100_000_1120_000_1544144343816197,data\processed\milestone_3\images\waymo\external\9114112687541091312_1100_000_1120_000_1544144343816197.png,27,3,30,0,0,30,0.357731,0.28969,45.75,640,640,44,8
waymo,yolo,9114112687541091312_1100_000_1120_000_1544144327216278,data\processed\milestone_3\images\waymo\external\9114112687541091312_1100_000_1120_000_1544144327216278.png,28,2,30,0,0,30,0.020571,0.0,45.5,640,640,42,12
waymo,yolo,9114112687541091312_1100_000_1120_000_1544144332316253,data\processed\milestone_3\images\waymo\external\9114112687541091312_1100_000_1120_000_1544144332316253.png,28,2,30,0,0,30,0.083239,0.00192,45.5,640,640,44,11
waymo,rtdetr,8506432817378693815_4860_000_4880_000_1557857363137470,data\processed\milestone_3\images\waymo\external\8506432817378693815_4860_000_4880_000_1557857363137470.png,28,2,30,0,0,30,0.477588,0.477588,45.5,640,640,49,300
waymo,rtdetr,8506432817378693815_4860_000_4880_000_1557857364137450,data\processed\milestone_3\images\waymo\external\8506432817378693815_4860_000_4880_000_1557857364137450.png,28,2,30,0,0,30,0.499208,0.492918,45.5,640,640,48,300
waymo,rtdetr,8506432817378693815_4860_000_4880_000_1557857367137450,data\processed\milestone_3\images\waymo\external\8506432817378693815_4860_000_4880_000_1557857367137450.png,28,2,30,0,0,30,0.452496,0.452496,45.5,640,640,47,300
waymo,rtdetr,8506432817378693815_4860_000_4880_000_1557857368137463,data\processed\milestone_3\images\waymo\external\8506432817378693815_4860_000_4880_000_1557857368137463.png,28,2,30,0,0,30,0.41672,0.557389,45.5,640,640,47,300
waymo,rtdetr,9114112687541091312_1100_000_1120_000_1544144332316253,data\processed\milestone_3\images\waymo\external\9114112687541091312_1100_000_1120_000_1544144332316253.png,28,2,30,0,0,30,0.484242,0.484242,45.5,640,640,44,300
waymo,retinanet,8506432817378693815_4860_000_4880_000_1557857362137378,data\processed\milestone_3\images\waymo\external\8506432817378693815_4860_000_4880_000_1557857362137378.png,28,2,30,0,0,30,0.0,0.45373,45.5,640,640,47,20
waymo,retinanet,8506432817378693815_4860_000_4880_000_1557857364137450,data\processed\milestone_3\images\waymo\external\8506432817378693815_4860_000_4880_000_1557857364137450.png,28,2,30,0,0,30,0.192073,0.393175,45.5,640,640,48,21
waymo,retinanet,9114112687541091312_1100_000_1120_000_1544144332316253,data\processed\milestone_3\images\waymo\external\9114112687541091312_1100_000_1120_000_1544144332316253.png,28,2,30,0,0,30,0.0,0.0,45.5,640,640,44,6
waymo,retinanet,9114112687541091312_1100_000_1120_000_1544144336316269,data\processed\milestone_3\images\waymo\external\9114112687541091312_1100_000_1120_000_1544144336316269.png,28,2,30,0,0,30,0.0,0.0,45.5,640,640,44,6
waymo,retinanet,9114112687541091312_1100_000_1120_000_1544144344316123,data\processed\milestone_3\images\waymo\external\9114112687541091312_1100_000_1120_000_1544144344316123.png,28,2,30,0,0,30,0.0,0.0,45.5,640,640,47,8
waymo,faster_rcnn,8506432817378693815_4860_000_4880_000_1557857361637343,data\processed\milestone_3\images\waymo\external\8506432817378693815_4860_000_4880_000_1557857361637343.png,28,2,30,0,0,30,0.452827,0.605181,45.5,640,640,46,27
waymo,faster_rcnn,8506432817378693815_4860_000_4880_000_1557857362137378,data\processed\milestone_3\images\waymo\external\8506432817378693815_4860_000_4880_000_1557857362137378.png,28,2,30,0,0,30,0.481126,0.408529,45.5,640,640,47,26
waymo,faster_rcnn,9114112687541091312_1100_000_1120_000_1544144332316253,data\processed\milestone_3\images\waymo\external\9114112687541091312_1100_000_1120_000_1544144332316253.png,28,2,30,0,0,30,0.34999,0.423261,45.5,640,640,44,13
waymo,faster_rcnn,9114112687541091312_1100_000_1120_000_1544144336316269,data\processed\milestone_3\images\waymo\external\9114112687541091312_1100_000_1120_000_1544144336316269.png,28,2,30,0,0,30,0.355656,0.736234,45.5,640,640,44,10
waymo,rtdetr,13356997604177841771_3360_000_3380_000_1557267377587261,data\processed\milestone_3\images\waymo\external\13356997604177841771_3360_000_3380_000_1557267377587261.png,29,1,30,0,0,30,0.346644,0.346644,45.25,640,640,49,300
waymo,rtdetr,13356997604177841771_3360_000_3380_000_1557267378087469,data\processed\milestone_3\images\waymo\external\13356997604177841771_3360_000_3380_000_1557267378087469.png,29,1,30,0,0,30,0.415037,0.415037,45.25,640,640,48,300
waymo,faster_rcnn,13356997604177841771_3360_000_3380_000_1557267377087332,data\processed\milestone_3\images\waymo\external\13356997604177841771_3360_000_3380_000_1557267377087332.png,29,1,30,0,0,30,0.105162,0.00343,45.25,640,640,51,10
waymo,faster_rcnn,8506432817378693815_4860_000_4880_000_1557857354635133,data\processed\milestone_3\images\waymo\external\8506432817378693815_4860_000_4880_000_1557857354635133.png,29,1,30,0,0,30,0.389758,0.511279,45.25,640,640,57,25
waymo,yolo,8506432817378693815_4860_000_4880_000_1557857350637092,data\processed\milestone_3\images\waymo\external\8506432817378693815_4860_000_4880_000_1557857350637092.png,30,0,30,0,0,30,0.005133,0.159201,45.0,640,640,47,11
waymo,faster_rcnn,8506432817378693815_4860_000_4880_000_1557857354135532,data\processed\milestone_3\images\waymo\external\8506432817378693815_4860_000_4880_000_1557857354135532.png,30,0,30,0,0,30,0.469533,0.436452,45.0,640,640,57,23
waymo,yolo,9114112687541091312_1100_000_1120_000_1544144334316230,data\processed\milestone_3\images\waymo\external\9114112687541091312_1100_000_1120_000_1544144334316230.png,26,3,29,0,0,29,0.0,0.0,44.25,640,640,43,6
waymo,yolo,9114112687541091312_1100_000_1120_000_1544144335316215,data\processed\milestone_3\images\waymo\external\9114112687541091312_1100_000_1120_000_1544144335316215.png,26,3,29,0,0,29,0.0,0.0,44.25,640,640,43,3
waymo,yolo,9114112687541091312_1100_000_1120_000_1544144338316151,data\processed\milestone_3\images\waymo\external\9114112687541091312_1100_000_1120_000_1544144338316151.png,26,3,29,0,0,29,0.0,0.0,44.25,640,640,42,5
waymo,rtdetr,9114112687541091312_1100_000_1120_000_1544144340316344,data\processed\milestone_3\images\waymo\external\9114112687541091312_1100_000_1120_000_1544144340316344.png,26,3,29,0,0,29,0.454706,0.454706,44.25,640,640,46,300
waymo,rtdetr,9114112687541091312_1100_000_1120_000_1544144341316314,data\processed\milestone_3\images\waymo\external\9114112687541091312_1100_000_1120_000_1544144341316314.png,26,3,29,0,0,29,0.432969,0.432969,44.25,640,640,49,300
waymo,retinanet,9114112687541091312_1100_000_1120_000_1544144326716290,data\processed\milestone_3\images\waymo\external\9114112687541091312_1100_000_1120_000_1544144326716290.png,26,3,29,0,0,29,0.0,0.739969,44.25,640,640,46,11
waymo,retinanet,9114112687541091312_1100_000_1120_000_1544144332816253,data\processed\milestone_3\images\waymo\external\9114112687541091312_1100_000_1120_000_1544144332816253.png,26,3,29,0,0,29,0.380216,0.575037,44.25,640,640,43,9
waymo,retinanet,9114112687541091312_1100_000_1120_000_1544144337816224,data\processed\milestone_3\images\waymo\external\9114112687541091312_1100_000_1120_000_1544144337816224.png,26,3,29,0,0,29,0.0,0.288272,44.25,640,640,43,8
waymo,retinanet,9114112687541091312_1100_000_1120_000_1544144342316340,data\processed\milestone_3\images\waymo\external\9114112687541091312_1100_000_1120_000_1544144342316340.png,26,3,29,0,0,29,0.0,0.0,44.25,640,640,46,9
waymo,retinanet,9114112687541091312_1100_000_1120_000_1544144343316292,data\processed\milestone_3\images\waymo\external\9114112687541091312_1100_000_1120_000_1544144343316292.png,26,3,29,0,0,29,0.485709,0.0,44.25,640,640,46,10
waymo,retinanet,9114112687541091312_1100_000_1120_000_1544144343816197,data\processed\milestone_3\images\waymo\external\9114112687541091312_1100_000_1120_000_1544144343816197.png,26,3,29,0,0,29,0.0,0.00592,44.25,640,640,44,7
waymo,faster_rcnn,9114112687541091312_1100_000_1120_000_1544144326716290,data\processed\milestone_3\images\waymo\external\9114112687541091312_1100_000_1120_000_1544144326716290.png,26,3,29,0,0,29,0.349833,0.362747,44.25,640,640,46,13
waymo,faster_rcnn,9114112687541091312_1100_000_1120_000_1544144335816195,data\processed\milestone_3\images\waymo\external\9114112687541091312_1100_000_1120_000_1544144335816195.png,26,3,29,0,0,29,0.274272,0.283687,44.25,640,640,45,14
waymo,faster_rcnn,9114112687541091312_1100_000_1120_000_1544144337816224,data\processed\milestone_3\images\waymo\external\9114112687541091312_1100_000_1120_000_1544144337816224.png,26,3,29,0,0,29,0.253829,0.253711,44.25,640,640,43,8
waymo,rtdetr,8506432817378693815_4860_000_4880_000_1557857360637369,data\processed\milestone_3\images\waymo\external\8506432817378693815_4860_000_4880_000_1557857360637369.png,27,2,29,0,0,29,0.485165,0.485165,44.0,640,640,51,300
waymo,rtdetr,8506432817378693815_4860_000_4880_000_1557857361137300,data\processed\milestone_3\images\waymo\external\8506432817378693815_4860_000_4880_000_1557857361137300.png,27,2,29,0,0,29,0.462362,0.333469,44.0,640,640,47,300
waymo,rtdetr,8506432817378693815_4860_000_4880_000_1557857361637343,data\processed\milestone_3\images\waymo\external\8506432817378693815_4860_000_4880_000_1557857361637343.png,27,2,29,0,0,29,0.474092,0.246455,44.0,640,640,46,300
waymo,rtdetr,8506432817378693815_4860_000_4880_000_1557857362137378,data\processed\milestone_3\images\waymo\external\8506432817378693815_4860_000_4880_000_1557857362137378.png,27,2,29,0,0,29,0.484391,0.425469,44.0,640,640,47,300
waymo,rtdetr,8506432817378693815_4860_000_4880_000_1557857362637395,data\processed\milestone_3\images\waymo\external\8506432817378693815_4860_000_4880_000_1557857362637395.png,27,2,29,0,0,29,0.44258,0.44258,44.0,640,640,48,300
waymo,rtdetr,8506432817378693815_4860_000_4880_000_1557857363637447,data\processed\milestone_3\images\waymo\external\8506432817378693815_4860_000_4880_000_1557857363637447.png,27,2,29,0,0,29,0.404514,0.60905,44.0,640,640,45,300
waymo,rtdetr,8506432817378693815_4860_000_4880_000_1557857367637448,data\processed\milestone_3\images\waymo\external\8506432817378693815_4860_000_4880_000_1557857367637448.png,27,2,29,0,0,29,0.356784,0.413048,44.0,640,640,47,300
waymo,retinanet,8506432817378693815_4860_000_4880_000_1557857361637343,data\processed\milestone_3\images\waymo\external\8506432817378693815_4860_000_4880_000_1557857361637343.png,27,2,29,0,0,29,0.0,0.154743,44.0,640,640,46,13
waymo,retinanet,8506432817378693815_4860_000_4880_000_1557857363637447,data\processed\milestone_3\images\waymo\external\8506432817378693815_4860_000_4880_000_1557857363637447.png,27,2,29,0,0,29,0.348507,0.57306,44.0,640,640,45,15
waymo,retinanet,9114112687541091312_1100_000_1120_000_1544144325216299,data\processed\milestone_3\images\waymo\external\9114112687541091312_1100_000_1120_000_1544144325216299.png,27,2,29,0,0,29,0.0,0.0,44.0,640,640,47,13
waymo,retinanet,9114112687541091312_1100_000_1120_000_1544144336816339,data\processed\milestone_3\images\waymo\external\9114112687541091312_1100_000_1120_000_1544144336816339.png,27,2,29,0,0,29,0.0,0.0,44.0,640,640,43,6
waymo,faster_rcnn,8506432817378693815_4860_000_4880_000_1557857363637447,data\processed\milestone_3\images\waymo\external\8506432817378693815_4860_000_4880_000_1557857363637447.png,27,2,29,0,0,29,0.106888,0.343934,44.0,640,640,45,20
waymo,faster_rcnn,9114112687541091312_1100_000_1120_000_1544144336816339,data\processed\milestone_3\images\waymo\external\9114112687541091312_1100_000_1120_000_1544144336816339.png,27,2,29,0,0,29,0.409005,0.4265,44.0,640,640,43,13
waymo,yolo,13356997604177841771_3360_000_3380_000_1557267379087718,data\processed\milestone_3\images\waymo\external\13356997604177841771_3360_000_3380_000_1557267379087718.png,28,1,29,0,0,29,0.029398,0.000644,43.75,640,640,45,5
waymo,rtdetr,8506432817378693815_4860_000_4880_000_1557857354635133,data\processed\milestone_3\images\waymo\external\8506432817378693815_4860_000_4880_000_1557857354635133.png,28,1,29,0,0,29,0.443602,0.570812,43.75,640,640,57,300
waymo,rtdetr,8506432817378693815_4860_000_4880_000_1557857365637432,data\processed\milestone_3\images\waymo\external\8506432817378693815_4860_000_4880_000_1557857365637432.png,28,1,29,0,0,29,0.452696,0.304618,43.75,640,640,49,300
waymo,retinanet,13356997604177841771_3360_000_3380_000_1557267377087332,data\processed\milestone_3\images\waymo\external\13356997604177841771_3360_000_3380_000_1557267377087332.png,28,1,29,0,0,29,0.053595,0.0,43.75,640,640,51,6
waymo,retinanet,8506432817378693815_4860_000_4880_000_1557857354635133,data\processed\milestone_3\images\waymo\external\8506432817378693815_4860_000_4880_000_1557857354635133.png,28,1,29,0,0,29,0.41411,0.190539,43.75,640,640,57,22
waymo,retinanet,8506432817378693815_4860_000_4880_000_1557857360137294,data\processed\milestone_3\images\waymo\external\8506432817378693815_4860_000_4880_000_1557857360137294.png,28,1,29,0,0,29,0.255752,0.070795,43.75,640,640,49,19
waymo,retinanet,9114112687541091312_1100_000_1120_000_1544144324716280,data\processed\milestone_3\images\waymo\external\9114112687541091312_1100_000_1120_000_1544144324716280.png,28,1,29,0,0,29,0.387669,0.0,43.75,640,640,45,13
waymo,faster_rcnn,9114112687541091312_1100_000_1120_000_1544144324716280,data\processed\milestone_3\images\waymo\external\9114112687541091312_1100_000_1120_000_1544144324716280.png,28,1,29,0,0,29,0.317771,0.282043,43.75,640,640,45,11
waymo,yolo,8506432817378693815_4860_000_4880_000_1557857355134877,data\processed\milestone_3\images\waymo\external\8506432817378693815_4860_000_4880_000_1557857355134877.png,29,0,29,0,0,29,0.0,0.142329,43.5,640,640,56,12
waymo,rtdetr,8506432817378693815_4860_000_4880_000_1557857355634815,data\processed\milestone_3\images\waymo\external\8506432817378693815_4860_000_4880_000_1557857355634815.png,29,0,29,0,0,29,0.455366,0.280578,43.5,640,640,61,300
waymo,retinanet,8506432817378693815_4860_000_4880_000_1557857354135532,data\processed\milestone_3\images\waymo\external\8506432817378693815_4860_000_4880_000_1557857354135532.png,29,0,29,0,0,29,0.119812,0.082594,43.5,640,640,57,18
waymo,rtdetr,9114112687541091312_1100_000_1120_000_1544144341816280,data\processed\milestone_3\images\waymo\external\9114112687541091312_1100_000_1120_000_1544144341816280.png,25,3,28,0,0,28,0.385181,0.385181,42.75,640,640,48,300
waymo,rtdetr,9114112687541091312_1100_000_1120_000_1544144342816305,data\processed\milestone_3\images\waymo\external\9114112687541091312_1100_000_1120_000_1544144342816305.png,25,3,28,0,0,28,0.478779,0.478779,42.75,640,640,46,300
waymo,retinanet,9114112687541091312_1100_000_1120_000_1544144334316230,data\processed\milestone_3\images\waymo\external\9114112687541091312_1100_000_1120_000_1544144334316230.png,25,3,28,0,0,28,0.0,0.0,42.75,640,640,43,10
waymo,retinanet,9114112687541091312_1100_000_1120_000_1544144338316151,data\processed\milestone_3\images\waymo\external\9114112687541091312_1100_000_1120_000_1544144338316151.png,25,3,28,0,0,28,0.0,0.420465,42.75,640,640,42,8
waymo,faster_rcnn,9114112687541091312_1100_000_1120_000_1544144334316230,data\processed\milestone_3\images\waymo\external\9114112687541091312_1100_000_1120_000_1544144334316230.png,25,3,28,0,0,28,0.0,0.36609,42.75,640,640,43,8
waymo,faster_rcnn,9114112687541091312_1100_000_1120_000_1544144334816198,data\processed\milestone_3\images\waymo\external\9114112687541091312_1100_000_1120_000_1544144334816198.png,25,3,28,0,0,28,0.140106,0.34404,42.75,640,640,44,11
waymo,faster_rcnn,9114112687541091312_1100_000_1120_000_1544144338316151,data\processed\milestone_3\images\waymo\external\9114112687541091312_1100_000_1120_000_1544144338316151.png,25,3,28,0,0,28,0.292524,0.658662,42.75,640,640,42,14
waymo,yolo,10289507859301986274_4200_000_4220_000_1557847396672632,data\processed\milestone_3\images\waymo\external\10289507859301986274_4200_000_4220_000_1557847396672632.png,26,2,28,0,0,28,0.0,0.070759,42.5,640,640,44,4
waymo,yolo,13356997604177841771_3360_000_3380_000_1557267379587481,data\processed\milestone_3\images\waymo\external\13356997604177841771_3360_000_3380_000_1557267379587481.png,26,2,28,0,0,28,0.416483,0.727608,42.5,640,640,48,3
waymo,yolo,9114112687541091312_1100_000_1120_000_1544144331816256,data\processed\milestone_3\images\waymo\external\9114112687541091312_1100_000_1120_000_1544144331816256.png,26,2,28,0,0,28,0.055522,0.001981,42.5,640,640,42,7
waymo,retinanet,9114112687541091312_1100_000_1120_000_1544144327216278,data\processed\milestone_3\images\waymo\external\9114112687541091312_1100_000_1120_000_1544144327216278.png,26,2,28,0,0,28,0.394773,0.880434,42.5,640,640,42,10
waymo,retinanet,9114112687541091312_1100_000_1120_000_1544144331816256,data\processed\milestone_3\images\waymo\external\9114112687541091312_1100_000_1120_000_1544144331816256.png,26,2,28,0,0,28,0.373298,0.272136,42.5,640,640,42,7
waymo,faster_rcnn,9114112687541091312_1100_000_1120_000_1544144327216278,data\processed\milestone_3\images\waymo\external\9114112687541091312_1100_000_1120_000_1544144327216278.png,26,2,28,0,0,28,0.496715,0.609854,42.5,640,640,42,18
waymo,faster_rcnn,9114112687541091312_1100_000_1120_000_1544144331816256,data\processed\milestone_3\images\waymo\external\9114112687541091312_1100_000_1120_000_1544144331816256.png,26,2,28,0,0,28,0.338763,0.316552,42.5,640,640,42,9
waymo,yolo,10289507859301986274_4200_000_4220_000_1557847392672581,data\processed\milestone_3\images\waymo\external\10289507859301986274_4200_000_4220_000_1557847392672581.png,27,1,28,0,0,28,0.434992,0.484578,42.25,640,640,42,12
waymo,yolo,10289507859301986274_4200_000_4220_000_1557847393172585,data\processed\milestone_3\images\waymo\external\10289507859301986274_4200_000_4220_000_1557847393172585.png,27,1,28,0,0,28,0.30814,0.031768,42.25,640,640,42,14
waymo,rtdetr,13356997604177841771_3360_000_3380_000_1557267377087332,data\processed\milestone_3\images\waymo\external\13356997604177841771_3360_000_3380_000_1557267377087332.png,27,1,28,0,0,28,0.428675,0.428675,42.25,640,640,51,300
waymo,rtdetr,8506432817378693815_4860_000_4880_000_1557857357135138,data\processed\milestone_3\images\waymo\external\8506432817378693815_4860_000_4880_000_1557857357135138.png,27,1,28,0,0,28,0.448163,0.674542,42.25,640,640,59,300
waymo,rtdetr,8506432817378693815_4860_000_4880_000_1557857364637449,data\processed\milestone_3\images\waymo\external\8506432817378693815_4860_000_4880_000_1557857364637449.png,27,1,28,0,0,28,0.480187,0.480187,42.25,640,640,48,300
waymo,retinanet,8506432817378693815_4860_000_4880_000_1557857355134877,data\processed\milestone_3\images\waymo\external\8506432817378693815_4860_000_4880_000_1557857355134877.png,27,1,28,0,0,28,0.405358,0.586767,42.25,640,640,56,19
waymo,yolo,10289507859301986274_4200_000_4220_000_1557847393672620,data\processed\milestone_3\images\waymo\external\10289507859301986274_4200_000_4220_000_1557847393672620.png,27,1,27,1,0,28,0.341252,0.458117,41.75,640,640,37,27
waymo,yolo,9114112687541091312_1100_000_1120_000_1544144328716280,data\processed\milestone_3\images\waymo\external\9114112687541091312_1100_000_1120_000_1544144328716280.png,24,3,27,0,0,27,0.0,0.040018,41.25,640,640,40,5
waymo,rtdetr,9114112687541091312_1100_000_1120_000_1544144332816253,data\processed\milestone_3\images\waymo\external\9114112687541091312_1100_000_1120_000_1544144332816253.png,24,3,27,0,0,27,0.462304,0.462304,41.25,640,640,43,300
waymo,rtdetr,9114112687541091312_1100_000_1120_000_1544144333316285,data\processed\milestone_3\images\waymo\external\9114112687541091312_1100_000_1120_000_1544144333316285.png,24,3,27,0,0,27,0.42955,0.42955,41.25,640,640,43,300
waymo,rtdetr,9114112687541091312_1100_000_1120_000_1544144334316230,data\processed\milestone_3\images\waymo\external\9114112687541091312_1100_000_1120_000_1544144334316230.png,24,3,27,0,0,27,0.453843,0.453843,41.25,640,640,43,300
waymo,rtdetr,9114112687541091312_1100_000_1120_000_1544144337316333,data\processed\milestone_3\images\waymo\external\9114112687541091312_1100_000_1120_000_1544144337316333.png,24,3,27,0,0,27,0.469897,0.4681,41.25,640,640,44,300
waymo,rtdetr,9114112687541091312_1100_000_1120_000_1544144338816151,data\processed\milestone_3\images\waymo\external\9114112687541091312_1100_000_1120_000_1544144338816151.png,24,3,27,0,0,27,0.454866,0.454866,41.25,640,640,45,300
waymo,rtdetr,9114112687541091312_1100_000_1120_000_1544144342316340,data\processed\milestone_3\images\waymo\external\9114112687541091312_1100_000_1120_000_1544144342316340.png,24,3,27,0,0,27,0.483866,0.483866,41.25,640,640,46,300
waymo,rtdetr,9114112687541091312_1100_000_1120_000_1544144343316292,data\processed\milestone_3\images\waymo\external\9114112687541091312_1100_000_1120_000_1544144343316292.png,24,3,27,0,0,27,0.476305,0.476305,41.25,640,640,46,300
waymo,retinanet,9114112687541091312_1100_000_1120_000_1544144334816198,data\processed\milestone_3\images\waymo\external\9114112687541091312_1100_000_1120_000_1544144334816198.png,24,3,27,0,0,27,0.0,0.503014,41.25,640,640,44,9
waymo,faster_rcnn,9114112687541091312_1100_000_1120_000_1544144333816269,data\processed\milestone_3\images\waymo\external\9114112687541091312_1100_000_1120_000_1544144333816269.png,24,3,27,0,0,27,0.456557,0.380663,41.25,640,640,42,15
waymo,yolo,13356997604177841771_3360_000_3380_000_1557267380087192,data\processed\milestone_3\images\waymo\external\13356997604177841771_3360_000_3380_000_1557267380087192.png,25,2,27,0,0,27,0.050954,0.805406,41.0,640,640,52,4
waymo,yolo,8506432817378693815_4860_000_4880_000_1557857368637470,data\processed\milestone_3\images\waymo\external\8506432817378693815_4860_000_4880_000_1557857368637470.png,25,2,27,0,0,27,0.0,0.0,41.0,640,640,39,12
waymo,yolo,8506432817378693815_4860_000_4880_000_1557857369137487,data\processed\milestone_3\images\waymo\external\8506432817378693815_4860_000_4880_000_1557857369137487.png,25,2,27,0,0,27,0.0,0.0,41.0,640,640,40,10
waymo,rtdetr,9114112687541091312_1100_000_1120_000_1544144344316123,data\processed\milestone_3\images\waymo\external\9114112687541091312_1100_000_1120_000_1544144344316123.png,25,2,27,0,0,27,0.438964,0.438964,41.0,640,640,47,300
waymo,retinanet,8506432817378693815_4860_000_4880_000_1557857369137487,data\processed\milestone_3\images\waymo\external\8506432817378693815_4860_000_4880_000_1557857369137487.png,25,2,27,0,0,27,0.497823,0.635054,41.0,640,640,40,20
waymo,faster_rcnn,8506432817378693815_4860_000_4880_000_1557857369137487,data\processed\milestone_3\images\waymo\external\8506432817378693815_4860_000_4880_000_1557857369137487.png,25,2,27,0,0,27,0.433941,0.564353,41.0,640,640,40,25
waymo,rtdetr,8506432817378693815_4860_000_4880_000_1557857365137457,data\processed\milestone_3\images\waymo\external\8506432817378693815_4860_000_4880_000_1557857365137457.png,26,1,27,0,0,27,0.453238,0.34278,40.75,640,640,48,300
waymo,rtdetr,9114112687541091312_1100_000_1120_000_1544144326216286,data\processed\milestone_3\images\waymo\external\9114112687541091312_1100_000_1120_000_1544144326216286.png,26,1,27,0,0,27,0.4881,0.4881,40.75,640,640,48,300
waymo,faster_rcnn,13356997604177841771_3360_000_3380_000_1557267379087718,data\processed\milestone_3\images\waymo\external\13356997604177841771_3360_000_3380_000_1557267379087718.png,26,1,27,0,0,27,0.383443,0.386208,40.75,640,640,45,13
waymo,faster_rcnn,8506432817378693815_4860_000_4880_000_1557857355134877,data\processed\milestone_3\images\waymo\external\8506432817378693815_4860_000_4880_000_1557857355134877.png,26,1,27,0,0,27,0.0,0.255082,40.75,640,640,56,16
waymo,faster_rcnn,8506432817378693815_4860_000_4880_000_1557857360137294,data\processed\milestone_3\images\waymo\external\8506432817378693815_4860_000_4880_000_1557857360137294.png,26,1,27,0,0,27,0.243672,0.111845,40.75,640,640,49,26
waymo,rtdetr,8506432817378693815_4860_000_4880_000_1557857354135532,data\processed\milestone_3\images\waymo\external\8506432817378693815_4860_000_4880_000_1557857354135532.png,27,0,27,0,0,27,0.481549,0.481549,40.5,640,640,57,300
waymo,retinanet,8506432817378693815_4860_000_4880_000_1557857350637092,data\processed\milestone_3\images\waymo\external\8506432817378693815_4860_000_4880_000_1557857350637092.png,27,0,27,0,0,27,0.460422,0.224317,40.5,640,640,47,27
waymo,yolo,13356997604177841771_3360_000_3380_000_1557267381087363,data\processed\milestone_3\images\waymo\external\13356997604177841771_3360_000_3380_000_1557267381087363.png,25,2,26,1,0,27,0.0,0.0,40.5,640,640,52,1
waymo,faster_rcnn,8506432817378693815_4860_000_4880_000_1557857350637092,data\processed\milestone_3\images\waymo\external\8506432817378693815_4860_000_4880_000_1557857350637092.png,26,1,26,1,0,27,0.471153,0.482421,40.25,640,640,47,22
waymo,yolo,9114112687541091312_1100_000_1120_000_1544144328216300,data\processed\milestone_3\images\waymo\external\9114112687541091312_1100_000_1120_000_1544144328216300.png,23,3,26,0,0,26,0.075981,0.038587,39.75,640,640,40,5
waymo,yolo,9114112687541091312_1100_000_1120_000_1544144331316268,data\processed\milestone_3\images\waymo\external\9114112687541091312_1100_000_1120_000_1544144331316268.png,23,3,26,0,0,26,0.0,0.002342,39.75,640,640,40,6
waymo,rtdetr,9114112687541091312_1100_000_1120_000_1544144334816198,data\processed\milestone_3\images\waymo\external\9114112687541091312_1100_000_1120_000_1544144334816198.png,23,3,26,0,0,26,0.428228,0.428228,39.75,640,640,44,300
waymo,rtdetr,9114112687541091312_1100_000_1120_000_1544144335816195,data\processed\milestone_3\images\waymo\external\9114112687541091312_1100_000_1120_000_1544144335816195.png,23,3,26,0,0,26,0.465749,0.465749,39.75,640,640,45,300
waymo,retinanet,9114112687541091312_1100_000_1120_000_1544144328216300,data\processed\milestone_3\images\waymo\external\9114112687541091312_1100_000_1120_000_1544144328216300.png,23,3,26,0,0,26,0.0,0.0,39.75,640,640,40,7
waymo,retinanet,9114112687541091312_1100_000_1120_000_1544144331316268,data\processed\milestone_3\images\waymo\external\9114112687541091312_1100_000_1120_000_1544144331316268.png,23,3,26,0,0,26,0.398173,0.0,39.75,640,640,40,6
waymo,retinanet,9114112687541091312_1100_000_1120_000_1544144333816269,data\processed\milestone_3\images\waymo\external\9114112687541091312_1100_000_1120_000_1544144333816269.png,23,3,26,0,0,26,0.47957,0.436989,39.75,640,640,42,12
waymo,retinanet,9114112687541091312_1100_000_1120_000_1544144335316215,data\processed\milestone_3\images\waymo\external\9114112687541091312_1100_000_1120_000_1544144335316215.png,23,3,26,0,0,26,0.048064,0.0,39.75,640,640,43,10
waymo,faster_rcnn,9114112687541091312_1100_000_1120_000_1544144331316268,data\processed\milestone_3\images\waymo\external\9114112687541091312_1100_000_1120_000_1544144331316268.png,23,3,26,0,0,26,0.0,0.0,39.75,640,640,40,9
waymo,faster_rcnn,9114112687541091312_1100_000_1120_000_1544144335316215,data\processed\milestone_3\images\waymo\external\9114112687541091312_1100_000_1120_000_1544144335316215.png,23,3,26,0,0,26,0.022595,0.140428,39.75,640,640,43,14
waymo,yolo,10289507859301986274_4200_000_4220_000_1557847397172702,data\processed\milestone_3\images\waymo\external\10289507859301986274_4200_000_4220_000_1557847397172702.png,24,2,26,0,0,26,0.0,0.11478,39.5,640,640,44,7
waymo,yolo,10289507859301986274_4200_000_4220_000_1557847411172351,data\processed\milestone_3\images\waymo\external\10289507859301986274_4200_000_4220_000_1557847411172351.png,24,2,26,0,0,26,0.0,0.344246,39.5,640,640,61,21
waymo,rtdetr,10289507859301986274_4200_000_4220_000_1557847411172351,data\processed\milestone_3\images\waymo\external\10289507859301986274_4200_000_4220_000_1557847411172351.png,24,2,26,0,0,26,0.286656,0.286656,39.5,640,640,61,300
waymo,rtdetr,9114112687541091312_1100_000_1120_000_1544144326716290,data\processed\milestone_3\images\waymo\external\9114112687541091312_1100_000_1120_000_1544144326716290.png,24,2,26,0,0,26,0.484198,0.512394,39.5,640,640,46,300
waymo,rtdetr,9114112687541091312_1100_000_1120_000_1544144336316269,data\processed\milestone_3\images\waymo\external\9114112687541091312_1100_000_1120_000_1544144336316269.png,24,2,26,0,0,26,0.490557,0.490557,39.5,640,640,44,300
waymo,rtdetr,9114112687541091312_1100_000_1120_000_1544144336816339,data\processed\milestone_3\images\waymo\external\9114112687541091312_1100_000_1120_000_1544144336816339.png,24,2,26,0,0,26,0.451077,0.436826,39.5,640,640,43,300
waymo,retinanet,10289507859301986274_4200_000_4220_000_1557847411172351,data\processed\milestone_3\images\waymo\external\10289507859301986274_4200_000_4220_000_1557847411172351.png,24,2,26,0,0,26,0.0009,0.344269,39.5,640,640,61,15
waymo,faster_rcnn,10289507859301986274_4200_000_4220_000_1557847411172351,data\processed\milestone_3\images\waymo\external\10289507859301986274_4200_000_4220_000_1557847411172351.png,24,2,26,0,0,26,0.066983,0.033855,39.5,640,640,61,15
waymo,yolo,10289507859301986274_4200_000_4220_000_1557847399672379,data\processed\milestone_3\images\waymo\external\10289507859301986274_4200_000_4220_000_1557847399672379.png,25,1,26,0,0,26,0.0,0.241125,39.25,640,640,47,13
waymo,yolo,10289507859301986274_4200_000_4220_000_1557847410172119,data\processed\milestone_3\images\waymo\external\10289507859301986274_4200_000_4220_000_1557847410172119.png,25,1,26,0,0,26,0.0,0.036579,39.25,640,640,62,15
waymo,yolo,3577352947946244999_3980_000_4000_000_1557847172597388,data\processed\milestone_3\images\waymo\external\3577352947946244999_3980_000_4000_000_1557847172597388.png,25,1,26,0,0,26,0.01371,0.162525,39.25,640,640,44,18
waymo,rtdetr,10289507859301986274_4200_000_4220_000_1557847410172119,data\processed\milestone_3\images\waymo\external\10289507859301986274_4200_000_4220_000_1557847410172119.png,25,1,26,0,0,26,0.310202,0.304312,39.25,640,640,62,300
waymo,rtdetr,13356997604177841771_3360_000_3380_000_1557267379087718,data\processed\milestone_3\images\waymo\external\13356997604177841771_3360_000_3380_000_1557267379087718.png,25,1,26,0,0,26,0.398591,0.515027,39.25,640,640,45,300
waymo,rtdetr,8506432817378693815_4860_000_4880_000_1557857360137294,data\processed\milestone_3\images\waymo\external\8506432817378693815_4860_000_4880_000_1557857360137294.png,25,1,26,0,0,26,0.414559,0.414559,39.25,640,640,49,300
waymo,rtdetr,9114112687541091312_1100_000_1120_000_1544144331816256,data\processed\milestone_3\images\waymo\external\9114112687541091312_1100_000_1120_000_1544144331816256.png,25,1,26,0,0,26,0.482799,0.482799,39.25,640,640,42,300
waymo,retinanet,13356997604177841771_3360_000_3380_000_1557267379087718,data\processed\milestone_3\images\waymo\external\13356997604177841771_3360_000_3380_000_1557267379087718.png,25,1,26,0,0,26,0.018328,0.0,39.25,640,640,45,11
waymo,faster_rcnn,10289507859301986274_4200_000_4220_000_1557847392672581,data\processed\milestone_3\images\waymo\external\10289507859301986274_4200_000_4220_000_1557847392672581.png,25,1,26,0,0,26,0.435924,0.434731,39.25,640,640,42,19
waymo,faster_rcnn,10289507859301986274_4200_000_4220_000_1557847410172119,data\processed\milestone_3\images\waymo\external\10289507859301986274_4200_000_4220_000_1557847410172119.png,25,1,26,0,0,26,0.121774,0.0,39.25,640,640,62,14
waymo,faster_rcnn,13356997604177841771_3360_000_3380_000_1557267379587481,data\processed\milestone_3\images\waymo\external\13356997604177841771_3360_000_3380_000_1557267379587481.png,25,1,26,0,0,26,0.075372,0.028362,39.25,640,640,48,12
waymo,yolo,8506432817378693815_4860_000_4880_000_1557857351137187,data\processed\milestone_3\images\waymo\external\8506432817378693815_4860_000_4880_000_1557857351137187.png,26,0,26,0,0,26,0.285767,0.299381,39.0,640,640,47,22
waymo,yolo,8506432817378693815_4860_000_4880_000_1557857352137355,data\processed\milestone_3\images\waymo\external\8506432817378693815_4860_000_4880_000_1557857352137355.png,26,0,26,0,0,26,0.003529,0.007232,39.0,640,640,44,9
waymo,yolo,8506432817378693815_4860_000_4880_000_1557857352637309,data\processed\milestone_3\images\waymo\external\8506432817378693815_4860_000_4880_000_1557857352637309.png,26,0,26,0,0,26,0.0,0.604092,39.0,640,640,46,19
waymo,yolo,8506432817378693815_4860_000_4880_000_1557857353636054,data\processed\milestone_3\images\waymo\external\8506432817378693815_4860_000_4880_000_1557857353636054.png,26,0,26,0,0,26,0.0,0.00794,39.0,640,640,49,12
waymo,rtdetr,8506432817378693815_4860_000_4880_000_1557857350637092,data\processed\milestone_3\images\waymo\external\8506432817378693815_4860_000_4880_000_1557857350637092.png,26,0,26,0,0,26,0.373204,0.373204,39.0,640,640,47,300
waymo,retinanet,3577352947946244999_3980_000_4000_000_1557847172597388,data\processed\milestone_3\images\waymo\external\3577352947946244999_3980_000_4000_000_1557847172597388.png,26,0,26,0,0,26,0.497786,0.3949,39.0,640,640,44,21
waymo,faster_rcnn,8506432817378693815_4860_000_4880_000_1557857352637309,data\processed\milestone_3\images\waymo\external\8506432817378693815_4860_000_4880_000_1557857352637309.png,26,0,26,0,0,26,0.159017,0.034117,39.0,640,640,46,23
waymo,yolo,13356997604177841771_3360_000_3380_000_1557267380587205,data\processed\milestone_3\images\waymo\external\13356997604177841771_3360_000_3380_000_1557267380587205.png,24,2,25,1,0,26,0.058213,0.667132,39.0,640,640,50,2
waymo,faster_rcnn,8506432817378693815_4860_000_4880_000_1557857351137187,data\processed\milestone_3\images\waymo\external\8506432817378693815_4860_000_4880_000_1557857351137187.png,25,1,25,1,0,26,0.395966,0.423006,38.75,640,640,47,23
waymo,rtdetr,9114112687541091312_1100_000_1120_000_1544144333816269,data\processed\milestone_3\images\waymo\external\9114112687541091312_1100_000_1120_000_1544144333816269.png,22,3,25,0,0,25,0.451255,0.375637,38.25,640,640,42,300
waymo,rtdetr,9114112687541091312_1100_000_1120_000_1544144335316215,data\processed\milestone_3\images\waymo\external\9114112687541091312_1100_000_1120_000_1544144335316215.png,22,3,25,0,0,25,0.496531,0.496531,38.25,640,640,43,300
waymo,rtdetr,9114112687541091312_1100_000_1120_000_1544144337816224,data\processed\milestone_3\images\waymo\external\9114112687541091312_1100_000_1120_000_1544144337816224.png,22,3,25,0,0,25,0.4606,0.4606,38.25,640,640,43,300
waymo,rtdetr,9114112687541091312_1100_000_1120_000_1544144338316151,data\processed\milestone_3\images\waymo\external\9114112687541091312_1100_000_1120_000_1544144338316151.png,22,3,25,0,0,25,0.440113,0.49884,38.25,640,640,42,300
waymo,rtdetr,9114112687541091312_1100_000_1120_000_1544144339316236,data\processed\milestone_3\images\waymo\external\9114112687541091312_1100_000_1120_000_1544144339316236.png,22,3,25,0,0,25,0.37975,0.37975,38.25,640,640,44,300
waymo,retinanet,9114112687541091312_1100_000_1120_000_1544144328716280,data\processed\milestone_3\images\waymo\external\9114112687541091312_1100_000_1120_000_1544144328716280.png,22,3,25,0,0,25,0.0,0.0,38.25,640,640,40,10
waymo,faster_rcnn,9114112687541091312_1100_000_1120_000_1544144328716280,data\processed\milestone_3\images\waymo\external\9114112687541091312_1100_000_1120_000_1544144328716280.png,22,3,25,0,0,25,0.48813,0.425739,38.25,640,640,40,12
waymo,yolo,9114112687541091312_1100_000_1120_000_1544144329216283,data\processed\milestone_3\images\waymo\external\9114112687541091312_1100_000_1120_000_1544144329216283.png,23,2,25,0,0,25,0.0,0.0,38.0,640,640,39,4
waymo,yolo,9114112687541091312_1100_000_1120_000_1544144329716272,data\processed\milestone_3\images\waymo\external\9114112687541091312_1100_000_1120_000_1544144329716272.png,23,2,25,0,0,25,0.0,0.0,38.0,640,640,39,5
waymo,retinanet,8506432817378693815_4860_000_4880_000_1557857368637470,data\processed\milestone_3\images\waymo\external\8506432817378693815_4860_000_4880_000_1557857368637470.png,23,2,25,0,0,25,0.432977,0.023331,38.0,640,640,39,19
waymo,retinanet,9114112687541091312_1100_000_1120_000_1544144329716272,data\processed\milestone_3\images\waymo\external\9114112687541091312_1100_000_1120_000_1544144329716272.png,23,2,25,0,0,25,0.0,0.0,38.0,640,640,39,8
waymo,faster_rcnn,8506432817378693815_4860_000_4880_000_1557857368637470,data\processed\milestone_3\images\waymo\external\8506432817378693815_4860_000_4880_000_1557857368637470.png,23,2,25,0,0,25,0.312181,0.518653,38.0,640,640,39,24
waymo,faster_rcnn,9114112687541091312_1100_000_1120_000_1544144329716272,data\processed\milestone_3\images\waymo\external\9114112687541091312_1100_000_1120_000_1544144329716272.png,23,2,25,0,0,25,0.309693,0.537955,38.0,640,640,39,11
waymo,yolo,10289507859301986274_4200_000_4220_000_1557847398672474,data\processed\milestone_3\images\waymo\external\10289507859301986274_4200_000_4220_000_1557847398672474.png,24,1,25,0,0,25,0.14134,0.0,37.75,640,640,42,11
waymo,yolo,13356997604177841771_3360_000_3380_000_1557267381587525,data\processed\milestone_3\images\waymo\external\13356997604177841771_3360_000_3380_000_1557267381587525.png,24,1,25,0,0,25,0.0,0.0,37.75,640,640,50,2
waymo,yolo,3577352947946244999_3980_000_4000_000_1557847173097422,data\processed\milestone_3\images\waymo\external\3577352947946244999_3980_000_4000_000_1557847173097422.png,24,1,25,0,0,25,0.120019,0.204198,37.75,640,640,44,31
waymo,rtdetr,10289507859301986274_4200_000_4220_000_1557847392672581,data\processed\milestone_3\images\waymo\external\10289507859301986274_4200_000_4220_000_1557847392672581.png,24,1,25,0,0,25,0.326847,0.36294,37.75,640,640,42,300
waymo,rtdetr,13356997604177841771_3360_000_3380_000_1557267380087192,data\processed\milestone_3\images\waymo\external\13356997604177841771_3360_000_3380_000_1557267380087192.png,24,1,25,0,0,25,0.459322,0.445402,37.75,640,640,52,300
waymo,rtdetr,9114112687541091312_1100_000_1120_000_1544144325716300,data\processed\milestone_3\images\waymo\external\9114112687541091312_1100_000_1120_000_1544144325716300.png,24,1,25,0,0,25,0.491477,0.491477,37.75,640,640,48,300
waymo,retinanet,13356997604177841771_3360_000_3380_000_1557267379587481,data\processed\milestone_3\images\waymo\external\13356997604177841771_3360_000_3380_000_1557267379587481.png,24,1,25,0,0,25,0.0,0.066172,37.75,640,640,48,7
waymo,retinanet,13356997604177841771_3360_000_3380_000_1557267380087192,data\processed\milestone_3\images\waymo\external\13356997604177841771_3360_000_3380_000_1557267380087192.png,24,1,25,0,0,25,0.126659,0.142796,37.75,640,640,52,11
waymo,faster_rcnn,10289507859301986274_4200_000_4220_000_1557847399672379,data\processed\milestone_3\images\waymo\external\10289507859301986274_4200_000_4220_000_1557847399672379.png,24,1,25,0,0,25,0.43976,0.089451,37.75,640,640,47,16
waymo,faster_rcnn,13356997604177841771_3360_000_3380_000_1557267380087192,data\processed\milestone_3\images\waymo\external\13356997604177841771_3360_000_3380_000_1557267380087192.png,24,1,25,0,0,25,0.419863,0.143549,37.75,640,640,52,14
waymo,faster_rcnn,13356997604177841771_3360_000_3380_000_1557267380587205,data\processed\milestone_3\images\waymo\external\13356997604177841771_3360_000_3380_000_1557267380587205.png,24,1,25,0,0,25,0.077879,0.075865,37.75,640,640,50,19
waymo,faster_rcnn,3577352947946244999_3980_000_4000_000_1557847172597388,data\processed\milestone_3\images\waymo\external\3577352947946244999_3980_000_4000_000_1557847172597388.png,24,1,25,0,0,25,0.419613,0.118027,37.75,640,640,44,20
waymo,yolo,10289507859301986274_4200_000_4220_000_1557847406672419,data\processed\milestone_3\images\waymo\external\10289507859301986274_4200_000_4220_000_1557847406672419.png,25,0,25,0,0,25,0.0,0.003542,37.5,640,640,58,17
waymo,yolo,8506432817378693815_4860_000_4880_000_1557857351637267,data\processed\milestone_3\images\waymo\external\8506432817378693815_4860_000_4880_000_1557857351637267.png,25,0,25,0,0,25,0.004191,0.062807,37.5,640,640,45,17
waymo,rtdetr,10289507859301986274_4200_000_4220_000_1557847393172585,data\processed\milestone_3\images\waymo\external\10289507859301986274_4200_000_4220_000_1557847393172585.png,25,0,25,0,0,25,0.487585,0.622923,37.5,640,640,42,300
waymo,rtdetr,13356997604177841771_3360_000_3380_000_1557267379587481,data\processed\milestone_3\images\waymo\external\13356997604177841771_3360_000_3380_000_1557267379587481.png,25,0,25,0,0,25,0.481838,0.584637,37.5,640,640,48,300
waymo,retinanet,8506432817378693815_4860_000_4880_000_1557857351137187,data\processed\milestone_3\images\waymo\external\8506432817378693815_4860_000_4880_000_1557857351137187.png,25,0,25,0,0,25,0.303768,0.023248,37.5,640,640,47,18
waymo,retinanet,8506432817378693815_4860_000_4880_000_1557857352637309,data\processed\milestone_3\images\waymo\external\8506432817378693815_4860_000_4880_000_1557857352637309.png,25,0,25,0,0,25,0.391189,0.725333,37.5,640,640,46,23
waymo,faster_rcnn,3577352947946244999_3980_000_4000_000_1557847173097422,data\processed\milestone_3\images\waymo\external\3577352947946244999_3980_000_4000_000_1557847173097422.png,24,1,24,1,0,25,0.497967,0.630844,37.25,640,640,44,26
waymo,faster_rcnn,8506432817378693815_4860_000_4880_000_1557857352137355,data\processed\milestone_3\images\waymo\external\8506432817378693815_4860_000_4880_000_1557857352137355.png,24,1,24,1,0,25,0.478018,0.615253,37.25,640,640,44,19
waymo,rtdetr,9114112687541091312_1100_000_1120_000_1544144328716280,data\processed\milestone_3\images\waymo\external\9114112687541091312_1100_000_1120_000_1544144328716280.png,21,3,24,0,0,24,0.497189,0.497189,36.75,640,640,40,300
waymo,rtdetr,9114112687541091312_1100_000_1120_000_1544144343816197,data\processed\milestone_3\images\waymo\external\9114112687541091312_1100_000_1120_000_1544144343816197.png,21,3,24,0,0,24,0.377483,0.377483,36.75,640,640,44,300
waymo,faster_rcnn,9114112687541091312_1100_000_1120_000_1544144328216300,data\processed\milestone_3\images\waymo\external\9114112687541091312_1100_000_1120_000_1544144328216300.png,21,3,24,0,0,24,0.43844,0.431674,36.75,640,640,40,17
waymo,yolo,10289507859301986274_4200_000_4220_000_1557847411672343,data\processed\milestone_3\images\waymo\external\10289507859301986274_4200_000_4220_000_1557847411672343.png,22,2,24,0,0,24,0.0,0.002802,36.5,640,640,61,18
waymo,yolo,9114112687541091312_1100_000_1120_000_1544144327716284,data\processed\milestone_3\images\waymo\external\9114112687541091312_1100_000_1120_000_1544144327716284.png,22,2,24,0,0,24,0.008731,0.022807,36.5,640,640,38,11
waymo,rtdetr,9114112687541091312_1100_000_1120_000_1544144329716272,data\processed\milestone_3\images\waymo\external\9114112687541091312_1100_000_1120_000_1544144329716272.png,22,2,24,0,0,24,0.47382,0.47382,36.5,640,640,39,300
waymo,retinanet,10289507859301986274_4200_000_4220_000_1557847411672343,data\processed\milestone_3\images\waymo\external\10289507859301986274_4200_000_4220_000_1557847411672343.png,22,2,24,0,0,24,0.0,0.001868,36.5,640,640,61,11
waymo,retinanet,9114112687541091312_1100_000_1120_000_1544144329216283,data\processed\milestone_3\images\waymo\external\9114112687541091312_1100_000_1120_000_1544144329216283.png,22,2,24,0,0,24,0.389004,0.612579,36.5,640,640,39,9
waymo,faster_rcnn,10289507859301986274_4200_000_4220_000_1557847397172702,data\processed\milestone_3\images\waymo\external\10289507859301986274_4200_000_4220_000_1557847397172702.png,22,2,24,0,0,24,0.250234,0.7052,36.5,640,640,44,17
waymo,faster_rcnn,10289507859301986274_4200_000_4220_000_1557847411672343,data\processed\milestone_3\images\waymo\external\10289507859301986274_4200_000_4220_000_1557847411672343.png,22,2,24,0,0,24,0.218588,0.0,36.5,640,640,61,14
waymo,faster_rcnn,9114112687541091312_1100_000_1120_000_1544144327716284,data\processed\milestone_3\images\waymo\external\9114112687541091312_1100_000_1120_000_1544144327716284.png,22,2,24,0,0,24,0.481432,0.671001,36.5,640,640,38,16
waymo,faster_rcnn,9114112687541091312_1100_000_1120_000_1544144329216283,data\processed\milestone_3\images\waymo\external\9114112687541091312_1100_000_1120_000_1544144329216283.png,22,2,24,0,0,24,0.398394,0.487882,36.5,640,640,39,12
waymo,yolo,10289507859301986274_4200_000_4220_000_1557847397672777,data\processed\milestone_3\images\waymo\external\10289507859301986274_4200_000_4220_000_1557847397672777.png,23,1,24,0,0,24,0.099343,0.058319,36.25,640,640,44,34
waymo,yolo,10289507859301986274_4200_000_4220_000_1557847398172641,data\processed\milestone_3\images\waymo\external\10289507859301986274_4200_000_4220_000_1557847398172641.png,23,1,24,0,0,24,0.0,0.156434,36.25,640,640,46,17
waymo,yolo,3577352947946244999_3980_000_4000_000_1557847173597426,data\processed\milestone_3\images\waymo\external\3577352947946244999_3980_000_4000_000_1557847173597426.png,23,1,24,0,0,24,0.414878,0.230358,36.25,640,640,42,47
waymo,rtdetr,9114112687541091312_1100_000_1120_000_1544144325216299,data\processed\milestone_3\images\waymo\external\9114112687541091312_1100_000_1120_000_1544144325216299.png,23,1,24,0,0,24,0.494449,0.494449,36.25,640,640,47,300
waymo,retinanet,10289507859301986274_4200_000_4220_000_1557847410172119,data\processed\milestone_3\images\waymo\external\10289507859301986274_4200_000_4220_000_1557847410172119.png,23,1,24,0,0,24,0.0,0.005102,36.25,640,640,62,17
waymo,retinanet,13356997604177841771_3360_000_3380_000_1557267381087363,data\processed\milestone_3\images\waymo\external\13356997604177841771_3360_000_3380_000_1557267381087363.png,23,1,24,0,0,24,0.409725,0.053425,36.25,640,640,52,13
waymo,faster_rcnn,13356997604177841771_3360_000_3380_000_1557267381087363,data\processed\milestone_3\images\waymo\external\13356997604177841771_3360_000_3380_000_1557267381087363.png,23,1,24,0,0,24,0.464199,0.386496,36.25,640,640,52,17
waymo,yolo,8506432817378693815_4860_000_4880_000_1557857353136782,data\processed\milestone_3\images\waymo\external\8506432817378693815_4860_000_4880_000_1557857353136782.png,24,0,24,0,0,24,0.324703,0.324703,36.0,640,640,45,15
waymo,rtdetr,8506432817378693815_4860_000_4880_000_1557857355134877,data\processed\milestone_3\images\waymo\external\8506432817378693815_4860_000_4880_000_1557857355134877.png,24,0,24,0,0,24,0.473193,0.473193,36.0,640,640,56,300
waymo,retinanet,10289507859301986274_4200_000_4220_000_1557847406672419,data\processed\milestone_3\images\waymo\external\10289507859301986274_4200_000_4220_000_1557847406672419.png,24,0,24,0,0,24,0.0,0.004105,36.0,640,640,58,14
waymo,retinanet,3577352947946244999_3980_000_4000_000_1557847173097422,data\processed\milestone_3\images\waymo\external\3577352947946244999_3980_000_4000_000_1557847173097422.png,24,0,24,0,0,24,0.221356,0.732996,36.0,640,640,44,24
waymo,faster_rcnn,10289507859301986274_4200_000_4220_000_1557847393172585,data\processed\milestone_3\images\waymo\external\10289507859301986274_4200_000_4220_000_1557847393172585.png,24,0,24,0,0,24,0.374138,0.430259,36.0,640,640,42,21
waymo,faster_rcnn,10289507859301986274_4200_000_4220_000_1557847406672419,data\processed\milestone_3\images\waymo\external\10289507859301986274_4200_000_4220_000_1557847406672419.png,24,0,24,0,0,24,0.0,0.046241,36.0,640,640,58,16
waymo,yolo,9114112687541091312_1100_000_1120_000_1544144330816285,data\processed\milestone_3\images\waymo\external\9114112687541091312_1100_000_1120_000_1544144330816285.png,20,3,23,0,0,23,0.0,0.002201,35.25,640,640,36,6
waymo,retinanet,9114112687541091312_1100_000_1120_000_1544144330816285,data\processed\milestone_3\images\waymo\external\9114112687541091312_1100_000_1120_000_1544144330816285.png,20,3,23,0,0,23,0.0,0.257325,35.25,640,640,36,7
waymo,faster_rcnn,9114112687541091312_1100_000_1120_000_1544144330816285,data\processed\milestone_3\images\waymo\external\9114112687541091312_1100_000_1120_000_1544144330816285.png,20,3,23,0,0,23,0.157193,0.233504,35.25,640,640,36,11
waymo,yolo,9114112687541091312_1100_000_1120_000_1544144330216284,data\processed\milestone_3\images\waymo\external\9114112687541091312_1100_000_1120_000_1544144330216284.png,21,2,23,0,0,23,0.0,0.0,35.0,640,640,37,4
waymo,rtdetr,10289507859301986274_4200_000_4220_000_1557847411672343,data\processed\milestone_3\images\waymo\external\10289507859301986274_4200_000_4220_000_1557847411672343.png,21,2,23,0,0,23,0.415623,0.415623,35.0,640,640,61,300
waymo,rtdetr,8506432817378693815_4860_000_4880_000_1557857369137487,data\processed\milestone_3\images\waymo\external\8506432817378693815_4860_000_4880_000_1557857369137487.png,21,2,23,0,0,23,0.487858,0.368554,35.0,640,640,40,300
waymo,faster_rcnn,9114112687541091312_1100_000_1120_000_1544144330216284,data\processed\milestone_3\images\waymo\external\9114112687541091312_1100_000_1120_000_1544144330216284.png,21,2,23,0,0,23,0.429065,0.479136,35.0,640,640,37,13
waymo,yolo,10289507859301986274_4200_000_4220_000_1557847409172005,data\processed\milestone_3\images\waymo\external\10289507859301986274_4200_000_4220_000_1557847409172005.png,22,1,23,0,0,23,0.0,0.002819,34.75,640,640,61,26
waymo,yolo,10289507859301986274_4200_000_4220_000_1557847409671967,data\processed\milestone_3\images\waymo\external\10289507859301986274_4200_000_4220_000_1557847409671967.png,22,1,23,0,0,23,0.0,0.002149,34.75,640,640,59,17
waymo,rtdetr,10289507859301986274_4200_000_4220_000_1557847409172005,data\processed\milestone_3\images\waymo\external\10289507859301986274_4200_000_4220_000_1557847409172005.png,22,1,23,0,0,23,0.285173,0.09672,34.75,640,640,61,300
waymo,rtdetr,10289507859301986274_4200_000_4220_000_1557847409671967,data\processed\milestone_3\images\waymo\external\10289507859301986274_4200_000_4220_000_1557847409671967.png,22,1,23,0,0,23,0.241434,0.074858,34.75,640,640,59,300
waymo,rtdetr,8506432817378693815_4860_000_4880_000_1557857368637470,data\processed\milestone_3\images\waymo\external\8506432817378693815_4860_000_4880_000_1557857368637470.png,22,1,23,0,0,23,0.468783,0.391997,34.75,640,640,39,300
waymo,rtdetr,9114112687541091312_1100_000_1120_000_1544144331316268,data\processed\milestone_3\images\waymo\external\9114112687541091312_1100_000_1120_000_1544144331316268.png,22,1,23,0,0,23,0.498348,0.498348,34.75,640,640,40,300
waymo,retinanet,10289507859301986274_4200_000_4220_000_1557847398172641,data\processed\milestone_3\images\waymo\external\10289507859301986274_4200_000_4220_000_1557847398172641.png,22,1,23,0,0,23,0.426893,0.0,34.75,640,640,46,15
waymo,retinanet,10289507859301986274_4200_000_4220_000_1557847399672379,data\processed\milestone_3\images\waymo\external\10289507859301986274_4200_000_4220_000_1557847399672379.png,22,1,23,0,0,23,0.033647,0.019193,34.75,640,640,47,17
waymo,retinanet,10289507859301986274_4200_000_4220_000_1557847409172005,data\processed\milestone_3\images\waymo\external\10289507859301986274_4200_000_4220_000_1557847409172005.png,22,1,23,0,0,23,0.0,0.031715,34.75,640,640,61,16
waymo,retinanet,10289507859301986274_4200_000_4220_000_1557847409671967,data\processed\milestone_3\images\waymo\external\10289507859301986274_4200_000_4220_000_1557847409671967.png,22,1,23,0,0,23,0.0,0.005019,34.75,640,640,59,13
waymo,retinanet,13356997604177841771_3360_000_3380_000_1557267380587205,data\processed\milestone_3\images\waymo\external\13356997604177841771_3360_000_3380_000_1557267380587205.png,22,1,23,0,0,23,0.039745,0.056549,34.75,640,640,50,11
waymo,faster_rcnn,10289507859301986274_4200_000_4220_000_1557847398172641,data\processed\milestone_3\images\waymo\external\10289507859301986274_4200_000_4220_000_1557847398172641.png,22,1,23,0,0,23,0.433415,0.316406,34.75,640,640,46,18
waymo,faster_rcnn,10289507859301986274_4200_000_4220_000_1557847409172005,data\processed\milestone_3\images\waymo\external\10289507859301986274_4200_000_4220_000_1557847409172005.png,22,1,23,0,0,23,0.0,0.0789,34.75,640,640,61,15
waymo,faster_rcnn,10289507859301986274_4200_000_4220_000_1557847409671967,data\processed\milestone_3\images\waymo\external\10289507859301986274_4200_000_4220_000_1557847409671967.png,22,1,23,0,0,23,0.0,0.00779,34.75,640,640,59,18
waymo,faster_rcnn,13356997604177841771_3360_000_3380_000_1557267381587525,data\processed\milestone_3\images\waymo\external\13356997604177841771_3360_000_3380_000_1557267381587525.png,22,1,23,0,0,23,0.430704,0.437262,34.75,640,640,50,18
waymo,yolo,10289507859301986274_4200_000_4220_000_1557847406172415,data\processed\milestone_3\images\waymo\external\10289507859301986274_4200_000_4220_000_1557847406172415.png,23,0,23,0,0,23,0.084278,0.002048,34.5,640,640,57,24
waymo,yolo,10289507859301986274_4200_000_4220_000_1557847407172500,data\processed\milestone_3\images\waymo\external\10289507859301986274_4200_000_4220_000_1557847407172500.png,23,0,23,0,0,23,0.0,0.115804,34.5,640,640,56,22
waymo,yolo,10289507859301986274_4200_000_4220_000_1557847407672537,data\processed\milestone_3\images\waymo\external\10289507859301986274_4200_000_4220_000_1557847407672537.png,23,0,23,0,0,23,0.0,0.004421,34.5,640,640,57,19
waymo,yolo,10289507859301986274_4200_000_4220_000_1557847410672306,data\processed\milestone_3\images\waymo\external\10289507859301986274_4200_000_4220_000_1557847410672306.png,23,0,23,0,0,23,0.0,0.0,34.5,640,640,59,19
waymo,yolo,3577352947946244999_3980_000_4000_000_1557847182097396,data\processed\milestone_3\images\waymo\external\3577352947946244999_3980_000_4000_000_1557847182097396.png,23,0,23,0,0,23,0.046469,0.063811,34.5,640,640,43,29
waymo,rtdetr,10289507859301986274_4200_000_4220_000_1557847393672620,data\processed\milestone_3\images\waymo\external\10289507859301986274_4200_000_4220_000_1557847393672620.png,23,0,23,0,0,23,0.4989,0.4989,34.5,640,640,37,300
waymo,rtdetr,8506432817378693815_4860_000_4880_000_1557857352637309,data\processed\milestone_3\images\waymo\external\8506432817378693815_4860_000_4880_000_1557857352637309.png,23,0,23,0,0,23,0.488127,0.484703,34.5,640,640,46,300
waymo,rtdetr,9114112687541091312_1100_000_1120_000_1544144324716280,data\processed\milestone_3\images\waymo\external\9114112687541091312_1100_000_1120_000_1544144324716280.png,23,0,23,0,0,23,0.494141,0.591606,34.5,640,640,45,300
waymo,rtdetr,9114112687541091312_1100_000_1120_000_1544144327216278,data\processed\milestone_3\images\waymo\external\9114112687541091312_1100_000_1120_000_1544144327216278.png,23,0,23,0,0,23,0.446384,0.446384,34.5,640,640,42,300
waymo,retinanet,10289507859301986274_4200_000_4220_000_1557847392672581,data\processed\milestone_3\images\waymo\external\10289507859301986274_4200_000_4220_000_1557847392672581.png,23,0,23,0,0,23,0.451766,0.54662,34.5,640,640,42,15
waymo,retinanet,10289507859301986274_4200_000_4220_000_1557847393172585,data\processed\milestone_3\images\waymo\external\10289507859301986274_4200_000_4220_000_1557847393172585.png,23,0,23,0,0,23,0.261739,0.38217,34.5,640,640,42,18
waymo,faster_rcnn,10289507859301986274_4200_000_4220_000_1557847393672620,data\processed\milestone_3\images\waymo\external\10289507859301986274_4200_000_4220_000_1557847393672620.png,23,0,23,0,0,23,0.315573,0.413591,34.5,640,640,37,18
waymo,faster_rcnn,10289507859301986274_4200_000_4220_000_1557847407172500,data\processed\milestone_3\images\waymo\external\10289507859301986274_4200_000_4220_000_1557847407172500.png,23,0,23,0,0,23,0.0,0.003208,34.5,640,640,56,14
waymo,faster_rcnn,10289507859301986274_4200_000_4220_000_1557847410672306,data\processed\milestone_3\images\waymo\external\10289507859301986274_4200_000_4220_000_1557847410672306.png,23,0,23,0,0,23,0.0,0.000855,34.5,640,640,59,19
waymo,faster_rcnn,8506432817378693815_4860_000_4880_000_1557857351637267,data\processed\milestone_3\images\waymo\external\8506432817378693815_4860_000_4880_000_1557857351637267.png,23,0,23,0,0,23,0.357516,0.176213,34.5,640,640,45,22
waymo,yolo,3577352947946244999_3980_000_4000_000_1557847181597369,data\processed\milestone_3\images\waymo\external\3577352947946244999_3980_000_4000_000_1557847181597369.png,23,0,22,0,1,23,0.48536,0.0,34.0,640,640,41,20
waymo,rtdetr,9114112687541091312_1100_000_1120_000_1544144329216283,data\processed\milestone_3\images\waymo\external\9114112687541091312_1100_000_1120_000_1544144329216283.png,20,2,22,0,0,22,0.467029,0.467029,33.5,640,640,39,300
waymo,retinanet,10289507859301986274_4200_000_4220_000_1557847397172702,data\processed\milestone_3\images\waymo\external\10289507859301986274_4200_000_4220_000_1557847397172702.png,20,2,22,0,0,22,0.0,0.647613,33.5,640,640,44,14
waymo,retinanet,9114112687541091312_1100_000_1120_000_1544144330216284,data\processed\milestone_3\images\waymo\external\9114112687541091312_1100_000_1120_000_1544144330216284.png,20,2,22,0,0,22,0.360745,0.0,33.5,640,640,37,8
waymo,yolo,10289507859301986274_4200_000_4220_000_1557847399172389,data\processed\milestone_3\images\waymo\external\10289507859301986274_4200_000_4220_000_1557847399172389.png,21,1,22,0,0,22,0.0,0.049953,33.25,640,640,42,17
waymo,yolo,13356997604177841771_3360_000_3380_000_1557267382087526,data\processed\milestone_3\images\waymo\external\13356997604177841771_3360_000_3380_000_1557267382087526.png,21,1,22,0,0,22,0.0,0.0,33.25,640,640,49,4
waymo,rtdetr,10289507859301986274_4200_000_4220_000_1557847399672379,data\processed\milestone_3\images\waymo\external\10289507859301986274_4200_000_4220_000_1557847399672379.png,21,1,22,0,0,22,0.465398,0.424359,33.25,640,640,47,300
waymo,retinanet,13356997604177841771_3360_000_3380_000_1557267381587525,data\processed\milestone_3\images\waymo\external\13356997604177841771_3360_000_3380_000_1557267381587525.png,21,1,22,0,0,22,0.471422,0.544703,33.25,640,640,50,18
waymo,retinanet,9114112687541091312_1100_000_1120_000_1544144327716284,data\processed\milestone_3\images\waymo\external\9114112687541091312_1100_000_1120_000_1544144327716284.png,21,1,22,0,0,22,0.370511,0.033441,33.25,640,640,38,12
waymo,faster_rcnn,8506432817378693815_4860_000_4880_000_1557857353136782,data\processed\milestone_3\images\waymo\external\8506432817378693815_4860_000_4880_000_1557857353136782.png,21,1,22,0,0,22,0.458524,0.647271,33.25,640,640,45,23
waymo,faster_rcnn,8506432817378693815_4860_000_4880_000_1557857353636054,data\processed\milestone_3\images\waymo\external\8506432817378693815_4860_000_4880_000_1557857353636054.png,21,1,22,0,0,22,0.47525,0.62739,33.25,640,640,49,24
waymo,yolo,3577352947946244999_3980_000_4000_000_1557847181097330,data\processed\milestone_3\images\waymo\external\3577352947946244999_3980_000_4000_000_1557847181097330.png,22,0,22,0,0,22,0.052295,0.396179,33.0,640,640,40,21
waymo,rtdetr,10289507859301986274_4200_000_4220_000_1557847406672419,data\processed\milestone_3\images\waymo\external\10289507859301986274_4200_000_4220_000_1557847406672419.png,22,0,22,0,0,22,0.418704,0.418704,33.0,640,640,58,300
waymo,rtdetr,10289507859301986274_4200_000_4220_000_1557847407672537,data\processed\milestone_3\images\waymo\external\10289507859301986274_4200_000_4220_000_1557847407672537.png,22,0,22,0,0,22,0.374283,0.543719,33.0,640,640,57,300
waymo,rtdetr,10289507859301986274_4200_000_4220_000_1557847410672306,data\processed\milestone_3\images\waymo\external\10289507859301986274_4200_000_4220_000_1557847410672306.png,22,0,22,0,0,22,0.349705,0.086623,33.0,640,640,59,300
waymo,rtdetr,8506432817378693815_4860_000_4880_000_1557857351137187,data\processed\milestone_3\images\waymo\external\8506432817378693815_4860_000_4880_000_1557857351137187.png,22,0,22,0,0,22,0.455879,0.455879,33.0,640,640,47,300
waymo,retinanet,10289507859301986274_4200_000_4220_000_1557847406172415,data\processed\milestone_3\images\waymo\external\10289507859301986274_4200_000_4220_000_1557847406172415.png,22,0,22,0,0,22,0.476493,0.025674,33.0,640,640,57,15
waymo,retinanet,10289507859301986274_4200_000_4220_000_1557847407172500,data\processed\milestone_3\images\waymo\external\10289507859301986274_4200_000_4220_000_1557847407172500.png,22,0,22,0,0,22,0.0,0.003904,33.0,640,640,56,15
waymo,retinanet,10289507859301986274_4200_000_4220_000_1557847407672537,data\processed\milestone_3\images\waymo\external\10289507859301986274_4200_000_4220_000_1557847407672537.png,22,0,22,0,0,22,0.0,0.001183,33.0,640,640,57,14
waymo,retinanet,10289507859301986274_4200_000_4220_000_1557847410672306,data\processed\milestone_3\images\waymo\external\10289507859301986274_4200_000_4220_000_1557847410672306.png,22,0,22,0,0,22,0.0,0.0,33.0,640,640,59,11
waymo,faster_rcnn,10289507859301986274_4200_000_4220_000_1557847397672777,data\processed\milestone_3\images\waymo\external\10289507859301986274_4200_000_4220_000_1557847397672777.png,22,0,22,0,0,22,0.0,0.012352,33.0,640,640,44,12
waymo,faster_rcnn,10289507859301986274_4200_000_4220_000_1557847406172415,data\processed\milestone_3\images\waymo\external\10289507859301986274_4200_000_4220_000_1557847406172415.png,22,0,22,0,0,22,0.367659,0.064691,33.0,640,640,57,18
waymo,faster_rcnn,10289507859301986274_4200_000_4220_000_1557847407672537,data\processed\milestone_3\images\waymo\external\10289507859301986274_4200_000_4220_000_1557847407672537.png,22,0,22,0,0,22,0.0,0.001301,33.0,640,640,57,14
waymo,yolo,13356997604177841771_3360_000_3380_000_1557267382587584,data\processed\milestone_3\images\waymo\external\13356997604177841771_3360_000_3380_000_1557267382587584.png,20,2,21,1,0,22,0.499445,0.113815,33.0,640,640,48,6
waymo,yolo,3577352947946244999_3980_000_4000_000_1557847174097401,data\processed\milestone_3\images\waymo\external\3577352947946244999_3980_000_4000_000_1557847174097401.png,21,1,21,1,0,22,0.152993,0.058719,32.75,640,640,39,27
waymo,yolo,3577352947946244999_3980_000_4000_000_1557847185097367,data\processed\milestone_3\images\waymo\external\3577352947946244999_3980_000_4000_000_1557847185097367.png,21,1,21,1,0,22,0.0,0.65505,32.75,640,640,39,28
waymo,yolo,3577352947946244999_3980_000_4000_000_1557847178097471,data\processed\milestone_3\images\waymo\external\3577352947946244999_3980_000_4000_000_1557847178097471.png,22,0,21,1,0,22,0.026396,0.265668,32.5,640,640,39,28
waymo,yolo,3577352947946244999_3980_000_4000_000_1557847182597364,data\processed\milestone_3\images\waymo\external\3577352947946244999_3980_000_4000_000_1557847182597364.png,22,0,21,1,0,22,0.439373,0.689239,32.5,640,640,41,33
waymo,yolo,10289507859301986274_4200_000_4220_000_1557847412172249,data\processed\milestone_3\images\waymo\external\10289507859301986274_4200_000_4220_000_1557847412172249.png,19,2,21,0,0,21,0.0,0.007315,32.0,640,640,58,11
waymo,rtdetr,10289507859301986274_4200_000_4220_000_1557847412172249,data\processed\milestone_3\images\waymo\external\10289507859301986274_4200_000_4220_000_1557847412172249.png,19,2,21,0,0,21,0.393642,0.331246,32.0,640,640,58,300
waymo,rtdetr,9114112687541091312_1100_000_1120_000_1544144330816285,data\processed\milestone_3\images\waymo\external\9114112687541091312_1100_000_1120_000_1544144330816285.png,19,2,21,0,0,21,0.448536,0.448536,32.0,640,640,36,300
waymo,retinanet,10289507859301986274_4200_000_4220_000_1557847396672632,data\processed\milestone_3\images\waymo\external\10289507859301986274_4200_000_4220_000_1557847396672632.png,19,2,21,0,0,21,0.458544,0.140155,32.0,640,640,44,16
waymo,retinanet,10289507859301986274_4200_000_4220_000_1557847412172249,data\processed\milestone_3\images\waymo\external\10289507859301986274_4200_000_4220_000_1557847412172249.png,19,2,21,0,0,21,0.0,0.003715,32.0,640,640,58,12
waymo,faster_rcnn,10289507859301986274_4200_000_4220_000_1557847396672632,data\processed\milestone_3\images\waymo\external\10289507859301986274_4200_000_4220_000_1557847396672632.png,19,2,21,0,0,21,0.0,0.0,32.0,640,640,44,12
waymo,faster_rcnn,10289507859301986274_4200_000_4220_000_1557847412172249,data\processed\milestone_3\images\waymo\external\10289507859301986274_4200_000_4220_000_1557847412172249.png,19,2,21,0,0,21,0.022265,0.016456,32.0,640,640,58,16
waymo,yolo,8506432817378693815_4860_000_4880_000_1557857369637432,data\processed\milestone_3\images\waymo\external\8506432817378693815_4860_000_4880_000_1557857369637432.png,20,1,21,0,0,21,0.0,0.0,31.75,640,640,34,8
waymo,yolo,8506432817378693815_4860_000_4880_000_1557857370137196,data\processed\milestone_3\images\waymo\external\8506432817378693815_4860_000_4880_000_1557857370137196.png,20,1,21,0,0,21,0.0,0.0,31.75,640,640,32,8
waymo,rtdetr,13356997604177841771_3360_000_3380_000_1557267381087363,data\processed\milestone_3\images\waymo\external\13356997604177841771_3360_000_3380_000_1557267381087363.png,20,1,21,0,0,21,0.324176,0.320247,31.75,640,640,52,300
waymo,rtdetr,9114112687541091312_1100_000_1120_000_1544144330216284,data\processed\milestone_3\images\waymo\external\9114112687541091312_1100_000_1120_000_1544144330216284.png,20,1,21,0,0,21,0.449397,0.449397,31.75,640,640,37,300
waymo,yolo,10289507859301986274_4200_000_4220_000_1557847394172576,data\processed\milestone_3\images\waymo\external\10289507859301986274_4200_000_4220_000_1557847394172576.png,21,0,21,0,0,21,0.0,0.028779,31.5,640,640,29,5
waymo,yolo,10289507859301986274_4200_000_4220_000_1557847400172420,data\processed\milestone_3\images\waymo\external\10289507859301986274_4200_000_4220_000_1557847400172420.png,21,0,21,0,0,21,0.0,0.003616,31.5,640,640,38,6
waymo,yolo,3577352947946244999_3980_000_4000_000_1557847174597419,data\processed\milestone_3\images\waymo\external\3577352947946244999_3980_000_4000_000_1557847174597419.png,21,0,21,0,0,21,0.0,0.0,31.5,640,640,38,17
waymo,yolo,3577352947946244999_3980_000_4000_000_1557847176097365,data\processed\milestone_3\images\waymo\external\3577352947946244999_3980_000_4000_000_1557847176097365.png,21,0,21,0,0,21,0.307733,0.490515,31.5,640,640,39,33
waymo,yolo,3577352947946244999_3980_000_4000_000_1557847178597285,data\processed\milestone_3\images\waymo\external\3577352947946244999_3980_000_4000_000_1557847178597285.png,21,0,21,0,0,21,0.027224,0.030592,31.5,640,640,40,30
waymo,yolo,3577352947946244999_3980_000_4000_000_1557847179097224,data\processed\milestone_3\images\waymo\external\3577352947946244999_3980_000_4000_000_1557847179097224.png,21,0,21,0,0,21,0.394465,0.160614,31.5,640,640,42,48
waymo,yolo,3577352947946244999_3980_000_4000_000_1557847179597308,data\processed\milestone_3\images\waymo\external\3577352947946244999_3980_000_4000_000_1557847179597308.png,21,0,21,0,0,21,0.016233,0.00828,31.5,640,640,43,20
waymo,yolo,3577352947946244999_3980_000_4000_000_1557847184097476,data\processed\milestone_3\images\waymo\external\3577352947946244999_3980_000_4000_000_1557847184097476.png,21,0,21,0,0,21,0.299323,0.074,31.5,640,640,40,29
waymo,rtdetr,8506432817378693815_4860_000_4880_000_1557857351637267,data\processed\milestone_3\images\waymo\external\8506432817378693815_4860_000_4880_000_1557857351637267.png,21,0,21,0,0,21,0.48802,0.689655,31.5,640,640,45,300
waymo,rtdetr,8506432817378693815_4860_000_4880_000_1557857353636054,data\processed\milestone_3\images\waymo\external\8506432817378693815_4860_000_4880_000_1557857353636054.png,21,0,21,0,0,21,0.497055,0.497055,31.5,640,640,49,300
waymo,retinanet,10289507859301986274_4200_000_4220_000_1557847397672777,data\processed\milestone_3\images\waymo\external\10289507859301986274_4200_000_4220_000_1557847397672777.png,21,0,21,0,0,21,0.484936,0.011419,31.5,640,640,44,17
waymo,retinanet,3577352947946244999_3980_000_4000_000_1557847182097396,data\processed\milestone_3\images\waymo\external\3577352947946244999_3980_000_4000_000_1557847182097396.png,21,0,21,0,0,21,0.468523,0.403648,31.5,640,640,43,24
waymo,retinanet,8506432817378693815_4860_000_4880_000_1557857351637267,data\processed\milestone_3\images\waymo\external\8506432817378693815_4860_000_4880_000_1557857351637267.png,21,0,21,0,0,21,0.130238,0.02507,31.5,640,640,45,20
waymo,retinanet,8506432817378693815_4860_000_4880_000_1557857352137355,data\processed\milestone_3\images\waymo\external\8506432817378693815_4860_000_4880_000_1557857352137355.png,21,0,21,0,0,21,0.292083,0.0,31.5,640,640,44,21
waymo,faster_rcnn,3577352947946244999_3980_000_4000_000_1557847174097401,data\processed\milestone_3\images\waymo\external\3577352947946244999_3980_000_4000_000_1557847174097401.png,21,0,21,0,0,21,0.465616,0.373393,31.5,640,640,39,23
waymo,faster_rcnn,3577352947946244999_3980_000_4000_000_1557847178097471,data\processed\milestone_3\images\waymo\external\3577352947946244999_3980_000_4000_000_1557847178097471.png,21,0,21,0,0,21,0.276538,0.168932,31.5,640,640,39,36
waymo,faster_rcnn,13356997604177841771_3360_000_3380_000_1557267382087526,data\processed\milestone_3\images\waymo\external\13356997604177841771_3360_000_3380_000_1557267382087526.png,19,2,20,1,0,21,0.48012,0.457419,31.5,640,640,49,12
waymo,yolo,10289507859301986274_4200_000_4220_000_1557847408672106,data\processed\milestone_3\images\waymo\external\10289507859301986274_4200_000_4220_000_1557847408672106.png,18,2,20,0,0,20,0.0,0.012864,30.5,640,640,57,20
waymo,rtdetr,10289507859301986274_4200_000_4220_000_1557847408672106,data\processed\milestone_3\images\waymo\external\10289507859301986274_4200_000_4220_000_1557847408672106.png,18,2,20,0,0,20,0.183016,0.340784,30.5,640,640,57,300
waymo,retinanet,10289507859301986274_4200_000_4220_000_1557847408672106,data\processed\milestone_3\images\waymo\external\10289507859301986274_4200_000_4220_000_1557847408672106.png,18,2,20,0,0,20,0.0,0.002352,30.5,640,640,57,15
waymo,faster_rcnn,10289507859301986274_4200_000_4220_000_1557847408672106,data\processed\milestone_3\images\waymo\external\10289507859301986274_4200_000_4220_000_1557847408672106.png,18,2,20,0,0,20,0.0,0.0,30.5,640,640,57,18
waymo,yolo,10289507859301986274_4200_000_4220_000_1557847401672650,data\processed\milestone_3\images\waymo\external\10289507859301986274_4200_000_4220_000_1557847401672650.png,19,1,20,0,0,20,0.0,0.070276,30.25,640,640,35,8
waymo,yolo,10289507859301986274_4200_000_4220_000_1557847408172459,data\processed\milestone_3\images\waymo\external\10289507859301986274_4200_000_4220_000_1557847408172459.png,19,1,20,0,0,20,0.0,0.01227,30.25,640,640,58,18
waymo,yolo,13356997604177841771_3360_000_3380_000_1557267383087635,data\processed\milestone_3\images\waymo\external\13356997604177841771_3360_000_3380_000_1557267383087635.png,19,1,20,0,0,20,0.155056,0.419565,30.25,640,640,47,7
waymo,rtdetr,10289507859301986274_4200_000_4220_000_1557847399172389,data\processed\milestone_3\images\waymo\external\10289507859301986274_4200_000_4220_000_1557847399172389.png,19,1,20,0,0,20,0.471431,0.471431,30.25,640,640,42,300
waymo,rtdetr,10289507859301986274_4200_000_4220_000_1557847408172459,data\processed\milestone_3\images\waymo\external\10289507859301986274_4200_000_4220_000_1557847408172459.png,19,1,20,0,0,20,0.446793,0.446793,30.25,640,640,58,300
waymo,rtdetr,13356997604177841771_3360_000_3380_000_1557267380587205,data\processed\milestone_3\images\waymo\external\13356997604177841771_3360_000_3380_000_1557267380587205.png,19,1,20,0,0,20,0.331037,0.372808,30.25,640,640,50,300
waymo,rtdetr,9114112687541091312_1100_000_1120_000_1544144328216300,data\processed\milestone_3\images\waymo\external\9114112687541091312_1100_000_1120_000_1544144328216300.png,19,1,20,0,0,20,0.423283,0.380167,30.25,640,640,40,300
waymo,retinanet,10289507859301986274_4200_000_4220_000_1557847401672650,data\processed\milestone_3\images\waymo\external\10289507859301986274_4200_000_4220_000_1557847401672650.png,19,1,20,0,0,20,0.427447,0.010186,30.25,640,640,35,8
waymo,retinanet,10289507859301986274_4200_000_4220_000_1557847408172459,data\processed\milestone_3\images\waymo\external\10289507859301986274_4200_000_4220_000_1557847408172459.png,19,1,20,0,0,20,0.480425,0.525227,30.25,640,640,58,19
waymo,faster_rcnn,10289507859301986274_4200_000_4220_000_1557847399172389,data\processed\milestone_3\images\waymo\external\10289507859301986274_4200_000_4220_000_1557847399172389.png,19,1,20,0,0,20,0.086318,0.078869,30.25,640,640,42,16
waymo,faster_rcnn,10289507859301986274_4200_000_4220_000_1557847408172459,data\processed\milestone_3\images\waymo\external\10289507859301986274_4200_000_4220_000_1557847408172459.png,19,1,20,0,0,20,0.482907,0.021721,30.25,640,640,58,17
waymo,faster_rcnn,8506432817378693815_4860_000_4880_000_1557857369637432,data\processed\milestone_3\images\waymo\external\8506432817378693815_4860_000_4880_000_1557857369637432.png,19,1,20,0,0,20,0.362377,0.482041,30.25,640,640,34,24
waymo,yolo,3577352947946244999_3980_000_4000_000_1557847176597399,data\processed\milestone_3\images\waymo\external\3577352947946244999_3980_000_4000_000_1557847176597399.png,20,0,20,0,0,20,0.04751,0.047253,30.0,640,640,37,29
waymo,yolo,3577352947946244999_3980_000_4000_000_1557847180597425,data\processed\milestone_3\images\waymo\external\3577352947946244999_3980_000_4000_000_1557847180597425.png,20,0,20,0,0,20,0.094139,0.044071,30.0,640,640,39,32
waymo,yolo,3577352947946244999_3980_000_4000_000_1557847192097398,data\processed\milestone_3\images\waymo\external\3577352947946244999_3980_000_4000_000_1557847192097398.png,20,0,20,0,0,20,0.0,0.089756,30.0,640,640,31,35
waymo,rtdetr,10289507859301986274_4200_000_4220_000_1557847407172500,data\processed\milestone_3\images\waymo\external\10289507859301986274_4200_000_4220_000_1557847407172500.png,20,0,20,0,0,20,0.410048,0.063089,30.0,640,640,56,300
waymo,rtdetr,13356997604177841771_3360_000_3380_000_1557267381587525,data\processed\milestone_3\images\waymo\external\13356997604177841771_3360_000_3380_000_1557267381587525.png,20,0,20,0,0,20,0.434188,0.434188,30.0,640,640,50,300
waymo,rtdetr,13356997604177841771_3360_000_3380_000_1557267382087526,data\processed\milestone_3\images\waymo\external\13356997604177841771_3360_000_3380_000_1557267382087526.png,20,0,20,0,0,20,0.482947,0.398907,30.0,640,640,49,300
waymo,rtdetr,8506432817378693815_4860_000_4880_000_1557857352137355,data\processed\milestone_3\images\waymo\external\8506432817378693815_4860_000_4880_000_1557857352137355.png,20,0,20,0,0,20,0.499582,0.401906,30.0,640,640,44,300
waymo,retinanet,10289507859301986274_4200_000_4220_000_1557847400172420,data\processed\milestone_3\images\waymo\external\10289507859301986274_4200_000_4220_000_1557847400172420.png,20,0,20,0,0,20,0.0,0.0,30.0,640,640,38,11
waymo,retinanet,3577352947946244999_3980_000_4000_000_1557847178097471,data\processed\milestone_3\images\waymo\external\3577352947946244999_3980_000_4000_000_1557847178097471.png,20,0,20,0,0,20,0.203556,0.02663,30.0,640,640,39,23
waymo,retinanet,8506432817378693815_4860_000_4880_000_1557857353636054,data\processed\milestone_3\images\waymo\external\8506432817378693815_4860_000_4880_000_1557857353636054.png,20,0,20,0,0,20,0.329656,0.006592,30.0,640,640,49,21
waymo,faster_rcnn,10289507859301986274_4200_000_4220_000_1557847400172420,data\processed\milestone_3\images\waymo\external\10289507859301986274_4200_000_4220_000_1557847400172420.png,20,0,20,0,0,20,0.335711,0.178753,30.0,640,640,38,17
waymo,yolo,10289507859301986274_4200_000_4220_000_1557847400672475,data\processed\milestone_3\images\waymo\external\10289507859301986274_4200_000_4220_000_1557847400672475.png,18,1,19,0,0,19,0.030846,0.04917,28.75,640,640,34,15
waymo,yolo,30779396576054160_1880_000_1900_000_1557845092164331,data\processed\milestone_3\images\waymo\external\30779396576054160_1880_000_1900_000_1557845092164331.png,18,1,19,0,0,19,0.449898,0.332813,28.75,640,640,52,60
waymo,yolo,3577352947946244999_3980_000_4000_000_1557847185597336,data\processed\milestone_3\images\waymo\external\3577352947946244999_3980_000_4000_000_1557847185597336.png,18,1,19,0,0,19,0.001567,0.019639,28.75,640,640,38,24
waymo,rtdetr,10289507859301986274_4200_000_4220_000_1557847398172641,data\processed\milestone_3\images\waymo\external\10289507859301986274_4200_000_4220_000_1557847398172641.png,18,1,19,0,0,19,0.480053,0.480053,28.75,640,640,46,300
waymo,retinanet,10289507859301986274_4200_000_4220_000_1557847398672474,data\processed\milestone_3\images\waymo\external\10289507859301986274_4200_000_4220_000_1557847398672474.png,18,1,19,0,0,19,0.0,0.0,28.75,640,640,42,13
waymo,retinanet,10289507859301986274_4200_000_4220_000_1557847399172389,data\processed\milestone_3\images\waymo\external\10289507859301986274_4200_000_4220_000_1557847399172389.png,18,1,19,0,0,19,0.482327,0.038337,28.75,640,640,42,16
waymo,retinanet,30779396576054160_1880_000_1900_000_1557845091664362,data\processed\milestone_3\images\waymo\external\30779396576054160_1880_000_1900_000_1557845091664362.png,18,1,19,0,0,19,0.480976,0.155759,28.75,640,640,52,32
waymo,retinanet,30779396576054160_1880_000_1900_000_1557845092164331,data\processed\milestone_3\images\waymo\external\30779396576054160_1880_000_1900_000_1557845092164331.png,18,1,19,0,0,19,0.49866,0.488022,28.75,640,640,52,30
waymo,retinanet,8506432817378693815_4860_000_4880_000_1557857369637432,data\processed\milestone_3\images\waymo\external\8506432817378693815_4860_000_4880_000_1557857369637432.png,18,1,19,0,0,19,0.0,0.0,28.75,640,640,34,16
waymo,faster_rcnn,10289507859301986274_4200_000_4220_000_1557847398672474,data\processed\milestone_3\images\waymo\external\10289507859301986274_4200_000_4220_000_1557847398672474.png,18,1,19,0,0,19,0.158349,0.302967,28.75,640,640,42,24
waymo,faster_rcnn,10289507859301986274_4200_000_4220_000_1557847401672650,data\processed\milestone_3\images\waymo\external\10289507859301986274_4200_000_4220_000_1557847401672650.png,18,1,19,0,0,19,0.476921,0.090791,28.75,640,640,35,11
waymo,faster_rcnn,30779396576054160_1880_000_1900_000_1557845092164331,data\processed\milestone_3\images\waymo\external\30779396576054160_1880_000_1900_000_1557845092164331.png,18,1,19,0,0,19,0.440412,0.010742,28.75,640,640,52,28
waymo,yolo,10289507859301986274_4200_000_4220_000_1557847396172563,data\processed\milestone_3\images\waymo\external\10289507859301986274_4200_000_4220_000_1557847396172563.png,19,0,19,0,0,19,0.0,0.04003,28.5,640,640,38,10
waymo,yolo,13356997604177841771_3360_000_3380_000_1557267383587568,data\processed\milestone_3\images\waymo\external\13356997604177841771_3360_000_3380_000_1557267383587568.png,19,0,19,0,0,19,0.0,0.67155,28.5,640,640,45,6
waymo,yolo,13356997604177841771_3360_000_3380_000_1557267384087486,data\processed\milestone_3\images\waymo\external\13356997604177841771_3360_000_3380_000_1557267384087486.png,19,0,19,0,0,19,0.0,0.0,28.5,640,640,44,8
waymo,yolo,3577352947946244999_3980_000_4000_000_1557847177597529,data\processed\milestone_3\images\waymo\external\3577352947946244999_3980_000_4000_000_1557847177597529.png,19,0,19,0,0,19,0.069783,0.061057,28.5,640,640,39,54
waymo,yolo,3577352947946244999_3980_000_4000_000_1557847180097380,data\processed\milestone_3\images\waymo\external\3577352947946244999_3980_000_4000_000_1557847180097380.png,19,0,19,0,0,19,0.499024,0.024372,28.5,640,640,40,21
waymo,yolo,3577352947946244999_3980_000_4000_000_1557847183097368,data\processed\milestone_3\images\waymo\external\3577352947946244999_3980_000_4000_000_1557847183097368.png,19,0,19,0,0,19,0.046213,0.0,28.5,640,640,39,30
waymo,yolo,3577352947946244999_3980_000_4000_000_1557847184597476,data\processed\milestone_3\images\waymo\external\3577352947946244999_3980_000_4000_000_1557847184597476.png,19,0,19,0,0,19,0.0,0.202192,28.5,640,640,36,19
waymo,rtdetr,10289507859301986274_4200_000_4220_000_1557847406172415,data\processed\milestone_3\images\waymo\external\10289507859301986274_4200_000_4220_000_1557847406172415.png,19,0,19,0,0,19,0.152188,0.284228,28.5,640,640,57,300
waymo,retinanet,10289507859301986274_4200_000_4220_000_1557847393672620,data\processed\milestone_3\images\waymo\external\10289507859301986274_4200_000_4220_000_1557847393672620.png,19,0,19,0,0,19,0.212278,0.489808,28.5,640,640,37,18
waymo,retinanet,3577352947946244999_3980_000_4000_000_1557847173597426,data\processed\milestone_3\images\waymo\external\3577352947946244999_3980_000_4000_000_1557847173597426.png,19,0,19,0,0,19,0.0,0.416897,28.5,640,640,42,24
waymo,retinanet,3577352947946244999_3980_000_4000_000_1557847174097401,data\processed\milestone_3\images\waymo\external\3577352947946244999_3980_000_4000_000_1557847174097401.png,19,0,19,0,0,19,0.374131,0.441754,28.5,640,640,39,26
waymo,retinanet,3577352947946244999_3980_000_4000_000_1557847174597419,data\processed\milestone_3\images\waymo\external\3577352947946244999_3980_000_4000_000_1557847174597419.png,19,0,19,0,0,19,0.453073,0.043766,28.5,640,640,38,24
waymo,retinanet,3577352947946244999_3980_000_4000_000_1557847176097365,data\processed\milestone_3\images\waymo\external\3577352947946244999_3980_000_4000_000_1557847176097365.png,19,0,19,0,0,19,0.485236,0.095798,28.5,640,640,39,18
waymo,retinanet,3577352947946244999_3980_000_4000_000_1557847176597399,data\processed\milestone_3\images\waymo\external\3577352947946244999_3980_000_4000_000_1557847176597399.png,19,0,19,0,0,19,0.318482,0.062208,28.5,640,640,37,20
waymo,retinanet,3577352947946244999_3980_000_4000_000_1557847179097224,data\processed\milestone_3\images\waymo\external\3577352947946244999_3980_000_4000_000_1557847179097224.png,19,0,19,0,0,19,0.473842,0.248261,28.5,640,640,42,26
waymo,retinanet,3577352947946244999_3980_000_4000_000_1557847181597369,data\processed\milestone_3\images\waymo\external\3577352947946244999_3980_000_4000_000_1557847181597369.png,19,0,19,0,0,19,0.49254,0.549478,28.5,640,640,41,25
waymo,retinanet,8506432817378693815_4860_000_4880_000_1557857353136782,data\processed\milestone_3\images\waymo\external\8506432817378693815_4860_000_4880_000_1557857353136782.png,19,0,19,0,0,19,0.0,0.0,28.5,640,640,45,19
waymo,faster_rcnn,13356997604177841771_3360_000_3380_000_1557267383087635,data\processed\milestone_3\images\waymo\external\13356997604177841771_3360_000_3380_000_1557267383087635.png,19,0,19,0,0,19,0.158743,0.375994,28.5,640,640,47,15
waymo,faster_rcnn,3577352947946244999_3980_000_4000_000_1557847173597426,data\processed\milestone_3\images\waymo\external\3577352947946244999_3980_000_4000_000_1557847173597426.png,19,0,19,0,0,19,0.46872,0.802266,28.5,640,640,42,29
waymo,faster_rcnn,3577352947946244999_3980_000_4000_000_1557847174597419,data\processed\milestone_3\images\waymo\external\3577352947946244999_3980_000_4000_000_1557847174597419.png,19,0,19,0,0,19,0.330059,0.553844,28.5,640,640,38,20
waymo,faster_rcnn,3577352947946244999_3980_000_4000_000_1557847176097365,data\processed\milestone_3\images\waymo\external\3577352947946244999_3980_000_4000_000_1557847176097365.png,19,0,19,0,0,19,0.433307,0.201827,28.5,640,640,39,23
waymo,faster_rcnn,3577352947946244999_3980_000_4000_000_1557847176597399,data\processed\milestone_3\images\waymo\external\3577352947946244999_3980_000_4000_000_1557847176597399.png,19,0,19,0,0,19,0.475485,0.068842,28.5,640,640,37,27
waymo,faster_rcnn,3577352947946244999_3980_000_4000_000_1557847178597285,data\processed\milestone_3\images\waymo\external\3577352947946244999_3980_000_4000_000_1557847178597285.png,19,0,19,0,0,19,0.304778,0.415289,28.5,640,640,40,42
waymo,faster_rcnn,3577352947946244999_3980_000_4000_000_1557847184097476,data\processed\milestone_3\images\waymo\external\3577352947946244999_3980_000_4000_000_1557847184097476.png,19,0,19,0,0,19,0.497863,0.307217,28.5,640,640,40,18
waymo,faster_rcnn,3577352947946244999_3980_000_4000_000_1557847185597336,data\processed\milestone_3\images\waymo\external\3577352947946244999_3980_000_4000_000_1557847185597336.png,18,1,18,1,0,19,0.481224,0.43525,28.25,640,640,38,22
waymo,faster_rcnn,3577352947946244999_3980_000_4000_000_1557847177597529,data\processed\milestone_3\images\waymo\external\3577352947946244999_3980_000_4000_000_1557847177597529.png,19,0,18,1,0,19,0.399361,0.649197,28.0,640,640,39,29
waymo,faster_rcnn,3577352947946244999_3980_000_4000_000_1557847179097224,data\processed\milestone_3\images\waymo\external\3577352947946244999_3980_000_4000_000_1557847179097224.png,19,0,18,0,1,19,0.478808,0.52514,28.0,640,640,42,40
waymo,faster_rcnn,3577352947946244999_3980_000_4000_000_1557847182597364,data\processed\milestone_3\images\waymo\external\3577352947946244999_3980_000_4000_000_1557847182597364.png,19,0,18,1,0,19,0.430002,0.093099,28.0,640,640,41,27
waymo,rtdetr,10289507859301986274_4200_000_4220_000_1557847396672632,data\processed\milestone_3\images\waymo\external\10289507859301986274_4200_000_4220_000_1557847396672632.png,16,2,18,0,0,18,0.465971,0.332711,27.5,640,640,44,300
waymo,yolo,10289507859301986274_4200_000_4220_000_1557847401172530,data\processed\milestone_3\images\waymo\external\10289507859301986274_4200_000_4220_000_1557847401172530.png,17,1,18,0,0,18,0.0,0.098769,27.25,640,640,30,11
waymo,yolo,30779396576054160_1880_000_1900_000_1557845089164320,data\processed\milestone_3\images\waymo\external\30779396576054160_1880_000_1900_000_1557845089164320.png,17,1,18,0,0,18,0.375466,0.009902,27.25,640,640,50,93
waymo,yolo,30779396576054160_1880_000_1900_000_1557845091664362,data\processed\milestone_3\images\waymo\external\30779396576054160_1880_000_1900_000_1557845091664362.png,17,1,18,0,0,18,0.423043,0.0,27.25,640,640,52,76
waymo,yolo,3577352947946244999_3980_000_4000_000_1557847187097363,data\processed\milestone_3\images\waymo\external\3577352947946244999_3980_000_4000_000_1557847187097363.png,17,1,18,0,0,18,0.016187,0.00865,27.25,640,640,35,19
waymo,yolo,3577352947946244999_3980_000_4000_000_1557847187597379,data\processed\milestone_3\images\waymo\external\3577352947946244999_3980_000_4000_000_1557847187597379.png,17,1,18,0,0,18,0.339186,0.0,27.25,640,640,38,28
waymo,yolo,3577352947946244999_3980_000_4000_000_1557847188097381,data\processed\milestone_3\images\waymo\external\3577352947946244999_3980_000_4000_000_1557847188097381.png,17,1,18,0,0,18,0.0,0.00305,27.25,640,640,37,30
waymo,yolo,3577352947946244999_3980_000_4000_000_1557847188597385,data\processed\milestone_3\images\waymo\external\3577352947946244999_3980_000_4000_000_1557847188597385.png,17,1,18,0,0,18,0.000812,0.010475,27.25,640,640,37,29
waymo,rtdetr,10289507859301986274_4200_000_4220_000_1557847398672474,data\processed\milestone_3\images\waymo\external\10289507859301986274_4200_000_4220_000_1557847398672474.png,17,1,18,0,0,18,0.399165,0.286784,27.25,640,640,42,300
waymo,rtdetr,10289507859301986274_4200_000_4220_000_1557847401172530,data\processed\milestone_3\images\waymo\external\10289507859301986274_4200_000_4220_000_1557847401172530.png,17,1,18,0,0,18,0.491471,0.491471,27.25,640,640,30,300
waymo,rtdetr,8506432817378693815_4860_000_4880_000_1557857369637432,data\processed\milestone_3\images\waymo\external\8506432817378693815_4860_000_4880_000_1557857369637432.png,17,1,18,0,0,18,0.449214,0.502115,27.25,640,640,34,300
waymo,retinanet,10289507859301986274_4200_000_4220_000_1557847401172530,data\processed\milestone_3\images\waymo\external\10289507859301986274_4200_000_4220_000_1557847401172530.png,17,1,18,0,0,18,0.0,0.115652,27.25,640,640,30,7
waymo,retinanet,13356997604177841771_3360_000_3380_000_1557267382587584,data\processed\milestone_3\images\waymo\external\13356997604177841771_3360_000_3380_000_1557267382587584.png,17,1,18,0,0,18,0.46689,0.414965,27.25,640,640,48,19
waymo,retinanet,30779396576054160_1880_000_1900_000_1557845089164320,data\processed\milestone_3\images\waymo\external\30779396576054160_1880_000_1900_000_1557845089164320.png,17,1,18,0,0,18,0.444258,0.018702,27.25,640,640,50,32
waymo,retinanet,3577352947946244999_3980_000_4000_000_1557847185097367,data\processed\milestone_3\images\waymo\external\3577352947946244999_3980_000_4000_000_1557847185097367.png,17,1,18,0,0,18,0.496503,0.053235,27.25,640,640,39,20
waymo,faster_rcnn,10289507859301986274_4200_000_4220_000_1557847400672475,data\processed\milestone_3\images\waymo\external\10289507859301986274_4200_000_4220_000_1557847400672475.png,17,1,18,0,0,18,0.489902,0.436783,27.25,640,640,34,15
waymo,faster_rcnn,10289507859301986274_4200_000_4220_000_1557847401172530,data\processed\milestone_3\images\waymo\external\10289507859301986274_4200_000_4220_000_1557847401172530.png,17,1,18,0,0,18,0.0,0.0,27.25,640,640,30,7
waymo,faster_rcnn,30779396576054160_1880_000_1900_000_1557845089664250,data\processed\milestone_3\images\waymo\external\30779396576054160_1880_000_1900_000_1557845089664250.png,17,1,18,0,0,18,0.422697,0.07693,27.25,640,640,51,34
waymo,faster_rcnn,30779396576054160_1880_000_1900_000_1557845091664362,data\processed\milestone_3\images\waymo\external\30779396576054160_1880_000_1900_000_1557845091664362.png,17,1,18,0,0,18,0.499208,0.013938,27.25,640,640,52,32
waymo,faster_rcnn,3577352947946244999_3980_000_4000_000_1557847185097367,data\processed\milestone_3\images\waymo\external\3577352947946244999_3980_000_4000_000_1557847185097367.png,17,1,18,0,0,18,0.300322,0.158703,27.25,640,640,39,23
waymo,yolo,10289507859301986274_4200_000_4220_000_1557847405672479,data\processed\milestone_3\images\waymo\external\10289507859301986274_4200_000_4220_000_1557847405672479.png,18,0,18,0,0,18,0.068795,0.005047,27.0,640,640,52,18
waymo,yolo,13356997604177841771_3360_000_3380_000_1557267386588510,data\processed\milestone_3\images\waymo\external\13356997604177841771_3360_000_3380_000_1557267386588510.png,18,0,18,0,0,18,0.0367,0.0,27.0,640,640,50,20
waymo,yolo,3577352947946244999_3980_000_4000_000_1557847175097426,data\processed\milestone_3\images\waymo\external\3577352947946244999_3980_000_4000_000_1557847175097426.png,18,0,18,0,0,18,0.092415,0.055276,27.0,640,640,35,18
waymo,yolo,3577352947946244999_3980_000_4000_000_1557847175597389,data\processed\milestone_3\images\waymo\external\3577352947946244999_3980_000_4000_000_1557847175597389.png,18,0,18,0,0,18,0.078177,0.111277,27.0,640,640,35,35
waymo,yolo,3577352947946244999_3980_000_4000_000_1557847177097488,data\processed\milestone_3\images\waymo\external\3577352947946244999_3980_000_4000_000_1557847177097488.png,18,0,18,0,0,18,0.422288,0.016432,27.0,640,640,37,44
waymo,yolo,3577352947946244999_3980_000_4000_000_1557847191597394,data\processed\milestone_3\images\waymo\external\3577352947946244999_3980_000_4000_000_1557847191597394.png,18,0,18,0,0,18,0.0,0.06409,27.0,640,640,28,20
waymo,rtdetr,13356997604177841771_3360_000_3380_000_1557267383087635,data\processed\milestone_3\images\waymo\external\13356997604177841771_3360_000_3380_000_1557267383087635.png,18,0,18,0,0,18,0.494215,0.494215,27.0,640,640,47,300
waymo,rtdetr,3577352947946244999_3980_000_4000_000_1557847178097471,data\processed\milestone_3\images\waymo\external\3577352947946244999_3980_000_4000_000_1557847178097471.png,18,0,18,0,0,18,0.498567,0.329218,27.0,640,640,39,300
waymo,rtdetr,8506432817378693815_4860_000_4880_000_1557857353136782,data\processed\milestone_3\images\waymo\external\8506432817378693815_4860_000_4880_000_1557857353136782.png,18,0,18,0,0,18,0.382234,0.382234,27.0,640,640,45,300
waymo,rtdetr,9114112687541091312_1100_000_1120_000_1544144327716284,data\processed\milestone_3\images\waymo\external\9114112687541091312_1100_000_1120_000_1544144327716284.png,18,0,18,0,0,18,0.43427,0.43427,27.0,640,640,38,300
waymo,retinanet,10289507859301986274_4200_000_4220_000_1557847394172576,data\processed\milestone_3\images\waymo\external\10289507859301986274_4200_000_4220_000_1557847394172576.png,18,0,18,0,0,18,0.416041,0.546748,27.0,640,640,29,12
waymo,retinanet,13356997604177841771_3360_000_3380_000_1557267383087635,data\processed\milestone_3\images\waymo\external\13356997604177841771_3360_000_3380_000_1557267383087635.png,18,0,18,0,0,18,0.307296,0.456839,27.0,640,640,47,18
waymo,retinanet,3577352947946244999_3980_000_4000_000_1557847178597285,data\processed\milestone_3\images\waymo\external\3577352947946244999_3980_000_4000_000_1557847178597285.png,18,0,18,0,0,18,0.210016,0.046626,27.0,640,640,40,18
waymo,retinanet,3577352947946244999_3980_000_4000_000_1557847180097380,data\processed\milestone_3\images\waymo\external\3577352947946244999_3980_000_4000_000_1557847180097380.png,18,0,18,0,0,18,0.453896,0.251226,27.0,640,640,40,19
waymo,retinanet,3577352947946244999_3980_000_4000_000_1557847181097330,data\processed\milestone_3\images\waymo\external\3577352947946244999_3980_000_4000_000_1557847181097330.png,18,0,18,0,0,18,0.452862,0.176565,27.0,640,640,40,26
waymo,retinanet,3577352947946244999_3980_000_4000_000_1557847184097476,data\processed\milestone_3\images\waymo\external\3577352947946244999_3980_000_4000_000_1557847184097476.png,18,0,18,0,0,18,0.491754,0.001451,27.0,640,640,40,17
waymo,faster_rcnn,3577352947946244999_3980_000_4000_000_1557847182097396,data\processed\milestone_3\images\waymo\external\3577352947946244999_3980_000_4000_000_1557847182097396.png,18,0,18,0,0,18,0.251299,0.486815,27.0,640,640,43,27
waymo,yolo,13356997604177841771_3360_000_3380_000_1557267384587702,data\processed\milestone_3\images\waymo\external\13356997604177841771_3360_000_3380_000_1557267384587702.png,18,0,17,1,0,18,0.0,0.268951,26.5,640,640,42,4
waymo,retinanet,3577352947946244999_3980_000_4000_000_1557847175097426,data\processed\milestone_3\images\waymo\external\3577352947946244999_3980_000_4000_000_1557847175097426.png,18,0,17,1,0,18,0.492509,0.314243,26.5,640,640,35,24
waymo,retinanet,3577352947946244999_3980_000_4000_000_1557847182597364,data\processed\milestone_3\images\waymo\external\3577352947946244999_3980_000_4000_000_1557847182597364.png,18,0,17,1,0,18,0.481454,0.06085,26.5,640,640,41,27
waymo,yolo,30779396576054160_1880_000_1900_000_1557845088664320,data\processed\milestone_3\images\waymo\external\30779396576054160_1880_000_1900_000_1557845088664320.png,16,1,17,0,0,17,0.483856,0.007968,25.75,640,640,51,97
waymo,yolo,30779396576054160_1880_000_1900_000_1557845089664250,data\processed\milestone_3\images\waymo\external\30779396576054160_1880_000_1900_000_1557845089664250.png,16,1,17,0,0,17,0.399169,0.014496,25.75,640,640,51,106
waymo,yolo,30779396576054160_1880_000_1900_000_1557845090664325,data\processed\milestone_3\images\waymo\external\30779396576054160_1880_000_1900_000_1557845090664325.png,16,1,17,0,0,17,0.41827,0.005697,25.75,640,640,53,82
waymo,rtdetr,10289507859301986274_4200_000_4220_000_1557847400672475,data\processed\milestone_3\images\waymo\external\10289507859301986274_4200_000_4220_000_1557847400672475.png,16,1,17,0,0,17,0.446055,0.193039,25.75,640,640,34,300
waymo,retinanet,10289507859301986274_4200_000_4220_000_1557847400672475,data\processed\milestone_3\images\waymo\external\10289507859301986274_4200_000_4220_000_1557847400672475.png,16,1,17,0,0,17,0.033547,0.082279,25.75,640,640,34,12
waymo,retinanet,30779396576054160_1880_000_1900_000_1557845090664325,data\processed\milestone_3\images\waymo\external\30779396576054160_1880_000_1900_000_1557845090664325.png,16,1,17,0,0,17,0.46308,0.224841,25.75,640,640,53,43
waymo,retinanet,30779396576054160_1880_000_1900_000_1557845091164358,data\processed\milestone_3\images\waymo\external\30779396576054160_1880_000_1900_000_1557845091164358.png,16,1,17,0,0,17,0.48896,0.60341,25.75,640,640,51,33
waymo,retinanet,8506432817378693815_4860_000_4880_000_1557857370137196,data\processed\milestone_3\images\waymo\external\8506432817378693815_4860_000_4880_000_1557857370137196.png,16,1,17,0,0,17,0.16064,0.125752,25.75,640,640,32,18
waymo,faster_rcnn,13356997604177841771_3360_000_3380_000_1557267382587584,data\processed\milestone_3\images\waymo\external\13356997604177841771_3360_000_3380_000_1557267382587584.png,16,1,17,0,0,17,0.263861,0.062243,25.75,640,640,48,16
waymo,faster_rcnn,30779396576054160_1880_000_1900_000_1557845088664320,data\processed\milestone_3\images\waymo\external\30779396576054160_1880_000_1900_000_1557845088664320.png,16,1,17,0,0,17,0.483967,0.016728,25.75,640,640,51,35
waymo,faster_rcnn,30779396576054160_1880_000_1900_000_1557845089164320,data\processed\milestone_3\images\waymo\external\30779396576054160_1880_000_1900_000_1557845089164320.png,16,1,17,0,0,17,0.423316,0.592655,25.75,640,640,50,34
waymo,faster_rcnn,30779396576054160_1880_000_1900_000_1557845090664325,data\processed\milestone_3\images\waymo\external\30779396576054160_1880_000_1900_000_1557845090664325.png,16,1,17,0,0,17,0.456194,0.0,25.75,640,640,53,39
waymo,faster_rcnn,3577352947946244999_3980_000_4000_000_1557847188597385,data\processed\milestone_3\images\waymo\external\3577352947946244999_3980_000_4000_000_1557847188597385.png,16,1,17,0,0,17,0.463259,0.4982,25.75,640,640,37,17
waymo,faster_rcnn,8506432817378693815_4860_000_4880_000_1557857370137196,data\processed\milestone_3\images\waymo\external\8506432817378693815_4860_000_4880_000_1557857370137196.png,16,1,17,0,0,17,0.417665,0.050237,25.75,640,640,32,29
waymo,yolo,3577352947946244999_3980_000_4000_000_1557847186597367,data\processed\milestone_3\images\waymo\external\3577352947946244999_3980_000_4000_000_1557847186597367.png,17,0,17,0,0,17,0.0,0.0,25.5,640,640,36,18
waymo,rtdetr,10289507859301986274_4200_000_4220_000_1557847397672777,data\processed\milestone_3\images\waymo\external\10289507859301986274_4200_000_4220_000_1557847397672777.png,17,0,17,0,0,17,0.466241,0.466241,25.5,640,640,44,300
waymo,rtdetr,10289507859301986274_4200_000_4220_000_1557847400172420,data\processed\milestone_3\images\waymo\external\10289507859301986274_4200_000_4220_000_1557847400172420.png,17,0,17,0,0,17,0.42205,0.261,25.5,640,640,38,300
waymo,rtdetr,3577352947946244999_3980_000_4000_000_1557847173097422,data\processed\milestone_3\images\waymo\external\3577352947946244999_3980_000_4000_000_1557847173097422.png,17,0,17,0,0,17,0.443,0.670298,25.5,640,640,44,300
waymo,retinanet,10289507859301986274_4200_000_4220_000_1557847405672479,data\processed\milestone_3\images\waymo\external\10289507859301986274_4200_000_4220_000_1557847405672479.png,17,0,17,0,0,17,0.0,0.031922,25.5,640,640,52,17
waymo,retinanet,13356997604177841771_3360_000_3380_000_1557267382087526,data\processed\milestone_3\images\waymo\external\13356997604177841771_3360_000_3380_000_1557267382087526.png,17,0,17,0,0,17,0.424747,0.042522,25.5,640,640,49,15
waymo,retinanet,13356997604177841771_3360_000_3380_000_1557267386588510,data\processed\milestone_3\images\waymo\external\13356997604177841771_3360_000_3380_000_1557267386588510.png,17,0,17,0,0,17,0.0,0.262679,25.5,640,640,50,9
waymo,retinanet,3577352947946244999_3980_000_4000_000_1557847175597389,data\processed\milestone_3\images\waymo\external\3577352947946244999_3980_000_4000_000_1557847175597389.png,17,0,17,0,0,17,0.042748,0.586499,25.5,640,640,35,26
waymo,retinanet,3577352947946244999_3980_000_4000_000_1557847177097488,data\processed\milestone_3\images\waymo\external\3577352947946244999_3980_000_4000_000_1557847177097488.png,17,0,17,0,0,17,0.367911,0.025104,25.5,640,640,37,24
waymo,retinanet,3577352947946244999_3980_000_4000_000_1557847184597476,data\processed\milestone_3\images\waymo\external\3577352947946244999_3980_000_4000_000_1557847184597476.png,17,0,17,0,0,17,0.387166,0.153786,25.5,640,640,36,18
waymo,faster_rcnn,10289507859301986274_4200_000_4220_000_1557847405672479,data\processed\milestone_3\images\waymo\external\10289507859301986274_4200_000_4220_000_1557847405672479.png,17,0,17,0,0,17,0.434258,0.0,25.5,640,640,52,16
waymo,faster_rcnn,13356997604177841771_3360_000_3380_000_1557267384587702,data\processed\milestone_3\images\waymo\external\13356997604177841771_3360_000_3380_000_1557267384587702.png,17,0,17,0,0,17,0.450188,0.335618,25.5,640,640,42,16
waymo,faster_rcnn,13356997604177841771_3360_000_3380_000_1557267386588510,data\processed\milestone_3\images\waymo\external\13356997604177841771_3360_000_3380_000_1557267386588510.png,17,0,17,0,0,17,0.498512,0.17603,25.5,640,640,50,21
waymo,faster_rcnn,3577352947946244999_3980_000_4000_000_1557847175097426,data\processed\milestone_3\images\waymo\external\3577352947946244999_3980_000_4000_000_1557847175097426.png,17,0,17,0,0,17,0.189701,0.203055,25.5,640,640,35,23
waymo,faster_rcnn,3577352947946244999_3980_000_4000_000_1557847175597389,data\processed\milestone_3\images\waymo\external\3577352947946244999_3980_000_4000_000_1557847175597389.png,17,0,17,0,0,17,0.48659,0.464499,25.5,640,640,35,32
waymo,faster_rcnn,3577352947946244999_3980_000_4000_000_1557847177097488,data\processed\milestone_3\images\waymo\external\3577352947946244999_3980_000_4000_000_1557847177097488.png,17,0,17,0,0,17,0.423873,0.009301,25.5,640,640,37,24
waymo,faster_rcnn,3577352947946244999_3980_000_4000_000_1557847181097330,data\processed\milestone_3\images\waymo\external\3577352947946244999_3980_000_4000_000_1557847181097330.png,17,0,17,0,0,17,0.388956,0.478075,25.5,640,640,40,30
waymo,faster_rcnn,3577352947946244999_3980_000_4000_000_1557847184597476,data\processed\milestone_3\images\waymo\external\3577352947946244999_3980_000_4000_000_1557847184597476.png,17,0,17,0,0,17,0.496154,0.39511,25.5,640,640,36,21
waymo,faster_rcnn,13356997604177841771_3360_000_3380_000_1557267383587568,data\processed\milestone_3\images\waymo\external\13356997604177841771_3360_000_3380_000_1557267383587568.png,16,1,16,1,0,17,0.442888,0.561182,25.25,640,640,45,17
waymo,faster_rcnn,3577352947946244999_3980_000_4000_000_1557847179597308,data\processed\milestone_3\images\waymo\external\3577352947946244999_3980_000_4000_000_1557847179597308.png,16,1,16,1,0,17,0.455748,0.296259,25.25,640,640,43,29
waymo,rtdetr,10289507859301986274_4200_000_4220_000_1557847397172702,data\processed\milestone_3\images\waymo\external\10289507859301986274_4200_000_4220_000_1557847397172702.png,14,2,16,0,0,16,0.473284,0.473284,24.5,640,640,44,300
waymo,yolo,30779396576054160_1880_000_1900_000_1557845088164321,data\processed\milestone_3\images\waymo\external\30779396576054160_1880_000_1900_000_1557845088164321.png,15,1,16,0,0,16,0.479493,0.019284,24.25,640,640,51,97
waymo,yolo,3577352947946244999_3980_000_4000_000_1557847186097351,data\processed\milestone_3\images\waymo\external\3577352947946244999_3980_000_4000_000_1557847186097351.png,15,1,16,0,0,16,0.204325,0.009784,24.25,640,640,35,24
waymo,rtdetr,10289507859301986274_4200_000_4220_000_1557847401672650,data\processed\milestone_3\images\waymo\external\10289507859301986274_4200_000_4220_000_1557847401672650.png,15,1,16,0,0,16,0.122404,0.238048,24.25,640,640,35,300
waymo,rtdetr,8506432817378693815_4860_000_4880_000_1557857370137196,data\processed\milestone_3\images\waymo\external\8506432817378693815_4860_000_4880_000_1557857370137196.png,15,1,16,0,0,16,0.450264,0.450264,24.25,640,640,32,300
waymo,retinanet,30779396576054160_1880_000_1900_000_1557845088164321,data\processed\milestone_3\images\waymo\external\30779396576054160_1880_000_1900_000_1557845088164321.png,15,1,16,0,0,16,0.485413,0.108186,24.25,640,640,51,42
waymo,retinanet,30779396576054160_1880_000_1900_000_1557845090164314,data\processed\milestone_3\images\waymo\external\30779396576054160_1880_000_1900_000_1557845090164314.png,15,1,16,0,0,16,0.415411,0.640628,24.25,640,640,51,32
waymo,retinanet,3577352947946244999_3980_000_4000_000_1557847185597336,data\processed\milestone_3\images\waymo\external\3577352947946244999_3980_000_4000_000_1557847185597336.png,15,1,16,0,0,16,0.375832,0.057703,24.25,640,640,38,18
waymo,retinanet,3577352947946244999_3980_000_4000_000_1557847188597385,data\processed\milestone_3\images\waymo\external\3577352947946244999_3980_000_4000_000_1557847188597385.png,15,1,16,0,0,16,0.318444,0.024034,24.25,640,640,37,18
waymo,faster_rcnn,3577352947946244999_3980_000_4000_000_1557847188097381,data\processed\milestone_3\images\waymo\external\3577352947946244999_3980_000_4000_000_1557847188097381.png,15,1,16,0,0,16,0.283613,0.44712,24.25,640,640,37,22
waymo,yolo,10289507859301986274_4200_000_4220_000_1557847405172436,data\processed\milestone_3\images\waymo\external\10289507859301986274_4200_000_4220_000_1557847405172436.png,16,0,16,0,0,16,0.251848,0.007666,24.0,640,640,50,33
waymo,yolo,13356997604177841771_3360_000_3380_000_1557267387088421,data\processed\milestone_3\images\waymo\external\13356997604177841771_3360_000_3380_000_1557267387088421.png,16,0,16,0,0,16,0.0,0.0,24.0,640,640,41,3
waymo,rtdetr,13356997604177841771_3360_000_3380_000_1557267382587584,data\processed\milestone_3\images\waymo\external\13356997604177841771_3360_000_3380_000_1557267382587584.png,16,0,16,0,0,16,0.396817,0.384108,24.0,640,640,48,300
waymo,rtdetr,13356997604177841771_3360_000_3380_000_1557267384587702,data\processed\milestone_3\images\waymo\external\13356997604177841771_3360_000_3380_000_1557267384587702.png,16,0,16,0,0,16,0.455539,0.261567,24.0,640,640,42,300
waymo,rtdetr,13356997604177841771_3360_000_3380_000_1557267386588510,data\processed\milestone_3\images\waymo\external\13356997604177841771_3360_000_3380_000_1557267386588510.png,16,0,16,0,0,16,0.125302,0.204043,24.0,640,640,50,300
waymo,rtdetr,3577352947946244999_3980_000_4000_000_1557847172597388,data\processed\milestone_3\images\waymo\external\3577352947946244999_3980_000_4000_000_1557847172597388.png,16,0,16,0,0,16,0.490263,0.521532,24.0,640,640,44,300
waymo,rtdetr,3577352947946244999_3980_000_4000_000_1557847173597426,data\processed\milestone_3\images\waymo\external\3577352947946244999_3980_000_4000_000_1557847173597426.png,16,0,16,0,0,16,0.49717,0.610872,24.0,640,640,42,300
waymo,rtdetr,3577352947946244999_3980_000_4000_000_1557847174097401,data\processed\milestone_3\images\waymo\external\3577352947946244999_3980_000_4000_000_1557847174097401.png,16,0,16,0,0,16,0.488713,0.488713,24.0,640,640,39,300
waymo,rtdetr,3577352947946244999_3980_000_4000_000_1557847178597285,data\processed\milestone_3\images\waymo\external\3577352947946244999_3980_000_4000_000_1557847178597285.png,16,0,16,0,0,16,0.491117,0.491117,24.0,640,640,40,300
waymo,retinanet,10289507859301986274_4200_000_4220_000_1557847405172436,data\processed\milestone_3\images\waymo\external\10289507859301986274_4200_000_4220_000_1557847405172436.png,16,0,16,0,0,16,0.487594,0.01352,24.0,640,640,50,17
waymo,retinanet,13356997604177841771_3360_000_3380_000_1557267384587702,data\processed\milestone_3\images\waymo\external\13356997604177841771_3360_000_3380_000_1557267384587702.png,16,0,16,0,0,16,0.171664,0.0,24.0,640,640,42,18
waymo,retinanet,3577352947946244999_3980_000_4000_000_1557847177597529,data\processed\milestone_3\images\waymo\external\3577352947946244999_3980_000_4000_000_1557847177597529.png,16,0,16,0,0,16,0.169466,0.060056,24.0,640,640,39,26
waymo,retinanet,3577352947946244999_3980_000_4000_000_1557847192097398,data\processed\milestone_3\images\waymo\external\3577352947946244999_3980_000_4000_000_1557847192097398.png,16,0,16,0,0,16,0.477943,0.353723,24.0,640,640,31,17
waymo,faster_rcnn,10289507859301986274_4200_000_4220_000_1557847394172576,data\processed\milestone_3\images\waymo\external\10289507859301986274_4200_000_4220_000_1557847394172576.png,16,0,16,0,0,16,0.220578,0.113469,24.0,640,640,29,17
waymo,faster_rcnn,10289507859301986274_4200_000_4220_000_1557847396172563,data\processed\milestone_3\images\waymo\external\10289507859301986274_4200_000_4220_000_1557847396172563.png,16,0,16,0,0,16,0.4073,0.004459,24.0,640,640,38,14
waymo,faster_rcnn,10289507859301986274_4200_000_4220_000_1557847405172436,data\processed\milestone_3\images\waymo\external\10289507859301986274_4200_000_4220_000_1557847405172436.png,16,0,16,0,0,16,0.252029,0.055835,24.0,640,640,50,16
waymo,faster_rcnn,3577352947946244999_3980_000_4000_000_1557847180097380,data\processed\milestone_3\images\waymo\external\3577352947946244999_3980_000_4000_000_1557847180097380.png,16,0,16,0,0,16,0.386186,0.438543,24.0,640,640,40,27
waymo,faster_rcnn,3577352947946244999_3980_000_4000_000_1557847180597425,data\processed\milestone_3\images\waymo\external\3577352947946244999_3980_000_4000_000_1557847180597425.png,16,0,16,0,0,16,0.490686,0.320762,24.0,640,640,39,30
waymo,faster_rcnn,3577352947946244999_3980_000_4000_000_1557847192097398,data\processed\milestone_3\images\waymo\external\3577352947946244999_3980_000_4000_000_1557847192097398.png,16,0,16,0,0,16,0.418592,0.262487,24.0,640,640,31,20
waymo,yolo,30779396576054160_1880_000_1900_000_1557845081664397,data\processed\milestone_3\images\waymo\external\30779396576054160_1880_000_1900_000_1557845081664397.png,15,1,15,1,0,16,0.484306,0.430273,23.75,640,640,46,103
waymo,faster_rcnn,30779396576054160_1880_000_1900_000_1557845087664279,data\processed\milestone_3\images\waymo\external\30779396576054160_1880_000_1900_000_1557845087664279.png,15,1,15,0,1,16,0.420249,0.011647,23.75,640,640,48,34
waymo,yolo,8679184381783013073_7740_000_7760_000_1541816078398599,data\processed\milestone_3\images\waymo\external\8679184381783013073_7740_000_7760_000_1541816078398599.png,16,0,15,1,0,16,0.0,0.0,23.5,640,640,38,4
waymo,rtdetr,8679184381783013073_7740_000_7760_000_1541816078398599,data\processed\milestone_3\images\waymo\external\8679184381783013073_7740_000_7760_000_1541816078398599.png,16,0,15,1,0,16,0.0,0.434153,23.5,640,640,38,300
waymo,retinanet,3577352947946244999_3980_000_4000_000_1557847183097368,data\processed\milestone_3\images\waymo\external\3577352947946244999_3980_000_4000_000_1557847183097368.png,16,0,15,1,0,16,0.403306,0.436983,23.5,640,640,39,25
waymo,retinanet,8679184381783013073_7740_000_7760_000_1541816078398599,data\processed\milestone_3\images\waymo\external\8679184381783013073_7740_000_7760_000_1541816078398599.png,16,0,15,1,0,16,0.0,0.0,23.5,640,640,38,5
waymo,faster_rcnn,3577352947946244999_3980_000_4000_000_1557847181597369,data\processed\milestone_3\images\waymo\external\3577352947946244999_3980_000_4000_000_1557847181597369.png,16,0,15,0,1,16,0.396449,0.458525,23.5,640,640,41,26
waymo,faster_rcnn,3577352947946244999_3980_000_4000_000_1557847183097368,data\processed\milestone_3\images\waymo\external\3577352947946244999_3980_000_4000_000_1557847183097368.png,16,0,15,1,0,16,0.460581,0.267409,23.5,640,640,39,29
waymo,faster_rcnn,8679184381783013073_7740_000_7760_000_1541816078398599,data\processed\milestone_3\images\waymo\external\8679184381783013073_7740_000_7760_000_1541816078398599.png,16,0,15,1,0,16,0.0,0.0,23.5,640,640,38,2
waymo,yolo,30779396576054160_1880_000_1900_000_1557845090164314,data\processed\milestone_3\images\waymo\external\30779396576054160_1880_000_1900_000_1557845090164314.png,14,1,15,0,0,15,0.427008,0.021433,22.75,640,640,51,105
waymo,yolo,30779396576054160_1880_000_1900_000_1557845091164358,data\processed\milestone_3\images\waymo\external\30779396576054160_1880_000_1900_000_1557845091164358.png,14,1,15,0,0,15,0.478495,0.083874,22.75,640,640,51,114
waymo,rtdetr,30779396576054160_1880_000_1900_000_1557845091664362,data\processed\milestone_3\images\waymo\external\30779396576054160_1880_000_1900_000_1557845091664362.png,14,1,15,0,0,15,0.489522,0.489522,22.75,640,640,52,300
waymo,retinanet,30779396576054160_1880_000_1900_000_1557845088664320,data\processed\milestone_3\images\waymo\external\30779396576054160_1880_000_1900_000_1557845088664320.png,14,1,15,0,0,15,0.365633,0.229508,22.75,640,640,51,42
waymo,retinanet,30779396576054160_1880_000_1900_000_1557845089664250,data\processed\milestone_3\images\waymo\external\30779396576054160_1880_000_1900_000_1557845089664250.png,14,1,15,0,0,15,0.416174,0.404599,22.75,640,640,51,38
waymo,retinanet,3577352947946244999_3980_000_4000_000_1557847188097381,data\processed\milestone_3\images\waymo\external\3577352947946244999_3980_000_4000_000_1557847188097381.png,14,1,15,0,0,15,0.484423,0.336992,22.75,640,640,37,24
waymo,faster_rcnn,30779396576054160_1880_000_1900_000_1557845088164321,data\processed\milestone_3\images\waymo\external\30779396576054160_1880_000_1900_000_1557845088164321.png,14,1,15,0,0,15,0.465372,0.02634,22.75,640,640,51,43
waymo,faster_rcnn,30779396576054160_1880_000_1900_000_1557845091164358,data\processed\milestone_3\images\waymo\external\30779396576054160_1880_000_1900_000_1557845091164358.png,14,1,15,0,0,15,0.491492,0.0,22.75,640,640,51,36
waymo,faster_rcnn,3577352947946244999_3980_000_4000_000_1557847187597379,data\processed\milestone_3\images\waymo\external\3577352947946244999_3980_000_4000_000_1557847187597379.png,14,1,15,0,0,15,0.478616,0.58608,22.75,640,640,38,27
waymo,yolo,10289507859301986274_4200_000_4220_000_1557847394672600,data\processed\milestone_3\images\waymo\external\10289507859301986274_4200_000_4220_000_1557847394672600.png,15,0,15,0,0,15,0.0,0.012658,22.5,640,640,26,5
waymo,yolo,3577352947946244999_3980_000_4000_000_1557847183597392,data\processed\milestone_3\images\waymo\external\3577352947946244999_3980_000_4000_000_1557847183597392.png,15,0,15,0,0,15,0.407291,0.167951,22.5,640,640,34,46
waymo,rtdetr,13356997604177841771_3360_000_3380_000_1557267383587568,data\processed\milestone_3\images\waymo\external\13356997604177841771_3360_000_3380_000_1557267383587568.png,15,0,15,0,0,15,0.376278,0.376278,22.5,640,640,45,300
waymo,rtdetr,13356997604177841771_3360_000_3380_000_1557267387088421,data\processed\milestone_3\images\waymo\external\13356997604177841771_3360_000_3380_000_1557267387088421.png,15,0,15,0,0,15,0.436386,0.436386,22.5,640,640,41,300
waymo,retinanet,10289507859301986274_4200_000_4220_000_1557847396172563,data\processed\milestone_3\images\waymo\external\10289507859301986274_4200_000_4220_000_1557847396172563.png,15,0,15,0,0,15,0.0,0.0,22.5,640,640,38,10
waymo,retinanet,13356997604177841771_3360_000_3380_000_1557267383587568,data\processed\milestone_3\images\waymo\external\13356997604177841771_3360_000_3380_000_1557267383587568.png,15,0,15,0,0,15,0.209566,0.363885,22.5,640,640,45,14
waymo,retinanet,13356997604177841771_3360_000_3380_000_1557267384087486,data\processed\milestone_3\images\waymo\external\13356997604177841771_3360_000_3380_000_1557267384087486.png,15,0,15,0,0,15,0.455834,0.0,22.5,640,640,44,24
waymo,retinanet,13356997604177841771_3360_000_3380_000_1557267387088421,data\processed\milestone_3\images\waymo\external\13356997604177841771_3360_000_3380_000_1557267387088421.png,15,0,15,0,0,15,0.453227,0.242727,22.5,640,640,41,9
waymo,retinanet,3577352947946244999_3980_000_4000_000_1557847179597308,data\processed\milestone_3\images\waymo\external\3577352947946244999_3980_000_4000_000_1557847179597308.png,15,0,15,0,0,15,0.464969,0.046228,22.5,640,640,43,25
waymo,faster_rcnn,13356997604177841771_3360_000_3380_000_1557267387088421,data\processed\milestone_3\images\waymo\external\13356997604177841771_3360_000_3380_000_1557267387088421.png,15,0,15,0,0,15,0.418135,0.088152,22.5,640,640,41,17
waymo,faster_rcnn,3577352947946244999_3980_000_4000_000_1557847186597367,data\processed\milestone_3\images\waymo\external\3577352947946244999_3980_000_4000_000_1557847186597367.png,15,0,15,0,0,15,0.489598,0.11609,22.5,640,640,36,25
waymo,yolo,13356997604177841771_3360_000_3380_000_1557267386088565,data\processed\milestone_3\images\waymo\external\13356997604177841771_3360_000_3380_000_1557267386088565.png,14,1,14,1,0,15,0.467914,0.052719,22.25,640,640,45,6
waymo,yolo,30779396576054160_1880_000_1900_000_1557845081164383,data\processed\milestone_3\images\waymo\external\30779396576054160_1880_000_1900_000_1557845081164383.png,14,1,14,1,0,15,0.481451,0.094494,22.25,640,640,45,80
waymo,yolo,30779396576054160_1880_000_1900_000_1557845082664245,data\processed\milestone_3\images\waymo\external\30779396576054160_1880_000_1900_000_1557845082664245.png,14,1,14,1,0,15,0.492681,0.04772,22.25,640,640,48,76
waymo,yolo,30779396576054160_1880_000_1900_000_1557845083164333,data\processed\milestone_3\images\waymo\external\30779396576054160_1880_000_1900_000_1557845083164333.png,14,1,14,1,0,15,0.492121,0.046838,22.25,640,640,47,83
waymo,retinanet,30779396576054160_1880_000_1900_000_1557845087664279,data\processed\milestone_3\images\waymo\external\30779396576054160_1880_000_1900_000_1557845087664279.png,14,1,14,0,1,15,0.485882,0.34015,22.25,640,640,48,44
waymo,faster_rcnn,3577352947946244999_3980_000_4000_000_1557847186097351,data\processed\milestone_3\images\waymo\external\3577352947946244999_3980_000_4000_000_1557847186097351.png,14,1,14,1,0,15,0.445674,0.085929,22.25,640,640,35,18
waymo,retinanet,30779396576054160_1880_000_1900_000_1557845078664302,data\processed\milestone_3\images\waymo\external\30779396576054160_1880_000_1900_000_1557845078664302.png,16,0,12,4,0,16,0.493443,0.68327,22.0,640,640,46,41
waymo,yolo,8679184381783013073_7740_000_7760_000_1541816077898596,data\processed\milestone_3\images\waymo\external\8679184381783013073_7740_000_7760_000_1541816077898596.png,15,0,14,1,0,15,0.0,0.0,22.0,640,640,37,2
waymo,rtdetr,8679184381783013073_7740_000_7760_000_1541816077898596,data\processed\milestone_3\images\waymo\external\8679184381783013073_7740_000_7760_000_1541816077898596.png,15,0,14,1,0,15,0.014478,0.238345,22.0,640,640,37,300
waymo,retinanet,8679184381783013073_7740_000_7760_000_1541816077898596,data\processed\milestone_3\images\waymo\external\8679184381783013073_7740_000_7760_000_1541816077898596.png,15,0,14,1,0,15,0.0,0.002647,22.0,640,640,37,10
waymo,faster_rcnn,8679184381783013073_7740_000_7760_000_1541816077898596,data\processed\milestone_3\images\waymo\external\8679184381783013073_7740_000_7760_000_1541816077898596.png,15,0,14,1,0,15,0.0,0.0,22.0,640,640,37,4
waymo,yolo,8679184381783013073_7740_000_7760_000_1541816077398587,data\processed\milestone_3\images\waymo\external\8679184381783013073_7740_000_7760_000_1541816077398587.png,15,0,13,2,0,15,0.0,0.0,21.5,640,640,38,2
waymo,rtdetr,8679184381783013073_7740_000_7760_000_1541816077398587,data\processed\milestone_3\images\waymo\external\8679184381783013073_7740_000_7760_000_1541816077398587.png,15,0,13,2,0,15,0.000465,0.376578,21.5,640,640,38,300
waymo,retinanet,8679184381783013073_7740_000_7760_000_1541816077398587,data\processed\milestone_3\images\waymo\external\8679184381783013073_7740_000_7760_000_1541816077398587.png,15,0,13,2,0,15,0.0,0.0,21.5,640,640,38,6
waymo,faster_rcnn,8679184381783013073_7740_000_7760_000_1541816077398587,data\processed\milestone_3\images\waymo\external\8679184381783013073_7740_000_7760_000_1541816077398587.png,15,0,13,2,0,15,0.0,0.0,21.5,640,640,38,1
waymo,yolo,30779396576054160_1880_000_1900_000_1557845080664363,data\processed\milestone_3\images\waymo\external\30779396576054160_1880_000_1900_000_1557845080664363.png,13,1,14,0,0,14,0.367927,0.064786,21.25,640,640,47,87
waymo,yolo,30779396576054160_1880_000_1900_000_1557845085664313,data\processed\milestone_3\images\waymo\external\30779396576054160_1880_000_1900_000_1557845085664313.png,13,1,14,0,0,14,0.488229,0.015673,21.25,640,640,48,79
waymo,rtdetr,30779396576054160_1880_000_1900_000_1557845088164321,data\processed\milestone_3\images\waymo\external\30779396576054160_1880_000_1900_000_1557845088164321.png,13,1,14,0,0,14,0.477506,0.445904,21.25,640,640,51,300
waymo,rtdetr,30779396576054160_1880_000_1900_000_1557845090664325,data\processed\milestone_3\images\waymo\external\30779396576054160_1880_000_1900_000_1557845090664325.png,13,1,14,0,0,14,0.490607,0.440208,21.25,640,640,53,300
waymo,retinanet,30779396576054160_1880_000_1900_000_1557845086164277,data\processed\milestone_3\images\waymo\external\30779396576054160_1880_000_1900_000_1557845086164277.png,13,1,14,0,0,14,0.414799,0.156839,21.25,640,640,46,28
waymo,retinanet,30779396576054160_1880_000_1900_000_1557845087164294,data\processed\milestone_3\images\waymo\external\30779396576054160_1880_000_1900_000_1557845087164294.png,13,1,14,0,0,14,0.48805,0.508956,21.25,640,640,48,41
waymo,retinanet,3577352947946244999_3980_000_4000_000_1557847186097351,data\processed\milestone_3\images\waymo\external\3577352947946244999_3980_000_4000_000_1557847186097351.png,13,1,14,0,0,14,0.379548,0.082912,21.25,640,640,35,17
waymo,retinanet,3577352947946244999_3980_000_4000_000_1557847187597379,data\processed\milestone_3\images\waymo\external\3577352947946244999_3980_000_4000_000_1557847187597379.png,13,1,14,0,0,14,0.487559,0.413017,21.25,640,640,38,23
waymo,faster_rcnn,30779396576054160_1880_000_1900_000_1557845082164337,data\processed\milestone_3\images\waymo\external\30779396576054160_1880_000_1900_000_1557845082164337.png,13,1,14,0,0,14,0.468393,0.423334,21.25,640,640,48,39
waymo,faster_rcnn,30779396576054160_1880_000_1900_000_1557845084164315,data\processed\milestone_3\images\waymo\external\30779396576054160_1880_000_1900_000_1557845084164315.png,13,1,14,0,0,14,0.471746,0.07987,21.25,640,640,46,30
waymo,faster_rcnn,30779396576054160_1880_000_1900_000_1557845086164277,data\processed\milestone_3\images\waymo\external\30779396576054160_1880_000_1900_000_1557845086164277.png,13,1,14,0,0,14,0.474923,0.393267,21.25,640,640,46,38
waymo,faster_rcnn,30779396576054160_1880_000_1900_000_1557845087164294,data\processed\milestone_3\images\waymo\external\30779396576054160_1880_000_1900_000_1557845087164294.png,13,1,14,0,0,14,0.497862,0.38549,21.25,640,640,48,40
waymo,faster_rcnn,30779396576054160_1880_000_1900_000_1557845090164314,data\processed\milestone_3\images\waymo\external\30779396576054160_1880_000_1900_000_1557845090164314.png,13,1,14,0,0,14,0.34321,0.0,21.25,640,640,51,37
waymo,yolo,3577352947946244999_3980_000_4000_000_1557847191097333,data\processed\milestone_3\images\waymo\external\3577352947946244999_3980_000_4000_000_1557847191097333.png,14,0,14,0,0,14,0.0,0.016566,21.0,640,640,23,16
waymo,rtdetr,10289507859301986274_4200_000_4220_000_1557847405172436,data\processed\milestone_3\images\waymo\external\10289507859301986274_4200_000_4220_000_1557847405172436.png,14,0,14,0,0,14,0.17369,0.135445,21.0,640,640,50,300
waymo,rtdetr,10289507859301986274_4200_000_4220_000_1557847405672479,data\processed\milestone_3\images\waymo\external\10289507859301986274_4200_000_4220_000_1557847405672479.png,14,0,14,0,0,14,0.452584,0.452584,21.0,640,640,52,300
waymo,rtdetr,13356997604177841771_3360_000_3380_000_1557267384087486,data\processed\milestone_3\images\waymo\external\13356997604177841771_3360_000_3380_000_1557267384087486.png,14,0,14,0,0,14,0.409687,0.409687,21.0,640,640,44,300
waymo,retinanet,10289507859301986274_4200_000_4220_000_1557847394672600,data\processed\milestone_3\images\waymo\external\10289507859301986274_4200_000_4220_000_1557847394672600.png,14,0,14,0,0,14,0.096962,0.092689,21.0,640,640,26,15
waymo,faster_rcnn,10289507859301986274_4200_000_4220_000_1557847394672600,data\processed\milestone_3\images\waymo\external\10289507859301986274_4200_000_4220_000_1557847394672600.png,14,0,14,0,0,14,0.495962,0.003467,21.0,640,640,26,17
waymo,faster_rcnn,13356997604177841771_3360_000_3380_000_1557267384087486,data\processed\milestone_3\images\waymo\external\13356997604177841771_3360_000_3380_000_1557267384087486.png,14,0,14,0,0,14,0.278563,0.235837,21.0,640,640,44,22
waymo,faster_rcnn,13356997604177841771_3360_000_3380_000_1557267386088565,data\processed\milestone_3\images\waymo\external\13356997604177841771_3360_000_3380_000_1557267386088565.png,14,0,14,0,0,14,0.381309,0.241442,21.0,640,640,45,18
waymo,faster_rcnn,30779396576054160_1880_000_1900_000_1557845076664327,data\processed\milestone_3\images\waymo\external\30779396576054160_1880_000_1900_000_1557845076664327.png,14,1,11,4,0,15,0.494182,0.632882,20.75,640,640,43,33
waymo,faster_rcnn,30779396576054160_1880_000_1900_000_1557845079164322,data\processed\milestone_3\images\waymo\external\30779396576054160_1880_000_1900_000_1557845079164322.png,14,1,11,4,0,15,0.469252,0.56353,20.75,640,640,46,47
waymo,yolo,30779396576054160_1880_000_1900_000_1557845078664302,data\processed\milestone_3\images\waymo\external\30779396576054160_1880_000_1900_000_1557845078664302.png,13,1,13,1,0,14,0.493794,0.062589,20.75,640,640,46,106
waymo,yolo,30779396576054160_1880_000_1900_000_1557845080164307,data\processed\milestone_3\images\waymo\external\30779396576054160_1880_000_1900_000_1557845080164307.png,13,1,13,1,0,14,0.379978,0.023459,20.75,640,640,46,94
waymo,faster_rcnn,30779396576054160_1880_000_1900_000_1557845078664302,data\processed\milestone_3\images\waymo\external\30779396576054160_1880_000_1900_000_1557845078664302.png,13,1,13,1,0,14,0.448427,0.516779,20.75,640,640,46,44
waymo,retinanet,30779396576054160_1880_000_1900_000_1557845076664327,data\processed\milestone_3\images\waymo\external\30779396576054160_1880_000_1900_000_1557845076664327.png,15,0,11,4,0,15,0.398031,0.541529,20.5,640,640,43,32
waymo,rtdetr,3577352947946244999_3980_000_4000_000_1557847181097330,data\processed\milestone_3\images\waymo\external\3577352947946244999_3980_000_4000_000_1557847181097330.png,14,0,13,0,1,14,0.483269,0.479554,20.5,640,640,40,300
waymo,yolo,30779396576054160_1880_000_1900_000_1557845076164361,data\processed\milestone_3\images\waymo\external\30779396576054160_1880_000_1900_000_1557845076164361.png,14,0,12,2,0,14,0.435051,0.035684,20.0,640,640,42,82
waymo,yolo,10289507859301986274_4200_000_4220_000_1557847395172640,data\processed\milestone_3\images\waymo\external\10289507859301986274_4200_000_4220_000_1557847395172640.png,12,1,13,0,0,13,0.004184,0.015807,19.75,640,640,28,21
waymo,yolo,30779396576054160_1880_000_1900_000_1557845082164337,data\processed\milestone_3\images\waymo\external\30779396576054160_1880_000_1900_000_1557845082164337.png,12,1,13,0,0,13,0.459673,0.018151,19.75,640,640,48,117
waymo,yolo,30779396576054160_1880_000_1900_000_1557845086164277,data\processed\milestone_3\images\waymo\external\30779396576054160_1880_000_1900_000_1557845086164277.png,12,1,13,0,0,13,0.360843,0.056962,19.75,640,640,46,58
waymo,yolo,3577352947946244999_3980_000_4000_000_1557847189097393,data\processed\milestone_3\images\waymo\external\3577352947946244999_3980_000_4000_000_1557847189097393.png,12,1,13,0,0,13,0.03758,0.003241,19.75,640,640,31,27
waymo,yolo,3577352947946244999_3980_000_4000_000_1557847189597399,data\processed\milestone_3\images\waymo\external\3577352947946244999_3980_000_4000_000_1557847189597399.png,12,1,13,0,0,13,0.217752,0.0,19.75,640,640,31,23
waymo,rtdetr,30779396576054160_1880_000_1900_000_1557845089164320,data\processed\milestone_3\images\waymo\external\30779396576054160_1880_000_1900_000_1557845089164320.png,12,1,13,0,0,13,0.461434,0.394963,19.75,640,640,50,300
waymo,rtdetr,30779396576054160_1880_000_1900_000_1557845089664250,data\processed\milestone_3\images\waymo\external\30779396576054160_1880_000_1900_000_1557845089664250.png,12,1,13,0,0,13,0.498079,0.49657,19.75,640,640,51,300
waymo,rtdetr,30779396576054160_1880_000_1900_000_1557845092164331,data\processed\milestone_3\images\waymo\external\30779396576054160_1880_000_1900_000_1557845092164331.png,12,1,13,0,0,13,0.480223,0.559384,19.75,640,640,52,300
waymo,rtdetr,3577352947946244999_3980_000_4000_000_1557847185097367,data\processed\milestone_3\images\waymo\external\3577352947946244999_3980_000_4000_000_1557847185097367.png,12,1,13,0,0,13,0.471843,0.471843,19.75,640,640,39,300
waymo,rtdetr,3577352947946244999_3980_000_4000_000_1557847185597336,data\processed\milestone_3\images\waymo\external\3577352947946244999_3980_000_4000_000_1557847185597336.png,12,1,13,0,0,13,0.455794,0.286028,19.75,640,640,38,300
waymo,retinanet,30779396576054160_1880_000_1900_000_1557845082164337,data\processed\milestone_3\images\waymo\external\30779396576054160_1880_000_1900_000_1557845082164337.png,12,1,13,0,0,13,0.482375,0.524971,19.75,640,640,48,46
waymo,retinanet,30779396576054160_1880_000_1900_000_1557845082664245,data\processed\milestone_3\images\waymo\external\30779396576054160_1880_000_1900_000_1557845082664245.png,12,1,13,0,0,13,0.422322,0.389795,19.75,640,640,48,36
waymo,retinanet,30779396576054160_1880_000_1900_000_1557845084164315,data\processed\milestone_3\images\waymo\external\30779396576054160_1880_000_1900_000_1557845084164315.png,12,1,13,0,0,13,0.370326,0.229625,19.75,640,640,46,40
waymo,retinanet,3577352947946244999_3980_000_4000_000_1557847187097363,data\processed\milestone_3\images\waymo\external\3577352947946244999_3980_000_4000_000_1557847187097363.png,12,1,13,0,0,13,0.323944,0.268799,19.75,640,640,35,17
waymo,faster_rcnn,10289507859301986274_4200_000_4220_000_1557847402172646,data\processed\milestone_3\images\waymo\external\10289507859301986274_4200_000_4220_000_1557847402172646.png,12,1,13,0,0,13,0.424424,0.505771,19.75,640,640,32,15
waymo,faster_rcnn,30779396576054160_1880_000_1900_000_1557845079664314,data\processed\milestone_3\images\waymo\external\30779396576054160_1880_000_1900_000_1557845079664314.png,12,1,13,0,0,13,0.438703,0.457639,19.75,640,640,46,52
waymo,faster_rcnn,30779396576054160_1880_000_1900_000_1557845081664397,data\processed\milestone_3\images\waymo\external\30779396576054160_1880_000_1900_000_1557845081664397.png,12,1,13,0,0,13,0.450818,0.355898,19.75,640,640,46,42
waymo,faster_rcnn,30779396576054160_1880_000_1900_000_1557845086664263,data\processed\milestone_3\images\waymo\external\30779396576054160_1880_000_1900_000_1557845086664263.png,12,1,13,0,0,13,0.339028,0.528343,19.75,640,640,46,38
waymo,faster_rcnn,3577352947946244999_3980_000_4000_000_1557847187097363,data\processed\milestone_3\images\waymo\external\3577352947946244999_3980_000_4000_000_1557847187097363.png,12,1,13,0,0,13,0.148445,0.013258,19.75,640,640,35,23
waymo,faster_rcnn,3577352947946244999_3980_000_4000_000_1557847189597399,data\processed\milestone_3\images\waymo\external\3577352947946244999_3980_000_4000_000_1557847189597399.png,12,1,13,0,0,13,0.462464,0.041402,19.75,640,640,31,17
waymo,yolo,10289507859301986274_4200_000_4220_000_1557847404172643,data\processed\milestone_3\images\waymo\external\10289507859301986274_4200_000_4220_000_1557847404172643.png,13,0,13,0,0,13,0.291784,0.007007,19.5,640,640,42,16
waymo,yolo,10289507859301986274_4200_000_4220_000_1557847404672547,data\processed\milestone_3\images\waymo\external\10289507859301986274_4200_000_4220_000_1557847404672547.png,13,0,13,0,0,13,0.0,0.021998,19.5,640,640,46,29
waymo,yolo,3039251927598134881_1240_610_1260_610_1507246312902284,data\processed\milestone_3\images\waymo\external\3039251927598134881_1240_610_1260_610_1507246312902284.png,13,0,13,0,0,13,0.0,0.0,19.5,640,640,23,3
waymo,yolo,3039251927598134881_1240_610_1260_610_1507246313402800,data\processed\milestone_3\images\waymo\external\3039251927598134881_1240_610_1260_610_1507246313402800.png,13,0,13,0,0,13,0.0,0.0,19.5,640,640,23,3
waymo,yolo,3577352947946244999_3980_000_4000_000_1557847190097397,data\processed\milestone_3\images\waymo\external\3577352947946244999_3980_000_4000_000_1557847190097397.png,13,0,13,0,0,13,0.171188,0.171188,19.5,640,640,27,23
waymo,rtdetr,10289507859301986274_4200_000_4220_000_1557847394172576,data\processed\milestone_3\images\waymo\external\10289507859301986274_4200_000_4220_000_1557847394172576.png,13,0,13,0,0,13,0.482765,0.505768,19.5,640,640,29,300
waymo,rtdetr,10289507859301986274_4200_000_4220_000_1557847404672547,data\processed\milestone_3\images\waymo\external\10289507859301986274_4200_000_4220_000_1557847404672547.png,13,0,13,0,0,13,0.213372,0.091238,19.5,640,640,46,300
waymo,rtdetr,13356997604177841771_3360_000_3380_000_1557267386088565,data\processed\milestone_3\images\waymo\external\13356997604177841771_3360_000_3380_000_1557267386088565.png,13,0,13,0,0,13,0.421199,0.370241,19.5,640,640,45,300
waymo,rtdetr,3039251927598134881_1240_610_1260_610_1507246312902284,data\processed\milestone_3\images\waymo\external\3039251927598134881_1240_610_1260_610_1507246312902284.png,13,0,13,0,0,13,0.0,0.208518,19.5,640,640,23,300
waymo,rtdetr,3039251927598134881_1240_610_1260_610_1507246313402800,data\processed\milestone_3\images\waymo\external\3039251927598134881_1240_610_1260_610_1507246313402800.png,13,0,13,0,0,13,0.231091,0.211102,19.5,640,640,23,300
waymo,rtdetr,3577352947946244999_3980_000_4000_000_1557847176597399,data\processed\milestone_3\images\waymo\external\3577352947946244999_3980_000_4000_000_1557847176597399.png,13,0,13,0,0,13,0.494256,0.456392,19.5,640,640,37,300
waymo,rtdetr,3577352947946244999_3980_000_4000_000_1557847179097224,data\processed\milestone_3\images\waymo\external\3577352947946244999_3980_000_4000_000_1557847179097224.png,13,0,13,0,0,13,0.458417,0.458417,19.5,640,640,42,300
waymo,rtdetr,3577352947946244999_3980_000_4000_000_1557847182097396,data\processed\milestone_3\images\waymo\external\3577352947946244999_3980_000_4000_000_1557847182097396.png,13,0,13,0,0,13,0.455165,0.459018,19.5,640,640,43,300
waymo,retinanet,10289507859301986274_4200_000_4220_000_1557847404672547,data\processed\milestone_3\images\waymo\external\10289507859301986274_4200_000_4220_000_1557847404672547.png,13,0,13,0,0,13,0.0,0.009783,19.5,640,640,46,18
waymo,retinanet,13356997604177841771_3360_000_3380_000_1557267386088565,data\processed\milestone_3\images\waymo\external\13356997604177841771_3360_000_3380_000_1557267386088565.png,13,0,13,0,0,13,0.263868,0.0,19.5,640,640,45,18
waymo,retinanet,3039251927598134881_1240_610_1260_610_1507246312902284,data\processed\milestone_3\images\waymo\external\3039251927598134881_1240_610_1260_610_1507246312902284.png,13,0,13,0,0,13,0.107881,0.0,19.5,640,640,23,4
waymo,retinanet,3039251927598134881_1240_610_1260_610_1507246313402800,data\processed\milestone_3\images\waymo\external\3039251927598134881_1240_610_1260_610_1507246313402800.png,13,0,13,0,0,13,0.0,0.0,19.5,640,640,23,3
waymo,retinanet,3577352947946244999_3980_000_4000_000_1557847191597394,data\processed\milestone_3\images\waymo\external\3577352947946244999_3980_000_4000_000_1557847191597394.png,13,0,13,0,0,13,0.477207,0.388564,19.5,640,640,28,17
waymo,faster_rcnn,10289507859301986274_4200_000_4220_000_1557847404672547,data\processed\milestone_3\images\waymo\external\10289507859301986274_4200_000_4220_000_1557847404672547.png,13,0,13,0,0,13,0.0,0.000133,19.5,640,640,46,16
waymo,faster_rcnn,3039251927598134881_1240_610_1260_610_1507246312902284,data\processed\milestone_3\images\waymo\external\3039251927598134881_1240_610_1260_610_1507246312902284.png,13,0,13,0,0,13,0.085396,0.135181,19.5,640,640,23,6
waymo,faster_rcnn,3039251927598134881_1240_610_1260_610_1507246313402800,data\processed\milestone_3\images\waymo\external\3039251927598134881_1240_610_1260_610_1507246313402800.png,13,0,13,0,0,13,0.0,0.0,19.5,640,640,23,3
waymo,faster_rcnn,3577352947946244999_3980_000_4000_000_1557847191597394,data\processed\milestone_3\images\waymo\external\3577352947946244999_3980_000_4000_000_1557847191597394.png,13,0,13,0,0,13,0.433124,0.125013,19.5,640,640,28,20
waymo,yolo,13356997604177841771_3360_000_3380_000_1557267390088052,data\processed\milestone_3\images\waymo\external\13356997604177841771_3360_000_3380_000_1557267390088052.png,12,1,12,1,0,13,0.041468,0.659981,19.25,640,640,42,6
waymo,faster_rcnn,30779396576054160_1880_000_1900_000_1557845080664363,data\processed\milestone_3\images\waymo\external\30779396576054160_1880_000_1900_000_1557845080664363.png,12,1,12,1,0,13,0.487238,0.538256,19.25,640,640,47,49
waymo,faster_rcnn,30779396576054160_1880_000_1900_000_1557845082664245,data\processed\milestone_3\images\waymo\external\30779396576054160_1880_000_1900_000_1557845082664245.png,12,1,12,1,0,13,0.49213,0.482322,19.25,640,640,48,44
waymo,faster_rcnn,30779396576054160_1880_000_1900_000_1557845085664313,data\processed\milestone_3\images\waymo\external\30779396576054160_1880_000_1900_000_1557845085664313.png,12,1,12,1,0,13,0.354374,0.046463,19.25,640,640,48,39
waymo,faster_rcnn,30779396576054160_1880_000_1900_000_1557845075164283,data\processed\milestone_3\images\waymo\external\30779396576054160_1880_000_1900_000_1557845075164283.png,14,0,10,4,0,14,0.277894,0.192689,19.0,640,640,41,29
waymo,yolo,13356997604177841771_3360_000_3380_000_1557267385088046,data\processed\milestone_3\images\waymo\external\13356997604177841771_3360_000_3380_000_1557267385088046.png,13,0,12,1,0,13,0.0,0.0,19.0,640,640,38,6
waymo,faster_rcnn,30779396576054160_1880_000_1900_000_1557845080164307,data\processed\milestone_3\images\waymo\external\30779396576054160_1880_000_1900_000_1557845080164307.png,12,1,11,2,0,13,0.444484,0.46943,18.75,640,640,46,53
waymo,yolo,30779396576054160_1880_000_1900_000_1557845074664280,data\processed\milestone_3\images\waymo\external\30779396576054160_1880_000_1900_000_1557845074664280.png,13,0,11,2,0,13,0.481966,0.0,18.5,640,640,40,62
waymo,faster_rcnn,30779396576054160_1880_000_1900_000_1557845077164332,data\processed\milestone_3\images\waymo\external\30779396576054160_1880_000_1900_000_1557845077164332.png,12,1,10,3,0,13,0.454378,0.689338,18.25,640,640,43,43
waymo,yolo,10289507859301986274_4200_000_4220_000_1557847402172646,data\processed\milestone_3\images\waymo\external\10289507859301986274_4200_000_4220_000_1557847402172646.png,11,1,12,0,0,12,0.088863,0.007544,18.25,640,640,32,18
waymo,yolo,10289507859301986274_4200_000_4220_000_1557847402672607,data\processed\milestone_3\images\waymo\external\10289507859301986274_4200_000_4220_000_1557847402672607.png,11,1,12,0,0,12,0.089938,0.0,18.25,640,640,30,15
waymo,yolo,30779396576054160_1880_000_1900_000_1557845084164315,data\processed\milestone_3\images\waymo\external\30779396576054160_1880_000_1900_000_1557845084164315.png,11,1,12,0,0,12,0.498625,0.0,18.25,640,640,46,57
waymo,yolo,30779396576054160_1880_000_1900_000_1557845085164268,data\processed\milestone_3\images\waymo\external\30779396576054160_1880_000_1900_000_1557845085164268.png,11,1,12,0,0,12,0.456427,0.006562,18.25,640,640,47,74
waymo,yolo,30779396576054160_1880_000_1900_000_1557845087164294,data\processed\milestone_3\images\waymo\external\30779396576054160_1880_000_1900_000_1557845087164294.png,11,1,12,0,0,12,0.428811,0.132225,18.25,640,640,48,75
waymo,yolo,30779396576054160_1880_000_1900_000_1557845087664279,data\processed\milestone_3\images\waymo\external\30779396576054160_1880_000_1900_000_1557845087664279.png,11,1,12,0,0,12,0.383469,0.0,18.25,640,640,48,98
waymo,rtdetr,30779396576054160_1880_000_1900_000_1557845091164358,data\processed\milestone_3\images\waymo\external\30779396576054160_1880_000_1900_000_1557845091164358.png,11,1,12,0,0,12,0.494281,0.377249,18.25,640,640,51,300
waymo,retinanet,10289507859301986274_4200_000_4220_000_1557847395172640,data\processed\milestone_3\images\waymo\external\10289507859301986274_4200_000_4220_000_1557847395172640.png,11,1,12,0,0,12,0.061568,0.737081,18.25,640,640,28,16
waymo,retinanet,10289507859301986274_4200_000_4220_000_1557847402172646,data\processed\milestone_3\images\waymo\external\10289507859301986274_4200_000_4220_000_1557847402172646.png,11,1,12,0,0,12,0.0,0.0,18.25,640,640,32,8
waymo,retinanet,30779396576054160_1880_000_1900_000_1557845085664313,data\processed\milestone_3\images\waymo\external\30779396576054160_1880_000_1900_000_1557845085664313.png,11,1,12,0,0,12,0.273906,0.377046,18.25,640,640,48,36
waymo,retinanet,30779396576054160_1880_000_1900_000_1557845086664263,data\processed\milestone_3\images\waymo\external\30779396576054160_1880_000_1900_000_1557845086664263.png,11,1,12,0,0,12,0.492554,0.164932,18.25,640,640,46,43
waymo,retinanet,3577352947946244999_3980_000_4000_000_1557847189597399,data\processed\milestone_3\images\waymo\external\3577352947946244999_3980_000_4000_000_1557847189597399.png,11,1,12,0,0,12,0.486555,0.338532,18.25,640,640,31,16
waymo,faster_rcnn,10289507859301986274_4200_000_4220_000_1557847395172640,data\processed\milestone_3\images\waymo\external\10289507859301986274_4200_000_4220_000_1557847395172640.png,11,1,12,0,0,12,0.416443,0.004028,18.25,640,640,28,19
waymo,faster_rcnn,30779396576054160_1880_000_1900_000_1557845085164268,data\processed\milestone_3\images\waymo\external\30779396576054160_1880_000_1900_000_1557845085164268.png,11,1,12,0,0,12,0.489663,0.360147,18.25,640,640,47,34
waymo,faster_rcnn,3577352947946244999_3980_000_4000_000_1557847189097393,data\processed\milestone_3\images\waymo\external\3577352947946244999_3980_000_4000_000_1557847189097393.png,11,1,12,0,0,12,0.0,0.113934,18.25,640,640,31,14
waymo,retinanet,30779396576054160_1880_000_1900_000_1557845078164309,data\processed\milestone_3\images\waymo\external\30779396576054160_1880_000_1900_000_1557845078164309.png,13,0,10,2,1,13,0.472608,0.766481,18.0,640,640,43,45
waymo,yolo,10289507859301986274_4200_000_4220_000_1557847395672605,data\processed\milestone_3\images\waymo\external\10289507859301986274_4200_000_4220_000_1557847395672605.png,12,0,12,0,0,12,0.492554,0.235826,18.0,640,640,29,19
waymo,yolo,3039251927598134881_1240_610_1260_610_1507246311901410,data\processed\milestone_3\images\waymo\external\3039251927598134881_1240_610_1260_610_1507246311901410.png,12,0,12,0,0,12,0.0,0.0,18.0,640,640,22,4
waymo,yolo,3039251927598134881_1240_610_1260_610_1507246313903272,data\processed\milestone_3\images\waymo\external\3039251927598134881_1240_610_1260_610_1507246313903272.png,12,0,12,0,0,12,0.0,0.015534,18.0,640,640,22,4
waymo,rtdetr,10289507859301986274_4200_000_4220_000_1557847404172643,data\processed\milestone_3\images\waymo\external\10289507859301986274_4200_000_4220_000_1557847404172643.png,12,0,12,0,0,12,0.449201,0.449201,18.0,640,640,42,300
waymo,rtdetr,13356997604177841771_3360_000_3380_000_1557267385088046,data\processed\milestone_3\images\waymo\external\13356997604177841771_3360_000_3380_000_1557267385088046.png,12,0,12,0,0,12,0.182431,0.182431,18.0,640,640,38,300
waymo,rtdetr,3039251927598134881_1240_610_1260_610_1507246311901410,data\processed\milestone_3\images\waymo\external\3039251927598134881_1240_610_1260_610_1507246311901410.png,12,0,12,0,0,12,0.29398,0.29398,18.0,640,640,22,300
waymo,rtdetr,3039251927598134881_1240_610_1260_610_1507246313903272,data\processed\milestone_3\images\waymo\external\3039251927598134881_1240_610_1260_610_1507246313903272.png,12,0,12,0,0,12,0.332534,0.252293,18.0,640,640,22,300
waymo,rtdetr,3577352947946244999_3980_000_4000_000_1557847174597419,data\processed\milestone_3\images\waymo\external\3577352947946244999_3980_000_4000_000_1557847174597419.png,12,0,12,0,0,12,0.485299,0.485299,18.0,640,640,38,300
waymo,rtdetr,3577352947946244999_3980_000_4000_000_1557847176097365,data\processed\milestone_3\images\waymo\external\3577352947946244999_3980_000_4000_000_1557847176097365.png,12,0,12,0,0,12,0.488842,0.488842,18.0,640,640,39,300
waymo,rtdetr,3577352947946244999_3980_000_4000_000_1557847177097488,data\processed\milestone_3\images\waymo\external\3577352947946244999_3980_000_4000_000_1557847177097488.png,12,0,12,0,0,12,0.438072,0.459155,18.0,640,640,37,300
waymo,rtdetr,3577352947946244999_3980_000_4000_000_1557847180597425,data\processed\milestone_3\images\waymo\external\3577352947946244999_3980_000_4000_000_1557847180597425.png,12,0,12,0,0,12,0.423444,0.646034,18.0,640,640,39,300
waymo,rtdetr,3577352947946244999_3980_000_4000_000_1557847184597476,data\processed\milestone_3\images\waymo\external\3577352947946244999_3980_000_4000_000_1557847184597476.png,12,0,12,0,0,12,0.484056,0.392591,18.0,640,640,36,300
waymo,retinanet,10289507859301986274_4200_000_4220_000_1557847395672605,data\processed\milestone_3\images\waymo\external\10289507859301986274_4200_000_4220_000_1557847395672605.png,12,0,12,0,0,12,0.424641,0.0,18.0,640,640,29,9
waymo,retinanet,10289507859301986274_4200_000_4220_000_1557847404172643,data\processed\milestone_3\images\waymo\external\10289507859301986274_4200_000_4220_000_1557847404172643.png,12,0,12,0,0,12,0.0,0.309576,18.0,640,640,42,14
waymo,retinanet,13356997604177841771_3360_000_3380_000_1557267385088046,data\processed\milestone_3\images\waymo\external\13356997604177841771_3360_000_3380_000_1557267385088046.png,12,0,12,0,0,12,0.0,0.0,18.0,640,640,38,11
waymo,retinanet,3039251927598134881_1240_610_1260_610_1507246311901410,data\processed\milestone_3\images\waymo\external\3039251927598134881_1240_610_1260_610_1507246311901410.png,12,0,12,0,0,12,0.0,0.0,18.0,640,640,22,3
waymo,retinanet,3039251927598134881_1240_610_1260_610_1507246313903272,data\processed\milestone_3\images\waymo\external\3039251927598134881_1240_610_1260_610_1507246313903272.png,12,0,12,0,0,12,0.0,0.0,18.0,640,640,22,3
waymo,retinanet,3577352947946244999_3980_000_4000_000_1557847180597425,data\processed\milestone_3\images\waymo\external\3577352947946244999_3980_000_4000_000_1557847180597425.png,12,0,12,0,0,12,0.234701,0.402654,18.0,640,640,39,30
waymo,retinanet,3577352947946244999_3980_000_4000_000_1557847183597392,data\processed\milestone_3\images\waymo\external\3577352947946244999_3980_000_4000_000_1557847183597392.png,12,0,12,0,0,12,0.382965,0.402756,18.0,640,640,34,22
waymo,retinanet,3577352947946244999_3980_000_4000_000_1557847186597367,data\processed\milestone_3\images\waymo\external\3577352947946244999_3980_000_4000_000_1557847186597367.png,12,0,12,0,0,12,0.474694,0.0736,18.0,640,640,36,16
waymo,faster_rcnn,10289507859301986274_4200_000_4220_000_1557847395672605,data\processed\milestone_3\images\waymo\external\10289507859301986274_4200_000_4220_000_1557847395672605.png,12,0,12,0,0,12,0.398224,0.374899,18.0,640,640,29,14
waymo,faster_rcnn,10289507859301986274_4200_000_4220_000_1557847404172643,data\processed\milestone_3\images\waymo\external\10289507859301986274_4200_000_4220_000_1557847404172643.png,12,0,12,0,0,12,0.0,0.016791,18.0,640,640,42,17
waymo,faster_rcnn,3039251927598134881_1240_610_1260_610_1507246311901410,data\processed\milestone_3\images\waymo\external\3039251927598134881_1240_610_1260_610_1507246311901410.png,12,0,12,0,0,12,0.0,0.0,18.0,640,640,22,4
waymo,faster_rcnn,3039251927598134881_1240_610_1260_610_1507246313903272,data\processed\milestone_3\images\waymo\external\3039251927598134881_1240_610_1260_610_1507246313903272.png,12,0,12,0,0,12,0.0,0.190941,18.0,640,640,22,10
waymo,yolo,13356997604177841771_3360_000_3380_000_1557267388588540,data\processed\milestone_3\images\waymo\external\13356997604177841771_3360_000_3380_000_1557267388588540.png,11,1,11,1,0,12,0.07363,0.610773,17.75,640,640,43,3
waymo,retinanet,30779396576054160_1880_000_1900_000_1557845081664397,data\processed\milestone_3\images\waymo\external\30779396576054160_1880_000_1900_000_1557845081664397.png,11,1,11,1,0,12,0.499262,0.665309,17.75,640,640,46,42
waymo,retinanet,30779396576054160_1880_000_1900_000_1557845076164361,data\processed\milestone_3\images\waymo\external\30779396576054160_1880_000_1900_000_1557845076164361.png,12,0,11,1,0,12,0.46559,0.388336,17.5,640,640,42,44
waymo,faster_rcnn,30779396576054160_1880_000_1900_000_1557845076164361,data\processed\milestone_3\images\waymo\external\30779396576054160_1880_000_1900_000_1557845076164361.png,12,0,11,1,0,12,0.487971,0.10033,17.5,640,640,42,41
waymo,yolo,30779396576054160_1880_000_1900_000_1557845075664314,data\processed\milestone_3\images\waymo\external\30779396576054160_1880_000_1900_000_1557845075664314.png,11,1,10,2,0,12,0.492364,0.01885,17.25,640,640,40,64
waymo,retinanet,30779396576054160_1880_000_1900_000_1557845080664363,data\processed\milestone_3\images\waymo\external\30779396576054160_1880_000_1900_000_1557845080664363.png,11,1,10,2,0,12,0.472811,0.585846,17.25,640,640,47,46
waymo,yolo,30779396576054160_1880_000_1900_000_1557845075164283,data\processed\milestone_3\images\waymo\external\30779396576054160_1880_000_1900_000_1557845075164283.png,12,0,10,2,0,12,0.463038,0.24171,17.0,640,640,41,64
waymo,faster_rcnn,30779396576054160_1880_000_1900_000_1557845075664314,data\processed\milestone_3\images\waymo\external\30779396576054160_1880_000_1900_000_1557845075664314.png,12,0,10,2,0,12,0.485858,0.008631,17.0,640,640,40,29
waymo,yolo,30779396576054160_1880_000_1900_000_1557845086664263,data\processed\milestone_3\images\waymo\external\30779396576054160_1880_000_1900_000_1557845086664263.png,10,1,11,0,0,11,0.304573,0.158627,16.75,640,640,46,59
waymo,rtdetr,30779396576054160_1880_000_1900_000_1557845088664320,data\processed\milestone_3\images\waymo\external\30779396576054160_1880_000_1900_000_1557845088664320.png,10,1,11,0,0,11,0.490853,0.365426,16.75,640,640,51,300
waymo,rtdetr,30779396576054160_1880_000_1900_000_1557845090164314,data\processed\milestone_3\images\waymo\external\30779396576054160_1880_000_1900_000_1557845090164314.png,10,1,11,0,0,11,0.499637,0.522887,16.75,640,640,51,300
waymo,rtdetr,3577352947946244999_3980_000_4000_000_1557847186097351,data\processed\milestone_3\images\waymo\external\3577352947946244999_3980_000_4000_000_1557847186097351.png,10,1,11,0,0,11,0.483868,0.483868,16.75,640,640,35,300
waymo,rtdetr,3577352947946244999_3980_000_4000_000_1557847188097381,data\processed\milestone_3\images\waymo\external\3577352947946244999_3980_000_4000_000_1557847188097381.png,10,1,11,0,0,11,0.435762,0.194703,16.75,640,640,37,300
waymo,retinanet,30779396576054160_1880_000_1900_000_1557845083664337,data\processed\milestone_3\images\waymo\external\30779396576054160_1880_000_1900_000_1557845083664337.png,10,1,11,0,0,11,0.296462,0.363577,16.75,640,640,45,41
waymo,retinanet,30779396576054160_1880_000_1900_000_1557845085164268,data\processed\milestone_3\images\waymo\external\30779396576054160_1880_000_1900_000_1557845085164268.png,10,1,11,0,0,11,0.48871,0.247364,16.75,640,640,47,38
waymo,retinanet,3577352947946244999_3980_000_4000_000_1557847189097393,data\processed\milestone_3\images\waymo\external\3577352947946244999_3980_000_4000_000_1557847189097393.png,10,1,11,0,0,11,0.281792,0.259164,16.75,640,640,31,18
waymo,faster_rcnn,10289507859301986274_4200_000_4220_000_1557847402672607,data\processed\milestone_3\images\waymo\external\10289507859301986274_4200_000_4220_000_1557847402672607.png,10,1,11,0,0,11,0.487959,0.356245,16.75,640,640,30,19
waymo,faster_rcnn,30779396576054160_1880_000_1900_000_1557845083164333,data\processed\milestone_3\images\waymo\external\30779396576054160_1880_000_1900_000_1557845083164333.png,10,1,11,0,0,11,0.469118,0.062009,16.75,640,640,47,45
waymo,faster_rcnn,30779396576054160_1880_000_1900_000_1557845084664255,data\processed\milestone_3\images\waymo\external\30779396576054160_1880_000_1900_000_1557845084664255.png,10,1,11,0,0,11,0.453106,0.614475,16.75,640,640,47,45
waymo,retinanet,30779396576054160_1880_000_1900_000_1557845075164283,data\processed\milestone_3\images\waymo\external\30779396576054160_1880_000_1900_000_1557845075164283.png,12,0,9,3,0,12,0.492222,0.398426,16.5,640,640,41,42
waymo,faster_rcnn,30779396576054160_1880_000_1900_000_1557845078164309,data\processed\milestone_3\images\waymo\external\30779396576054160_1880_000_1900_000_1557845078164309.png,12,0,9,3,0,12,0.374552,0.340786,16.5,640,640,43,43
waymo,yolo,10289507859301986274_4200_000_4220_000_1557847403672617,data\processed\milestone_3\images\waymo\external\10289507859301986274_4200_000_4220_000_1557847403672617.png,11,0,11,0,0,11,0.33039,0.037196,16.5,640,640,36,15
waymo,yolo,13356997604177841771_3360_000_3380_000_1557267385588459,data\processed\milestone_3\images\waymo\external\13356997604177841771_3360_000_3380_000_1557267385588459.png,11,0,11,0,0,11,0.0,0.0,16.5,640,640,39,11
waymo,yolo,13356997604177841771_3360_000_3380_000_1557267387588378,data\processed\milestone_3\images\waymo\external\13356997604177841771_3360_000_3380_000_1557267387588378.png,11,0,11,0,0,11,0.0,0.0,16.5,640,640,39,6
waymo,yolo,13356997604177841771_3360_000_3380_000_1557267388088357,data\processed\milestone_3\images\waymo\external\13356997604177841771_3360_000_3380_000_1557267388088357.png,11,0,11,0,0,11,0.057956,0.057956,16.5,640,640,42,5
waymo,yolo,3039251927598134881_1240_610_1260_610_1507246311400975,data\processed\milestone_3\images\waymo\external\3039251927598134881_1240_610_1260_610_1507246311400975.png,11,0,11,0,0,11,0.0,0.0,16.5,640,640,21,4
waymo,yolo,3039251927598134881_1240_610_1260_610_1507246312401810,data\processed\milestone_3\images\waymo\external\3039251927598134881_1240_610_1260_610_1507246312401810.png,11,0,11,0,0,11,0.0,0.0,16.5,640,640,21,3
waymo,yolo,30779396576054160_1880_000_1900_000_1557845076664327,data\processed\milestone_3\images\waymo\external\30779396576054160_1880_000_1900_000_1557845076664327.png,11,0,11,0,0,11,0.300024,0.011258,16.5,640,640,43,71
waymo,yolo,30779396576054160_1880_000_1900_000_1557845079664314,data\processed\milestone_3\images\waymo\external\30779396576054160_1880_000_1900_000_1557845079664314.png,11,0,11,0,0,11,0.472226,0.266544,16.5,640,640,46,90
waymo,rtdetr,10289507859301986274_4200_000_4220_000_1557847396172563,data\processed\milestone_3\images\waymo\external\10289507859301986274_4200_000_4220_000_1557847396172563.png,11,0,11,0,0,11,0.440659,0.220826,16.5,640,640,38,300
waymo,rtdetr,3039251927598134881_1240_610_1260_610_1507246311400975,data\processed\milestone_3\images\waymo\external\3039251927598134881_1240_610_1260_610_1507246311400975.png,11,0,11,0,0,11,0.000827,0.129843,16.5,640,640,21,300
waymo,rtdetr,3039251927598134881_1240_610_1260_610_1507246312401810,data\processed\milestone_3\images\waymo\external\3039251927598134881_1240_610_1260_610_1507246312401810.png,11,0,11,0,0,11,0.015839,0.173035,16.5,640,640,21,300
waymo,rtdetr,30779396576054160_1880_000_1900_000_1557845076164361,data\processed\milestone_3\images\waymo\external\30779396576054160_1880_000_1900_000_1557845076164361.png,11,0,11,0,0,11,0.495615,0.215108,16.5,640,640,42,300
waymo,rtdetr,30779396576054160_1880_000_1900_000_1557845082164337,data\processed\milestone_3\images\waymo\external\30779396576054160_1880_000_1900_000_1557845082164337.png,11,0,11,0,0,11,0.491231,0.367865,16.5,640,640,48,300
waymo,rtdetr,30779396576054160_1880_000_1900_000_1557845082664245,data\processed\milestone_3\images\waymo\external\30779396576054160_1880_000_1900_000_1557845082664245.png,11,0,11,0,0,11,0.439379,0.333237,16.5,640,640,48,300
waymo,rtdetr,3577352947946244999_3980_000_4000_000_1557847179597308,data\processed\milestone_3\images\waymo\external\3577352947946244999_3980_000_4000_000_1557847179597308.png,11,0,11,0,0,11,0.490049,0.490049,16.5,640,640,43,300
waymo,rtdetr,3577352947946244999_3980_000_4000_000_1557847180097380,data\processed\milestone_3\images\waymo\external\3577352947946244999_3980_000_4000_000_1557847180097380.png,11,0,11,0,0,11,0.429268,0.429268,16.5,640,640,40,300
waymo,rtdetr,3577352947946244999_3980_000_4000_000_1557847184097476,data\processed\milestone_3\images\waymo\external\3577352947946244999_3980_000_4000_000_1557847184097476.png,11,0,11,0,0,11,0.484901,0.299479,16.5,640,640,40,300
waymo,rtdetr,3577352947946244999_3980_000_4000_000_1557847192097398,data\processed\milestone_3\images\waymo\external\3577352947946244999_3980_000_4000_000_1557847192097398.png,11,0,11,0,0,11,0.483715,0.483715,16.5,640,640,31,300
waymo,retinanet,10289507859301986274_4200_000_4220_000_1557847403172619,data\processed\milestone_3\images\waymo\external\10289507859301986274_4200_000_4220_000_1557847403172619.png,11,0,11,0,0,11,0.0,0.75792,16.5,640,640,34,13
waymo,retinanet,3039251927598134881_1240_610_1260_610_1507246311400975,data\processed\milestone_3\images\waymo\external\3039251927598134881_1240_610_1260_610_1507246311400975.png,11,0,11,0,0,11,0.0,0.0,16.5,640,640,21,3
waymo,retinanet,3039251927598134881_1240_610_1260_610_1507246312401810,data\processed\milestone_3\images\waymo\external\3039251927598134881_1240_610_1260_610_1507246312401810.png,11,0,11,0,0,11,0.0,0.0,16.5,640,640,21,3
waymo,retinanet,3577352947946244999_3980_000_4000_000_1557847190097397,data\processed\milestone_3\images\waymo\external\3577352947946244999_3980_000_4000_000_1557847190097397.png,11,0,11,0,0,11,0.453948,0.115832,16.5,640,640,27,13
waymo,faster_rcnn,10289507859301986274_4200_000_4220_000_1557847403172619,data\processed\milestone_3\images\waymo\external\10289507859301986274_4200_000_4220_000_1557847403172619.png,11,0,11,0,0,11,0.0,0.032379,16.5,640,640,34,14
waymo,faster_rcnn,13356997604177841771_3360_000_3380_000_1557267385088046,data\processed\milestone_3\images\waymo\external\13356997604177841771_3360_000_3380_000_1557267385088046.png,11,0,11,0,0,11,0.073425,0.0,16.5,640,640,38,16
waymo,faster_rcnn,13356997604177841771_3360_000_3380_000_1557267385588459,data\processed\milestone_3\images\waymo\external\13356997604177841771_3360_000_3380_000_1557267385588459.png,11,0,11,0,0,11,0.372503,0.238846,16.5,640,640,39,21
waymo,faster_rcnn,3039251927598134881_1240_610_1260_610_1507246311400975,data\processed\milestone_3\images\waymo\external\3039251927598134881_1240_610_1260_610_1507246311400975.png,11,0,11,0,0,11,0.0,0.0,16.5,640,640,21,12
waymo,faster_rcnn,3039251927598134881_1240_610_1260_610_1507246312401810,data\processed\milestone_3\images\waymo\external\3039251927598134881_1240_610_1260_610_1507246312401810.png,11,0,11,0,0,11,0.0,0.0,16.5,640,640,21,4
waymo,faster_rcnn,3577352947946244999_3980_000_4000_000_1557847191097333,data\processed\milestone_3\images\waymo\external\3577352947946244999_3980_000_4000_000_1557847191097333.png,11,0,11,0,0,11,0.493444,0.031592,16.5,640,640,23,18
waymo,yolo,13356997604177841771_3360_000_3380_000_1557267389088584,data\processed\milestone_3\images\waymo\external\13356997604177841771_3360_000_3380_000_1557267389088584.png,10,1,10,1,0,11,0.0,0.0,16.25,640,640,39,3
waymo,yolo,13356997604177841771_3360_000_3380_000_1557267389588330,data\processed\milestone_3\images\waymo\external\13356997604177841771_3360_000_3380_000_1557267389588330.png,10,1,10,1,0,11,0.009533,0.644876,16.25,640,640,43,1
waymo,yolo,30779396576054160_1880_000_1900_000_1557845083664337,data\processed\milestone_3\images\waymo\external\30779396576054160_1880_000_1900_000_1557845083664337.png,10,1,10,1,0,11,0.446193,0.110116,16.25,640,640,45,65
waymo,rtdetr,3577352947946244999_3980_000_4000_000_1557847189597399,data\processed\milestone_3\images\waymo\external\3577352947946244999_3980_000_4000_000_1557847189597399.png,10,1,10,1,0,11,0.433323,0.453689,16.25,640,640,31,300
waymo,retinanet,30779396576054160_1880_000_1900_000_1557845083164333,data\processed\milestone_3\images\waymo\external\30779396576054160_1880_000_1900_000_1557845083164333.png,10,1,10,1,0,11,0.366097,0.40403,16.25,640,640,47,44
waymo,yolo,30779396576054160_1880_000_1900_000_1557845074164295,data\processed\milestone_3\images\waymo\external\30779396576054160_1880_000_1900_000_1557845074164295.png,11,0,10,1,0,11,0.462532,0.477831,16.0,640,640,39,55
waymo,yolo,30779396576054160_1880_000_1900_000_1557845079164322,data\processed\milestone_3\images\waymo\external\30779396576054160_1880_000_1900_000_1557845079164322.png,11,0,10,1,0,11,0.411069,0.0,16.0,640,640,46,117
waymo,rtdetr,3577352947946244999_3980_000_4000_000_1557847182597364,data\processed\milestone_3\images\waymo\external\3577352947946244999_3980_000_4000_000_1557847182597364.png,11,0,10,1,0,11,0.470927,0.521803,16.0,640,640,41,300
waymo,yolo,30779396576054160_1880_000_1900_000_1557845077164332,data\processed\milestone_3\images\waymo\external\30779396576054160_1880_000_1900_000_1557845077164332.png,11,0,9,2,0,11,0.448647,0.0,15.5,640,640,43,83
waymo,yolo,30779396576054160_1880_000_1900_000_1557845078164309,data\processed\milestone_3\images\waymo\external\30779396576054160_1880_000_1900_000_1557845078164309.png,11,0,9,2,0,11,0.461169,0.127658,15.5,640,640,43,96
waymo,retinanet,30779396576054160_1880_000_1900_000_1557845077164332,data\processed\milestone_3\images\waymo\external\30779396576054160_1880_000_1900_000_1557845077164332.png,11,0,9,2,0,11,0.325889,0.136222,15.5,640,640,43,43
waymo,retinanet,30779396576054160_1880_000_1900_000_1557845079164322,data\processed\milestone_3\images\waymo\external\30779396576054160_1880_000_1900_000_1557845079164322.png,11,0,9,2,0,11,0.481219,0.520361,15.5,640,640,46,50
waymo,faster_rcnn,30779396576054160_1880_000_1900_000_1557845074664280,data\processed\milestone_3\images\waymo\external\30779396576054160_1880_000_1900_000_1557845074664280.png,11,0,9,2,0,11,0.213191,0.066494,15.5,640,640,40,27
waymo,yolo,30779396576054160_1880_000_1900_000_1557845084664255,data\processed\milestone_3\images\waymo\external\30779396576054160_1880_000_1900_000_1557845084664255.png,9,1,10,0,0,10,0.45725,0.10898,15.25,640,640,47,91
waymo,rtdetr,10289507859301986274_4200_000_4220_000_1557847402172646,data\processed\milestone_3\images\waymo\external\10289507859301986274_4200_000_4220_000_1557847402172646.png,9,1,10,0,0,10,0.163665,0.14658,15.25,640,640,32,300
waymo,rtdetr,30779396576054160_1880_000_1900_000_1557845081664397,data\processed\milestone_3\images\waymo\external\30779396576054160_1880_000_1900_000_1557845081664397.png,9,1,10,0,0,10,0.4735,0.451984,15.25,640,640,46,300
waymo,rtdetr,30779396576054160_1880_000_1900_000_1557845087664279,data\processed\milestone_3\images\waymo\external\30779396576054160_1880_000_1900_000_1557845087664279.png,9,1,10,0,0,10,0.367322,0.373071,15.25,640,640,48,300
waymo,rtdetr,3577352947946244999_3980_000_4000_000_1557847188597385,data\processed\milestone_3\images\waymo\external\3577352947946244999_3980_000_4000_000_1557847188597385.png,9,1,10,0,0,10,0.397311,0.360079,15.25,640,640,37,300
waymo,rtdetr,3577352947946244999_3980_000_4000_000_1557847189097393,data\processed\milestone_3\images\waymo\external\3577352947946244999_3980_000_4000_000_1557847189097393.png,9,1,10,0,0,10,0.323059,0.22617,15.25,640,640,31,300
waymo,retinanet,10289507859301986274_4200_000_4220_000_1557847402672607,data\processed\milestone_3\images\waymo\external\10289507859301986274_4200_000_4220_000_1557847402672607.png,9,1,10,0,0,10,0.0,0.133078,15.25,640,640,30,13
waymo,retinanet,30779396576054160_1880_000_1900_000_1557845084664255,data\processed\milestone_3\images\waymo\external\30779396576054160_1880_000_1900_000_1557845084664255.png,9,1,10,0,0,10,0.496085,0.408088,15.25,640,640,47,49
waymo,faster_rcnn,30779396576054160_1880_000_1900_000_1557845083664337,data\processed\milestone_3\images\waymo\external\30779396576054160_1880_000_1900_000_1557845083664337.png,9,1,10,0,0,10,0.188198,0.252526,15.25,640,640,45,39
waymo,faster_rcnn,30779396576054160_1880_000_1900_000_1557845074164295,data\processed\milestone_3\images\waymo\external\30779396576054160_1880_000_1900_000_1557845074164295.png,11,0,8,3,0,11,0.376184,0.064315,15.0,640,640,39,29
waymo,yolo,10289507859301986274_4200_000_4220_000_1557847403172619,data\processed\milestone_3\images\waymo\external\10289507859301986274_4200_000_4220_000_1557847403172619.png,10,0,10,0,0,10,0.0,0.034057,15.0,640,640,34,21
waymo,yolo,30779396576054160_1880_000_1900_000_1557845073664294,data\processed\milestone_3\images\waymo\external\30779396576054160_1880_000_1900_000_1557845073664294.png,10,0,10,0,0,10,0.121247,0.020345,15.0,640,640,36,36
waymo,yolo,3577352947946244999_3980_000_4000_000_1557847190597337,data\processed\milestone_3\images\waymo\external\3577352947946244999_3980_000_4000_000_1557847190597337.png,10,0,10,0,0,10,0.0,0.0,15.0,640,640,21,16
waymo,rtdetr,10289507859301986274_4200_000_4220_000_1557847394672600,data\processed\milestone_3\images\waymo\external\10289507859301986274_4200_000_4220_000_1557847394672600.png,10,0,10,0,0,10,0.465501,0.465501,15.0,640,640,26,300
waymo,rtdetr,10289507859301986274_4200_000_4220_000_1557847403172619,data\processed\milestone_3\images\waymo\external\10289507859301986274_4200_000_4220_000_1557847403172619.png,10,0,10,0,0,10,0.325838,0.162419,15.0,640,640,34,300
waymo,rtdetr,13356997604177841771_3360_000_3380_000_1557267385588459,data\processed\milestone_3\images\waymo\external\13356997604177841771_3360_000_3380_000_1557267385588459.png,10,0,10,0,0,10,0.246535,0.246535,15.0,640,640,39,300
waymo,rtdetr,13356997604177841771_3360_000_3380_000_1557267388088357,data\processed\milestone_3\images\waymo\external\13356997604177841771_3360_000_3380_000_1557267388088357.png,10,0,10,0,0,10,0.450995,0.419725,15.0,640,640,42,300
waymo,rtdetr,13356997604177841771_3360_000_3380_000_1557267388588540,data\processed\milestone_3\images\waymo\external\13356997604177841771_3360_000_3380_000_1557267388588540.png,10,0,10,0,0,10,0.309331,0.108097,15.0,640,640,43,300
waymo,rtdetr,13356997604177841771_3360_000_3380_000_1557267390088052,data\processed\milestone_3\images\waymo\external\13356997604177841771_3360_000_3380_000_1557267390088052.png,10,0,10,0,0,10,0.427203,0.427203,15.0,640,640,42,300
waymo,rtdetr,3577352947946244999_3980_000_4000_000_1557847175097426,data\processed\milestone_3\images\waymo\external\3577352947946244999_3980_000_4000_000_1557847175097426.png,10,0,10,0,0,10,0.42465,0.459042,15.0,640,640,35,300
waymo,rtdetr,3577352947946244999_3980_000_4000_000_1557847175597389,data\processed\milestone_3\images\waymo\external\3577352947946244999_3980_000_4000_000_1557847175597389.png,10,0,10,0,0,10,0.43366,0.503241,15.0,640,640,35,300
waymo,rtdetr,3577352947946244999_3980_000_4000_000_1557847183097368,data\processed\milestone_3\images\waymo\external\3577352947946244999_3980_000_4000_000_1557847183097368.png,10,0,10,0,0,10,0.45797,0.499226,15.0,640,640,39,300
waymo,retinanet,10289507859301986274_4200_000_4220_000_1557847403672617,data\processed\milestone_3\images\waymo\external\10289507859301986274_4200_000_4220_000_1557847403672617.png,10,0,10,0,0,10,0.0,0.036195,15.0,640,640,36,12
waymo,retinanet,13356997604177841771_3360_000_3380_000_1557267385588459,data\processed\milestone_3\images\waymo\external\13356997604177841771_3360_000_3380_000_1557267385588459.png,10,0,10,0,0,10,0.0,0.311759,15.0,640,640,39,14
waymo,retinanet,13356997604177841771_3360_000_3380_000_1557267387588378,data\processed\milestone_3\images\waymo\external\13356997604177841771_3360_000_3380_000_1557267387588378.png,10,0,10,0,0,10,0.073706,0.0,15.0,640,640,39,14
waymo,retinanet,13356997604177841771_3360_000_3380_000_1557267388088357,data\processed\milestone_3\images\waymo\external\13356997604177841771_3360_000_3380_000_1557267388088357.png,10,0,10,0,0,10,0.32249,0.0,15.0,640,640,42,10
waymo,retinanet,13356997604177841771_3360_000_3380_000_1557267388588540,data\processed\milestone_3\images\waymo\external\13356997604177841771_3360_000_3380_000_1557267388588540.png,10,0,10,0,0,10,0.439329,0.0,15.0,640,640,43,11
waymo,retinanet,13356997604177841771_3360_000_3380_000_1557267389088584,data\processed\milestone_3\images\waymo\external\13356997604177841771_3360_000_3380_000_1557267389088584.png,10,0,10,0,0,10,0.440619,0.0,15.0,640,640,39,14
waymo,retinanet,13356997604177841771_3360_000_3380_000_1557267390088052,data\processed\milestone_3\images\waymo\external\13356997604177841771_3360_000_3380_000_1557267390088052.png,10,0,10,0,0,10,0.378128,0.049764,15.0,640,640,42,17
waymo,retinanet,3577352947946244999_3980_000_4000_000_1557847191097333,data\processed\milestone_3\images\waymo\external\3577352947946244999_3980_000_4000_000_1557847191097333.png,10,0,10,0,0,10,0.396175,0.293558,15.0,640,640,23,13
waymo,faster_rcnn,13356997604177841771_3360_000_3380_000_1557267387588378,data\processed\milestone_3\images\waymo\external\13356997604177841771_3360_000_3380_000_1557267387588378.png,10,0,10,0,0,10,0.265448,0.304312,15.0,640,640,39,25
waymo,faster_rcnn,13356997604177841771_3360_000_3380_000_1557267388088357,data\processed\milestone_3\images\waymo\external\13356997604177841771_3360_000_3380_000_1557267388088357.png,10,0,10,0,0,10,0.055599,0.00364,15.0,640,640,42,15
waymo,faster_rcnn,13356997604177841771_3360_000_3380_000_1557267388588540,data\processed\milestone_3\images\waymo\external\13356997604177841771_3360_000_3380_000_1557267388588540.png,10,0,10,0,0,10,0.091813,0.083307,15.0,640,640,43,20
waymo,faster_rcnn,13356997604177841771_3360_000_3380_000_1557267389088584,data\processed\milestone_3\images\waymo\external\13356997604177841771_3360_000_3380_000_1557267389088584.png,10,0,10,0,0,10,0.422894,0.004272,15.0,640,640,39,11
waymo,faster_rcnn,13356997604177841771_3360_000_3380_000_1557267390088052,data\processed\milestone_3\images\waymo\external\13356997604177841771_3360_000_3380_000_1557267390088052.png,10,0,10,0,0,10,0.464051,0.382919,15.0,640,640,42,23
waymo,faster_rcnn,3577352947946244999_3980_000_4000_000_1557847183597392,data\processed\milestone_3\images\waymo\external\3577352947946244999_3980_000_4000_000_1557847183597392.png,10,0,10,0,0,10,0.0,0.0,15.0,640,640,34,18
waymo,faster_rcnn,3577352947946244999_3980_000_4000_000_1557847190097397,data\processed\milestone_3\images\waymo\external\3577352947946244999_3980_000_4000_000_1557847190097397.png,10,0,10,0,0,10,0.483076,0.223983,15.0,640,640,27,17
waymo,yolo,13356997604177841771_3360_000_3380_000_1557267390587932,data\processed\milestone_3\images\waymo\external\13356997604177841771_3360_000_3380_000_1557267390587932.png,9,1,9,1,0,10,0.029189,0.763269,14.75,640,640,46,6
waymo,faster_rcnn,30779396576054160_1880_000_1900_000_1557845077664355,data\processed\milestone_3\images\waymo\external\30779396576054160_1880_000_1900_000_1557845077664355.png,11,0,7,4,0,11,0.353438,0.358279,14.5,640,640,41,38
waymo,yolo,8679184381783013073_7740_000_7760_000_1541816075898538,data\processed\milestone_3\images\waymo\external\8679184381783013073_7740_000_7760_000_1541816075898538.png,10,0,9,1,0,10,0.0,0.0,14.5,640,640,35,2
waymo,yolo,8679184381783013073_7740_000_7760_000_1541816076398472,data\processed\milestone_3\images\waymo\external\8679184381783013073_7740_000_7760_000_1541816076398472.png,10,0,9,1,0,10,0.0,0.107385,14.5,640,640,34,5
waymo,yolo,8679184381783013073_7740_000_7760_000_1541816076898511,data\processed\milestone_3\images\waymo\external\8679184381783013073_7740_000_7760_000_1541816076898511.png,10,0,9,1,0,10,0.0,0.0,14.5,640,640,32,6
waymo,rtdetr,3577352947946244999_3980_000_4000_000_1557847181597369,data\processed\milestone_3\images\waymo\external\3577352947946244999_3980_000_4000_000_1557847181597369.png,10,0,9,0,1,10,0.475273,0.480312,14.5,640,640,41,300
waymo,rtdetr,8679184381783013073_7740_000_7760_000_1541816075898538,data\processed\milestone_3\images\waymo\external\8679184381783013073_7740_000_7760_000_1541816075898538.png,10,0,9,1,0,10,0.0,0.320169,14.5,640,640,35,300
waymo,rtdetr,8679184381783013073_7740_000_7760_000_1541816076398472,data\processed\milestone_3\images\waymo\external\8679184381783013073_7740_000_7760_000_1541816076398472.png,10,0,9,1,0,10,0.013862,0.30095,14.5,640,640,34,300
waymo,rtdetr,8679184381783013073_7740_000_7760_000_1541816076898511,data\processed\milestone_3\images\waymo\external\8679184381783013073_7740_000_7760_000_1541816076898511.png,10,0,9,1,0,10,0.003018,0.142716,14.5,640,640,32,300
waymo,retinanet,8679184381783013073_7740_000_7760_000_1541816075898538,data\processed\milestone_3\images\waymo\external\8679184381783013073_7740_000_7760_000_1541816075898538.png,10,0,9,1,0,10,0.0,0.0,14.5,640,640,35,5
waymo,retinanet,8679184381783013073_7740_000_7760_000_1541816076398472,data\processed\milestone_3\images\waymo\external\8679184381783013073_7740_000_7760_000_1541816076398472.png,10,0,9,1,0,10,0.0,0.0,14.5,640,640,34,6
waymo,retinanet,8679184381783013073_7740_000_7760_000_1541816076898511,data\processed\milestone_3\images\waymo\external\8679184381783013073_7740_000_7760_000_1541816076898511.png,10,0,9,1,0,10,0.0,0.0,14.5,640,640,32,5
waymo,faster_rcnn,8679184381783013073_7740_000_7760_000_1541816075898538,data\processed\milestone_3\images\waymo\external\8679184381783013073_7740_000_7760_000_1541816075898538.png,10,0,9,1,0,10,0.0,0.0,14.5,640,640,35,3
waymo,faster_rcnn,8679184381783013073_7740_000_7760_000_1541816076398472,data\processed\milestone_3\images\waymo\external\8679184381783013073_7740_000_7760_000_1541816076398472.png,10,0,9,1,0,10,0.0,0.0,14.5,640,640,34,5
waymo,faster_rcnn,8679184381783013073_7740_000_7760_000_1541816076898511,data\processed\milestone_3\images\waymo\external\8679184381783013073_7740_000_7760_000_1541816076898511.png,10,0,9,1,0,10,0.0,0.0,14.5,640,640,32,3
waymo,yolo,6324079979569135086_2372_300_2392_300_1506988290759379,data\processed\milestone_3\images\waymo\external\6324079979569135086_2372_300_2392_300_1506988290759379.png,5,4,9,0,0,9,0.0,0.0,14.5,640,640,31,13
waymo,rtdetr,6324079979569135086_2372_300_2392_300_1506988290759379,data\processed\milestone_3\images\waymo\external\6324079979569135086_2372_300_2392_300_1506988290759379.png,5,4,9,0,0,9,0.437167,0.437167,14.5,640,640,31,300
waymo,retinanet,6324079979569135086_2372_300_2392_300_1506988290759379,data\processed\milestone_3\images\waymo\external\6324079979569135086_2372_300_2392_300_1506988290759379.png,5,4,9,0,0,9,0.0,0.0,14.5,640,640,31,15
waymo,faster_rcnn,6324079979569135086_2372_300_2392_300_1506988290759379,data\processed\milestone_3\images\waymo\external\6324079979569135086_2372_300_2392_300_1506988290759379.png,5,4,9,0,0,9,0.0,0.025027,14.5,640,640,31,8
waymo,retinanet,30779396576054160_1880_000_1900_000_1557845081164383,data\processed\milestone_3\images\waymo\external\30779396576054160_1880_000_1900_000_1557845081164383.png,9,1,8,2,0,10,0.484223,0.715625,14.25,640,640,45,50
waymo,rtdetr,30779396576054160_1880_000_1900_000_1557845080164307,data\processed\milestone_3\images\waymo\external\30779396576054160_1880_000_1900_000_1557845080164307.png,10,0,8,2,0,10,0.489732,0.42523,14.0,640,640,46,300
waymo,yolo,8679184381783013073_7740_000_7760_000_1541816064898889,data\processed\milestone_3\images\waymo\external\8679184381783013073_7740_000_7760_000_1541816064898889.png,8,1,9,0,0,9,0.0,0.0,13.75,640,640,36,0
waymo,yolo,8679184381783013073_7740_000_7760_000_1541816066398894,data\processed\milestone_3\images\waymo\external\8679184381783013073_7740_000_7760_000_1541816066398894.png,8,1,9,0,0,9,0.0,0.0,13.75,640,640,36,0
waymo,yolo,8679184381783013073_7740_000_7760_000_1541816066898908,data\processed\milestone_3\images\waymo\external\8679184381783013073_7740_000_7760_000_1541816066898908.png,8,1,9,0,0,9,0.0,0.0,13.75,640,640,36,0
waymo,yolo,8679184381783013073_7740_000_7760_000_1541816072398463,data\processed\milestone_3\images\waymo\external\8679184381783013073_7740_000_7760_000_1541816072398463.png,8,1,9,0,0,9,0.0,0.0,13.75,640,640,37,0
waymo,yolo,8679184381783013073_7740_000_7760_000_1541816072898499,data\processed\milestone_3\images\waymo\external\8679184381783013073_7740_000_7760_000_1541816072898499.png,8,1,9,0,0,9,0.0,0.0,13.75,640,640,37,2
waymo,rtdetr,10289507859301986274_4200_000_4220_000_1557847402672607,data\processed\milestone_3\images\waymo\external\10289507859301986274_4200_000_4220_000_1557847402672607.png,8,1,9,0,0,9,0.302305,0.257731,13.75,640,640,30,300
waymo,rtdetr,30779396576054160_1880_000_1900_000_1557845078664302,data\processed\milestone_3\images\waymo\external\30779396576054160_1880_000_1900_000_1557845078664302.png,8,1,9,0,0,9,0.45408,0.45408,13.75,640,640,46,300
waymo,rtdetr,30779396576054160_1880_000_1900_000_1557845085664313,data\processed\milestone_3\images\waymo\external\30779396576054160_1880_000_1900_000_1557845085664313.png,8,1,9,0,0,9,0.314114,0.424746,13.75,640,640,48,300
waymo,rtdetr,30779396576054160_1880_000_1900_000_1557845086164277,data\processed\milestone_3\images\waymo\external\30779396576054160_1880_000_1900_000_1557845086164277.png,8,1,9,0,0,9,0.189588,0.146409,13.75,640,640,46,300
waymo,rtdetr,3577352947946244999_3980_000_4000_000_1557847187097363,data\processed\milestone_3\images\waymo\external\3577352947946244999_3980_000_4000_000_1557847187097363.png,8,1,9,0,0,9,0.487065,0.517352,13.75,640,640,35,300
waymo,rtdetr,8679184381783013073_7740_000_7760_000_1541816066398894,data\processed\milestone_3\images\waymo\external\8679184381783013073_7740_000_7760_000_1541816066398894.png,8,1,9,0,0,9,0.0,0.633934,13.75,640,640,36,300
waymo,retinanet,8679184381783013073_7740_000_7760_000_1541816064898889,data\processed\milestone_3\images\waymo\external\8679184381783013073_7740_000_7760_000_1541816064898889.png,8,1,9,0,0,9,0.0,0.0,13.75,640,640,36,2
waymo,retinanet,8679184381783013073_7740_000_7760_000_1541816066398894,data\processed\milestone_3\images\waymo\external\8679184381783013073_7740_000_7760_000_1541816066398894.png,8,1,9,0,0,9,0.0,0.0,13.75,640,640,36,0
waymo,retinanet,8679184381783013073_7740_000_7760_000_1541816066898908,data\processed\milestone_3\images\waymo\external\8679184381783013073_7740_000_7760_000_1541816066898908.png,8,1,9,0,0,9,0.0,0.0,13.75,640,640,36,3
waymo,faster_rcnn,8679184381783013073_7740_000_7760_000_1541816064898889,data\processed\milestone_3\images\waymo\external\8679184381783013073_7740_000_7760_000_1541816064898889.png,8,1,9,0,0,9,0.0,0.0,13.75,640,640,36,10
waymo,faster_rcnn,8679184381783013073_7740_000_7760_000_1541816066398894,data\processed\milestone_3\images\waymo\external\8679184381783013073_7740_000_7760_000_1541816066398894.png,8,1,9,0,0,9,0.0,0.0,13.75,640,640,36,8
waymo,faster_rcnn,8679184381783013073_7740_000_7760_000_1541816066898908,data\processed\milestone_3\images\waymo\external\8679184381783013073_7740_000_7760_000_1541816066898908.png,8,1,9,0,0,9,0.0,0.0,13.75,640,640,36,11
waymo,faster_rcnn,8679184381783013073_7740_000_7760_000_1541816072398463,data\processed\milestone_3\images\waymo\external\8679184381783013073_7740_000_7760_000_1541816072398463.png,8,1,9,0,0,9,0.225281,0.0,13.75,640,640,37,2
waymo,yolo,30779396576054160_1880_000_1900_000_1557845077664355,data\processed\milestone_3\images\waymo\external\30779396576054160_1880_000_1900_000_1557845077664355.png,10,0,7,3,0,10,0.498147,0.0,13.5,640,640,41,91
waymo,yolo,3039251927598134881_1240_610_1260_610_1507246309899270,data\processed\milestone_3\images\waymo\external\3039251927598134881_1240_610_1260_610_1507246309899270.png,9,0,9,0,0,9,0.0,0.0,13.5,640,640,19,3
waymo,yolo,3039251927598134881_1240_610_1260_610_1507246310399940,data\processed\milestone_3\images\waymo\external\3039251927598134881_1240_610_1260_610_1507246310399940.png,9,0,9,0,0,9,0.0,0.0,13.5,640,640,19,3
waymo,yolo,3039251927598134881_1240_610_1260_610_1507246310900446,data\processed\milestone_3\images\waymo\external\3039251927598134881_1240_610_1260_610_1507246310900446.png,9,0,9,0,0,9,0.0,0.0,13.5,640,640,19,3
waymo,rtdetr,10289507859301986274_4200_000_4220_000_1557847403672617,data\processed\milestone_3\images\waymo\external\10289507859301986274_4200_000_4220_000_1557847403672617.png,9,0,9,0,0,9,0.197747,0.086507,13.5,640,640,36,300
waymo,rtdetr,13356997604177841771_3360_000_3380_000_1557267387588378,data\processed\milestone_3\images\waymo\external\13356997604177841771_3360_000_3380_000_1557267387588378.png,9,0,9,0,0,9,0.260735,0.277714,13.5,640,640,39,300
waymo,rtdetr,13356997604177841771_3360_000_3380_000_1557267389088584,data\processed\milestone_3\images\waymo\external\13356997604177841771_3360_000_3380_000_1557267389088584.png,9,0,9,0,0,9,0.375413,0.27166,13.5,640,640,39,300
waymo,rtdetr,3039251927598134881_1240_610_1260_610_1507246309899270,data\processed\milestone_3\images\waymo\external\3039251927598134881_1240_610_1260_610_1507246309899270.png,9,0,9,0,0,9,0.010052,0.164119,13.5,640,640,19,300
waymo,rtdetr,3039251927598134881_1240_610_1260_610_1507246310399940,data\processed\milestone_3\images\waymo\external\3039251927598134881_1240_610_1260_610_1507246310399940.png,9,0,9,0,0,9,0.0,0.185367,13.5,640,640,19,300
waymo,rtdetr,3039251927598134881_1240_610_1260_610_1507246310900446,data\processed\milestone_3\images\waymo\external\3039251927598134881_1240_610_1260_610_1507246310900446.png,9,0,9,0,0,9,0.000206,0.21285,13.5,640,640,19,300
waymo,rtdetr,30779396576054160_1880_000_1900_000_1557845074664280,data\processed\milestone_3\images\waymo\external\30779396576054160_1880_000_1900_000_1557845074664280.png,9,0,9,0,0,9,0.439498,0.321541,13.5,640,640,40,300
waymo,rtdetr,30779396576054160_1880_000_1900_000_1557845084164315,data\processed\milestone_3\images\waymo\external\30779396576054160_1880_000_1900_000_1557845084164315.png,9,0,9,0,0,9,0.483275,0.387565,13.5,640,640,46,300
waymo,rtdetr,3577352947946244999_3980_000_4000_000_1557847177597529,data\processed\milestone_3\images\waymo\external\3577352947946244999_3980_000_4000_000_1557847177597529.png,9,0,9,0,0,9,0.481446,0.420597,13.5,640,640,39,300
waymo,rtdetr,3577352947946244999_3980_000_4000_000_1557847183597392,data\processed\milestone_3\images\waymo\external\3577352947946244999_3980_000_4000_000_1557847183597392.png,9,0,9,0,0,9,0.458181,0.458181,13.5,640,640,34,300
waymo,retinanet,3039251927598134881_1240_610_1260_610_1507246309899270,data\processed\milestone_3\images\waymo\external\3039251927598134881_1240_610_1260_610_1507246309899270.png,9,0,9,0,0,9,0.0,0.0,13.5,640,640,19,4
waymo,retinanet,3039251927598134881_1240_610_1260_610_1507246310399940,data\processed\milestone_3\images\waymo\external\3039251927598134881_1240_610_1260_610_1507246310399940.png,9,0,9,0,0,9,0.0,0.0,13.5,640,640,19,3
waymo,retinanet,3039251927598134881_1240_610_1260_610_1507246310900446,data\processed\milestone_3\images\waymo\external\3039251927598134881_1240_610_1260_610_1507246310900446.png,9,0,9,0,0,9,0.0,0.0,13.5,640,640,19,3
waymo,retinanet,30779396576054160_1880_000_1900_000_1557845079664314,data\processed\milestone_3\images\waymo\external\30779396576054160_1880_000_1900_000_1557845079664314.png,9,0,9,0,0,9,0.460281,0.393416,13.5,640,640,46,57
waymo,retinanet,30779396576054160_1880_000_1900_000_1557845080164307,data\processed\milestone_3\images\waymo\external\30779396576054160_1880_000_1900_000_1557845080164307.png,9,0,9,0,0,9,0.432033,0.07436,13.5,640,640,46,45
waymo,faster_rcnn,10289507859301986274_4200_000_4220_000_1557847403672617,data\processed\milestone_3\images\waymo\external\10289507859301986274_4200_000_4220_000_1557847403672617.png,9,0,9,0,0,9,0.0,0.032423,13.5,640,640,36,15
waymo,faster_rcnn,3039251927598134881_1240_610_1260_610_1507246309899270,data\processed\milestone_3\images\waymo\external\3039251927598134881_1240_610_1260_610_1507246309899270.png,9,0,9,0,0,9,0.0,0.0,13.5,640,640,19,4
waymo,faster_rcnn,3039251927598134881_1240_610_1260_610_1507246310399940,data\processed\milestone_3\images\waymo\external\3039251927598134881_1240_610_1260_610_1507246310399940.png,9,0,9,0,0,9,0.0,0.0,13.5,640,640,19,6
waymo,faster_rcnn,3039251927598134881_1240_610_1260_610_1507246310900446,data\processed\milestone_3\images\waymo\external\3039251927598134881_1240_610_1260_610_1507246310900446.png,9,0,9,0,0,9,0.0,0.0,13.5,640,640,19,3
waymo,yolo,8679184381783013073_7740_000_7760_000_1541816059398880,data\processed\milestone_3\images\waymo\external\8679184381783013073_7740_000_7760_000_1541816059398880.png,8,1,8,1,0,9,0.0,0.0,13.25,640,640,36,0
waymo,yolo,8679184381783013073_7740_000_7760_000_1541816061398873,data\processed\milestone_3\images\waymo\external\8679184381783013073_7740_000_7760_000_1541816061398873.png,8,1,8,1,0,9,0.0,0.0,13.25,640,640,36,0
waymo,yolo,8679184381783013073_7740_000_7760_000_1541816062398872,data\processed\milestone_3\images\waymo\external\8679184381783013073_7740_000_7760_000_1541816062398872.png,8,1,8,1,0,9,0.0,0.0,13.25,640,640,35,0
waymo,yolo,8679184381783013073_7740_000_7760_000_1541816062898937,data\processed\milestone_3\images\waymo\external\8679184381783013073_7740_000_7760_000_1541816062898937.png,8,1,8,1,0,9,0.0,0.0,13.25,640,640,36,0
waymo,yolo,8679184381783013073_7740_000_7760_000_1541816063898909,data\processed\milestone_3\images\waymo\external\8679184381783013073_7740_000_7760_000_1541816063898909.png,8,1,8,1,0,9,0.0,0.0,13.25,640,640,37,0
waymo,yolo,8679184381783013073_7740_000_7760_000_1541816065398891,data\processed\milestone_3\images\waymo\external\8679184381783013073_7740_000_7760_000_1541816065398891.png,8,1,8,1,0,9,0.0,0.503164,13.25,640,640,37,1
waymo,yolo,8679184381783013073_7740_000_7760_000_1541816073398463,data\processed\milestone_3\images\waymo\external\8679184381783013073_7740_000_7760_000_1541816073398463.png,8,1,8,1,0,9,0.0,0.0,13.25,640,640,36,5
waymo,yolo,8679184381783013073_7740_000_7760_000_1541816073898483,data\processed\milestone_3\images\waymo\external\8679184381783013073_7740_000_7760_000_1541816073898483.png,8,1,8,1,0,9,0.0,0.0,13.25,640,640,35,0
waymo,rtdetr,8679184381783013073_7740_000_7760_000_1541816062398872,data\processed\milestone_3\images\waymo\external\8679184381783013073_7740_000_7760_000_1541816062398872.png,8,1,8,1,0,9,0.383224,0.308724,13.25,640,640,35,300
waymo,retinanet,8679184381783013073_7740_000_7760_000_1541816059398880,data\processed\milestone_3\images\waymo\external\8679184381783013073_7740_000_7760_000_1541816059398880.png,8,1,8,1,0,9,0.0,0.0,13.25,640,640,36,0
waymo,retinanet,8679184381783013073_7740_000_7760_000_1541816061398873,data\processed\milestone_3\images\waymo\external\8679184381783013073_7740_000_7760_000_1541816061398873.png,8,1,8,1,0,9,0.0,0.0,13.25,640,640,36,2
waymo,retinanet,8679184381783013073_7740_000_7760_000_1541816062398872,data\processed\milestone_3\images\waymo\external\8679184381783013073_7740_000_7760_000_1541816062398872.png,8,1,8,1,0,9,0.035742,0.0,13.25,640,640,35,2
waymo,retinanet,8679184381783013073_7740_000_7760_000_1541816062898937,data\processed\milestone_3\images\waymo\external\8679184381783013073_7740_000_7760_000_1541816062898937.png,8,1,8,1,0,9,0.0,0.0,13.25,640,640,36,1
waymo,retinanet,8679184381783013073_7740_000_7760_000_1541816063898909,data\processed\milestone_3\images\waymo\external\8679184381783013073_7740_000_7760_000_1541816063898909.png,8,1,8,1,0,9,0.0,0.0,13.25,640,640,37,1
waymo,faster_rcnn,13356997604177841771_3360_000_3380_000_1557267389588330,data\processed\milestone_3\images\waymo\external\13356997604177841771_3360_000_3380_000_1557267389588330.png,8,1,8,1,0,9,0.417367,0.695095,13.25,640,640,43,18
waymo,faster_rcnn,13356997604177841771_3360_000_3380_000_1557267390587932,data\processed\milestone_3\images\waymo\external\13356997604177841771_3360_000_3380_000_1557267390587932.png,8,1,8,1,0,9,0.487365,0.734737,13.25,640,640,46,22
waymo,faster_rcnn,8679184381783013073_7740_000_7760_000_1541816059398880,data\processed\milestone_3\images\waymo\external\8679184381783013073_7740_000_7760_000_1541816059398880.png,8,1,8,1,0,9,0.0,0.0,13.25,640,640,36,4
waymo,faster_rcnn,8679184381783013073_7740_000_7760_000_1541816061398873,data\processed\milestone_3\images\waymo\external\8679184381783013073_7740_000_7760_000_1541816061398873.png,8,1,8,1,0,9,0.0,0.0,13.25,640,640,36,10
waymo,faster_rcnn,8679184381783013073_7740_000_7760_000_1541816062398872,data\processed\milestone_3\images\waymo\external\8679184381783013073_7740_000_7760_000_1541816062398872.png,8,1,8,1,0,9,0.0,0.0,13.25,640,640,35,6
waymo,faster_rcnn,8679184381783013073_7740_000_7760_000_1541816062898937,data\processed\milestone_3\images\waymo\external\8679184381783013073_7740_000_7760_000_1541816062898937.png,8,1,8,1,0,9,0.000524,0.00054,13.25,640,640,36,10
waymo,faster_rcnn,8679184381783013073_7740_000_7760_000_1541816063898909,data\processed\milestone_3\images\waymo\external\8679184381783013073_7740_000_7760_000_1541816063898909.png,8,1,8,1,0,9,0.0,0.0,13.25,640,640,37,5
waymo,faster_rcnn,8679184381783013073_7740_000_7760_000_1541816073398463,data\processed\milestone_3\images\waymo\external\8679184381783013073_7740_000_7760_000_1541816073398463.png,8,1,8,1,0,9,0.0,0.0,13.25,640,640,36,7
waymo,faster_rcnn,8679184381783013073_7740_000_7760_000_1541816073898483,data\processed\milestone_3\images\waymo\external\8679184381783013073_7740_000_7760_000_1541816073898483.png,8,1,8,1,0,9,0.491914,0.001234,13.25,640,640,35,13
waymo,rtdetr,30779396576054160_1880_000_1900_000_1557845075164283,data\processed\milestone_3\images\waymo\external\30779396576054160_1880_000_1900_000_1557845075164283.png,9,0,8,1,0,9,0.407782,0.389672,13.0,640,640,41,300
waymo,yolo,8679184381783013073_7740_000_7760_000_1541816059898872,data\processed\milestone_3\images\waymo\external\8679184381783013073_7740_000_7760_000_1541816059898872.png,8,1,7,2,0,9,0.0,0.0,12.75,640,640,35,0
waymo,yolo,8679184381783013073_7740_000_7760_000_1541816060898879,data\processed\milestone_3\images\waymo\external\8679184381783013073_7740_000_7760_000_1541816060898879.png,8,1,7,2,0,9,0.0,0.0,12.75,640,640,36,0
waymo,yolo,8679184381783013073_7740_000_7760_000_1541816061898859,data\processed\milestone_3\images\waymo\external\8679184381783013073_7740_000_7760_000_1541816061898859.png,8,1,7,2,0,9,0.0,0.307089,12.75,640,640,36,2
waymo,retinanet,8679184381783013073_7740_000_7760_000_1541816059898872,data\processed\milestone_3\images\waymo\external\8679184381783013073_7740_000_7760_000_1541816059898872.png,8,1,7,2,0,9,0.0,0.0,12.75,640,640,35,2
waymo,retinanet,8679184381783013073_7740_000_7760_000_1541816060898879,data\processed\milestone_3\images\waymo\external\8679184381783013073_7740_000_7760_000_1541816060898879.png,8,1,7,2,0,9,0.0,0.0,12.75,640,640,36,2
waymo,faster_rcnn,8679184381783013073_7740_000_7760_000_1541816059898872,data\processed\milestone_3\images\waymo\external\8679184381783013073_7740_000_7760_000_1541816059898872.png,8,1,7,2,0,9,0.0,0.0,12.75,640,640,35,11
waymo,faster_rcnn,8679184381783013073_7740_000_7760_000_1541816060898879,data\processed\milestone_3\images\waymo\external\8679184381783013073_7740_000_7760_000_1541816060898879.png,8,1,7,2,0,9,0.000294,0.00033,12.75,640,640,36,11
waymo,faster_rcnn,8679184381783013073_7740_000_7760_000_1541816061898859,data\processed\milestone_3\images\waymo\external\8679184381783013073_7740_000_7760_000_1541816061898859.png,8,1,7,2,0,9,0.0,0.0,12.75,640,640,36,1
waymo,yolo,14931160836268555821_5778_870_5798_870_1507338342430949,data\processed\milestone_3\images\waymo\external\14931160836268555821_5778_870_5798_870_1507338342430949.png,5,3,8,0,0,8,0.0,0.0,12.75,640,640,12,3
waymo,yolo,14931160836268555821_5778_870_5798_870_1507338342931418,data\processed\milestone_3\images\waymo\external\14931160836268555821_5778_870_5798_870_1507338342931418.png,5,3,8,0,0,8,0.0,0.087908,12.75,640,640,11,4
waymo,yolo,14931160836268555821_5778_870_5798_870_1507338343431885,data\processed\milestone_3\images\waymo\external\14931160836268555821_5778_870_5798_870_1507338343431885.png,5,3,8,0,0,8,0.259226,0.141698,12.75,640,640,12,8
waymo,yolo,14931160836268555821_5778_870_5798_870_1507338343932395,data\processed\milestone_3\images\waymo\external\14931160836268555821_5778_870_5798_870_1507338343932395.png,5,3,8,0,0,8,0.0,0.0,12.75,640,640,11,2
waymo,yolo,14931160836268555821_5778_870_5798_870_1507338344633085,data\processed\milestone_3\images\waymo\external\14931160836268555821_5778_870_5798_870_1507338344633085.png,5,3,8,0,0,8,0.0,0.0,12.75,640,640,11,3
waymo,yolo,14931160836268555821_5778_870_5798_870_1507338345434040,data\processed\milestone_3\images\waymo\external\14931160836268555821_5778_870_5798_870_1507338345434040.png,5,3,8,0,0,8,0.0,0.0,12.75,640,640,11,4
waymo,yolo,14931160836268555821_5778_870_5798_870_1507338346234843,data\processed\milestone_3\images\waymo\external\14931160836268555821_5778_870_5798_870_1507338346234843.png,5,3,8,0,0,8,0.0,0.0,12.75,640,640,11,6
waymo,yolo,14931160836268555821_5778_870_5798_870_1507338347135465,data\processed\milestone_3\images\waymo\external\14931160836268555821_5778_870_5798_870_1507338347135465.png,5,3,8,0,0,8,0.0,0.0,12.75,640,640,11,3
waymo,yolo,6324079979569135086_2372_300_2392_300_1506988295759068,data\processed\milestone_3\images\waymo\external\6324079979569135086_2372_300_2392_300_1506988295759068.png,5,3,8,0,0,8,0.0,0.770821,12.75,640,640,36,15
waymo,rtdetr,14931160836268555821_5778_870_5798_870_1507338342430949,data\processed\milestone_3\images\waymo\external\14931160836268555821_5778_870_5798_870_1507338342430949.png,5,3,8,0,0,8,0.457064,0.457064,12.75,640,640,12,300
waymo,rtdetr,14931160836268555821_5778_870_5798_870_1507338343932395,data\processed\milestone_3\images\waymo\external\14931160836268555821_5778_870_5798_870_1507338343932395.png,5,3,8,0,0,8,0.072355,0.327152,12.75,640,640,11,300
waymo,rtdetr,14931160836268555821_5778_870_5798_870_1507338344633085,data\processed\milestone_3\images\waymo\external\14931160836268555821_5778_870_5798_870_1507338344633085.png,5,3,8,0,0,8,0.193795,0.222042,12.75,640,640,11,300
waymo,rtdetr,14931160836268555821_5778_870_5798_870_1507338345434040,data\processed\milestone_3\images\waymo\external\14931160836268555821_5778_870_5798_870_1507338345434040.png,5,3,8,0,0,8,0.235142,0.403561,12.75,640,640,11,300
waymo,rtdetr,14931160836268555821_5778_870_5798_870_1507338346234843,data\processed\milestone_3\images\waymo\external\14931160836268555821_5778_870_5798_870_1507338346234843.png,5,3,8,0,0,8,0.402884,0.402884,12.75,640,640,11,300
waymo,retinanet,14931160836268555821_5778_870_5798_870_1507338342430949,data\processed\milestone_3\images\waymo\external\14931160836268555821_5778_870_5798_870_1507338342430949.png,5,3,8,0,0,8,0.0,0.0,12.75,640,640,12,3
waymo,retinanet,14931160836268555821_5778_870_5798_870_1507338343932395,data\processed\milestone_3\images\waymo\external\14931160836268555821_5778_870_5798_870_1507338343932395.png,5,3,8,0,0,8,0.0,0.0,12.75,640,640,11,3
waymo,retinanet,14931160836268555821_5778_870_5798_870_1507338344633085,data\processed\milestone_3\images\waymo\external\14931160836268555821_5778_870_5798_870_1507338344633085.png,5,3,8,0,0,8,0.0,0.0,12.75,640,640,11,3
waymo,retinanet,14931160836268555821_5778_870_5798_870_1507338345434040,data\processed\milestone_3\images\waymo\external\14931160836268555821_5778_870_5798_870_1507338345434040.png,5,3,8,0,0,8,0.0,0.0,12.75,640,640,11,3
waymo,retinanet,14931160836268555821_5778_870_5798_870_1507338346234843,data\processed\milestone_3\images\waymo\external\14931160836268555821_5778_870_5798_870_1507338346234843.png,5,3,8,0,0,8,0.0,0.0,12.75,640,640,11,4
waymo,retinanet,14931160836268555821_5778_870_5798_870_1507338347135465,data\processed\milestone_3\images\waymo\external\14931160836268555821_5778_870_5798_870_1507338347135465.png,5,3,8,0,0,8,0.0,0.335458,12.75,640,640,11,4
waymo,retinanet,6324079979569135086_2372_300_2392_300_1506988295759068,data\processed\milestone_3\images\waymo\external\6324079979569135086_2372_300_2392_300_1506988295759068.png,5,3,8,0,0,8,0.0,0.775597,12.75,640,640,36,15
waymo,faster_rcnn,14931160836268555821_5778_870_5798_870_1507338342430949,data\processed\milestone_3\images\waymo\external\14931160836268555821_5778_870_5798_870_1507338342430949.png,5,3,8,0,0,8,0.0,0.0,12.75,640,640,12,5
waymo,faster_rcnn,14931160836268555821_5778_870_5798_870_1507338342931418,data\processed\milestone_3\images\waymo\external\14931160836268555821_5778_870_5798_870_1507338342931418.png,5,3,8,0,0,8,0.0,0.0,12.75,640,640,11,4
waymo,faster_rcnn,14931160836268555821_5778_870_5798_870_1507338343431885,data\processed\milestone_3\images\waymo\external\14931160836268555821_5778_870_5798_870_1507338343431885.png,5,3,8,0,0,8,0.0,0.156778,12.75,640,640,12,9
waymo,faster_rcnn,14931160836268555821_5778_870_5798_870_1507338343932395,data\processed\milestone_3\images\waymo\external\14931160836268555821_5778_870_5798_870_1507338343932395.png,5,3,8,0,0,8,0.0,0.000675,12.75,640,640,11,5
waymo,faster_rcnn,14931160836268555821_5778_870_5798_870_1507338344633085,data\processed\milestone_3\images\waymo\external\14931160836268555821_5778_870_5798_870_1507338344633085.png,5,3,8,0,0,8,0.0,0.002567,12.75,640,640,11,6
waymo,faster_rcnn,14931160836268555821_5778_870_5798_870_1507338345434040,data\processed\milestone_3\images\waymo\external\14931160836268555821_5778_870_5798_870_1507338345434040.png,5,3,8,0,0,8,0.356983,0.001658,12.75,640,640,11,10
waymo,faster_rcnn,14931160836268555821_5778_870_5798_870_1507338346234843,data\processed\milestone_3\images\waymo\external\14931160836268555821_5778_870_5798_870_1507338346234843.png,5,3,8,0,0,8,0.0,0.004141,12.75,640,640,11,5
waymo,faster_rcnn,14931160836268555821_5778_870_5798_870_1507338347135465,data\processed\milestone_3\images\waymo\external\14931160836268555821_5778_870_5798_870_1507338347135465.png,5,3,8,0,0,8,0.466914,0.0,12.75,640,640,11,7
waymo,faster_rcnn,6324079979569135086_2372_300_2392_300_1506988295759068,data\processed\milestone_3\images\waymo\external\6324079979569135086_2372_300_2392_300_1506988295759068.png,5,3,8,0,0,8,0.43766,0.649828,12.75,640,640,36,14
waymo,rtdetr,30779396576054160_1880_000_1900_000_1557845078164309,data\processed\milestone_3\images\waymo\external\30779396576054160_1880_000_1900_000_1557845078164309.png,9,0,7,2,0,9,0.447754,0.320762,12.5,640,640,43,300
waymo,yolo,8679184381783013073_7740_000_7760_000_1541816063398943,data\processed\milestone_3\images\waymo\external\8679184381783013073_7740_000_7760_000_1541816063398943.png,8,1,6,3,0,9,0.0,0.0,12.25,640,640,37,0
waymo,retinanet,8679184381783013073_7740_000_7760_000_1541816063398943,data\processed\milestone_3\images\waymo\external\8679184381783013073_7740_000_7760_000_1541816063398943.png,8,1,6,3,0,9,0.0,0.0,12.25,640,640,37,1
waymo,faster_rcnn,8679184381783013073_7740_000_7760_000_1541816063398943,data\processed\milestone_3\images\waymo\external\8679184381783013073_7740_000_7760_000_1541816063398943.png,8,1,6,3,0,9,0.002919,0.003025,12.25,640,640,37,13
waymo,yolo,4690718861228194910_1980_000_2000_000_1552693982249474,data\processed\milestone_3\images\waymo\external\4690718861228194910_1980_000_2000_000_1552693982249474.png,7,1,8,0,0,8,0.0,0.018509,12.25,640,640,45,14
waymo,yolo,4690718861228194910_1980_000_2000_000_1552693982749472,data\processed\milestone_3\images\waymo\external\4690718861228194910_1980_000_2000_000_1552693982749472.png,7,1,8,0,0,8,0.0,0.070281,12.25,640,640,45,19
waymo,yolo,4690718861228194910_1980_000_2000_000_1552693983249433,data\processed\milestone_3\images\waymo\external\4690718861228194910_1980_000_2000_000_1552693983249433.png,7,1,8,0,0,8,0.0,0.502259,12.25,640,640,44,21
waymo,yolo,4690718861228194910_1980_000_2000_000_1552693983749438,data\processed\milestone_3\images\waymo\external\4690718861228194910_1980_000_2000_000_1552693983749438.png,7,1,8,0,0,8,0.402655,0.436975,12.25,640,640,43,22
waymo,yolo,4690718861228194910_1980_000_2000_000_1552693984249382,data\processed\milestone_3\images\waymo\external\4690718861228194910_1980_000_2000_000_1552693984249382.png,7,1,8,0,0,8,0.0,0.43757,12.25,640,640,45,21
waymo,yolo,4690718861228194910_1980_000_2000_000_1552693985249378,data\processed\milestone_3\images\waymo\external\4690718861228194910_1980_000_2000_000_1552693985249378.png,7,1,8,0,0,8,0.004332,0.000921,12.25,640,640,38,14
waymo,yolo,4690718861228194910_1980_000_2000_000_1552693987249418,data\processed\milestone_3\images\waymo\external\4690718861228194910_1980_000_2000_000_1552693987249418.png,7,1,8,0,0,8,0.254892,0.653062,12.25,640,640,37,7
waymo,yolo,8679184381783013073_7740_000_7760_000_1541816065898902,data\processed\milestone_3\images\waymo\external\8679184381783013073_7740_000_7760_000_1541816065898902.png,7,1,8,0,0,8,0.0,0.0,12.25,640,640,35,0
waymo,yolo,8679184381783013073_7740_000_7760_000_1541816067398885,data\processed\milestone_3\images\waymo\external\8679184381783013073_7740_000_7760_000_1541816067398885.png,7,1,8,0,0,8,0.0,0.0,12.25,640,640,35,0
waymo,yolo,8679184381783013073_7740_000_7760_000_1541816067898879,data\processed\milestone_3\images\waymo\external\8679184381783013073_7740_000_7760_000_1541816067898879.png,7,1,8,0,0,8,0.0,0.0,12.25,640,640,35,0
waymo,yolo,8679184381783013073_7740_000_7760_000_1541816069399108,data\processed\milestone_3\images\waymo\external\8679184381783013073_7740_000_7760_000_1541816069399108.png,7,1,8,0,0,8,0.0,0.0,12.25,640,640,35,1
waymo,rtdetr,10289507859301986274_4200_000_4220_000_1557847395172640,data\processed\milestone_3\images\waymo\external\10289507859301986274_4200_000_4220_000_1557847395172640.png,7,1,8,0,0,8,0.482601,0.335256,12.25,640,640,28,300
waymo,rtdetr,30779396576054160_1880_000_1900_000_1557845081164383,data\processed\milestone_3\images\waymo\external\30779396576054160_1880_000_1900_000_1557845081164383.png,7,1,8,0,0,8,0.48911,0.393844,12.25,640,640,45,300
waymo,rtdetr,30779396576054160_1880_000_1900_000_1557845086664263,data\processed\milestone_3\images\waymo\external\30779396576054160_1880_000_1900_000_1557845086664263.png,7,1,8,0,0,8,0.492301,0.369277,12.25,640,640,46,300
waymo,rtdetr,30779396576054160_1880_000_1900_000_1557845087164294,data\processed\milestone_3\images\waymo\external\30779396576054160_1880_000_1900_000_1557845087164294.png,7,1,8,0,0,8,0.362328,0.305631,12.25,640,640,48,300
waymo,rtdetr,4690718861228194910_1980_000_2000_000_1552693984249382,data\processed\milestone_3\images\waymo\external\4690718861228194910_1980_000_2000_000_1552693984249382.png,7,1,8,0,0,8,0.398987,0.447474,12.25,640,640,45,300
waymo,rtdetr,8679184381783013073_7740_000_7760_000_1541816064898889,data\processed\milestone_3\images\waymo\external\8679184381783013073_7740_000_7760_000_1541816064898889.png,7,1,8,0,0,8,0.107225,0.612796,12.25,640,640,36,300
waymo,rtdetr,8679184381783013073_7740_000_7760_000_1541816065898902,data\processed\milestone_3\images\waymo\external\8679184381783013073_7740_000_7760_000_1541816065898902.png,7,1,8,0,0,8,0.066121,0.501005,12.25,640,640,35,300
waymo,rtdetr,8679184381783013073_7740_000_7760_000_1541816066898908,data\processed\milestone_3\images\waymo\external\8679184381783013073_7740_000_7760_000_1541816066898908.png,7,1,8,0,0,8,0.415843,0.415843,12.25,640,640,36,300
waymo,rtdetr,8679184381783013073_7740_000_7760_000_1541816067398885,data\processed\milestone_3\images\waymo\external\8679184381783013073_7740_000_7760_000_1541816067398885.png,7,1,8,0,0,8,0.136937,0.37786,12.25,640,640,35,300
waymo,rtdetr,8679184381783013073_7740_000_7760_000_1541816067898879,data\processed\milestone_3\images\waymo\external\8679184381783013073_7740_000_7760_000_1541816067898879.png,7,1,8,0,0,8,0.230473,0.230473,12.25,640,640,35,300
waymo,rtdetr,8679184381783013073_7740_000_7760_000_1541816069399108,data\processed\milestone_3\images\waymo\external\8679184381783013073_7740_000_7760_000_1541816069399108.png,7,1,8,0,0,8,0.326494,0.539663,12.25,640,640,35,300
waymo,rtdetr,8679184381783013073_7740_000_7760_000_1541816072398463,data\processed\milestone_3\images\waymo\external\8679184381783013073_7740_000_7760_000_1541816072398463.png,7,1,8,0,0,8,0.0,0.480458,12.25,640,640,37,300
waymo,retinanet,4690718861228194910_1980_000_2000_000_1552693982249474,data\processed\milestone_3\images\waymo\external\4690718861228194910_1980_000_2000_000_1552693982249474.png,7,1,8,0,0,8,0.0,0.000141,12.25,640,640,45,14
waymo,retinanet,8679184381783013073_7740_000_7760_000_1541816065898902,data\processed\milestone_3\images\waymo\external\8679184381783013073_7740_000_7760_000_1541816065898902.png,7,1,8,0,0,8,0.0,0.000367,12.25,640,640,35,5
waymo,retinanet,8679184381783013073_7740_000_7760_000_1541816067398885,data\processed\milestone_3\images\waymo\external\8679184381783013073_7740_000_7760_000_1541816067398885.png,7,1,8,0,0,8,0.0,0.0,12.25,640,640,35,2
waymo,retinanet,8679184381783013073_7740_000_7760_000_1541816067898879,data\processed\milestone_3\images\waymo\external\8679184381783013073_7740_000_7760_000_1541816067898879.png,7,1,8,0,0,8,0.0,0.0,12.25,640,640,35,2
waymo,retinanet,8679184381783013073_7740_000_7760_000_1541816069399108,data\processed\milestone_3\images\waymo\external\8679184381783013073_7740_000_7760_000_1541816069399108.png,7,1,8,0,0,8,0.0,0.0,12.25,640,640,35,3
waymo,retinanet,8679184381783013073_7740_000_7760_000_1541816072398463,data\processed\milestone_3\images\waymo\external\8679184381783013073_7740_000_7760_000_1541816072398463.png,7,1,8,0,0,8,0.0,0.025871,12.25,640,640,37,5
waymo,retinanet,8679184381783013073_7740_000_7760_000_1541816072898499,data\processed\milestone_3\images\waymo\external\8679184381783013073_7740_000_7760_000_1541816072898499.png,7,1,8,0,0,8,0.0,0.0,12.25,640,640,37,5
waymo,faster_rcnn,30779396576054160_1880_000_1900_000_1557845081164383,data\processed\milestone_3\images\waymo\external\30779396576054160_1880_000_1900_000_1557845081164383.png,7,1,8,0,0,8,0.398453,0.402114,12.25,640,640,45,49
waymo,faster_rcnn,4690718861228194910_1980_000_2000_000_1552693982249474,data\processed\milestone_3\images\waymo\external\4690718861228194910_1980_000_2000_000_1552693982249474.png,7,1,8,0,0,8,0.267984,0.111363,12.25,640,640,45,16
waymo,faster_rcnn,4690718861228194910_1980_000_2000_000_1552693983249433,data\processed\milestone_3\images\waymo\external\4690718861228194910_1980_000_2000_000_1552693983249433.png,7,1,8,0,0,8,0.0,0.549438,12.25,640,640,44,14
waymo,faster_rcnn,4690718861228194910_1980_000_2000_000_1552693984249382,data\processed\milestone_3\images\waymo\external\4690718861228194910_1980_000_2000_000_1552693984249382.png,7,1,8,0,0,8,0.268364,0.452908,12.25,640,640,45,15
waymo,faster_rcnn,4690718861228194910_1980_000_2000_000_1552693987249418,data\processed\milestone_3\images\waymo\external\4690718861228194910_1980_000_2000_000_1552693987249418.png,7,1,8,0,0,8,0.0,0.663949,12.25,640,640,37,13
waymo,faster_rcnn,8679184381783013073_7740_000_7760_000_1541816065898902,data\processed\milestone_3\images\waymo\external\8679184381783013073_7740_000_7760_000_1541816065898902.png,7,1,8,0,0,8,0.0,0.0,12.25,640,640,35,5
waymo,faster_rcnn,8679184381783013073_7740_000_7760_000_1541816067398885,data\processed\milestone_3\images\waymo\external\8679184381783013073_7740_000_7760_000_1541816067398885.png,7,1,8,0,0,8,0.0,0.0,12.25,640,640,35,12
waymo,faster_rcnn,8679184381783013073_7740_000_7760_000_1541816067898879,data\processed\milestone_3\images\waymo\external\8679184381783013073_7740_000_7760_000_1541816067898879.png,7,1,8,0,0,8,0.0,0.0,12.25,640,640,35,8
waymo,faster_rcnn,8679184381783013073_7740_000_7760_000_1541816069399108,data\processed\milestone_3\images\waymo\external\8679184381783013073_7740_000_7760_000_1541816069399108.png,7,1,8,0,0,8,0.0,0.0,12.25,640,640,35,3
waymo,faster_rcnn,8679184381783013073_7740_000_7760_000_1541816072898499,data\processed\milestone_3\images\waymo\external\8679184381783013073_7740_000_7760_000_1541816072898499.png,7,1,8,0,0,8,0.308933,0.022187,12.25,640,640,37,7
waymo,retinanet,30779396576054160_1880_000_1900_000_1557845074664280,data\processed\milestone_3\images\waymo\external\30779396576054160_1880_000_1900_000_1557845074664280.png,9,0,6,3,0,9,0.467183,0.439452,12.0,640,640,40,40
waymo,yolo,3039251927598134881_1240_610_1260_610_1507246309398778,data\processed\milestone_3\images\waymo\external\3039251927598134881_1240_610_1260_610_1507246309398778.png,8,0,8,0,0,8,0.0,0.0,12.0,640,640,18,3
waymo,yolo,30779396576054160_1880_000_1900_000_1557845073164288,data\processed\milestone_3\images\waymo\external\30779396576054160_1880_000_1900_000_1557845073164288.png,8,0,8,0,0,8,0.138463,0.018054,12.0,640,640,34,47
waymo,yolo,8679184381783013073_7740_000_7760_000_1541816074898668,data\processed\milestone_3\images\waymo\external\8679184381783013073_7740_000_7760_000_1541816074898668.png,8,0,8,0,0,8,0.0,0.0,12.0,640,640,33,4
waymo,rtdetr,3039251927598134881_1240_610_1260_610_1507246309398778,data\processed\milestone_3\images\waymo\external\3039251927598134881_1240_610_1260_610_1507246309398778.png,8,0,8,0,0,8,0.009741,0.138041,12.0,640,640,18,300
waymo,rtdetr,30779396576054160_1880_000_1900_000_1557845076664327,data\processed\milestone_3\images\waymo\external\30779396576054160_1880_000_1900_000_1557845076664327.png,8,0,8,0,0,8,0.431632,0.207871,12.0,640,640,43,300
waymo,rtdetr,30779396576054160_1880_000_1900_000_1557845077164332,data\processed\milestone_3\images\waymo\external\30779396576054160_1880_000_1900_000_1557845077164332.png,8,0,8,0,0,8,0.484444,0.349066,12.0,640,640,43,300
waymo,rtdetr,30779396576054160_1880_000_1900_000_1557845080664363,data\processed\milestone_3\images\waymo\external\30779396576054160_1880_000_1900_000_1557845080664363.png,8,0,8,0,0,8,0.470871,0.375739,12.0,640,640,47,300
waymo,rtdetr,3577352947946244999_3980_000_4000_000_1557847190097397,data\processed\milestone_3\images\waymo\external\3577352947946244999_3980_000_4000_000_1557847190097397.png,8,0,8,0,0,8,0.468487,0.468487,12.0,640,640,27,300
waymo,rtdetr,8679184381783013073_7740_000_7760_000_1541816074898668,data\processed\milestone_3\images\waymo\external\8679184381783013073_7740_000_7760_000_1541816074898668.png,8,0,8,0,0,8,0.0,0.538642,12.0,640,640,33,300
waymo,retinanet,3039251927598134881_1240_610_1260_610_1507246309398778,data\processed\milestone_3\images\waymo\external\3039251927598134881_1240_610_1260_610_1507246309398778.png,8,0,8,0,0,8,0.0,0.0,12.0,640,640,18,3
waymo,retinanet,30779396576054160_1880_000_1900_000_1557845075664314,data\processed\milestone_3\images\waymo\external\30779396576054160_1880_000_1900_000_1557845075664314.png,8,0,8,0,0,8,0.35593,0.139619,12.0,640,640,40,42
waymo,faster_rcnn,3039251927598134881_1240_610_1260_610_1507246309398778,data\processed\milestone_3\images\waymo\external\3039251927598134881_1240_610_1260_610_1507246309398778.png,8,0,8,0,0,8,0.0,0.0,12.0,640,640,18,4
waymo,yolo,8679184381783013073_7740_000_7760_000_1541816058898881,data\processed\milestone_3\images\waymo\external\8679184381783013073_7740_000_7760_000_1541816058898881.png,7,1,7,1,0,8,0.0,0.0,11.75,640,640,35,0
waymo,yolo,8679184381783013073_7740_000_7760_000_1541816064398870,data\processed\milestone_3\images\waymo\external\8679184381783013073_7740_000_7760_000_1541816064398870.png,7,1,7,1,0,8,0.0,0.0,11.75,640,640,36,0
waymo,yolo,8679184381783013073_7740_000_7760_000_1541816068898971,data\processed\milestone_3\images\waymo\external\8679184381783013073_7740_000_7760_000_1541816068898971.png,7,1,7,1,0,8,0.0,0.0,11.75,640,640,35,0
waymo,yolo,8679184381783013073_7740_000_7760_000_1541816069899089,data\processed\milestone_3\images\waymo\external\8679184381783013073_7740_000_7760_000_1541816069899089.png,7,1,7,1,0,8,0.0,0.0,11.75,640,640,35,2
waymo,yolo,8679184381783013073_7740_000_7760_000_1541816074398574,data\processed\milestone_3\images\waymo\external\8679184381783013073_7740_000_7760_000_1541816074398574.png,7,1,7,0,1,8,0.0,0.187328,11.75,640,640,34,15
waymo,rtdetr,8679184381783013073_7740_000_7760_000_1541816058898881,data\processed\milestone_3\images\waymo\external\8679184381783013073_7740_000_7760_000_1541816058898881.png,7,1,7,1,0,8,0.044006,0.119378,11.75,640,640,35,300
waymo,rtdetr,8679184381783013073_7740_000_7760_000_1541816059398880,data\processed\milestone_3\images\waymo\external\8679184381783013073_7740_000_7760_000_1541816059398880.png,7,1,7,1,0,8,0.448387,0.575493,11.75,640,640,36,300
waymo,rtdetr,8679184381783013073_7740_000_7760_000_1541816061398873,data\processed\milestone_3\images\waymo\external\8679184381783013073_7740_000_7760_000_1541816061398873.png,7,1,7,1,0,8,0.126933,0.374519,11.75,640,640,36,300
waymo,rtdetr,8679184381783013073_7740_000_7760_000_1541816062898937,data\processed\milestone_3\images\waymo\external\8679184381783013073_7740_000_7760_000_1541816062898937.png,7,1,7,1,0,8,0.079851,0.714209,11.75,640,640,36,300
waymo,rtdetr,8679184381783013073_7740_000_7760_000_1541816063898909,data\processed\milestone_3\images\waymo\external\8679184381783013073_7740_000_7760_000_1541816063898909.png,7,1,7,1,0,8,0.056728,0.601713,11.75,640,640,37,300
waymo,rtdetr,8679184381783013073_7740_000_7760_000_1541816064398870,data\processed\milestone_3\images\waymo\external\8679184381783013073_7740_000_7760_000_1541816064398870.png,7,1,7,1,0,8,0.0,0.438766,11.75,640,640,36,300
waymo,rtdetr,8679184381783013073_7740_000_7760_000_1541816065398891,data\processed\milestone_3\images\waymo\external\8679184381783013073_7740_000_7760_000_1541816065398891.png,7,1,7,1,0,8,0.470296,0.671096,11.75,640,640,37,300
waymo,rtdetr,8679184381783013073_7740_000_7760_000_1541816068898971,data\processed\milestone_3\images\waymo\external\8679184381783013073_7740_000_7760_000_1541816068898971.png,7,1,7,1,0,8,0.348408,0.488477,11.75,640,640,35,300
waymo,rtdetr,8679184381783013073_7740_000_7760_000_1541816069899089,data\processed\milestone_3\images\waymo\external\8679184381783013073_7740_000_7760_000_1541816069899089.png,7,1,7,1,0,8,0.233802,0.35148,11.75,640,640,35,300
waymo,rtdetr,8679184381783013073_7740_000_7760_000_1541816073398463,data\processed\milestone_3\images\waymo\external\8679184381783013073_7740_000_7760_000_1541816073398463.png,7,1,7,1,0,8,0.170989,0.451422,11.75,640,640,36,300
waymo,retinanet,8679184381783013073_7740_000_7760_000_1541816058898881,data\processed\milestone_3\images\waymo\external\8679184381783013073_7740_000_7760_000_1541816058898881.png,7,1,7,1,0,8,0.0,0.064546,11.75,640,640,35,1
waymo,retinanet,8679184381783013073_7740_000_7760_000_1541816061898859,data\processed\milestone_3\images\waymo\external\8679184381783013073_7740_000_7760_000_1541816061898859.png,7,1,7,1,0,8,0.0,0.710976,11.75,640,640,36,5
waymo,retinanet,8679184381783013073_7740_000_7760_000_1541816064398870,data\processed\milestone_3\images\waymo\external\8679184381783013073_7740_000_7760_000_1541816064398870.png,7,1,7,1,0,8,0.0,0.0,11.75,640,640,36,2
waymo,retinanet,8679184381783013073_7740_000_7760_000_1541816065398891,data\processed\milestone_3\images\waymo\external\8679184381783013073_7740_000_7760_000_1541816065398891.png,7,1,7,1,0,8,0.0,0.0,11.75,640,640,37,2
waymo,retinanet,8679184381783013073_7740_000_7760_000_1541816068898971,data\processed\milestone_3\images\waymo\external\8679184381783013073_7740_000_7760_000_1541816068898971.png,7,1,7,1,0,8,0.0,0.0,11.75,640,640,35,2
waymo,retinanet,8679184381783013073_7740_000_7760_000_1541816069899089,data\processed\milestone_3\images\waymo\external\8679184381783013073_7740_000_7760_000_1541816069899089.png,7,1,7,1,0,8,0.479817,0.0,11.75,640,640,35,4
waymo,retinanet,8679184381783013073_7740_000_7760_000_1541816073398463,data\processed\milestone_3\images\waymo\external\8679184381783013073_7740_000_7760_000_1541816073398463.png,7,1,7,1,0,8,0.0,0.0,11.75,640,640,36,5
waymo,retinanet,8679184381783013073_7740_000_7760_000_1541816073898483,data\processed\milestone_3\images\waymo\external\8679184381783013073_7740_000_7760_000_1541816073898483.png,7,1,7,1,0,8,0.0,0.019279,11.75,640,640,35,8
waymo,faster_rcnn,8679184381783013073_7740_000_7760_000_1541816058898881,data\processed\milestone_3\images\waymo\external\8679184381783013073_7740_000_7760_000_1541816058898881.png,7,1,7,1,0,8,0.0,0.0,11.75,640,640,35,13
waymo,faster_rcnn,8679184381783013073_7740_000_7760_000_1541816064398870,data\processed\milestone_3\images\waymo\external\8679184381783013073_7740_000_7760_000_1541816064398870.png,7,1,7,1,0,8,0.0,0.0,11.75,640,640,36,8
waymo,faster_rcnn,8679184381783013073_7740_000_7760_000_1541816065398891,data\processed\milestone_3\images\waymo\external\8679184381783013073_7740_000_7760_000_1541816065398891.png,7,1,7,1,0,8,0.0,0.0,11.75,640,640,37,12
waymo,faster_rcnn,8679184381783013073_7740_000_7760_000_1541816068898971,data\processed\milestone_3\images\waymo\external\8679184381783013073_7740_000_7760_000_1541816068898971.png,7,1,7,1,0,8,0.0,0.0,11.75,640,640,35,10
waymo,faster_rcnn,8679184381783013073_7740_000_7760_000_1541816069899089,data\processed\milestone_3\images\waymo\external\8679184381783013073_7740_000_7760_000_1541816069899089.png,7,1,7,1,0,8,0.0,0.031568,11.75,640,640,35,7
waymo,yolo,8679184381783013073_7740_000_7760_000_1541816075398659,data\processed\milestone_3\images\waymo\external\8679184381783013073_7740_000_7760_000_1541816075398659.png,8,0,7,1,0,8,0.0,0.0,11.5,640,640,32,3
waymo,rtdetr,8679184381783013073_7740_000_7760_000_1541816075398659,data\processed\milestone_3\images\waymo\external\8679184381783013073_7740_000_7760_000_1541816075398659.png,8,0,7,1,0,8,0.0,0.098054,11.5,640,640,32,300
waymo,retinanet,8679184381783013073_7740_000_7760_000_1541816075398659,data\processed\milestone_3\images\waymo\external\8679184381783013073_7740_000_7760_000_1541816075398659.png,8,0,7,1,0,8,0.0,0.0,11.5,640,640,32,2
waymo,faster_rcnn,30779396576054160_1880_000_1900_000_1557845073164288,data\processed\milestone_3\images\waymo\external\30779396576054160_1880_000_1900_000_1557845073164288.png,8,0,7,1,0,8,0.492128,0.011653,11.5,640,640,34,27
waymo,faster_rcnn,8679184381783013073_7740_000_7760_000_1541816075398659,data\processed\milestone_3\images\waymo\external\8679184381783013073_7740_000_7760_000_1541816075398659.png,8,0,7,1,0,8,0.0,0.0,11.5,640,640,32,6
waymo,yolo,6324079979569135086_2372_300_2392_300_1506988291259304,data\processed\milestone_3\images\waymo\external\6324079979569135086_2372_300_2392_300_1506988291259304.png,3,4,7,0,0,7,0.0,0.0,11.5,640,640,29,10
waymo,yolo,6324079979569135086_2372_300_2392_300_1506988291759180,data\processed\milestone_3\images\waymo\external\6324079979569135086_2372_300_2392_300_1506988291759180.png,3,4,7,0,0,7,0.0,0.0,11.5,640,640,31,10
waymo,yolo,6324079979569135086_2372_300_2392_300_1506988292259364,data\processed\milestone_3\images\waymo\external\6324079979569135086_2372_300_2392_300_1506988292259364.png,3,4,7,0,0,7,0.0,0.0,11.5,640,640,30,12
waymo,retinanet,6324079979569135086_2372_300_2392_300_1506988291259304,data\processed\milestone_3\images\waymo\external\6324079979569135086_2372_300_2392_300_1506988291259304.png,3,4,7,0,0,7,0.0,0.0,11.5,640,640,29,17
waymo,retinanet,6324079979569135086_2372_300_2392_300_1506988291759180,data\processed\milestone_3\images\waymo\external\6324079979569135086_2372_300_2392_300_1506988291759180.png,3,4,7,0,0,7,0.0,0.0,11.5,640,640,31,12
waymo,retinanet,6324079979569135086_2372_300_2392_300_1506988292259364,data\processed\milestone_3\images\waymo\external\6324079979569135086_2372_300_2392_300_1506988292259364.png,3,4,7,0,0,7,0.0,0.008454,11.5,640,640,30,21
waymo,faster_rcnn,6324079979569135086_2372_300_2392_300_1506988291259304,data\processed\milestone_3\images\waymo\external\6324079979569135086_2372_300_2392_300_1506988291259304.png,3,4,7,0,0,7,0.0,0.001274,11.5,640,640,29,13
waymo,faster_rcnn,6324079979569135086_2372_300_2392_300_1506988291759180,data\processed\milestone_3\images\waymo\external\6324079979569135086_2372_300_2392_300_1506988291759180.png,3,4,7,0,0,7,0.0,0.001194,11.5,640,640,31,11
waymo,faster_rcnn,6324079979569135086_2372_300_2392_300_1506988292259364,data\processed\milestone_3\images\waymo\external\6324079979569135086_2372_300_2392_300_1506988292259364.png,3,4,7,0,0,7,0.0,0.001548,11.5,640,640,30,8
waymo,yolo,8679184381783013073_7740_000_7760_000_1541816060398842,data\processed\milestone_3\images\waymo\external\8679184381783013073_7740_000_7760_000_1541816060398842.png,7,1,6,2,0,8,0.0,0.0,11.25,640,640,34,0
waymo,rtdetr,8679184381783013073_7740_000_7760_000_1541816059898872,data\processed\milestone_3\images\waymo\external\8679184381783013073_7740_000_7760_000_1541816059898872.png,7,1,6,2,0,8,0.229978,0.388203,11.25,640,640,35,300
waymo,rtdetr,8679184381783013073_7740_000_7760_000_1541816060398842,data\processed\milestone_3\images\waymo\external\8679184381783013073_7740_000_7760_000_1541816060398842.png,7,1,6,2,0,8,0.005528,0.332708,11.25,640,640,34,300
waymo,rtdetr,8679184381783013073_7740_000_7760_000_1541816063398943,data\processed\milestone_3\images\waymo\external\8679184381783013073_7740_000_7760_000_1541816063398943.png,7,1,6,2,0,8,0.150618,0.407307,11.25,640,640,37,300
waymo,retinanet,8679184381783013073_7740_000_7760_000_1541816060398842,data\processed\milestone_3\images\waymo\external\8679184381783013073_7740_000_7760_000_1541816060398842.png,7,1,6,2,0,8,0.0,0.0,11.25,640,640,34,2
waymo,faster_rcnn,8679184381783013073_7740_000_7760_000_1541816060398842,data\processed\milestone_3\images\waymo\external\8679184381783013073_7740_000_7760_000_1541816060398842.png,7,1,6,2,0,8,0.0,0.0,11.25,640,640,34,5
waymo,yolo,14931160836268555821_5778_870_5798_870_1507338340929345,data\processed\milestone_3\images\waymo\external\14931160836268555821_5778_870_5798_870_1507338340929345.png,4,3,7,0,0,7,0.0,0.03363,11.25,640,640,11,4
waymo,yolo,14931160836268555821_5778_870_5798_870_1507338347835422,data\processed\milestone_3\images\waymo\external\14931160836268555821_5778_870_5798_870_1507338347835422.png,4,3,7,0,0,7,0.0,0.0,11.25,640,640,9,5
waymo,yolo,14931160836268555821_5778_870_5798_870_1507338349135391,data\processed\milestone_3\images\waymo\external\14931160836268555821_5778_870_5798_870_1507338349135391.png,4,3,7,0,0,7,0.0,0.0,11.25,640,640,9,4
waymo,yolo,14931160836268555821_5778_870_5798_870_1507338349635394,data\processed\milestone_3\images\waymo\external\14931160836268555821_5778_870_5798_870_1507338349635394.png,4,3,7,0,0,7,0.0,0.0,11.25,640,640,9,2
waymo,yolo,14931160836268555821_5778_870_5798_870_1507338350635049,data\processed\milestone_3\images\waymo\external\14931160836268555821_5778_870_5798_870_1507338350635049.png,4,3,7,0,0,7,0.0,0.0,11.25,640,640,8,1
waymo,rtdetr,14931160836268555821_5778_870_5798_870_1507338340929345,data\processed\milestone_3\images\waymo\external\14931160836268555821_5778_870_5798_870_1507338340929345.png,4,3,7,0,0,7,0.176372,0.125944,11.25,640,640,11,300
waymo,rtdetr,14931160836268555821_5778_870_5798_870_1507338342931418,data\processed\milestone_3\images\waymo\external\14931160836268555821_5778_870_5798_870_1507338342931418.png,4,3,7,0,0,7,0.099213,0.24676,11.25,640,640,11,300
waymo,rtdetr,14931160836268555821_5778_870_5798_870_1507338343431885,data\processed\milestone_3\images\waymo\external\14931160836268555821_5778_870_5798_870_1507338343431885.png,4,3,7,0,0,7,0.155256,0.186364,11.25,640,640,12,300
waymo,rtdetr,14931160836268555821_5778_870_5798_870_1507338349135391,data\processed\milestone_3\images\waymo\external\14931160836268555821_5778_870_5798_870_1507338349135391.png,4,3,7,0,0,7,0.416071,0.416071,11.25,640,640,9,300
waymo,retinanet,14931160836268555821_5778_870_5798_870_1507338340929345,data\processed\milestone_3\images\waymo\external\14931160836268555821_5778_870_5798_870_1507338340929345.png,4,3,7,0,0,7,0.0,0.0,11.25,640,640,11,2
waymo,retinanet,14931160836268555821_5778_870_5798_870_1507338342931418,data\processed\milestone_3\images\waymo\external\14931160836268555821_5778_870_5798_870_1507338342931418.png,4,3,7,0,0,7,0.0,0.0,11.25,640,640,11,4
waymo,retinanet,14931160836268555821_5778_870_5798_870_1507338343431885,data\processed\milestone_3\images\waymo\external\14931160836268555821_5778_870_5798_870_1507338343431885.png,4,3,7,0,0,7,0.0,0.0,11.25,640,640,12,5
waymo,faster_rcnn,14931160836268555821_5778_870_5798_870_1507338340929345,data\processed\milestone_3\images\waymo\external\14931160836268555821_5778_870_5798_870_1507338340929345.png,4,3,7,0,0,7,0.0,0.0,11.25,640,640,11,8
waymo,faster_rcnn,14931160836268555821_5778_870_5798_870_1507338347835422,data\processed\milestone_3\images\waymo\external\14931160836268555821_5778_870_5798_870_1507338347835422.png,4,3,7,0,0,7,0.0,0.0,11.25,640,640,9,6
waymo,faster_rcnn,14931160836268555821_5778_870_5798_870_1507338349135391,data\processed\milestone_3\images\waymo\external\14931160836268555821_5778_870_5798_870_1507338349135391.png,4,3,7,0,0,7,0.0,0.0,11.25,640,640,9,6
waymo,faster_rcnn,14931160836268555821_5778_870_5798_870_1507338349635394,data\processed\milestone_3\images\waymo\external\14931160836268555821_5778_870_5798_870_1507338349635394.png,4,3,7,0,0,7,0.0,0.008741,11.25,640,640,9,3
waymo,faster_rcnn,14931160836268555821_5778_870_5798_870_1507338350135327,data\processed\milestone_3\images\waymo\external\14931160836268555821_5778_870_5798_870_1507338350135327.png,4,3,7,0,0,7,0.0,0.65577,11.25,640,640,8,3
waymo,faster_rcnn,14931160836268555821_5778_870_5798_870_1507338350635049,data\processed\milestone_3\images\waymo\external\14931160836268555821_5778_870_5798_870_1507338350635049.png,4,3,7,0,0,7,0.47428,0.115826,11.25,640,640,8,7
waymo,yolo,4690718861228194910_1980_000_2000_000_1552693987749399,data\processed\milestone_3\images\waymo\external\4690718861228194910_1980_000_2000_000_1552693987749399.png,6,1,7,0,0,7,0.377974,0.711654,10.75,640,640,37,13
waymo,yolo,4690718861228194910_1980_000_2000_000_1552693988749330,data\processed\milestone_3\images\waymo\external\4690718861228194910_1980_000_2000_000_1552693988749330.png,6,1,7,0,0,7,0.373528,0.693831,10.75,640,640,44,24
waymo,yolo,4690718861228194910_1980_000_2000_000_1552693989249297,data\processed\milestone_3\images\waymo\external\4690718861228194910_1980_000_2000_000_1552693989249297.png,6,1,7,0,0,7,0.0,0.481068,10.75,640,640,43,15
waymo,rtdetr,30779396576054160_1880_000_1900_000_1557845084664255,data\processed\milestone_3\images\waymo\external\30779396576054160_1880_000_1900_000_1557845084664255.png,6,1,7,0,0,7,0.35605,0.409557,10.75,640,640,47,300
waymo,rtdetr,30779396576054160_1880_000_1900_000_1557845085164268,data\processed\milestone_3\images\waymo\external\30779396576054160_1880_000_1900_000_1557845085164268.png,6,1,7,0,0,7,0.463078,0.356619,10.75,640,640,47,300
waymo,rtdetr,3577352947946244999_3980_000_4000_000_1557847187597379,data\processed\milestone_3\images\waymo\external\3577352947946244999_3980_000_4000_000_1557847187597379.png,6,1,7,0,0,7,0.272439,0.083952,10.75,640,640,38,300
waymo,rtdetr,4690718861228194910_1980_000_2000_000_1552693982249474,data\processed\milestone_3\images\waymo\external\4690718861228194910_1980_000_2000_000_1552693982249474.png,6,1,7,0,0,7,0.330103,0.330103,10.75,640,640,45,300
waymo,rtdetr,4690718861228194910_1980_000_2000_000_1552693985249378,data\processed\milestone_3\images\waymo\external\4690718861228194910_1980_000_2000_000_1552693985249378.png,6,1,7,0,0,7,0.124562,0.164235,10.75,640,640,38,300
waymo,rtdetr,4690718861228194910_1980_000_2000_000_1552693987249418,data\processed\milestone_3\images\waymo\external\4690718861228194910_1980_000_2000_000_1552693987249418.png,6,1,7,0,0,7,0.215694,0.215694,10.75,640,640,37,300
waymo,rtdetr,4690718861228194910_1980_000_2000_000_1552693988749330,data\processed\milestone_3\images\waymo\external\4690718861228194910_1980_000_2000_000_1552693988749330.png,6,1,7,0,0,7,0.438535,0.438535,10.75,640,640,44,300
waymo,rtdetr,4690718861228194910_1980_000_2000_000_1552693989249297,data\processed\milestone_3\images\waymo\external\4690718861228194910_1980_000_2000_000_1552693989249297.png,6,1,7,0,0,7,0.458667,0.458667,10.75,640,640,43,300
waymo,rtdetr,8679184381783013073_7740_000_7760_000_1541816072898499,data\processed\milestone_3\images\waymo\external\8679184381783013073_7740_000_7760_000_1541816072898499.png,6,1,7,0,0,7,0.044797,0.143746,10.75,640,640,37,300
waymo,retinanet,4690718861228194910_1980_000_2000_000_1552693982749472,data\processed\milestone_3\images\waymo\external\4690718861228194910_1980_000_2000_000_1552693982749472.png,6,1,7,0,0,7,0.0,0.141426,10.75,640,640,45,21
waymo,retinanet,4690718861228194910_1980_000_2000_000_1552693985249378,data\processed\milestone_3\images\waymo\external\4690718861228194910_1980_000_2000_000_1552693985249378.png,6,1,7,0,0,7,0.0,0.162033,10.75,640,640,38,14
waymo,retinanet,4690718861228194910_1980_000_2000_000_1552693987249418,data\processed\milestone_3\images\waymo\external\4690718861228194910_1980_000_2000_000_1552693987249418.png,6,1,7,0,0,7,0.0,0.144069,10.75,640,640,37,8
waymo,retinanet,4690718861228194910_1980_000_2000_000_1552693988749330,data\processed\milestone_3\images\waymo\external\4690718861228194910_1980_000_2000_000_1552693988749330.png,6,1,7,0,0,7,0.0,0.0,10.75,640,640,44,15
waymo,retinanet,4690718861228194910_1980_000_2000_000_1552693989249297,data\processed\milestone_3\images\waymo\external\4690718861228194910_1980_000_2000_000_1552693989249297.png,6,1,7,0,0,7,0.230605,0.199684,10.75,640,640,43,15
waymo,faster_rcnn,4690718861228194910_1980_000_2000_000_1552693982749472,data\processed\milestone_3\images\waymo\external\4690718861228194910_1980_000_2000_000_1552693982749472.png,6,1,7,0,0,7,0.0,0.135832,10.75,640,640,45,14
waymo,faster_rcnn,4690718861228194910_1980_000_2000_000_1552693983749438,data\processed\milestone_3\images\waymo\external\4690718861228194910_1980_000_2000_000_1552693983749438.png,6,1,7,0,0,7,0.0,0.520367,10.75,640,640,43,12
waymo,faster_rcnn,4690718861228194910_1980_000_2000_000_1552693985249378,data\processed\milestone_3\images\waymo\external\4690718861228194910_1980_000_2000_000_1552693985249378.png,6,1,7,0,0,7,0.0,0.136565,10.75,640,640,38,11
waymo,faster_rcnn,4690718861228194910_1980_000_2000_000_1552693987749399,data\processed\milestone_3\images\waymo\external\4690718861228194910_1980_000_2000_000_1552693987749399.png,6,1,7,0,0,7,0.0,0.677116,10.75,640,640,37,11
waymo,faster_rcnn,4690718861228194910_1980_000_2000_000_1552693988749330,data\processed\milestone_3\images\waymo\external\4690718861228194910_1980_000_2000_000_1552693988749330.png,6,1,7,0,0,7,0.0,0.0,10.75,640,640,44,9
waymo,faster_rcnn,4690718861228194910_1980_000_2000_000_1552693989249297,data\processed\milestone_3\images\waymo\external\4690718861228194910_1980_000_2000_000_1552693989249297.png,6,1,7,0,0,7,0.0,0.0,10.75,640,640,43,8
waymo,yolo,30779396576054160_1880_000_1900_000_1557845072664263,data\processed\milestone_3\images\waymo\external\30779396576054160_1880_000_1900_000_1557845072664263.png,7,0,7,0,0,7,0.193188,0.0,10.5,640,640,34,50
waymo,rtdetr,10289507859301986274_4200_000_4220_000_1557847395672605,data\processed\milestone_3\images\waymo\external\10289507859301986274_4200_000_4220_000_1557847395672605.png,7,0,7,0,0,7,0.357674,0.237864,10.5,640,640,29,300
waymo,rtdetr,13356997604177841771_3360_000_3380_000_1557267389588330,data\processed\milestone_3\images\waymo\external\13356997604177841771_3360_000_3380_000_1557267389588330.png,7,0,7,0,0,7,0.490066,0.390671,10.5,640,640,43,300
waymo,rtdetr,13356997604177841771_3360_000_3380_000_1557267390587932,data\processed\milestone_3\images\waymo\external\13356997604177841771_3360_000_3380_000_1557267390587932.png,7,0,7,0,0,7,0.427841,0.427841,10.5,640,640,46,300
waymo,rtdetr,30779396576054160_1880_000_1900_000_1557845075664314,data\processed\milestone_3\images\waymo\external\30779396576054160_1880_000_1900_000_1557845075664314.png,7,0,7,0,0,7,0.492988,0.117821,10.5,640,640,40,300
waymo,rtdetr,3577352947946244999_3980_000_4000_000_1557847186597367,data\processed\milestone_3\images\waymo\external\3577352947946244999_3980_000_4000_000_1557847186597367.png,7,0,7,0,0,7,0.411392,0.530055,10.5,640,640,36,300
waymo,rtdetr,3577352947946244999_3980_000_4000_000_1557847191597394,data\processed\milestone_3\images\waymo\external\3577352947946244999_3980_000_4000_000_1557847191597394.png,7,0,7,0,0,7,0.203968,0.160746,10.5,640,640,28,300
waymo,rtdetr,8679184381783013073_7740_000_7760_000_1541816073898483,data\processed\milestone_3\images\waymo\external\8679184381783013073_7740_000_7760_000_1541816073898483.png,7,0,7,0,0,7,0.359807,0.886256,10.5,640,640,35,300
waymo,retinanet,13356997604177841771_3360_000_3380_000_1557267390587932,data\processed\milestone_3\images\waymo\external\13356997604177841771_3360_000_3380_000_1557267390587932.png,7,0,7,0,0,7,0.062691,0.039021,10.5,640,640,46,18
waymo,retinanet,3577352947946244999_3980_000_4000_000_1557847190597337,data\processed\milestone_3\images\waymo\external\3577352947946244999_3980_000_4000_000_1557847190597337.png,7,0,7,0,0,7,0.475795,0.013214,10.5,640,640,21,14
waymo,retinanet,8679184381783013073_7740_000_7760_000_1541816074898668,data\processed\milestone_3\images\waymo\external\8679184381783013073_7740_000_7760_000_1541816074898668.png,7,0,7,0,0,7,0.0,0.0,10.5,640,640,33,7
waymo,faster_rcnn,3577352947946244999_3980_000_4000_000_1557847190597337,data\processed\milestone_3\images\waymo\external\3577352947946244999_3980_000_4000_000_1557847190597337.png,7,0,7,0,0,7,0.490897,0.186632,10.5,640,640,21,17
waymo,faster_rcnn,8679184381783013073_7740_000_7760_000_1541816074898668,data\processed\milestone_3\images\waymo\external\8679184381783013073_7740_000_7760_000_1541816074898668.png,7,0,7,0,0,7,0.0,0.0,10.5,640,640,33,1
waymo,yolo,13356997604177841771_3360_000_3380_000_1557267391087785,data\processed\milestone_3\images\waymo\external\13356997604177841771_3360_000_3380_000_1557267391087785.png,6,1,6,1,0,7,0.192428,0.707356,10.25,640,640,40,12
waymo,yolo,8679184381783013073_7740_000_7760_000_1541816070398965,data\processed\milestone_3\images\waymo\external\8679184381783013073_7740_000_7760_000_1541816070398965.png,6,1,6,1,0,7,0.0,0.0,10.25,640,640,35,0
waymo,rtdetr,30779396576054160_1880_000_1900_000_1557845079164322,data\processed\milestone_3\images\waymo\external\30779396576054160_1880_000_1900_000_1557845079164322.png,6,1,6,1,0,7,0.476819,0.476819,10.25,640,640,46,300
waymo,rtdetr,8679184381783013073_7740_000_7760_000_1541816060898879,data\processed\milestone_3\images\waymo\external\8679184381783013073_7740_000_7760_000_1541816060898879.png,6,1,6,1,0,7,0.088557,0.424593,10.25,640,640,36,300
waymo,rtdetr,8679184381783013073_7740_000_7760_000_1541816070398965,data\processed\milestone_3\images\waymo\external\8679184381783013073_7740_000_7760_000_1541816070398965.png,6,1,6,1,0,7,0.398151,0.398151,10.25,640,640,35,300
waymo,faster_rcnn,8679184381783013073_7740_000_7760_000_1541816070398965,data\processed\milestone_3\images\waymo\external\8679184381783013073_7740_000_7760_000_1541816070398965.png,6,1,6,1,0,7,0.0,0.0,10.25,640,640,35,5
waymo,faster_rcnn,8679184381783013073_7740_000_7760_000_1541816074398574,data\processed\milestone_3\images\waymo\external\8679184381783013073_7740_000_7760_000_1541816074398574.png,6,1,6,0,1,7,0.0,0.0,10.25,640,640,34,1
waymo,retinanet,30779396576054160_1880_000_1900_000_1557845074164295,data\processed\milestone_3\images\waymo\external\30779396576054160_1880_000_1900_000_1557845074164295.png,7,0,6,1,0,7,0.260049,0.015568,10.0,640,640,39,41
waymo,retinanet,30779396576054160_1880_000_1900_000_1557845077664355,data\processed\milestone_3\images\waymo\external\30779396576054160_1880_000_1900_000_1557845077664355.png,7,0,6,1,0,7,0.355679,0.275847,10.0,640,640,41,46
waymo,faster_rcnn,30779396576054160_1880_000_1900_000_1557845073664294,data\processed\milestone_3\images\waymo\external\30779396576054160_1880_000_1900_000_1557845073664294.png,7,0,6,1,0,7,0.0,0.068675,10.0,640,640,36,25
waymo,yolo,14931160836268555821_5778_870_5798_870_1507338339428611,data\processed\milestone_3\images\waymo\external\14931160836268555821_5778_870_5798_870_1507338339428611.png,3,3,6,0,0,6,0.0,0.0,9.75,640,640,10,2
waymo,yolo,14931160836268555821_5778_870_5798_870_1507338339928863,data\processed\milestone_3\images\waymo\external\14931160836268555821_5778_870_5798_870_1507338339928863.png,3,3,6,0,0,6,0.0,0.0,9.75,640,640,10,3
waymo,yolo,14931160836268555821_5778_870_5798_870_1507338340429041,data\processed\milestone_3\images\waymo\external\14931160836268555821_5778_870_5798_870_1507338340429041.png,3,3,6,0,0,6,0.0,0.0,9.75,640,640,10,3
waymo,yolo,14931160836268555821_5778_870_5798_870_1507338341429797,data\processed\milestone_3\images\waymo\external\14931160836268555821_5778_870_5798_870_1507338341429797.png,3,3,6,0,0,6,0.0,0.0,9.75,640,640,10,2
waymo,yolo,14931160836268555821_5778_870_5798_870_1507338341930342,data\processed\milestone_3\images\waymo\external\14931160836268555821_5778_870_5798_870_1507338341930342.png,3,3,6,0,0,6,0.0,0.0,9.75,640,640,10,3
waymo,yolo,14931160836268555821_5778_870_5798_870_1507338351634080,data\processed\milestone_3\images\waymo\external\14931160836268555821_5778_870_5798_870_1507338351634080.png,3,3,6,0,0,6,0.0,0.0,9.75,640,640,7,1
waymo,yolo,6324079979569135086_2372_300_2392_300_1506988292759607,data\processed\milestone_3\images\waymo\external\6324079979569135086_2372_300_2392_300_1506988292759607.png,3,3,6,0,0,6,0.0,0.0,9.75,640,640,30,10
waymo,rtdetr,14931160836268555821_5778_870_5798_870_1507338339428611,data\processed\milestone_3\images\waymo\external\14931160836268555821_5778_870_5798_870_1507338339428611.png,3,3,6,0,0,6,0.003995,0.016308,9.75,640,640,10,300
waymo,rtdetr,14931160836268555821_5778_870_5798_870_1507338339928863,data\processed\milestone_3\images\waymo\external\14931160836268555821_5778_870_5798_870_1507338339928863.png,3,3,6,0,0,6,0.117339,0.231679,9.75,640,640,10,300
waymo,rtdetr,14931160836268555821_5778_870_5798_870_1507338340429041,data\processed\milestone_3\images\waymo\external\14931160836268555821_5778_870_5798_870_1507338340429041.png,3,3,6,0,0,6,0.01978,0.19251,9.75,640,640,10,300
waymo,rtdetr,14931160836268555821_5778_870_5798_870_1507338341429797,data\processed\milestone_3\images\waymo\external\14931160836268555821_5778_870_5798_870_1507338341429797.png,3,3,6,0,0,6,0.15859,0.079509,9.75,640,640,10,300
waymo,rtdetr,14931160836268555821_5778_870_5798_870_1507338341930342,data\processed\milestone_3\images\waymo\external\14931160836268555821_5778_870_5798_870_1507338341930342.png,3,3,6,0,0,6,0.169938,0.066294,9.75,640,640,10,300
waymo,rtdetr,6324079979569135086_2372_300_2392_300_1506988291759180,data\processed\milestone_3\images\waymo\external\6324079979569135086_2372_300_2392_300_1506988291759180.png,3,3,6,0,0,6,0.077283,0.430381,9.75,640,640,31,300
waymo,retinanet,14931160836268555821_5778_870_5798_870_1507338339428611,data\processed\milestone_3\images\waymo\external\14931160836268555821_5778_870_5798_870_1507338339428611.png,3,3,6,0,0,6,0.0,0.0,9.75,640,640,10,4
waymo,retinanet,14931160836268555821_5778_870_5798_870_1507338339928863,data\processed\milestone_3\images\waymo\external\14931160836268555821_5778_870_5798_870_1507338339928863.png,3,3,6,0,0,6,0.0,0.0,9.75,640,640,10,5
waymo,retinanet,14931160836268555821_5778_870_5798_870_1507338340429041,data\processed\milestone_3\images\waymo\external\14931160836268555821_5778_870_5798_870_1507338340429041.png,3,3,6,0,0,6,0.0,0.0,9.75,640,640,10,3
waymo,retinanet,14931160836268555821_5778_870_5798_870_1507338341429797,data\processed\milestone_3\images\waymo\external\14931160836268555821_5778_870_5798_870_1507338341429797.png,3,3,6,0,0,6,0.0,0.0,9.75,640,640,10,3
waymo,retinanet,14931160836268555821_5778_870_5798_870_1507338341930342,data\processed\milestone_3\images\waymo\external\14931160836268555821_5778_870_5798_870_1507338341930342.png,3,3,6,0,0,6,0.0,0.0,9.75,640,640,10,3
waymo,retinanet,14931160836268555821_5778_870_5798_870_1507338349135391,data\processed\milestone_3\images\waymo\external\14931160836268555821_5778_870_5798_870_1507338349135391.png,3,3,6,0,0,6,0.361744,0.092005,9.75,640,640,9,5
waymo,retinanet,14931160836268555821_5778_870_5798_870_1507338349635394,data\processed\milestone_3\images\waymo\external\14931160836268555821_5778_870_5798_870_1507338349635394.png,3,3,6,0,0,6,0.0,0.505225,9.75,640,640,9,4
waymo,retinanet,6324079979569135086_2372_300_2392_300_1506988292759607,data\processed\milestone_3\images\waymo\external\6324079979569135086_2372_300_2392_300_1506988292759607.png,3,3,6,0,0,6,0.0,0.0,9.75,640,640,30,15
waymo,faster_rcnn,14931160836268555821_5778_870_5798_870_1507338339428611,data\processed\milestone_3\images\waymo\external\14931160836268555821_5778_870_5798_870_1507338339428611.png,3,3,6,0,0,6,0.0,0.000323,9.75,640,640,10,11
waymo,faster_rcnn,14931160836268555821_5778_870_5798_870_1507338339928863,data\processed\milestone_3\images\waymo\external\14931160836268555821_5778_870_5798_870_1507338339928863.png,3,3,6,0,0,6,0.0,0.000743,9.75,640,640,10,8
waymo,faster_rcnn,14931160836268555821_5778_870_5798_870_1507338340429041,data\processed\milestone_3\images\waymo\external\14931160836268555821_5778_870_5798_870_1507338340429041.png,3,3,6,0,0,6,0.0,0.001074,9.75,640,640,10,6
waymo,faster_rcnn,14931160836268555821_5778_870_5798_870_1507338341429797,data\processed\milestone_3\images\waymo\external\14931160836268555821_5778_870_5798_870_1507338341429797.png,3,3,6,0,0,6,0.0,0.0,9.75,640,640,10,6
waymo,faster_rcnn,14931160836268555821_5778_870_5798_870_1507338341930342,data\processed\milestone_3\images\waymo\external\14931160836268555821_5778_870_5798_870_1507338341930342.png,3,3,6,0,0,6,0.0,0.0,9.75,640,640,10,9
waymo,faster_rcnn,14931160836268555821_5778_870_5798_870_1507338351634080,data\processed\milestone_3\images\waymo\external\14931160836268555821_5778_870_5798_870_1507338351634080.png,3,3,6,0,0,6,0.483208,0.521309,9.75,640,640,7,6
waymo,faster_rcnn,6324079979569135086_2372_300_2392_300_1506988292759607,data\processed\milestone_3\images\waymo\external\6324079979569135086_2372_300_2392_300_1506988292759607.png,3,3,6,0,0,6,0.0,0.584033,9.75,640,640,30,11
waymo,yolo,14931160836268555821_5778_870_5798_870_1507338350135327,data\processed\milestone_3\images\waymo\external\14931160836268555821_5778_870_5798_870_1507338350135327.png,4,2,6,0,0,6,0.0,0.0,9.5,640,640,8,2
waymo,yolo,9041488218266405018_6454_030_6474_030_1508979394726006,data\processed\milestone_3\images\waymo\external\9041488218266405018_6454_030_6474_030_1508979394726006.png,4,2,6,0,0,6,0.0,0.0,9.5,640,640,15,2
waymo,rtdetr,14931160836268555821_5778_870_5798_870_1507338347135465,data\processed\milestone_3\images\waymo\external\14931160836268555821_5778_870_5798_870_1507338347135465.png,4,2,6,0,0,6,0.075003,0.190669,9.5,640,640,11,300
waymo,rtdetr,14931160836268555821_5778_870_5798_870_1507338347835422,data\processed\milestone_3\images\waymo\external\14931160836268555821_5778_870_5798_870_1507338347835422.png,4,2,6,0,0,6,0.441751,0.441751,9.5,640,640,9,300
waymo,rtdetr,9041488218266405018_6454_030_6474_030_1508979394726006,data\processed\milestone_3\images\waymo\external\9041488218266405018_6454_030_6474_030_1508979394726006.png,4,2,6,0,0,6,0.0,0.025663,9.5,640,640,15,300
waymo,retinanet,14931160836268555821_5778_870_5798_870_1507338347835422,data\processed\milestone_3\images\waymo\external\14931160836268555821_5778_870_5798_870_1507338347835422.png,4,2,6,0,0,6,0.420467,0.345654,9.5,640,640,9,4
waymo,retinanet,14931160836268555821_5778_870_5798_870_1507338350135327,data\processed\milestone_3\images\waymo\external\14931160836268555821_5778_870_5798_870_1507338350135327.png,4,2,6,0,0,6,0.0,0.0,9.5,640,640,8,2
waymo,retinanet,9041488218266405018_6454_030_6474_030_1508979394726006,data\processed\milestone_3\images\waymo\external\9041488218266405018_6454_030_6474_030_1508979394726006.png,4,2,6,0,0,6,0.0,0.0,9.5,640,640,15,3
waymo,faster_rcnn,14931160836268555821_5778_870_5798_870_1507338351134600,data\processed\milestone_3\images\waymo\external\14931160836268555821_5778_870_5798_870_1507338351134600.png,4,2,6,0,0,6,0.0,0.017357,9.5,640,640,8,7
waymo,faster_rcnn,9041488218266405018_6454_030_6474_030_1508979394726006,data\processed\milestone_3\images\waymo\external\9041488218266405018_6454_030_6474_030_1508979394726006.png,4,2,6,0,0,6,0.0,0.0,9.5,640,640,15,3
waymo,yolo,16213317953898915772_1597_170_1617_170_1509233614793727,data\processed\milestone_3\images\waymo\external\16213317953898915772_1597_170_1617_170_1509233614793727.png,5,1,6,0,0,6,0.009806,0.010344,9.25,640,640,40,16
waymo,yolo,16213317953898915772_1597_170_1617_170_1509233615793809,data\processed\milestone_3\images\waymo\external\16213317953898915772_1597_170_1617_170_1509233615793809.png,5,1,6,0,0,6,0.183881,0.0,9.25,640,640,40,20
waymo,yolo,16213317953898915772_1597_170_1617_170_1509233616293776,data\processed\milestone_3\images\waymo\external\16213317953898915772_1597_170_1617_170_1509233616293776.png,5,1,6,0,0,6,0.0,0.0,9.25,640,640,39,16
waymo,yolo,16213317953898915772_1597_170_1617_170_1509233617293594,data\processed\milestone_3\images\waymo\external\16213317953898915772_1597_170_1617_170_1509233617293594.png,5,1,6,0,0,6,0.0,0.0,9.25,640,640,37,17
waymo,yolo,16213317953898915772_1597_170_1617_170_1509233617793632,data\processed\milestone_3\images\waymo\external\16213317953898915772_1597_170_1617_170_1509233617793632.png,5,1,6,0,0,6,0.0,0.0,9.25,640,640,37,16
waymo,yolo,16213317953898915772_1597_170_1617_170_1509233618293733,data\processed\milestone_3\images\waymo\external\16213317953898915772_1597_170_1617_170_1509233618293733.png,5,1,6,0,0,6,0.0,0.0,9.25,640,640,37,19
waymo,yolo,16213317953898915772_1597_170_1617_170_1509233618793772,data\processed\milestone_3\images\waymo\external\16213317953898915772_1597_170_1617_170_1509233618793772.png,5,1,6,0,0,6,0.0,0.0,9.25,640,640,37,15
waymo,yolo,16213317953898915772_1597_170_1617_170_1509233619293687,data\processed\milestone_3\images\waymo\external\16213317953898915772_1597_170_1617_170_1509233619293687.png,5,1,6,0,0,6,0.0,0.0,9.25,640,640,38,14
waymo,yolo,2736377008667623133_2676_410_2696_410_1511721504499973,data\processed\milestone_3\images\waymo\external\2736377008667623133_2676_410_2696_410_1511721504499973.png,5,1,6,0,0,6,0.0,0.0,9.25,640,640,7,0
waymo,yolo,2736377008667623133_2676_410_2696_410_1511721505000847,data\processed\milestone_3\images\waymo\external\2736377008667623133_2676_410_2696_410_1511721505000847.png,5,1,6,0,0,6,0.0,0.0,9.25,640,640,7,0
waymo,yolo,2736377008667623133_2676_410_2696_410_1511721505500878,data\processed\milestone_3\images\waymo\external\2736377008667623133_2676_410_2696_410_1511721505500878.png,5,1,6,0,0,6,0.0,0.627405,9.25,640,640,7,3
waymo,yolo,2736377008667623133_2676_410_2696_410_1511721506500766,data\processed\milestone_3\images\waymo\external\2736377008667623133_2676_410_2696_410_1511721506500766.png,5,1,6,0,0,6,0.376482,0.291649,9.25,640,640,7,6
waymo,yolo,4690718861228194910_1980_000_2000_000_1552693984749398,data\processed\milestone_3\images\waymo\external\4690718861228194910_1980_000_2000_000_1552693984749398.png,5,1,6,0,0,6,0.0,0.026103,9.25,640,640,44,25
waymo,yolo,4690718861228194910_1980_000_2000_000_1552693989749305,data\processed\milestone_3\images\waymo\external\4690718861228194910_1980_000_2000_000_1552693989749305.png,5,1,6,0,0,6,0.031948,0.0,9.25,640,640,41,22
waymo,yolo,6324079979569135086_2372_300_2392_300_1506988295259170,data\processed\milestone_3\images\waymo\external\6324079979569135086_2372_300_2392_300_1506988295259170.png,5,1,6,0,0,6,0.0,0.0,9.25,640,640,31,20
waymo,yolo,8679184381783013073_7740_000_7760_000_1541816068398899,data\processed\milestone_3\images\waymo\external\8679184381783013073_7740_000_7760_000_1541816068398899.png,5,1,6,0,0,6,0.0,0.0,9.25,640,640,33,0
waymo,yolo,8679184381783013073_7740_000_7760_000_1541816071898424,data\processed\milestone_3\images\waymo\external\8679184381783013073_7740_000_7760_000_1541816071898424.png,5,1,6,0,0,6,0.0,0.0,9.25,640,640,34,0
waymo,rtdetr,16213317953898915772_1597_170_1617_170_1509233614793727,data\processed\milestone_3\images\waymo\external\16213317953898915772_1597_170_1617_170_1509233614793727.png,5,1,6,0,0,6,0.379765,0.394639,9.25,640,640,40,300
waymo,rtdetr,16213317953898915772_1597_170_1617_170_1509233616293776,data\processed\milestone_3\images\waymo\external\16213317953898915772_1597_170_1617_170_1509233616293776.png,5,1,6,0,0,6,0.425924,0.425924,9.25,640,640,39,300
waymo,rtdetr,16213317953898915772_1597_170_1617_170_1509233617293594,data\processed\milestone_3\images\waymo\external\16213317953898915772_1597_170_1617_170_1509233617293594.png,5,1,6,0,0,6,0.453636,0.453636,9.25,640,640,37,300
waymo,rtdetr,16213317953898915772_1597_170_1617_170_1509233617793632,data\processed\milestone_3\images\waymo\external\16213317953898915772_1597_170_1617_170_1509233617793632.png,5,1,6,0,0,6,0.481518,0.481518,9.25,640,640,37,300
waymo,rtdetr,16213317953898915772_1597_170_1617_170_1509233618793772,data\processed\milestone_3\images\waymo\external\16213317953898915772_1597_170_1617_170_1509233618793772.png,5,1,6,0,0,6,0.413541,0.413541,9.25,640,640,37,300
waymo,rtdetr,16213317953898915772_1597_170_1617_170_1509233619293687,data\processed\milestone_3\images\waymo\external\16213317953898915772_1597_170_1617_170_1509233619293687.png,5,1,6,0,0,6,0.449932,0.449932,9.25,640,640,38,300
waymo,rtdetr,2736377008667623133_2676_410_2696_410_1511721503997894,data\processed\milestone_3\images\waymo\external\2736377008667623133_2676_410_2696_410_1511721503997894.png,5,1,6,0,0,6,0.445058,0.445058,9.25,640,640,7,300
waymo,rtdetr,2736377008667623133_2676_410_2696_410_1511721505000847,data\processed\milestone_3\images\waymo\external\2736377008667623133_2676_410_2696_410_1511721505000847.png,5,1,6,0,0,6,0.439147,0.439147,9.25,640,640,7,300
waymo,rtdetr,4690718861228194910_1980_000_2000_000_1552693982749472,data\processed\milestone_3\images\waymo\external\4690718861228194910_1980_000_2000_000_1552693982749472.png,5,1,6,0,0,6,0.220205,0.220205,9.25,640,640,45,300
waymo,rtdetr,4690718861228194910_1980_000_2000_000_1552693983249433,data\processed\milestone_3\images\waymo\external\4690718861228194910_1980_000_2000_000_1552693983249433.png,5,1,6,0,0,6,0.225898,0.225898,9.25,640,640,44,300
waymo,rtdetr,4690718861228194910_1980_000_2000_000_1552693983749438,data\processed\milestone_3\images\waymo\external\4690718861228194910_1980_000_2000_000_1552693983749438.png,5,1,6,0,0,6,0.289825,0.289825,9.25,640,640,43,300
waymo,rtdetr,4690718861228194910_1980_000_2000_000_1552693984749398,data\processed\milestone_3\images\waymo\external\4690718861228194910_1980_000_2000_000_1552693984749398.png,5,1,6,0,0,6,0.007056,0.135229,9.25,640,640,44,300
waymo,rtdetr,4690718861228194910_1980_000_2000_000_1552693987749399,data\processed\milestone_3\images\waymo\external\4690718861228194910_1980_000_2000_000_1552693987749399.png,5,1,6,0,0,6,0.11263,0.11263,9.25,640,640,37,300
waymo,rtdetr,6324079979569135086_2372_300_2392_300_1506988295259170,data\processed\milestone_3\images\waymo\external\6324079979569135086_2372_300_2392_300_1506988295259170.png,5,1,6,0,0,6,0.295094,0.295094,9.25,640,640,31,300
waymo,rtdetr,6324079979569135086_2372_300_2392_300_1506988295759068,data\processed\milestone_3\images\waymo\external\6324079979569135086_2372_300_2392_300_1506988295759068.png,5,1,6,0,0,6,0.0,0.271932,9.25,640,640,36,300
waymo,rtdetr,8679184381783013073_7740_000_7760_000_1541816068398899,data\processed\milestone_3\images\waymo\external\8679184381783013073_7740_000_7760_000_1541816068398899.png,5,1,6,0,0,6,0.2269,0.321014,9.25,640,640,33,300
waymo,rtdetr,8679184381783013073_7740_000_7760_000_1541816071898424,data\processed\milestone_3\images\waymo\external\8679184381783013073_7740_000_7760_000_1541816071898424.png,5,1,6,0,0,6,0.476378,0.476378,9.25,640,640,34,300
waymo,retinanet,16213317953898915772_1597_170_1617_170_1509233614793727,data\processed\milestone_3\images\waymo\external\16213317953898915772_1597_170_1617_170_1509233614793727.png,5,1,6,0,0,6,0.0,0.0,9.25,640,640,40,17
waymo,retinanet,16213317953898915772_1597_170_1617_170_1509233615793809,data\processed\milestone_3\images\waymo\external\16213317953898915772_1597_170_1617_170_1509233615793809.png,5,1,6,0,0,6,0.0,0.0,9.25,640,640,40,13
waymo,retinanet,16213317953898915772_1597_170_1617_170_1509233616293776,data\processed\milestone_3\images\waymo\external\16213317953898915772_1597_170_1617_170_1509233616293776.png,5,1,6,0,0,6,0.0,0.068505,9.25,640,640,39,16
waymo,retinanet,16213317953898915772_1597_170_1617_170_1509233617293594,data\processed\milestone_3\images\waymo\external\16213317953898915772_1597_170_1617_170_1509233617293594.png,5,1,6,0,0,6,0.0,0.0,9.25,640,640,37,14
waymo,retinanet,16213317953898915772_1597_170_1617_170_1509233617793632,data\processed\milestone_3\images\waymo\external\16213317953898915772_1597_170_1617_170_1509233617793632.png,5,1,6,0,0,6,0.0,0.0,9.25,640,640,37,13
waymo,retinanet,16213317953898915772_1597_170_1617_170_1509233618293733,data\processed\milestone_3\images\waymo\external\16213317953898915772_1597_170_1617_170_1509233618293733.png,5,1,6,0,0,6,0.0,0.0,9.25,640,640,37,13
waymo,retinanet,16213317953898915772_1597_170_1617_170_1509233618793772,data\processed\milestone_3\images\waymo\external\16213317953898915772_1597_170_1617_170_1509233618793772.png,5,1,6,0,0,6,0.0,0.0,9.25,640,640,37,14
waymo,retinanet,16213317953898915772_1597_170_1617_170_1509233619293687,data\processed\milestone_3\images\waymo\external\16213317953898915772_1597_170_1617_170_1509233619293687.png,5,1,6,0,0,6,0.0,0.0,9.25,640,640,38,13
waymo,retinanet,2736377008667623133_2676_410_2696_410_1511721506500766,data\processed\milestone_3\images\waymo\external\2736377008667623133_2676_410_2696_410_1511721506500766.png,5,1,6,0,0,6,0.377129,0.19465,9.25,640,640,7,2
waymo,retinanet,4690718861228194910_1980_000_2000_000_1552693983249433,data\processed\milestone_3\images\waymo\external\4690718861228194910_1980_000_2000_000_1552693983249433.png,5,1,6,0,0,6,0.0,0.130771,9.25,640,640,44,17
waymo,retinanet,4690718861228194910_1980_000_2000_000_1552693983749438,data\processed\milestone_3\images\waymo\external\4690718861228194910_1980_000_2000_000_1552693983749438.png,5,1,6,0,0,6,0.0,0.127495,9.25,640,640,43,16
waymo,retinanet,4690718861228194910_1980_000_2000_000_1552693984249382,data\processed\milestone_3\images\waymo\external\4690718861228194910_1980_000_2000_000_1552693984249382.png,5,1,6,0,0,6,0.0,0.133945,9.25,640,640,45,15
waymo,retinanet,4690718861228194910_1980_000_2000_000_1552693984749398,data\processed\milestone_3\images\waymo\external\4690718861228194910_1980_000_2000_000_1552693984749398.png,5,1,6,0,0,6,0.0,0.0,9.25,640,640,44,13
waymo,retinanet,4690718861228194910_1980_000_2000_000_1552693987749399,data\processed\milestone_3\images\waymo\external\4690718861228194910_1980_000_2000_000_1552693987749399.png,5,1,6,0,0,6,0.0,0.040111,9.25,640,640,37,16
waymo,retinanet,4690718861228194910_1980_000_2000_000_1552693988249416,data\processed\milestone_3\images\waymo\external\4690718861228194910_1980_000_2000_000_1552693988249416.png,5,1,6,0,0,6,0.0,0.784255,9.25,640,640,42,15
waymo,retinanet,4690718861228194910_1980_000_2000_000_1552693989749305,data\processed\milestone_3\images\waymo\external\4690718861228194910_1980_000_2000_000_1552693989749305.png,5,1,6,0,0,6,0.0,0.21618,9.25,640,640,41,16
waymo,retinanet,6324079979569135086_2372_300_2392_300_1506988295259170,data\processed\milestone_3\images\waymo\external\6324079979569135086_2372_300_2392_300_1506988295259170.png,5,1,6,0,0,6,0.0,0.020398,9.25,640,640,31,14
waymo,retinanet,8679184381783013073_7740_000_7760_000_1541816068398899,data\processed\milestone_3\images\waymo\external\8679184381783013073_7740_000_7760_000_1541816068398899.png,5,1,6,0,0,6,0.0,0.0,9.25,640,640,33,1
waymo,retinanet,8679184381783013073_7740_000_7760_000_1541816071898424,data\processed\milestone_3\images\waymo\external\8679184381783013073_7740_000_7760_000_1541816071898424.png,5,1,6,0,0,6,0.0,0.008015,9.25,640,640,34,7
waymo,faster_rcnn,16213317953898915772_1597_170_1617_170_1509233614793727,data\processed\milestone_3\images\waymo\external\16213317953898915772_1597_170_1617_170_1509233614793727.png,5,1,6,0,0,6,0.0,0.000791,9.25,640,640,40,10
waymo,faster_rcnn,16213317953898915772_1597_170_1617_170_1509233615793809,data\processed\milestone_3\images\waymo\external\16213317953898915772_1597_170_1617_170_1509233615793809.png,5,1,6,0,0,6,0.0,0.000849,9.25,640,640,40,11
waymo,faster_rcnn,16213317953898915772_1597_170_1617_170_1509233616293776,data\processed\milestone_3\images\waymo\external\16213317953898915772_1597_170_1617_170_1509233616293776.png,5,1,6,0,0,6,0.0,0.000737,9.25,640,640,39,11
waymo,faster_rcnn,16213317953898915772_1597_170_1617_170_1509233617293594,data\processed\milestone_3\images\waymo\external\16213317953898915772_1597_170_1617_170_1509233617293594.png,5,1,6,0,0,6,0.0,0.000559,9.25,640,640,37,10
waymo,faster_rcnn,16213317953898915772_1597_170_1617_170_1509233617793632,data\processed\milestone_3\images\waymo\external\16213317953898915772_1597_170_1617_170_1509233617793632.png,5,1,6,0,0,6,0.0,0.000596,9.25,640,640,37,12
waymo,faster_rcnn,16213317953898915772_1597_170_1617_170_1509233618293733,data\processed\milestone_3\images\waymo\external\16213317953898915772_1597_170_1617_170_1509233618293733.png,5,1,6,0,0,6,0.0,0.000678,9.25,640,640,37,9
waymo,faster_rcnn,16213317953898915772_1597_170_1617_170_1509233618793772,data\processed\milestone_3\images\waymo\external\16213317953898915772_1597_170_1617_170_1509233618793772.png,5,1,6,0,0,6,0.0,0.000612,9.25,640,640,37,9
waymo,faster_rcnn,16213317953898915772_1597_170_1617_170_1509233619293687,data\processed\milestone_3\images\waymo\external\16213317953898915772_1597_170_1617_170_1509233619293687.png,5,1,6,0,0,6,0.0,0.000811,9.25,640,640,38,10
waymo,faster_rcnn,2736377008667623133_2676_410_2696_410_1511721507000880,data\processed\milestone_3\images\waymo\external\2736377008667623133_2676_410_2696_410_1511721507000880.png,5,1,6,0,0,6,0.450651,0.464476,9.25,640,640,7,10
waymo,faster_rcnn,4690718861228194910_1980_000_2000_000_1552693984749398,data\processed\milestone_3\images\waymo\external\4690718861228194910_1980_000_2000_000_1552693984749398.png,5,1,6,0,0,6,0.0,0.0,9.25,640,640,44,10
waymo,faster_rcnn,4690718861228194910_1980_000_2000_000_1552693985749361,data\processed\milestone_3\images\waymo\external\4690718861228194910_1980_000_2000_000_1552693985749361.png,5,1,6,0,0,6,0.0,0.549913,9.25,640,640,27,9
waymo,faster_rcnn,4690718861228194910_1980_000_2000_000_1552693988249416,data\processed\milestone_3\images\waymo\external\4690718861228194910_1980_000_2000_000_1552693988249416.png,5,1,6,0,0,6,0.0,0.584737,9.25,640,640,42,12
waymo,faster_rcnn,4690718861228194910_1980_000_2000_000_1552693989749305,data\processed\milestone_3\images\waymo\external\4690718861228194910_1980_000_2000_000_1552693989749305.png,5,1,6,0,0,6,0.0,0.0,9.25,640,640,41,11
waymo,faster_rcnn,6324079979569135086_2372_300_2392_300_1506988295259170,data\processed\milestone_3\images\waymo\external\6324079979569135086_2372_300_2392_300_1506988295259170.png,5,1,6,0,0,6,0.0,0.0,9.25,640,640,31,7
waymo,faster_rcnn,8679184381783013073_7740_000_7760_000_1541816068398899,data\processed\milestone_3\images\waymo\external\8679184381783013073_7740_000_7760_000_1541816068398899.png,5,1,6,0,0,6,0.0,0.0,9.25,640,640,33,2
waymo,faster_rcnn,8679184381783013073_7740_000_7760_000_1541816071898424,data\processed\milestone_3\images\waymo\external\8679184381783013073_7740_000_7760_000_1541816071898424.png,5,1,6,0,0,6,0.0,0.0,9.25,640,640,34,4
waymo,yolo,3039251927598134881_1240_610_1260_610_1507246308398329,data\processed\milestone_3\images\waymo\external\3039251927598134881_1240_610_1260_610_1507246308398329.png,6,0,6,0,0,6,0.0,0.0,9.0,640,640,15,2
waymo,yolo,3039251927598134881_1240_610_1260_610_1507246308898414,data\processed\milestone_3\images\waymo\external\3039251927598134881_1240_610_1260_610_1507246308898414.png,6,0,6,0,0,6,0.0,0.0,9.0,640,640,15,4
waymo,yolo,4690718861228194910_1980_000_2000_000_1552693981749467,data\processed\milestone_3\images\waymo\external\4690718861228194910_1980_000_2000_000_1552693981749467.png,6,0,6,0,0,6,0.0,0.369969,9.0,640,640,43,15
waymo,yolo,933621182106051783_4160_000_4180_000_1543516672772394,data\processed\milestone_3\images\waymo\external\933621182106051783_4160_000_4180_000_1543516672772394.png,6,0,6,0,0,6,0.0,0.023903,9.0,640,640,41,16
waymo,rtdetr,3039251927598134881_1240_610_1260_610_1507246308398329,data\processed\milestone_3\images\waymo\external\3039251927598134881_1240_610_1260_610_1507246308398329.png,6,0,6,0,0,6,0.0,0.080799,9.0,640,640,15,300
waymo,rtdetr,3039251927598134881_1240_610_1260_610_1507246308898414,data\processed\milestone_3\images\waymo\external\3039251927598134881_1240_610_1260_610_1507246308898414.png,6,0,6,0,0,6,0.0,0.219743,9.0,640,640,15,300
waymo,rtdetr,30779396576054160_1880_000_1900_000_1557845079664314,data\processed\milestone_3\images\waymo\external\30779396576054160_1880_000_1900_000_1557845079664314.png,6,0,6,0,0,6,0.421925,0.329112,9.0,640,640,46,300
waymo,rtdetr,30779396576054160_1880_000_1900_000_1557845083164333,data\processed\milestone_3\images\waymo\external\30779396576054160_1880_000_1900_000_1557845083164333.png,6,0,6,0,0,6,0.251248,0.09046,9.0,640,640,47,300
waymo,rtdetr,30779396576054160_1880_000_1900_000_1557845083664337,data\processed\milestone_3\images\waymo\external\30779396576054160_1880_000_1900_000_1557845083664337.png,6,0,6,0,0,6,0.426491,0.316354,9.0,640,640,45,300
waymo,rtdetr,8679184381783013073_7740_000_7760_000_1541816074398574,data\processed\milestone_3\images\waymo\external\8679184381783013073_7740_000_7760_000_1541816074398574.png,6,0,6,0,0,6,0.488819,0.488819,9.0,640,640,34,300
waymo,rtdetr,933621182106051783_4160_000_4180_000_1543516672772394,data\processed\milestone_3\images\waymo\external\933621182106051783_4160_000_4180_000_1543516672772394.png,6,0,6,0,0,6,0.272275,0.368633,9.0,640,640,41,300
waymo,retinanet,13356997604177841771_3360_000_3380_000_1557267389588330,data\processed\milestone_3\images\waymo\external\13356997604177841771_3360_000_3380_000_1557267389588330.png,6,0,6,0,0,6,0.427626,0.018507,9.0,640,640,43,29
waymo,retinanet,3039251927598134881_1240_610_1260_610_1507246308398329,data\processed\milestone_3\images\waymo\external\3039251927598134881_1240_610_1260_610_1507246308398329.png,6,0,6,0,0,6,0.0,0.0,9.0,640,640,15,2
waymo,retinanet,3039251927598134881_1240_610_1260_610_1507246308898414,data\processed\milestone_3\images\waymo\external\3039251927598134881_1240_610_1260_610_1507246308898414.png,6,0,6,0,0,6,0.0,0.0,9.0,640,640,15,4
waymo,retinanet,933621182106051783_4160_000_4180_000_1543516672772394,data\processed\milestone_3\images\waymo\external\933621182106051783_4160_000_4180_000_1543516672772394.png,6,0,6,0,0,6,0.0,0.022046,9.0,640,640,41,16
waymo,faster_rcnn,3039251927598134881_1240_610_1260_610_1507246308398329,data\processed\milestone_3\images\waymo\external\3039251927598134881_1240_610_1260_610_1507246308398329.png,6,0,6,0,0,6,0.0,0.0,9.0,640,640,15,5
waymo,faster_rcnn,3039251927598134881_1240_610_1260_610_1507246308898414,data\processed\milestone_3\images\waymo\external\3039251927598134881_1240_610_1260_610_1507246308898414.png,6,0,6,0,0,6,0.0,0.0,9.0,640,640,15,4
waymo,faster_rcnn,30779396576054160_1880_000_1900_000_1557845072664263,data\processed\milestone_3\images\waymo\external\30779396576054160_1880_000_1900_000_1557845072664263.png,6,0,6,0,0,6,0.016272,0.074008,9.0,640,640,34,28
waymo,faster_rcnn,933621182106051783_4160_000_4180_000_1543516672772394,data\processed\milestone_3\images\waymo\external\933621182106051783_4160_000_4180_000_1543516672772394.png,6,0,6,0,0,6,0.0,0.041076,9.0,640,640,41,11
waymo,rtdetr,8679184381783013073_7740_000_7760_000_1541816061898859,data\processed\milestone_3\images\waymo\external\8679184381783013073_7740_000_7760_000_1541816061898859.png,5,1,5,1,0,6,0.258791,0.173447,8.75,640,640,36,300
waymo,retinanet,8679184381783013073_7740_000_7760_000_1541816070398965,data\processed\milestone_3\images\waymo\external\8679184381783013073_7740_000_7760_000_1541816070398965.png,5,1,5,1,0,6,0.0,0.0,8.75,640,640,35,2
waymo,retinanet,8679184381783013073_7740_000_7760_000_1541816074398574,data\processed\milestone_3\images\waymo\external\8679184381783013073_7740_000_7760_000_1541816074398574.png,5,1,5,0,1,6,0.049657,0.0,8.75,640,640,34,6
waymo,rtdetr,30779396576054160_1880_000_1900_000_1557845073664294,data\processed\milestone_3\images\waymo\external\30779396576054160_1880_000_1900_000_1557845073664294.png,6,0,5,1,0,6,0.464769,0.506939,8.5,640,640,36,300
waymo,rtdetr,30779396576054160_1880_000_1900_000_1557845077664355,data\processed\milestone_3\images\waymo\external\30779396576054160_1880_000_1900_000_1557845077664355.png,6,0,5,1,0,6,0.497847,0.497847,8.5,640,640,41,300
waymo,yolo,14931160836268555821_5778_870_5798_870_1507338352632870,data\processed\milestone_3\images\waymo\external\14931160836268555821_5778_870_5798_870_1507338352632870.png,2,3,5,0,0,5,0.0,0.560836,8.25,640,640,6,2
waymo,yolo,6324079979569135086_2372_300_2392_300_1506988293259610,data\processed\milestone_3\images\waymo\external\6324079979569135086_2372_300_2392_300_1506988293259610.png,3,2,5,0,0,5,0.0,0.0,8.0,640,640,29,10
waymo,yolo,6324079979569135086_2372_300_2392_300_1506988296259175,data\processed\milestone_3\images\waymo\external\6324079979569135086_2372_300_2392_300_1506988296259175.png,3,2,5,0,0,5,0.0,0.0,8.0,640,640,32,15
waymo,yolo,6324079979569135086_2372_300_2392_300_1506988297758918,data\processed\milestone_3\images\waymo\external\6324079979569135086_2372_300_2392_300_1506988297758918.png,3,2,5,0,0,5,0.0,0.0,8.0,640,640,31,13
waymo,yolo,9041488218266405018_6454_030_6474_030_1508979394226030,data\processed\milestone_3\images\waymo\external\9041488218266405018_6454_030_6474_030_1508979394226030.png,3,2,5,0,0,5,0.0,0.0,8.0,640,640,14,3
waymo,rtdetr,14931160836268555821_5778_870_5798_870_1507338350135327,data\processed\milestone_3\images\waymo\external\14931160836268555821_5778_870_5798_870_1507338350135327.png,3,2,5,0,0,5,0.461425,0.461425,8.0,640,640,8,300
waymo,rtdetr,6324079979569135086_2372_300_2392_300_1506988291259304,data\processed\milestone_3\images\waymo\external\6324079979569135086_2372_300_2392_300_1506988291259304.png,3,2,5,0,0,5,0.473564,0.473564,8.0,640,640,29,300
waymo,rtdetr,6324079979569135086_2372_300_2392_300_1506988292259364,data\processed\milestone_3\images\waymo\external\6324079979569135086_2372_300_2392_300_1506988292259364.png,3,2,5,0,0,5,0.081616,0.145044,8.0,640,640,30,300
waymo,rtdetr,6324079979569135086_2372_300_2392_300_1506988292759607,data\processed\milestone_3\images\waymo\external\6324079979569135086_2372_300_2392_300_1506988292759607.png,3,2,5,0,0,5,0.074419,0.326222,8.0,640,640,30,300
waymo,rtdetr,6324079979569135086_2372_300_2392_300_1506988293259610,data\processed\milestone_3\images\waymo\external\6324079979569135086_2372_300_2392_300_1506988293259610.png,3,2,5,0,0,5,0.236583,0.327217,8.0,640,640,29,300
waymo,rtdetr,9041488218266405018_6454_030_6474_030_1508979394226030,data\processed\milestone_3\images\waymo\external\9041488218266405018_6454_030_6474_030_1508979394226030.png,3,2,5,0,0,5,0.0,0.045168,8.0,640,640,14,300
waymo,retinanet,14931160836268555821_5778_870_5798_870_1507338350635049,data\processed\milestone_3\images\waymo\external\14931160836268555821_5778_870_5798_870_1507338350635049.png,3,2,5,0,0,5,0.061063,0.164348,8.0,640,640,8,4
waymo,retinanet,6324079979569135086_2372_300_2392_300_1506988293259610,data\processed\milestone_3\images\waymo\external\6324079979569135086_2372_300_2392_300_1506988293259610.png,3,2,5,0,0,5,0.0,0.0,8.0,640,640,29,14
waymo,retinanet,6324079979569135086_2372_300_2392_300_1506988297758918,data\processed\milestone_3\images\waymo\external\6324079979569135086_2372_300_2392_300_1506988297758918.png,3,2,5,0,0,5,0.0,0.588746,8.0,640,640,31,16
waymo,retinanet,9041488218266405018_6454_030_6474_030_1508979394226030,data\processed\milestone_3\images\waymo\external\9041488218266405018_6454_030_6474_030_1508979394226030.png,3,2,5,0,0,5,0.0,0.0,8.0,640,640,14,1
waymo,faster_rcnn,6324079979569135086_2372_300_2392_300_1506988293259610,data\processed\milestone_3\images\waymo\external\6324079979569135086_2372_300_2392_300_1506988293259610.png,3,2,5,0,0,5,0.0,0.07746,8.0,640,640,29,14
waymo,faster_rcnn,6324079979569135086_2372_300_2392_300_1506988297758918,data\processed\milestone_3\images\waymo\external\6324079979569135086_2372_300_2392_300_1506988297758918.png,3,2,5,0,0,5,0.488465,0.518798,8.0,640,640,31,15
waymo,faster_rcnn,9041488218266405018_6454_030_6474_030_1508979394226030,data\processed\milestone_3\images\waymo\external\9041488218266405018_6454_030_6474_030_1508979394226030.png,3,2,5,0,0,5,0.0,0.000473,8.0,640,640,14,3
waymo,yolo,14931160836268555821_5778_870_5798_870_1507338351134600,data\processed\milestone_3\images\waymo\external\14931160836268555821_5778_870_5798_870_1507338351134600.png,4,1,5,0,0,5,0.0,0.0,7.75,640,640,8,4
waymo,yolo,16213317953898915772_1597_170_1617_170_1509233615293762,data\processed\milestone_3\images\waymo\external\16213317953898915772_1597_170_1617_170_1509233615293762.png,4,1,5,0,0,5,0.0,0.0,7.75,640,640,40,16
waymo,yolo,16213317953898915772_1597_170_1617_170_1509233616793637,data\processed\milestone_3\images\waymo\external\16213317953898915772_1597_170_1617_170_1509233616793637.png,4,1,5,0,0,5,0.0,0.0,7.75,640,640,37,17
waymo,yolo,16213317953898915772_1597_170_1617_170_1509233619793571,data\processed\milestone_3\images\waymo\external\16213317953898915772_1597_170_1617_170_1509233619793571.png,4,1,5,0,0,5,0.0,0.0,7.75,640,640,37,16
waymo,yolo,16213317953898915772_1597_170_1617_170_1509233620293598,data\processed\milestone_3\images\waymo\external\16213317953898915772_1597_170_1617_170_1509233620293598.png,4,1,5,0,0,5,0.0,0.0,7.75,640,640,37,15
waymo,yolo,16213317953898915772_1597_170_1617_170_1509233620793703,data\processed\milestone_3\images\waymo\external\16213317953898915772_1597_170_1617_170_1509233620793703.png,4,1,5,0,0,5,0.0,0.0,7.75,640,640,37,19
waymo,yolo,16213317953898915772_1597_170_1617_170_1509233621293910,data\processed\milestone_3\images\waymo\external\16213317953898915772_1597_170_1617_170_1509233621293910.png,4,1,5,0,0,5,0.0,0.0,7.75,640,640,36,11
waymo,yolo,16213317953898915772_1597_170_1617_170_1509233621793942,data\processed\milestone_3\images\waymo\external\16213317953898915772_1597_170_1617_170_1509233621793942.png,4,1,5,0,0,5,0.0,0.0,7.75,640,640,35,5
waymo,yolo,16213317953898915772_1597_170_1617_170_1509233622293787,data\processed\milestone_3\images\waymo\external\16213317953898915772_1597_170_1617_170_1509233622293787.png,4,1,5,0,0,5,0.0,0.0,7.75,640,640,37,12
waymo,yolo,16213317953898915772_1597_170_1617_170_1509233622793538,data\processed\milestone_3\images\waymo\external\16213317953898915772_1597_170_1617_170_1509233622793538.png,4,1,5,0,0,5,0.0,0.0,7.75,640,640,38,9
waymo,yolo,16213317953898915772_1597_170_1617_170_1509233623293547,data\processed\milestone_3\images\waymo\external\16213317953898915772_1597_170_1617_170_1509233623293547.png,4,1,5,0,0,5,0.0,0.0,7.75,640,640,38,8
waymo,yolo,16213317953898915772_1597_170_1617_170_1509233623793727,data\processed\milestone_3\images\waymo\external\16213317953898915772_1597_170_1617_170_1509233623793727.png,4,1,5,0,0,5,0.0,0.0,7.75,640,640,37,10
waymo,yolo,16213317953898915772_1597_170_1617_170_1509233624293839,data\processed\milestone_3\images\waymo\external\16213317953898915772_1597_170_1617_170_1509233624293839.png,4,1,5,0,0,5,0.0,0.0,7.75,640,640,35,7
waymo,yolo,16213317953898915772_1597_170_1617_170_1509233624793771,data\processed\milestone_3\images\waymo\external\16213317953898915772_1597_170_1617_170_1509233624793771.png,4,1,5,0,0,5,0.0,0.0,7.75,640,640,35,9
waymo,yolo,16213317953898915772_1597_170_1617_170_1509233625293657,data\processed\milestone_3\images\waymo\external\16213317953898915772_1597_170_1617_170_1509233625293657.png,4,1,5,0,0,5,0.0,0.0,7.75,640,640,38,19
waymo,yolo,16213317953898915772_1597_170_1617_170_1509233625793579,data\processed\milestone_3\images\waymo\external\16213317953898915772_1597_170_1617_170_1509233625793579.png,4,1,5,0,0,5,0.0,0.0,7.75,640,640,36,29
waymo,yolo,16213317953898915772_1597_170_1617_170_1509233626293736,data\processed\milestone_3\images\waymo\external\16213317953898915772_1597_170_1617_170_1509233626293736.png,4,1,5,0,0,5,0.0,0.0,7.75,640,640,37,17
waymo,yolo,16213317953898915772_1597_170_1617_170_1509233626793726,data\processed\milestone_3\images\waymo\external\16213317953898915772_1597_170_1617_170_1509233626793726.png,4,1,5,0,0,5,0.0,0.0,7.75,640,640,37,18
waymo,yolo,16213317953898915772_1597_170_1617_170_1509233627293691,data\processed\milestone_3\images\waymo\external\16213317953898915772_1597_170_1617_170_1509233627293691.png,4,1,5,0,0,5,0.0,0.0,7.75,640,640,34,11
waymo,yolo,16213317953898915772_1597_170_1617_170_1509233627794056,data\processed\milestone_3\images\waymo\external\16213317953898915772_1597_170_1617_170_1509233627794056.png,4,1,5,0,0,5,0.0,0.0,7.75,640,640,34,14
waymo,yolo,2736377008667623133_2676_410_2696_410_1511721503997894,data\processed\milestone_3\images\waymo\external\2736377008667623133_2676_410_2696_410_1511721503997894.png,4,1,5,0,0,5,0.105726,0.136706,7.75,640,640,7,10
waymo,yolo,2736377008667623133_2676_410_2696_410_1511721506000758,data\processed\milestone_3\images\waymo\external\2736377008667623133_2676_410_2696_410_1511721506000758.png,4,1,5,0,0,5,0.0,0.0,7.75,640,640,7,1
waymo,yolo,4690718861228194910_1980_000_2000_000_1552693985749361,data\processed\milestone_3\images\waymo\external\4690718861228194910_1980_000_2000_000_1552693985749361.png,4,1,5,0,0,5,0.0,0.463215,7.75,640,640,27,14
waymo,yolo,4690718861228194910_1980_000_2000_000_1552693986249397,data\processed\milestone_3\images\waymo\external\4690718861228194910_1980_000_2000_000_1552693986249397.png,4,1,5,0,0,5,0.0,0.097999,7.75,640,640,41,29
waymo,yolo,4690718861228194910_1980_000_2000_000_1552693986749419,data\processed\milestone_3\images\waymo\external\4690718861228194910_1980_000_2000_000_1552693986749419.png,4,1,5,0,0,5,0.0,0.0,7.75,640,640,42,16
waymo,yolo,4690718861228194910_1980_000_2000_000_1552693988249416,data\processed\milestone_3\images\waymo\external\4690718861228194910_1980_000_2000_000_1552693988249416.png,4,1,5,0,0,5,0.0,0.0,7.75,640,640,42,16
waymo,yolo,8679184381783013073_7740_000_7760_000_1541816070898763,data\processed\milestone_3\images\waymo\external\8679184381783013073_7740_000_7760_000_1541816070898763.png,4,1,5,0,0,5,0.0,0.0,7.75,640,640,33,0
waymo,yolo,8679184381783013073_7740_000_7760_000_1541816071398596,data\processed\milestone_3\images\waymo\external\8679184381783013073_7740_000_7760_000_1541816071398596.png,4,1,5,0,0,5,0.0,0.0,7.75,640,640,32,1
waymo,rtdetr,16213317953898915772_1597_170_1617_170_1509233615293762,data\processed\milestone_3\images\waymo\external\16213317953898915772_1597_170_1617_170_1509233615293762.png,4,1,5,0,0,5,0.388117,0.388117,7.75,640,640,40,300
waymo,rtdetr,16213317953898915772_1597_170_1617_170_1509233615793809,data\processed\milestone_3\images\waymo\external\16213317953898915772_1597_170_1617_170_1509233615793809.png,4,1,5,0,0,5,0.401955,0.401955,7.75,640,640,40,300
waymo,rtdetr,16213317953898915772_1597_170_1617_170_1509233616793637,data\processed\milestone_3\images\waymo\external\16213317953898915772_1597_170_1617_170_1509233616793637.png,4,1,5,0,0,5,0.495376,0.495376,7.75,640,640,37,300
waymo,rtdetr,16213317953898915772_1597_170_1617_170_1509233618293733,data\processed\milestone_3\images\waymo\external\16213317953898915772_1597_170_1617_170_1509233618293733.png,4,1,5,0,0,5,0.403838,0.403838,7.75,640,640,37,300
waymo,rtdetr,16213317953898915772_1597_170_1617_170_1509233619793571,data\processed\milestone_3\images\waymo\external\16213317953898915772_1597_170_1617_170_1509233619793571.png,4,1,5,0,0,5,0.360991,0.360991,7.75,640,640,37,300
waymo,rtdetr,16213317953898915772_1597_170_1617_170_1509233620293598,data\processed\milestone_3\images\waymo\external\16213317953898915772_1597_170_1617_170_1509233620293598.png,4,1,5,0,0,5,0.367394,0.367394,7.75,640,640,37,300
waymo,rtdetr,16213317953898915772_1597_170_1617_170_1509233621293910,data\processed\milestone_3\images\waymo\external\16213317953898915772_1597_170_1617_170_1509233621293910.png,4,1,5,0,0,5,0.294846,0.294846,7.75,640,640,36,300
waymo,rtdetr,16213317953898915772_1597_170_1617_170_1509233621793942,data\processed\milestone_3\images\waymo\external\16213317953898915772_1597_170_1617_170_1509233621793942.png,4,1,5,0,0,5,0.491232,0.491232,7.75,640,640,35,300
waymo,rtdetr,16213317953898915772_1597_170_1617_170_1509233622293787,data\processed\milestone_3\images\waymo\external\16213317953898915772_1597_170_1617_170_1509233622293787.png,4,1,5,0,0,5,0.291577,0.291577,7.75,640,640,37,300
waymo,rtdetr,16213317953898915772_1597_170_1617_170_1509233622793538,data\processed\milestone_3\images\waymo\external\16213317953898915772_1597_170_1617_170_1509233622793538.png,4,1,5,0,0,5,0.424082,0.424082,7.75,640,640,38,300
waymo,rtdetr,16213317953898915772_1597_170_1617_170_1509233623293547,data\processed\milestone_3\images\waymo\external\16213317953898915772_1597_170_1617_170_1509233623293547.png,4,1,5,0,0,5,0.292975,0.292975,7.75,640,640,38,300
waymo,rtdetr,2736377008667623133_2676_410_2696_410_1511721505500878,data\processed\milestone_3\images\waymo\external\2736377008667623133_2676_410_2696_410_1511721505500878.png,4,1,5,0,0,5,0.488298,0.488298,7.75,640,640,7,300
waymo,rtdetr,4690718861228194910_1980_000_2000_000_1552693986249397,data\processed\milestone_3\images\waymo\external\4690718861228194910_1980_000_2000_000_1552693986249397.png,4,1,5,0,0,5,0.16744,0.480351,7.75,640,640,41,300
waymo,rtdetr,4690718861228194910_1980_000_2000_000_1552693986749419,data\processed\milestone_3\images\waymo\external\4690718861228194910_1980_000_2000_000_1552693986749419.png,4,1,5,0,0,5,0.232647,0.232647,7.75,640,640,42,300
waymo,rtdetr,4690718861228194910_1980_000_2000_000_1552693988249416,data\processed\milestone_3\images\waymo\external\4690718861228194910_1980_000_2000_000_1552693988249416.png,4,1,5,0,0,5,0.170201,0.335328,7.75,640,640,42,300
waymo,rtdetr,4690718861228194910_1980_000_2000_000_1552693989749305,data\processed\milestone_3\images\waymo\external\4690718861228194910_1980_000_2000_000_1552693989749305.png,4,1,5,0,0,5,0.075269,0.176758,7.75,640,640,41,300
waymo,rtdetr,8679184381783013073_7740_000_7760_000_1541816071398596,data\processed\milestone_3\images\waymo\external\8679184381783013073_7740_000_7760_000_1541816071398596.png,4,1,5,0,0,5,0.44126,0.44126,7.75,640,640,32,300
waymo,retinanet,16213317953898915772_1597_170_1617_170_1509233615293762,data\processed\milestone_3\images\waymo\external\16213317953898915772_1597_170_1617_170_1509233615293762.png,4,1,5,0,0,5,0.0,0.0,7.75,640,640,40,14
waymo,retinanet,16213317953898915772_1597_170_1617_170_1509233616793637,data\processed\milestone_3\images\waymo\external\16213317953898915772_1597_170_1617_170_1509233616793637.png,4,1,5,0,0,5,0.0,0.0,7.75,640,640,37,16
waymo,retinanet,16213317953898915772_1597_170_1617_170_1509233619793571,data\processed\milestone_3\images\waymo\external\16213317953898915772_1597_170_1617_170_1509233619793571.png,4,1,5,0,0,5,0.0,0.0,7.75,640,640,37,13
waymo,retinanet,16213317953898915772_1597_170_1617_170_1509233620293598,data\processed\milestone_3\images\waymo\external\16213317953898915772_1597_170_1617_170_1509233620293598.png,4,1,5,0,0,5,0.0,0.0,7.75,640,640,37,13
waymo,retinanet,16213317953898915772_1597_170_1617_170_1509233620793703,data\processed\milestone_3\images\waymo\external\16213317953898915772_1597_170_1617_170_1509233620793703.png,4,1,5,0,0,5,0.0,0.0,7.75,640,640,37,10
waymo,retinanet,16213317953898915772_1597_170_1617_170_1509233621293910,data\processed\milestone_3\images\waymo\external\16213317953898915772_1597_170_1617_170_1509233621293910.png,4,1,5,0,0,5,0.0,0.0,7.75,640,640,36,11
waymo,retinanet,16213317953898915772_1597_170_1617_170_1509233621793942,data\processed\milestone_3\images\waymo\external\16213317953898915772_1597_170_1617_170_1509233621793942.png,4,1,5,0,0,5,0.0,0.0,7.75,640,640,35,10
waymo,retinanet,16213317953898915772_1597_170_1617_170_1509233622293787,data\processed\milestone_3\images\waymo\external\16213317953898915772_1597_170_1617_170_1509233622293787.png,4,1,5,0,0,5,0.0,0.0,7.75,640,640,37,11
waymo,retinanet,16213317953898915772_1597_170_1617_170_1509233622793538,data\processed\milestone_3\images\waymo\external\16213317953898915772_1597_170_1617_170_1509233622793538.png,4,1,5,0,0,5,0.0,0.0,7.75,640,640,38,9
waymo,retinanet,16213317953898915772_1597_170_1617_170_1509233623293547,data\processed\milestone_3\images\waymo\external\16213317953898915772_1597_170_1617_170_1509233623293547.png,4,1,5,0,0,5,0.0,0.0,7.75,640,640,38,18
waymo,retinanet,16213317953898915772_1597_170_1617_170_1509233623793727,data\processed\milestone_3\images\waymo\external\16213317953898915772_1597_170_1617_170_1509233623793727.png,4,1,5,0,0,5,0.0,0.0,7.75,640,640,37,12
waymo,retinanet,16213317953898915772_1597_170_1617_170_1509233624293839,data\processed\milestone_3\images\waymo\external\16213317953898915772_1597_170_1617_170_1509233624293839.png,4,1,5,0,0,5,0.0,0.0,7.75,640,640,35,12
waymo,retinanet,16213317953898915772_1597_170_1617_170_1509233625293657,data\processed\milestone_3\images\waymo\external\16213317953898915772_1597_170_1617_170_1509233625293657.png,4,1,5,0,0,5,0.0,0.0,7.75,640,640,38,13
waymo,retinanet,16213317953898915772_1597_170_1617_170_1509233625793579,data\processed\milestone_3\images\waymo\external\16213317953898915772_1597_170_1617_170_1509233625793579.png,4,1,5,0,0,5,0.0,0.0,7.75,640,640,36,17
waymo,retinanet,16213317953898915772_1597_170_1617_170_1509233626293736,data\processed\milestone_3\images\waymo\external\16213317953898915772_1597_170_1617_170_1509233626293736.png,4,1,5,0,0,5,0.0,0.0,7.75,640,640,37,14
waymo,retinanet,16213317953898915772_1597_170_1617_170_1509233626793726,data\processed\milestone_3\images\waymo\external\16213317953898915772_1597_170_1617_170_1509233626793726.png,4,1,5,0,0,5,0.0,0.0,7.75,640,640,37,14
waymo,retinanet,16213317953898915772_1597_170_1617_170_1509233627293691,data\processed\milestone_3\images\waymo\external\16213317953898915772_1597_170_1617_170_1509233627293691.png,4,1,5,0,0,5,0.0,0.0,7.75,640,640,34,12
waymo,retinanet,2736377008667623133_2676_410_2696_410_1511721503997894,data\processed\milestone_3\images\waymo\external\2736377008667623133_2676_410_2696_410_1511721503997894.png,4,1,5,0,0,5,0.0,0.0,7.75,640,640,7,3
waymo,retinanet,2736377008667623133_2676_410_2696_410_1511721504499973,data\processed\milestone_3\images\waymo\external\2736377008667623133_2676_410_2696_410_1511721504499973.png,4,1,5,0,0,5,0.488075,0.0,7.75,640,640,7,3
waymo,retinanet,2736377008667623133_2676_410_2696_410_1511721505000847,data\processed\milestone_3\images\waymo\external\2736377008667623133_2676_410_2696_410_1511721505000847.png,4,1,5,0,0,5,0.0,0.16463,7.75,640,640,7,3
waymo,retinanet,2736377008667623133_2676_410_2696_410_1511721506000758,data\processed\milestone_3\images\waymo\external\2736377008667623133_2676_410_2696_410_1511721506000758.png,4,1,5,0,0,5,0.0,0.721898,7.75,640,640,7,3
waymo,retinanet,2736377008667623133_2676_410_2696_410_1511721507000880,data\processed\milestone_3\images\waymo\external\2736377008667623133_2676_410_2696_410_1511721507000880.png,4,1,5,0,0,5,0.404673,0.143943,7.75,640,640,7,5
waymo,retinanet,4690718861228194910_1980_000_2000_000_1552693986749419,data\processed\milestone_3\images\waymo\external\4690718861228194910_1980_000_2000_000_1552693986749419.png,4,1,5,0,0,5,0.0,0.0,7.75,640,640,42,16
waymo,retinanet,8679184381783013073_7740_000_7760_000_1541816070898763,data\processed\milestone_3\images\waymo\external\8679184381783013073_7740_000_7760_000_1541816070898763.png,4,1,5,0,0,5,0.0,0.0,7.75,640,640,33,1
waymo,retinanet,8679184381783013073_7740_000_7760_000_1541816071398596,data\processed\milestone_3\images\waymo\external\8679184381783013073_7740_000_7760_000_1541816071398596.png,4,1,5,0,0,5,0.0,0.179597,7.75,640,640,32,3
waymo,faster_rcnn,16213317953898915772_1597_170_1617_170_1509233615293762,data\processed\milestone_3\images\waymo\external\16213317953898915772_1597_170_1617_170_1509233615293762.png,4,1,5,0,0,5,0.0,0.000844,7.75,640,640,40,12
waymo,faster_rcnn,16213317953898915772_1597_170_1617_170_1509233616793637,data\processed\milestone_3\images\waymo\external\16213317953898915772_1597_170_1617_170_1509233616793637.png,4,1,5,0,0,5,0.0,0.000716,7.75,640,640,37,10
waymo,faster_rcnn,16213317953898915772_1597_170_1617_170_1509233619793571,data\processed\milestone_3\images\waymo\external\16213317953898915772_1597_170_1617_170_1509233619793571.png,4,1,5,0,0,5,0.0,0.000694,7.75,640,640,37,10
waymo,faster_rcnn,16213317953898915772_1597_170_1617_170_1509233620293598,data\processed\milestone_3\images\waymo\external\16213317953898915772_1597_170_1617_170_1509233620293598.png,4,1,5,0,0,5,0.0,0.000748,7.75,640,640,37,10
waymo,faster_rcnn,16213317953898915772_1597_170_1617_170_1509233620793703,data\processed\milestone_3\images\waymo\external\16213317953898915772_1597_170_1617_170_1509233620793703.png,4,1,5,0,0,5,0.0,0.000747,7.75,640,640,37,10
waymo,faster_rcnn,16213317953898915772_1597_170_1617_170_1509233621293910,data\processed\milestone_3\images\waymo\external\16213317953898915772_1597_170_1617_170_1509233621293910.png,4,1,5,0,0,5,0.0,0.0,7.75,640,640,36,9
waymo,faster_rcnn,16213317953898915772_1597_170_1617_170_1509233621793942,data\processed\milestone_3\images\waymo\external\16213317953898915772_1597_170_1617_170_1509233621793942.png,4,1,5,0,0,5,0.0,0.0,7.75,640,640,35,8
waymo,faster_rcnn,16213317953898915772_1597_170_1617_170_1509233623293547,data\processed\milestone_3\images\waymo\external\16213317953898915772_1597_170_1617_170_1509233623293547.png,4,1,5,0,0,5,0.0,0.0,7.75,640,640,38,10
waymo,faster_rcnn,16213317953898915772_1597_170_1617_170_1509233623793727,data\processed\milestone_3\images\waymo\external\16213317953898915772_1597_170_1617_170_1509233623793727.png,4,1,5,0,0,5,0.0,0.0,7.75,640,640,37,13
waymo,faster_rcnn,16213317953898915772_1597_170_1617_170_1509233624293839,data\processed\milestone_3\images\waymo\external\16213317953898915772_1597_170_1617_170_1509233624293839.png,4,1,5,0,0,5,0.0,0.0,7.75,640,640,35,10
waymo,faster_rcnn,16213317953898915772_1597_170_1617_170_1509233624793771,data\processed\milestone_3\images\waymo\external\16213317953898915772_1597_170_1617_170_1509233624793771.png,4,1,5,0,0,5,0.0,0.0,7.75,640,640,35,9
waymo,faster_rcnn,16213317953898915772_1597_170_1617_170_1509233625293657,data\processed\milestone_3\images\waymo\external\16213317953898915772_1597_170_1617_170_1509233625293657.png,4,1,5,0,0,5,0.0,0.51151,7.75,640,640,38,11
waymo,faster_rcnn,16213317953898915772_1597_170_1617_170_1509233625793579,data\processed\milestone_3\images\waymo\external\16213317953898915772_1597_170_1617_170_1509233625793579.png,4,1,5,0,0,5,0.0,0.0,7.75,640,640,36,11
waymo,faster_rcnn,16213317953898915772_1597_170_1617_170_1509233626293736,data\processed\milestone_3\images\waymo\external\16213317953898915772_1597_170_1617_170_1509233626293736.png,4,1,5,0,0,5,0.0,0.776436,7.75,640,640,37,11
waymo,faster_rcnn,16213317953898915772_1597_170_1617_170_1509233626793726,data\processed\milestone_3\images\waymo\external\16213317953898915772_1597_170_1617_170_1509233626793726.png,4,1,5,0,0,5,0.0,0.0,7.75,640,640,37,9
waymo,faster_rcnn,2736377008667623133_2676_410_2696_410_1511721503997894,data\processed\milestone_3\images\waymo\external\2736377008667623133_2676_410_2696_410_1511721503997894.png,4,1,5,0,0,5,0.0,0.0,7.75,640,640,7,1
waymo,faster_rcnn,2736377008667623133_2676_410_2696_410_1511721504499973,data\processed\milestone_3\images\waymo\external\2736377008667623133_2676_410_2696_410_1511721504499973.png,4,1,5,0,0,5,0.0,0.0,7.75,640,640,7,2
waymo,faster_rcnn,2736377008667623133_2676_410_2696_410_1511721505000847,data\processed\milestone_3\images\waymo\external\2736377008667623133_2676_410_2696_410_1511721505000847.png,4,1,5,0,0,5,0.0,0.0,7.75,640,640,7,8
waymo,faster_rcnn,2736377008667623133_2676_410_2696_410_1511721505500878,data\processed\milestone_3\images\waymo\external\2736377008667623133_2676_410_2696_410_1511721505500878.png,4,1,5,0,0,5,0.43131,0.0,7.75,640,640,7,2
waymo,faster_rcnn,2736377008667623133_2676_410_2696_410_1511721506500766,data\processed\milestone_3\images\waymo\external\2736377008667623133_2676_410_2696_410_1511721506500766.png,4,1,5,0,0,5,0.457472,0.379714,7.75,640,640,7,11
waymo,faster_rcnn,4690718861228194910_1980_000_2000_000_1552693986249397,data\processed\milestone_3\images\waymo\external\4690718861228194910_1980_000_2000_000_1552693986249397.png,4,1,5,0,0,5,0.188047,0.207641,7.75,640,640,41,16
waymo,faster_rcnn,4690718861228194910_1980_000_2000_000_1552693986749419,data\processed\milestone_3\images\waymo\external\4690718861228194910_1980_000_2000_000_1552693986749419.png,4,1,5,0,0,5,0.0,0.0,7.75,640,640,42,10
waymo,faster_rcnn,8679184381783013073_7740_000_7760_000_1541816071398596,data\processed\milestone_3\images\waymo\external\8679184381783013073_7740_000_7760_000_1541816071398596.png,4,1,5,0,0,5,0.0,0.0,7.75,640,640,32,1
waymo,yolo,11660186733224028707_420_000_440_000_1541042907772381,data\processed\milestone_3\images\waymo\external\11660186733224028707_420_000_440_000_1541042907772381.png,5,0,5,0,0,5,0.0,0.0,7.5,640,640,35,0
waymo,yolo,11660186733224028707_420_000_440_000_1541042908272321,data\processed\milestone_3\images\waymo\external\11660186733224028707_420_000_440_000_1541042908272321.png,5,0,5,0,0,5,0.470374,0.332376,7.5,640,640,36,5
waymo,yolo,3039251927598134881_1240_610_1260_610_1507246307397585,data\processed\milestone_3\images\waymo\external\3039251927598134881_1240_610_1260_610_1507246307397585.png,5,0,5,0,0,5,0.0,0.0,7.5,640,640,6,2
waymo,yolo,3039251927598134881_1240_610_1260_610_1507246307897963,data\processed\milestone_3\images\waymo\external\3039251927598134881_1240_610_1260_610_1507246307897963.png,5,0,5,0,0,5,0.0,0.0,7.5,640,640,10,1
waymo,yolo,4690718861228194910_1980_000_2000_000_1552693976749413,data\processed\milestone_3\images\waymo\external\4690718861228194910_1980_000_2000_000_1552693976749413.png,5,0,5,0,0,5,0.0,0.0,7.5,640,640,41,14
waymo,yolo,4690718861228194910_1980_000_2000_000_1552693977249334,data\processed\milestone_3\images\waymo\external\4690718861228194910_1980_000_2000_000_1552693977249334.png,5,0,5,0,0,5,0.0,0.0,7.5,640,640,39,10
waymo,yolo,4690718861228194910_1980_000_2000_000_1552693977749292,data\processed\milestone_3\images\waymo\external\4690718861228194910_1980_000_2000_000_1552693977749292.png,5,0,5,0,0,5,0.0,0.0,7.5,640,640,41,9
waymo,yolo,4690718861228194910_1980_000_2000_000_1552693978749398,data\processed\milestone_3\images\waymo\external\4690718861228194910_1980_000_2000_000_1552693978749398.png,5,0,5,0,0,5,0.0,0.0,7.5,640,640,39,6
waymo,yolo,4690718861228194910_1980_000_2000_000_1552693979249484,data\processed\milestone_3\images\waymo\external\4690718861228194910_1980_000_2000_000_1552693979249484.png,5,0,5,0,0,5,0.0,0.0,7.5,640,640,36,10
waymo,yolo,4690718861228194910_1980_000_2000_000_1552693979749409,data\processed\milestone_3\images\waymo\external\4690718861228194910_1980_000_2000_000_1552693979749409.png,5,0,5,0,0,5,0.0,0.0,7.5,640,640,39,11
waymo,yolo,4690718861228194910_1980_000_2000_000_1552693980249357,data\processed\milestone_3\images\waymo\external\4690718861228194910_1980_000_2000_000_1552693980249357.png,5,0,5,0,0,5,0.0,0.0,7.5,640,640,42,15
waymo,yolo,4690718861228194910_1980_000_2000_000_1552693980749366,data\processed\milestone_3\images\waymo\external\4690718861228194910_1980_000_2000_000_1552693980749366.png,5,0,5,0,0,5,0.298167,0.0,7.5,640,640,44,19
waymo,yolo,4690718861228194910_1980_000_2000_000_1552693981249460,data\processed\milestone_3\images\waymo\external\4690718861228194910_1980_000_2000_000_1552693981249460.png,5,0,5,0,0,5,0.0,0.0,7.5,640,640,42,16
waymo,yolo,6324079979569135086_2372_300_2392_300_1506988294759358,data\processed\milestone_3\images\waymo\external\6324079979569135086_2372_300_2392_300_1506988294759358.png,5,0,5,0,0,5,0.0,0.0,7.5,640,640,30,9
waymo,yolo,9041488218266405018_6454_030_6474_030_1508979399225441,data\processed\milestone_3\images\waymo\external\9041488218266405018_6454_030_6474_030_1508979399225441.png,5,0,5,0,0,5,0.0,0.0,7.5,640,640,14,3
waymo,yolo,933621182106051783_4160_000_4180_000_1543516670272409,data\processed\milestone_3\images\waymo\external\933621182106051783_4160_000_4180_000_1543516670272409.png,5,0,5,0,0,5,0.041863,0.020135,7.5,640,640,47,18
waymo,yolo,933621182106051783_4160_000_4180_000_1543516670772638,data\processed\milestone_3\images\waymo\external\933621182106051783_4160_000_4180_000_1543516670772638.png,5,0,5,0,0,5,0.030434,0.0,7.5,640,640,47,18
waymo,yolo,933621182106051783_4160_000_4180_000_1543516671272780,data\processed\milestone_3\images\waymo\external\933621182106051783_4160_000_4180_000_1543516671272780.png,5,0,5,0,0,5,0.0,0.0,7.5,640,640,48,11
waymo,yolo,933621182106051783_4160_000_4180_000_1543516672272504,data\processed\milestone_3\images\waymo\external\933621182106051783_4160_000_4180_000_1543516672272504.png,5,0,5,0,0,5,0.0,0.020206,7.5,640,640,47,21
waymo,yolo,933621182106051783_4160_000_4180_000_1543516675272630,data\processed\milestone_3\images\waymo\external\933621182106051783_4160_000_4180_000_1543516675272630.png,5,0,5,0,0,5,0.0,0.0,7.5,640,640,42,10
waymo,rtdetr,11660186733224028707_420_000_440_000_1541042908272321,data\processed\milestone_3\images\waymo\external\11660186733224028707_420_000_440_000_1541042908272321.png,5,0,5,0,0,5,0.349606,0.349606,7.5,640,640,36,300
waymo,rtdetr,2736377008667623133_2676_410_2696_410_1511721506500766,data\processed\milestone_3\images\waymo\external\2736377008667623133_2676_410_2696_410_1511721506500766.png,5,0,5,0,0,5,0.464964,0.416,7.5,640,640,7,300
waymo,rtdetr,3039251927598134881_1240_610_1260_610_1507246307397585,data\processed\milestone_3\images\waymo\external\3039251927598134881_1240_610_1260_610_1507246307397585.png,5,0,5,0,0,5,0.0,0.066918,7.5,640,640,6,300
waymo,rtdetr,3039251927598134881_1240_610_1260_610_1507246307897963,data\processed\milestone_3\images\waymo\external\3039251927598134881_1240_610_1260_610_1507246307897963.png,5,0,5,0,0,5,0.0,0.144669,7.5,640,640,10,300
waymo,rtdetr,30779396576054160_1880_000_1900_000_1557845073164288,data\processed\milestone_3\images\waymo\external\30779396576054160_1880_000_1900_000_1557845073164288.png,5,0,5,0,0,5,0.430185,0.270977,7.5,640,640,34,300
waymo,rtdetr,30779396576054160_1880_000_1900_000_1557845074164295,data\processed\milestone_3\images\waymo\external\30779396576054160_1880_000_1900_000_1557845074164295.png,5,0,5,0,0,5,0.205589,0.175174,7.5,640,640,39,300
waymo,rtdetr,3577352947946244999_3980_000_4000_000_1557847190597337,data\processed\milestone_3\images\waymo\external\3577352947946244999_3980_000_4000_000_1557847190597337.png,5,0,5,0,0,5,0.347102,0.35669,7.5,640,640,21,300
waymo,rtdetr,3577352947946244999_3980_000_4000_000_1557847191097333,data\processed\milestone_3\images\waymo\external\3577352947946244999_3980_000_4000_000_1557847191097333.png,5,0,5,0,0,5,0.358004,0.213127,7.5,640,640,23,300
waymo,rtdetr,4690718861228194910_1980_000_2000_000_1552693977749292,data\processed\milestone_3\images\waymo\external\4690718861228194910_1980_000_2000_000_1552693977749292.png,5,0,5,0,0,5,0.323736,0.364866,7.5,640,640,41,300
waymo,rtdetr,6324079979569135086_2372_300_2392_300_1506988294759358,data\processed\milestone_3\images\waymo\external\6324079979569135086_2372_300_2392_300_1506988294759358.png,5,0,5,0,0,5,0.0,0.146623,7.5,640,640,30,300
waymo,rtdetr,9041488218266405018_6454_030_6474_030_1508979399225441,data\processed\milestone_3\images\waymo\external\9041488218266405018_6454_030_6474_030_1508979399225441.png,5,0,5,0,0,5,0.0,0.013932,7.5,640,640,14,300
waymo,rtdetr,933621182106051783_4160_000_4180_000_1543516670272409,data\processed\milestone_3\images\waymo\external\933621182106051783_4160_000_4180_000_1543516670272409.png,5,0,5,0,0,5,0.187954,0.18525,7.5,640,640,47,300
waymo,rtdetr,933621182106051783_4160_000_4180_000_1543516670772638,data\processed\milestone_3\images\waymo\external\933621182106051783_4160_000_4180_000_1543516670772638.png,5,0,5,0,0,5,0.397825,0.144529,7.5,640,640,47,300
waymo,rtdetr,933621182106051783_4160_000_4180_000_1543516671272780,data\processed\milestone_3\images\waymo\external\933621182106051783_4160_000_4180_000_1543516671272780.png,5,0,5,0,0,5,0.235546,0.277833,7.5,640,640,48,300
waymo,rtdetr,933621182106051783_4160_000_4180_000_1543516672272504,data\processed\milestone_3\images\waymo\external\933621182106051783_4160_000_4180_000_1543516672272504.png,5,0,5,0,0,5,0.0795,0.081593,7.5,640,640,47,300
waymo,rtdetr,933621182106051783_4160_000_4180_000_1543516675272630,data\processed\milestone_3\images\waymo\external\933621182106051783_4160_000_4180_000_1543516675272630.png,5,0,5,0,0,5,0.399327,0.039026,7.5,640,640,42,300
waymo,retinanet,13356997604177841771_3360_000_3380_000_1557267391087785,data\processed\milestone_3\images\waymo\external\13356997604177841771_3360_000_3380_000_1557267391087785.png,5,0,5,0,0,5,0.36805,0.148342,7.5,640,640,40,24
waymo,retinanet,3039251927598134881_1240_610_1260_610_1507246307397585,data\processed\milestone_3\images\waymo\external\3039251927598134881_1240_610_1260_610_1507246307397585.png,5,0,5,0,0,5,0.0,0.0,7.5,640,640,6,1
waymo,retinanet,3039251927598134881_1240_610_1260_610_1507246307897963,data\processed\milestone_3\images\waymo\external\3039251927598134881_1240_610_1260_610_1507246307897963.png,5,0,5,0,0,5,0.0,0.0,7.5,640,640,10,1
waymo,retinanet,30779396576054160_1880_000_1900_000_1557845072664263,data\processed\milestone_3\images\waymo\external\30779396576054160_1880_000_1900_000_1557845072664263.png,5,0,5,0,0,5,0.321978,0.296674,7.5,640,640,34,27
waymo,retinanet,30779396576054160_1880_000_1900_000_1557845073664294,data\processed\milestone_3\images\waymo\external\30779396576054160_1880_000_1900_000_1557845073664294.png,5,0,5,0,0,5,0.0,0.0114,7.5,640,640,36,30
waymo,retinanet,4690718861228194910_1980_000_2000_000_1552693977249334,data\processed\milestone_3\images\waymo\external\4690718861228194910_1980_000_2000_000_1552693977249334.png,5,0,5,0,0,5,0.0,0.0,7.5,640,640,39,13
waymo,retinanet,4690718861228194910_1980_000_2000_000_1552693977749292,data\processed\milestone_3\images\waymo\external\4690718861228194910_1980_000_2000_000_1552693977749292.png,5,0,5,0,0,5,0.0,0.0,7.5,640,640,41,13
waymo,retinanet,4690718861228194910_1980_000_2000_000_1552693981749467,data\processed\milestone_3\images\waymo\external\4690718861228194910_1980_000_2000_000_1552693981749467.png,5,0,5,0,0,5,0.0,0.172876,7.5,640,640,43,18
waymo,retinanet,6324079979569135086_2372_300_2392_300_1506988294759358,data\processed\milestone_3\images\waymo\external\6324079979569135086_2372_300_2392_300_1506988294759358.png,5,0,5,0,0,5,0.0,0.0,7.5,640,640,30,10
waymo,retinanet,9041488218266405018_6454_030_6474_030_1508979399225441,data\processed\milestone_3\images\waymo\external\9041488218266405018_6454_030_6474_030_1508979399225441.png,5,0,5,0,0,5,0.0,0.0,7.5,640,640,14,3
waymo,retinanet,933621182106051783_4160_000_4180_000_1543516670272409,data\processed\milestone_3\images\waymo\external\933621182106051783_4160_000_4180_000_1543516670272409.png,5,0,5,0,0,5,0.0,0.0,7.5,640,640,47,10
waymo,retinanet,933621182106051783_4160_000_4180_000_1543516670772638,data\processed\milestone_3\images\waymo\external\933621182106051783_4160_000_4180_000_1543516670772638.png,5,0,5,0,0,5,0.0,0.0,7.5,640,640,47,11
waymo,retinanet,933621182106051783_4160_000_4180_000_1543516671272780,data\processed\milestone_3\images\waymo\external\933621182106051783_4160_000_4180_000_1543516671272780.png,5,0,5,0,0,5,0.0,0.0,7.5,640,640,48,14
waymo,retinanet,933621182106051783_4160_000_4180_000_1543516672272504,data\processed\milestone_3\images\waymo\external\933621182106051783_4160_000_4180_000_1543516672272504.png,5,0,5,0,0,5,0.0,0.022867,7.5,640,640,47,18
waymo,retinanet,933621182106051783_4160_000_4180_000_1543516675272630,data\processed\milestone_3\images\waymo\external\933621182106051783_4160_000_4180_000_1543516675272630.png,5,0,5,0,0,5,0.0,0.006516,7.5,640,640,42,13
waymo,faster_rcnn,13356997604177841771_3360_000_3380_000_1557267391087785,data\processed\milestone_3\images\waymo\external\13356997604177841771_3360_000_3380_000_1557267391087785.png,5,0,5,0,0,5,0.122943,0.044419,7.5,640,640,40,26
waymo,faster_rcnn,3039251927598134881_1240_610_1260_610_1507246307397585,data\processed\milestone_3\images\waymo\external\3039251927598134881_1240_610_1260_610_1507246307397585.png,5,0,5,0,0,5,0.0,0.0,7.5,640,640,6,2
waymo,faster_rcnn,3039251927598134881_1240_610_1260_610_1507246307897963,data\processed\milestone_3\images\waymo\external\3039251927598134881_1240_610_1260_610_1507246307897963.png,5,0,5,0,0,5,0.0,0.0,7.5,640,640,10,3
waymo,faster_rcnn,4690718861228194910_1980_000_2000_000_1552693977249334,data\processed\milestone_3\images\waymo\external\4690718861228194910_1980_000_2000_000_1552693977249334.png,5,0,5,0,0,5,0.49426,0.496207,7.5,640,640,39,16
waymo,faster_rcnn,4690718861228194910_1980_000_2000_000_1552693977749292,data\processed\milestone_3\images\waymo\external\4690718861228194910_1980_000_2000_000_1552693977749292.png,5,0,5,0,0,5,0.339707,0.440286,7.5,640,640,41,16
waymo,faster_rcnn,4690718861228194910_1980_000_2000_000_1552693979249484,data\processed\milestone_3\images\waymo\external\4690718861228194910_1980_000_2000_000_1552693979249484.png,5,0,5,0,0,5,0.485223,0.570592,7.5,640,640,36,10
waymo,faster_rcnn,4690718861228194910_1980_000_2000_000_1552693979749409,data\processed\milestone_3\images\waymo\external\4690718861228194910_1980_000_2000_000_1552693979749409.png,5,0,5,0,0,5,0.0,0.613724,7.5,640,640,39,17
waymo,faster_rcnn,4690718861228194910_1980_000_2000_000_1552693980249357,data\processed\milestone_3\images\waymo\external\4690718861228194910_1980_000_2000_000_1552693980249357.png,5,0,5,0,0,5,0.0,0.468864,7.5,640,640,42,16
waymo,faster_rcnn,4690718861228194910_1980_000_2000_000_1552693980749366,data\processed\milestone_3\images\waymo\external\4690718861228194910_1980_000_2000_000_1552693980749366.png,5,0,5,0,0,5,0.176167,0.053738,7.5,640,640,44,19
waymo,faster_rcnn,4690718861228194910_1980_000_2000_000_1552693981749467,data\processed\milestone_3\images\waymo\external\4690718861228194910_1980_000_2000_000_1552693981749467.png,5,0,5,0,0,5,0.196896,0.406667,7.5,640,640,43,19
waymo,faster_rcnn,6324079979569135086_2372_300_2392_300_1506988294759358,data\processed\milestone_3\images\waymo\external\6324079979569135086_2372_300_2392_300_1506988294759358.png,5,0,5,0,0,5,0.0,0.000165,7.5,640,640,30,10
waymo,faster_rcnn,9041488218266405018_6454_030_6474_030_1508979399225441,data\processed\milestone_3\images\waymo\external\9041488218266405018_6454_030_6474_030_1508979399225441.png,5,0,5,0,0,5,0.0,0.000273,7.5,640,640,14,3
waymo,faster_rcnn,933621182106051783_4160_000_4180_000_1543516670272409,data\processed\milestone_3\images\waymo\external\933621182106051783_4160_000_4180_000_1543516670272409.png,5,0,5,0,0,5,0.0,0.0,7.5,640,640,47,14
waymo,faster_rcnn,933621182106051783_4160_000_4180_000_1543516670772638,data\processed\milestone_3\images\waymo\external\933621182106051783_4160_000_4180_000_1543516670772638.png,5,0,5,0,0,5,0.0,0.00904,7.5,640,640,47,12
waymo,faster_rcnn,933621182106051783_4160_000_4180_000_1543516671272780,data\processed\milestone_3\images\waymo\external\933621182106051783_4160_000_4180_000_1543516671272780.png,5,0,5,0,0,5,0.0,0.0,7.5,640,640,48,15
waymo,faster_rcnn,933621182106051783_4160_000_4180_000_1543516672272504,data\processed\milestone_3\images\waymo\external\933621182106051783_4160_000_4180_000_1543516672272504.png,5,0,5,0,0,5,0.023478,0.014936,7.5,640,640,47,15
waymo,faster_rcnn,933621182106051783_4160_000_4180_000_1543516675272630,data\processed\milestone_3\images\waymo\external\933621182106051783_4160_000_4180_000_1543516675272630.png,5,0,5,0,0,5,0.0,0.0,7.5,640,640,42,12
waymo,yolo,13356997604177841771_3360_000_3380_000_1557267391587678,data\processed\milestone_3\images\waymo\external\13356997604177841771_3360_000_3380_000_1557267391587678.png,4,1,4,1,0,5,0.221902,0.685909,7.25,640,640,41,15
waymo,retinanet,30779396576054160_1880_000_1900_000_1557845073164288,data\processed\milestone_3\images\waymo\external\30779396576054160_1880_000_1900_000_1557845073164288.png,5,0,4,1,0,5,0.346578,0.203703,7.0,640,640,34,31
waymo,yolo,3126522626440597519_806_440_826_440_1511046962007484,data\processed\milestone_3\images\waymo\external\3126522626440597519_806_440_826_440_1511046962007484.png,0,4,4,0,0,4,0.0,0.0,7.0,640,640,13,1
waymo,yolo,3126522626440597519_806_440_826_440_1511046962507395,data\processed\milestone_3\images\waymo\external\3126522626440597519_806_440_826_440_1511046962507395.png,0,4,4,0,0,4,0.0,0.0,7.0,640,640,13,3
waymo,yolo,3126522626440597519_806_440_826_440_1511046963007286,data\processed\milestone_3\images\waymo\external\3126522626440597519_806_440_826_440_1511046963007286.png,0,4,4,0,0,4,0.0,0.0,7.0,640,640,13,1
waymo,yolo,3126522626440597519_806_440_826_440_1511046963506911,data\processed\milestone_3\images\waymo\external\3126522626440597519_806_440_826_440_1511046963506911.png,0,4,4,0,0,4,0.0,0.0,7.0,640,640,13,1
waymo,yolo,3126522626440597519_806_440_826_440_1511046964006689,data\processed\milestone_3\images\waymo\external\3126522626440597519_806_440_826_440_1511046964006689.png,0,4,4,0,0,4,0.0,0.0,7.0,640,640,13,4
waymo,yolo,3126522626440597519_806_440_826_440_1511046964506662,data\processed\milestone_3\images\waymo\external\3126522626440597519_806_440_826_440_1511046964506662.png,0,4,4,0,0,4,0.0,0.0,7.0,640,640,13,7
waymo,yolo,3126522626440597519_806_440_826_440_1511046965006554,data\processed\milestone_3\images\waymo\external\3126522626440597519_806_440_826_440_1511046965006554.png,0,4,4,0,0,4,0.0,0.0,7.0,640,640,13,1
waymo,yolo,3126522626440597519_806_440_826_440_1511046965506526,data\processed\milestone_3\images\waymo\external\3126522626440597519_806_440_826_440_1511046965506526.png,0,4,4,0,0,4,0.0,0.0,7.0,640,640,13,1
waymo,yolo,3126522626440597519_806_440_826_440_1511046966006467,data\processed\milestone_3\images\waymo\external\3126522626440597519_806_440_826_440_1511046966006467.png,0,4,4,0,0,4,0.0,0.0,7.0,640,640,13,8
waymo,yolo,3126522626440597519_806_440_826_440_1511046966506391,data\processed\milestone_3\images\waymo\external\3126522626440597519_806_440_826_440_1511046966506391.png,0,4,4,0,0,4,0.0,0.0,7.0,640,640,13,1
waymo,yolo,3126522626440597519_806_440_826_440_1511046967006362,data\processed\milestone_3\images\waymo\external\3126522626440597519_806_440_826_440_1511046967006362.png,0,4,4,0,0,4,0.0,0.0,7.0,640,640,13,2
waymo,yolo,3126522626440597519_806_440_826_440_1511046967506412,data\processed\milestone_3\images\waymo\external\3126522626440597519_806_440_826_440_1511046967506412.png,0,4,4,0,0,4,0.0,0.0,7.0,640,640,13,2
waymo,yolo,3126522626440597519_806_440_826_440_1511046968006331,data\processed\milestone_3\images\waymo\external\3126522626440597519_806_440_826_440_1511046968006331.png,0,4,4,0,0,4,0.0,0.0,7.0,640,640,13,1
waymo,yolo,3126522626440597519_806_440_826_440_1511046968506223,data\processed\milestone_3\images\waymo\external\3126522626440597519_806_440_826_440_1511046968506223.png,0,4,4,0,0,4,0.0,0.0,7.0,640,640,13,1
waymo,yolo,3126522626440597519_806_440_826_440_1511046969006217,data\processed\milestone_3\images\waymo\external\3126522626440597519_806_440_826_440_1511046969006217.png,0,4,4,0,0,4,0.0,0.0,7.0,640,640,13,1
waymo,yolo,3126522626440597519_806_440_826_440_1511046969506224,data\processed\milestone_3\images\waymo\external\3126522626440597519_806_440_826_440_1511046969506224.png,0,4,4,0,0,4,0.0,0.0,7.0,640,640,13,1
waymo,yolo,3126522626440597519_806_440_826_440_1511046970006257,data\processed\milestone_3\images\waymo\external\3126522626440597519_806_440_826_440_1511046970006257.png,0,4,4,0,0,4,0.0,0.0,7.0,640,640,13,1
waymo,yolo,3126522626440597519_806_440_826_440_1511046970506149,data\processed\milestone_3\images\waymo\external\3126522626440597519_806_440_826_440_1511046970506149.png,0,4,4,0,0,4,0.435775,0.0,7.0,640,640,13,2
waymo,yolo,3126522626440597519_806_440_826_440_1511046971505079,data\processed\milestone_3\images\waymo\external\3126522626440597519_806_440_826_440_1511046971505079.png,0,4,4,0,0,4,0.0,0.0,7.0,640,640,13,3
waymo,yolo,3126522626440597519_806_440_826_440_1511046972003504,data\processed\milestone_3\images\waymo\external\3126522626440597519_806_440_826_440_1511046972003504.png,0,4,4,0,0,4,0.0,0.0,7.0,640,640,13,2
waymo,yolo,3126522626440597519_806_440_826_440_1511046972501165,data\processed\milestone_3\images\waymo\external\3126522626440597519_806_440_826_440_1511046972501165.png,0,4,4,0,0,4,0.0,0.0,7.0,640,640,14,1
waymo,rtdetr,3126522626440597519_806_440_826_440_1511046962007484,data\processed\milestone_3\images\waymo\external\3126522626440597519_806_440_826_440_1511046962007484.png,0,4,4,0,0,4,0.0,0.0,7.0,640,640,13,300
waymo,rtdetr,3126522626440597519_806_440_826_440_1511046962507395,data\processed\milestone_3\images\waymo\external\3126522626440597519_806_440_826_440_1511046962507395.png,0,4,4,0,0,4,0.0,0.0,7.0,640,640,13,300
waymo,rtdetr,3126522626440597519_806_440_826_440_1511046963007286,data\processed\milestone_3\images\waymo\external\3126522626440597519_806_440_826_440_1511046963007286.png,0,4,4,0,0,4,0.0,0.162716,7.0,640,640,13,300
waymo,rtdetr,3126522626440597519_806_440_826_440_1511046963506911,data\processed\milestone_3\images\waymo\external\3126522626440597519_806_440_826_440_1511046963506911.png,0,4,4,0,0,4,0.0,0.0,7.0,640,640,13,300
waymo,rtdetr,3126522626440597519_806_440_826_440_1511046964006689,data\processed\milestone_3\images\waymo\external\3126522626440597519_806_440_826_440_1511046964006689.png,0,4,4,0,0,4,0.0,0.0,7.0,640,640,13,300
waymo,rtdetr,3126522626440597519_806_440_826_440_1511046964506662,data\processed\milestone_3\images\waymo\external\3126522626440597519_806_440_826_440_1511046964506662.png,0,4,4,0,0,4,0.0,0.0,7.0,640,640,13,300
waymo,rtdetr,3126522626440597519_806_440_826_440_1511046965006554,data\processed\milestone_3\images\waymo\external\3126522626440597519_806_440_826_440_1511046965006554.png,0,4,4,0,0,4,0.245099,0.245099,7.0,640,640,13,300
waymo,rtdetr,3126522626440597519_806_440_826_440_1511046965506526,data\processed\milestone_3\images\waymo\external\3126522626440597519_806_440_826_440_1511046965506526.png,0,4,4,0,0,4,0.263264,0.263264,7.0,640,640,13,300
waymo,rtdetr,3126522626440597519_806_440_826_440_1511046966006467,data\processed\milestone_3\images\waymo\external\3126522626440597519_806_440_826_440_1511046966006467.png,0,4,4,0,0,4,0.2861,0.2861,7.0,640,640,13,300
waymo,rtdetr,3126522626440597519_806_440_826_440_1511046966506391,data\processed\milestone_3\images\waymo\external\3126522626440597519_806_440_826_440_1511046966506391.png,0,4,4,0,0,4,0.255025,0.255025,7.0,640,640,13,300
waymo,rtdetr,3126522626440597519_806_440_826_440_1511046967006362,data\processed\milestone_3\images\waymo\external\3126522626440597519_806_440_826_440_1511046967006362.png,0,4,4,0,0,4,0.244454,0.244454,7.0,640,640,13,300
waymo,rtdetr,3126522626440597519_806_440_826_440_1511046967506412,data\processed\milestone_3\images\waymo\external\3126522626440597519_806_440_826_440_1511046967506412.png,0,4,4,0,0,4,0.426803,0.426803,7.0,640,640,13,300
waymo,rtdetr,3126522626440597519_806_440_826_440_1511046968006331,data\processed\milestone_3\images\waymo\external\3126522626440597519_806_440_826_440_1511046968006331.png,0,4,4,0,0,4,0.331734,0.331734,7.0,640,640,13,300
waymo,rtdetr,3126522626440597519_806_440_826_440_1511046969006217,data\processed\milestone_3\images\waymo\external\3126522626440597519_806_440_826_440_1511046969006217.png,0,4,4,0,0,4,0.475947,0.475947,7.0,640,640,13,300
waymo,rtdetr,3126522626440597519_806_440_826_440_1511046969506224,data\processed\milestone_3\images\waymo\external\3126522626440597519_806_440_826_440_1511046969506224.png,0,4,4,0,0,4,0.428882,0.428882,7.0,640,640,13,300
waymo,rtdetr,3126522626440597519_806_440_826_440_1511046970006257,data\processed\milestone_3\images\waymo\external\3126522626440597519_806_440_826_440_1511046970006257.png,0,4,4,0,0,4,0.406195,0.406195,7.0,640,640,13,300
waymo,rtdetr,3126522626440597519_806_440_826_440_1511046970506149,data\processed\milestone_3\images\waymo\external\3126522626440597519_806_440_826_440_1511046970506149.png,0,4,4,0,0,4,0.29978,0.29978,7.0,640,640,13,300
waymo,rtdetr,3126522626440597519_806_440_826_440_1511046971005796,data\processed\milestone_3\images\waymo\external\3126522626440597519_806_440_826_440_1511046971005796.png,0,4,4,0,0,4,0.440112,0.440112,7.0,640,640,13,300
waymo,retinanet,3126522626440597519_806_440_826_440_1511046962007484,data\processed\milestone_3\images\waymo\external\3126522626440597519_806_440_826_440_1511046962007484.png,0,4,4,0,0,4,0.0,0.0,7.0,640,640,13,1
waymo,retinanet,3126522626440597519_806_440_826_440_1511046962507395,data\processed\milestone_3\images\waymo\external\3126522626440597519_806_440_826_440_1511046962507395.png,0,4,4,0,0,4,0.0,0.0,7.0,640,640,13,2
waymo,retinanet,3126522626440597519_806_440_826_440_1511046963007286,data\processed\milestone_3\images\waymo\external\3126522626440597519_806_440_826_440_1511046963007286.png,0,4,4,0,0,4,0.0,0.0,7.0,640,640,13,2
waymo,retinanet,3126522626440597519_806_440_826_440_1511046963506911,data\processed\milestone_3\images\waymo\external\3126522626440597519_806_440_826_440_1511046963506911.png,0,4,4,0,0,4,0.0,0.0,7.0,640,640,13,2
waymo,retinanet,3126522626440597519_806_440_826_440_1511046964006689,data\processed\milestone_3\images\waymo\external\3126522626440597519_806_440_826_440_1511046964006689.png,0,4,4,0,0,4,0.0,0.0,7.0,640,640,13,3
waymo,retinanet,3126522626440597519_806_440_826_440_1511046964506662,data\processed\milestone_3\images\waymo\external\3126522626440597519_806_440_826_440_1511046964506662.png,0,4,4,0,0,4,0.0,0.0,7.0,640,640,13,3
waymo,retinanet,3126522626440597519_806_440_826_440_1511046965006554,data\processed\milestone_3\images\waymo\external\3126522626440597519_806_440_826_440_1511046965006554.png,0,4,4,0,0,4,0.0,0.0,7.0,640,640,13,4
waymo,retinanet,3126522626440597519_806_440_826_440_1511046965506526,data\processed\milestone_3\images\waymo\external\3126522626440597519_806_440_826_440_1511046965506526.png,0,4,4,0,0,4,0.0,0.0,7.0,640,640,13,4
waymo,retinanet,3126522626440597519_806_440_826_440_1511046966006467,data\processed\milestone_3\images\waymo\external\3126522626440597519_806_440_826_440_1511046966006467.png,0,4,4,0,0,4,0.0,0.0,7.0,640,640,13,4
waymo,retinanet,3126522626440597519_806_440_826_440_1511046966506391,data\processed\milestone_3\images\waymo\external\3126522626440597519_806_440_826_440_1511046966506391.png,0,4,4,0,0,4,0.0,0.0,7.0,640,640,13,3
waymo,retinanet,3126522626440597519_806_440_826_440_1511046967006362,data\processed\milestone_3\images\waymo\external\3126522626440597519_806_440_826_440_1511046967006362.png,0,4,4,0,0,4,0.260597,0.0,7.0,640,640,13,4
waymo,retinanet,3126522626440597519_806_440_826_440_1511046967506412,data\processed\milestone_3\images\waymo\external\3126522626440597519_806_440_826_440_1511046967506412.png,0,4,4,0,0,4,0.260461,0.411695,7.0,640,640,13,6
waymo,retinanet,3126522626440597519_806_440_826_440_1511046968006331,data\processed\milestone_3\images\waymo\external\3126522626440597519_806_440_826_440_1511046968006331.png,0,4,4,0,0,4,0.204513,0.0,7.0,640,640,13,4
waymo,retinanet,3126522626440597519_806_440_826_440_1511046968506223,data\processed\milestone_3\images\waymo\external\3126522626440597519_806_440_826_440_1511046968506223.png,0,4,4,0,0,4,0.191434,0.0,7.0,640,640,13,5
waymo,retinanet,3126522626440597519_806_440_826_440_1511046969006217,data\processed\milestone_3\images\waymo\external\3126522626440597519_806_440_826_440_1511046969006217.png,0,4,4,0,0,4,0.190149,0.0,7.0,640,640,13,6
waymo,retinanet,3126522626440597519_806_440_826_440_1511046969506224,data\processed\milestone_3\images\waymo\external\3126522626440597519_806_440_826_440_1511046969506224.png,0,4,4,0,0,4,0.205514,0.186377,7.0,640,640,13,5
waymo,retinanet,3126522626440597519_806_440_826_440_1511046970006257,data\processed\milestone_3\images\waymo\external\3126522626440597519_806_440_826_440_1511046970006257.png,0,4,4,0,0,4,0.274431,0.0,7.0,640,640,13,6
waymo,retinanet,3126522626440597519_806_440_826_440_1511046970506149,data\processed\milestone_3\images\waymo\external\3126522626440597519_806_440_826_440_1511046970506149.png,0,4,4,0,0,4,0.306541,0.0,7.0,640,640,13,4
waymo,retinanet,3126522626440597519_806_440_826_440_1511046971005796,data\processed\milestone_3\images\waymo\external\3126522626440597519_806_440_826_440_1511046971005796.png,0,4,4,0,0,4,0.0,0.0,7.0,640,640,13,3
waymo,retinanet,3126522626440597519_806_440_826_440_1511046971505079,data\processed\milestone_3\images\waymo\external\3126522626440597519_806_440_826_440_1511046971505079.png,0,4,4,0,0,4,0.366443,0.551361,7.0,640,640,13,7
waymo,retinanet,3126522626440597519_806_440_826_440_1511046972003504,data\processed\milestone_3\images\waymo\external\3126522626440597519_806_440_826_440_1511046972003504.png,0,4,4,0,0,4,0.0,0.0,7.0,640,640,13,2
waymo,retinanet,3126522626440597519_806_440_826_440_1511046972501165,data\processed\milestone_3\images\waymo\external\3126522626440597519_806_440_826_440_1511046972501165.png,0,4,4,0,0,4,0.0,0.0,7.0,640,640,14,3
waymo,retinanet,3126522626440597519_806_440_826_440_1511046972998165,data\processed\milestone_3\images\waymo\external\3126522626440597519_806_440_826_440_1511046972998165.png,0,4,4,0,0,4,0.427273,0.0,7.0,640,640,6,1
waymo,faster_rcnn,3126522626440597519_806_440_826_440_1511046962007484,data\processed\milestone_3\images\waymo\external\3126522626440597519_806_440_826_440_1511046962007484.png,0,4,4,0,0,4,0.0,0.0,7.0,640,640,13,5
waymo,faster_rcnn,3126522626440597519_806_440_826_440_1511046962507395,data\processed\milestone_3\images\waymo\external\3126522626440597519_806_440_826_440_1511046962507395.png,0,4,4,0,0,4,0.0,0.0,7.0,640,640,13,10
waymo,faster_rcnn,3126522626440597519_806_440_826_440_1511046963007286,data\processed\milestone_3\images\waymo\external\3126522626440597519_806_440_826_440_1511046963007286.png,0,4,4,0,0,4,0.0,0.0,7.0,640,640,13,5
waymo,faster_rcnn,3126522626440597519_806_440_826_440_1511046963506911,data\processed\milestone_3\images\waymo\external\3126522626440597519_806_440_826_440_1511046963506911.png,0,4,4,0,0,4,0.0,0.0,7.0,640,640,13,7
waymo,faster_rcnn,3126522626440597519_806_440_826_440_1511046964006689,data\processed\milestone_3\images\waymo\external\3126522626440597519_806_440_826_440_1511046964006689.png,0,4,4,0,0,4,0.0,0.0,7.0,640,640,13,3
waymo,faster_rcnn,3126522626440597519_806_440_826_440_1511046964506662,data\processed\milestone_3\images\waymo\external\3126522626440597519_806_440_826_440_1511046964506662.png,0,4,4,0,0,4,0.162906,0.0,7.0,640,640,13,3
waymo,faster_rcnn,3126522626440597519_806_440_826_440_1511046965006554,data\processed\milestone_3\images\waymo\external\3126522626440597519_806_440_826_440_1511046965006554.png,0,4,4,0,0,4,0.0,0.0,7.0,640,640,13,4
waymo,faster_rcnn,3126522626440597519_806_440_826_440_1511046965506526,data\processed\milestone_3\images\waymo\external\3126522626440597519_806_440_826_440_1511046965506526.png,0,4,4,0,0,4,0.0,0.0,7.0,640,640,13,6
waymo,faster_rcnn,3126522626440597519_806_440_826_440_1511046966006467,data\processed\milestone_3\images\waymo\external\3126522626440597519_806_440_826_440_1511046966006467.png,0,4,4,0,0,4,0.0,3.7e-05,7.0,640,640,13,4
waymo,faster_rcnn,3126522626440597519_806_440_826_440_1511046966506391,data\processed\milestone_3\images\waymo\external\3126522626440597519_806_440_826_440_1511046966506391.png,0,4,4,0,0,4,0.152645,0.000258,7.0,640,640,13,8
waymo,faster_rcnn,3126522626440597519_806_440_826_440_1511046967006362,data\processed\milestone_3\images\waymo\external\3126522626440597519_806_440_826_440_1511046967006362.png,0,4,4,0,0,4,0.0,0.000115,7.0,640,640,13,5
waymo,faster_rcnn,3126522626440597519_806_440_826_440_1511046967506412,data\processed\milestone_3\images\waymo\external\3126522626440597519_806_440_826_440_1511046967506412.png,0,4,4,0,0,4,0.0,0.0,7.0,640,640,13,5
waymo,faster_rcnn,3126522626440597519_806_440_826_440_1511046968006331,data\processed\milestone_3\images\waymo\external\3126522626440597519_806_440_826_440_1511046968006331.png,0,4,4,0,0,4,0.0,0.000341,7.0,640,640,13,5
waymo,faster_rcnn,3126522626440597519_806_440_826_440_1511046968506223,data\processed\milestone_3\images\waymo\external\3126522626440597519_806_440_826_440_1511046968506223.png,0,4,4,0,0,4,0.0,0.0,7.0,640,640,13,7
waymo,faster_rcnn,3126522626440597519_806_440_826_440_1511046969006217,data\processed\milestone_3\images\waymo\external\3126522626440597519_806_440_826_440_1511046969006217.png,0,4,4,0,0,4,0.0,0.000434,7.0,640,640,13,6
waymo,faster_rcnn,3126522626440597519_806_440_826_440_1511046969506224,data\processed\milestone_3\images\waymo\external\3126522626440597519_806_440_826_440_1511046969506224.png,0,4,4,0,0,4,0.0,0.000143,7.0,640,640,13,8
waymo,faster_rcnn,3126522626440597519_806_440_826_440_1511046970006257,data\processed\milestone_3\images\waymo\external\3126522626440597519_806_440_826_440_1511046970006257.png,0,4,4,0,0,4,0.249933,0.0,7.0,640,640,13,7
waymo,faster_rcnn,3126522626440597519_806_440_826_440_1511046970506149,data\processed\milestone_3\images\waymo\external\3126522626440597519_806_440_826_440_1511046970506149.png,0,4,4,0,0,4,0.408187,0.0,7.0,640,640,13,9
waymo,faster_rcnn,3126522626440597519_806_440_826_440_1511046971005796,data\processed\milestone_3\images\waymo\external\3126522626440597519_806_440_826_440_1511046971005796.png,0,4,4,0,0,4,0.332484,0.0,7.0,640,640,13,11
waymo,faster_rcnn,3126522626440597519_806_440_826_440_1511046971505079,data\processed\milestone_3\images\waymo\external\3126522626440597519_806_440_826_440_1511046971505079.png,0,4,4,0,0,4,0.284392,0.0,7.0,640,640,13,8
waymo,faster_rcnn,3126522626440597519_806_440_826_440_1511046972003504,data\processed\milestone_3\images\waymo\external\3126522626440597519_806_440_826_440_1511046972003504.png,0,4,4,0,0,4,0.0,0.0,7.0,640,640,13,6
waymo,faster_rcnn,3126522626440597519_806_440_826_440_1511046972998165,data\processed\milestone_3\images\waymo\external\3126522626440597519_806_440_826_440_1511046972998165.png,0,4,4,0,0,4,0.382879,0.453779,7.0,640,640,6,10
waymo,yolo,14931160836268555821_5778_870_5798_870_1507338352133493,data\processed\milestone_3\images\waymo\external\14931160836268555821_5778_870_5798_870_1507338352133493.png,1,3,4,0,0,4,0.0,0.0,6.75,640,640,6,3
waymo,yolo,14300007604205869133_1160_000_1180_000_1544753137773912,data\processed\milestone_3\images\waymo\external\14300007604205869133_1160_000_1180_000_1544753137773912.png,2,2,4,0,0,4,0.0,0.0,6.5,640,640,32,1
waymo,yolo,14931160836268555821_5778_870_5798_870_1507338348635365,data\processed\milestone_3\images\waymo\external\14931160836268555821_5778_870_5798_870_1507338348635365.png,2,2,4,0,0,4,0.0,0.0,6.5,640,640,6,2
waymo,yolo,14931160836268555821_5778_870_5798_870_1507338353132275,data\processed\milestone_3\images\waymo\external\14931160836268555821_5778_870_5798_870_1507338353132275.png,2,2,4,0,0,4,0.0,0.480233,6.5,640,640,6,5
waymo,rtdetr,14931160836268555821_5778_870_5798_870_1507338348635365,data\processed\milestone_3\images\waymo\external\14931160836268555821_5778_870_5798_870_1507338348635365.png,2,2,4,0,0,4,0.26592,0.26592,6.5,640,640,6,300
waymo,rtdetr,14931160836268555821_5778_870_5798_870_1507338349635394,data\processed\milestone_3\images\waymo\external\14931160836268555821_5778_870_5798_870_1507338349635394.png,2,2,4,0,0,4,0.323369,0.323369,6.5,640,640,9,300
waymo,retinanet,14931160836268555821_5778_870_5798_870_1507338348635365,data\processed\milestone_3\images\waymo\external\14931160836268555821_5778_870_5798_870_1507338348635365.png,2,2,4,0,0,4,0.0,0.0,6.5,640,640,6,2
waymo,retinanet,14931160836268555821_5778_870_5798_870_1507338351134600,data\processed\milestone_3\images\waymo\external\14931160836268555821_5778_870_5798_870_1507338351134600.png,2,2,4,0,0,4,0.452761,0.0,6.5,640,640,8,8
waymo,retinanet,9041488218266405018_6454_030_6474_030_1508979396726177,data\processed\milestone_3\images\waymo\external\9041488218266405018_6454_030_6474_030_1508979396726177.png,2,2,4,0,0,4,0.0,0.559168,6.5,640,640,12,3
waymo,retinanet,9041488218266405018_6454_030_6474_030_1508979397226001,data\processed\milestone_3\images\waymo\external\9041488218266405018_6454_030_6474_030_1508979397226001.png,2,2,4,0,0,4,0.0,0.777076,6.5,640,640,13,4
waymo,faster_rcnn,14931160836268555821_5778_870_5798_870_1507338348635365,data\processed\milestone_3\images\waymo\external\14931160836268555821_5778_870_5798_870_1507338348635365.png,2,2,4,0,0,4,0.0,0.012377,6.5,640,640,6,4
waymo,faster_rcnn,14931160836268555821_5778_870_5798_870_1507338352133493,data\processed\milestone_3\images\waymo\external\14931160836268555821_5778_870_5798_870_1507338352133493.png,2,2,4,0,0,4,0.295591,0.447367,6.5,640,640,6,9
waymo,faster_rcnn,14931160836268555821_5778_870_5798_870_1507338352632870,data\processed\milestone_3\images\waymo\external\14931160836268555821_5778_870_5798_870_1507338352632870.png,2,2,4,0,0,4,0.363312,0.611902,6.5,640,640,6,10
waymo,faster_rcnn,14931160836268555821_5778_870_5798_870_1507338353132275,data\processed\milestone_3\images\waymo\external\14931160836268555821_5778_870_5798_870_1507338353132275.png,2,2,4,0,0,4,0.346106,0.570838,6.5,640,640,6,9
waymo,faster_rcnn,14931160836268555821_5778_870_5798_870_1507338353631702,data\processed\milestone_3\images\waymo\external\14931160836268555821_5778_870_5798_870_1507338353631702.png,2,2,4,0,0,4,0.467015,0.472394,6.5,640,640,5,8
waymo,yolo,16213317953898915772_1597_170_1617_170_1509233628295248,data\processed\milestone_3\images\waymo\external\16213317953898915772_1597_170_1617_170_1509233628295248.png,3,1,4,0,0,4,0.063873,0.0,6.25,640,640,31,16
waymo,yolo,16213317953898915772_1597_170_1617_170_1509233628797470,data\processed\milestone_3\images\waymo\external\16213317953898915772_1597_170_1617_170_1509233628797470.png,3,1,4,0,0,4,0.0,0.0,6.25,640,640,24,13
waymo,yolo,2736377008667623133_2676_410_2696_410_1511721507000880,data\processed\milestone_3\images\waymo\external\2736377008667623133_2676_410_2696_410_1511721507000880.png,3,1,4,0,0,4,0.105657,0.076314,6.25,640,640,7,12
waymo,yolo,6324079979569135086_2372_300_2392_300_1506988293759462,data\processed\milestone_3\images\waymo\external\6324079979569135086_2372_300_2392_300_1506988293759462.png,3,1,4,0,0,4,0.0,0.0,6.25,640,640,31,15
waymo,yolo,6324079979569135086_2372_300_2392_300_1506988294259415,data\processed\milestone_3\images\waymo\external\6324079979569135086_2372_300_2392_300_1506988294259415.png,3,1,4,0,0,4,0.0,0.0,6.25,640,640,31,9
waymo,rtdetr,16213317953898915772_1597_170_1617_170_1509233620793703,data\processed\milestone_3\images\waymo\external\16213317953898915772_1597_170_1617_170_1509233620793703.png,3,1,4,0,0,4,0.339463,0.339463,6.25,640,640,37,300
waymo,rtdetr,16213317953898915772_1597_170_1617_170_1509233623793727,data\processed\milestone_3\images\waymo\external\16213317953898915772_1597_170_1617_170_1509233623793727.png,3,1,4,0,0,4,0.412707,0.412707,6.25,640,640,37,300
waymo,rtdetr,4690718861228194910_1980_000_2000_000_1552693985749361,data\processed\milestone_3\images\waymo\external\4690718861228194910_1980_000_2000_000_1552693985749361.png,3,1,4,0,0,4,0.112872,0.112872,6.25,640,640,27,300
waymo,rtdetr,6324079979569135086_2372_300_2392_300_1506988294259415,data\processed\milestone_3\images\waymo\external\6324079979569135086_2372_300_2392_300_1506988294259415.png,3,1,4,0,0,4,0.028842,0.332526,6.25,640,640,31,300
waymo,rtdetr,6324079979569135086_2372_300_2392_300_1506988297758918,data\processed\milestone_3\images\waymo\external\6324079979569135086_2372_300_2392_300_1506988297758918.png,3,1,4,0,0,4,0.391772,0.391772,6.25,640,640,31,300
waymo,rtdetr,8679184381783013073_7740_000_7760_000_1541816070898763,data\processed\milestone_3\images\waymo\external\8679184381783013073_7740_000_7760_000_1541816070898763.png,3,1,4,0,0,4,0.0,0.340003,6.25,640,640,33,300
waymo,retinanet,14931160836268555821_5778_870_5798_870_1507338351634080,data\processed\milestone_3\images\waymo\external\14931160836268555821_5778_870_5798_870_1507338351634080.png,3,1,4,0,0,4,0.0,0.468752,6.25,640,640,7,6
waymo,retinanet,16213317953898915772_1597_170_1617_170_1509233624793771,data\processed\milestone_3\images\waymo\external\16213317953898915772_1597_170_1617_170_1509233624793771.png,3,1,4,0,0,4,0.0,0.0,6.25,640,640,35,12
waymo,retinanet,16213317953898915772_1597_170_1617_170_1509233627794056,data\processed\milestone_3\images\waymo\external\16213317953898915772_1597_170_1617_170_1509233627794056.png,3,1,4,0,0,4,0.489979,0.0,6.25,640,640,34,17
waymo,retinanet,2736377008667623133_2676_410_2696_410_1511721505500878,data\processed\milestone_3\images\waymo\external\2736377008667623133_2676_410_2696_410_1511721505500878.png,3,1,4,0,0,4,0.0,0.220818,6.25,640,640,7,3
waymo,retinanet,4690718861228194910_1980_000_2000_000_1552693985749361,data\processed\milestone_3\images\waymo\external\4690718861228194910_1980_000_2000_000_1552693985749361.png,3,1,4,0,0,4,0.099052,0.123072,6.25,640,640,27,18
waymo,retinanet,4690718861228194910_1980_000_2000_000_1552693986249397,data\processed\milestone_3\images\waymo\external\4690718861228194910_1980_000_2000_000_1552693986249397.png,3,1,4,0,0,4,0.0,0.0,6.25,640,640,41,16
waymo,retinanet,6324079979569135086_2372_300_2392_300_1506988293759462,data\processed\milestone_3\images\waymo\external\6324079979569135086_2372_300_2392_300_1506988293759462.png,3,1,4,0,0,4,0.0,0.715569,6.25,640,640,31,15
waymo,retinanet,6324079979569135086_2372_300_2392_300_1506988294259415,data\processed\milestone_3\images\waymo\external\6324079979569135086_2372_300_2392_300_1506988294259415.png,3,1,4,0,0,4,0.0,0.061511,6.25,640,640,31,13
waymo,retinanet,6324079979569135086_2372_300_2392_300_1506988296259175,data\processed\milestone_3\images\waymo\external\6324079979569135086_2372_300_2392_300_1506988296259175.png,3,1,4,0,0,4,0.0,0.585246,6.25,640,640,32,13
waymo,retinanet,9041488218266405018_6454_030_6474_030_1508979397726080,data\processed\milestone_3\images\waymo\external\9041488218266405018_6454_030_6474_030_1508979397726080.png,3,1,4,0,0,4,0.0,0.794077,6.25,640,640,14,5
waymo,faster_rcnn,16213317953898915772_1597_170_1617_170_1509233622293787,data\processed\milestone_3\images\waymo\external\16213317953898915772_1597_170_1617_170_1509233622293787.png,3,1,4,0,0,4,0.0,0.356501,6.25,640,640,37,10
waymo,faster_rcnn,16213317953898915772_1597_170_1617_170_1509233622793538,data\processed\milestone_3\images\waymo\external\16213317953898915772_1597_170_1617_170_1509233622793538.png,3,1,4,0,0,4,0.0,0.0,6.25,640,640,38,13
waymo,faster_rcnn,16213317953898915772_1597_170_1617_170_1509233627794056,data\processed\milestone_3\images\waymo\external\16213317953898915772_1597_170_1617_170_1509233627794056.png,3,1,4,0,0,4,0.0,0.0,6.25,640,640,34,11
waymo,faster_rcnn,2736377008667623133_2676_410_2696_410_1511721506000758,data\processed\milestone_3\images\waymo\external\2736377008667623133_2676_410_2696_410_1511721506000758.png,3,1,4,0,0,4,0.357781,0.594953,6.25,640,640,7,9
waymo,faster_rcnn,6324079979569135086_2372_300_2392_300_1506988294259415,data\processed\milestone_3\images\waymo\external\6324079979569135086_2372_300_2392_300_1506988294259415.png,3,1,4,0,0,4,0.0,0.0,6.25,640,640,31,8
waymo,faster_rcnn,6324079979569135086_2372_300_2392_300_1506988296259175,data\processed\milestone_3\images\waymo\external\6324079979569135086_2372_300_2392_300_1506988296259175.png,3,1,4,0,0,4,0.0,0.000632,6.25,640,640,32,11
waymo,faster_rcnn,9041488218266405018_6454_030_6474_030_1508979397726080,data\processed\milestone_3\images\waymo\external\9041488218266405018_6454_030_6474_030_1508979397726080.png,3,1,4,0,0,4,0.0,0.0,6.25,640,640,14,7
waymo,yolo,10335539493577748957_1372_870_1392_870_1508811451345106,data\processed\milestone_3\images\waymo\external\10335539493577748957_1372_870_1392_870_1508811451345106.png,4,0,4,0,0,4,0.0,0.0,6.0,640,640,14,2
waymo,yolo,10335539493577748957_1372_870_1392_870_1508811451845033,data\processed\milestone_3\images\waymo\external\10335539493577748957_1372_870_1392_870_1508811451845033.png,4,0,4,0,0,4,0.0,0.0,6.0,640,640,15,5
waymo,yolo,10335539493577748957_1372_870_1392_870_1508811452345020,data\processed\milestone_3\images\waymo\external\10335539493577748957_1372_870_1392_870_1508811452345020.png,4,0,4,0,0,4,0.0,0.0,6.0,640,640,15,1
waymo,yolo,10335539493577748957_1372_870_1392_870_1508811452845019,data\processed\milestone_3\images\waymo\external\10335539493577748957_1372_870_1392_870_1508811452845019.png,4,0,4,0,0,4,0.0,0.0,6.0,640,640,17,3
waymo,yolo,10335539493577748957_1372_870_1392_870_1508811453345044,data\processed\milestone_3\images\waymo\external\10335539493577748957_1372_870_1392_870_1508811453345044.png,4,0,4,0,0,4,0.0,0.0,6.0,640,640,17,11
waymo,yolo,11660186733224028707_420_000_440_000_1541042907272599,data\processed\milestone_3\images\waymo\external\11660186733224028707_420_000_440_000_1541042907272599.png,4,0,4,0,0,4,0.0,0.0,6.0,640,640,34,1
waymo,yolo,11660186733224028707_420_000_440_000_1541042909772546,data\processed\milestone_3\images\waymo\external\11660186733224028707_420_000_440_000_1541042909772546.png,4,0,4,0,0,4,0.0,0.0,6.0,640,640,34,4
waymo,yolo,11660186733224028707_420_000_440_000_1541042910272433,data\processed\milestone_3\images\waymo\external\11660186733224028707_420_000_440_000_1541042910272433.png,4,0,4,0,0,4,0.0,0.0,6.0,640,640,34,3
waymo,yolo,11660186733224028707_420_000_440_000_1541042910772363,data\processed\milestone_3\images\waymo\external\11660186733224028707_420_000_440_000_1541042910772363.png,4,0,4,0,0,4,0.0,0.0,6.0,640,640,32,5
waymo,yolo,4690718861228194910_1980_000_2000_000_1552693975249396,data\processed\milestone_3\images\waymo\external\4690718861228194910_1980_000_2000_000_1552693975249396.png,4,0,4,0,0,4,0.0,0.0,6.0,640,640,41,11
waymo,yolo,4690718861228194910_1980_000_2000_000_1552693976249498,data\processed\milestone_3\images\waymo\external\4690718861228194910_1980_000_2000_000_1552693976249498.png,4,0,4,0,0,4,0.0,0.000286,6.0,640,640,38,6
waymo,yolo,9041488218266405018_6454_030_6474_030_1508979398226261,data\processed\milestone_3\images\waymo\external\9041488218266405018_6454_030_6474_030_1508979398226261.png,4,0,4,0,0,4,0.0,0.0,6.0,640,640,14,6
waymo,yolo,9041488218266405018_6454_030_6474_030_1508979398725885,data\processed\milestone_3\images\waymo\external\9041488218266405018_6454_030_6474_030_1508979398725885.png,4,0,4,0,0,4,0.0,0.0,6.0,640,640,13,2
waymo,yolo,933621182106051783_4160_000_4180_000_1543516671772783,data\processed\milestone_3\images\waymo\external\933621182106051783_4160_000_4180_000_1543516671772783.png,4,0,4,0,0,4,0.0,0.02162,6.0,640,640,48,20
waymo,yolo,933621182106051783_4160_000_4180_000_1543516673272452,data\processed\milestone_3\images\waymo\external\933621182106051783_4160_000_4180_000_1543516673272452.png,4,0,4,0,0,4,0.0,0.01799,6.0,640,640,40,17
waymo,yolo,933621182106051783_4160_000_4180_000_1543516673772469,data\processed\milestone_3\images\waymo\external\933621182106051783_4160_000_4180_000_1543516673772469.png,4,0,4,0,0,4,0.0,0.019056,6.0,640,640,37,12
waymo,yolo,933621182106051783_4160_000_4180_000_1543516674272630,data\processed\milestone_3\images\waymo\external\933621182106051783_4160_000_4180_000_1543516674272630.png,4,0,4,0,0,4,0.0,0.040259,6.0,640,640,39,14
waymo,yolo,933621182106051783_4160_000_4180_000_1543516674772724,data\processed\milestone_3\images\waymo\external\933621182106051783_4160_000_4180_000_1543516674772724.png,4,0,4,0,0,4,0.0,0.012641,6.0,640,640,39,15
waymo,yolo,933621182106051783_4160_000_4180_000_1543516675772499,data\processed\milestone_3\images\waymo\external\933621182106051783_4160_000_4180_000_1543516675772499.png,4,0,4,0,0,4,0.0,0.017307,6.0,640,640,42,15
waymo,rtdetr,10335539493577748957_1372_870_1392_870_1508811451345106,data\processed\milestone_3\images\waymo\external\10335539493577748957_1372_870_1392_870_1508811451345106.png,4,0,4,0,0,4,0.0,0.0,6.0,640,640,14,300
waymo,rtdetr,10335539493577748957_1372_870_1392_870_1508811451845033,data\processed\milestone_3\images\waymo\external\10335539493577748957_1372_870_1392_870_1508811451845033.png,4,0,4,0,0,4,0.0,0.0,6.0,640,640,15,300
waymo,rtdetr,10335539493577748957_1372_870_1392_870_1508811452345020,data\processed\milestone_3\images\waymo\external\10335539493577748957_1372_870_1392_870_1508811452345020.png,4,0,4,0,0,4,0.0,0.126853,6.0,640,640,15,300
waymo,rtdetr,10335539493577748957_1372_870_1392_870_1508811452845019,data\processed\milestone_3\images\waymo\external\10335539493577748957_1372_870_1392_870_1508811452845019.png,4,0,4,0,0,4,0.0,0.0,6.0,640,640,17,300
waymo,rtdetr,10335539493577748957_1372_870_1392_870_1508811453345044,data\processed\milestone_3\images\waymo\external\10335539493577748957_1372_870_1392_870_1508811453345044.png,4,0,4,0,0,4,0.0,0.274743,6.0,640,640,17,300
waymo,rtdetr,11660186733224028707_420_000_440_000_1541042907272599,data\processed\milestone_3\images\waymo\external\11660186733224028707_420_000_440_000_1541042907272599.png,4,0,4,0,0,4,0.428534,0.082638,6.0,640,640,34,300
waymo,rtdetr,11660186733224028707_420_000_440_000_1541042907772381,data\processed\milestone_3\images\waymo\external\11660186733224028707_420_000_440_000_1541042907772381.png,4,0,4,0,0,4,0.460209,0.101077,6.0,640,640,35,300
waymo,rtdetr,11660186733224028707_420_000_440_000_1541042909772546,data\processed\milestone_3\images\waymo\external\11660186733224028707_420_000_440_000_1541042909772546.png,4,0,4,0,0,4,0.0,0.044211,6.0,640,640,34,300
waymo,rtdetr,11660186733224028707_420_000_440_000_1541042910272433,data\processed\milestone_3\images\waymo\external\11660186733224028707_420_000_440_000_1541042910272433.png,4,0,4,0,0,4,0.0,0.450602,6.0,640,640,34,300
waymo,rtdetr,11660186733224028707_420_000_440_000_1541042910772363,data\processed\milestone_3\images\waymo\external\11660186733224028707_420_000_440_000_1541042910772363.png,4,0,4,0,0,4,0.061857,0.312047,6.0,640,640,32,300
waymo,rtdetr,13356997604177841771_3360_000_3380_000_1557267391087785,data\processed\milestone_3\images\waymo\external\13356997604177841771_3360_000_3380_000_1557267391087785.png,4,0,4,0,0,4,0.457837,0.298514,6.0,640,640,40,300
waymo,rtdetr,13356997604177841771_3360_000_3380_000_1557267391587678,data\processed\milestone_3\images\waymo\external\13356997604177841771_3360_000_3380_000_1557267391587678.png,4,0,4,0,0,4,0.40356,0.413245,6.0,640,640,41,300
waymo,rtdetr,2736377008667623133_2676_410_2696_410_1511721504499973,data\processed\milestone_3\images\waymo\external\2736377008667623133_2676_410_2696_410_1511721504499973.png,4,0,4,0,0,4,0.327421,0.276509,6.0,640,640,7,300
waymo,rtdetr,30779396576054160_1880_000_1900_000_1557845072664263,data\processed\milestone_3\images\waymo\external\30779396576054160_1880_000_1900_000_1557845072664263.png,4,0,4,0,0,4,0.347382,0.214831,6.0,640,640,34,300
waymo,rtdetr,4690718861228194910_1980_000_2000_000_1552693975249396,data\processed\milestone_3\images\waymo\external\4690718861228194910_1980_000_2000_000_1552693975249396.png,4,0,4,0,0,4,0.392277,0.392277,6.0,640,640,41,300
waymo,rtdetr,4690718861228194910_1980_000_2000_000_1552693976749413,data\processed\milestone_3\images\waymo\external\4690718861228194910_1980_000_2000_000_1552693976749413.png,4,0,4,0,0,4,0.367551,0.367551,6.0,640,640,41,300
waymo,rtdetr,4690718861228194910_1980_000_2000_000_1552693977249334,data\processed\milestone_3\images\waymo\external\4690718861228194910_1980_000_2000_000_1552693977249334.png,4,0,4,0,0,4,0.0,0.248299,6.0,640,640,39,300
waymo,rtdetr,4690718861228194910_1980_000_2000_000_1552693978749398,data\processed\milestone_3\images\waymo\external\4690718861228194910_1980_000_2000_000_1552693978749398.png,4,0,4,0,0,4,0.37865,0.37865,6.0,640,640,39,300
waymo,rtdetr,4690718861228194910_1980_000_2000_000_1552693979249484,data\processed\milestone_3\images\waymo\external\4690718861228194910_1980_000_2000_000_1552693979249484.png,4,0,4,0,0,4,0.496448,0.496448,6.0,640,640,36,300
waymo,rtdetr,4690718861228194910_1980_000_2000_000_1552693979749409,data\processed\milestone_3\images\waymo\external\4690718861228194910_1980_000_2000_000_1552693979749409.png,4,0,4,0,0,4,0.43362,0.43362,6.0,640,640,39,300
waymo,rtdetr,4690718861228194910_1980_000_2000_000_1552693980249357,data\processed\milestone_3\images\waymo\external\4690718861228194910_1980_000_2000_000_1552693980249357.png,4,0,4,0,0,4,0.045333,0.526194,6.0,640,640,42,300
waymo,rtdetr,4690718861228194910_1980_000_2000_000_1552693981749467,data\processed\milestone_3\images\waymo\external\4690718861228194910_1980_000_2000_000_1552693981749467.png,4,0,4,0,0,4,0.192581,0.192581,6.0,640,640,43,300
waymo,rtdetr,9041488218266405018_6454_030_6474_030_1508979398226261,data\processed\milestone_3\images\waymo\external\9041488218266405018_6454_030_6474_030_1508979398226261.png,4,0,4,0,0,4,0.0,0.001522,6.0,640,640,14,300
waymo,rtdetr,9041488218266405018_6454_030_6474_030_1508979398725885,data\processed\milestone_3\images\waymo\external\9041488218266405018_6454_030_6474_030_1508979398725885.png,4,0,4,0,0,4,0.0,0.0,6.0,640,640,13,300
waymo,rtdetr,933621182106051783_4160_000_4180_000_1543516671772783,data\processed\milestone_3\images\waymo\external\933621182106051783_4160_000_4180_000_1543516671772783.png,4,0,4,0,0,4,0.152403,0.111491,6.0,640,640,48,300
waymo,rtdetr,933621182106051783_4160_000_4180_000_1543516673272452,data\processed\milestone_3\images\waymo\external\933621182106051783_4160_000_4180_000_1543516673272452.png,4,0,4,0,0,4,0.121236,0.07391,6.0,640,640,40,300
waymo,rtdetr,933621182106051783_4160_000_4180_000_1543516673772469,data\processed\milestone_3\images\waymo\external\933621182106051783_4160_000_4180_000_1543516673772469.png,4,0,4,0,0,4,0.173202,0.097041,6.0,640,640,37,300
waymo,rtdetr,933621182106051783_4160_000_4180_000_1543516674272630,data\processed\milestone_3\images\waymo\external\933621182106051783_4160_000_4180_000_1543516674272630.png,4,0,4,0,0,4,0.073967,0.175526,6.0,640,640,39,300
kitti,retinanet,004417,data\processed\milestone_3\images\kitti\val\004417.png,4,0,4,0,0,4,0.37249,0.492212,6.0,640,640,14,201
waymo,retinanet,10335539493577748957_1372_870_1392_870_1508811451345106,data\processed\milestone_3\images\waymo\external\10335539493577748957_1372_870_1392_870_1508811451345106.png,4,0,4,0,0,4,0.0,0.0,6.0,640,640,14,1
waymo,retinanet,10335539493577748957_1372_870_1392_870_1508811451845033,data\processed\milestone_3\images\waymo\external\10335539493577748957_1372_870_1392_870_1508811451845033.png,4,0,4,0,0,4,0.0,0.0,6.0,640,640,15,2
waymo,retinanet,10335539493577748957_1372_870_1392_870_1508811452345020,data\processed\milestone_3\images\waymo\external\10335539493577748957_1372_870_1392_870_1508811452345020.png,4,0,4,0,0,4,0.0,0.0,6.0,640,640,15,1
waymo,retinanet,10335539493577748957_1372_870_1392_870_1508811452845019,data\processed\milestone_3\images\waymo\external\10335539493577748957_1372_870_1392_870_1508811452845019.png,4,0,4,0,0,4,0.0,0.008402,6.0,640,640,17,3
waymo,retinanet,10335539493577748957_1372_870_1392_870_1508811453345044,data\processed\milestone_3\images\waymo\external\10335539493577748957_1372_870_1392_870_1508811453345044.png,4,0,4,0,0,4,0.0,0.0,6.0,640,640,17,3
waymo,retinanet,11660186733224028707_420_000_440_000_1541042907772381,data\processed\milestone_3\images\waymo\external\11660186733224028707_420_000_440_000_1541042907772381.png,4,0,4,0,0,4,0.0,0.004805,6.0,640,640,35,5
waymo,retinanet,11660186733224028707_420_000_440_000_1541042908272321,data\processed\milestone_3\images\waymo\external\11660186733224028707_420_000_440_000_1541042908272321.png,4,0,4,0,0,4,0.0,0.401359,6.0,640,640,36,6
waymo,retinanet,11660186733224028707_420_000_440_000_1541042909772546,data\processed\milestone_3\images\waymo\external\11660186733224028707_420_000_440_000_1541042909772546.png,4,0,4,0,0,4,0.0,0.0,6.0,640,640,34,2
waymo,retinanet,11660186733224028707_420_000_440_000_1541042910272433,data\processed\milestone_3\images\waymo\external\11660186733224028707_420_000_440_000_1541042910272433.png,4,0,4,0,0,4,0.0,0.010228,6.0,640,640,34,4
waymo,retinanet,11660186733224028707_420_000_440_000_1541042910772363,data\processed\milestone_3\images\waymo\external\11660186733224028707_420_000_440_000_1541042910772363.png,4,0,4,0,0,4,0.0,0.0,6.0,640,640,32,4
waymo,retinanet,4690718861228194910_1980_000_2000_000_1552693975249396,data\processed\milestone_3\images\waymo\external\4690718861228194910_1980_000_2000_000_1552693975249396.png,4,0,4,0,0,4,0.486257,0.460347,6.0,640,640,41,23
waymo,retinanet,4690718861228194910_1980_000_2000_000_1552693978749398,data\processed\milestone_3\images\waymo\external\4690718861228194910_1980_000_2000_000_1552693978749398.png,4,0,4,0,0,4,0.491779,0.489229,6.0,640,640,39,13
waymo,retinanet,4690718861228194910_1980_000_2000_000_1552693979749409,data\processed\milestone_3\images\waymo\external\4690718861228194910_1980_000_2000_000_1552693979749409.png,4,0,4,0,0,4,0.0,0.77208,6.0,640,640,39,24
waymo,retinanet,4690718861228194910_1980_000_2000_000_1552693980749366,data\processed\milestone_3\images\waymo\external\4690718861228194910_1980_000_2000_000_1552693980749366.png,4,0,4,0,0,4,0.0,0.0,6.0,640,640,44,19
waymo,retinanet,9041488218266405018_6454_030_6474_030_1508979398226261,data\processed\milestone_3\images\waymo\external\9041488218266405018_6454_030_6474_030_1508979398226261.png,4,0,4,0,0,4,0.0,0.0,6.0,640,640,14,4
waymo,retinanet,9041488218266405018_6454_030_6474_030_1508979398725885,data\processed\milestone_3\images\waymo\external\9041488218266405018_6454_030_6474_030_1508979398725885.png,4,0,4,0,0,4,0.0,0.0,6.0,640,640,13,3
waymo,retinanet,933621182106051783_4160_000_4180_000_1543516671772783,data\processed\milestone_3\images\waymo\external\933621182106051783_4160_000_4180_000_1543516671772783.png,4,0,4,0,0,4,0.0,0.0,6.0,640,640,48,19
waymo,retinanet,933621182106051783_4160_000_4180_000_1543516673272452,data\processed\milestone_3\images\waymo\external\933621182106051783_4160_000_4180_000_1543516673272452.png,4,0,4,0,0,4,0.0,0.00441,6.0,640,640,40,15
waymo,retinanet,933621182106051783_4160_000_4180_000_1543516673772469,data\processed\milestone_3\images\waymo\external\933621182106051783_4160_000_4180_000_1543516673772469.png,4,0,4,0,0,4,0.0,0.000408,6.0,640,640,37,16
waymo,retinanet,933621182106051783_4160_000_4180_000_1543516674272630,data\processed\milestone_3\images\waymo\external\933621182106051783_4160_000_4180_000_1543516674272630.png,4,0,4,0,0,4,0.0,0.002273,6.0,640,640,39,15
waymo,retinanet,933621182106051783_4160_000_4180_000_1543516674772724,data\processed\milestone_3\images\waymo\external\933621182106051783_4160_000_4180_000_1543516674772724.png,4,0,4,0,0,4,0.0,0.0,6.0,640,640,39,17
waymo,retinanet,933621182106051783_4160_000_4180_000_1543516675772499,data\processed\milestone_3\images\waymo\external\933621182106051783_4160_000_4180_000_1543516675772499.png,4,0,4,0,0,4,0.0,0.001795,6.0,640,640,42,14
waymo,faster_rcnn,10335539493577748957_1372_870_1392_870_1508811451345106,data\processed\milestone_3\images\waymo\external\10335539493577748957_1372_870_1392_870_1508811451345106.png,4,0,4,0,0,4,0.0,0.000768,6.0,640,640,14,3
waymo,faster_rcnn,10335539493577748957_1372_870_1392_870_1508811451845033,data\processed\milestone_3\images\waymo\external\10335539493577748957_1372_870_1392_870_1508811451845033.png,4,0,4,0,0,4,0.0,0.000672,6.0,640,640,15,8
waymo,faster_rcnn,10335539493577748957_1372_870_1392_870_1508811452345020,data\processed\milestone_3\images\waymo\external\10335539493577748957_1372_870_1392_870_1508811452345020.png,4,0,4,0,0,4,0.0,0.000802,6.0,640,640,15,5
waymo,faster_rcnn,10335539493577748957_1372_870_1392_870_1508811452845019,data\processed\milestone_3\images\waymo\external\10335539493577748957_1372_870_1392_870_1508811452845019.png,4,0,4,0,0,4,0.0,0.001664,6.0,640,640,17,2
waymo,faster_rcnn,10335539493577748957_1372_870_1392_870_1508811453345044,data\processed\milestone_3\images\waymo\external\10335539493577748957_1372_870_1392_870_1508811453345044.png,4,0,4,0,0,4,0.0,0.008397,6.0,640,640,17,3
waymo,faster_rcnn,11660186733224028707_420_000_440_000_1541042907772381,data\processed\milestone_3\images\waymo\external\11660186733224028707_420_000_440_000_1541042907772381.png,4,0,4,0,0,4,0.0,0.00377,6.0,640,640,35,6
waymo,faster_rcnn,11660186733224028707_420_000_440_000_1541042908272321,data\processed\milestone_3\images\waymo\external\11660186733224028707_420_000_440_000_1541042908272321.png,4,0,4,0,0,4,0.0,0.31016,6.0,640,640,36,4
waymo,faster_rcnn,11660186733224028707_420_000_440_000_1541042909772546,data\processed\milestone_3\images\waymo\external\11660186733224028707_420_000_440_000_1541042909772546.png,4,0,4,0,0,4,0.0,0.0,6.0,640,640,34,1
waymo,faster_rcnn,11660186733224028707_420_000_440_000_1541042910272433,data\processed\milestone_3\images\waymo\external\11660186733224028707_420_000_440_000_1541042910272433.png,4,0,4,0,0,4,0.0,0.000669,6.0,640,640,34,3
waymo,faster_rcnn,11660186733224028707_420_000_440_000_1541042910772363,data\processed\milestone_3\images\waymo\external\11660186733224028707_420_000_440_000_1541042910772363.png,4,0,4,0,0,4,0.0,0.0,6.0,640,640,32,4
waymo,faster_rcnn,13356997604177841771_3360_000_3380_000_1557267391587678,data\processed\milestone_3\images\waymo\external\13356997604177841771_3360_000_3380_000_1557267391587678.png,4,0,4,0,0,4,0.141941,0.011217,6.0,640,640,41,18
waymo,faster_rcnn,4690718861228194910_1980_000_2000_000_1552693976749413,data\processed\milestone_3\images\waymo\external\4690718861228194910_1980_000_2000_000_1552693976749413.png,4,0,4,0,0,4,0.0,0.0,6.0,640,640,41,25
waymo,faster_rcnn,4690718861228194910_1980_000_2000_000_1552693978749398,data\processed\milestone_3\images\waymo\external\4690718861228194910_1980_000_2000_000_1552693978749398.png,4,0,4,0,0,4,0.0,0.0,6.0,640,640,39,11
waymo,faster_rcnn,4690718861228194910_1980_000_2000_000_1552693981249460,data\processed\milestone_3\images\waymo\external\4690718861228194910_1980_000_2000_000_1552693981249460.png,4,0,4,0,0,4,0.0,0.428306,6.0,640,640,42,19
waymo,faster_rcnn,8679184381783013073_7740_000_7760_000_1541816070898763,data\processed\milestone_3\images\waymo\external\8679184381783013073_7740_000_7760_000_1541816070898763.png,4,0,4,0,0,4,0.0,0.0,6.0,640,640,33,1
waymo,faster_rcnn,9041488218266405018_6454_030_6474_030_1508979398226261,data\processed\milestone_3\images\waymo\external\9041488218266405018_6454_030_6474_030_1508979398226261.png,4,0,4,0,0,4,0.0,0.0,6.0,640,640,14,4
waymo,faster_rcnn,9041488218266405018_6454_030_6474_030_1508979398725885,data\processed\milestone_3\images\waymo\external\9041488218266405018_6454_030_6474_030_1508979398725885.png,4,0,4,0,0,4,0.0,0.000258,6.0,640,640,13,6
waymo,faster_rcnn,933621182106051783_4160_000_4180_000_1543516671772783,data\processed\milestone_3\images\waymo\external\933621182106051783_4160_000_4180_000_1543516671772783.png,4,0,4,0,0,4,0.0,0.0,6.0,640,640,48,13
waymo,faster_rcnn,933621182106051783_4160_000_4180_000_1543516673272452,data\processed\milestone_3\images\waymo\external\933621182106051783_4160_000_4180_000_1543516673272452.png,4,0,4,0,0,4,0.045231,0.021482,6.0,640,640,40,11
waymo,faster_rcnn,933621182106051783_4160_000_4180_000_1543516673772469,data\processed\milestone_3\images\waymo\external\933621182106051783_4160_000_4180_000_1543516673772469.png,4,0,4,0,0,4,0.0,0.034995,6.0,640,640,37,13
waymo,faster_rcnn,933621182106051783_4160_000_4180_000_1543516674272630,data\processed\milestone_3\images\waymo\external\933621182106051783_4160_000_4180_000_1543516674272630.png,4,0,4,0,0,4,0.0,0.032038,6.0,640,640,39,14
waymo,faster_rcnn,933621182106051783_4160_000_4180_000_1543516674772724,data\processed\milestone_3\images\waymo\external\933621182106051783_4160_000_4180_000_1543516674772724.png,4,0,4,0,0,4,0.0,0.0,6.0,640,640,39,9
waymo,faster_rcnn,933621182106051783_4160_000_4180_000_1543516675772499,data\processed\milestone_3\images\waymo\external\933621182106051783_4160_000_4180_000_1543516675772499.png,4,0,4,0,0,4,0.0,0.013243,6.0,640,640,42,16
waymo,yolo,14300007604205869133_1160_000_1180_000_1544753138273784,data\processed\milestone_3\images\waymo\external\14300007604205869133_1160_000_1180_000_1544753138273784.png,2,2,3,0,1,4,0.0,0.0,6.0,640,640,29,1
waymo,rtdetr,14300007604205869133_1160_000_1180_000_1544753138273784,data\processed\milestone_3\images\waymo\external\14300007604205869133_1160_000_1180_000_1544753138273784.png,2,2,3,0,1,4,0.42008,0.253429,6.0,640,640,29,300
waymo,retinanet,14300007604205869133_1160_000_1180_000_1544753138273784,data\processed\milestone_3\images\waymo\external\14300007604205869133_1160_000_1180_000_1544753138273784.png,2,2,3,0,1,4,0.0,0.0,6.0,640,640,29,5
waymo,faster_rcnn,14300007604205869133_1160_000_1180_000_1544753138273784,data\processed\milestone_3\images\waymo\external\14300007604205869133_1160_000_1180_000_1544753138273784.png,2,2,3,0,1,4,0.0,0.004316,6.0,640,640,29,3
waymo,yolo,13356997604177841771_3360_000_3380_000_1557267392087628,data\processed\milestone_3\images\waymo\external\13356997604177841771_3360_000_3380_000_1557267392087628.png,3,1,3,1,0,4,0.0,0.0,5.75,640,640,35,2
waymo,yolo,14300007604205869133_1160_000_1180_000_1544753139773616,data\processed\milestone_3\images\waymo\external\14300007604205869133_1160_000_1180_000_1544753139773616.png,1,3,2,0,2,4,0.0,0.0,5.75,640,640,29,1
waymo,yolo,14300007604205869133_1160_000_1180_000_1544753140273641,data\processed\milestone_3\images\waymo\external\14300007604205869133_1160_000_1180_000_1544753140273641.png,1,3,2,0,2,4,0.0,0.0,5.75,640,640,32,0
waymo,rtdetr,14300007604205869133_1160_000_1180_000_1544753140273641,data\processed\milestone_3\images\waymo\external\14300007604205869133_1160_000_1180_000_1544753140273641.png,1,3,2,0,2,4,0.361836,0.361836,5.75,640,640,32,300
waymo,retinanet,14300007604205869133_1160_000_1180_000_1544753139773616,data\processed\milestone_3\images\waymo\external\14300007604205869133_1160_000_1180_000_1544753139773616.png,1,3,2,0,2,4,0.0,0.191952,5.75,640,640,29,4
waymo,retinanet,14300007604205869133_1160_000_1180_000_1544753140273641,data\processed\milestone_3\images\waymo\external\14300007604205869133_1160_000_1180_000_1544753140273641.png,1,3,2,0,2,4,0.0,0.05817,5.75,640,640,32,5
waymo,faster_rcnn,14300007604205869133_1160_000_1180_000_1544753139773616,data\processed\milestone_3\images\waymo\external\14300007604205869133_1160_000_1180_000_1544753139773616.png,1,3,2,0,2,4,0.0,0.23229,5.75,640,640,29,17
waymo,faster_rcnn,14300007604205869133_1160_000_1180_000_1544753140273641,data\processed\milestone_3\images\waymo\external\14300007604205869133_1160_000_1180_000_1544753140273641.png,1,3,2,0,2,4,0.0,0.057223,5.75,640,640,32,6
waymo,yolo,10335539493577748957_1372_870_1392_870_1508811453845049,data\processed\milestone_3\images\waymo\external\10335539493577748957_1372_870_1392_870_1508811453845049.png,4,0,3,1,0,4,0.0,0.0,5.5,640,640,17,1
waymo,rtdetr,10335539493577748957_1372_870_1392_870_1508811453845049,data\processed\milestone_3\images\waymo\external\10335539493577748957_1372_870_1392_870_1508811453845049.png,4,0,3,1,0,4,0.0,0.0,5.5,640,640,17,300
kitti,retinanet,005532,data\processed\milestone_3\images\kitti\val\005532.png,4,0,3,1,0,4,0.49926,0.711824,5.5,640,640,14,300
waymo,retinanet,10335539493577748957_1372_870_1392_870_1508811453845049,data\processed\milestone_3\images\waymo\external\10335539493577748957_1372_870_1392_870_1508811453845049.png,4,0,3,1,0,4,0.0,0.0,5.5,640,640,17,1
waymo,faster_rcnn,10335539493577748957_1372_870_1392_870_1508811453845049,data\processed\milestone_3\images\waymo\external\10335539493577748957_1372_870_1392_870_1508811453845049.png,4,0,3,1,0,4,0.0,0.019256,5.5,640,640,17,12
waymo,yolo,3126522626440597519_806_440_826_440_1511046958007016,data\processed\milestone_3\images\waymo\external\3126522626440597519_806_440_826_440_1511046958007016.png,0,3,3,0,0,3,0.0,0.0,5.25,640,640,15,0
waymo,yolo,3126522626440597519_806_440_826_440_1511046958507276,data\processed\milestone_3\images\waymo\external\3126522626440597519_806_440_826_440_1511046958507276.png,0,3,3,0,0,3,0.0,0.0,5.25,640,640,15,0
waymo,yolo,3126522626440597519_806_440_826_440_1511046959007476,data\processed\milestone_3\images\waymo\external\3126522626440597519_806_440_826_440_1511046959007476.png,0,3,3,0,0,3,0.0,0.0,5.25,640,640,15,0
waymo,yolo,3126522626440597519_806_440_826_440_1511046959507448,data\processed\milestone_3\images\waymo\external\3126522626440597519_806_440_826_440_1511046959507448.png,0,3,3,0,0,3,0.0,0.0,5.25,640,640,14,6
waymo,yolo,3126522626440597519_806_440_826_440_1511046960007294,data\processed\milestone_3\images\waymo\external\3126522626440597519_806_440_826_440_1511046960007294.png,0,3,3,0,0,3,0.0,0.0,5.25,640,640,13,3
waymo,yolo,3126522626440597519_806_440_826_440_1511046960506987,data\processed\milestone_3\images\waymo\external\3126522626440597519_806_440_826_440_1511046960506987.png,0,3,3,0,0,3,0.0,0.0,5.25,640,640,13,0
waymo,yolo,3126522626440597519_806_440_826_440_1511046961007000,data\processed\milestone_3\images\waymo\external\3126522626440597519_806_440_826_440_1511046961007000.png,0,3,3,0,0,3,0.0,0.0,5.25,640,640,13,0
waymo,yolo,3126522626440597519_806_440_826_440_1511046961507183,data\processed\milestone_3\images\waymo\external\3126522626440597519_806_440_826_440_1511046961507183.png,0,3,3,0,0,3,0.0,0.0,5.25,640,640,13,0
waymo,yolo,3126522626440597519_806_440_826_440_1511046971005796,data\processed\milestone_3\images\waymo\external\3126522626440597519_806_440_826_440_1511046971005796.png,0,3,3,0,0,3,0.0,0.0,5.25,640,640,13,2
waymo,yolo,3126522626440597519_806_440_826_440_1511046972998165,data\processed\milestone_3\images\waymo\external\3126522626440597519_806_440_826_440_1511046972998165.png,0,3,3,0,0,3,0.0,0.0,5.25,640,640,6,1
waymo,rtdetr,3126522626440597519_806_440_826_440_1511046958007016,data\processed\milestone_3\images\waymo\external\3126522626440597519_806_440_826_440_1511046958007016.png,0,3,3,0,0,3,0.0,0.000184,5.25,640,640,15,300
waymo,rtdetr,3126522626440597519_806_440_826_440_1511046958507276,data\processed\milestone_3\images\waymo\external\3126522626440597519_806_440_826_440_1511046958507276.png,0,3,3,0,0,3,0.0,0.0,5.25,640,640,15,300
waymo,rtdetr,3126522626440597519_806_440_826_440_1511046959007476,data\processed\milestone_3\images\waymo\external\3126522626440597519_806_440_826_440_1511046959007476.png,0,3,3,0,0,3,0.0,0.0,5.25,640,640,15,300
waymo,rtdetr,3126522626440597519_806_440_826_440_1511046959507448,data\processed\milestone_3\images\waymo\external\3126522626440597519_806_440_826_440_1511046959507448.png,0,3,3,0,0,3,0.0,0.176133,5.25,640,640,14,300
waymo,rtdetr,3126522626440597519_806_440_826_440_1511046960007294,data\processed\milestone_3\images\waymo\external\3126522626440597519_806_440_826_440_1511046960007294.png,0,3,3,0,0,3,0.0,0.156928,5.25,640,640,13,300
waymo,rtdetr,3126522626440597519_806_440_826_440_1511046960506987,data\processed\milestone_3\images\waymo\external\3126522626440597519_806_440_826_440_1511046960506987.png,0,3,3,0,0,3,0.0,0.0,5.25,640,640,13,300
waymo,rtdetr,3126522626440597519_806_440_826_440_1511046961007000,data\processed\milestone_3\images\waymo\external\3126522626440597519_806_440_826_440_1511046961007000.png,0,3,3,0,0,3,0.0,0.0,5.25,640,640,13,300
waymo,rtdetr,3126522626440597519_806_440_826_440_1511046961507183,data\processed\milestone_3\images\waymo\external\3126522626440597519_806_440_826_440_1511046961507183.png,0,3,3,0,0,3,0.0,0.0,5.25,640,640,13,300
waymo,rtdetr,3126522626440597519_806_440_826_440_1511046968506223,data\processed\milestone_3\images\waymo\external\3126522626440597519_806_440_826_440_1511046968506223.png,0,3,3,0,0,3,0.390084,0.390084,5.25,640,640,13,300
waymo,rtdetr,3126522626440597519_806_440_826_440_1511046971505079,data\processed\milestone_3\images\waymo\external\3126522626440597519_806_440_826_440_1511046971505079.png,0,3,3,0,0,3,0.0,0.09085,5.25,640,640,13,300
waymo,rtdetr,3126522626440597519_806_440_826_440_1511046972003504,data\processed\milestone_3\images\waymo\external\3126522626440597519_806_440_826_440_1511046972003504.png,0,3,3,0,0,3,0.0,0.321464,5.25,640,640,13,300
waymo,rtdetr,3126522626440597519_806_440_826_440_1511046972501165,data\processed\milestone_3\images\waymo\external\3126522626440597519_806_440_826_440_1511046972501165.png,0,3,3,0,0,3,0.0,0.209767,5.25,640,640,14,300
waymo,rtdetr,3126522626440597519_806_440_826_440_1511046972998165,data\processed\milestone_3\images\waymo\external\3126522626440597519_806_440_826_440_1511046972998165.png,0,3,3,0,0,3,0.433924,0.433924,5.25,640,640,6,300
waymo,retinanet,3126522626440597519_806_440_826_440_1511046958007016,data\processed\milestone_3\images\waymo\external\3126522626440597519_806_440_826_440_1511046958007016.png,0,3,3,0,0,3,0.0,0.0,5.25,640,640,15,0
waymo,retinanet,3126522626440597519_806_440_826_440_1511046958507276,data\processed\milestone_3\images\waymo\external\3126522626440597519_806_440_826_440_1511046958507276.png,0,3,3,0,0,3,0.0,0.0,5.25,640,640,15,0
waymo,retinanet,3126522626440597519_806_440_826_440_1511046959007476,data\processed\milestone_3\images\waymo\external\3126522626440597519_806_440_826_440_1511046959007476.png,0,3,3,0,0,3,0.0,0.0,5.25,640,640,15,3
waymo,retinanet,3126522626440597519_806_440_826_440_1511046959507448,data\processed\milestone_3\images\waymo\external\3126522626440597519_806_440_826_440_1511046959507448.png,0,3,3,0,0,3,0.0,0.0,5.25,640,640,14,2
waymo,retinanet,3126522626440597519_806_440_826_440_1511046960007294,data\processed\milestone_3\images\waymo\external\3126522626440597519_806_440_826_440_1511046960007294.png,0,3,3,0,0,3,0.0,0.0,5.25,640,640,13,3
waymo,retinanet,3126522626440597519_806_440_826_440_1511046960506987,data\processed\milestone_3\images\waymo\external\3126522626440597519_806_440_826_440_1511046960506987.png,0,3,3,0,0,3,0.0,0.0,5.25,640,640,13,2
waymo,retinanet,3126522626440597519_806_440_826_440_1511046961007000,data\processed\milestone_3\images\waymo\external\3126522626440597519_806_440_826_440_1511046961007000.png,0,3,3,0,0,3,0.0,0.0,5.25,640,640,13,2
waymo,retinanet,3126522626440597519_806_440_826_440_1511046961507183,data\processed\milestone_3\images\waymo\external\3126522626440597519_806_440_826_440_1511046961507183.png,0,3,3,0,0,3,0.0,0.0,5.25,640,640,13,1
waymo,faster_rcnn,3126522626440597519_806_440_826_440_1511046958007016,data\processed\milestone_3\images\waymo\external\3126522626440597519_806_440_826_440_1511046958007016.png,0,3,3,0,0,3,0.0,0.0,5.25,640,640,15,4
waymo,faster_rcnn,3126522626440597519_806_440_826_440_1511046958507276,data\processed\milestone_3\images\waymo\external\3126522626440597519_806_440_826_440_1511046958507276.png,0,3,3,0,0,3,0.0,0.0,5.25,640,640,15,4
waymo,faster_rcnn,3126522626440597519_806_440_826_440_1511046959007476,data\processed\milestone_3\images\waymo\external\3126522626440597519_806_440_826_440_1511046959007476.png,0,3,3,0,0,3,0.0,0.0,5.25,640,640,15,5
waymo,faster_rcnn,3126522626440597519_806_440_826_440_1511046959507448,data\processed\milestone_3\images\waymo\external\3126522626440597519_806_440_826_440_1511046959507448.png,0,3,3,0,0,3,0.0,0.0,5.25,640,640,14,5
waymo,faster_rcnn,3126522626440597519_806_440_826_440_1511046960007294,data\processed\milestone_3\images\waymo\external\3126522626440597519_806_440_826_440_1511046960007294.png,0,3,3,0,0,3,0.0,0.0,5.25,640,640,13,6
waymo,faster_rcnn,3126522626440597519_806_440_826_440_1511046960506987,data\processed\milestone_3\images\waymo\external\3126522626440597519_806_440_826_440_1511046960506987.png,0,3,3,0,0,3,0.0,0.0,5.25,640,640,13,3
waymo,faster_rcnn,3126522626440597519_806_440_826_440_1511046961007000,data\processed\milestone_3\images\waymo\external\3126522626440597519_806_440_826_440_1511046961007000.png,0,3,3,0,0,3,0.0,0.0,5.25,640,640,13,7
waymo,faster_rcnn,3126522626440597519_806_440_826_440_1511046961507183,data\processed\milestone_3\images\waymo\external\3126522626440597519_806_440_826_440_1511046961507183.png,0,3,3,0,0,3,0.0,0.0,5.25,640,640,13,6
waymo,faster_rcnn,3126522626440597519_806_440_826_440_1511046972501165,data\processed\milestone_3\images\waymo\external\3126522626440597519_806_440_826_440_1511046972501165.png,0,3,3,0,0,3,0.0,0.0,5.25,640,640,14,5
kitti,faster_rcnn,002666,data\processed\milestone_3\images\kitti\val\002666.png,4,0,2,2,0,4,0.498254,0.649161,5.0,640,640,18,125
waymo,yolo,6324079979569135086_2372_300_2392_300_1506988297259243,data\processed\milestone_3\images\waymo\external\6324079979569135086_2372_300_2392_300_1506988297259243.png,1,2,3,0,0,3,0.0,0.0,5.0,640,640,33,12
waymo,yolo,9041488218266405018_6454_030_6474_030_1508979389225932,data\processed\milestone_3\images\waymo\external\9041488218266405018_6454_030_6474_030_1508979389225932.png,1,2,3,0,0,3,0.0,0.0,5.0,640,640,8,2
waymo,yolo,9041488218266405018_6454_030_6474_030_1508979390226146,data\processed\milestone_3\images\waymo\external\9041488218266405018_6454_030_6474_030_1508979390226146.png,1,2,3,0,0,3,0.0,0.0,5.0,640,640,9,1
waymo,yolo,9041488218266405018_6454_030_6474_030_1508979390726246,data\processed\milestone_3\images\waymo\external\9041488218266405018_6454_030_6474_030_1508979390726246.png,1,2,3,0,0,3,0.0,0.0,5.0,640,640,9,2
waymo,rtdetr,14931160836268555821_5778_870_5798_870_1507338350635049,data\processed\milestone_3\images\waymo\external\14931160836268555821_5778_870_5798_870_1507338350635049.png,1,2,3,0,0,3,0.491551,0.491551,5.0,640,640,8,300
waymo,rtdetr,9041488218266405018_6454_030_6474_030_1508979389225932,data\processed\milestone_3\images\waymo\external\9041488218266405018_6454_030_6474_030_1508979389225932.png,1,2,3,0,0,3,0.0,0.000111,5.0,640,640,8,300
waymo,rtdetr,9041488218266405018_6454_030_6474_030_1508979390226146,data\processed\milestone_3\images\waymo\external\9041488218266405018_6454_030_6474_030_1508979390226146.png,1,2,3,0,0,3,0.0,0.029734,5.0,640,640,9,300
waymo,rtdetr,9041488218266405018_6454_030_6474_030_1508979390726246,data\processed\milestone_3\images\waymo\external\9041488218266405018_6454_030_6474_030_1508979390726246.png,1,2,3,0,0,3,0.108063,0.129825,5.0,640,640,9,300
kitti,retinanet,002156,data\processed\milestone_3\images\kitti\val\002156.png,1,2,3,0,0,3,0.4724,0.673927,5.0,640,640,11,300
waymo,retinanet,14300007604205869133_1160_000_1180_000_1544753137773912,data\processed\milestone_3\images\waymo\external\14300007604205869133_1160_000_1180_000_1544753137773912.png,1,2,3,0,0,3,0.42799,0.006863,5.0,640,640,32,10
waymo,retinanet,9041488218266405018_6454_030_6474_030_1508979389225932,data\processed\milestone_3\images\waymo\external\9041488218266405018_6454_030_6474_030_1508979389225932.png,1,2,3,0,0,3,0.0,0.0,5.0,640,640,8,1
waymo,retinanet,9041488218266405018_6454_030_6474_030_1508979390226146,data\processed\milestone_3\images\waymo\external\9041488218266405018_6454_030_6474_030_1508979390226146.png,1,2,3,0,0,3,0.0,0.0,5.0,640,640,9,1
waymo,retinanet,9041488218266405018_6454_030_6474_030_1508979390726246,data\processed\milestone_3\images\waymo\external\9041488218266405018_6454_030_6474_030_1508979390726246.png,1,2,3,0,0,3,0.0,0.0,5.0,640,640,9,1
waymo,retinanet,9041488218266405018_6454_030_6474_030_1508979396226435,data\processed\milestone_3\images\waymo\external\9041488218266405018_6454_030_6474_030_1508979396226435.png,1,2,3,0,0,3,0.0,0.0,5.0,640,640,13,2
waymo,faster_rcnn,14300007604205869133_1160_000_1180_000_1544753137773912,data\processed\milestone_3\images\waymo\external\14300007604205869133_1160_000_1180_000_1544753137773912.png,1,2,3,0,0,3,0.0,0.006442,5.0,640,640,32,11
waymo,faster_rcnn,6324079979569135086_2372_300_2392_300_1506988297259243,data\processed\milestone_3\images\waymo\external\6324079979569135086_2372_300_2392_300_1506988297259243.png,1,2,3,0,0,3,0.322274,0.375535,5.0,640,640,33,17
waymo,faster_rcnn,9041488218266405018_6454_030_6474_030_1508979389225932,data\processed\milestone_3\images\waymo\external\9041488218266405018_6454_030_6474_030_1508979389225932.png,1,2,3,0,0,3,0.0,0.0,5.0,640,640,8,4
waymo,faster_rcnn,9041488218266405018_6454_030_6474_030_1508979390226146,data\processed\milestone_3\images\waymo\external\9041488218266405018_6454_030_6474_030_1508979390226146.png,1,2,3,0,0,3,0.0,0.0,5.0,640,640,9,1
waymo,faster_rcnn,9041488218266405018_6454_030_6474_030_1508979390726246,data\processed\milestone_3\images\waymo\external\9041488218266405018_6454_030_6474_030_1508979390726246.png,1,2,3,0,0,3,0.0,0.0,5.0,640,640,9,4
waymo,yolo,14300007604205869133_1160_000_1180_000_1544753132273803,data\processed\milestone_3\images\waymo\external\14300007604205869133_1160_000_1180_000_1544753132273803.png,2,1,3,0,0,3,0.0,0.0,4.75,640,640,35,1
waymo,yolo,14300007604205869133_1160_000_1180_000_1544753134773653,data\processed\milestone_3\images\waymo\external\14300007604205869133_1160_000_1180_000_1544753134773653.png,2,1,3,0,0,3,0.0,0.0,4.75,640,640,35,1
waymo,yolo,14300007604205869133_1160_000_1180_000_1544753136273702,data\processed\milestone_3\images\waymo\external\14300007604205869133_1160_000_1180_000_1544753136273702.png,2,1,3,0,0,3,0.0,0.0,4.75,640,640,31,0
waymo,yolo,14300007604205869133_1160_000_1180_000_1544753136773763,data\processed\milestone_3\images\waymo\external\14300007604205869133_1160_000_1180_000_1544753136773763.png,2,1,3,0,0,3,0.0,0.0,4.75,640,640,30,1
waymo,yolo,14300007604205869133_1160_000_1180_000_1544753137273857,data\processed\milestone_3\images\waymo\external\14300007604205869133_1160_000_1180_000_1544753137273857.png,2,1,3,0,0,3,0.0,0.0,4.75,640,640,31,0
waymo,yolo,14931160836268555821_5778_870_5798_870_1507338353631702,data\processed\milestone_3\images\waymo\external\14931160836268555821_5778_870_5798_870_1507338353631702.png,2,1,3,0,0,3,0.497169,0.569409,4.75,640,640,5,7
waymo,yolo,2736377008667623133_2676_410_2696_410_1511721507501045,data\processed\milestone_3\images\waymo\external\2736377008667623133_2676_410_2696_410_1511721507501045.png,2,1,3,0,0,3,0.205944,0.0,4.75,640,640,6,25
waymo,yolo,6324079979569135086_2372_300_2392_300_1506988296759323,data\processed\milestone_3\images\waymo\external\6324079979569135086_2372_300_2392_300_1506988296759323.png,2,1,3,0,0,3,0.0,0.0,4.75,640,640,33,10
waymo,yolo,9041488218266405018_6454_030_6474_030_1508979396726177,data\processed\milestone_3\images\waymo\external\9041488218266405018_6454_030_6474_030_1508979396726177.png,2,1,3,0,0,3,0.021297,0.0,4.75,640,640,12,5
waymo,yolo,9041488218266405018_6454_030_6474_030_1508979397226001,data\processed\milestone_3\images\waymo\external\9041488218266405018_6454_030_6474_030_1508979397226001.png,2,1,3,0,0,3,0.0,0.792866,4.75,640,640,13,4
waymo,rtdetr,14300007604205869133_1160_000_1180_000_1544753134773653,data\processed\milestone_3\images\waymo\external\14300007604205869133_1160_000_1180_000_1544753134773653.png,2,1,3,0,0,3,0.007768,0.067626,4.75,640,640,35,300
waymo,rtdetr,14300007604205869133_1160_000_1180_000_1544753136273702,data\processed\milestone_3\images\waymo\external\14300007604205869133_1160_000_1180_000_1544753136273702.png,2,1,3,0,0,3,0.386063,0.386063,4.75,640,640,31,300
waymo,rtdetr,16213317953898915772_1597_170_1617_170_1509233625793579,data\processed\milestone_3\images\waymo\external\16213317953898915772_1597_170_1617_170_1509233625793579.png,2,1,3,0,0,3,0.45059,0.575626,4.75,640,640,36,300
waymo,rtdetr,4409585400955983988_3500_470_3520_470_1507165535001227,data\processed\milestone_3\images\waymo\external\4409585400955983988_3500_470_3520_470_1507165535001227.png,2,1,3,0,0,3,0.42173,0.574907,4.75,640,640,16,300
waymo,rtdetr,9041488218266405018_6454_030_6474_030_1508979396726177,data\processed\milestone_3\images\waymo\external\9041488218266405018_6454_030_6474_030_1508979396726177.png,2,1,3,0,0,3,0.21112,0.21112,4.75,640,640,12,300
kitti,retinanet,000535,data\processed\milestone_3\images\kitti\val\000535.png,2,1,3,0,0,3,0.463446,0.753771,4.75,640,640,17,178
kitti,retinanet,003560,data\processed\milestone_3\images\kitti\val\003560.png,2,1,3,0,0,3,0.496871,0.885653,4.75,640,640,9,251
kitti,retinanet,004261,data\processed\milestone_3\images\kitti\val\004261.png,2,1,3,0,0,3,0.409718,0.485219,4.75,640,640,10,300
waymo,retinanet,14300007604205869133_1160_000_1180_000_1544753132273803,data\processed\milestone_3\images\waymo\external\14300007604205869133_1160_000_1180_000_1544753132273803.png,2,1,3,0,0,3,0.0,0.0,4.75,640,640,35,7
waymo,retinanet,14300007604205869133_1160_000_1180_000_1544753134773653,data\processed\milestone_3\images\waymo\external\14300007604205869133_1160_000_1180_000_1544753134773653.png,2,1,3,0,0,3,0.0,0.0,4.75,640,640,35,10
waymo,retinanet,14300007604205869133_1160_000_1180_000_1544753136273702,data\processed\milestone_3\images\waymo\external\14300007604205869133_1160_000_1180_000_1544753136273702.png,2,1,3,0,0,3,0.0,0.0,4.75,640,640,31,8
waymo,retinanet,14300007604205869133_1160_000_1180_000_1544753137273857,data\processed\milestone_3\images\waymo\external\14300007604205869133_1160_000_1180_000_1544753137273857.png,2,1,3,0,0,3,0.0,0.005188,4.75,640,640,31,6
waymo,retinanet,14931160836268555821_5778_870_5798_870_1507338353631702,data\processed\milestone_3\images\waymo\external\14931160836268555821_5778_870_5798_870_1507338353631702.png,2,1,3,0,0,3,0.376074,0.49013,4.75,640,640,5,7
waymo,retinanet,16213317953898915772_1597_170_1617_170_1509233628295248,data\processed\milestone_3\images\waymo\external\16213317953898915772_1597_170_1617_170_1509233628295248.png,2,1,3,0,0,3,0.0,0.498582,4.75,640,640,31,15
waymo,retinanet,16213317953898915772_1597_170_1617_170_1509233628797470,data\processed\milestone_3\images\waymo\external\16213317953898915772_1597_170_1617_170_1509233628797470.png,2,1,3,0,0,3,0.0,0.0,4.75,640,640,24,10
waymo,retinanet,2736377008667623133_2676_410_2696_410_1511721507501045,data\processed\milestone_3\images\waymo\external\2736377008667623133_2676_410_2696_410_1511721507501045.png,2,1,3,0,0,3,0.0,0.0,4.75,640,640,6,4
waymo,retinanet,6324079979569135086_2372_300_2392_300_1506988296759323,data\processed\milestone_3\images\waymo\external\6324079979569135086_2372_300_2392_300_1506988296759323.png,2,1,3,0,0,3,0.0,0.793305,4.75,640,640,33,18
waymo,faster_rcnn,14300007604205869133_1160_000_1180_000_1544753132273803,data\processed\milestone_3\images\waymo\external\14300007604205869133_1160_000_1180_000_1544753132273803.png,2,1,3,0,0,3,0.0,0.0,4.75,640,640,35,8
waymo,faster_rcnn,14300007604205869133_1160_000_1180_000_1544753134773653,data\processed\milestone_3\images\waymo\external\14300007604205869133_1160_000_1180_000_1544753134773653.png,2,1,3,0,0,3,0.0,0.007402,4.75,640,640,35,15
waymo,faster_rcnn,14300007604205869133_1160_000_1180_000_1544753136273702,data\processed\milestone_3\images\waymo\external\14300007604205869133_1160_000_1180_000_1544753136273702.png,2,1,3,0,0,3,0.0,0.001431,4.75,640,640,31,12
waymo,faster_rcnn,14300007604205869133_1160_000_1180_000_1544753137273857,data\processed\milestone_3\images\waymo\external\14300007604205869133_1160_000_1180_000_1544753137273857.png,2,1,3,0,0,3,0.0,0.005994,4.75,640,640,31,8
waymo,faster_rcnn,16213317953898915772_1597_170_1617_170_1509233627293691,data\processed\milestone_3\images\waymo\external\16213317953898915772_1597_170_1617_170_1509233627293691.png,2,1,3,0,0,3,0.0,0.0,4.75,640,640,34,12
waymo,faster_rcnn,16213317953898915772_1597_170_1617_170_1509233628797470,data\processed\milestone_3\images\waymo\external\16213317953898915772_1597_170_1617_170_1509233628797470.png,2,1,3,0,0,3,0.0,0.525433,4.75,640,640,24,17
waymo,faster_rcnn,16213317953898915772_1597_170_1617_170_1509233629300727,data\processed\milestone_3\images\waymo\external\16213317953898915772_1597_170_1617_170_1509233629300727.png,2,1,3,0,0,3,0.0,0.488893,4.75,640,640,7,13
waymo,faster_rcnn,2736377008667623133_2676_410_2696_410_1511721507501045,data\processed\milestone_3\images\waymo\external\2736377008667623133_2676_410_2696_410_1511721507501045.png,2,1,3,0,0,3,0.292361,0.0,4.75,640,640,6,7
waymo,faster_rcnn,4409585400955983988_3500_470_3520_470_1507165535001227,data\processed\milestone_3\images\waymo\external\4409585400955983988_3500_470_3520_470_1507165535001227.png,2,1,3,0,0,3,0.0,0.0,4.75,640,640,16,6
waymo,faster_rcnn,4409585400955983988_3500_470_3520_470_1507165535504048,data\processed\milestone_3\images\waymo\external\4409585400955983988_3500_470_3520_470_1507165535504048.png,2,1,3,0,0,3,0.427856,0.0,4.75,640,640,15,6
waymo,faster_rcnn,9041488218266405018_6454_030_6474_030_1508979396726177,data\processed\milestone_3\images\waymo\external\9041488218266405018_6454_030_6474_030_1508979396726177.png,2,1,3,0,0,3,0.018026,0.0,4.75,640,640,12,4
waymo,yolo,11660186733224028707_420_000_440_000_1541042908772365,data\processed\milestone_3\images\waymo\external\11660186733224028707_420_000_440_000_1541042908772365.png,3,0,3,0,0,3,0.0,0.0,4.5,640,640,33,0
waymo,yolo,11660186733224028707_420_000_440_000_1541042909272480,data\processed\milestone_3\images\waymo\external\11660186733224028707_420_000_440_000_1541042909272480.png,3,0,3,0,0,3,0.0,0.007206,4.5,640,640,35,5
waymo,yolo,11660186733224028707_420_000_440_000_1541042911272318,data\processed\milestone_3\images\waymo\external\11660186733224028707_420_000_440_000_1541042911272318.png,3,0,3,0,0,3,0.0,0.0,4.5,640,640,30,4
waymo,yolo,11660186733224028707_420_000_440_000_1541042911772381,data\processed\milestone_3\images\waymo\external\11660186733224028707_420_000_440_000_1541042911772381.png,3,0,3,0,0,3,0.0,0.0,4.5,640,640,30,2
waymo,yolo,11660186733224028707_420_000_440_000_1541042912272409,data\processed\milestone_3\images\waymo\external\11660186733224028707_420_000_440_000_1541042912272409.png,3,0,3,0,0,3,0.0,0.0,4.5,640,640,29,2
waymo,yolo,11660186733224028707_420_000_440_000_1541042912872339,data\processed\milestone_3\images\waymo\external\11660186733224028707_420_000_440_000_1541042912872339.png,3,0,3,0,0,3,0.0,0.0,4.5,640,640,28,2
waymo,yolo,11660186733224028707_420_000_440_000_1541042913372258,data\processed\milestone_3\images\waymo\external\11660186733224028707_420_000_440_000_1541042913372258.png,3,0,3,0,0,3,0.0,0.0,4.5,640,640,27,1
waymo,yolo,11660186733224028707_420_000_440_000_1541042913872330,data\processed\milestone_3\images\waymo\external\11660186733224028707_420_000_440_000_1541042913872330.png,3,0,3,0,0,3,0.0,0.0,4.5,640,640,26,1
waymo,yolo,11660186733224028707_420_000_440_000_1541042914372479,data\processed\milestone_3\images\waymo\external\11660186733224028707_420_000_440_000_1541042914372479.png,3,0,3,0,0,3,0.0,0.0,4.5,640,640,23,0
waymo,yolo,11660186733224028707_420_000_440_000_1541042914872504,data\processed\milestone_3\images\waymo\external\11660186733224028707_420_000_440_000_1541042914872504.png,3,0,3,0,0,3,0.0,0.0,4.5,640,640,22,0
waymo,yolo,11660186733224028707_420_000_440_000_1541042915372483,data\processed\milestone_3\images\waymo\external\11660186733224028707_420_000_440_000_1541042915372483.png,3,0,3,0,0,3,0.0,0.0,4.5,640,640,21,6
waymo,yolo,11660186733224028707_420_000_440_000_1541042915872471,data\processed\milestone_3\images\waymo\external\11660186733224028707_420_000_440_000_1541042915872471.png,3,0,3,0,0,3,0.0,0.0,4.5,640,640,19,0
waymo,yolo,11660186733224028707_420_000_440_000_1541042916372443,data\processed\milestone_3\images\waymo\external\11660186733224028707_420_000_440_000_1541042916372443.png,3,0,3,0,0,3,0.0,0.0,4.5,640,640,18,1
waymo,yolo,11660186733224028707_420_000_440_000_1541042916872424,data\processed\milestone_3\images\waymo\external\11660186733224028707_420_000_440_000_1541042916872424.png,3,0,3,0,0,3,0.0,0.0,4.5,640,640,18,0
waymo,yolo,11660186733224028707_420_000_440_000_1541042917372449,data\processed\milestone_3\images\waymo\external\11660186733224028707_420_000_440_000_1541042917372449.png,3,0,3,0,0,3,0.0,0.0,4.5,640,640,16,0
waymo,yolo,11660186733224028707_420_000_440_000_1541042917872402,data\processed\milestone_3\images\waymo\external\11660186733224028707_420_000_440_000_1541042917872402.png,3,0,3,0,0,3,0.0,0.0,4.5,640,640,17,0
waymo,yolo,11660186733224028707_420_000_440_000_1541042918372390,data\processed\milestone_3\images\waymo\external\11660186733224028707_420_000_440_000_1541042918372390.png,3,0,3,0,0,3,0.0,0.0,4.5,640,640,17,0
waymo,yolo,11660186733224028707_420_000_440_000_1541042918872440,data\processed\milestone_3\images\waymo\external\11660186733224028707_420_000_440_000_1541042918872440.png,3,0,3,0,0,3,0.0,0.0,4.5,640,640,17,1
waymo,yolo,11660186733224028707_420_000_440_000_1541042919372406,data\processed\milestone_3\images\waymo\external\11660186733224028707_420_000_440_000_1541042919372406.png,3,0,3,0,0,3,0.0,0.0,4.5,640,640,17,1
waymo,yolo,11660186733224028707_420_000_440_000_1541042919872294,data\processed\milestone_3\images\waymo\external\11660186733224028707_420_000_440_000_1541042919872294.png,3,0,3,0,0,3,0.0,0.0,4.5,640,640,17,1
waymo,yolo,11660186733224028707_420_000_440_000_1541042922372334,data\processed\milestone_3\images\waymo\external\11660186733224028707_420_000_440_000_1541042922372334.png,3,0,3,0,0,3,0.0,0.0,4.5,640,640,20,0
waymo,yolo,11660186733224028707_420_000_440_000_1541042922872204,data\processed\milestone_3\images\waymo\external\11660186733224028707_420_000_440_000_1541042922872204.png,3,0,3,0,0,3,0.0,0.0,4.5,640,640,20,0
waymo,yolo,11660186733224028707_420_000_440_000_1541042923372267,data\processed\milestone_3\images\waymo\external\11660186733224028707_420_000_440_000_1541042923372267.png,3,0,3,0,0,3,0.0,0.0,4.5,640,640,20,1
waymo,yolo,11660186733224028707_420_000_440_000_1541042923872337,data\processed\milestone_3\images\waymo\external\11660186733224028707_420_000_440_000_1541042923872337.png,3,0,3,0,0,3,0.0,0.0,4.5,640,640,20,0
waymo,yolo,11660186733224028707_420_000_440_000_1541042924872372,data\processed\milestone_3\images\waymo\external\11660186733224028707_420_000_440_000_1541042924872372.png,3,0,3,0,0,3,0.0,0.0,4.5,640,640,20,0
waymo,yolo,11660186733224028707_420_000_440_000_1541042925372250,data\processed\milestone_3\images\waymo\external\11660186733224028707_420_000_440_000_1541042925372250.png,3,0,3,0,0,3,0.0,0.0,4.5,640,640,16,0
waymo,yolo,11660186733224028707_420_000_440_000_1541042925872089,data\processed\milestone_3\images\waymo\external\11660186733224028707_420_000_440_000_1541042925872089.png,3,0,3,0,0,3,0.0,0.0,4.5,640,640,13,1
waymo,yolo,11660186733224028707_420_000_440_000_1541042926372139,data\processed\milestone_3\images\waymo\external\11660186733224028707_420_000_440_000_1541042926372139.png,3,0,3,0,0,3,0.0,0.0,4.5,640,640,14,1
waymo,yolo,12657584952502228282_3940_000_3960_000_1549937206398997,data\processed\milestone_3\images\waymo\external\12657584952502228282_3940_000_3960_000_1549937206398997.png,3,0,3,0,0,3,0.0,0.002141,4.5,640,640,43,12
waymo,yolo,12657584952502228282_3940_000_3960_000_1549937209398838,data\processed\milestone_3\images\waymo\external\12657584952502228282_3940_000_3960_000_1549937209398838.png,3,0,3,0,0,3,0.0,0.047726,4.5,640,640,41,10
waymo,yolo,12657584952502228282_3940_000_3960_000_1549937209898774,data\processed\milestone_3\images\waymo\external\12657584952502228282_3940_000_3960_000_1549937209898774.png,3,0,3,0,0,3,0.0,0.038841,4.5,640,640,42,16
waymo,yolo,12657584952502228282_3940_000_3960_000_1549937210398649,data\processed\milestone_3\images\waymo\external\12657584952502228282_3940_000_3960_000_1549937210398649.png,3,0,3,0,0,3,0.0,0.0,4.5,640,640,40,5
waymo,yolo,12657584952502228282_3940_000_3960_000_1549937210898587,data\processed\milestone_3\images\waymo\external\12657584952502228282_3940_000_3960_000_1549937210898587.png,3,0,3,0,0,3,0.0,0.00438,4.5,640,640,38,4
waymo,yolo,12657584952502228282_3940_000_3960_000_1549937211398460,data\processed\milestone_3\images\waymo\external\12657584952502228282_3940_000_3960_000_1549937211398460.png,3,0,3,0,0,3,0.0,0.0,4.5,640,640,38,18
waymo,yolo,12657584952502228282_3940_000_3960_000_1549937212398470,data\processed\milestone_3\images\waymo\external\12657584952502228282_3940_000_3960_000_1549937212398470.png,3,0,3,0,0,3,0.0,0.0,4.5,640,640,37,7
waymo,yolo,12657584952502228282_3940_000_3960_000_1549937212898542,data\processed\milestone_3\images\waymo\external\12657584952502228282_3940_000_3960_000_1549937212898542.png,3,0,3,0,0,3,0.0,0.0,4.5,640,640,36,9
waymo,yolo,3039251927598134881_1240_610_1260_610_1507246314403619,data\processed\milestone_3\images\waymo\external\3039251927598134881_1240_610_1260_610_1507246314403619.png,3,0,3,0,0,3,0.0,0.0,4.5,640,640,13,3
waymo,yolo,4690718861228194910_1980_000_2000_000_1552693973749276,data\processed\milestone_3\images\waymo\external\4690718861228194910_1980_000_2000_000_1552693973749276.png,3,0,3,0,0,3,0.0,0.0,4.5,640,640,40,12
waymo,yolo,4690718861228194910_1980_000_2000_000_1552693974249248,data\processed\milestone_3\images\waymo\external\4690718861228194910_1980_000_2000_000_1552693974249248.png,3,0,3,0,0,3,0.0,0.0,4.5,640,640,40,10
waymo,yolo,4690718861228194910_1980_000_2000_000_1552693974749318,data\processed\milestone_3\images\waymo\external\4690718861228194910_1980_000_2000_000_1552693974749318.png,3,0,3,0,0,3,0.0,0.0,4.5,640,640,39,11
waymo,yolo,4690718861228194910_1980_000_2000_000_1552693975749475,data\processed\milestone_3\images\waymo\external\4690718861228194910_1980_000_2000_000_1552693975749475.png,3,0,3,0,0,3,0.0,0.002961,4.5,640,640,36,8
waymo,yolo,4690718861228194910_1980_000_2000_000_1552693978249305,data\processed\milestone_3\images\waymo\external\4690718861228194910_1980_000_2000_000_1552693978249305.png,3,0,3,0,0,3,0.0,0.0,4.5,640,640,40,10
waymo,yolo,6324079979569135086_2372_300_2392_300_1506988302258459,data\processed\milestone_3\images\waymo\external\6324079979569135086_2372_300_2392_300_1506988302258459.png,3,0,3,0,0,3,0.0,0.0,4.5,640,640,26,23
waymo,yolo,6324079979569135086_2372_300_2392_300_1506988302758714,data\processed\milestone_3\images\waymo\external\6324079979569135086_2372_300_2392_300_1506988302758714.png,3,0,3,0,0,3,0.0,0.0,4.5,640,640,26,22
waymo,yolo,6324079979569135086_2372_300_2392_300_1506988305258871,data\processed\milestone_3\images\waymo\external\6324079979569135086_2372_300_2392_300_1506988305258871.png,3,0,3,0,0,3,0.335929,0.335929,4.5,640,640,27,17
waymo,yolo,6324079979569135086_2372_300_2392_300_1506988305758793,data\processed\milestone_3\images\waymo\external\6324079979569135086_2372_300_2392_300_1506988305758793.png,3,0,3,0,0,3,0.0,0.0,4.5,640,640,26,15
waymo,yolo,6324079979569135086_2372_300_2392_300_1506988306258724,data\processed\milestone_3\images\waymo\external\6324079979569135086_2372_300_2392_300_1506988306258724.png,3,0,3,0,0,3,0.0,0.027862,4.5,640,640,25,15
waymo,yolo,6324079979569135086_2372_300_2392_300_1506988306758538,data\processed\milestone_3\images\waymo\external\6324079979569135086_2372_300_2392_300_1506988306758538.png,3,0,3,0,0,3,0.0,0.025263,4.5,640,640,24,20
waymo,yolo,9041488218266405018_6454_030_6474_030_1508979397726080,data\processed\milestone_3\images\waymo\external\9041488218266405018_6454_030_6474_030_1508979397726080.png,3,0,3,0,0,3,0.0,0.0,4.5,640,640,14,5
waymo,yolo,9041488218266405018_6454_030_6474_030_1508979399724938,data\processed\milestone_3\images\waymo\external\9041488218266405018_6454_030_6474_030_1508979399724938.png,3,0,3,0,0,3,0.0,0.0,4.5,640,640,15,2
waymo,yolo,9041488218266405018_6454_030_6474_030_1508979400224290,data\processed\milestone_3\images\waymo\external\9041488218266405018_6454_030_6474_030_1508979400224290.png,3,0,3,0,0,3,0.0,0.0,4.5,640,640,15,2
waymo,yolo,9041488218266405018_6454_030_6474_030_1508979400723365,data\processed\milestone_3\images\waymo\external\9041488218266405018_6454_030_6474_030_1508979400723365.png,3,0,3,0,0,3,0.0,0.0,4.5,640,640,15,2
waymo,yolo,933621182106051783_4160_000_4180_000_1543516676272426,data\processed\milestone_3\images\waymo\external\933621182106051783_4160_000_4180_000_1543516676272426.png,3,0,3,0,0,3,0.0,0.0,4.5,640,640,39,14
waymo,yolo,933621182106051783_4160_000_4180_000_1543516676772403,data\processed\milestone_3\images\waymo\external\933621182106051783_4160_000_4180_000_1543516676772403.png,3,0,3,0,0,3,0.0,0.0,4.5,640,640,37,16
waymo,yolo,933621182106051783_4160_000_4180_000_1543516677272349,data\processed\milestone_3\images\waymo\external\933621182106051783_4160_000_4180_000_1543516677272349.png,3,0,3,0,0,3,0.0,0.0,4.5,640,640,35,12
waymo,yolo,933621182106051783_4160_000_4180_000_1543516677772377,data\processed\milestone_3\images\waymo\external\933621182106051783_4160_000_4180_000_1543516677772377.png,3,0,3,0,0,3,0.0,0.014962,4.5,640,640,33,16
waymo,yolo,933621182106051783_4160_000_4180_000_1543516678272423,data\processed\milestone_3\images\waymo\external\933621182106051783_4160_000_4180_000_1543516678272423.png,3,0,3,0,0,3,0.278917,0.050393,4.5,640,640,31,23
waymo,yolo,933621182106051783_4160_000_4180_000_1543516683272615,data\processed\milestone_3\images\waymo\external\933621182106051783_4160_000_4180_000_1543516683272615.png,3,0,3,0,0,3,0.0,0.0,4.5,640,640,33,12
waymo,yolo,933621182106051783_4160_000_4180_000_1543516686772721,data\processed\milestone_3\images\waymo\external\933621182106051783_4160_000_4180_000_1543516686772721.png,3,0,3,0,0,3,0.0,0.0,4.5,640,640,31,6
waymo,yolo,933621182106051783_4160_000_4180_000_1543516687272709,data\processed\milestone_3\images\waymo\external\933621182106051783_4160_000_4180_000_1543516687272709.png,3,0,3,0,0,3,0.0,0.0,4.5,640,640,31,4
waymo,yolo,933621182106051783_4160_000_4180_000_1543516687772629,data\processed\milestone_3\images\waymo\external\933621182106051783_4160_000_4180_000_1543516687772629.png,3,0,3,0,0,3,0.0,0.0,4.5,640,640,30,3
waymo,yolo,933621182106051783_4160_000_4180_000_1543516688272598,data\processed\milestone_3\images\waymo\external\933621182106051783_4160_000_4180_000_1543516688272598.png,3,0,3,0,0,3,0.0,0.0,4.5,640,640,30,7
waymo,rtdetr,11660186733224028707_420_000_440_000_1541042908772365,data\processed\milestone_3\images\waymo\external\11660186733224028707_420_000_440_000_1541042908772365.png,3,0,3,0,0,3,0.0,0.044676,4.5,640,640,33,300
waymo,rtdetr,11660186733224028707_420_000_440_000_1541042909272480,data\processed\milestone_3\images\waymo\external\11660186733224028707_420_000_440_000_1541042909272480.png,3,0,3,0,0,3,0.006781,0.040978,4.5,640,640,35,300
waymo,rtdetr,11660186733224028707_420_000_440_000_1541042911272318,data\processed\milestone_3\images\waymo\external\11660186733224028707_420_000_440_000_1541042911272318.png,3,0,3,0,0,3,0.0,0.08046,4.5,640,640,30,300
waymo,rtdetr,11660186733224028707_420_000_440_000_1541042911772381,data\processed\milestone_3\images\waymo\external\11660186733224028707_420_000_440_000_1541042911772381.png,3,0,3,0,0,3,0.0,0.078731,4.5,640,640,30,300
waymo,rtdetr,11660186733224028707_420_000_440_000_1541042912272409,data\processed\milestone_3\images\waymo\external\11660186733224028707_420_000_440_000_1541042912272409.png,3,0,3,0,0,3,0.0,0.081684,4.5,640,640,29,300
waymo,rtdetr,11660186733224028707_420_000_440_000_1541042912872339,data\processed\milestone_3\images\waymo\external\11660186733224028707_420_000_440_000_1541042912872339.png,3,0,3,0,0,3,0.0,0.017721,4.5,640,640,28,300
waymo,rtdetr,11660186733224028707_420_000_440_000_1541042913372258,data\processed\milestone_3\images\waymo\external\11660186733224028707_420_000_440_000_1541042913372258.png,3,0,3,0,0,3,0.0,0.014123,4.5,640,640,27,300
waymo,rtdetr,11660186733224028707_420_000_440_000_1541042913872330,data\processed\milestone_3\images\waymo\external\11660186733224028707_420_000_440_000_1541042913872330.png,3,0,3,0,0,3,0.0,0.013405,4.5,640,640,26,300
waymo,rtdetr,11660186733224028707_420_000_440_000_1541042914372479,data\processed\milestone_3\images\waymo\external\11660186733224028707_420_000_440_000_1541042914372479.png,3,0,3,0,0,3,0.0,0.029895,4.5,640,640,23,300
waymo,rtdetr,11660186733224028707_420_000_440_000_1541042914872504,data\processed\milestone_3\images\waymo\external\11660186733224028707_420_000_440_000_1541042914872504.png,3,0,3,0,0,3,0.104941,0.23765,4.5,640,640,22,300
waymo,rtdetr,11660186733224028707_420_000_440_000_1541042915372483,data\processed\milestone_3\images\waymo\external\11660186733224028707_420_000_440_000_1541042915372483.png,3,0,3,0,0,3,0.0,0.080763,4.5,640,640,21,300
waymo,rtdetr,11660186733224028707_420_000_440_000_1541042915872471,data\processed\milestone_3\images\waymo\external\11660186733224028707_420_000_440_000_1541042915872471.png,3,0,3,0,0,3,0.0,0.075559,4.5,640,640,19,300
waymo,rtdetr,11660186733224028707_420_000_440_000_1541042916372443,data\processed\milestone_3\images\waymo\external\11660186733224028707_420_000_440_000_1541042916372443.png,3,0,3,0,0,3,0.0,0.007489,4.5,640,640,18,300
waymo,rtdetr,11660186733224028707_420_000_440_000_1541042916872424,data\processed\milestone_3\images\waymo\external\11660186733224028707_420_000_440_000_1541042916872424.png,3,0,3,0,0,3,0.0,0.023998,4.5,640,640,18,300
waymo,rtdetr,11660186733224028707_420_000_440_000_1541042917372449,data\processed\milestone_3\images\waymo\external\11660186733224028707_420_000_440_000_1541042917372449.png,3,0,3,0,0,3,0.0,0.020507,4.5,640,640,16,300
waymo,rtdetr,11660186733224028707_420_000_440_000_1541042917872402,data\processed\milestone_3\images\waymo\external\11660186733224028707_420_000_440_000_1541042917872402.png,3,0,3,0,0,3,0.0,0.278382,4.5,640,640,17,300
waymo,rtdetr,11660186733224028707_420_000_440_000_1541042918372390,data\processed\milestone_3\images\waymo\external\11660186733224028707_420_000_440_000_1541042918372390.png,3,0,3,0,0,3,0.0,0.153947,4.5,640,640,17,300
waymo,rtdetr,11660186733224028707_420_000_440_000_1541042918872440,data\processed\milestone_3\images\waymo\external\11660186733224028707_420_000_440_000_1541042918872440.png,3,0,3,0,0,3,0.0,0.112809,4.5,640,640,17,300
waymo,rtdetr,11660186733224028707_420_000_440_000_1541042919372406,data\processed\milestone_3\images\waymo\external\11660186733224028707_420_000_440_000_1541042919372406.png,3,0,3,0,0,3,0.0,0.331959,4.5,640,640,17,300
waymo,rtdetr,11660186733224028707_420_000_440_000_1541042919872294,data\processed\milestone_3\images\waymo\external\11660186733224028707_420_000_440_000_1541042919872294.png,3,0,3,0,0,3,0.0,0.14071,4.5,640,640,17,300
waymo,rtdetr,11660186733224028707_420_000_440_000_1541042922372334,data\processed\milestone_3\images\waymo\external\11660186733224028707_420_000_440_000_1541042922372334.png,3,0,3,0,0,3,0.0,0.117399,4.5,640,640,20,300
waymo,rtdetr,11660186733224028707_420_000_440_000_1541042922872204,data\processed\milestone_3\images\waymo\external\11660186733224028707_420_000_440_000_1541042922872204.png,3,0,3,0,0,3,0.002899,0.166502,4.5,640,640,20,300
waymo,rtdetr,11660186733224028707_420_000_440_000_1541042923372267,data\processed\milestone_3\images\waymo\external\11660186733224028707_420_000_440_000_1541042923372267.png,3,0,3,0,0,3,0.0,0.124547,4.5,640,640,20,300
waymo,rtdetr,11660186733224028707_420_000_440_000_1541042923872337,data\processed\milestone_3\images\waymo\external\11660186733224028707_420_000_440_000_1541042923872337.png,3,0,3,0,0,3,0.0,0.166834,4.5,640,640,20,300
waymo,rtdetr,11660186733224028707_420_000_440_000_1541042924872372,data\processed\milestone_3\images\waymo\external\11660186733224028707_420_000_440_000_1541042924872372.png,3,0,3,0,0,3,0.0,0.393328,4.5,640,640,20,300
waymo,rtdetr,11660186733224028707_420_000_440_000_1541042925372250,data\processed\milestone_3\images\waymo\external\11660186733224028707_420_000_440_000_1541042925372250.png,3,0,3,0,0,3,0.293096,0.293096,4.5,640,640,16,300
waymo,rtdetr,11660186733224028707_420_000_440_000_1541042925872089,data\processed\milestone_3\images\waymo\external\11660186733224028707_420_000_440_000_1541042925872089.png,3,0,3,0,0,3,0.326296,0.335806,4.5,640,640,13,300
waymo,rtdetr,12657584952502228282_3940_000_3960_000_1549937206398997,data\processed\milestone_3\images\waymo\external\12657584952502228282_3940_000_3960_000_1549937206398997.png,3,0,3,0,0,3,0.02011,0.075118,4.5,640,640,43,300
waymo,rtdetr,12657584952502228282_3940_000_3960_000_1549937209898774,data\processed\milestone_3\images\waymo\external\12657584952502228282_3940_000_3960_000_1549937209898774.png,3,0,3,0,0,3,0.007898,0.053891,4.5,640,640,42,300
waymo,rtdetr,13356997604177841771_3360_000_3380_000_1557267392087628,data\processed\milestone_3\images\waymo\external\13356997604177841771_3360_000_3380_000_1557267392087628.png,3,0,3,0,0,3,0.463089,0.463089,4.5,640,640,35,300
waymo,rtdetr,2736377008667623133_2676_410_2696_410_1511721506000758,data\processed\milestone_3\images\waymo\external\2736377008667623133_2676_410_2696_410_1511721506000758.png,3,0,3,0,0,3,0.200292,0.200292,4.5,640,640,7,300
waymo,rtdetr,2736377008667623133_2676_410_2696_410_1511721507000880,data\processed\milestone_3\images\waymo\external\2736377008667623133_2676_410_2696_410_1511721507000880.png,3,0,3,0,0,3,0.129903,0.107503,4.5,640,640,7,300
waymo,rtdetr,3039251927598134881_1240_610_1260_610_1507246314403619,data\processed\milestone_3\images\waymo\external\3039251927598134881_1240_610_1260_610_1507246314403619.png,3,0,3,0,0,3,0.043097,0.043097,4.5,640,640,13,300
waymo,rtdetr,4690718861228194910_1980_000_2000_000_1552693973749276,data\processed\milestone_3\images\waymo\external\4690718861228194910_1980_000_2000_000_1552693973749276.png,3,0,3,0,0,3,0.412521,0.412521,4.5,640,640,40,300
waymo,rtdetr,4690718861228194910_1980_000_2000_000_1552693974749318,data\processed\milestone_3\images\waymo\external\4690718861228194910_1980_000_2000_000_1552693974749318.png,3,0,3,0,0,3,0.495095,0.495095,4.5,640,640,39,300
waymo,rtdetr,4690718861228194910_1980_000_2000_000_1552693975749475,data\processed\milestone_3\images\waymo\external\4690718861228194910_1980_000_2000_000_1552693975749475.png,3,0,3,0,0,3,0.025035,0.065547,4.5,640,640,36,300
waymo,rtdetr,4690718861228194910_1980_000_2000_000_1552693976249498,data\processed\milestone_3\images\waymo\external\4690718861228194910_1980_000_2000_000_1552693976249498.png,3,0,3,0,0,3,0.000421,0.260853,4.5,640,640,38,300
waymo,rtdetr,4690718861228194910_1980_000_2000_000_1552693978249305,data\processed\milestone_3\images\waymo\external\4690718861228194910_1980_000_2000_000_1552693978249305.png,3,0,3,0,0,3,0.00963,0.136888,4.5,640,640,40,300
waymo,rtdetr,4690718861228194910_1980_000_2000_000_1552693980749366,data\processed\milestone_3\images\waymo\external\4690718861228194910_1980_000_2000_000_1552693980749366.png,3,0,3,0,0,3,0.119521,0.144745,4.5,640,640,44,300
waymo,rtdetr,4690718861228194910_1980_000_2000_000_1552693981249460,data\processed\milestone_3\images\waymo\external\4690718861228194910_1980_000_2000_000_1552693981249460.png,3,0,3,0,0,3,0.16294,0.16294,4.5,640,640,42,300
waymo,rtdetr,6324079979569135086_2372_300_2392_300_1506988293759462,data\processed\milestone_3\images\waymo\external\6324079979569135086_2372_300_2392_300_1506988293759462.png,3,0,3,0,0,3,0.001317,0.413058,4.5,640,640,31,300
waymo,rtdetr,6324079979569135086_2372_300_2392_300_1506988296259175,data\processed\milestone_3\images\waymo\external\6324079979569135086_2372_300_2392_300_1506988296259175.png,3,0,3,0,0,3,0.0,0.001818,4.5,640,640,32,300
waymo,rtdetr,6324079979569135086_2372_300_2392_300_1506988302758714,data\processed\milestone_3\images\waymo\external\6324079979569135086_2372_300_2392_300_1506988302758714.png,3,0,3,0,0,3,0.47839,0.220721,4.5,640,640,26,300
waymo,rtdetr,6324079979569135086_2372_300_2392_300_1506988305258871,data\processed\milestone_3\images\waymo\external\6324079979569135086_2372_300_2392_300_1506988305258871.png,3,0,3,0,0,3,0.334921,0.334921,4.5,640,640,27,300
waymo,rtdetr,6324079979569135086_2372_300_2392_300_1506988305758793,data\processed\milestone_3\images\waymo\external\6324079979569135086_2372_300_2392_300_1506988305758793.png,3,0,3,0,0,3,0.2684,0.046285,4.5,640,640,26,300
waymo,rtdetr,6324079979569135086_2372_300_2392_300_1506988306258724,data\processed\milestone_3\images\waymo\external\6324079979569135086_2372_300_2392_300_1506988306258724.png,3,0,3,0,0,3,0.484408,0.513005,4.5,640,640,25,300
waymo,rtdetr,9041488218266405018_6454_030_6474_030_1508979397726080,data\processed\milestone_3\images\waymo\external\9041488218266405018_6454_030_6474_030_1508979397726080.png,3,0,3,0,0,3,0.0,0.001684,4.5,640,640,14,300
waymo,rtdetr,9041488218266405018_6454_030_6474_030_1508979399724938,data\processed\milestone_3\images\waymo\external\9041488218266405018_6454_030_6474_030_1508979399724938.png,3,0,3,0,0,3,0.00511,0.099113,4.5,640,640,15,300
waymo,rtdetr,9041488218266405018_6454_030_6474_030_1508979400224290,data\processed\milestone_3\images\waymo\external\9041488218266405018_6454_030_6474_030_1508979400224290.png,3,0,3,0,0,3,0.0,0.145541,4.5,640,640,15,300
waymo,rtdetr,9041488218266405018_6454_030_6474_030_1508979400723365,data\processed\milestone_3\images\waymo\external\9041488218266405018_6454_030_6474_030_1508979400723365.png,3,0,3,0,0,3,0.282523,0.282523,4.5,640,640,15,300
waymo,rtdetr,933621182106051783_4160_000_4180_000_1543516674772724,data\processed\milestone_3\images\waymo\external\933621182106051783_4160_000_4180_000_1543516674772724.png,3,0,3,0,0,3,0.356843,0.066098,4.5,640,640,39,300
waymo,rtdetr,933621182106051783_4160_000_4180_000_1543516675772499,data\processed\milestone_3\images\waymo\external\933621182106051783_4160_000_4180_000_1543516675772499.png,3,0,3,0,0,3,0.074843,0.139872,4.5,640,640,42,300
waymo,rtdetr,933621182106051783_4160_000_4180_000_1543516676272426,data\processed\milestone_3\images\waymo\external\933621182106051783_4160_000_4180_000_1543516676272426.png,3,0,3,0,0,3,0.307626,0.103892,4.5,640,640,39,300
waymo,rtdetr,933621182106051783_4160_000_4180_000_1543516676772403,data\processed\milestone_3\images\waymo\external\933621182106051783_4160_000_4180_000_1543516676772403.png,3,0,3,0,0,3,0.453223,0.453223,4.5,640,640,37,300
kitti,retinanet,004474,data\processed\milestone_3\images\kitti\val\004474.png,3,0,3,0,0,3,0.478812,0.476751,4.5,640,640,12,276
waymo,retinanet,11660186733224028707_420_000_440_000_1541042908772365,data\processed\milestone_3\images\waymo\external\11660186733224028707_420_000_440_000_1541042908772365.png,3,0,3,0,0,3,0.0,0.009149,4.5,640,640,33,3
waymo,retinanet,11660186733224028707_420_000_440_000_1541042909272480,data\processed\milestone_3\images\waymo\external\11660186733224028707_420_000_440_000_1541042909272480.png,3,0,3,0,0,3,0.0,0.0,4.5,640,640,35,1
waymo,retinanet,11660186733224028707_420_000_440_000_1541042911272318,data\processed\milestone_3\images\waymo\external\11660186733224028707_420_000_440_000_1541042911272318.png,3,0,3,0,0,3,0.0,0.0,4.5,640,640,30,7
waymo,retinanet,11660186733224028707_420_000_440_000_1541042911772381,data\processed\milestone_3\images\waymo\external\11660186733224028707_420_000_440_000_1541042911772381.png,3,0,3,0,0,3,0.0,0.0,4.5,640,640,30,6
waymo,retinanet,11660186733224028707_420_000_440_000_1541042912272409,data\processed\milestone_3\images\waymo\external\11660186733224028707_420_000_440_000_1541042912272409.png,3,0,3,0,0,3,0.0,0.0,4.5,640,640,29,5
waymo,retinanet,11660186733224028707_420_000_440_000_1541042912872339,data\processed\milestone_3\images\waymo\external\11660186733224028707_420_000_440_000_1541042912872339.png,3,0,3,0,0,3,0.0,0.0,4.5,640,640,28,7
waymo,retinanet,11660186733224028707_420_000_440_000_1541042913372258,data\processed\milestone_3\images\waymo\external\11660186733224028707_420_000_440_000_1541042913372258.png,3,0,3,0,0,3,0.0,0.0,4.5,640,640,27,4
waymo,retinanet,11660186733224028707_420_000_440_000_1541042913872330,data\processed\milestone_3\images\waymo\external\11660186733224028707_420_000_440_000_1541042913872330.png,3,0,3,0,0,3,0.0,0.0,4.5,640,640,26,3
waymo,retinanet,11660186733224028707_420_000_440_000_1541042914372479,data\processed\milestone_3\images\waymo\external\11660186733224028707_420_000_440_000_1541042914372479.png,3,0,3,0,0,3,0.0,0.0,4.5,640,640,23,8
waymo,retinanet,11660186733224028707_420_000_440_000_1541042914872504,data\processed\milestone_3\images\waymo\external\11660186733224028707_420_000_440_000_1541042914872504.png,3,0,3,0,0,3,0.0,0.004099,4.5,640,640,22,7
waymo,retinanet,11660186733224028707_420_000_440_000_1541042915372483,data\processed\milestone_3\images\waymo\external\11660186733224028707_420_000_440_000_1541042915372483.png,3,0,3,0,0,3,0.0,0.0,4.5,640,640,21,2
waymo,retinanet,11660186733224028707_420_000_440_000_1541042915872471,data\processed\milestone_3\images\waymo\external\11660186733224028707_420_000_440_000_1541042915872471.png,3,0,3,0,0,3,0.0,0.0,4.5,640,640,19,4
waymo,retinanet,11660186733224028707_420_000_440_000_1541042916372443,data\processed\milestone_3\images\waymo\external\11660186733224028707_420_000_440_000_1541042916372443.png,3,0,3,0,0,3,0.0,0.003865,4.5,640,640,18,6
waymo,retinanet,11660186733224028707_420_000_440_000_1541042916872424,data\processed\milestone_3\images\waymo\external\11660186733224028707_420_000_440_000_1541042916872424.png,3,0,3,0,0,3,0.0,0.002207,4.5,640,640,18,3
waymo,retinanet,11660186733224028707_420_000_440_000_1541042917372449,data\processed\milestone_3\images\waymo\external\11660186733224028707_420_000_440_000_1541042917372449.png,3,0,3,0,0,3,0.0,0.004659,4.5,640,640,16,3
waymo,retinanet,11660186733224028707_420_000_440_000_1541042917872402,data\processed\milestone_3\images\waymo\external\11660186733224028707_420_000_440_000_1541042917872402.png,3,0,3,0,0,3,0.0,0.007555,4.5,640,640,17,8
waymo,retinanet,11660186733224028707_420_000_440_000_1541042918372390,data\processed\milestone_3\images\waymo\external\11660186733224028707_420_000_440_000_1541042918372390.png,3,0,3,0,0,3,0.0,0.006558,4.5,640,640,17,4
waymo,retinanet,11660186733224028707_420_000_440_000_1541042918872440,data\processed\milestone_3\images\waymo\external\11660186733224028707_420_000_440_000_1541042918872440.png,3,0,3,0,0,3,0.0,0.0,4.5,640,640,17,3
waymo,retinanet,11660186733224028707_420_000_440_000_1541042919372406,data\processed\milestone_3\images\waymo\external\11660186733224028707_420_000_440_000_1541042919372406.png,3,0,3,0,0,3,0.0,0.0,4.5,640,640,17,3
waymo,retinanet,11660186733224028707_420_000_440_000_1541042919872294,data\processed\milestone_3\images\waymo\external\11660186733224028707_420_000_440_000_1541042919872294.png,3,0,3,0,0,3,0.0,0.0,4.5,640,640,17,5
waymo,retinanet,11660186733224028707_420_000_440_000_1541042922372334,data\processed\milestone_3\images\waymo\external\11660186733224028707_420_000_440_000_1541042922372334.png,3,0,3,0,0,3,0.0,0.00421,4.5,640,640,20,4
waymo,retinanet,11660186733224028707_420_000_440_000_1541042922872204,data\processed\milestone_3\images\waymo\external\11660186733224028707_420_000_440_000_1541042922872204.png,3,0,3,0,0,3,0.0,0.004826,4.5,640,640,20,6
waymo,retinanet,11660186733224028707_420_000_440_000_1541042923372267,data\processed\milestone_3\images\waymo\external\11660186733224028707_420_000_440_000_1541042923372267.png,3,0,3,0,0,3,0.0,0.0,4.5,640,640,20,2
waymo,retinanet,11660186733224028707_420_000_440_000_1541042923872337,data\processed\milestone_3\images\waymo\external\11660186733224028707_420_000_440_000_1541042923872337.png,3,0,3,0,0,3,0.0,0.004752,4.5,640,640,20,4
waymo,retinanet,11660186733224028707_420_000_440_000_1541042924872372,data\processed\milestone_3\images\waymo\external\11660186733224028707_420_000_440_000_1541042924872372.png,3,0,3,0,0,3,0.0,0.007672,4.5,640,640,20,5
waymo,retinanet,11660186733224028707_420_000_440_000_1541042925372250,data\processed\milestone_3\images\waymo\external\11660186733224028707_420_000_440_000_1541042925372250.png,3,0,3,0,0,3,0.0,0.0,4.5,640,640,16,1
waymo,retinanet,11660186733224028707_420_000_440_000_1541042925872089,data\processed\milestone_3\images\waymo\external\11660186733224028707_420_000_440_000_1541042925872089.png,3,0,3,0,0,3,0.0,0.003163,4.5,640,640,13,4
waymo,retinanet,11660186733224028707_420_000_440_000_1541042926372139,data\processed\milestone_3\images\waymo\external\11660186733224028707_420_000_440_000_1541042926372139.png,3,0,3,0,0,3,0.344397,0.0,4.5,640,640,14,6
waymo,retinanet,12657584952502228282_3940_000_3960_000_1549937206398997,data\processed\milestone_3\images\waymo\external\12657584952502228282_3940_000_3960_000_1549937206398997.png,3,0,3,0,0,3,0.0,0.012833,4.5,640,640,43,17
waymo,retinanet,12657584952502228282_3940_000_3960_000_1549937209398838,data\processed\milestone_3\images\waymo\external\12657584952502228282_3940_000_3960_000_1549937209398838.png,3,0,3,0,0,3,0.497111,0.0,4.5,640,640,41,9
waymo,retinanet,12657584952502228282_3940_000_3960_000_1549937209898774,data\processed\milestone_3\images\waymo\external\12657584952502228282_3940_000_3960_000_1549937209898774.png,3,0,3,0,0,3,0.0,0.0,4.5,640,640,42,13
waymo,retinanet,12657584952502228282_3940_000_3960_000_1549937210398649,data\processed\milestone_3\images\waymo\external\12657584952502228282_3940_000_3960_000_1549937210398649.png,3,0,3,0,0,3,0.0,0.002225,4.5,640,640,40,11
waymo,retinanet,12657584952502228282_3940_000_3960_000_1549937210898587,data\processed\milestone_3\images\waymo\external\12657584952502228282_3940_000_3960_000_1549937210898587.png,3,0,3,0,0,3,0.0,0.019672,4.5,640,640,38,12
waymo,retinanet,12657584952502228282_3940_000_3960_000_1549937211398460,data\processed\milestone_3\images\waymo\external\12657584952502228282_3940_000_3960_000_1549937211398460.png,3,0,3,0,0,3,0.0,0.007496,4.5,640,640,38,11
waymo,retinanet,12657584952502228282_3940_000_3960_000_1549937212398470,data\processed\milestone_3\images\waymo\external\12657584952502228282_3940_000_3960_000_1549937212398470.png,3,0,3,0,0,3,0.0,0.0,4.5,640,640,37,7
waymo,retinanet,13356997604177841771_3360_000_3380_000_1557267391587678,data\processed\milestone_3\images\waymo\external\13356997604177841771_3360_000_3380_000_1557267391587678.png,3,0,3,0,0,3,0.058317,0.0,4.5,640,640,41,20
waymo,retinanet,3039251927598134881_1240_610_1260_610_1507246314403619,data\processed\milestone_3\images\waymo\external\3039251927598134881_1240_610_1260_610_1507246314403619.png,3,0,3,0,0,3,0.0,0.0,4.5,640,640,13,3
waymo,retinanet,4690718861228194910_1980_000_2000_000_1552693973749276,data\processed\milestone_3\images\waymo\external\4690718861228194910_1980_000_2000_000_1552693973749276.png,3,0,3,0,0,3,0.278403,0.063001,4.5,640,640,40,17
waymo,retinanet,4690718861228194910_1980_000_2000_000_1552693974249248,data\processed\milestone_3\images\waymo\external\4690718861228194910_1980_000_2000_000_1552693974249248.png,3,0,3,0,0,3,0.268484,0.052462,4.5,640,640,40,18
waymo,retinanet,4690718861228194910_1980_000_2000_000_1552693974749318,data\processed\milestone_3\images\waymo\external\4690718861228194910_1980_000_2000_000_1552693974749318.png,3,0,3,0,0,3,0.49435,0.0,4.5,640,640,39,18
waymo,retinanet,4690718861228194910_1980_000_2000_000_1552693975749475,data\processed\milestone_3\images\waymo\external\4690718861228194910_1980_000_2000_000_1552693975749475.png,3,0,3,0,0,3,0.0,0.004518,4.5,640,640,36,11
waymo,retinanet,4690718861228194910_1980_000_2000_000_1552693976749413,data\processed\milestone_3\images\waymo\external\4690718861228194910_1980_000_2000_000_1552693976749413.png,3,0,3,0,0,3,0.021076,0.0,4.5,640,640,41,21
waymo,retinanet,4690718861228194910_1980_000_2000_000_1552693978249305,data\processed\milestone_3\images\waymo\external\4690718861228194910_1980_000_2000_000_1552693978249305.png,3,0,3,0,0,3,0.0,0.010785,4.5,640,640,40,15
waymo,retinanet,4690718861228194910_1980_000_2000_000_1552693979249484,data\processed\milestone_3\images\waymo\external\4690718861228194910_1980_000_2000_000_1552693979249484.png,3,0,3,0,0,3,0.0,0.215629,4.5,640,640,36,16
waymo,retinanet,4690718861228194910_1980_000_2000_000_1552693980249357,data\processed\milestone_3\images\waymo\external\4690718861228194910_1980_000_2000_000_1552693980249357.png,3,0,3,0,0,3,0.132802,0.0,4.5,640,640,42,23
waymo,retinanet,4690718861228194910_1980_000_2000_000_1552693981249460,data\processed\milestone_3\images\waymo\external\4690718861228194910_1980_000_2000_000_1552693981249460.png,3,0,3,0,0,3,0.0,0.162578,4.5,640,640,42,23
waymo,retinanet,6324079979569135086_2372_300_2392_300_1506988302258459,data\processed\milestone_3\images\waymo\external\6324079979569135086_2372_300_2392_300_1506988302258459.png,3,0,3,0,0,3,0.0,0.0,4.5,640,640,26,16
waymo,retinanet,6324079979569135086_2372_300_2392_300_1506988302758714,data\processed\milestone_3\images\waymo\external\6324079979569135086_2372_300_2392_300_1506988302758714.png,3,0,3,0,0,3,0.0,0.0,4.5,640,640,26,10
waymo,retinanet,6324079979569135086_2372_300_2392_300_1506988305258871,data\processed\milestone_3\images\waymo\external\6324079979569135086_2372_300_2392_300_1506988305258871.png,3,0,3,0,0,3,0.0,0.0,4.5,640,640,27,16
waymo,retinanet,6324079979569135086_2372_300_2392_300_1506988305758793,data\processed\milestone_3\images\waymo\external\6324079979569135086_2372_300_2392_300_1506988305758793.png,3,0,3,0,0,3,0.0,0.0,4.5,640,640,26,9
waymo,retinanet,6324079979569135086_2372_300_2392_300_1506988306258724,data\processed\milestone_3\images\waymo\external\6324079979569135086_2372_300_2392_300_1506988306258724.png,3,0,3,0,0,3,0.0,0.02644,4.5,640,640,25,16
waymo,retinanet,6324079979569135086_2372_300_2392_300_1506988306758538,data\processed\milestone_3\images\waymo\external\6324079979569135086_2372_300_2392_300_1506988306758538.png,3,0,3,0,0,3,0.0,0.0,4.5,640,640,24,12
waymo,retinanet,9041488218266405018_6454_030_6474_030_1508979399724938,data\processed\milestone_3\images\waymo\external\9041488218266405018_6454_030_6474_030_1508979399724938.png,3,0,3,0,0,3,0.0,0.0,4.5,640,640,15,2
waymo,retinanet,9041488218266405018_6454_030_6474_030_1508979400224290,data\processed\milestone_3\images\waymo\external\9041488218266405018_6454_030_6474_030_1508979400224290.png,3,0,3,0,0,3,0.0,0.0,4.5,640,640,15,3
waymo,retinanet,9041488218266405018_6454_030_6474_030_1508979400723365,data\processed\milestone_3\images\waymo\external\9041488218266405018_6454_030_6474_030_1508979400723365.png,3,0,3,0,0,3,0.0,0.0,4.5,640,640,15,2
waymo,retinanet,933621182106051783_4160_000_4180_000_1543516677272349,data\processed\milestone_3\images\waymo\external\933621182106051783_4160_000_4180_000_1543516677272349.png,3,0,3,0,0,3,0.0,0.0,4.5,640,640,35,12
waymo,retinanet,933621182106051783_4160_000_4180_000_1543516677772377,data\processed\milestone_3\images\waymo\external\933621182106051783_4160_000_4180_000_1543516677772377.png,3,0,3,0,0,3,0.445784,0.006741,4.5,640,640,33,12
waymo,retinanet,933621182106051783_4160_000_4180_000_1543516683272615,data\processed\milestone_3\images\waymo\external\933621182106051783_4160_000_4180_000_1543516683272615.png,3,0,3,0,0,3,0.0,0.0,4.5,640,640,33,6
waymo,retinanet,933621182106051783_4160_000_4180_000_1543516686772721,data\processed\milestone_3\images\waymo\external\933621182106051783_4160_000_4180_000_1543516686772721.png,3,0,3,0,0,3,0.48371,0.0,4.5,640,640,31,8
kitti,faster_rcnn,002780,data\processed\milestone_3\images\kitti\val\002780.png,3,0,3,0,0,3,0.422035,0.673671,4.5,640,640,9,66
kitti,faster_rcnn,004186,data\processed\milestone_3\images\kitti\val\004186.png,3,0,3,0,0,3,0.377122,0.366905,4.5,640,640,12,117
kitti,faster_rcnn,004417,data\processed\milestone_3\images\kitti\val\004417.png,3,0,3,0,0,3,0.419686,0.435615,4.5,640,640,14,82
waymo,faster_rcnn,11660186733224028707_420_000_440_000_1541042907272599,data\processed\milestone_3\images\waymo\external\11660186733224028707_420_000_440_000_1541042907272599.png,3,0,3,0,0,3,0.0,0.383682,4.5,640,640,34,7
waymo,faster_rcnn,11660186733224028707_420_000_440_000_1541042908772365,data\processed\milestone_3\images\waymo\external\11660186733224028707_420_000_440_000_1541042908772365.png,3,0,3,0,0,3,0.0,0.0,4.5,640,640,33,4
waymo,faster_rcnn,11660186733224028707_420_000_440_000_1541042909272480,data\processed\milestone_3\images\waymo\external\11660186733224028707_420_000_440_000_1541042909272480.png,3,0,3,0,0,3,0.0,0.000583,4.5,640,640,35,4
waymo,faster_rcnn,11660186733224028707_420_000_440_000_1541042911272318,data\processed\milestone_3\images\waymo\external\11660186733224028707_420_000_440_000_1541042911272318.png,3,0,3,0,0,3,0.0,0.000328,4.5,640,640,30,3
waymo,faster_rcnn,11660186733224028707_420_000_440_000_1541042911772381,data\processed\milestone_3\images\waymo\external\11660186733224028707_420_000_440_000_1541042911772381.png,3,0,3,0,0,3,0.0,0.000479,4.5,640,640,30,2
waymo,faster_rcnn,11660186733224028707_420_000_440_000_1541042912272409,data\processed\milestone_3\images\waymo\external\11660186733224028707_420_000_440_000_1541042912272409.png,3,0,3,0,0,3,0.0,0.000622,4.5,640,640,29,9
waymo,faster_rcnn,11660186733224028707_420_000_440_000_1541042912872339,data\processed\milestone_3\images\waymo\external\11660186733224028707_420_000_440_000_1541042912872339.png,3,0,3,0,0,3,0.0,0.000529,4.5,640,640,28,6
waymo,faster_rcnn,11660186733224028707_420_000_440_000_1541042913372258,data\processed\milestone_3\images\waymo\external\11660186733224028707_420_000_440_000_1541042913372258.png,3,0,3,0,0,3,0.0,0.000532,4.5,640,640,27,7
waymo,faster_rcnn,11660186733224028707_420_000_440_000_1541042913872330,data\processed\milestone_3\images\waymo\external\11660186733224028707_420_000_440_000_1541042913872330.png,3,0,3,0,0,3,0.0,0.000912,4.5,640,640,26,8
waymo,faster_rcnn,11660186733224028707_420_000_440_000_1541042914372479,data\processed\milestone_3\images\waymo\external\11660186733224028707_420_000_440_000_1541042914372479.png,3,0,3,0,0,3,0.0,0.000472,4.5,640,640,23,2
waymo,faster_rcnn,11660186733224028707_420_000_440_000_1541042914872504,data\processed\milestone_3\images\waymo\external\11660186733224028707_420_000_440_000_1541042914872504.png,3,0,3,0,0,3,0.0,0.000754,4.5,640,640,22,2
waymo,faster_rcnn,11660186733224028707_420_000_440_000_1541042915372483,data\processed\milestone_3\images\waymo\external\11660186733224028707_420_000_440_000_1541042915372483.png,3,0,3,0,0,3,0.0,0.000781,4.5,640,640,21,2
waymo,faster_rcnn,11660186733224028707_420_000_440_000_1541042915872471,data\processed\milestone_3\images\waymo\external\11660186733224028707_420_000_440_000_1541042915872471.png,3,0,3,0,0,3,0.0,0.000889,4.5,640,640,19,4
waymo,faster_rcnn,11660186733224028707_420_000_440_000_1541042916372443,data\processed\milestone_3\images\waymo\external\11660186733224028707_420_000_440_000_1541042916372443.png,3,0,3,0,0,3,0.0,0.001006,4.5,640,640,18,5
waymo,faster_rcnn,11660186733224028707_420_000_440_000_1541042916872424,data\processed\milestone_3\images\waymo\external\11660186733224028707_420_000_440_000_1541042916872424.png,3,0,3,0,0,3,0.0,0.002103,4.5,640,640,18,5
waymo,faster_rcnn,11660186733224028707_420_000_440_000_1541042917372449,data\processed\milestone_3\images\waymo\external\11660186733224028707_420_000_440_000_1541042917372449.png,3,0,3,0,0,3,0.0,0.030779,4.5,640,640,16,7
waymo,faster_rcnn,11660186733224028707_420_000_440_000_1541042917872402,data\processed\milestone_3\images\waymo\external\11660186733224028707_420_000_440_000_1541042917872402.png,3,0,3,0,0,3,0.0,0.001249,4.5,640,640,17,4
waymo,faster_rcnn,11660186733224028707_420_000_440_000_1541042918372390,data\processed\milestone_3\images\waymo\external\11660186733224028707_420_000_440_000_1541042918372390.png,3,0,3,0,0,3,0.0,0.001054,4.5,640,640,17,1
waymo,faster_rcnn,11660186733224028707_420_000_440_000_1541042918872440,data\processed\milestone_3\images\waymo\external\11660186733224028707_420_000_440_000_1541042918872440.png,3,0,3,0,0,3,0.0,0.001167,4.5,640,640,17,1
waymo,faster_rcnn,11660186733224028707_420_000_440_000_1541042919372406,data\processed\milestone_3\images\waymo\external\11660186733224028707_420_000_440_000_1541042919372406.png,3,0,3,0,0,3,0.0,0.001109,4.5,640,640,17,2
waymo,faster_rcnn,11660186733224028707_420_000_440_000_1541042919872294,data\processed\milestone_3\images\waymo\external\11660186733224028707_420_000_440_000_1541042919872294.png,3,0,3,0,0,3,0.0,0.001045,4.5,640,640,17,1
waymo,faster_rcnn,11660186733224028707_420_000_440_000_1541042922372334,data\processed\milestone_3\images\waymo\external\11660186733224028707_420_000_440_000_1541042922372334.png,3,0,3,0,0,3,0.0,0.0,4.5,640,640,20,0
waymo,faster_rcnn,11660186733224028707_420_000_440_000_1541042922872204,data\processed\milestone_3\images\waymo\external\11660186733224028707_420_000_440_000_1541042922872204.png,3,0,3,0,0,3,0.0,0.0,4.5,640,640,20,0
waymo,faster_rcnn,11660186733224028707_420_000_440_000_1541042923372267,data\processed\milestone_3\images\waymo\external\11660186733224028707_420_000_440_000_1541042923372267.png,3,0,3,0,0,3,0.0,0.001567,4.5,640,640,20,3
waymo,faster_rcnn,11660186733224028707_420_000_440_000_1541042923872337,data\processed\milestone_3\images\waymo\external\11660186733224028707_420_000_440_000_1541042923872337.png,3,0,3,0,0,3,0.0,0.001457,4.5,640,640,20,4
waymo,faster_rcnn,11660186733224028707_420_000_440_000_1541042924872372,data\processed\milestone_3\images\waymo\external\11660186733224028707_420_000_440_000_1541042924872372.png,3,0,3,0,0,3,0.0,0.001403,4.5,640,640,20,2
waymo,faster_rcnn,11660186733224028707_420_000_440_000_1541042925372250,data\processed\milestone_3\images\waymo\external\11660186733224028707_420_000_440_000_1541042925372250.png,3,0,3,0,0,3,0.0,0.203918,4.5,640,640,16,3
waymo,faster_rcnn,11660186733224028707_420_000_440_000_1541042925872089,data\processed\milestone_3\images\waymo\external\11660186733224028707_420_000_440_000_1541042925872089.png,3,0,3,0,0,3,0.0,0.001152,4.5,640,640,13,2
waymo,faster_rcnn,11660186733224028707_420_000_440_000_1541042926372139,data\processed\milestone_3\images\waymo\external\11660186733224028707_420_000_440_000_1541042926372139.png,3,0,3,0,0,3,0.0,0.011083,4.5,640,640,14,7
waymo,faster_rcnn,12657584952502228282_3940_000_3960_000_1549937206398997,data\processed\milestone_3\images\waymo\external\12657584952502228282_3940_000_3960_000_1549937206398997.png,3,0,3,0,0,3,0.0,0.017544,4.5,640,640,43,15
waymo,faster_rcnn,12657584952502228282_3940_000_3960_000_1549937209898774,data\processed\milestone_3\images\waymo\external\12657584952502228282_3940_000_3960_000_1549937209898774.png,3,0,3,0,0,3,0.186694,0.024285,4.5,640,640,42,11
waymo,faster_rcnn,12657584952502228282_3940_000_3960_000_1549937210398649,data\processed\milestone_3\images\waymo\external\12657584952502228282_3940_000_3960_000_1549937210398649.png,3,0,3,0,0,3,0.0,0.013237,4.5,640,640,40,14
waymo,faster_rcnn,12657584952502228282_3940_000_3960_000_1549937211398460,data\processed\milestone_3\images\waymo\external\12657584952502228282_3940_000_3960_000_1549937211398460.png,3,0,3,0,0,3,0.499355,0.009572,4.5,640,640,38,9
waymo,faster_rcnn,12657584952502228282_3940_000_3960_000_1549937212398470,data\processed\milestone_3\images\waymo\external\12657584952502228282_3940_000_3960_000_1549937212398470.png,3,0,3,0,0,3,0.0,0.0,4.5,640,640,37,6
waymo,faster_rcnn,3039251927598134881_1240_610_1260_610_1507246314403619,data\processed\milestone_3\images\waymo\external\3039251927598134881_1240_610_1260_610_1507246314403619.png,3,0,3,0,0,3,0.0,0.00945,4.5,640,640,13,6
waymo,faster_rcnn,4690718861228194910_1980_000_2000_000_1552693973749276,data\processed\milestone_3\images\waymo\external\4690718861228194910_1980_000_2000_000_1552693973749276.png,3,0,3,0,0,3,0.460901,0.0,4.5,640,640,40,10
waymo,faster_rcnn,4690718861228194910_1980_000_2000_000_1552693974749318,data\processed\milestone_3\images\waymo\external\4690718861228194910_1980_000_2000_000_1552693974749318.png,3,0,3,0,0,3,0.430049,0.0,4.5,640,640,39,16
waymo,faster_rcnn,4690718861228194910_1980_000_2000_000_1552693975249396,data\processed\milestone_3\images\waymo\external\4690718861228194910_1980_000_2000_000_1552693975249396.png,3,0,3,0,0,3,0.0,0.0,4.5,640,640,41,15
waymo,faster_rcnn,4690718861228194910_1980_000_2000_000_1552693975749475,data\processed\milestone_3\images\waymo\external\4690718861228194910_1980_000_2000_000_1552693975749475.png,3,0,3,0,0,3,0.0,0.014397,4.5,640,640,36,16
waymo,faster_rcnn,4690718861228194910_1980_000_2000_000_1552693976249498,data\processed\milestone_3\images\waymo\external\4690718861228194910_1980_000_2000_000_1552693976249498.png,3,0,3,0,0,3,0.0,0.0,4.5,640,640,38,12
waymo,faster_rcnn,4690718861228194910_1980_000_2000_000_1552693978249305,data\processed\milestone_3\images\waymo\external\4690718861228194910_1980_000_2000_000_1552693978249305.png,3,0,3,0,0,3,0.0,0.0,4.5,640,640,40,12
waymo,faster_rcnn,6324079979569135086_2372_300_2392_300_1506988293759462,data\processed\milestone_3\images\waymo\external\6324079979569135086_2372_300_2392_300_1506988293759462.png,3,0,3,0,0,3,0.0,0.0,4.5,640,640,31,17
waymo,faster_rcnn,6324079979569135086_2372_300_2392_300_1506988305758793,data\processed\milestone_3\images\waymo\external\6324079979569135086_2372_300_2392_300_1506988305758793.png,3,0,3,0,0,3,0.0,0.37995,4.5,640,640,26,13
waymo,faster_rcnn,6324079979569135086_2372_300_2392_300_1506988306258724,data\processed\milestone_3\images\waymo\external\6324079979569135086_2372_300_2392_300_1506988306258724.png,3,0,3,0,0,3,0.0,0.628168,4.5,640,640,25,11
waymo,faster_rcnn,6324079979569135086_2372_300_2392_300_1506988306758538,data\processed\milestone_3\images\waymo\external\6324079979569135086_2372_300_2392_300_1506988306758538.png,3,0,3,0,0,3,0.0,0.130777,4.5,640,640,24,10
waymo,faster_rcnn,9041488218266405018_6454_030_6474_030_1508979399724938,data\processed\milestone_3\images\waymo\external\9041488218266405018_6454_030_6474_030_1508979399724938.png,3,0,3,0,0,3,0.0,0.000305,4.5,640,640,15,7
waymo,faster_rcnn,9041488218266405018_6454_030_6474_030_1508979400224290,data\processed\milestone_3\images\waymo\external\9041488218266405018_6454_030_6474_030_1508979400224290.png,3,0,3,0,0,3,0.0,0.000797,4.5,640,640,15,9
waymo,faster_rcnn,9041488218266405018_6454_030_6474_030_1508979400723365,data\processed\milestone_3\images\waymo\external\9041488218266405018_6454_030_6474_030_1508979400723365.png,3,0,3,0,0,3,0.0,0.000648,4.5,640,640,15,5
waymo,faster_rcnn,933621182106051783_4160_000_4180_000_1543516676272426,data\processed\milestone_3\images\waymo\external\933621182106051783_4160_000_4180_000_1543516676272426.png,3,0,3,0,0,3,0.0,0.021116,4.5,640,640,39,15
waymo,faster_rcnn,933621182106051783_4160_000_4180_000_1543516676772403,data\processed\milestone_3\images\waymo\external\933621182106051783_4160_000_4180_000_1543516676772403.png,3,0,3,0,0,3,0.0,0.002489,4.5,640,640,37,11
waymo,faster_rcnn,933621182106051783_4160_000_4180_000_1543516677272349,data\processed\milestone_3\images\waymo\external\933621182106051783_4160_000_4180_000_1543516677272349.png,3,0,3,0,0,3,0.0,0.039168,4.5,640,640,35,16
waymo,faster_rcnn,933621182106051783_4160_000_4180_000_1543516677772377,data\processed\milestone_3\images\waymo\external\933621182106051783_4160_000_4180_000_1543516677772377.png,3,0,3,0,0,3,0.144477,0.0,4.5,640,640,33,15
waymo,faster_rcnn,933621182106051783_4160_000_4180_000_1543516678272423,data\processed\milestone_3\images\waymo\external\933621182106051783_4160_000_4180_000_1543516678272423.png,3,0,3,0,0,3,0.292889,0.241335,4.5,640,640,31,10
waymo,faster_rcnn,933621182106051783_4160_000_4180_000_1543516683272615,data\processed\milestone_3\images\waymo\external\933621182106051783_4160_000_4180_000_1543516683272615.png,3,0,3,0,0,3,0.0,0.008319,4.5,640,640,33,10
waymo,faster_rcnn,933621182106051783_4160_000_4180_000_1543516686772721,data\processed\milestone_3\images\waymo\external\933621182106051783_4160_000_4180_000_1543516686772721.png,3,0,3,0,0,3,0.0,0.0,4.5,640,640,31,4
waymo,yolo,14300007604205869133_1160_000_1180_000_1544753138773662,data\processed\milestone_3\images\waymo\external\14300007604205869133_1160_000_1180_000_1544753138773662.png,1,2,2,0,1,3,0.0,0.0,4.5,640,640,28,1
waymo,yolo,14300007604205869133_1160_000_1180_000_1544753139273611,data\processed\milestone_3\images\waymo\external\14300007604205869133_1160_000_1180_000_1544753139273611.png,1,2,2,0,1,3,0.0,0.0,4.5,640,640,30,2
waymo,yolo,14300007604205869133_1160_000_1180_000_1544753140773668,data\processed\milestone_3\images\waymo\external\14300007604205869133_1160_000_1180_000_1544753140773668.png,1,2,2,0,1,3,0.0,0.390414,4.5,640,640,33,4
waymo,yolo,14300007604205869133_1160_000_1180_000_1544753141273685,data\processed\milestone_3\images\waymo\external\14300007604205869133_1160_000_1180_000_1544753141273685.png,1,2,2,1,0,3,0.0,0.36386,4.5,640,640,32,3
waymo,yolo,14300007604205869133_1160_000_1180_000_1544753144773721,data\processed\milestone_3\images\waymo\external\14300007604205869133_1160_000_1180_000_1544753144773721.png,1,2,2,0,1,3,0.0,0.0,4.5,640,640,34,1
waymo,rtdetr,14300007604205869133_1160_000_1180_000_1544753138773662,data\processed\milestone_3\images\waymo\external\14300007604205869133_1160_000_1180_000_1544753138773662.png,1,2,2,0,1,3,0.477174,0.282193,4.5,640,640,28,300
waymo,rtdetr,14300007604205869133_1160_000_1180_000_1544753139273611,data\processed\milestone_3\images\waymo\external\14300007604205869133_1160_000_1180_000_1544753139273611.png,1,2,2,0,1,3,0.140927,0.29681,4.5,640,640,30,300
waymo,retinanet,14300007604205869133_1160_000_1180_000_1544753138773662,data\processed\milestone_3\images\waymo\external\14300007604205869133_1160_000_1180_000_1544753138773662.png,1,2,2,0,1,3,0.0,0.0,4.5,640,640,28,6
waymo,retinanet,14300007604205869133_1160_000_1180_000_1544753139273611,data\processed\milestone_3\images\waymo\external\14300007604205869133_1160_000_1180_000_1544753139273611.png,1,2,2,0,1,3,0.0,0.0,4.5,640,640,30,6
waymo,retinanet,14300007604205869133_1160_000_1180_000_1544753140773668,data\processed\milestone_3\images\waymo\external\14300007604205869133_1160_000_1180_000_1544753140773668.png,1,2,2,0,1,3,0.0,0.462993,4.5,640,640,33,7
waymo,retinanet,14300007604205869133_1160_000_1180_000_1544753141273685,data\processed\milestone_3\images\waymo\external\14300007604205869133_1160_000_1180_000_1544753141273685.png,1,2,2,1,0,3,0.0,0.004189,4.5,640,640,32,6
waymo,retinanet,14300007604205869133_1160_000_1180_000_1544753144773721,data\processed\milestone_3\images\waymo\external\14300007604205869133_1160_000_1180_000_1544753144773721.png,1,2,2,0,1,3,0.0,0.010488,4.5,640,640,34,4
waymo,faster_rcnn,14300007604205869133_1160_000_1180_000_1544753138773662,data\processed\milestone_3\images\waymo\external\14300007604205869133_1160_000_1180_000_1544753138773662.png,1,2,2,0,1,3,0.0,0.013253,4.5,640,640,28,13
waymo,faster_rcnn,14300007604205869133_1160_000_1180_000_1544753139273611,data\processed\milestone_3\images\waymo\external\14300007604205869133_1160_000_1180_000_1544753139273611.png,1,2,2,0,1,3,0.0,0.050493,4.5,640,640,30,4
waymo,faster_rcnn,14300007604205869133_1160_000_1180_000_1544753140773668,data\processed\milestone_3\images\waymo\external\14300007604205869133_1160_000_1180_000_1544753140773668.png,1,2,2,0,1,3,0.0,0.100805,4.5,640,640,33,17
waymo,faster_rcnn,14300007604205869133_1160_000_1180_000_1544753141273685,data\processed\milestone_3\images\waymo\external\14300007604205869133_1160_000_1180_000_1544753141273685.png,1,2,2,1,0,3,0.0,0.013906,4.5,640,640,32,8
waymo,faster_rcnn,14300007604205869133_1160_000_1180_000_1544753144773721,data\processed\milestone_3\images\waymo\external\14300007604205869133_1160_000_1180_000_1544753144773721.png,1,2,2,0,1,3,0.0,0.004648,4.5,640,640,34,12
waymo,yolo,13356997604177841771_3360_000_3380_000_1557267392587594,data\processed\milestone_3\images\waymo\external\13356997604177841771_3360_000_3380_000_1557267392587594.png,2,1,2,1,0,3,0.0,0.704785,4.25,640,640,36,2
waymo,yolo,14300007604205869133_1160_000_1180_000_1544753132773773,data\processed\milestone_3\images\waymo\external\14300007604205869133_1160_000_1180_000_1544753132773773.png,2,1,2,1,0,3,0.0,0.0,4.25,640,640,36,1
waymo,yolo,14300007604205869133_1160_000_1180_000_1544753133273761,data\processed\milestone_3\images\waymo\external\14300007604205869133_1160_000_1180_000_1544753133273761.png,2,1,2,1,0,3,0.0,0.0,4.25,640,640,36,1
waymo,yolo,14300007604205869133_1160_000_1180_000_1544753133773698,data\processed\milestone_3\images\waymo\external\14300007604205869133_1160_000_1180_000_1544753133773698.png,2,1,2,1,0,3,0.0,0.0,4.25,640,640,35,2
waymo,yolo,14300007604205869133_1160_000_1180_000_1544753134273660,data\processed\milestone_3\images\waymo\external\14300007604205869133_1160_000_1180_000_1544753134273660.png,2,1,2,1,0,3,0.0,0.0,4.25,640,640,36,4
waymo,yolo,14300007604205869133_1160_000_1180_000_1544753135273607,data\processed\milestone_3\images\waymo\external\14300007604205869133_1160_000_1180_000_1544753135273607.png,2,1,2,1,0,3,0.0,0.0,4.25,640,640,33,2
waymo,yolo,14300007604205869133_1160_000_1180_000_1544753135773631,data\processed\milestone_3\images\waymo\external\14300007604205869133_1160_000_1180_000_1544753135773631.png,2,1,2,1,0,3,0.0,0.0,4.25,640,640,33,1
waymo,rtdetr,14300007604205869133_1160_000_1180_000_1544753132773773,data\processed\milestone_3\images\waymo\external\14300007604205869133_1160_000_1180_000_1544753132773773.png,2,1,2,1,0,3,0.347563,0.297721,4.25,640,640,36,300
waymo,rtdetr,14300007604205869133_1160_000_1180_000_1544753133273761,data\processed\milestone_3\images\waymo\external\14300007604205869133_1160_000_1180_000_1544753133273761.png,2,1,2,1,0,3,0.195538,0.171346,4.25,640,640,36,300
waymo,rtdetr,14300007604205869133_1160_000_1180_000_1544753133773698,data\processed\milestone_3\images\waymo\external\14300007604205869133_1160_000_1180_000_1544753133773698.png,2,1,2,1,0,3,0.372881,0.016473,4.25,640,640,35,300
waymo,rtdetr,14300007604205869133_1160_000_1180_000_1544753135273607,data\processed\milestone_3\images\waymo\external\14300007604205869133_1160_000_1180_000_1544753135273607.png,2,1,2,1,0,3,0.159206,0.338993,4.25,640,640,33,300
waymo,rtdetr,14300007604205869133_1160_000_1180_000_1544753135773631,data\processed\milestone_3\images\waymo\external\14300007604205869133_1160_000_1180_000_1544753135773631.png,2,1,2,1,0,3,0.372976,0.550103,4.25,640,640,33,300
waymo,retinanet,14300007604205869133_1160_000_1180_000_1544753132773773,data\processed\milestone_3\images\waymo\external\14300007604205869133_1160_000_1180_000_1544753132773773.png,2,1,2,1,0,3,0.0,0.0,4.25,640,640,36,7
waymo,retinanet,14300007604205869133_1160_000_1180_000_1544753133273761,data\processed\milestone_3\images\waymo\external\14300007604205869133_1160_000_1180_000_1544753133273761.png,2,1,2,1,0,3,0.0,0.0,4.25,640,640,36,6
waymo,retinanet,14300007604205869133_1160_000_1180_000_1544753133773698,data\processed\milestone_3\images\waymo\external\14300007604205869133_1160_000_1180_000_1544753133773698.png,2,1,2,1,0,3,0.0,0.0,4.25,640,640,35,7
waymo,retinanet,14300007604205869133_1160_000_1180_000_1544753134273660,data\processed\milestone_3\images\waymo\external\14300007604205869133_1160_000_1180_000_1544753134273660.png,2,1,2,1,0,3,0.0,0.0,4.25,640,640,36,7
waymo,retinanet,14300007604205869133_1160_000_1180_000_1544753135273607,data\processed\milestone_3\images\waymo\external\14300007604205869133_1160_000_1180_000_1544753135273607.png,2,1,2,1,0,3,0.0,0.0,4.25,640,640,33,5
waymo,retinanet,14300007604205869133_1160_000_1180_000_1544753135773631,data\processed\milestone_3\images\waymo\external\14300007604205869133_1160_000_1180_000_1544753135773631.png,2,1,2,1,0,3,0.0,0.0,4.25,640,640,33,6
waymo,faster_rcnn,14300007604205869133_1160_000_1180_000_1544753132773773,data\processed\milestone_3\images\waymo\external\14300007604205869133_1160_000_1180_000_1544753132773773.png,2,1,2,1,0,3,0.0,0.0,4.25,640,640,36,11
waymo,faster_rcnn,14300007604205869133_1160_000_1180_000_1544753133273761,data\processed\milestone_3\images\waymo\external\14300007604205869133_1160_000_1180_000_1544753133273761.png,2,1,2,1,0,3,0.0,0.000602,4.25,640,640,36,8
waymo,faster_rcnn,14300007604205869133_1160_000_1180_000_1544753133773698,data\processed\milestone_3\images\waymo\external\14300007604205869133_1160_000_1180_000_1544753133773698.png,2,1,2,1,0,3,0.0,0.0,4.25,640,640,35,7
waymo,faster_rcnn,14300007604205869133_1160_000_1180_000_1544753134273660,data\processed\milestone_3\images\waymo\external\14300007604205869133_1160_000_1180_000_1544753134273660.png,2,1,2,1,0,3,0.0,0.0,4.25,640,640,36,10
waymo,faster_rcnn,14300007604205869133_1160_000_1180_000_1544753135273607,data\processed\milestone_3\images\waymo\external\14300007604205869133_1160_000_1180_000_1544753135273607.png,2,1,2,1,0,3,0.0,0.0,4.25,640,640,33,11
waymo,faster_rcnn,14300007604205869133_1160_000_1180_000_1544753135773631,data\processed\milestone_3\images\waymo\external\14300007604205869133_1160_000_1180_000_1544753135773631.png,2,1,2,1,0,3,0.0,0.0,4.25,640,640,33,14
waymo,rtdetr,14300007604205869133_1160_000_1180_000_1544753139773616,data\processed\milestone_3\images\waymo\external\14300007604205869133_1160_000_1180_000_1544753139773616.png,0,3,1,0,2,3,0.350255,0.402284,4.25,640,640,29,300
waymo,yolo,13356997604177841771_3360_000_3380_000_1557267393087606,data\processed\milestone_3\images\waymo\external\13356997604177841771_3360_000_3380_000_1557267393087606.png,2,1,1,2,0,3,0.373745,0.591522,3.75,640,640,33,13
waymo,yolo,3126522626440597519_806_440_826_440_1511046955507243,data\processed\milestone_3\images\waymo\external\3126522626440597519_806_440_826_440_1511046955507243.png,0,2,2,0,0,2,0.0,0.0,3.5,640,640,14,3
waymo,yolo,3126522626440597519_806_440_826_440_1511046956007192,data\processed\milestone_3\images\waymo\external\3126522626440597519_806_440_826_440_1511046956007192.png,0,2,2,0,0,2,0.0,0.0,3.5,640,640,14,0
waymo,yolo,3126522626440597519_806_440_826_440_1511046956507026,data\processed\milestone_3\images\waymo\external\3126522626440597519_806_440_826_440_1511046956507026.png,0,2,2,0,0,2,0.0,0.0,3.5,640,640,14,1
waymo,yolo,3126522626440597519_806_440_826_440_1511046957006923,data\processed\milestone_3\images\waymo\external\3126522626440597519_806_440_826_440_1511046957006923.png,0,2,2,0,0,2,0.0,0.0,3.5,640,640,14,0
waymo,yolo,9041488218266405018_6454_030_6474_030_1508979389726068,data\processed\milestone_3\images\waymo\external\9041488218266405018_6454_030_6474_030_1508979389726068.png,0,2,2,0,0,2,0.0,0.0,3.5,640,640,7,1
waymo,yolo,9041488218266405018_6454_030_6474_030_1508979391226230,data\processed\milestone_3\images\waymo\external\9041488218266405018_6454_030_6474_030_1508979391226230.png,0,2,2,0,0,2,0.0,0.0,3.5,640,640,8,0
waymo,yolo,9041488218266405018_6454_030_6474_030_1508979391726040,data\processed\milestone_3\images\waymo\external\9041488218266405018_6454_030_6474_030_1508979391726040.png,0,2,2,0,0,2,0.0,0.0,3.5,640,640,7,1
waymo,yolo,9041488218266405018_6454_030_6474_030_1508979392226035,data\processed\milestone_3\images\waymo\external\9041488218266405018_6454_030_6474_030_1508979392226035.png,0,2,2,0,0,2,0.0,0.0,3.5,640,640,7,1
waymo,yolo,9041488218266405018_6454_030_6474_030_1508979392725896,data\processed\milestone_3\images\waymo\external\9041488218266405018_6454_030_6474_030_1508979392725896.png,0,2,2,0,0,2,0.0,0.0,3.5,640,640,8,0
waymo,yolo,9041488218266405018_6454_030_6474_030_1508979393225902,data\processed\milestone_3\images\waymo\external\9041488218266405018_6454_030_6474_030_1508979393225902.png,0,2,2,0,0,2,0.0,0.0,3.5,640,640,10,2
waymo,yolo,9041488218266405018_6454_030_6474_030_1508979393725975,data\processed\milestone_3\images\waymo\external\9041488218266405018_6454_030_6474_030_1508979393725975.png,0,2,2,0,0,2,0.0,0.0,3.5,640,640,10,1
waymo,yolo,9041488218266405018_6454_030_6474_030_1508979395226146,data\processed\milestone_3\images\waymo\external\9041488218266405018_6454_030_6474_030_1508979395226146.png,0,2,2,0,0,2,0.0,0.0,3.5,640,640,12,2
waymo,rtdetr,3126522626440597519_806_440_826_440_1511046955507243,data\processed\milestone_3\images\waymo\external\3126522626440597519_806_440_826_440_1511046955507243.png,0,2,2,0,0,2,0.0,0.0,3.5,640,640,14,300
waymo,rtdetr,3126522626440597519_806_440_826_440_1511046956007192,data\processed\milestone_3\images\waymo\external\3126522626440597519_806_440_826_440_1511046956007192.png,0,2,2,0,0,2,0.0,0.0,3.5,640,640,14,300
waymo,rtdetr,3126522626440597519_806_440_826_440_1511046956507026,data\processed\milestone_3\images\waymo\external\3126522626440597519_806_440_826_440_1511046956507026.png,0,2,2,0,0,2,0.0,0.0,3.5,640,640,14,300
waymo,rtdetr,3126522626440597519_806_440_826_440_1511046957006923,data\processed\milestone_3\images\waymo\external\3126522626440597519_806_440_826_440_1511046957006923.png,0,2,2,0,0,2,0.0,0.0,3.5,640,640,14,300
waymo,rtdetr,9041488218266405018_6454_030_6474_030_1508979389726068,data\processed\milestone_3\images\waymo\external\9041488218266405018_6454_030_6474_030_1508979389726068.png,0,2,2,0,0,2,0.0,2.8e-05,3.5,640,640,7,300
waymo,rtdetr,9041488218266405018_6454_030_6474_030_1508979391226230,data\processed\milestone_3\images\waymo\external\9041488218266405018_6454_030_6474_030_1508979391226230.png,0,2,2,0,0,2,0.0,0.0,3.5,640,640,8,300
waymo,rtdetr,9041488218266405018_6454_030_6474_030_1508979391726040,data\processed\milestone_3\images\waymo\external\9041488218266405018_6454_030_6474_030_1508979391726040.png,0,2,2,0,0,2,0.0,0.024608,3.5,640,640,7,300
waymo,rtdetr,9041488218266405018_6454_030_6474_030_1508979392226035,data\processed\milestone_3\images\waymo\external\9041488218266405018_6454_030_6474_030_1508979392226035.png,0,2,2,0,0,2,0.0,0.35828,3.5,640,640,7,300
waymo,rtdetr,9041488218266405018_6454_030_6474_030_1508979392725896,data\processed\milestone_3\images\waymo\external\9041488218266405018_6454_030_6474_030_1508979392725896.png,0,2,2,0,0,2,0.027602,0.027602,3.5,640,640,8,300
waymo,rtdetr,9041488218266405018_6454_030_6474_030_1508979393225902,data\processed\milestone_3\images\waymo\external\9041488218266405018_6454_030_6474_030_1508979393225902.png,0,2,2,0,0,2,0.038499,0.038499,3.5,640,640,10,300
waymo,rtdetr,9041488218266405018_6454_030_6474_030_1508979393725975,data\processed\milestone_3\images\waymo\external\9041488218266405018_6454_030_6474_030_1508979393725975.png,0,2,2,0,0,2,0.001764,0.088869,3.5,640,640,10,300
kitti,retinanet,004551,data\processed\milestone_3\images\kitti\val\004551.png,0,2,2,0,0,2,0.472028,0.647221,3.5,640,640,8,298
kitti,retinanet,004802,data\processed\milestone_3\images\kitti\val\004802.png,0,2,2,0,0,2,0.0,0.410372,3.5,640,640,8,300
waymo,retinanet,3126522626440597519_806_440_826_440_1511046955507243,data\processed\milestone_3\images\waymo\external\3126522626440597519_806_440_826_440_1511046955507243.png,0,2,2,0,0,2,0.0,0.0,3.5,640,640,14,2
waymo,retinanet,3126522626440597519_806_440_826_440_1511046956007192,data\processed\milestone_3\images\waymo\external\3126522626440597519_806_440_826_440_1511046956007192.png,0,2,2,0,0,2,0.0,0.0,3.5,640,640,14,2
waymo,retinanet,3126522626440597519_806_440_826_440_1511046956507026,data\processed\milestone_3\images\waymo\external\3126522626440597519_806_440_826_440_1511046956507026.png,0,2,2,0,0,2,0.0,0.0,3.5,640,640,14,2
waymo,retinanet,3126522626440597519_806_440_826_440_1511046957006923,data\processed\milestone_3\images\waymo\external\3126522626440597519_806_440_826_440_1511046957006923.png,0,2,2,0,0,2,0.0,0.0,3.5,640,640,14,0
waymo,retinanet,9041488218266405018_6454_030_6474_030_1508979389726068,data\processed\milestone_3\images\waymo\external\9041488218266405018_6454_030_6474_030_1508979389726068.png,0,2,2,0,0,2,0.0,0.0,3.5,640,640,7,1
waymo,retinanet,9041488218266405018_6454_030_6474_030_1508979391226230,data\processed\milestone_3\images\waymo\external\9041488218266405018_6454_030_6474_030_1508979391226230.png,0,2,2,0,0,2,0.0,0.0,3.5,640,640,8,0
waymo,retinanet,9041488218266405018_6454_030_6474_030_1508979391726040,data\processed\milestone_3\images\waymo\external\9041488218266405018_6454_030_6474_030_1508979391726040.png,0,2,2,0,0,2,0.0,0.0,3.5,640,640,7,0
waymo,retinanet,9041488218266405018_6454_030_6474_030_1508979392226035,data\processed\milestone_3\images\waymo\external\9041488218266405018_6454_030_6474_030_1508979392226035.png,0,2,2,0,0,2,0.0,0.0,3.5,640,640,7,0
waymo,retinanet,9041488218266405018_6454_030_6474_030_1508979392725896,data\processed\milestone_3\images\waymo\external\9041488218266405018_6454_030_6474_030_1508979392725896.png,0,2,2,0,0,2,0.0,0.0,3.5,640,640,8,0
waymo,retinanet,9041488218266405018_6454_030_6474_030_1508979393225902,data\processed\milestone_3\images\waymo\external\9041488218266405018_6454_030_6474_030_1508979393225902.png,0,2,2,0,0,2,0.0,0.0,3.5,640,640,10,1
waymo,retinanet,9041488218266405018_6454_030_6474_030_1508979393725975,data\processed\milestone_3\images\waymo\external\9041488218266405018_6454_030_6474_030_1508979393725975.png,0,2,2,0,0,2,0.0,0.0,3.5,640,640,10,1
waymo,retinanet,9041488218266405018_6454_030_6474_030_1508979395226146,data\processed\milestone_3\images\waymo\external\9041488218266405018_6454_030_6474_030_1508979395226146.png,0,2,2,0,0,2,0.0,0.612197,3.5,640,640,12,4
waymo,retinanet,9041488218266405018_6454_030_6474_030_1508979395726400,data\processed\milestone_3\images\waymo\external\9041488218266405018_6454_030_6474_030_1508979395726400.png,0,2,2,0,0,2,0.0,0.0,3.5,640,640,12,1
waymo,faster_rcnn,3126522626440597519_806_440_826_440_1511046955507243,data\processed\milestone_3\images\waymo\external\3126522626440597519_806_440_826_440_1511046955507243.png,0,2,2,0,0,2,0.0,0.0,3.5,640,640,14,4
waymo,faster_rcnn,3126522626440597519_806_440_826_440_1511046956007192,data\processed\milestone_3\images\waymo\external\3126522626440597519_806_440_826_440_1511046956007192.png,0,2,2,0,0,2,0.0,0.0,3.5,640,640,14,1
waymo,faster_rcnn,3126522626440597519_806_440_826_440_1511046956507026,data\processed\milestone_3\images\waymo\external\3126522626440597519_806_440_826_440_1511046956507026.png,0,2,2,0,0,2,0.0,0.0,3.5,640,640,14,10
waymo,faster_rcnn,3126522626440597519_806_440_826_440_1511046957006923,data\processed\milestone_3\images\waymo\external\3126522626440597519_806_440_826_440_1511046957006923.png,0,2,2,0,0,2,0.0,0.0,3.5,640,640,14,3
waymo,faster_rcnn,9041488218266405018_6454_030_6474_030_1508979389726068,data\processed\milestone_3\images\waymo\external\9041488218266405018_6454_030_6474_030_1508979389726068.png,0,2,2,0,0,2,0.0,0.0,3.5,640,640,7,4
waymo,faster_rcnn,9041488218266405018_6454_030_6474_030_1508979391226230,data\processed\milestone_3\images\waymo\external\9041488218266405018_6454_030_6474_030_1508979391226230.png,0,2,2,0,0,2,0.0,0.0,3.5,640,640,8,5
waymo,faster_rcnn,9041488218266405018_6454_030_6474_030_1508979391726040,data\processed\milestone_3\images\waymo\external\9041488218266405018_6454_030_6474_030_1508979391726040.png,0,2,2,0,0,2,0.0,0.0,3.5,640,640,7,7
waymo,faster_rcnn,9041488218266405018_6454_030_6474_030_1508979392226035,data\processed\milestone_3\images\waymo\external\9041488218266405018_6454_030_6474_030_1508979392226035.png,0,2,2,0,0,2,0.0,0.0,3.5,640,640,7,8
waymo,faster_rcnn,9041488218266405018_6454_030_6474_030_1508979392725896,data\processed\milestone_3\images\waymo\external\9041488218266405018_6454_030_6474_030_1508979392725896.png,0,2,2,0,0,2,0.0,0.0,3.5,640,640,8,7
waymo,faster_rcnn,9041488218266405018_6454_030_6474_030_1508979393225902,data\processed\milestone_3\images\waymo\external\9041488218266405018_6454_030_6474_030_1508979393225902.png,0,2,2,0,0,2,0.0,0.0,3.5,640,640,10,4
waymo,faster_rcnn,9041488218266405018_6454_030_6474_030_1508979393725975,data\processed\milestone_3\images\waymo\external\9041488218266405018_6454_030_6474_030_1508979393725975.png,0,2,2,0,0,2,0.0,0.0,3.5,640,640,10,4
waymo,faster_rcnn,9041488218266405018_6454_030_6474_030_1508979395726400,data\processed\milestone_3\images\waymo\external\9041488218266405018_6454_030_6474_030_1508979395726400.png,0,2,2,0,0,2,0.0,0.0,3.5,640,640,12,6
waymo,yolo,12657584952502228282_3940_000_3960_000_1549937223398950,data\processed\milestone_3\images\waymo\external\12657584952502228282_3940_000_3960_000_1549937223398950.png,1,1,2,0,0,2,0.0,0.009515,3.25,640,640,24,14
waymo,yolo,14300007604205869133_1160_000_1180_000_1544753141773695,data\processed\milestone_3\images\waymo\external\14300007604205869133_1160_000_1180_000_1544753141773695.png,1,1,2,0,0,2,0.0,0.0,3.25,640,640,32,3
waymo,yolo,14300007604205869133_1160_000_1180_000_1544753142273724,data\processed\milestone_3\images\waymo\external\14300007604205869133_1160_000_1180_000_1544753142273724.png,1,1,2,0,0,2,0.0,0.0,3.25,640,640,33,4
waymo,yolo,14300007604205869133_1160_000_1180_000_1544753142773716,data\processed\milestone_3\images\waymo\external\14300007604205869133_1160_000_1180_000_1544753142773716.png,1,1,2,0,0,2,0.0,0.0,3.25,640,640,32,3
waymo,yolo,14300007604205869133_1160_000_1180_000_1544753143273703,data\processed\milestone_3\images\waymo\external\14300007604205869133_1160_000_1180_000_1544753143273703.png,1,1,2,0,0,2,0.0,0.0,3.25,640,640,31,2
waymo,yolo,14300007604205869133_1160_000_1180_000_1544753143773742,data\processed\milestone_3\images\waymo\external\14300007604205869133_1160_000_1180_000_1544753143773742.png,1,1,2,0,0,2,0.0,0.0,3.25,640,640,35,1
waymo,yolo,14300007604205869133_1160_000_1180_000_1544753144273740,data\processed\milestone_3\images\waymo\external\14300007604205869133_1160_000_1180_000_1544753144273740.png,1,1,2,0,0,2,0.0,0.0,3.25,640,640,35,3
waymo,yolo,14931160836268555821_5778_870_5798_870_1507338354631134,data\processed\milestone_3\images\waymo\external\14931160836268555821_5778_870_5798_870_1507338354631134.png,1,1,2,0,0,2,0.134581,0.484722,3.25,640,640,3,7
waymo,yolo,16213317953898915772_1597_170_1617_170_1509233629300727,data\processed\milestone_3\images\waymo\external\16213317953898915772_1597_170_1617_170_1509233629300727.png,1,1,2,0,0,2,0.292137,0.0,3.25,640,640,7,11
waymo,yolo,2736377008667623133_2676_410_2696_410_1511721508001085,data\processed\milestone_3\images\waymo\external\2736377008667623133_2676_410_2696_410_1511721508001085.png,1,1,2,0,0,2,0.0,0.625215,3.25,640,640,4,16
waymo,yolo,2736377008667623133_2676_410_2696_410_1511721508500889,data\processed\milestone_3\images\waymo\external\2736377008667623133_2676_410_2696_410_1511721508500889.png,1,1,2,0,0,2,0.0,0.749088,3.25,640,640,3,5
waymo,yolo,2736377008667623133_2676_410_2696_410_1511721509000708,data\processed\milestone_3\images\waymo\external\2736377008667623133_2676_410_2696_410_1511721509000708.png,1,1,2,0,0,2,0.0,0.65905,3.25,640,640,3,4
waymo,yolo,2736377008667623133_2676_410_2696_410_1511721509500581,data\processed\milestone_3\images\waymo\external\2736377008667623133_2676_410_2696_410_1511721509500581.png,1,1,2,0,0,2,0.0,0.875385,3.25,640,640,3,6
waymo,yolo,2736377008667623133_2676_410_2696_410_1511721511500703,data\processed\milestone_3\images\waymo\external\2736377008667623133_2676_410_2696_410_1511721511500703.png,1,1,2,0,0,2,0.0,0.0,3.25,640,640,3,0
waymo,yolo,2736377008667623133_2676_410_2696_410_1511721512000476,data\processed\milestone_3\images\waymo\external\2736377008667623133_2676_410_2696_410_1511721512000476.png,1,1,2,0,0,2,0.0,0.0,3.25,640,640,3,0
waymo,yolo,2736377008667623133_2676_410_2696_410_1511721512500131,data\processed\milestone_3\images\waymo\external\2736377008667623133_2676_410_2696_410_1511721512500131.png,1,1,2,0,0,2,0.0,0.0,3.25,640,640,3,3
waymo,yolo,2736377008667623133_2676_410_2696_410_1511721512999749,data\processed\milestone_3\images\waymo\external\2736377008667623133_2676_410_2696_410_1511721512999749.png,1,1,2,0,0,2,0.0,0.694756,3.25,640,640,3,16
waymo,yolo,2736377008667623133_2676_410_2696_410_1511721513499447,data\processed\milestone_3\images\waymo\external\2736377008667623133_2676_410_2696_410_1511721513499447.png,1,1,2,0,0,2,0.0,0.0,3.25,640,640,2,2
waymo,yolo,2736377008667623133_2676_410_2696_410_1511721513998928,data\processed\milestone_3\images\waymo\external\2736377008667623133_2676_410_2696_410_1511721513998928.png,1,1,2,0,0,2,0.0,0.815387,3.25,640,640,2,1
waymo,yolo,4409585400955983988_3500_470_3520_470_1507165535001227,data\processed\milestone_3\images\waymo\external\4409585400955983988_3500_470_3520_470_1507165535001227.png,1,1,2,0,0,2,0.162863,0.0,3.25,640,640,16,11
waymo,yolo,4409585400955983988_3500_470_3520_470_1507165535504048,data\processed\milestone_3\images\waymo\external\4409585400955983988_3500_470_3520_470_1507165535504048.png,1,1,2,0,0,2,0.493891,0.216582,3.25,640,640,15,14
waymo,yolo,6324079979569135086_2372_300_2392_300_1506988298258545,data\processed\milestone_3\images\waymo\external\6324079979569135086_2372_300_2392_300_1506988298258545.png,1,1,2,0,0,2,0.0,0.059978,3.25,640,640,30,15
waymo,yolo,6324079979569135086_2372_300_2392_300_1506988298758267,data\processed\milestone_3\images\waymo\external\6324079979569135086_2372_300_2392_300_1506988298758267.png,1,1,2,0,0,2,0.0,0.0,3.25,640,640,32,19
waymo,yolo,9041488218266405018_6454_030_6474_030_1508979396226435,data\processed\milestone_3\images\waymo\external\9041488218266405018_6454_030_6474_030_1508979396226435.png,1,1,2,0,0,2,0.0,0.0,3.25,640,640,13,4
waymo,rtdetr,12657584952502228282_3940_000_3960_000_1549937223398950,data\processed\milestone_3\images\waymo\external\12657584952502228282_3940_000_3960_000_1549937223398950.png,1,1,2,0,0,2,0.078054,0.220417,3.25,640,640,24,300
waymo,rtdetr,14300007604205869133_1160_000_1180_000_1544753137773912,data\processed\milestone_3\images\waymo\external\14300007604205869133_1160_000_1180_000_1544753137773912.png,1,1,2,0,0,2,0.218295,0.44975,3.25,640,640,32,300
waymo,rtdetr,14300007604205869133_1160_000_1180_000_1544753141773695,data\processed\milestone_3\images\waymo\external\14300007604205869133_1160_000_1180_000_1544753141773695.png,1,1,2,0,0,2,0.111167,0.517395,3.25,640,640,32,300
waymo,rtdetr,14300007604205869133_1160_000_1180_000_1544753142273724,data\processed\milestone_3\images\waymo\external\14300007604205869133_1160_000_1180_000_1544753142273724.png,1,1,2,0,0,2,0.305898,0.305898,3.25,640,640,33,300
waymo,rtdetr,14300007604205869133_1160_000_1180_000_1544753142773716,data\processed\milestone_3\images\waymo\external\14300007604205869133_1160_000_1180_000_1544753142773716.png,1,1,2,0,0,2,0.09115,0.09115,3.25,640,640,32,300
waymo,rtdetr,14300007604205869133_1160_000_1180_000_1544753143773742,data\processed\milestone_3\images\waymo\external\14300007604205869133_1160_000_1180_000_1544753143773742.png,1,1,2,0,0,2,0.0,0.34837,3.25,640,640,35,300
waymo,rtdetr,14300007604205869133_1160_000_1180_000_1544753144273740,data\processed\milestone_3\images\waymo\external\14300007604205869133_1160_000_1180_000_1544753144273740.png,1,1,2,0,0,2,0.410052,0.410052,3.25,640,640,35,300
waymo,rtdetr,16213317953898915772_1597_170_1617_170_1509233624293839,data\processed\milestone_3\images\waymo\external\16213317953898915772_1597_170_1617_170_1509233624293839.png,1,1,2,0,0,2,0.446579,0.446579,3.25,640,640,35,300
waymo,rtdetr,16213317953898915772_1597_170_1617_170_1509233624793771,data\processed\milestone_3\images\waymo\external\16213317953898915772_1597_170_1617_170_1509233624793771.png,1,1,2,0,0,2,0.433746,0.433746,3.25,640,640,35,300
waymo,rtdetr,16213317953898915772_1597_170_1617_170_1509233625293657,data\processed\milestone_3\images\waymo\external\16213317953898915772_1597_170_1617_170_1509233625293657.png,1,1,2,0,0,2,0.376108,0.376108,3.25,640,640,38,300
waymo,rtdetr,16213317953898915772_1597_170_1617_170_1509233626293736,data\processed\milestone_3\images\waymo\external\16213317953898915772_1597_170_1617_170_1509233626293736.png,1,1,2,0,0,2,0.373985,0.750574,3.25,640,640,37,300
waymo,rtdetr,16213317953898915772_1597_170_1617_170_1509233627293691,data\processed\milestone_3\images\waymo\external\16213317953898915772_1597_170_1617_170_1509233627293691.png,1,1,2,0,0,2,0.429478,0.429478,3.25,640,640,34,300
waymo,rtdetr,6324079979569135086_2372_300_2392_300_1506988297259243,data\processed\milestone_3\images\waymo\external\6324079979569135086_2372_300_2392_300_1506988297259243.png,1,1,2,0,0,2,0.018443,0.061242,3.25,640,640,33,300
waymo,rtdetr,9041488218266405018_6454_030_6474_030_1508979396226435,data\processed\milestone_3\images\waymo\external\9041488218266405018_6454_030_6474_030_1508979396226435.png,1,1,2,0,0,2,0.0,0.005074,3.25,640,640,13,300
kitti,retinanet,006859,data\processed\milestone_3\images\kitti\val\006859.png,1,1,2,0,0,2,0.459726,0.618038,3.25,640,640,9,286
waymo,retinanet,12657584952502228282_3940_000_3960_000_1549937223398950,data\processed\milestone_3\images\waymo\external\12657584952502228282_3940_000_3960_000_1549937223398950.png,1,1,2,0,0,2,0.0,0.051037,3.25,640,640,24,15
waymo,retinanet,14300007604205869133_1160_000_1180_000_1544753141773695,data\processed\milestone_3\images\waymo\external\14300007604205869133_1160_000_1180_000_1544753141773695.png,1,1,2,0,0,2,0.0,0.0,3.25,640,640,32,8
waymo,retinanet,14300007604205869133_1160_000_1180_000_1544753142273724,data\processed\milestone_3\images\waymo\external\14300007604205869133_1160_000_1180_000_1544753142273724.png,1,1,2,0,0,2,0.0,0.002038,3.25,640,640,33,6
waymo,retinanet,14300007604205869133_1160_000_1180_000_1544753142773716,data\processed\milestone_3\images\waymo\external\14300007604205869133_1160_000_1180_000_1544753142773716.png,1,1,2,0,0,2,0.0,0.0,3.25,640,640,32,5
waymo,retinanet,14300007604205869133_1160_000_1180_000_1544753143273703,data\processed\milestone_3\images\waymo\external\14300007604205869133_1160_000_1180_000_1544753143273703.png,1,1,2,0,0,2,0.0,0.002276,3.25,640,640,31,7
waymo,retinanet,14300007604205869133_1160_000_1180_000_1544753143773742,data\processed\milestone_3\images\waymo\external\14300007604205869133_1160_000_1180_000_1544753143773742.png,1,1,2,0,0,2,0.0,0.0,3.25,640,640,35,5
waymo,retinanet,14300007604205869133_1160_000_1180_000_1544753144273740,data\processed\milestone_3\images\waymo\external\14300007604205869133_1160_000_1180_000_1544753144273740.png,1,1,2,0,0,2,0.0,0.001612,3.25,640,640,35,8
waymo,retinanet,14931160836268555821_5778_870_5798_870_1507338352133493,data\processed\milestone_3\images\waymo\external\14931160836268555821_5778_870_5798_870_1507338352133493.png,1,1,2,0,0,2,0.0,0.0,3.25,640,640,6,4
waymo,retinanet,14931160836268555821_5778_870_5798_870_1507338353132275,data\processed\milestone_3\images\waymo\external\14931160836268555821_5778_870_5798_870_1507338353132275.png,1,1,2,0,0,2,0.0,0.573453,3.25,640,640,6,6
waymo,retinanet,16213317953898915772_1597_170_1617_170_1509233629300727,data\processed\milestone_3\images\waymo\external\16213317953898915772_1597_170_1617_170_1509233629300727.png,1,1,2,0,0,2,0.0,0.430791,3.25,640,640,7,7
waymo,retinanet,2736377008667623133_2676_410_2696_410_1511721503494682,data\processed\milestone_3\images\waymo\external\2736377008667623133_2676_410_2696_410_1511721503494682.png,1,1,2,0,0,2,0.350381,0.345736,3.25,640,640,2,2
waymo,retinanet,2736377008667623133_2676_410_2696_410_1511721508001085,data\processed\milestone_3\images\waymo\external\2736377008667623133_2676_410_2696_410_1511721508001085.png,1,1,2,0,0,2,0.0,0.526874,3.25,640,640,4,3
waymo,retinanet,2736377008667623133_2676_410_2696_410_1511721509000708,data\processed\milestone_3\images\waymo\external\2736377008667623133_2676_410_2696_410_1511721509000708.png,1,1,2,0,0,2,0.0,0.675441,3.25,640,640,3,1
waymo,retinanet,2736377008667623133_2676_410_2696_410_1511721511000845,data\processed\milestone_3\images\waymo\external\2736377008667623133_2676_410_2696_410_1511721511000845.png,1,1,2,0,0,2,0.0,0.727833,3.25,640,640,3,1
waymo,retinanet,2736377008667623133_2676_410_2696_410_1511721511500703,data\processed\milestone_3\images\waymo\external\2736377008667623133_2676_410_2696_410_1511721511500703.png,1,1,2,0,0,2,0.0,0.89612,3.25,640,640,3,1
waymo,retinanet,2736377008667623133_2676_410_2696_410_1511721512000476,data\processed\milestone_3\images\waymo\external\2736377008667623133_2676_410_2696_410_1511721512000476.png,1,1,2,0,0,2,0.0,0.737586,3.25,640,640,3,1
waymo,retinanet,2736377008667623133_2676_410_2696_410_1511721512999749,data\processed\milestone_3\images\waymo\external\2736377008667623133_2676_410_2696_410_1511721512999749.png,1,1,2,0,0,2,0.0,0.671089,3.25,640,640,3,2
waymo,retinanet,4409585400955983988_3500_470_3520_470_1507165535001227,data\processed\milestone_3\images\waymo\external\4409585400955983988_3500_470_3520_470_1507165535001227.png,1,1,2,0,0,2,0.0,0.0,3.25,640,640,16,4
waymo,retinanet,6324079979569135086_2372_300_2392_300_1506988297259243,data\processed\milestone_3\images\waymo\external\6324079979569135086_2372_300_2392_300_1506988297259243.png,1,1,2,0,0,2,0.0,0.0,3.25,640,640,33,16
waymo,retinanet,6324079979569135086_2372_300_2392_300_1506988298258545,data\processed\milestone_3\images\waymo\external\6324079979569135086_2372_300_2392_300_1506988298258545.png,1,1,2,0,0,2,0.0,0.0,3.25,640,640,30,14
waymo,retinanet,6324079979569135086_2372_300_2392_300_1506988298758267,data\processed\milestone_3\images\waymo\external\6324079979569135086_2372_300_2392_300_1506988298758267.png,1,1,2,0,0,2,0.0,0.433581,3.25,640,640,32,17
kitti,faster_rcnn,000383,data\processed\milestone_3\images\kitti\val\000383.png,1,1,2,0,0,2,0.441243,0.290365,3.25,640,640,12,45
kitti,faster_rcnn,001958,data\processed\milestone_3\images\kitti\val\001958.png,1,1,2,0,0,2,0.475169,0.480874,3.25,640,640,8,73
waymo,faster_rcnn,12657584952502228282_3940_000_3960_000_1549937223398950,data\processed\milestone_3\images\waymo\external\12657584952502228282_3940_000_3960_000_1549937223398950.png,1,1,2,0,0,2,0.0,0.0,3.25,640,640,24,23
waymo,faster_rcnn,14300007604205869133_1160_000_1180_000_1544753141773695,data\processed\milestone_3\images\waymo\external\14300007604205869133_1160_000_1180_000_1544753141773695.png,1,1,2,0,0,2,0.0,0.008728,3.25,640,640,32,9
waymo,faster_rcnn,14300007604205869133_1160_000_1180_000_1544753142273724,data\processed\milestone_3\images\waymo\external\14300007604205869133_1160_000_1180_000_1544753142273724.png,1,1,2,0,0,2,0.0,0.008011,3.25,640,640,33,9
waymo,faster_rcnn,14300007604205869133_1160_000_1180_000_1544753142773716,data\processed\milestone_3\images\waymo\external\14300007604205869133_1160_000_1180_000_1544753142773716.png,1,1,2,0,0,2,0.0,0.008777,3.25,640,640,32,9
waymo,faster_rcnn,14300007604205869133_1160_000_1180_000_1544753143273703,data\processed\milestone_3\images\waymo\external\14300007604205869133_1160_000_1180_000_1544753143273703.png,1,1,2,0,0,2,0.0,0.006348,3.25,640,640,31,5
waymo,faster_rcnn,14300007604205869133_1160_000_1180_000_1544753143773742,data\processed\milestone_3\images\waymo\external\14300007604205869133_1160_000_1180_000_1544753143773742.png,1,1,2,0,0,2,0.0,0.008565,3.25,640,640,35,10
waymo,faster_rcnn,14300007604205869133_1160_000_1180_000_1544753144273740,data\processed\milestone_3\images\waymo\external\14300007604205869133_1160_000_1180_000_1544753144273740.png,1,1,2,0,0,2,0.0,0.008423,3.25,640,640,35,10
waymo,faster_rcnn,14931160836268555821_5778_870_5798_870_1507338354131264,data\processed\milestone_3\images\waymo\external\14931160836268555821_5778_870_5798_870_1507338354131264.png,1,1,2,0,0,2,0.0,0.633145,3.25,640,640,4,5
waymo,faster_rcnn,16213317953898915772_1597_170_1617_170_1509233628295248,data\processed\milestone_3\images\waymo\external\16213317953898915772_1597_170_1617_170_1509233628295248.png,1,1,2,0,0,2,0.0,0.0,3.25,640,640,31,11
waymo,faster_rcnn,2736377008667623133_2676_410_2696_410_1511721503494682,data\processed\milestone_3\images\waymo\external\2736377008667623133_2676_410_2696_410_1511721503494682.png,1,1,2,0,0,2,0.0,0.0,3.25,640,640,2,4
waymo,faster_rcnn,2736377008667623133_2676_410_2696_410_1511721508001085,data\processed\milestone_3\images\waymo\external\2736377008667623133_2676_410_2696_410_1511721508001085.png,1,1,2,0,0,2,0.0,0.0,3.25,640,640,4,5
waymo,faster_rcnn,2736377008667623133_2676_410_2696_410_1511721508500889,data\processed\milestone_3\images\waymo\external\2736377008667623133_2676_410_2696_410_1511721508500889.png,1,1,2,0,0,2,0.0,0.0,3.25,640,640,3,3
waymo,faster_rcnn,2736377008667623133_2676_410_2696_410_1511721509000708,data\processed\milestone_3\images\waymo\external\2736377008667623133_2676_410_2696_410_1511721509000708.png,1,1,2,0,0,2,0.0,0.0,3.25,640,640,3,3
waymo,faster_rcnn,6324079979569135086_2372_300_2392_300_1506988298258545,data\processed\milestone_3\images\waymo\external\6324079979569135086_2372_300_2392_300_1506988298258545.png,1,1,2,0,0,2,0.0,0.704346,3.25,640,640,30,12
waymo,faster_rcnn,6324079979569135086_2372_300_2392_300_1506988298758267,data\processed\milestone_3\images\waymo\external\6324079979569135086_2372_300_2392_300_1506988298758267.png,1,1,2,0,0,2,0.0,0.384961,3.25,640,640,32,13
waymo,faster_rcnn,9041488218266405018_6454_030_6474_030_1508979396226435,data\processed\milestone_3\images\waymo\external\9041488218266405018_6454_030_6474_030_1508979396226435.png,1,1,2,0,0,2,0.0,0.0,3.25,640,640,13,5
kitti,yolo,000201,data\processed\milestone_3\images\kitti\val\000201.png,2,0,2,0,0,2,0.171981,0.168038,3.0,640,640,12,26
kitti,yolo,004417,data\processed\milestone_3\images\kitti\val\004417.png,2,0,2,0,0,2,0.448539,0.321229,3.0,640,640,14,117
kitti,yolo,005086,data\processed\milestone_3\images\kitti\val\005086.png,2,0,2,0,0,2,0.45912,0.359172,3.0,640,640,13,132
waymo,yolo,10335539493577748957_1372_870_1392_870_1508811445344959,data\processed\milestone_3\images\waymo\external\10335539493577748957_1372_870_1392_870_1508811445344959.png,2,0,2,0,0,2,0.0,0.0,3.0,640,640,8,2
waymo,yolo,10335539493577748957_1372_870_1392_870_1508811445844951,data\processed\milestone_3\images\waymo\external\10335539493577748957_1372_870_1392_870_1508811445844951.png,2,0,2,0,0,2,0.0,0.0,3.0,640,640,8,0
waymo,yolo,10335539493577748957_1372_870_1392_870_1508811446345017,data\processed\milestone_3\images\waymo\external\10335539493577748957_1372_870_1392_870_1508811446345017.png,2,0,2,0,0,2,0.0,0.0,3.0,640,640,9,2
waymo,yolo,10335539493577748957_1372_870_1392_870_1508811446844951,data\processed\milestone_3\images\waymo\external\10335539493577748957_1372_870_1392_870_1508811446844951.png,2,0,2,0,0,2,0.0,0.0,3.0,640,640,9,0
waymo,yolo,10335539493577748957_1372_870_1392_870_1508811447344942,data\processed\milestone_3\images\waymo\external\10335539493577748957_1372_870_1392_870_1508811447344942.png,2,0,2,0,0,2,0.0,0.0,3.0,640,640,9,1
waymo,yolo,10335539493577748957_1372_870_1392_870_1508811447844906,data\processed\milestone_3\images\waymo\external\10335539493577748957_1372_870_1392_870_1508811447844906.png,2,0,2,0,0,2,0.0,0.0,3.0,640,640,10,2
waymo,yolo,10335539493577748957_1372_870_1392_870_1508811448344911,data\processed\milestone_3\images\waymo\external\10335539493577748957_1372_870_1392_870_1508811448344911.png,2,0,2,0,0,2,0.0,0.0,3.0,640,640,10,2
waymo,yolo,10335539493577748957_1372_870_1392_870_1508811448844825,data\processed\milestone_3\images\waymo\external\10335539493577748957_1372_870_1392_870_1508811448844825.png,2,0,2,0,0,2,0.0,0.0,3.0,640,640,10,0
waymo,yolo,10335539493577748957_1372_870_1392_870_1508811449344893,data\processed\milestone_3\images\waymo\external\10335539493577748957_1372_870_1392_870_1508811449344893.png,2,0,2,0,0,2,0.0,0.0,3.0,640,640,11,0
waymo,yolo,10335539493577748957_1372_870_1392_870_1508811449844972,data\processed\milestone_3\images\waymo\external\10335539493577748957_1372_870_1392_870_1508811449844972.png,2,0,2,0,0,2,0.0,0.0,3.0,640,640,12,0
waymo,yolo,10335539493577748957_1372_870_1392_870_1508811450345063,data\processed\milestone_3\images\waymo\external\10335539493577748957_1372_870_1392_870_1508811450345063.png,2,0,2,0,0,2,0.0,0.0,3.0,640,640,12,0
waymo,yolo,10335539493577748957_1372_870_1392_870_1508811450845190,data\processed\milestone_3\images\waymo\external\10335539493577748957_1372_870_1392_870_1508811450845190.png,2,0,2,0,0,2,0.0,0.0,3.0,640,640,12,7
waymo,yolo,11660186733224028707_420_000_440_000_1541042920372242,data\processed\milestone_3\images\waymo\external\11660186733224028707_420_000_440_000_1541042920372242.png,2,0,2,0,0,2,0.0,0.0,3.0,640,640,16,0
waymo,yolo,11660186733224028707_420_000_440_000_1541042920872363,data\processed\milestone_3\images\waymo\external\11660186733224028707_420_000_440_000_1541042920872363.png,2,0,2,0,0,2,0.0,0.0,3.0,640,640,17,0
waymo,yolo,11660186733224028707_420_000_440_000_1541042921372457,data\processed\milestone_3\images\waymo\external\11660186733224028707_420_000_440_000_1541042921372457.png,2,0,2,0,0,2,0.0,0.0,3.0,640,640,18,2
waymo,yolo,11660186733224028707_420_000_440_000_1541042921872459,data\processed\milestone_3\images\waymo\external\11660186733224028707_420_000_440_000_1541042921872459.png,2,0,2,0,0,2,0.0,0.0,3.0,640,640,18,5
waymo,yolo,11660186733224028707_420_000_440_000_1541042924372453,data\processed\milestone_3\images\waymo\external\11660186733224028707_420_000_440_000_1541042924372453.png,2,0,2,0,0,2,0.0,0.0,3.0,640,640,18,1
waymo,yolo,11660186733224028707_420_000_440_000_1541042926872276,data\processed\milestone_3\images\waymo\external\11660186733224028707_420_000_440_000_1541042926872276.png,2,0,2,0,0,2,0.0,0.0,3.0,640,640,13,0
waymo,yolo,12657584952502228282_3940_000_3960_000_1549937205899042,data\processed\milestone_3\images\waymo\external\12657584952502228282_3940_000_3960_000_1549937205899042.png,2,0,2,0,0,2,0.0,0.00975,3.0,640,640,41,12
waymo,yolo,12657584952502228282_3940_000_3960_000_1549937206898986,data\processed\milestone_3\images\waymo\external\12657584952502228282_3940_000_3960_000_1549937206898986.png,2,0,2,0,0,2,0.0,0.046528,3.0,640,640,41,7
waymo,yolo,12657584952502228282_3940_000_3960_000_1549937207399013,data\processed\milestone_3\images\waymo\external\12657584952502228282_3940_000_3960_000_1549937207399013.png,2,0,2,0,0,2,0.0,0.022912,3.0,640,640,41,18
waymo,yolo,12657584952502228282_3940_000_3960_000_1549937207898989,data\processed\milestone_3\images\waymo\external\12657584952502228282_3940_000_3960_000_1549937207898989.png,2,0,2,0,0,2,0.0,0.008419,3.0,640,640,40,21
waymo,yolo,12657584952502228282_3940_000_3960_000_1549937208399015,data\processed\milestone_3\images\waymo\external\12657584952502228282_3940_000_3960_000_1549937208399015.png,2,0,2,0,0,2,0.0,0.019663,3.0,640,640,38,15
waymo,yolo,12657584952502228282_3940_000_3960_000_1549937208899013,data\processed\milestone_3\images\waymo\external\12657584952502228282_3940_000_3960_000_1549937208899013.png,2,0,2,0,0,2,0.0,0.025712,3.0,640,640,39,11
waymo,yolo,12657584952502228282_3940_000_3960_000_1549937211898457,data\processed\milestone_3\images\waymo\external\12657584952502228282_3940_000_3960_000_1549937211898457.png,2,0,2,0,0,2,0.0,0.0,3.0,640,640,34,8
waymo,yolo,12657584952502228282_3940_000_3960_000_1549937213398698,data\processed\milestone_3\images\waymo\external\12657584952502228282_3940_000_3960_000_1549937213398698.png,2,0,2,0,0,2,0.0,0.0,3.0,640,640,34,5
waymo,yolo,12657584952502228282_3940_000_3960_000_1549937213898785,data\processed\milestone_3\images\waymo\external\12657584952502228282_3940_000_3960_000_1549937213898785.png,2,0,2,0,0,2,0.0,0.0,3.0,640,640,34,5
waymo,yolo,12657584952502228282_3940_000_3960_000_1549937219898991,data\processed\milestone_3\images\waymo\external\12657584952502228282_3940_000_3960_000_1549937219898991.png,2,0,2,0,0,2,0.0,0.0,3.0,640,640,27,16
waymo,yolo,12657584952502228282_3940_000_3960_000_1549937220398802,data\processed\milestone_3\images\waymo\external\12657584952502228282_3940_000_3960_000_1549937220398802.png,2,0,2,0,0,2,0.0,0.02011,3.0,640,640,26,13
waymo,yolo,12657584952502228282_3940_000_3960_000_1549937220898674,data\processed\milestone_3\images\waymo\external\12657584952502228282_3940_000_3960_000_1549937220898674.png,2,0,2,0,0,2,0.0,0.0,3.0,640,640,26,14
waymo,yolo,12657584952502228282_3940_000_3960_000_1549937221398660,data\processed\milestone_3\images\waymo\external\12657584952502228282_3940_000_3960_000_1549937221398660.png,2,0,2,0,0,2,0.0,0.010742,3.0,640,640,25,13
waymo,yolo,12657584952502228282_3940_000_3960_000_1549937221898992,data\processed\milestone_3\images\waymo\external\12657584952502228282_3940_000_3960_000_1549937221898992.png,2,0,2,0,0,2,0.0,0.021183,3.0,640,640,24,24
waymo,yolo,14107757919671295130_3546_370_3566_370_1511668659259378,data\processed\milestone_3\images\waymo\external\14107757919671295130_3546_370_3566_370_1511668659259378.png,2,0,2,0,0,2,0.0,0.0,3.0,640,640,17,0
waymo,yolo,14107757919671295130_3546_370_3566_370_1511668659759443,data\processed\milestone_3\images\waymo\external\14107757919671295130_3546_370_3566_370_1511668659759443.png,2,0,2,0,0,2,0.0,0.0,3.0,640,640,19,0
waymo,yolo,14107757919671295130_3546_370_3566_370_1511668660859805,data\processed\milestone_3\images\waymo\external\14107757919671295130_3546_370_3566_370_1511668660859805.png,2,0,2,0,0,2,0.0,0.0,3.0,640,640,18,0
waymo,yolo,14107757919671295130_3546_370_3566_370_1511668661359830,data\processed\milestone_3\images\waymo\external\14107757919671295130_3546_370_3566_370_1511668661359830.png,2,0,2,0,0,2,0.0,0.0,3.0,640,640,17,0
waymo,yolo,14107757919671295130_3546_370_3566_370_1511668661859935,data\processed\milestone_3\images\waymo\external\14107757919671295130_3546_370_3566_370_1511668661859935.png,2,0,2,0,0,2,0.0,0.0,3.0,640,640,19,1
waymo,yolo,14107757919671295130_3546_370_3566_370_1511668662360090,data\processed\milestone_3\images\waymo\external\14107757919671295130_3546_370_3566_370_1511668662360090.png,2,0,2,0,0,2,0.0,0.0,3.0,640,640,20,1
waymo,yolo,2105808889850693535_2295_720_2315_720_1511129113479025,data\processed\milestone_3\images\waymo\external\2105808889850693535_2295_720_2315_720_1511129113479025.png,2,0,2,0,0,2,0.0,0.0,3.0,640,640,24,5
waymo,yolo,2105808889850693535_2295_720_2315_720_1511129113978982,data\processed\milestone_3\images\waymo\external\2105808889850693535_2295_720_2315_720_1511129113978982.png,2,0,2,0,0,2,0.0,0.0,3.0,640,640,25,6
waymo,yolo,2105808889850693535_2295_720_2315_720_1511129114479027,data\processed\milestone_3\images\waymo\external\2105808889850693535_2295_720_2315_720_1511129114479027.png,2,0,2,0,0,2,0.0,0.0,3.0,640,640,27,8
waymo,yolo,2105808889850693535_2295_720_2315_720_1511129114979008,data\processed\milestone_3\images\waymo\external\2105808889850693535_2295_720_2315_720_1511129114979008.png,2,0,2,0,0,2,0.0,0.0,3.0,640,640,26,5
waymo,yolo,2105808889850693535_2295_720_2315_720_1511129115479150,data\processed\milestone_3\images\waymo\external\2105808889850693535_2295_720_2315_720_1511129115479150.png,2,0,2,0,0,2,0.0,0.0,3.0,640,640,25,1
waymo,yolo,2105808889850693535_2295_720_2315_720_1511129115979075,data\processed\milestone_3\images\waymo\external\2105808889850693535_2295_720_2315_720_1511129115979075.png,2,0,2,0,0,2,0.0,0.0,3.0,640,640,22,3
waymo,yolo,2105808889850693535_2295_720_2315_720_1511129116479000,data\processed\milestone_3\images\waymo\external\2105808889850693535_2295_720_2315_720_1511129116479000.png,2,0,2,0,0,2,0.0,0.0,3.0,640,640,18,9
waymo,yolo,2105808889850693535_2295_720_2315_720_1511129116978989,data\processed\milestone_3\images\waymo\external\2105808889850693535_2295_720_2315_720_1511129116978989.png,2,0,2,0,0,2,0.0,0.0,3.0,640,640,17,0
waymo,yolo,2105808889850693535_2295_720_2315_720_1511129117479025,data\processed\milestone_3\images\waymo\external\2105808889850693535_2295_720_2315_720_1511129117479025.png,2,0,2,0,0,2,0.0,0.0,3.0,640,640,16,1
waymo,yolo,2105808889850693535_2295_720_2315_720_1511129117979206,data\processed\milestone_3\images\waymo\external\2105808889850693535_2295_720_2315_720_1511129117979206.png,2,0,2,0,0,2,0.0,0.0,3.0,640,640,12,5
waymo,yolo,2105808889850693535_2295_720_2315_720_1511129118479307,data\processed\milestone_3\images\waymo\external\2105808889850693535_2295_720_2315_720_1511129118479307.png,2,0,2,0,0,2,0.0,0.0,3.0,640,640,13,6
waymo,yolo,2105808889850693535_2295_720_2315_720_1511129118979456,data\processed\milestone_3\images\waymo\external\2105808889850693535_2295_720_2315_720_1511129118979456.png,2,0,2,0,0,2,0.0,0.0,3.0,640,640,12,2
waymo,yolo,2105808889850693535_2295_720_2315_720_1511129119479755,data\processed\milestone_3\images\waymo\external\2105808889850693535_2295_720_2315_720_1511129119479755.png,2,0,2,0,0,2,0.0,0.0,3.0,640,640,11,2
waymo,yolo,2105808889850693535_2295_720_2315_720_1511129119979452,data\processed\milestone_3\images\waymo\external\2105808889850693535_2295_720_2315_720_1511129119979452.png,2,0,2,0,0,2,0.0,0.0,3.0,640,640,12,2
waymo,yolo,2105808889850693535_2295_720_2315_720_1511129120478938,data\processed\milestone_3\images\waymo\external\2105808889850693535_2295_720_2315_720_1511129120478938.png,2,0,2,0,0,2,0.0,0.0,3.0,640,640,13,1
waymo,yolo,2105808889850693535_2295_720_2315_720_1511129120978713,data\processed\milestone_3\images\waymo\external\2105808889850693535_2295_720_2315_720_1511129120978713.png,2,0,2,0,0,2,0.0,0.0,3.0,640,640,12,0
waymo,yolo,2105808889850693535_2295_720_2315_720_1511129121478755,data\processed\milestone_3\images\waymo\external\2105808889850693535_2295_720_2315_720_1511129121478755.png,2,0,2,0,0,2,0.0,0.0,3.0,640,640,12,1
waymo,yolo,2105808889850693535_2295_720_2315_720_1511129121978849,data\processed\milestone_3\images\waymo\external\2105808889850693535_2295_720_2315_720_1511129121978849.png,2,0,2,0,0,2,0.0,0.0,3.0,640,640,12,1
waymo,yolo,2105808889850693535_2295_720_2315_720_1511129122478878,data\processed\milestone_3\images\waymo\external\2105808889850693535_2295_720_2315_720_1511129122478878.png,2,0,2,0,0,2,0.0,0.58535,3.0,640,640,12,2
waymo,yolo,2105808889850693535_2295_720_2315_720_1511129122978903,data\processed\milestone_3\images\waymo\external\2105808889850693535_2295_720_2315_720_1511129122978903.png,2,0,2,0,0,2,0.0,0.540496,3.0,640,640,12,2
waymo,yolo,2105808889850693535_2295_720_2315_720_1511129123478873,data\processed\milestone_3\images\waymo\external\2105808889850693535_2295_720_2315_720_1511129123478873.png,2,0,2,0,0,2,0.0,0.0,3.0,640,640,12,2
waymo,yolo,2105808889850693535_2295_720_2315_720_1511129123978828,data\processed\milestone_3\images\waymo\external\2105808889850693535_2295_720_2315_720_1511129123978828.png,2,0,2,0,0,2,0.0,0.509122,3.0,640,640,11,2
waymo,yolo,4409585400955983988_3500_470_3520_470_1507165533993794,data\processed\milestone_3\images\waymo\external\4409585400955983988_3500_470_3520_470_1507165533993794.png,2,0,2,0,0,2,0.0,0.0,3.0,640,640,4,1
waymo,yolo,4409585400955983988_3500_470_3520_470_1507165534497677,data\processed\milestone_3\images\waymo\external\4409585400955983988_3500_470_3520_470_1507165534497677.png,2,0,2,0,0,2,0.43826,0.0,3.0,640,640,5,9
waymo,yolo,4690718861228194910_1980_000_2000_000_1552693971749291,data\processed\milestone_3\images\waymo\external\4690718861228194910_1980_000_2000_000_1552693971749291.png,2,0,2,0,0,2,0.0,0.0,3.0,640,640,6,2
waymo,yolo,4690718861228194910_1980_000_2000_000_1552693972249331,data\processed\milestone_3\images\waymo\external\4690718861228194910_1980_000_2000_000_1552693972249331.png,2,0,2,0,0,2,0.0,0.0,3.0,640,640,32,10
waymo,yolo,4690718861228194910_1980_000_2000_000_1552693972749396,data\processed\milestone_3\images\waymo\external\4690718861228194910_1980_000_2000_000_1552693972749396.png,2,0,2,0,0,2,0.0,0.0,3.0,640,640,40,12
waymo,yolo,4690718861228194910_1980_000_2000_000_1552693973249349,data\processed\milestone_3\images\waymo\external\4690718861228194910_1980_000_2000_000_1552693973249349.png,2,0,2,0,0,2,0.0,0.0,3.0,640,640,40,13
waymo,yolo,6324079979569135086_2372_300_2392_300_1506988301257952,data\processed\milestone_3\images\waymo\external\6324079979569135086_2372_300_2392_300_1506988301257952.png,2,0,2,0,0,2,0.0,0.001935,3.0,640,640,27,23
waymo,yolo,6324079979569135086_2372_300_2392_300_1506988309258013,data\processed\milestone_3\images\waymo\external\6324079979569135086_2372_300_2392_300_1506988309258013.png,2,0,2,0,0,2,0.0,0.650763,3.0,640,640,24,23
waymo,yolo,9041488218266405018_6454_030_6474_030_1508979401222393,data\processed\milestone_3\images\waymo\external\9041488218266405018_6454_030_6474_030_1508979401222393.png,2,0,2,0,0,2,0.0,0.0,3.0,640,640,15,2
waymo,yolo,9041488218266405018_6454_030_6474_030_1508979401721541,data\processed\milestone_3\images\waymo\external\9041488218266405018_6454_030_6474_030_1508979401721541.png,2,0,2,0,0,2,0.0,0.0,3.0,640,640,16,3
waymo,yolo,9041488218266405018_6454_030_6474_030_1508979402320684,data\processed\milestone_3\images\waymo\external\9041488218266405018_6454_030_6474_030_1508979402320684.png,2,0,2,0,0,2,0.0,0.0,3.0,640,640,15,1
waymo,yolo,9041488218266405018_6454_030_6474_030_1508979402820107,data\processed\milestone_3\images\waymo\external\9041488218266405018_6454_030_6474_030_1508979402820107.png,2,0,2,0,0,2,0.0,0.0,3.0,640,640,14,3
waymo,yolo,9041488218266405018_6454_030_6474_030_1508979403319599,data\processed\milestone_3\images\waymo\external\9041488218266405018_6454_030_6474_030_1508979403319599.png,2,0,2,0,0,2,0.0,0.0,3.0,640,640,10,4
waymo,yolo,9041488218266405018_6454_030_6474_030_1508979403819100,data\processed\milestone_3\images\waymo\external\9041488218266405018_6454_030_6474_030_1508979403819100.png,2,0,2,0,0,2,0.0,0.0,3.0,640,640,9,4
waymo,yolo,9041488218266405018_6454_030_6474_030_1508979404318837,data\processed\milestone_3\images\waymo\external\9041488218266405018_6454_030_6474_030_1508979404318837.png,2,0,2,0,0,2,0.0,0.0,3.0,640,640,9,3
waymo,yolo,9041488218266405018_6454_030_6474_030_1508979404818573,data\processed\milestone_3\images\waymo\external\9041488218266405018_6454_030_6474_030_1508979404818573.png,2,0,2,0,0,2,0.0,0.0,3.0,640,640,8,2
waymo,yolo,933621182106051783_4160_000_4180_000_1543516679772740,data\processed\milestone_3\images\waymo\external\933621182106051783_4160_000_4180_000_1543516679772740.png,2,0,2,0,0,2,0.0,0.0,3.0,640,640,20,16
waymo,yolo,933621182106051783_4160_000_4180_000_1543516680272804,data\processed\milestone_3\images\waymo\external\933621182106051783_4160_000_4180_000_1543516680272804.png,2,0,2,0,0,2,0.0,0.0,3.0,640,640,25,8
waymo,yolo,933621182106051783_4160_000_4180_000_1543516680772741,data\processed\milestone_3\images\waymo\external\933621182106051783_4160_000_4180_000_1543516680772741.png,2,0,2,0,0,2,0.0,0.064064,3.0,640,640,23,10
waymo,yolo,933621182106051783_4160_000_4180_000_1543516681272611,data\processed\milestone_3\images\waymo\external\933621182106051783_4160_000_4180_000_1543516681272611.png,2,0,2,0,0,2,0.0,0.082666,3.0,640,640,13,8
waymo,yolo,933621182106051783_4160_000_4180_000_1543516681772503,data\processed\milestone_3\images\waymo\external\933621182106051783_4160_000_4180_000_1543516681772503.png,2,0,2,0,0,2,0.0,0.0,3.0,640,640,23,8
waymo,yolo,933621182106051783_4160_000_4180_000_1543516682772615,data\processed\milestone_3\images\waymo\external\933621182106051783_4160_000_4180_000_1543516682772615.png,2,0,2,0,0,2,0.0,0.0,3.0,640,640,31,7
waymo,yolo,933621182106051783_4160_000_4180_000_1543516683772644,data\processed\milestone_3\images\waymo\external\933621182106051783_4160_000_4180_000_1543516683772644.png,2,0,2,0,0,2,0.0,0.0,3.0,640,640,31,8
waymo,yolo,933621182106051783_4160_000_4180_000_1543516684272735,data\processed\milestone_3\images\waymo\external\933621182106051783_4160_000_4180_000_1543516684272735.png,2,0,2,0,0,2,0.0,0.0,3.0,640,640,29,6
waymo,yolo,933621182106051783_4160_000_4180_000_1543516684772668,data\processed\milestone_3\images\waymo\external\933621182106051783_4160_000_4180_000_1543516684772668.png,2,0,2,0,0,2,0.0,0.0,3.0,640,640,30,6
waymo,yolo,933621182106051783_4160_000_4180_000_1543516685272552,data\processed\milestone_3\images\waymo\external\933621182106051783_4160_000_4180_000_1543516685272552.png,2,0,2,0,0,2,0.0,0.0,3.0,640,640,31,6
waymo,yolo,933621182106051783_4160_000_4180_000_1543516685772579,data\processed\milestone_3\images\waymo\external\933621182106051783_4160_000_4180_000_1543516685772579.png,2,0,2,0,0,2,0.0,0.0,3.0,640,640,32,6
waymo,yolo,933621182106051783_4160_000_4180_000_1543516686272690,data\processed\milestone_3\images\waymo\external\933621182106051783_4160_000_4180_000_1543516686272690.png,2,0,2,0,0,2,0.0,0.0,3.0,640,640,29,6
waymo,yolo,933621182106051783_4160_000_4180_000_1543516688772624,data\processed\milestone_3\images\waymo\external\933621182106051783_4160_000_4180_000_1543516688772624.png,2,0,2,0,0,2,0.0,0.0,3.0,640,640,29,7
kitti,rtdetr,002780,data\processed\milestone_3\images\kitti\val\002780.png,2,0,2,0,0,2,0.305526,0.352326,3.0,640,640,9,300
waymo,rtdetr,10335539493577748957_1372_870_1392_870_1508811445344959,data\processed\milestone_3\images\waymo\external\10335539493577748957_1372_870_1392_870_1508811445344959.png,2,0,2,0,0,2,0.0,0.0,3.0,640,640,8,300
waymo,rtdetr,10335539493577748957_1372_870_1392_870_1508811445844951,data\processed\milestone_3\images\waymo\external\10335539493577748957_1372_870_1392_870_1508811445844951.png,2,0,2,0,0,2,0.0,0.00241,3.0,640,640,8,300
waymo,rtdetr,10335539493577748957_1372_870_1392_870_1508811446345017,data\processed\milestone_3\images\waymo\external\10335539493577748957_1372_870_1392_870_1508811446345017.png,2,0,2,0,0,2,0.0,0.0,3.0,640,640,9,300
waymo,rtdetr,10335539493577748957_1372_870_1392_870_1508811446844951,data\processed\milestone_3\images\waymo\external\10335539493577748957_1372_870_1392_870_1508811446844951.png,2,0,2,0,0,2,0.0,0.0,3.0,640,640,9,300
waymo,rtdetr,10335539493577748957_1372_870_1392_870_1508811447344942,data\processed\milestone_3\images\waymo\external\10335539493577748957_1372_870_1392_870_1508811447344942.png,2,0,2,0,0,2,0.0,0.0,3.0,640,640,9,300
waymo,rtdetr,10335539493577748957_1372_870_1392_870_1508811447844906,data\processed\milestone_3\images\waymo\external\10335539493577748957_1372_870_1392_870_1508811447844906.png,2,0,2,0,0,2,0.0,0.0,3.0,640,640,10,300
waymo,rtdetr,10335539493577748957_1372_870_1392_870_1508811448344911,data\processed\milestone_3\images\waymo\external\10335539493577748957_1372_870_1392_870_1508811448344911.png,2,0,2,0,0,2,0.0,0.0,3.0,640,640,10,300
waymo,rtdetr,10335539493577748957_1372_870_1392_870_1508811448844825,data\processed\milestone_3\images\waymo\external\10335539493577748957_1372_870_1392_870_1508811448844825.png,2,0,2,0,0,2,0.0,0.0,3.0,640,640,10,300
waymo,rtdetr,10335539493577748957_1372_870_1392_870_1508811449344893,data\processed\milestone_3\images\waymo\external\10335539493577748957_1372_870_1392_870_1508811449344893.png,2,0,2,0,0,2,0.0,0.0,3.0,640,640,11,300
waymo,rtdetr,10335539493577748957_1372_870_1392_870_1508811449844972,data\processed\milestone_3\images\waymo\external\10335539493577748957_1372_870_1392_870_1508811449844972.png,2,0,2,0,0,2,0.0,0.0,3.0,640,640,12,300
waymo,rtdetr,10335539493577748957_1372_870_1392_870_1508811450345063,data\processed\milestone_3\images\waymo\external\10335539493577748957_1372_870_1392_870_1508811450345063.png,2,0,2,0,0,2,0.0,0.0,3.0,640,640,12,300
waymo,rtdetr,10335539493577748957_1372_870_1392_870_1508811450845190,data\processed\milestone_3\images\waymo\external\10335539493577748957_1372_870_1392_870_1508811450845190.png,2,0,2,0,0,2,0.0,0.0,3.0,640,640,12,300
waymo,rtdetr,11660186733224028707_420_000_440_000_1541042920372242,data\processed\milestone_3\images\waymo\external\11660186733224028707_420_000_440_000_1541042920372242.png,2,0,2,0,0,2,0.0,0.111736,3.0,640,640,16,300
waymo,rtdetr,11660186733224028707_420_000_440_000_1541042920872363,data\processed\milestone_3\images\waymo\external\11660186733224028707_420_000_440_000_1541042920872363.png,2,0,2,0,0,2,0.0,0.229946,3.0,640,640,17,300
waymo,rtdetr,11660186733224028707_420_000_440_000_1541042921372457,data\processed\milestone_3\images\waymo\external\11660186733224028707_420_000_440_000_1541042921372457.png,2,0,2,0,0,2,0.0,0.008804,3.0,640,640,18,300
waymo,rtdetr,11660186733224028707_420_000_440_000_1541042921872459,data\processed\milestone_3\images\waymo\external\11660186733224028707_420_000_440_000_1541042921872459.png,2,0,2,0,0,2,0.0,0.222024,3.0,640,640,18,300
waymo,rtdetr,11660186733224028707_420_000_440_000_1541042924372453,data\processed\milestone_3\images\waymo\external\11660186733224028707_420_000_440_000_1541042924372453.png,2,0,2,0,0,2,0.441437,0.018694,3.0,640,640,18,300
waymo,rtdetr,11660186733224028707_420_000_440_000_1541042926372139,data\processed\milestone_3\images\waymo\external\11660186733224028707_420_000_440_000_1541042926372139.png,2,0,2,0,0,2,0.23888,0.258864,3.0,640,640,14,300
waymo,rtdetr,11660186733224028707_420_000_440_000_1541042926872276,data\processed\milestone_3\images\waymo\external\11660186733224028707_420_000_440_000_1541042926872276.png,2,0,2,0,0,2,0.0,0.127261,3.0,640,640,13,300
waymo,rtdetr,12657584952502228282_3940_000_3960_000_1549937205899042,data\processed\milestone_3\images\waymo\external\12657584952502228282_3940_000_3960_000_1549937205899042.png,2,0,2,0,0,2,0.040923,0.064758,3.0,640,640,41,300
waymo,rtdetr,12657584952502228282_3940_000_3960_000_1549937206898986,data\processed\milestone_3\images\waymo\external\12657584952502228282_3940_000_3960_000_1549937206898986.png,2,0,2,0,0,2,0.012663,0.046093,3.0,640,640,41,300
waymo,rtdetr,12657584952502228282_3940_000_3960_000_1549937207399013,data\processed\milestone_3\images\waymo\external\12657584952502228282_3940_000_3960_000_1549937207399013.png,2,0,2,0,0,2,0.010258,0.049798,3.0,640,640,41,300
waymo,rtdetr,12657584952502228282_3940_000_3960_000_1549937207898989,data\processed\milestone_3\images\waymo\external\12657584952502228282_3940_000_3960_000_1549937207898989.png,2,0,2,0,0,2,0.015237,0.051923,3.0,640,640,40,300
waymo,rtdetr,12657584952502228282_3940_000_3960_000_1549937208399015,data\processed\milestone_3\images\waymo\external\12657584952502228282_3940_000_3960_000_1549937208399015.png,2,0,2,0,0,2,0.0145,0.063197,3.0,640,640,38,300
waymo,rtdetr,12657584952502228282_3940_000_3960_000_1549937208899013,data\processed\milestone_3\images\waymo\external\12657584952502228282_3940_000_3960_000_1549937208899013.png,2,0,2,0,0,2,0.048208,0.066123,3.0,640,640,39,300
waymo,rtdetr,12657584952502228282_3940_000_3960_000_1549937209398838,data\processed\milestone_3\images\waymo\external\12657584952502228282_3940_000_3960_000_1549937209398838.png,2,0,2,0,0,2,0.073087,0.037428,3.0,640,640,41,300
waymo,rtdetr,12657584952502228282_3940_000_3960_000_1549937210398649,data\processed\milestone_3\images\waymo\external\12657584952502228282_3940_000_3960_000_1549937210398649.png,2,0,2,0,0,2,0.115874,0.033646,3.0,640,640,40,300
waymo,rtdetr,12657584952502228282_3940_000_3960_000_1549937210898587,data\processed\milestone_3\images\waymo\external\12657584952502228282_3940_000_3960_000_1549937210898587.png,2,0,2,0,0,2,0.44218,0.069248,3.0,640,640,38,300
waymo,rtdetr,12657584952502228282_3940_000_3960_000_1549937211398460,data\processed\milestone_3\images\waymo\external\12657584952502228282_3940_000_3960_000_1549937211398460.png,2,0,2,0,0,2,0.492846,0.445499,3.0,640,640,38,300
waymo,rtdetr,12657584952502228282_3940_000_3960_000_1549937212898542,data\processed\milestone_3\images\waymo\external\12657584952502228282_3940_000_3960_000_1549937212898542.png,2,0,2,0,0,2,0.453717,0.692347,3.0,640,640,36,300
waymo,rtdetr,12657584952502228282_3940_000_3960_000_1549937219898991,data\processed\milestone_3\images\waymo\external\12657584952502228282_3940_000_3960_000_1549937219898991.png,2,0,2,0,0,2,0.111231,0.068014,3.0,640,640,27,300
waymo,rtdetr,12657584952502228282_3940_000_3960_000_1549937220398802,data\processed\milestone_3\images\waymo\external\12657584952502228282_3940_000_3960_000_1549937220398802.png,2,0,2,0,0,2,0.239461,0.011292,3.0,640,640,26,300
waymo,rtdetr,12657584952502228282_3940_000_3960_000_1549937220898674,data\processed\milestone_3\images\waymo\external\12657584952502228282_3940_000_3960_000_1549937220898674.png,2,0,2,0,0,2,0.060156,0.043866,3.0,640,640,26,300
waymo,rtdetr,12657584952502228282_3940_000_3960_000_1549937221398660,data\processed\milestone_3\images\waymo\external\12657584952502228282_3940_000_3960_000_1549937221398660.png,2,0,2,0,0,2,0.000262,0.06691,3.0,640,640,25,300
waymo,rtdetr,12657584952502228282_3940_000_3960_000_1549937221898992,data\processed\milestone_3\images\waymo\external\12657584952502228282_3940_000_3960_000_1549937221898992.png,2,0,2,0,0,2,0.024365,0.166312,3.0,640,640,24,300
waymo,rtdetr,13356997604177841771_3360_000_3380_000_1557267392587594,data\processed\milestone_3\images\waymo\external\13356997604177841771_3360_000_3380_000_1557267392587594.png,2,0,2,0,0,2,0.461176,0.461176,3.0,640,640,36,300
waymo,rtdetr,14107757919671295130_3546_370_3566_370_1511668659259378,data\processed\milestone_3\images\waymo\external\14107757919671295130_3546_370_3566_370_1511668659259378.png,2,0,2,0,0,2,0.0,0.005453,3.0,640,640,17,300
waymo,rtdetr,14107757919671295130_3546_370_3566_370_1511668659759443,data\processed\milestone_3\images\waymo\external\14107757919671295130_3546_370_3566_370_1511668659759443.png,2,0,2,0,0,2,0.0,0.0,3.0,640,640,19,300
waymo,rtdetr,14107757919671295130_3546_370_3566_370_1511668660859805,data\processed\milestone_3\images\waymo\external\14107757919671295130_3546_370_3566_370_1511668660859805.png,2,0,2,0,0,2,0.0,0.001619,3.0,640,640,18,300
waymo,rtdetr,14107757919671295130_3546_370_3566_370_1511668661359830,data\processed\milestone_3\images\waymo\external\14107757919671295130_3546_370_3566_370_1511668661359830.png,2,0,2,0,0,2,0.0,0.038184,3.0,640,640,17,300
waymo,rtdetr,14107757919671295130_3546_370_3566_370_1511668661859935,data\processed\milestone_3\images\waymo\external\14107757919671295130_3546_370_3566_370_1511668661859935.png,2,0,2,0,0,2,0.0,0.017173,3.0,640,640,19,300
waymo,rtdetr,14107757919671295130_3546_370_3566_370_1511668662360090,data\processed\milestone_3\images\waymo\external\14107757919671295130_3546_370_3566_370_1511668662360090.png,2,0,2,0,0,2,0.367767,0.231505,3.0,640,640,20,300
waymo,rtdetr,14300007604205869133_1160_000_1180_000_1544753132273803,data\processed\milestone_3\images\waymo\external\14300007604205869133_1160_000_1180_000_1544753132273803.png,2,0,2,0,0,2,0.0,0.138498,3.0,640,640,35,300
waymo,rtdetr,14300007604205869133_1160_000_1180_000_1544753134273660,data\processed\milestone_3\images\waymo\external\14300007604205869133_1160_000_1180_000_1544753134273660.png,2,0,2,0,0,2,0.0,0.115037,3.0,640,640,36,300
waymo,rtdetr,14300007604205869133_1160_000_1180_000_1544753137273857,data\processed\milestone_3\images\waymo\external\14300007604205869133_1160_000_1180_000_1544753137273857.png,2,0,2,0,0,2,0.0,0.418317,3.0,640,640,31,300
waymo,rtdetr,2105808889850693535_2295_720_2315_720_1511129113479025,data\processed\milestone_3\images\waymo\external\2105808889850693535_2295_720_2315_720_1511129113479025.png,2,0,2,0,0,2,0.004489,0.01282,3.0,640,640,24,300
waymo,rtdetr,2105808889850693535_2295_720_2315_720_1511129113978982,data\processed\milestone_3\images\waymo\external\2105808889850693535_2295_720_2315_720_1511129113978982.png,2,0,2,0,0,2,0.006463,0.02523,3.0,640,640,25,300
waymo,rtdetr,2105808889850693535_2295_720_2315_720_1511129114479027,data\processed\milestone_3\images\waymo\external\2105808889850693535_2295_720_2315_720_1511129114479027.png,2,0,2,0,0,2,0.0,0.003806,3.0,640,640,27,300
waymo,rtdetr,2105808889850693535_2295_720_2315_720_1511129114979008,data\processed\milestone_3\images\waymo\external\2105808889850693535_2295_720_2315_720_1511129114979008.png,2,0,2,0,0,2,0.0,0.0,3.0,640,640,26,300
waymo,rtdetr,2105808889850693535_2295_720_2315_720_1511129115479150,data\processed\milestone_3\images\waymo\external\2105808889850693535_2295_720_2315_720_1511129115479150.png,2,0,2,0,0,2,0.0,0.0,3.0,640,640,25,300
waymo,rtdetr,2105808889850693535_2295_720_2315_720_1511129115979075,data\processed\milestone_3\images\waymo\external\2105808889850693535_2295_720_2315_720_1511129115979075.png,2,0,2,0,0,2,0.0,0.0,3.0,640,640,22,300
waymo,rtdetr,2105808889850693535_2295_720_2315_720_1511129116479000,data\processed\milestone_3\images\waymo\external\2105808889850693535_2295_720_2315_720_1511129116479000.png,2,0,2,0,0,2,0.0,0.0,3.0,640,640,18,300
waymo,rtdetr,2105808889850693535_2295_720_2315_720_1511129116978989,data\processed\milestone_3\images\waymo\external\2105808889850693535_2295_720_2315_720_1511129116978989.png,2,0,2,0,0,2,0.0,0.0,3.0,640,640,17,300
waymo,rtdetr,2105808889850693535_2295_720_2315_720_1511129117479025,data\processed\milestone_3\images\waymo\external\2105808889850693535_2295_720_2315_720_1511129117479025.png,2,0,2,0,0,2,0.035583,0.0,3.0,640,640,16,300
waymo,rtdetr,2105808889850693535_2295_720_2315_720_1511129117979206,data\processed\milestone_3\images\waymo\external\2105808889850693535_2295_720_2315_720_1511129117979206.png,2,0,2,0,0,2,0.0,0.00063,3.0,640,640,12,300
waymo,rtdetr,2105808889850693535_2295_720_2315_720_1511129118479307,data\processed\milestone_3\images\waymo\external\2105808889850693535_2295_720_2315_720_1511129118479307.png,2,0,2,0,0,2,0.0,0.0,3.0,640,640,13,300
waymo,rtdetr,2105808889850693535_2295_720_2315_720_1511129118979456,data\processed\milestone_3\images\waymo\external\2105808889850693535_2295_720_2315_720_1511129118979456.png,2,0,2,0,0,2,0.125415,0.002208,3.0,640,640,12,300
waymo,rtdetr,2105808889850693535_2295_720_2315_720_1511129119479755,data\processed\milestone_3\images\waymo\external\2105808889850693535_2295_720_2315_720_1511129119479755.png,2,0,2,0,0,2,0.051713,0.0,3.0,640,640,11,300
waymo,rtdetr,2105808889850693535_2295_720_2315_720_1511129119979452,data\processed\milestone_3\images\waymo\external\2105808889850693535_2295_720_2315_720_1511129119979452.png,2,0,2,0,0,2,0.158902,0.158902,3.0,640,640,12,300
waymo,rtdetr,2105808889850693535_2295_720_2315_720_1511129120478938,data\processed\milestone_3\images\waymo\external\2105808889850693535_2295_720_2315_720_1511129120478938.png,2,0,2,0,0,2,0.094935,0.0,3.0,640,640,13,300
waymo,rtdetr,2105808889850693535_2295_720_2315_720_1511129120978713,data\processed\milestone_3\images\waymo\external\2105808889850693535_2295_720_2315_720_1511129120978713.png,2,0,2,0,0,2,0.252513,0.252513,3.0,640,640,12,300
waymo,rtdetr,2105808889850693535_2295_720_2315_720_1511129121478755,data\processed\milestone_3\images\waymo\external\2105808889850693535_2295_720_2315_720_1511129121478755.png,2,0,2,0,0,2,0.299729,0.00109,3.0,640,640,12,300
waymo,rtdetr,2736377008667623133_2676_410_2696_410_1511721507501045,data\processed\milestone_3\images\waymo\external\2736377008667623133_2676_410_2696_410_1511721507501045.png,2,0,2,0,0,2,0.475746,0.274964,3.0,640,640,6,300
waymo,rtdetr,4409585400955983988_3500_470_3520_470_1507165533993794,data\processed\milestone_3\images\waymo\external\4409585400955983988_3500_470_3520_470_1507165533993794.png,2,0,2,0,0,2,0.339244,0.339244,3.0,640,640,4,300
waymo,rtdetr,4409585400955983988_3500_470_3520_470_1507165534497677,data\processed\milestone_3\images\waymo\external\4409585400955983988_3500_470_3520_470_1507165534497677.png,2,0,2,0,0,2,0.330486,0.330486,3.0,640,640,5,300
waymo,rtdetr,4690718861228194910_1980_000_2000_000_1552693971749291,data\processed\milestone_3\images\waymo\external\4690718861228194910_1980_000_2000_000_1552693971749291.png,2,0,2,0,0,2,0.061842,0.170335,3.0,640,640,6,300
waymo,rtdetr,4690718861228194910_1980_000_2000_000_1552693972249331,data\processed\milestone_3\images\waymo\external\4690718861228194910_1980_000_2000_000_1552693972249331.png,2,0,2,0,0,2,0.0,0.150254,3.0,640,640,32,300
waymo,rtdetr,4690718861228194910_1980_000_2000_000_1552693972749396,data\processed\milestone_3\images\waymo\external\4690718861228194910_1980_000_2000_000_1552693972749396.png,2,0,2,0,0,2,0.193382,0.193382,3.0,640,640,40,300
waymo,rtdetr,4690718861228194910_1980_000_2000_000_1552693973249349,data\processed\milestone_3\images\waymo\external\4690718861228194910_1980_000_2000_000_1552693973249349.png,2,0,2,0,0,2,0.176597,0.176597,3.0,640,640,40,300
waymo,rtdetr,4690718861228194910_1980_000_2000_000_1552693974249248,data\processed\milestone_3\images\waymo\external\4690718861228194910_1980_000_2000_000_1552693974249248.png,2,0,2,0,0,2,0.0,0.069353,3.0,640,640,40,300
waymo,rtdetr,6324079979569135086_2372_300_2392_300_1506988296759323,data\processed\milestone_3\images\waymo\external\6324079979569135086_2372_300_2392_300_1506988296759323.png,2,0,2,0,0,2,0.0,0.148374,3.0,640,640,33,300
waymo,rtdetr,6324079979569135086_2372_300_2392_300_1506988301257952,data\processed\milestone_3\images\waymo\external\6324079979569135086_2372_300_2392_300_1506988301257952.png,2,0,2,0,0,2,0.387546,0.387546,3.0,640,640,27,300
waymo,rtdetr,6324079979569135086_2372_300_2392_300_1506988302258459,data\processed\milestone_3\images\waymo\external\6324079979569135086_2372_300_2392_300_1506988302258459.png,2,0,2,0,0,2,0.480168,0.480168,3.0,640,640,26,300
waymo,rtdetr,6324079979569135086_2372_300_2392_300_1506988306758538,data\processed\milestone_3\images\waymo\external\6324079979569135086_2372_300_2392_300_1506988306758538.png,2,0,2,0,0,2,0.471323,0.471323,3.0,640,640,24,300
waymo,rtdetr,9041488218266405018_6454_030_6474_030_1508979397226001,data\processed\milestone_3\images\waymo\external\9041488218266405018_6454_030_6474_030_1508979397226001.png,2,0,2,0,0,2,0.040035,0.0,3.0,640,640,13,300
waymo,rtdetr,9041488218266405018_6454_030_6474_030_1508979401222393,data\processed\milestone_3\images\waymo\external\9041488218266405018_6454_030_6474_030_1508979401222393.png,2,0,2,0,0,2,0.041836,0.041836,3.0,640,640,15,300
waymo,rtdetr,9041488218266405018_6454_030_6474_030_1508979401721541,data\processed\milestone_3\images\waymo\external\9041488218266405018_6454_030_6474_030_1508979401721541.png,2,0,2,0,0,2,0.002629,0.05166,3.0,640,640,16,300
waymo,rtdetr,9041488218266405018_6454_030_6474_030_1508979402320684,data\processed\milestone_3\images\waymo\external\9041488218266405018_6454_030_6474_030_1508979402320684.png,2,0,2,0,0,2,0.0,0.086879,3.0,640,640,15,300
waymo,rtdetr,9041488218266405018_6454_030_6474_030_1508979402820107,data\processed\milestone_3\images\waymo\external\9041488218266405018_6454_030_6474_030_1508979402820107.png,2,0,2,0,0,2,0.199473,0.199473,3.0,640,640,14,300
waymo,rtdetr,9041488218266405018_6454_030_6474_030_1508979403319599,data\processed\milestone_3\images\waymo\external\9041488218266405018_6454_030_6474_030_1508979403319599.png,2,0,2,0,0,2,0.143263,0.143263,3.0,640,640,10,300
waymo,rtdetr,9041488218266405018_6454_030_6474_030_1508979403819100,data\processed\milestone_3\images\waymo\external\9041488218266405018_6454_030_6474_030_1508979403819100.png,2,0,2,0,0,2,0.246268,0.246268,3.0,640,640,9,300
waymo,rtdetr,9041488218266405018_6454_030_6474_030_1508979404818573,data\processed\milestone_3\images\waymo\external\9041488218266405018_6454_030_6474_030_1508979404818573.png,2,0,2,0,0,2,0.463988,0.463988,3.0,640,640,8,300
waymo,rtdetr,933621182106051783_4160_000_4180_000_1543516677772377,data\processed\milestone_3\images\waymo\external\933621182106051783_4160_000_4180_000_1543516677772377.png,2,0,2,0,0,2,0.3199,0.3199,3.0,640,640,33,300
waymo,rtdetr,933621182106051783_4160_000_4180_000_1543516678272423,data\processed\milestone_3\images\waymo\external\933621182106051783_4160_000_4180_000_1543516678272423.png,2,0,2,0,0,2,0.089671,0.085656,3.0,640,640,31,300
waymo,rtdetr,933621182106051783_4160_000_4180_000_1543516679772740,data\processed\milestone_3\images\waymo\external\933621182106051783_4160_000_4180_000_1543516679772740.png,2,0,2,0,0,2,0.0,0.008071,3.0,640,640,20,300
waymo,rtdetr,933621182106051783_4160_000_4180_000_1543516680772741,data\processed\milestone_3\images\waymo\external\933621182106051783_4160_000_4180_000_1543516680772741.png,2,0,2,0,0,2,0.095269,0.105209,3.0,640,640,23,300
waymo,rtdetr,933621182106051783_4160_000_4180_000_1543516681272611,data\processed\milestone_3\images\waymo\external\933621182106051783_4160_000_4180_000_1543516681272611.png,2,0,2,0,0,2,0.463848,0.108114,3.0,640,640,13,300
waymo,rtdetr,933621182106051783_4160_000_4180_000_1543516682772615,data\processed\milestone_3\images\waymo\external\933621182106051783_4160_000_4180_000_1543516682772615.png,2,0,2,0,0,2,0.0,0.165923,3.0,640,640,31,300
waymo,rtdetr,933621182106051783_4160_000_4180_000_1543516683272615,data\processed\milestone_3\images\waymo\external\933621182106051783_4160_000_4180_000_1543516683272615.png,2,0,2,0,0,2,0.0,0.000997,3.0,640,640,33,300
waymo,rtdetr,933621182106051783_4160_000_4180_000_1543516686772721,data\processed\milestone_3\images\waymo\external\933621182106051783_4160_000_4180_000_1543516686772721.png,2,0,2,0,0,2,0.051062,0.051062,3.0,640,640,31,300
waymo,rtdetr,933621182106051783_4160_000_4180_000_1543516687272709,data\processed\milestone_3\images\waymo\external\933621182106051783_4160_000_4180_000_1543516687272709.png,2,0,2,0,0,2,0.040234,0.002274,3.0,640,640,31,300
waymo,rtdetr,933621182106051783_4160_000_4180_000_1543516687772629,data\processed\milestone_3\images\waymo\external\933621182106051783_4160_000_4180_000_1543516687772629.png,2,0,2,0,0,2,0.0,0.001557,3.0,640,640,30,300
waymo,rtdetr,933621182106051783_4160_000_4180_000_1543516688272598,data\processed\milestone_3\images\waymo\external\933621182106051783_4160_000_4180_000_1543516688272598.png,2,0,2,0,0,2,0.015468,0.015468,3.0,640,640,30,300
kitti,retinanet,000201,data\processed\milestone_3\images\kitti\val\000201.png,2,0,2,0,0,2,0.119779,0.278321,3.0,640,640,12,288
kitti,retinanet,000502,data\processed\milestone_3\images\kitti\val\000502.png,2,0,2,0,0,2,0.013755,0.140858,3.0,640,640,11,289
kitti,retinanet,001958,data\processed\milestone_3\images\kitti\val\001958.png,2,0,2,0,0,2,0.475274,0.475274,3.0,640,640,8,300
kitti,retinanet,003454,data\processed\milestone_3\images\kitti\val\003454.png,2,0,2,0,0,2,0.461801,0.552572,3.0,640,640,10,300
kitti,retinanet,004186,data\processed\milestone_3\images\kitti\val\004186.png,2,0,2,0,0,2,0.115618,0.438472,3.0,640,640,12,300
kitti,retinanet,004583,data\processed\milestone_3\images\kitti\val\004583.png,2,0,2,0,0,2,0.463,0.650754,3.0,640,640,10,300
kitti,retinanet,005031,data\processed\milestone_3\images\kitti\val\005031.png,2,0,2,0,0,2,0.392485,0.708803,3.0,640,640,9,300
kitti,retinanet,005988,data\processed\milestone_3\images\kitti\val\005988.png,2,0,2,0,0,2,0.48648,0.393835,3.0,640,640,17,270
kitti,retinanet,006256,data\processed\milestone_3\images\kitti\val\006256.png,2,0,2,0,0,2,0.113031,0.549516,3.0,640,640,12,300
kitti,retinanet,007129,data\processed\milestone_3\images\kitti\val\007129.png,2,0,2,0,0,2,0.422622,0.0,3.0,640,640,7,286
kitti,retinanet,007451,data\processed\milestone_3\images\kitti\val\007451.png,2,0,2,0,0,2,0.437733,0.411383,3.0,640,640,9,300
waymo,retinanet,10335539493577748957_1372_870_1392_870_1508811445344959,data\processed\milestone_3\images\waymo\external\10335539493577748957_1372_870_1392_870_1508811445344959.png,2,0,2,0,0,2,0.0,0.0,3.0,640,640,8,1
waymo,retinanet,10335539493577748957_1372_870_1392_870_1508811445844951,data\processed\milestone_3\images\waymo\external\10335539493577748957_1372_870_1392_870_1508811445844951.png,2,0,2,0,0,2,0.0,0.0,3.0,640,640,8,1
waymo,retinanet,10335539493577748957_1372_870_1392_870_1508811446345017,data\processed\milestone_3\images\waymo\external\10335539493577748957_1372_870_1392_870_1508811446345017.png,2,0,2,0,0,2,0.0,0.0,3.0,640,640,9,1
waymo,retinanet,10335539493577748957_1372_870_1392_870_1508811446844951,data\processed\milestone_3\images\waymo\external\10335539493577748957_1372_870_1392_870_1508811446844951.png,2,0,2,0,0,2,0.0,0.0,3.0,640,640,9,1
waymo,retinanet,10335539493577748957_1372_870_1392_870_1508811447344942,data\processed\milestone_3\images\waymo\external\10335539493577748957_1372_870_1392_870_1508811447344942.png,2,0,2,0,0,2,0.0,0.0,3.0,640,640,9,0
waymo,retinanet,10335539493577748957_1372_870_1392_870_1508811447844906,data\processed\milestone_3\images\waymo\external\10335539493577748957_1372_870_1392_870_1508811447844906.png,2,0,2,0,0,2,0.0,0.0,3.0,640,640,10,2
waymo,retinanet,10335539493577748957_1372_870_1392_870_1508811448344911,data\processed\milestone_3\images\waymo\external\10335539493577748957_1372_870_1392_870_1508811448344911.png,2,0,2,0,0,2,0.0,0.0,3.0,640,640,10,2
waymo,retinanet,10335539493577748957_1372_870_1392_870_1508811448844825,data\processed\milestone_3\images\waymo\external\10335539493577748957_1372_870_1392_870_1508811448844825.png,2,0,2,0,0,2,0.0,0.0,3.0,640,640,10,0
waymo,retinanet,10335539493577748957_1372_870_1392_870_1508811449344893,data\processed\milestone_3\images\waymo\external\10335539493577748957_1372_870_1392_870_1508811449344893.png,2,0,2,0,0,2,0.0,0.0,3.0,640,640,11,2
waymo,retinanet,10335539493577748957_1372_870_1392_870_1508811449844972,data\processed\milestone_3\images\waymo\external\10335539493577748957_1372_870_1392_870_1508811449844972.png,2,0,2,0,0,2,0.0,0.0,3.0,640,640,12,1
waymo,retinanet,10335539493577748957_1372_870_1392_870_1508811450345063,data\processed\milestone_3\images\waymo\external\10335539493577748957_1372_870_1392_870_1508811450345063.png,2,0,2,0,0,2,0.0,0.0,3.0,640,640,12,1
waymo,retinanet,10335539493577748957_1372_870_1392_870_1508811450845190,data\processed\milestone_3\images\waymo\external\10335539493577748957_1372_870_1392_870_1508811450845190.png,2,0,2,0,0,2,0.0,0.0,3.0,640,640,12,2
waymo,retinanet,11660186733224028707_420_000_440_000_1541042907272599,data\processed\milestone_3\images\waymo\external\11660186733224028707_420_000_440_000_1541042907272599.png,2,0,2,0,0,2,0.0,0.00381,3.0,640,640,34,6
waymo,retinanet,11660186733224028707_420_000_440_000_1541042920372242,data\processed\milestone_3\images\waymo\external\11660186733224028707_420_000_440_000_1541042920372242.png,2,0,2,0,0,2,0.0,0.0,3.0,640,640,16,4
waymo,retinanet,11660186733224028707_420_000_440_000_1541042920872363,data\processed\milestone_3\images\waymo\external\11660186733224028707_420_000_440_000_1541042920872363.png,2,0,2,0,0,2,0.0,0.0,3.0,640,640,17,2
waymo,retinanet,11660186733224028707_420_000_440_000_1541042921372457,data\processed\milestone_3\images\waymo\external\11660186733224028707_420_000_440_000_1541042921372457.png,2,0,2,0,0,2,0.0,0.0,3.0,640,640,18,2
waymo,retinanet,11660186733224028707_420_000_440_000_1541042921872459,data\processed\milestone_3\images\waymo\external\11660186733224028707_420_000_440_000_1541042921872459.png,2,0,2,0,0,2,0.0,0.002097,3.0,640,640,18,4
waymo,retinanet,11660186733224028707_420_000_440_000_1541042924372453,data\processed\milestone_3\images\waymo\external\11660186733224028707_420_000_440_000_1541042924372453.png,2,0,2,0,0,2,0.0,0.004978,3.0,640,640,18,6
waymo,retinanet,11660186733224028707_420_000_440_000_1541042926872276,data\processed\milestone_3\images\waymo\external\11660186733224028707_420_000_440_000_1541042926872276.png,2,0,2,0,0,2,0.0,0.0,3.0,640,640,13,5
waymo,retinanet,12657584952502228282_3940_000_3960_000_1549937205899042,data\processed\milestone_3\images\waymo\external\12657584952502228282_3940_000_3960_000_1549937205899042.png,2,0,2,0,0,2,0.0,0.000722,3.0,640,640,41,11
waymo,retinanet,12657584952502228282_3940_000_3960_000_1549937206898986,data\processed\milestone_3\images\waymo\external\12657584952502228282_3940_000_3960_000_1549937206898986.png,2,0,2,0,0,2,0.0,0.001871,3.0,640,640,41,11
waymo,retinanet,12657584952502228282_3940_000_3960_000_1549937207399013,data\processed\milestone_3\images\waymo\external\12657584952502228282_3940_000_3960_000_1549937207399013.png,2,0,2,0,0,2,0.0,0.000206,3.0,640,640,41,14
waymo,retinanet,12657584952502228282_3940_000_3960_000_1549937207898989,data\processed\milestone_3\images\waymo\external\12657584952502228282_3940_000_3960_000_1549937207898989.png,2,0,2,0,0,2,0.0,0.0,3.0,640,640,40,13
waymo,retinanet,12657584952502228282_3940_000_3960_000_1549937208399015,data\processed\milestone_3\images\waymo\external\12657584952502228282_3940_000_3960_000_1549937208399015.png,2,0,2,0,0,2,0.0,0.002468,3.0,640,640,38,13
waymo,retinanet,12657584952502228282_3940_000_3960_000_1549937208899013,data\processed\milestone_3\images\waymo\external\12657584952502228282_3940_000_3960_000_1549937208899013.png,2,0,2,0,0,2,0.0,0.000681,3.0,640,640,39,14
waymo,retinanet,12657584952502228282_3940_000_3960_000_1549937211898457,data\processed\milestone_3\images\waymo\external\12657584952502228282_3940_000_3960_000_1549937211898457.png,2,0,2,0,0,2,0.0,0.0,3.0,640,640,34,8
waymo,retinanet,12657584952502228282_3940_000_3960_000_1549937212898542,data\processed\milestone_3\images\waymo\external\12657584952502228282_3940_000_3960_000_1549937212898542.png,2,0,2,0,0,2,0.283687,0.0,3.0,640,640,36,10
waymo,retinanet,12657584952502228282_3940_000_3960_000_1549937219898991,data\processed\milestone_3\images\waymo\external\12657584952502228282_3940_000_3960_000_1549937219898991.png,2,0,2,0,0,2,0.0,0.0,3.0,640,640,27,15
waymo,retinanet,12657584952502228282_3940_000_3960_000_1549937220398802,data\processed\milestone_3\images\waymo\external\12657584952502228282_3940_000_3960_000_1549937220398802.png,2,0,2,0,0,2,0.0,0.016035,3.0,640,640,26,12
waymo,retinanet,12657584952502228282_3940_000_3960_000_1549937220898674,data\processed\milestone_3\images\waymo\external\12657584952502228282_3940_000_3960_000_1549937220898674.png,2,0,2,0,0,2,0.0,0.0,3.0,640,640,26,9
waymo,retinanet,12657584952502228282_3940_000_3960_000_1549937221398660,data\processed\milestone_3\images\waymo\external\12657584952502228282_3940_000_3960_000_1549937221398660.png,2,0,2,0,0,2,0.0,0.0,3.0,640,640,25,9
waymo,retinanet,12657584952502228282_3940_000_3960_000_1549937221898992,data\processed\milestone_3\images\waymo\external\12657584952502228282_3940_000_3960_000_1549937221898992.png,2,0,2,0,0,2,0.0,0.0,3.0,640,640,24,11
waymo,retinanet,13356997604177841771_3360_000_3380_000_1557267392087628,data\processed\milestone_3\images\waymo\external\13356997604177841771_3360_000_3380_000_1557267392087628.png,2,0,2,0,0,2,0.045066,0.0,3.0,640,640,35,20
waymo,retinanet,14107757919671295130_3546_370_3566_370_1511668659259378,data\processed\milestone_3\images\waymo\external\14107757919671295130_3546_370_3566_370_1511668659259378.png,2,0,2,0,0,2,0.0,0.0,3.0,640,640,17,0
waymo,retinanet,14107757919671295130_3546_370_3566_370_1511668659759443,data\processed\milestone_3\images\waymo\external\14107757919671295130_3546_370_3566_370_1511668659759443.png,2,0,2,0,0,2,0.0,0.0,3.0,640,640,19,0
waymo,retinanet,14107757919671295130_3546_370_3566_370_1511668660859805,data\processed\milestone_3\images\waymo\external\14107757919671295130_3546_370_3566_370_1511668660859805.png,2,0,2,0,0,2,0.0,0.0,3.0,640,640,18,1
waymo,retinanet,14107757919671295130_3546_370_3566_370_1511668661359830,data\processed\milestone_3\images\waymo\external\14107757919671295130_3546_370_3566_370_1511668661359830.png,2,0,2,0,0,2,0.0,0.0,3.0,640,640,17,0
waymo,retinanet,14107757919671295130_3546_370_3566_370_1511668661859935,data\processed\milestone_3\images\waymo\external\14107757919671295130_3546_370_3566_370_1511668661859935.png,2,0,2,0,0,2,0.0,0.0,3.0,640,640,19,1
waymo,retinanet,14107757919671295130_3546_370_3566_370_1511668662360090,data\processed\milestone_3\images\waymo\external\14107757919671295130_3546_370_3566_370_1511668662360090.png,2,0,2,0,0,2,0.0,0.0,3.0,640,640,20,1
waymo,retinanet,14300007604205869133_1160_000_1180_000_1544753136773763,data\processed\milestone_3\images\waymo\external\14300007604205869133_1160_000_1180_000_1544753136773763.png,2,0,2,0,0,2,0.0,0.0,3.0,640,640,30,6
waymo,retinanet,2105808889850693535_2295_720_2315_720_1511129113479025,data\processed\milestone_3\images\waymo\external\2105808889850693535_2295_720_2315_720_1511129113479025.png,2,0,2,0,0,2,0.0,0.0,3.0,640,640,24,4
waymo,retinanet,2105808889850693535_2295_720_2315_720_1511129113978982,data\processed\milestone_3\images\waymo\external\2105808889850693535_2295_720_2315_720_1511129113978982.png,2,0,2,0,0,2,0.0,0.012615,3.0,640,640,25,4
waymo,retinanet,2105808889850693535_2295_720_2315_720_1511129114479027,data\processed\milestone_3\images\waymo\external\2105808889850693535_2295_720_2315_720_1511129114479027.png,2,0,2,0,0,2,0.0,0.0,3.0,640,640,27,5
waymo,retinanet,2105808889850693535_2295_720_2315_720_1511129114979008,data\processed\milestone_3\images\waymo\external\2105808889850693535_2295_720_2315_720_1511129114979008.png,2,0,2,0,0,2,0.0,0.0,3.0,640,640,26,5
waymo,retinanet,2105808889850693535_2295_720_2315_720_1511129115479150,data\processed\milestone_3\images\waymo\external\2105808889850693535_2295_720_2315_720_1511129115479150.png,2,0,2,0,0,2,0.0,0.0,3.0,640,640,25,5
waymo,retinanet,2105808889850693535_2295_720_2315_720_1511129115979075,data\processed\milestone_3\images\waymo\external\2105808889850693535_2295_720_2315_720_1511129115979075.png,2,0,2,0,0,2,0.0,0.0,3.0,640,640,22,8
waymo,retinanet,2105808889850693535_2295_720_2315_720_1511129116479000,data\processed\milestone_3\images\waymo\external\2105808889850693535_2295_720_2315_720_1511129116479000.png,2,0,2,0,0,2,0.0,0.0,3.0,640,640,18,7
waymo,retinanet,2105808889850693535_2295_720_2315_720_1511129116978989,data\processed\milestone_3\images\waymo\external\2105808889850693535_2295_720_2315_720_1511129116978989.png,2,0,2,0,0,2,0.0,0.0,3.0,640,640,17,6
waymo,retinanet,2105808889850693535_2295_720_2315_720_1511129117479025,data\processed\milestone_3\images\waymo\external\2105808889850693535_2295_720_2315_720_1511129117479025.png,2,0,2,0,0,2,0.0,0.0,3.0,640,640,16,6
waymo,retinanet,2105808889850693535_2295_720_2315_720_1511129117979206,data\processed\milestone_3\images\waymo\external\2105808889850693535_2295_720_2315_720_1511129117979206.png,2,0,2,0,0,2,0.0,0.0,3.0,640,640,12,3
waymo,retinanet,2105808889850693535_2295_720_2315_720_1511129118479307,data\processed\milestone_3\images\waymo\external\2105808889850693535_2295_720_2315_720_1511129118479307.png,2,0,2,0,0,2,0.0,0.0,3.0,640,640,13,2
waymo,retinanet,2105808889850693535_2295_720_2315_720_1511129118979456,data\processed\milestone_3\images\waymo\external\2105808889850693535_2295_720_2315_720_1511129118979456.png,2,0,2,0,0,2,0.0,0.0,3.0,640,640,12,2
waymo,retinanet,2105808889850693535_2295_720_2315_720_1511129119479755,data\processed\milestone_3\images\waymo\external\2105808889850693535_2295_720_2315_720_1511129119479755.png,2,0,2,0,0,2,0.0,0.0,3.0,640,640,11,5
waymo,retinanet,2105808889850693535_2295_720_2315_720_1511129119979452,data\processed\milestone_3\images\waymo\external\2105808889850693535_2295_720_2315_720_1511129119979452.png,2,0,2,0,0,2,0.0,0.0,3.0,640,640,12,6
waymo,retinanet,2105808889850693535_2295_720_2315_720_1511129120478938,data\processed\milestone_3\images\waymo\external\2105808889850693535_2295_720_2315_720_1511129120478938.png,2,0,2,0,0,2,0.0,0.0,3.0,640,640,13,4
waymo,retinanet,2105808889850693535_2295_720_2315_720_1511129120978713,data\processed\milestone_3\images\waymo\external\2105808889850693535_2295_720_2315_720_1511129120978713.png,2,0,2,0,0,2,0.0,0.0,3.0,640,640,12,1
waymo,retinanet,2105808889850693535_2295_720_2315_720_1511129121478755,data\processed\milestone_3\images\waymo\external\2105808889850693535_2295_720_2315_720_1511129121478755.png,2,0,2,0,0,2,0.0,0.0,3.0,640,640,12,1
waymo,retinanet,2105808889850693535_2295_720_2315_720_1511129121978849,data\processed\milestone_3\images\waymo\external\2105808889850693535_2295_720_2315_720_1511129121978849.png,2,0,2,0,0,2,0.0,0.0,3.0,640,640,12,1
waymo,retinanet,2105808889850693535_2295_720_2315_720_1511129122478878,data\processed\milestone_3\images\waymo\external\2105808889850693535_2295_720_2315_720_1511129122478878.png,2,0,2,0,0,2,0.413196,0.0,3.0,640,640,12,2
waymo,retinanet,2105808889850693535_2295_720_2315_720_1511129122978903,data\processed\milestone_3\images\waymo\external\2105808889850693535_2295_720_2315_720_1511129122978903.png,2,0,2,0,0,2,0.0,0.836546,3.0,640,640,12,2
waymo,retinanet,2105808889850693535_2295_720_2315_720_1511129124478679,data\processed\milestone_3\images\waymo\external\2105808889850693535_2295_720_2315_720_1511129124478679.png,2,0,2,0,0,2,0.390488,0.0,3.0,640,640,9,2
waymo,retinanet,4409585400955983988_3500_470_3520_470_1507165533993794,data\processed\milestone_3\images\waymo\external\4409585400955983988_3500_470_3520_470_1507165533993794.png,2,0,2,0,0,2,0.0,0.0,3.0,640,640,4,1
waymo,retinanet,4409585400955983988_3500_470_3520_470_1507165534497677,data\processed\milestone_3\images\waymo\external\4409585400955983988_3500_470_3520_470_1507165534497677.png,2,0,2,0,0,2,0.0,0.0,3.0,640,640,5,2
waymo,retinanet,4690718861228194910_1980_000_2000_000_1552693971749291,data\processed\milestone_3\images\waymo\external\4690718861228194910_1980_000_2000_000_1552693971749291.png,2,0,2,0,0,2,0.065275,0.0,3.0,640,640,6,6
waymo,retinanet,4690718861228194910_1980_000_2000_000_1552693972249331,data\processed\milestone_3\images\waymo\external\4690718861228194910_1980_000_2000_000_1552693972249331.png,2,0,2,0,0,2,0.0,0.004527,3.0,640,640,32,11
waymo,retinanet,4690718861228194910_1980_000_2000_000_1552693972749396,data\processed\milestone_3\images\waymo\external\4690718861228194910_1980_000_2000_000_1552693972749396.png,2,0,2,0,0,2,0.187768,0.03809,3.0,640,640,40,16
waymo,retinanet,4690718861228194910_1980_000_2000_000_1552693973249349,data\processed\milestone_3\images\waymo\external\4690718861228194910_1980_000_2000_000_1552693973249349.png,2,0,2,0,0,2,0.0,0.0,3.0,640,640,40,14
waymo,retinanet,4690718861228194910_1980_000_2000_000_1552693976249498,data\processed\milestone_3\images\waymo\external\4690718861228194910_1980_000_2000_000_1552693976249498.png,2,0,2,0,0,2,0.028441,0.0,3.0,640,640,38,13
waymo,retinanet,6324079979569135086_2372_300_2392_300_1506988301257952,data\processed\milestone_3\images\waymo\external\6324079979569135086_2372_300_2392_300_1506988301257952.png,2,0,2,0,0,2,0.0,0.0,3.0,640,640,27,18
waymo,retinanet,6324079979569135086_2372_300_2392_300_1506988309258013,data\processed\milestone_3\images\waymo\external\6324079979569135086_2372_300_2392_300_1506988309258013.png,2,0,2,0,0,2,0.0,0.605612,3.0,640,640,24,14
waymo,retinanet,9041488218266405018_6454_030_6474_030_1508979401222393,data\processed\milestone_3\images\waymo\external\9041488218266405018_6454_030_6474_030_1508979401222393.png,2,0,2,0,0,2,0.0,0.0,3.0,640,640,15,3
waymo,retinanet,9041488218266405018_6454_030_6474_030_1508979401721541,data\processed\milestone_3\images\waymo\external\9041488218266405018_6454_030_6474_030_1508979401721541.png,2,0,2,0,0,2,0.0,0.0,3.0,640,640,16,3
waymo,retinanet,9041488218266405018_6454_030_6474_030_1508979402320684,data\processed\milestone_3\images\waymo\external\9041488218266405018_6454_030_6474_030_1508979402320684.png,2,0,2,0,0,2,0.0,0.0,3.0,640,640,15,3
waymo,retinanet,9041488218266405018_6454_030_6474_030_1508979402820107,data\processed\milestone_3\images\waymo\external\9041488218266405018_6454_030_6474_030_1508979402820107.png,2,0,2,0,0,2,0.0,0.0,3.0,640,640,14,3
waymo,retinanet,9041488218266405018_6454_030_6474_030_1508979403319599,data\processed\milestone_3\images\waymo\external\9041488218266405018_6454_030_6474_030_1508979403319599.png,2,0,2,0,0,2,0.0,0.0,3.0,640,640,10,3
waymo,retinanet,9041488218266405018_6454_030_6474_030_1508979403819100,data\processed\milestone_3\images\waymo\external\9041488218266405018_6454_030_6474_030_1508979403819100.png,2,0,2,0,0,2,0.0,0.0,3.0,640,640,9,2
waymo,retinanet,9041488218266405018_6454_030_6474_030_1508979404318837,data\processed\milestone_3\images\waymo\external\9041488218266405018_6454_030_6474_030_1508979404318837.png,2,0,2,0,0,2,0.0,0.0,3.0,640,640,9,3
waymo,retinanet,9041488218266405018_6454_030_6474_030_1508979404818573,data\processed\milestone_3\images\waymo\external\9041488218266405018_6454_030_6474_030_1508979404818573.png,2,0,2,0,0,2,0.0,0.0,3.0,640,640,8,4
waymo,retinanet,933621182106051783_4160_000_4180_000_1543516676272426,data\processed\milestone_3\images\waymo\external\933621182106051783_4160_000_4180_000_1543516676272426.png,2,0,2,0,0,2,0.0,0.0,3.0,640,640,39,11
waymo,retinanet,933621182106051783_4160_000_4180_000_1543516676772403,data\processed\milestone_3\images\waymo\external\933621182106051783_4160_000_4180_000_1543516676772403.png,2,0,2,0,0,2,0.0,0.0,3.0,640,640,37,9
waymo,retinanet,933621182106051783_4160_000_4180_000_1543516678272423,data\processed\milestone_3\images\waymo\external\933621182106051783_4160_000_4180_000_1543516678272423.png,2,0,2,0,0,2,0.0,0.0,3.0,640,640,31,10
waymo,retinanet,933621182106051783_4160_000_4180_000_1543516679772740,data\processed\milestone_3\images\waymo\external\933621182106051783_4160_000_4180_000_1543516679772740.png,2,0,2,0,0,2,0.0,0.0,3.0,640,640,20,7
waymo,retinanet,933621182106051783_4160_000_4180_000_1543516680272804,data\processed\milestone_3\images\waymo\external\933621182106051783_4160_000_4180_000_1543516680272804.png,2,0,2,0,0,2,0.0,0.0,3.0,640,640,25,11
waymo,retinanet,933621182106051783_4160_000_4180_000_1543516680772741,data\processed\milestone_3\images\waymo\external\933621182106051783_4160_000_4180_000_1543516680772741.png,2,0,2,0,0,2,0.0,0.055982,3.0,640,640,23,6
waymo,retinanet,933621182106051783_4160_000_4180_000_1543516681272611,data\processed\milestone_3\images\waymo\external\933621182106051783_4160_000_4180_000_1543516681272611.png,2,0,2,0,0,2,0.0,0.0,3.0,640,640,13,7
waymo,retinanet,933621182106051783_4160_000_4180_000_1543516681772503,data\processed\milestone_3\images\waymo\external\933621182106051783_4160_000_4180_000_1543516681772503.png,2,0,2,0,0,2,0.0,0.0,3.0,640,640,23,5
waymo,retinanet,933621182106051783_4160_000_4180_000_1543516682772615,data\processed\milestone_3\images\waymo\external\933621182106051783_4160_000_4180_000_1543516682772615.png,2,0,2,0,0,2,0.0,0.0,3.0,640,640,31,7
waymo,retinanet,933621182106051783_4160_000_4180_000_1543516683772644,data\processed\milestone_3\images\waymo\external\933621182106051783_4160_000_4180_000_1543516683772644.png,2,0,2,0,0,2,0.0,0.0,3.0,640,640,31,6
waymo,retinanet,933621182106051783_4160_000_4180_000_1543516684272735,data\processed\milestone_3\images\waymo\external\933621182106051783_4160_000_4180_000_1543516684272735.png,2,0,2,0,0,2,0.458374,0.0,3.0,640,640,29,6
waymo,retinanet,933621182106051783_4160_000_4180_000_1543516685272552,data\processed\milestone_3\images\waymo\external\933621182106051783_4160_000_4180_000_1543516685272552.png,2,0,2,0,0,2,0.0,0.0,3.0,640,640,31,5
waymo,retinanet,933621182106051783_4160_000_4180_000_1543516685772579,data\processed\milestone_3\images\waymo\external\933621182106051783_4160_000_4180_000_1543516685772579.png,2,0,2,0,0,2,0.0,0.0,3.0,640,640,32,5
waymo,retinanet,933621182106051783_4160_000_4180_000_1543516686272690,data\processed\milestone_3\images\waymo\external\933621182106051783_4160_000_4180_000_1543516686272690.png,2,0,2,0,0,2,0.0,0.0,3.0,640,640,29,6
waymo,retinanet,933621182106051783_4160_000_4180_000_1543516687272709,data\processed\milestone_3\images\waymo\external\933621182106051783_4160_000_4180_000_1543516687272709.png,2,0,2,0,0,2,0.0,0.0,3.0,640,640,31,5
waymo,retinanet,933621182106051783_4160_000_4180_000_1543516687772629,data\processed\milestone_3\images\waymo\external\933621182106051783_4160_000_4180_000_1543516687772629.png,2,0,2,0,0,2,0.0,0.0,3.0,640,640,30,7
waymo,retinanet,933621182106051783_4160_000_4180_000_1543516688272598,data\processed\milestone_3\images\waymo\external\933621182106051783_4160_000_4180_000_1543516688272598.png,2,0,2,0,0,2,0.0,0.0,3.0,640,640,30,7
kitti,faster_rcnn,000201,data\processed\milestone_3\images\kitti\val\000201.png,2,0,2,0,0,2,0.140261,0.101413,3.0,640,640,12,45
kitti,faster_rcnn,005988,data\processed\milestone_3\images\kitti\val\005988.png,2,0,2,0,0,2,0.343751,0.462396,3.0,640,640,17,71
kitti,faster_rcnn,006424,data\processed\milestone_3\images\kitti\val\006424.png,2,0,2,0,0,2,0.344629,0.355508,3.0,640,640,12,56
kitti,faster_rcnn,006744,data\processed\milestone_3\images\kitti\val\006744.png,2,0,2,0,0,2,0.484785,0.643327,3.0,640,640,4,31
waymo,faster_rcnn,10335539493577748957_1372_870_1392_870_1508811445344959,data\processed\milestone_3\images\waymo\external\10335539493577748957_1372_870_1392_870_1508811445344959.png,2,0,2,0,0,2,0.0,9.8e-05,3.0,640,640,8,2
waymo,faster_rcnn,10335539493577748957_1372_870_1392_870_1508811445844951,data\processed\milestone_3\images\waymo\external\10335539493577748957_1372_870_1392_870_1508811445844951.png,2,0,2,0,0,2,0.0,9e-05,3.0,640,640,8,4
waymo,faster_rcnn,10335539493577748957_1372_870_1392_870_1508811446345017,data\processed\milestone_3\images\waymo\external\10335539493577748957_1372_870_1392_870_1508811446345017.png,2,0,2,0,0,2,0.0,0.000127,3.0,640,640,9,5
waymo,faster_rcnn,10335539493577748957_1372_870_1392_870_1508811446844951,data\processed\milestone_3\images\waymo\external\10335539493577748957_1372_870_1392_870_1508811446844951.png,2,0,2,0,0,2,0.0,0.000131,3.0,640,640,9,5
waymo,faster_rcnn,10335539493577748957_1372_870_1392_870_1508811447344942,data\processed\milestone_3\images\waymo\external\10335539493577748957_1372_870_1392_870_1508811447344942.png,2,0,2,0,0,2,0.0,0.000255,3.0,640,640,9,6
waymo,faster_rcnn,10335539493577748957_1372_870_1392_870_1508811447844906,data\processed\milestone_3\images\waymo\external\10335539493577748957_1372_870_1392_870_1508811447844906.png,2,0,2,0,0,2,0.0,0.000366,3.0,640,640,10,7
waymo,faster_rcnn,10335539493577748957_1372_870_1392_870_1508811448344911,data\processed\milestone_3\images\waymo\external\10335539493577748957_1372_870_1392_870_1508811448344911.png,2,0,2,0,0,2,0.0,0.000188,3.0,640,640,10,3
waymo,faster_rcnn,10335539493577748957_1372_870_1392_870_1508811448844825,data\processed\milestone_3\images\waymo\external\10335539493577748957_1372_870_1392_870_1508811448844825.png,2,0,2,0,0,2,0.0,0.000194,3.0,640,640,10,5
waymo,faster_rcnn,10335539493577748957_1372_870_1392_870_1508811449344893,data\processed\milestone_3\images\waymo\external\10335539493577748957_1372_870_1392_870_1508811449344893.png,2,0,2,0,0,2,0.0,0.000234,3.0,640,640,11,6
waymo,faster_rcnn,10335539493577748957_1372_870_1392_870_1508811449844972,data\processed\milestone_3\images\waymo\external\10335539493577748957_1372_870_1392_870_1508811449844972.png,2,0,2,0,0,2,0.0,0.000493,3.0,640,640,12,3
waymo,faster_rcnn,10335539493577748957_1372_870_1392_870_1508811450345063,data\processed\milestone_3\images\waymo\external\10335539493577748957_1372_870_1392_870_1508811450345063.png,2,0,2,0,0,2,0.0,0.000304,3.0,640,640,12,2
waymo,faster_rcnn,10335539493577748957_1372_870_1392_870_1508811450845190,data\processed\milestone_3\images\waymo\external\10335539493577748957_1372_870_1392_870_1508811450845190.png,2,0,2,0,0,2,0.0,0.000307,3.0,640,640,12,8
waymo,faster_rcnn,11660186733224028707_420_000_440_000_1541042920372242,data\processed\milestone_3\images\waymo\external\11660186733224028707_420_000_440_000_1541042920372242.png,2,0,2,0,0,2,0.0,0.00114,3.0,640,640,16,2
waymo,faster_rcnn,11660186733224028707_420_000_440_000_1541042920872363,data\processed\milestone_3\images\waymo\external\11660186733224028707_420_000_440_000_1541042920872363.png,2,0,2,0,0,2,0.0,0.001187,3.0,640,640,17,3
waymo,faster_rcnn,11660186733224028707_420_000_440_000_1541042921372457,data\processed\milestone_3\images\waymo\external\11660186733224028707_420_000_440_000_1541042921372457.png,2,0,2,0,0,2,0.0,0.0,3.0,640,640,18,2
waymo,faster_rcnn,11660186733224028707_420_000_440_000_1541042921872459,data\processed\milestone_3\images\waymo\external\11660186733224028707_420_000_440_000_1541042921872459.png,2,0,2,0,0,2,0.0,0.001429,3.0,640,640,18,2
waymo,faster_rcnn,11660186733224028707_420_000_440_000_1541042924372453,data\processed\milestone_3\images\waymo\external\11660186733224028707_420_000_440_000_1541042924372453.png,2,0,2,0,0,2,0.0,0.001509,3.0,640,640,18,4
waymo,faster_rcnn,11660186733224028707_420_000_440_000_1541042926872276,data\processed\milestone_3\images\waymo\external\11660186733224028707_420_000_440_000_1541042926872276.png,2,0,2,0,0,2,0.0,0.001911,3.0,640,640,13,3
waymo,faster_rcnn,12657584952502228282_3940_000_3960_000_1549937205899042,data\processed\milestone_3\images\waymo\external\12657584952502228282_3940_000_3960_000_1549937205899042.png,2,0,2,0,0,2,0.007089,0.0,3.0,640,640,41,11
waymo,faster_rcnn,12657584952502228282_3940_000_3960_000_1549937206898986,data\processed\milestone_3\images\waymo\external\12657584952502228282_3940_000_3960_000_1549937206898986.png,2,0,2,0,0,2,0.034167,0.011858,3.0,640,640,41,17
waymo,faster_rcnn,12657584952502228282_3940_000_3960_000_1549937207399013,data\processed\milestone_3\images\waymo\external\12657584952502228282_3940_000_3960_000_1549937207399013.png,2,0,2,0,0,2,0.0,0.000572,3.0,640,640,41,16
waymo,faster_rcnn,12657584952502228282_3940_000_3960_000_1549937207898989,data\processed\milestone_3\images\waymo\external\12657584952502228282_3940_000_3960_000_1549937207898989.png,2,0,2,0,0,2,0.0,0.038985,3.0,640,640,40,22
waymo,faster_rcnn,12657584952502228282_3940_000_3960_000_1549937208399015,data\processed\milestone_3\images\waymo\external\12657584952502228282_3940_000_3960_000_1549937208399015.png,2,0,2,0,0,2,0.11242,0.022897,3.0,640,640,38,17
waymo,faster_rcnn,12657584952502228282_3940_000_3960_000_1549937208899013,data\processed\milestone_3\images\waymo\external\12657584952502228282_3940_000_3960_000_1549937208899013.png,2,0,2,0,0,2,0.0,0.015202,3.0,640,640,39,12
waymo,faster_rcnn,12657584952502228282_3940_000_3960_000_1549937209398838,data\processed\milestone_3\images\waymo\external\12657584952502228282_3940_000_3960_000_1549937209398838.png,2,0,2,0,0,2,0.040976,0.040035,3.0,640,640,41,15
waymo,faster_rcnn,12657584952502228282_3940_000_3960_000_1549937210898587,data\processed\milestone_3\images\waymo\external\12657584952502228282_3940_000_3960_000_1549937210898587.png,2,0,2,0,0,2,0.0,0.022063,3.0,640,640,38,9
waymo,faster_rcnn,12657584952502228282_3940_000_3960_000_1549937211898457,data\processed\milestone_3\images\waymo\external\12657584952502228282_3940_000_3960_000_1549937211898457.png,2,0,2,0,0,2,0.0,0.0,3.0,640,640,34,9
waymo,faster_rcnn,12657584952502228282_3940_000_3960_000_1549937212898542,data\processed\milestone_3\images\waymo\external\12657584952502228282_3940_000_3960_000_1549937212898542.png,2,0,2,0,0,2,0.000308,0.000449,3.0,640,640,36,15
waymo,faster_rcnn,12657584952502228282_3940_000_3960_000_1549937219898991,data\processed\milestone_3\images\waymo\external\12657584952502228282_3940_000_3960_000_1549937219898991.png,2,0,2,0,0,2,0.0,0.023423,3.0,640,640,27,11
waymo,faster_rcnn,12657584952502228282_3940_000_3960_000_1549937220398802,data\processed\milestone_3\images\waymo\external\12657584952502228282_3940_000_3960_000_1549937220398802.png,2,0,2,0,0,2,0.0,0.031764,3.0,640,640,26,12
waymo,faster_rcnn,12657584952502228282_3940_000_3960_000_1549937220898674,data\processed\milestone_3\images\waymo\external\12657584952502228282_3940_000_3960_000_1549937220898674.png,2,0,2,0,0,2,0.0,0.0,3.0,640,640,26,10
waymo,faster_rcnn,12657584952502228282_3940_000_3960_000_1549937221398660,data\processed\milestone_3\images\waymo\external\12657584952502228282_3940_000_3960_000_1549937221398660.png,2,0,2,0,0,2,0.0,0.0,3.0,640,640,25,16
waymo,faster_rcnn,12657584952502228282_3940_000_3960_000_1549937221898992,data\processed\milestone_3\images\waymo\external\12657584952502228282_3940_000_3960_000_1549937221898992.png,2,0,2,0,0,2,0.0,0.0,3.0,640,640,24,10
waymo,faster_rcnn,13356997604177841771_3360_000_3380_000_1557267392087628,data\processed\milestone_3\images\waymo\external\13356997604177841771_3360_000_3380_000_1557267392087628.png,2,0,2,0,0,2,0.23302,0.001463,3.0,640,640,35,21
waymo,faster_rcnn,14107757919671295130_3546_370_3566_370_1511668659259378,data\processed\milestone_3\images\waymo\external\14107757919671295130_3546_370_3566_370_1511668659259378.png,2,0,2,0,0,2,0.0,0.0,3.0,640,640,17,0
waymo,faster_rcnn,14107757919671295130_3546_370_3566_370_1511668659759443,data\processed\milestone_3\images\waymo\external\14107757919671295130_3546_370_3566_370_1511668659759443.png,2,0,2,0,0,2,0.0,0.0,3.0,640,640,19,12
waymo,faster_rcnn,14107757919671295130_3546_370_3566_370_1511668660859805,data\processed\milestone_3\images\waymo\external\14107757919671295130_3546_370_3566_370_1511668660859805.png,2,0,2,0,0,2,0.0,0.0,3.0,640,640,18,3
waymo,faster_rcnn,14107757919671295130_3546_370_3566_370_1511668661359830,data\processed\milestone_3\images\waymo\external\14107757919671295130_3546_370_3566_370_1511668661359830.png,2,0,2,0,0,2,0.0,0.0,3.0,640,640,17,6
waymo,faster_rcnn,14107757919671295130_3546_370_3566_370_1511668661859935,data\processed\milestone_3\images\waymo\external\14107757919671295130_3546_370_3566_370_1511668661859935.png,2,0,2,0,0,2,0.0,0.0,3.0,640,640,19,0
waymo,faster_rcnn,14107757919671295130_3546_370_3566_370_1511668662360090,data\processed\milestone_3\images\waymo\external\14107757919671295130_3546_370_3566_370_1511668662360090.png,2,0,2,0,0,2,0.0,0.0,3.0,640,640,20,12
waymo,faster_rcnn,14300007604205869133_1160_000_1180_000_1544753136773763,data\processed\milestone_3\images\waymo\external\14300007604205869133_1160_000_1180_000_1544753136773763.png,2,0,2,0,0,2,0.0,0.0,3.0,640,640,30,12
waymo,faster_rcnn,2105808889850693535_2295_720_2315_720_1511129113479025,data\processed\milestone_3\images\waymo\external\2105808889850693535_2295_720_2315_720_1511129113479025.png,2,0,2,0,0,2,0.0,0.033021,3.0,640,640,24,6
waymo,faster_rcnn,2105808889850693535_2295_720_2315_720_1511129113978982,data\processed\milestone_3\images\waymo\external\2105808889850693535_2295_720_2315_720_1511129113978982.png,2,0,2,0,0,2,0.0,0.058833,3.0,640,640,25,6
waymo,faster_rcnn,2105808889850693535_2295_720_2315_720_1511129114479027,data\processed\milestone_3\images\waymo\external\2105808889850693535_2295_720_2315_720_1511129114479027.png,2,0,2,0,0,2,0.0,0.000406,3.0,640,640,27,6
waymo,faster_rcnn,2105808889850693535_2295_720_2315_720_1511129114979008,data\processed\milestone_3\images\waymo\external\2105808889850693535_2295_720_2315_720_1511129114979008.png,2,0,2,0,0,2,0.0,0.0,3.0,640,640,26,6
waymo,faster_rcnn,2105808889850693535_2295_720_2315_720_1511129115479150,data\processed\milestone_3\images\waymo\external\2105808889850693535_2295_720_2315_720_1511129115479150.png,2,0,2,0,0,2,0.0,0.0,3.0,640,640,25,10
waymo,faster_rcnn,2105808889850693535_2295_720_2315_720_1511129115979075,data\processed\milestone_3\images\waymo\external\2105808889850693535_2295_720_2315_720_1511129115979075.png,2,0,2,0,0,2,0.0,0.0,3.0,640,640,22,8
waymo,faster_rcnn,2105808889850693535_2295_720_2315_720_1511129116479000,data\processed\milestone_3\images\waymo\external\2105808889850693535_2295_720_2315_720_1511129116479000.png,2,0,2,0,0,2,0.0,0.0,3.0,640,640,18,8
waymo,faster_rcnn,2105808889850693535_2295_720_2315_720_1511129116978989,data\processed\milestone_3\images\waymo\external\2105808889850693535_2295_720_2315_720_1511129116978989.png,2,0,2,0,0,2,0.0,0.0,3.0,640,640,17,5
waymo,faster_rcnn,2105808889850693535_2295_720_2315_720_1511129117479025,data\processed\milestone_3\images\waymo\external\2105808889850693535_2295_720_2315_720_1511129117479025.png,2,0,2,0,0,2,0.0,0.0,3.0,640,640,16,8
waymo,faster_rcnn,2105808889850693535_2295_720_2315_720_1511129117979206,data\processed\milestone_3\images\waymo\external\2105808889850693535_2295_720_2315_720_1511129117979206.png,2,0,2,0,0,2,0.0,0.0,3.0,640,640,12,7
waymo,faster_rcnn,2105808889850693535_2295_720_2315_720_1511129118479307,data\processed\milestone_3\images\waymo\external\2105808889850693535_2295_720_2315_720_1511129118479307.png,2,0,2,0,0,2,0.0,0.0,3.0,640,640,13,5
waymo,faster_rcnn,2105808889850693535_2295_720_2315_720_1511129118979456,data\processed\milestone_3\images\waymo\external\2105808889850693535_2295_720_2315_720_1511129118979456.png,2,0,2,0,0,2,0.0,0.0,3.0,640,640,12,3
waymo,faster_rcnn,2105808889850693535_2295_720_2315_720_1511129119479755,data\processed\milestone_3\images\waymo\external\2105808889850693535_2295_720_2315_720_1511129119479755.png,2,0,2,0,0,2,0.0,0.0,3.0,640,640,11,3
waymo,faster_rcnn,2105808889850693535_2295_720_2315_720_1511129119979452,data\processed\milestone_3\images\waymo\external\2105808889850693535_2295_720_2315_720_1511129119979452.png,2,0,2,0,0,2,0.0,0.0,3.0,640,640,12,5
waymo,faster_rcnn,2105808889850693535_2295_720_2315_720_1511129120478938,data\processed\milestone_3\images\waymo\external\2105808889850693535_2295_720_2315_720_1511129120478938.png,2,0,2,0,0,2,0.0,0.0,3.0,640,640,13,13
waymo,faster_rcnn,2105808889850693535_2295_720_2315_720_1511129120978713,data\processed\milestone_3\images\waymo\external\2105808889850693535_2295_720_2315_720_1511129120978713.png,2,0,2,0,0,2,0.0,0.0,3.0,640,640,12,6
waymo,faster_rcnn,2105808889850693535_2295_720_2315_720_1511129121478755,data\processed\milestone_3\images\waymo\external\2105808889850693535_2295_720_2315_720_1511129121478755.png,2,0,2,0,0,2,0.0,0.0,3.0,640,640,12,5
waymo,faster_rcnn,2105808889850693535_2295_720_2315_720_1511129121978849,data\processed\milestone_3\images\waymo\external\2105808889850693535_2295_720_2315_720_1511129121978849.png,2,0,2,0,0,2,0.0,0.535182,3.0,640,640,12,6
waymo,faster_rcnn,2105808889850693535_2295_720_2315_720_1511129122478878,data\processed\milestone_3\images\waymo\external\2105808889850693535_2295_720_2315_720_1511129122478878.png,2,0,2,0,0,2,0.0,0.645113,3.0,640,640,12,7
waymo,faster_rcnn,2105808889850693535_2295_720_2315_720_1511129124478679,data\processed\milestone_3\images\waymo\external\2105808889850693535_2295_720_2315_720_1511129124478679.png,2,0,2,0,0,2,0.430191,0.338225,3.0,640,640,9,5
waymo,faster_rcnn,4409585400955983988_3500_470_3520_470_1507165533993794,data\processed\milestone_3\images\waymo\external\4409585400955983988_3500_470_3520_470_1507165533993794.png,2,0,2,0,0,2,0.0,0.0,3.0,640,640,4,2
waymo,faster_rcnn,4409585400955983988_3500_470_3520_470_1507165534497677,data\processed\milestone_3\images\waymo\external\4409585400955983988_3500_470_3520_470_1507165534497677.png,2,0,2,0,0,2,0.0,0.0,3.0,640,640,5,3
waymo,faster_rcnn,4690718861228194910_1980_000_2000_000_1552693971749291,data\processed\milestone_3\images\waymo\external\4690718861228194910_1980_000_2000_000_1552693971749291.png,2,0,2,0,0,2,0.399376,0.124584,3.0,640,640,6,9
waymo,faster_rcnn,4690718861228194910_1980_000_2000_000_1552693972249331,data\processed\milestone_3\images\waymo\external\4690718861228194910_1980_000_2000_000_1552693972249331.png,2,0,2,0,0,2,0.326802,0.0,3.0,640,640,32,10
waymo,faster_rcnn,4690718861228194910_1980_000_2000_000_1552693972749396,data\processed\milestone_3\images\waymo\external\4690718861228194910_1980_000_2000_000_1552693972749396.png,2,0,2,0,0,2,0.278914,0.0,3.0,640,640,40,16
waymo,faster_rcnn,4690718861228194910_1980_000_2000_000_1552693973249349,data\processed\milestone_3\images\waymo\external\4690718861228194910_1980_000_2000_000_1552693973249349.png,2,0,2,0,0,2,0.190034,0.0,3.0,640,640,40,12
waymo,faster_rcnn,4690718861228194910_1980_000_2000_000_1552693974249248,data\processed\milestone_3\images\waymo\external\4690718861228194910_1980_000_2000_000_1552693974249248.png,2,0,2,0,0,2,0.0,0.0,3.0,640,640,40,15
waymo,faster_rcnn,6324079979569135086_2372_300_2392_300_1506988296759323,data\processed\milestone_3\images\waymo\external\6324079979569135086_2372_300_2392_300_1506988296759323.png,2,0,2,0,0,2,0.0,0.0,3.0,640,640,33,19
waymo,faster_rcnn,6324079979569135086_2372_300_2392_300_1506988301257952,data\processed\milestone_3\images\waymo\external\6324079979569135086_2372_300_2392_300_1506988301257952.png,2,0,2,0,0,2,0.0,0.0,3.0,640,640,27,24
waymo,faster_rcnn,6324079979569135086_2372_300_2392_300_1506988302258459,data\processed\milestone_3\images\waymo\external\6324079979569135086_2372_300_2392_300_1506988302258459.png,2,0,2,0,0,2,0.0,0.395023,3.0,640,640,26,23
waymo,faster_rcnn,6324079979569135086_2372_300_2392_300_1506988302758714,data\processed\milestone_3\images\waymo\external\6324079979569135086_2372_300_2392_300_1506988302758714.png,2,0,2,0,0,2,0.0,0.0,3.0,640,640,26,16
waymo,faster_rcnn,6324079979569135086_2372_300_2392_300_1506988305258871,data\processed\milestone_3\images\waymo\external\6324079979569135086_2372_300_2392_300_1506988305258871.png,2,0,2,0,0,2,0.0,0.118805,3.0,640,640,27,14
waymo,faster_rcnn,6324079979569135086_2372_300_2392_300_1506988309258013,data\processed\milestone_3\images\waymo\external\6324079979569135086_2372_300_2392_300_1506988309258013.png,2,0,2,0,0,2,0.396357,0.465478,3.0,640,640,24,11
waymo,faster_rcnn,9041488218266405018_6454_030_6474_030_1508979397226001,data\processed\milestone_3\images\waymo\external\9041488218266405018_6454_030_6474_030_1508979397226001.png,2,0,2,0,0,2,0.0,0.0,3.0,640,640,13,7
waymo,faster_rcnn,9041488218266405018_6454_030_6474_030_1508979401222393,data\processed\milestone_3\images\waymo\external\9041488218266405018_6454_030_6474_030_1508979401222393.png,2,0,2,0,0,2,0.0,0.0,3.0,640,640,15,4
waymo,faster_rcnn,9041488218266405018_6454_030_6474_030_1508979401721541,data\processed\milestone_3\images\waymo\external\9041488218266405018_6454_030_6474_030_1508979401721541.png,2,0,2,0,0,2,0.0,0.0,3.0,640,640,16,7
waymo,faster_rcnn,9041488218266405018_6454_030_6474_030_1508979402320684,data\processed\milestone_3\images\waymo\external\9041488218266405018_6454_030_6474_030_1508979402320684.png,2,0,2,0,0,2,0.0,0.000432,3.0,640,640,15,9
waymo,faster_rcnn,9041488218266405018_6454_030_6474_030_1508979402820107,data\processed\milestone_3\images\waymo\external\9041488218266405018_6454_030_6474_030_1508979402820107.png,2,0,2,0,0,2,0.0,0.0,3.0,640,640,14,3
waymo,faster_rcnn,9041488218266405018_6454_030_6474_030_1508979403319599,data\processed\milestone_3\images\waymo\external\9041488218266405018_6454_030_6474_030_1508979403319599.png,2,0,2,0,0,2,0.0,0.0,3.0,640,640,10,13
waymo,faster_rcnn,9041488218266405018_6454_030_6474_030_1508979403819100,data\processed\milestone_3\images\waymo\external\9041488218266405018_6454_030_6474_030_1508979403819100.png,2,0,2,0,0,2,0.0,0.000818,3.0,640,640,9,6
waymo,faster_rcnn,9041488218266405018_6454_030_6474_030_1508979404318837,data\processed\milestone_3\images\waymo\external\9041488218266405018_6454_030_6474_030_1508979404318837.png,2,0,2,0,0,2,0.0,0.0,3.0,640,640,9,7
waymo,faster_rcnn,9041488218266405018_6454_030_6474_030_1508979404818573,data\processed\milestone_3\images\waymo\external\9041488218266405018_6454_030_6474_030_1508979404818573.png,2,0,2,0,0,2,0.0,0.001334,3.0,640,640,8,4
waymo,faster_rcnn,933621182106051783_4160_000_4180_000_1543516679772740,data\processed\milestone_3\images\waymo\external\933621182106051783_4160_000_4180_000_1543516679772740.png,2,0,2,0,0,2,0.0,0.002892,3.0,640,640,20,14
waymo,faster_rcnn,933621182106051783_4160_000_4180_000_1543516680272804,data\processed\milestone_3\images\waymo\external\933621182106051783_4160_000_4180_000_1543516680272804.png,2,0,2,0,0,2,0.0,0.0,3.0,640,640,25,9
waymo,faster_rcnn,933621182106051783_4160_000_4180_000_1543516680772741,data\processed\milestone_3\images\waymo\external\933621182106051783_4160_000_4180_000_1543516680772741.png,2,0,2,0,0,2,0.0,0.005164,3.0,640,640,23,8
waymo,faster_rcnn,933621182106051783_4160_000_4180_000_1543516681272611,data\processed\milestone_3\images\waymo\external\933621182106051783_4160_000_4180_000_1543516681272611.png,2,0,2,0,0,2,0.0,0.007113,3.0,640,640,13,10
waymo,faster_rcnn,933621182106051783_4160_000_4180_000_1543516681772503,data\processed\milestone_3\images\waymo\external\933621182106051783_4160_000_4180_000_1543516681772503.png,2,0,2,0,0,2,0.0,0.0,3.0,640,640,23,5
waymo,faster_rcnn,933621182106051783_4160_000_4180_000_1543516682772615,data\processed\milestone_3\images\waymo\external\933621182106051783_4160_000_4180_000_1543516682772615.png,2,0,2,0,0,2,0.0,0.0,3.0,640,640,31,15
waymo,faster_rcnn,933621182106051783_4160_000_4180_000_1543516683772644,data\processed\milestone_3\images\waymo\external\933621182106051783_4160_000_4180_000_1543516683772644.png,2,0,2,0,0,2,0.0,0.010048,3.0,640,640,31,16
waymo,faster_rcnn,933621182106051783_4160_000_4180_000_1543516684272735,data\processed\milestone_3\images\waymo\external\933621182106051783_4160_000_4180_000_1543516684272735.png,2,0,2,0,0,2,0.0,0.011416,3.0,640,640,29,12
waymo,faster_rcnn,933621182106051783_4160_000_4180_000_1543516684772668,data\processed\milestone_3\images\waymo\external\933621182106051783_4160_000_4180_000_1543516684772668.png,2,0,2,0,0,2,0.0,0.0,3.0,640,640,30,11
waymo,faster_rcnn,933621182106051783_4160_000_4180_000_1543516685272552,data\processed\milestone_3\images\waymo\external\933621182106051783_4160_000_4180_000_1543516685272552.png,2,0,2,0,0,2,0.0,0.013572,3.0,640,640,31,13
waymo,faster_rcnn,933621182106051783_4160_000_4180_000_1543516685772579,data\processed\milestone_3\images\waymo\external\933621182106051783_4160_000_4180_000_1543516685772579.png,2,0,2,0,0,2,0.0,0.0,3.0,640,640,32,8
waymo,faster_rcnn,933621182106051783_4160_000_4180_000_1543516686272690,data\processed\milestone_3\images\waymo\external\933621182106051783_4160_000_4180_000_1543516686272690.png,2,0,2,0,0,2,0.0,0.0,3.0,640,640,29,17
waymo,faster_rcnn,933621182106051783_4160_000_4180_000_1543516687272709,data\processed\milestone_3\images\waymo\external\933621182106051783_4160_000_4180_000_1543516687272709.png,2,0,2,0,0,2,0.0,0.0,3.0,640,640,31,10
waymo,faster_rcnn,933621182106051783_4160_000_4180_000_1543516687772629,data\processed\milestone_3\images\waymo\external\933621182106051783_4160_000_4180_000_1543516687772629.png,2,0,2,0,0,2,0.0,0.0,3.0,640,640,30,9
waymo,faster_rcnn,933621182106051783_4160_000_4180_000_1543516688272598,data\processed\milestone_3\images\waymo\external\933621182106051783_4160_000_4180_000_1543516688272598.png,2,0,2,0,0,2,0.0,0.0,3.0,640,640,30,11
waymo,rtdetr,14300007604205869133_1160_000_1180_000_1544753144773721,data\processed\milestone_3\images\waymo\external\14300007604205869133_1160_000_1180_000_1544753144773721.png,0,2,1,0,1,2,0.313349,0.298581,3.0,640,640,34,300
waymo,yolo,13356997604177841771_3360_000_3380_000_1557267393587645,data\processed\milestone_3\images\waymo\external\13356997604177841771_3360_000_3380_000_1557267393587645.png,1,1,1,1,0,2,0.465438,0.0,2.75,640,640,30,16
waymo,rtdetr,14300007604205869133_1160_000_1180_000_1544753141273685,data\processed\milestone_3\images\waymo\external\14300007604205869133_1160_000_1180_000_1544753141273685.png,1,1,1,1,0,2,0.302287,0.302287,2.75,640,640,32,300
kitti,retinanet,002110,data\processed\milestone_3\images\kitti\val\002110.png,1,1,1,1,0,2,0.402072,0.530029,2.75,640,640,10,204
kitti,faster_rcnn,005131,data\processed\milestone_3\images\kitti\val\005131.png,1,1,1,1,0,2,0.490761,0.51255,2.75,640,640,11,55
waymo,faster_rcnn,13356997604177841771_3360_000_3380_000_1557267392587594,data\processed\milestone_3\images\waymo\external\13356997604177841771_3360_000_3380_000_1557267392587594.png,1,1,1,1,0,2,0.025317,0.56943,2.75,640,640,36,26
waymo,faster_rcnn,13356997604177841771_3360_000_3380_000_1557267393087606,data\processed\milestone_3\images\waymo\external\13356997604177841771_3360_000_3380_000_1557267393087606.png,1,1,1,1,0,2,0.0,0.597418,2.75,640,640,33,20
kitti,retinanet,000383,data\processed\milestone_3\images\kitti\val\000383.png,2,0,1,1,0,2,0.49849,0.587999,2.5,640,640,12,294
kitti,retinanet,000727,data\processed\milestone_3\images\kitti\val\000727.png,2,0,1,1,0,2,0.441419,0.552734,2.5,640,640,8,300
kitti,retinanet,003683,data\processed\milestone_3\images\kitti\val\003683.png,2,0,1,1,0,2,0.477636,0.788881,2.5,640,640,13,300
kitti,retinanet,006728,data\processed\milestone_3\images\kitti\val\006728.png,2,0,1,1,0,2,0.49826,0.552823,2.5,640,640,10,300
kitti,faster_rcnn,000065,data\processed\milestone_3\images\kitti\val\000065.png,2,0,1,1,0,2,0.290342,0.122715,2.5,640,640,6,32
kitti,faster_rcnn,000336,data\processed\milestone_3\images\kitti\val\000336.png,2,0,1,1,0,2,0.464825,0.55089,2.5,640,640,13,62
kitti,faster_rcnn,000535,data\processed\milestone_3\images\kitti\val\000535.png,2,0,1,1,0,2,0.473433,0.607822,2.5,640,640,17,103
kitti,faster_rcnn,003683,data\processed\milestone_3\images\kitti\val\003683.png,2,0,1,1,0,2,0.468245,0.659092,2.5,640,640,13,42
kitti,faster_rcnn,004474,data\processed\milestone_3\images\kitti\val\004474.png,2,0,1,1,0,2,0.455647,0.482794,2.5,640,640,12,77
kitti,faster_rcnn,006475,data\processed\milestone_3\images\kitti\val\006475.png,2,0,1,1,0,2,0.362573,0.510737,2.5,640,640,12,61
kitti,faster_rcnn,006528,data\processed\milestone_3\images\kitti\val\006528.png,2,0,1,1,0,2,0.436703,0.46583,2.5,640,640,12,42
waymo,yolo,13356997604177841771_3360_000_3380_000_1557267395087510,data\processed\milestone_3\images\waymo\external\13356997604177841771_3360_000_3380_000_1557267395087510.png,1,1,0,2,0,2,0.0,0.598006,2.25,640,640,33,22
waymo,retinanet,13356997604177841771_3360_000_3380_000_1557267395087510,data\processed\milestone_3\images\waymo\external\13356997604177841771_3360_000_3380_000_1557267395087510.png,1,1,0,2,0,2,0.495967,0.455326,2.25,640,640,33,22
waymo,faster_rcnn,13356997604177841771_3360_000_3380_000_1557267394587557,data\processed\milestone_3\images\waymo\external\13356997604177841771_3360_000_3380_000_1557267394587557.png,1,1,0,2,0,2,0.363961,0.644535,2.25,640,640,33,24
waymo,faster_rcnn,13356997604177841771_3360_000_3380_000_1557267395087510,data\processed\milestone_3\images\waymo\external\13356997604177841771_3360_000_3380_000_1557267395087510.png,1,1,0,2,0,2,0.0,0.666791,2.25,640,640,33,24
kitti,retinanet,004527,data\processed\milestone_3\images\kitti\val\004527.png,2,0,0,2,0,2,0.485608,0.665634,2.0,640,640,14,300
kitti,faster_rcnn,004983,data\processed\milestone_3\images\kitti\val\004983.png,2,0,0,2,0,2,0.445696,0.31359,2.0,640,640,13,58
kitti,yolo,001290,data\processed\milestone_3\images\kitti\val\001290.png,0,1,1,0,0,1,0.474989,0.329822,1.75,640,640,10,42
kitti,yolo,002749,data\processed\milestone_3\images\kitti\val\002749.png,0,1,1,0,0,1,0.0,0.0,1.75,640,640,2,1
waymo,yolo,12358364923781697038_2232_990_2252_990_1507079380355813,data\processed\milestone_3\images\waymo\external\12358364923781697038_2232_990_2252_990_1507079380355813.png,0,1,1,0,0,1,0.0,0.0,1.75,640,640,4,0
waymo,yolo,3126522626440597519_806_440_826_440_1511046957507011,data\processed\milestone_3\images\waymo\external\3126522626440597519_806_440_826_440_1511046957507011.png,0,1,1,0,0,1,0.0,0.0,1.75,640,640,13,0
waymo,yolo,4409585400955983988_3500_470_3520_470_1507165536005751,data\processed\milestone_3\images\waymo\external\4409585400955983988_3500_470_3520_470_1507165536005751.png,0,1,1,0,0,1,0.0,0.0,1.75,640,640,13,4
waymo,yolo,4409585400955983988_3500_470_3520_470_1507165536506395,data\processed\milestone_3\images\waymo\external\4409585400955983988_3500_470_3520_470_1507165536506395.png,0,1,1,0,0,1,0.0,0.0,1.75,640,640,13,2
waymo,yolo,4409585400955983988_3500_470_3520_470_1507165537006562,data\processed\milestone_3\images\waymo\external\4409585400955983988_3500_470_3520_470_1507165537006562.png,0,1,1,0,0,1,0.0,0.0,1.75,640,640,13,2
waymo,yolo,4409585400955983988_3500_470_3520_470_1507165537506484,data\processed\milestone_3\images\waymo\external\4409585400955983988_3500_470_3520_470_1507165537506484.png,0,1,1,0,0,1,0.0,0.0,1.75,640,640,13,2
waymo,yolo,4409585400955983988_3500_470_3520_470_1507165538006385,data\processed\milestone_3\images\waymo\external\4409585400955983988_3500_470_3520_470_1507165538006385.png,0,1,1,0,0,1,0.0,0.0,1.75,640,640,13,2
waymo,yolo,4409585400955983988_3500_470_3520_470_1507165539006408,data\processed\milestone_3\images\waymo\external\4409585400955983988_3500_470_3520_470_1507165539006408.png,0,1,1,0,0,1,0.0,0.0,1.75,640,640,13,3
waymo,yolo,9041488218266405018_6454_030_6474_030_1508979395726400,data\processed\milestone_3\images\waymo\external\9041488218266405018_6454_030_6474_030_1508979395726400.png,0,1,1,0,0,1,0.0,0.0,1.75,640,640,12,3
kitti,rtdetr,005106,data\processed\milestone_3\images\kitti\val\005106.png,0,1,1,0,0,1,0.473981,0.473981,1.75,640,640,8,300
waymo,rtdetr,12358364923781697038_2232_990_2252_990_1507079380355813,data\processed\milestone_3\images\waymo\external\12358364923781697038_2232_990_2252_990_1507079380355813.png,0,1,1,0,0,1,0.0,0.005726,1.75,640,640,4,300
waymo,rtdetr,14931160836268555821_5778_870_5798_870_1507338352133493,data\processed\milestone_3\images\waymo\external\14931160836268555821_5778_870_5798_870_1507338352133493.png,0,1,1,0,0,1,0.016215,0.556843,1.75,640,640,6,300
waymo,rtdetr,14931160836268555821_5778_870_5798_870_1507338352632870,data\processed\milestone_3\images\waymo\external\14931160836268555821_5778_870_5798_870_1507338352632870.png,0,1,1,0,0,1,0.45828,0.45828,1.75,640,640,6,300
waymo,rtdetr,14931160836268555821_5778_870_5798_870_1507338353132275,data\processed\milestone_3\images\waymo\external\14931160836268555821_5778_870_5798_870_1507338353132275.png,0,1,1,0,0,1,0.358636,0.404076,1.75,640,640,6,300
waymo,rtdetr,14931160836268555821_5778_870_5798_870_1507338354631134,data\processed\milestone_3\images\waymo\external\14931160836268555821_5778_870_5798_870_1507338354631134.png,0,1,1,0,0,1,0.251488,0.251488,1.75,640,640,3,300
waymo,rtdetr,16213317953898915772_1597_170_1617_170_1509233626793726,data\processed\milestone_3\images\waymo\external\16213317953898915772_1597_170_1617_170_1509233626793726.png,0,1,1,0,0,1,0.0,0.0,1.75,640,640,37,300
waymo,rtdetr,16213317953898915772_1597_170_1617_170_1509233627794056,data\processed\milestone_3\images\waymo\external\16213317953898915772_1597_170_1617_170_1509233627794056.png,0,1,1,0,0,1,0.0,0.445381,1.75,640,640,34,300
waymo,rtdetr,16213317953898915772_1597_170_1617_170_1509233629300727,data\processed\milestone_3\images\waymo\external\16213317953898915772_1597_170_1617_170_1509233629300727.png,0,1,1,0,0,1,0.0,0.517562,1.75,640,640,7,300
waymo,rtdetr,3126522626440597519_806_440_826_440_1511046957507011,data\processed\milestone_3\images\waymo\external\3126522626440597519_806_440_826_440_1511046957507011.png,0,1,1,0,0,1,0.0,0.0,1.75,640,640,13,300
waymo,rtdetr,4409585400955983988_3500_470_3520_470_1507165535504048,data\processed\milestone_3\images\waymo\external\4409585400955983988_3500_470_3520_470_1507165535504048.png,0,1,1,0,0,1,0.0,0.326039,1.75,640,640,15,300
waymo,rtdetr,9041488218266405018_6454_030_6474_030_1508979395226146,data\processed\milestone_3\images\waymo\external\9041488218266405018_6454_030_6474_030_1508979395226146.png,0,1,1,0,0,1,0.0,0.000939,1.75,640,640,12,300
waymo,rtdetr,9041488218266405018_6454_030_6474_030_1508979395726400,data\processed\milestone_3\images\waymo\external\9041488218266405018_6454_030_6474_030_1508979395726400.png,0,1,1,0,0,1,0.40649,0.0459,1.75,640,640,12,300
kitti,retinanet,000124,data\processed\milestone_3\images\kitti\val\000124.png,0,1,1,0,0,1,0.465118,0.460881,1.75,640,640,5,300
kitti,retinanet,001290,data\processed\milestone_3\images\kitti\val\001290.png,0,1,1,0,0,1,0.474855,0.479225,1.75,640,640,10,275
kitti,retinanet,002112,data\processed\milestone_3\images\kitti\val\002112.png,0,1,1,0,0,1,0.296636,0.31891,1.75,640,640,8,300
kitti,retinanet,002245,data\processed\milestone_3\images\kitti\val\002245.png,0,1,1,0,0,1,0.380909,0.414661,1.75,640,640,5,300
kitti,retinanet,002404,data\processed\milestone_3\images\kitti\val\002404.png,0,1,1,0,0,1,0.109887,0.530242,1.75,640,640,9,300
kitti,retinanet,002444,data\processed\milestone_3\images\kitti\val\002444.png,0,1,1,0,0,1,0.079282,0.545544,1.75,640,640,9,271
kitti,retinanet,002727,data\processed\milestone_3\images\kitti\val\002727.png,0,1,1,0,0,1,0.109111,0.336202,1.75,640,640,7,300
kitti,retinanet,003135,data\processed\milestone_3\images\kitti\val\003135.png,0,1,1,0,0,1,0.423681,0.528178,1.75,640,640,7,288
kitti,retinanet,004081,data\processed\milestone_3\images\kitti\val\004081.png,0,1,1,0,0,1,0.331462,0.189017,1.75,640,640,3,261
kitti,retinanet,004114,data\processed\milestone_3\images\kitti\val\004114.png,0,1,1,0,0,1,0.193054,0.716749,1.75,640,640,8,300
kitti,retinanet,004364,data\processed\milestone_3\images\kitti\val\004364.png,0,1,1,0,0,1,0.0,0.483526,1.75,640,640,4,300
kitti,retinanet,005055,data\processed\milestone_3\images\kitti\val\005055.png,0,1,1,0,0,1,0.143947,0.55138,1.75,640,640,5,291
kitti,retinanet,005282,data\processed\milestone_3\images\kitti\val\005282.png,0,1,1,0,0,1,0.411596,0.498829,1.75,640,640,5,300
kitti,retinanet,005386,data\processed\milestone_3\images\kitti\val\005386.png,0,1,1,0,0,1,0.478182,0.623752,1.75,640,640,14,300
kitti,retinanet,005713,data\processed\milestone_3\images\kitti\val\005713.png,0,1,1,0,0,1,0.482388,0.648179,1.75,640,640,2,235
kitti,retinanet,006214,data\processed\milestone_3\images\kitti\val\006214.png,0,1,1,0,0,1,0.0,0.061116,1.75,640,640,3,279
waymo,retinanet,12358364923781697038_2232_990_2252_990_1507079380355813,data\processed\milestone_3\images\waymo\external\12358364923781697038_2232_990_2252_990_1507079380355813.png,0,1,1,0,0,1,0.0,0.0,1.75,640,640,4,3
waymo,retinanet,14931160836268555821_5778_870_5798_870_1507338352632870,data\processed\milestone_3\images\waymo\external\14931160836268555821_5778_870_5798_870_1507338352632870.png,0,1,1,0,0,1,0.0,0.397359,1.75,640,640,6,6
waymo,retinanet,14931160836268555821_5778_870_5798_870_1507338354131264,data\processed\milestone_3\images\waymo\external\14931160836268555821_5778_870_5798_870_1507338354131264.png,0,1,1,0,0,1,0.0,0.0,1.75,640,640,4,4
waymo,retinanet,14931160836268555821_5778_870_5798_870_1507338354631134,data\processed\milestone_3\images\waymo\external\14931160836268555821_5778_870_5798_870_1507338354631134.png,0,1,1,0,0,1,0.0,0.0,1.75,640,640,3,3
waymo,retinanet,3126522626440597519_806_440_826_440_1511046957507011,data\processed\milestone_3\images\waymo\external\3126522626440597519_806_440_826_440_1511046957507011.png,0,1,1,0,0,1,0.0,0.0,1.75,640,640,13,0
waymo,retinanet,4409585400955983988_3500_470_3520_470_1507165535504048,data\processed\milestone_3\images\waymo\external\4409585400955983988_3500_470_3520_470_1507165535504048.png,0,1,1,0,0,1,0.0,0.0,1.75,640,640,15,5
waymo,retinanet,4409585400955983988_3500_470_3520_470_1507165536005751,data\processed\milestone_3\images\waymo\external\4409585400955983988_3500_470_3520_470_1507165536005751.png,0,1,1,0,0,1,0.0,0.0,1.75,640,640,13,5
waymo,retinanet,4409585400955983988_3500_470_3520_470_1507165536506395,data\processed\milestone_3\images\waymo\external\4409585400955983988_3500_470_3520_470_1507165536506395.png,0,1,1,0,0,1,0.0,0.0,1.75,640,640,13,3
waymo,retinanet,4409585400955983988_3500_470_3520_470_1507165537006562,data\processed\milestone_3\images\waymo\external\4409585400955983988_3500_470_3520_470_1507165537006562.png,0,1,1,0,0,1,0.0,0.0,1.75,640,640,13,3
waymo,retinanet,4409585400955983988_3500_470_3520_470_1507165537506484,data\processed\milestone_3\images\waymo\external\4409585400955983988_3500_470_3520_470_1507165537506484.png,0,1,1,0,0,1,0.334896,0.0,1.75,640,640,13,6
waymo,retinanet,4409585400955983988_3500_470_3520_470_1507165538006385,data\processed\milestone_3\images\waymo\external\4409585400955983988_3500_470_3520_470_1507165538006385.png,0,1,1,0,0,1,0.336453,0.288534,1.75,640,640,13,7
waymo,retinanet,4409585400955983988_3500_470_3520_470_1507165538506340,data\processed\milestone_3\images\waymo\external\4409585400955983988_3500_470_3520_470_1507165538506340.png,0,1,1,0,0,1,0.394196,0.0,1.75,640,640,13,6
kitti,faster_rcnn,000982,data\processed\milestone_3\images\kitti\val\000982.png,0,1,1,0,0,1,0.384549,0.450184,1.75,640,640,11,44
kitti,faster_rcnn,001325,data\processed\milestone_3\images\kitti\val\001325.png,0,1,1,0,0,1,0.0,0.0,1.75,640,640,3,13
kitti,faster_rcnn,002156,data\processed\milestone_3\images\kitti\val\002156.png,0,1,1,0,0,1,0.0,0.032147,1.75,640,640,11,92
kitti,faster_rcnn,002404,data\processed\milestone_3\images\kitti\val\002404.png,0,1,1,0,0,1,0.144809,0.178493,1.75,640,640,9,23
kitti,faster_rcnn,003526,data\processed\milestone_3\images\kitti\val\003526.png,0,1,1,0,0,1,0.276859,0.321733,1.75,640,640,10,68
kitti,faster_rcnn,004364,data\processed\milestone_3\images\kitti\val\004364.png,0,1,1,0,0,1,0.0,0.0,1.75,640,640,4,9
kitti,faster_rcnn,005713,data\processed\milestone_3\images\kitti\val\005713.png,0,1,1,0,0,1,0.425526,0.0,1.75,640,640,2,16
kitti,faster_rcnn,006214,data\processed\milestone_3\images\kitti\val\006214.png,0,1,1,0,0,1,0.0,0.0,1.75,640,640,3,16
waymo,faster_rcnn,12358364923781697038_2232_990_2252_990_1507079380355813,data\processed\milestone_3\images\waymo\external\12358364923781697038_2232_990_2252_990_1507079380355813.png,0,1,1,0,0,1,0.0,0.003212,1.75,640,640,4,6
waymo,faster_rcnn,14931160836268555821_5778_870_5798_870_1507338354631134,data\processed\milestone_3\images\waymo\external\14931160836268555821_5778_870_5798_870_1507338354631134.png,0,1,1,0,0,1,0.0,0.0,1.75,640,640,3,4
waymo,faster_rcnn,3126522626440597519_806_440_826_440_1511046957507011,data\processed\milestone_3\images\waymo\external\3126522626440597519_806_440_826_440_1511046957507011.png,0,1,1,0,0,1,0.0,0.0,1.75,640,640,13,10
waymo,faster_rcnn,4409585400955983988_3500_470_3520_470_1507165536005751,data\processed\milestone_3\images\waymo\external\4409585400955983988_3500_470_3520_470_1507165536005751.png,0,1,1,0,0,1,0.0,0.0,1.75,640,640,13,7
waymo,faster_rcnn,4409585400955983988_3500_470_3520_470_1507165536506395,data\processed\milestone_3\images\waymo\external\4409585400955983988_3500_470_3520_470_1507165536506395.png,0,1,1,0,0,1,0.0,0.0,1.75,640,640,13,9
waymo,faster_rcnn,4409585400955983988_3500_470_3520_470_1507165537006562,data\processed\milestone_3\images\waymo\external\4409585400955983988_3500_470_3520_470_1507165537006562.png,0,1,1,0,0,1,0.0,0.0,1.75,640,640,13,6
waymo,faster_rcnn,4409585400955983988_3500_470_3520_470_1507165537506484,data\processed\milestone_3\images\waymo\external\4409585400955983988_3500_470_3520_470_1507165537506484.png,0,1,1,0,0,1,0.0,0.0,1.75,640,640,13,9
waymo,faster_rcnn,4409585400955983988_3500_470_3520_470_1507165538006385,data\processed\milestone_3\images\waymo\external\4409585400955983988_3500_470_3520_470_1507165538006385.png,0,1,1,0,0,1,0.166924,0.0,1.75,640,640,13,7
waymo,faster_rcnn,9041488218266405018_6454_030_6474_030_1508979395226146,data\processed\milestone_3\images\waymo\external\9041488218266405018_6454_030_6474_030_1508979395226146.png,0,1,1,0,0,1,0.0,0.000629,1.75,640,640,12,5
kitti,yolo,000223,data\processed\milestone_3\images\kitti\val\000223.png,1,0,1,0,0,1,0.0,0.0,1.5,640,640,4,8
kitti,yolo,000275,data\processed\milestone_3\images\kitti\val\000275.png,1,0,1,0,0,1,0.229724,0.132562,1.5,640,640,9,44
kitti,yolo,000471,data\processed\milestone_3\images\kitti\val\000471.png,1,0,1,0,0,1,0.0,0.0,1.5,640,640,9,49
kitti,yolo,000502,data\processed\milestone_3\images\kitti\val\000502.png,1,0,1,0,0,1,0.154077,0.030842,1.5,640,640,11,50
kitti,yolo,000705,data\processed\milestone_3\images\kitti\val\000705.png,1,0,1,0,0,1,0.341807,0.0,1.5,640,640,5,9
kitti,yolo,000731,data\processed\milestone_3\images\kitti\val\000731.png,1,0,1,0,0,1,0.357436,0.0,1.5,640,640,4,4
kitti,yolo,000761,data\processed\milestone_3\images\kitti\val\000761.png,1,0,1,0,0,1,0.336847,0.104162,1.5,640,640,3,15
kitti,yolo,001050,data\processed\milestone_3\images\kitti\val\001050.png,1,0,1,0,0,1,0.287214,0.0,1.5,640,640,14,56
kitti,yolo,001262,data\processed\milestone_3\images\kitti\val\001262.png,1,0,1,0,0,1,0.36462,0.069643,1.5,640,640,14,87
kitti,yolo,002110,data\processed\milestone_3\images\kitti\val\002110.png,1,0,1,0,0,1,0.2292,0.0,1.5,640,640,10,27
kitti,yolo,002160,data\processed\milestone_3\images\kitti\val\002160.png,1,0,1,0,0,1,0.169751,0.0,1.5,640,640,9,75
kitti,yolo,002245,data\processed\milestone_3\images\kitti\val\002245.png,1,0,1,0,0,1,0.468132,0.468132,1.5,640,640,5,32
kitti,yolo,002424,data\processed\milestone_3\images\kitti\val\002424.png,1,0,1,0,0,1,0.0,0.0,1.5,640,640,3,10
kitti,yolo,002609,data\processed\milestone_3\images\kitti\val\002609.png,1,0,1,0,0,1,0.290778,0.240529,1.5,640,640,9,82
kitti,yolo,002681,data\processed\milestone_3\images\kitti\val\002681.png,1,0,1,0,0,1,0.327123,0.0,1.5,640,640,7,20
kitti,yolo,002780,data\processed\milestone_3\images\kitti\val\002780.png,1,0,1,0,0,1,0.0,0.0,1.5,640,640,9,106
kitti,yolo,002864,data\processed\milestone_3\images\kitti\val\002864.png,1,0,1,0,0,1,0.324697,0.0,1.5,640,640,9,48
kitti,yolo,003454,data\processed\milestone_3\images\kitti\val\003454.png,1,0,1,0,0,1,0.187672,0.0,1.5,640,640,10,67
kitti,yolo,003480,data\processed\milestone_3\images\kitti\val\003480.png,1,0,1,0,0,1,0.454715,0.0,1.5,640,640,8,77
kitti,yolo,003487,data\processed\milestone_3\images\kitti\val\003487.png,1,0,1,0,0,1,0.475541,0.208137,1.5,640,640,11,104
kitti,yolo,004088,data\processed\milestone_3\images\kitti\val\004088.png,1,0,1,0,0,1,0.427585,0.0,1.5,640,640,5,8
kitti,yolo,004186,data\processed\milestone_3\images\kitti\val\004186.png,1,0,1,0,0,1,0.311878,0.0,1.5,640,640,12,41
kitti,yolo,004261,data\processed\milestone_3\images\kitti\val\004261.png,1,0,1,0,0,1,0.46617,0.46617,1.5,640,640,10,66
kitti,yolo,004343,data\processed\milestone_3\images\kitti\val\004343.png,1,0,1,0,0,1,0.0,0.0,1.5,640,640,2,7
kitti,yolo,004388,data\processed\milestone_3\images\kitti\val\004388.png,1,0,1,0,0,1,0.299998,0.299998,1.5,640,640,7,19
kitti,yolo,004569,data\processed\milestone_3\images\kitti\val\004569.png,1,0,1,0,0,1,0.001179,0.000603,1.5,640,640,5,29
kitti,yolo,005097,data\processed\milestone_3\images\kitti\val\005097.png,1,0,1,0,0,1,0.0,0.145941,1.5,640,640,9,30
kitti,yolo,005540,data\processed\milestone_3\images\kitti\val\005540.png,1,0,1,0,0,1,0.0,0.0,1.5,640,640,3,5
kitti,yolo,005604,data\processed\milestone_3\images\kitti\val\005604.png,1,0,1,0,0,1,0.0,0.0,1.5,640,640,10,68
kitti,yolo,006298,data\processed\milestone_3\images\kitti\val\006298.png,1,0,1,0,0,1,0.268669,0.134547,1.5,640,640,7,18
kitti,yolo,006649,data\processed\milestone_3\images\kitti\val\006649.png,1,0,1,0,0,1,0.342894,0.342894,1.5,640,640,8,13
kitti,yolo,006842,data\processed\milestone_3\images\kitti\val\006842.png,1,0,1,0,0,1,0.422676,0.244251,1.5,640,640,11,57
kitti,yolo,006859,data\processed\milestone_3\images\kitti\val\006859.png,1,0,1,0,0,1,0.0,0.0,1.5,640,640,9,56
kitti,yolo,007451,data\processed\milestone_3\images\kitti\val\007451.png,1,0,1,0,0,1,0.206386,0.0,1.5,640,640,9,50
waymo,yolo,12657584952502228282_3940_000_3960_000_1549937214398878,data\processed\milestone_3\images\waymo\external\12657584952502228282_3940_000_3960_000_1549937214398878.png,1,0,1,0,0,1,0.0,0.0,1.5,640,640,33,10
waymo,yolo,12657584952502228282_3940_000_3960_000_1549937214898834,data\processed\milestone_3\images\waymo\external\12657584952502228282_3940_000_3960_000_1549937214898834.png,1,0,1,0,0,1,0.0,0.0,1.5,640,640,32,8
waymo,yolo,12657584952502228282_3940_000_3960_000_1549937215398685,data\processed\milestone_3\images\waymo\external\12657584952502228282_3940_000_3960_000_1549937215398685.png,1,0,1,0,0,1,0.0,0.0,1.5,640,640,33,13
waymo,yolo,12657584952502228282_3940_000_3960_000_1549937215898463,data\processed\milestone_3\images\waymo\external\12657584952502228282_3940_000_3960_000_1549937215898463.png,1,0,1,0,0,1,0.0,0.0,1.5,640,640,33,17
waymo,yolo,12657584952502228282_3940_000_3960_000_1549937222399274,data\processed\milestone_3\images\waymo\external\12657584952502228282_3940_000_3960_000_1549937222399274.png,1,0,1,0,0,1,0.0,0.0,1.5,640,640,23,26
waymo,yolo,12657584952502228282_3940_000_3960_000_1549937222899266,data\processed\milestone_3\images\waymo\external\12657584952502228282_3940_000_3960_000_1549937222899266.png,1,0,1,0,0,1,0.0,0.0,1.5,640,640,23,12
waymo,yolo,12657584952502228282_3940_000_3960_000_1549937223898628,data\processed\milestone_3\images\waymo\external\12657584952502228282_3940_000_3960_000_1549937223898628.png,1,0,1,0,0,1,0.0,0.014764,1.5,640,640,24,21
waymo,yolo,12657584952502228282_3940_000_3960_000_1549937224398546,data\processed\milestone_3\images\waymo\external\12657584952502228282_3940_000_3960_000_1549937224398546.png,1,0,1,0,0,1,0.0,0.018295,1.5,640,640,24,20
waymo,yolo,13356997604177841771_3360_000_3380_000_1557267394087559,data\processed\milestone_3\images\waymo\external\13356997604177841771_3360_000_3380_000_1557267394087559.png,1,0,1,0,0,1,0.0,0.0,1.5,640,640,24,10
waymo,yolo,14107757919671295130_3546_370_3566_370_1511668658759576,data\processed\milestone_3\images\waymo\external\14107757919671295130_3546_370_3566_370_1511668658759576.png,1,0,1,0,0,1,0.0,0.0,1.5,640,640,19,0
waymo,yolo,14107757919671295130_3546_370_3566_370_1511668660359692,data\processed\milestone_3\images\waymo\external\14107757919671295130_3546_370_3566_370_1511668660359692.png,1,0,1,0,0,1,0.0,0.0,1.5,640,640,16,1
waymo,yolo,14107757919671295130_3546_370_3566_370_1511668662860306,data\processed\milestone_3\images\waymo\external\14107757919671295130_3546_370_3566_370_1511668662860306.png,1,0,1,0,0,1,0.0,0.0,1.5,640,640,20,1
waymo,yolo,14300007604205869133_1160_000_1180_000_1544753127275736,data\processed\milestone_3\images\waymo\external\14300007604205869133_1160_000_1180_000_1544753127275736.png,1,0,1,0,0,1,0.0,0.0,1.5,640,640,22,1
waymo,yolo,14300007604205869133_1160_000_1180_000_1544753127775376,data\processed\milestone_3\images\waymo\external\14300007604205869133_1160_000_1180_000_1544753127775376.png,1,0,1,0,0,1,0.0,0.0,1.5,640,640,21,1
waymo,yolo,14300007604205869133_1160_000_1180_000_1544753128274997,data\processed\milestone_3\images\waymo\external\14300007604205869133_1160_000_1180_000_1544753128274997.png,1,0,1,0,0,1,0.0,0.0,1.5,640,640,22,1
waymo,yolo,14300007604205869133_1160_000_1180_000_1544753128774321,data\processed\milestone_3\images\waymo\external\14300007604205869133_1160_000_1180_000_1544753128774321.png,1,0,1,0,0,1,0.0,0.0,1.5,640,640,28,0
waymo,yolo,14300007604205869133_1160_000_1180_000_1544753129273865,data\processed\milestone_3\images\waymo\external\14300007604205869133_1160_000_1180_000_1544753129273865.png,1,0,1,0,0,1,0.0,0.0,1.5,640,640,28,0
waymo,yolo,14300007604205869133_1160_000_1180_000_1544753129773621,data\processed\milestone_3\images\waymo\external\14300007604205869133_1160_000_1180_000_1544753129773621.png,1,0,1,0,0,1,0.0,0.0,1.5,640,640,27,3
waymo,yolo,14300007604205869133_1160_000_1180_000_1544753130273617,data\processed\milestone_3\images\waymo\external\14300007604205869133_1160_000_1180_000_1544753130273617.png,1,0,1,0,0,1,0.0,0.0,1.5,640,640,27,0
waymo,yolo,14300007604205869133_1160_000_1180_000_1544753130773776,data\processed\milestone_3\images\waymo\external\14300007604205869133_1160_000_1180_000_1544753130773776.png,1,0,1,0,0,1,0.0,0.0,1.5,640,640,28,0
waymo,yolo,14300007604205869133_1160_000_1180_000_1544753131273873,data\processed\milestone_3\images\waymo\external\14300007604205869133_1160_000_1180_000_1544753131273873.png,1,0,1,0,0,1,0.0,0.0,1.5,640,640,31,1
waymo,yolo,14300007604205869133_1160_000_1180_000_1544753131773860,data\processed\milestone_3\images\waymo\external\14300007604205869133_1160_000_1180_000_1544753131773860.png,1,0,1,0,0,1,0.0,0.0,1.5,640,640,31,0
waymo,yolo,14931160836268555821_5778_870_5798_870_1507338355130969,data\processed\milestone_3\images\waymo\external\14931160836268555821_5778_870_5798_870_1507338355130969.png,1,0,1,0,0,1,0.0,0.426638,1.5,640,640,2,2
waymo,yolo,2105808889850693535_2295_720_2315_720_1511129124478679,data\processed\milestone_3\images\waymo\external\2105808889850693535_2295_720_2315_720_1511129124478679.png,1,0,1,0,0,1,0.0,0.289724,1.5,640,640,9,3
waymo,yolo,2105808889850693535_2295_720_2315_720_1511129126478948,data\processed\milestone_3\images\waymo\external\2105808889850693535_2295_720_2315_720_1511129126478948.png,1,0,1,0,0,1,0.0,0.0,1.5,640,640,7,2
waymo,yolo,2105808889850693535_2295_720_2315_720_1511129126979076,data\processed\milestone_3\images\waymo\external\2105808889850693535_2295_720_2315_720_1511129126979076.png,1,0,1,0,0,1,0.0,0.0,1.5,640,640,6,2
waymo,yolo,2105808889850693535_2295_720_2315_720_1511129127479014,data\processed\milestone_3\images\waymo\external\2105808889850693535_2295_720_2315_720_1511129127479014.png,1,0,1,0,0,1,0.0,0.0,1.5,640,640,6,5
waymo,yolo,2105808889850693535_2295_720_2315_720_1511129127979137,data\processed\milestone_3\images\waymo\external\2105808889850693535_2295_720_2315_720_1511129127979137.png,1,0,1,0,0,1,0.0,0.0,1.5,640,640,4,0
waymo,yolo,2105808889850693535_2295_720_2315_720_1511129128479158,data\processed\milestone_3\images\waymo\external\2105808889850693535_2295_720_2315_720_1511129128479158.png,1,0,1,0,0,1,0.0,0.0,1.5,640,640,4,1
waymo,yolo,2105808889850693535_2295_720_2315_720_1511129128979079,data\processed\milestone_3\images\waymo\external\2105808889850693535_2295_720_2315_720_1511129128979079.png,1,0,1,0,0,1,0.0,0.0,1.5,640,640,4,0
waymo,yolo,2105808889850693535_2295_720_2315_720_1511129129478987,data\processed\milestone_3\images\waymo\external\2105808889850693535_2295_720_2315_720_1511129129478987.png,1,0,1,0,0,1,0.0,0.0,1.5,640,640,4,0
waymo,yolo,2105808889850693535_2295_720_2315_720_1511129129979150,data\processed\milestone_3\images\waymo\external\2105808889850693535_2295_720_2315_720_1511129129979150.png,1,0,1,0,0,1,0.0,0.0,1.5,640,640,4,0
waymo,yolo,2105808889850693535_2295_720_2315_720_1511129130479115,data\processed\milestone_3\images\waymo\external\2105808889850693535_2295_720_2315_720_1511129130479115.png,1,0,1,0,0,1,0.0,0.0,1.5,640,640,4,0
waymo,yolo,2105808889850693535_2295_720_2315_720_1511129130978854,data\processed\milestone_3\images\waymo\external\2105808889850693535_2295_720_2315_720_1511129130978854.png,1,0,1,0,0,1,0.0,0.0,1.5,640,640,4,1
waymo,yolo,2105808889850693535_2295_720_2315_720_1511129131478616,data\processed\milestone_3\images\waymo\external\2105808889850693535_2295_720_2315_720_1511129131478616.png,1,0,1,0,0,1,0.0,0.0,1.5,640,640,4,1
waymo,yolo,2736377008667623133_2676_410_2696_410_1511721503494682,data\processed\milestone_3\images\waymo\external\2736377008667623133_2676_410_2696_410_1511721503494682.png,1,0,1,0,0,1,0.0,0.0,1.5,640,640,2,13
waymo,yolo,2736377008667623133_2676_410_2696_410_1511721510000596,data\processed\milestone_3\images\waymo\external\2736377008667623133_2676_410_2696_410_1511721510000596.png,1,0,1,0,0,1,0.0,0.0,1.5,640,640,3,9
waymo,yolo,2736377008667623133_2676_410_2696_410_1511721510500682,data\processed\milestone_3\images\waymo\external\2736377008667623133_2676_410_2696_410_1511721510500682.png,1,0,1,0,0,1,0.0,0.0,1.5,640,640,3,6
waymo,yolo,2736377008667623133_2676_410_2696_410_1511721511000845,data\processed\milestone_3\images\waymo\external\2736377008667623133_2676_410_2696_410_1511721511000845.png,1,0,1,0,0,1,0.0,0.0,1.5,640,640,3,3
waymo,yolo,2736377008667623133_2676_410_2696_410_1511721514498196,data\processed\milestone_3\images\waymo\external\2736377008667623133_2676_410_2696_410_1511721514498196.png,1,0,1,0,0,1,0.0,0.0,1.5,640,640,2,2
waymo,yolo,2736377008667623133_2676_410_2696_410_1511721514997563,data\processed\milestone_3\images\waymo\external\2736377008667623133_2676_410_2696_410_1511721514997563.png,1,0,1,0,0,1,0.0,0.0,1.5,640,640,2,6
waymo,yolo,2736377008667623133_2676_410_2696_410_1511721515497081,data\processed\milestone_3\images\waymo\external\2736377008667623133_2676_410_2696_410_1511721515497081.png,1,0,1,0,0,1,0.0,0.0,1.5,640,640,2,9
waymo,yolo,2736377008667623133_2676_410_2696_410_1511721515996515,data\processed\milestone_3\images\waymo\external\2736377008667623133_2676_410_2696_410_1511721515996515.png,1,0,1,0,0,1,0.0,0.0,1.5,640,640,2,9
waymo,yolo,3039251927598134881_1240_610_1260_610_1507246314903924,data\processed\milestone_3\images\waymo\external\3039251927598134881_1240_610_1260_610_1507246314903924.png,1,0,1,0,0,1,0.0,0.0,1.5,640,640,11,8
waymo,yolo,3039251927598134881_1240_610_1260_610_1507246315404362,data\processed\milestone_3\images\waymo\external\3039251927598134881_1240_610_1260_610_1507246315404362.png,1,0,1,0,0,1,0.0,0.0,1.5,640,640,10,4
waymo,yolo,3039251927598134881_1240_610_1260_610_1507246315904862,data\processed\milestone_3\images\waymo\external\3039251927598134881_1240_610_1260_610_1507246315904862.png,1,0,1,0,0,1,0.0,0.0,1.5,640,640,10,2
waymo,yolo,6324079979569135086_2372_300_2392_300_1506988299258081,data\processed\milestone_3\images\waymo\external\6324079979569135086_2372_300_2392_300_1506988299258081.png,1,0,1,0,0,1,0.0,0.0,1.5,640,640,29,9
waymo,yolo,6324079979569135086_2372_300_2392_300_1506988299757707,data\processed\milestone_3\images\waymo\external\6324079979569135086_2372_300_2392_300_1506988299757707.png,1,0,1,0,0,1,0.0,0.0,1.5,640,640,28,19
waymo,yolo,6324079979569135086_2372_300_2392_300_1506988300257639,data\processed\milestone_3\images\waymo\external\6324079979569135086_2372_300_2392_300_1506988300257639.png,1,0,1,0,0,1,0.0,0.0,1.5,640,640,27,8
waymo,yolo,6324079979569135086_2372_300_2392_300_1506988300757757,data\processed\milestone_3\images\waymo\external\6324079979569135086_2372_300_2392_300_1506988300757757.png,1,0,1,0,0,1,0.0,0.0,1.5,640,640,28,27
waymo,yolo,6324079979569135086_2372_300_2392_300_1506988301758169,data\processed\milestone_3\images\waymo\external\6324079979569135086_2372_300_2392_300_1506988301758169.png,1,0,1,0,0,1,0.0,0.0,1.5,640,640,25,19
waymo,yolo,6324079979569135086_2372_300_2392_300_1506988303259080,data\processed\milestone_3\images\waymo\external\6324079979569135086_2372_300_2392_300_1506988303259080.png,1,0,1,0,0,1,0.0,0.0,1.5,640,640,25,11
waymo,yolo,6324079979569135086_2372_300_2392_300_1506988303759193,data\processed\milestone_3\images\waymo\external\6324079979569135086_2372_300_2392_300_1506988303759193.png,1,0,1,0,0,1,0.0,0.0,1.5,640,640,24,16
waymo,yolo,6324079979569135086_2372_300_2392_300_1506988304259196,data\processed\milestone_3\images\waymo\external\6324079979569135086_2372_300_2392_300_1506988304259196.png,1,0,1,0,0,1,0.0,0.0,1.5,640,640,26,19
waymo,yolo,6324079979569135086_2372_300_2392_300_1506988304759010,data\processed\milestone_3\images\waymo\external\6324079979569135086_2372_300_2392_300_1506988304759010.png,1,0,1,0,0,1,0.381786,0.0,1.5,640,640,26,36
waymo,yolo,6324079979569135086_2372_300_2392_300_1506988307258300,data\processed\milestone_3\images\waymo\external\6324079979569135086_2372_300_2392_300_1506988307258300.png,1,0,1,0,0,1,0.0,0.0,1.5,640,640,20,27
waymo,yolo,6324079979569135086_2372_300_2392_300_1506988307758217,data\processed\milestone_3\images\waymo\external\6324079979569135086_2372_300_2392_300_1506988307758217.png,1,0,1,0,0,1,0.282486,0.203424,1.5,640,640,23,18
waymo,yolo,6324079979569135086_2372_300_2392_300_1506988308758146,data\processed\milestone_3\images\waymo\external\6324079979569135086_2372_300_2392_300_1506988308758146.png,1,0,1,0,0,1,0.0,0.003004,1.5,640,640,23,15
waymo,yolo,9041488218266405018_6454_030_6474_030_1508979405318219,data\processed\milestone_3\images\waymo\external\9041488218266405018_6454_030_6474_030_1508979405318219.png,1,0,1,0,0,1,0.0,0.0,1.5,640,640,7,3
waymo,yolo,9041488218266405018_6454_030_6474_030_1508979405817759,data\processed\milestone_3\images\waymo\external\9041488218266405018_6454_030_6474_030_1508979405817759.png,1,0,1,0,0,1,0.0,0.0,1.5,640,640,5,2
waymo,yolo,9041488218266405018_6454_030_6474_030_1508979406317047,data\processed\milestone_3\images\waymo\external\9041488218266405018_6454_030_6474_030_1508979406317047.png,1,0,1,0,0,1,0.0,0.0,1.5,640,640,5,2
waymo,yolo,9041488218266405018_6454_030_6474_030_1508979406816215,data\processed\milestone_3\images\waymo\external\9041488218266405018_6454_030_6474_030_1508979406816215.png,1,0,1,0,0,1,0.0,0.0,1.5,640,640,5,5
waymo,yolo,9041488218266405018_6454_030_6474_030_1508979407315582,data\processed\milestone_3\images\waymo\external\9041488218266405018_6454_030_6474_030_1508979407315582.png,1,0,1,0,0,1,0.0,0.0,1.5,640,640,5,2
waymo,yolo,9041488218266405018_6454_030_6474_030_1508979407815136,data\processed\milestone_3\images\waymo\external\9041488218266405018_6454_030_6474_030_1508979407815136.png,1,0,1,0,0,1,0.0,0.709194,1.5,640,640,5,3
waymo,yolo,9041488218266405018_6454_030_6474_030_1508979408314503,data\processed\milestone_3\images\waymo\external\9041488218266405018_6454_030_6474_030_1508979408314503.png,1,0,1,0,0,1,0.0,0.0,1.5,640,640,4,2
waymo,yolo,933621182106051783_4160_000_4180_000_1543516678772443,data\processed\milestone_3\images\waymo\external\933621182106051783_4160_000_4180_000_1543516678772443.png,1,0,1,0,0,1,0.0,0.0,1.5,640,640,25,17
waymo,yolo,933621182106051783_4160_000_4180_000_1543516679272590,data\processed\milestone_3\images\waymo\external\933621182106051783_4160_000_4180_000_1543516679272590.png,1,0,1,0,0,1,0.0,0.0,1.5,640,640,22,11
waymo,yolo,933621182106051783_4160_000_4180_000_1543516682272525,data\processed\milestone_3\images\waymo\external\933621182106051783_4160_000_4180_000_1543516682272525.png,1,0,1,0,0,1,0.0,0.0,1.5,640,640,29,10
waymo,yolo,933621182106051783_4160_000_4180_000_1543516689272642,data\processed\milestone_3\images\waymo\external\933621182106051783_4160_000_4180_000_1543516689272642.png,1,0,1,0,0,1,0.0,0.0,1.5,640,640,30,11
waymo,yolo,933621182106051783_4160_000_4180_000_1543516689772638,data\processed\milestone_3\images\waymo\external\933621182106051783_4160_000_4180_000_1543516689772638.png,1,0,1,0,0,1,0.0,0.0,1.5,640,640,24,2
kitti,rtdetr,000201,data\processed\milestone_3\images\kitti\val\000201.png,1,0,1,0,0,1,0.410545,0.410545,1.5,640,640,12,300
kitti,rtdetr,000502,data\processed\milestone_3\images\kitti\val\000502.png,1,0,1,0,0,1,0.329896,0.329896,1.5,640,640,11,300
kitti,rtdetr,002156,data\processed\milestone_3\images\kitti\val\002156.png,1,0,1,0,0,1,0.498401,0.339441,1.5,640,640,11,300
kitti,rtdetr,002160,data\processed\milestone_3\images\kitti\val\002160.png,1,0,1,0,0,1,0.423619,0.423619,1.5,640,640,9,300
kitti,rtdetr,002424,data\processed\milestone_3\images\kitti\val\002424.png,1,0,1,0,0,1,0.024084,0.45578,1.5,640,640,3,300
kitti,rtdetr,002609,data\processed\milestone_3\images\kitti\val\002609.png,1,0,1,0,0,1,0.18272,0.18272,1.5,640,640,9,300
kitti,rtdetr,002681,data\processed\milestone_3\images\kitti\val\002681.png,1,0,1,0,0,1,0.492198,0.492198,1.5,640,640,7,300
kitti,rtdetr,004186,data\processed\milestone_3\images\kitti\val\004186.png,1,0,1,0,0,1,0.496156,0.496156,1.5,640,640,12,300
kitti,rtdetr,004417,data\processed\milestone_3\images\kitti\val\004417.png,1,0,1,0,0,1,0.35569,0.35569,1.5,640,640,14,300
kitti,rtdetr,004569,data\processed\milestone_3\images\kitti\val\004569.png,1,0,1,0,0,1,0.001348,0.001947,1.5,640,640,5,300
kitti,rtdetr,005086,data\processed\milestone_3\images\kitti\val\005086.png,1,0,1,0,0,1,0.489465,0.481419,1.5,640,640,13,300
kitti,rtdetr,005097,data\processed\milestone_3\images\kitti\val\005097.png,1,0,1,0,0,1,0.144956,0.144956,1.5,640,640,9,300
kitti,rtdetr,005540,data\processed\milestone_3\images\kitti\val\005540.png,1,0,1,0,0,1,0.275415,0.275415,1.5,640,640,3,300
kitti,rtdetr,005617,data\processed\milestone_3\images\kitti\val\005617.png,1,0,1,0,0,1,0.476325,0.476325,1.5,640,640,12,300
kitti,rtdetr,007451,data\processed\milestone_3\images\kitti\val\007451.png,1,0,1,0,0,1,0.403395,0.403395,1.5,640,640,9,300
waymo,rtdetr,12657584952502228282_3940_000_3960_000_1549937212398470,data\processed\milestone_3\images\waymo\external\12657584952502228282_3940_000_3960_000_1549937212398470.png,1,0,1,0,0,1,0.0,0.287556,1.5,640,640,37,300
waymo,rtdetr,12657584952502228282_3940_000_3960_000_1549937215398685,data\processed\milestone_3\images\waymo\external\12657584952502228282_3940_000_3960_000_1549937215398685.png,1,0,1,0,0,1,0.0,0.05931,1.5,640,640,33,300
waymo,rtdetr,12657584952502228282_3940_000_3960_000_1549937215898463,data\processed\milestone_3\images\waymo\external\12657584952502228282_3940_000_3960_000_1549937215898463.png,1,0,1,0,0,1,0.157624,0.270418,1.5,640,640,33,300
waymo,rtdetr,12657584952502228282_3940_000_3960_000_1549937222399274,data\processed\milestone_3\images\waymo\external\12657584952502228282_3940_000_3960_000_1549937222399274.png,1,0,1,0,0,1,0.04275,0.048254,1.5,640,640,23,300
waymo,rtdetr,12657584952502228282_3940_000_3960_000_1549937222899266,data\processed\milestone_3\images\waymo\external\12657584952502228282_3940_000_3960_000_1549937222899266.png,1,0,1,0,0,1,0.022902,0.263191,1.5,640,640,23,300
waymo,rtdetr,12657584952502228282_3940_000_3960_000_1549937223898628,data\processed\milestone_3\images\waymo\external\12657584952502228282_3940_000_3960_000_1549937223898628.png,1,0,1,0,0,1,0.013699,0.138578,1.5,640,640,24,300
waymo,rtdetr,12657584952502228282_3940_000_3960_000_1549937224398546,data\processed\milestone_3\images\waymo\external\12657584952502228282_3940_000_3960_000_1549937224398546.png,1,0,1,0,0,1,0.044432,0.16767,1.5,640,640,24,300
waymo,rtdetr,14107757919671295130_3546_370_3566_370_1511668658759576,data\processed\milestone_3\images\waymo\external\14107757919671295130_3546_370_3566_370_1511668658759576.png,1,0,1,0,0,1,0.0,0.0,1.5,640,640,19,300
waymo,rtdetr,14107757919671295130_3546_370_3566_370_1511668660359692,data\processed\milestone_3\images\waymo\external\14107757919671295130_3546_370_3566_370_1511668660359692.png,1,0,1,0,0,1,0.0,0.0,1.5,640,640,16,300
waymo,rtdetr,14107757919671295130_3546_370_3566_370_1511668662860306,data\processed\milestone_3\images\waymo\external\14107757919671295130_3546_370_3566_370_1511668662860306.png,1,0,1,0,0,1,0.377682,0.377682,1.5,640,640,20,300
waymo,rtdetr,14300007604205869133_1160_000_1180_000_1544753127275736,data\processed\milestone_3\images\waymo\external\14300007604205869133_1160_000_1180_000_1544753127275736.png,1,0,1,0,0,1,0.0,0.006869,1.5,640,640,22,300
waymo,rtdetr,14300007604205869133_1160_000_1180_000_1544753127775376,data\processed\milestone_3\images\waymo\external\14300007604205869133_1160_000_1180_000_1544753127775376.png,1,0,1,0,0,1,0.0,0.003962,1.5,640,640,21,300
waymo,rtdetr,14300007604205869133_1160_000_1180_000_1544753128274997,data\processed\milestone_3\images\waymo\external\14300007604205869133_1160_000_1180_000_1544753128274997.png,1,0,1,0,0,1,0.0,0.0,1.5,640,640,22,300
waymo,rtdetr,14300007604205869133_1160_000_1180_000_1544753128774321,data\processed\milestone_3\images\waymo\external\14300007604205869133_1160_000_1180_000_1544753128774321.png,1,0,1,0,0,1,0.0,0.0,1.5,640,640,28,300
waymo,rtdetr,14300007604205869133_1160_000_1180_000_1544753129273865,data\processed\milestone_3\images\waymo\external\14300007604205869133_1160_000_1180_000_1544753129273865.png,1,0,1,0,0,1,0.0,0.010499,1.5,640,640,28,300
waymo,rtdetr,14300007604205869133_1160_000_1180_000_1544753129773621,data\processed\milestone_3\images\waymo\external\14300007604205869133_1160_000_1180_000_1544753129773621.png,1,0,1,0,0,1,0.0,0.0,1.5,640,640,27,300
waymo,rtdetr,14300007604205869133_1160_000_1180_000_1544753130273617,data\processed\milestone_3\images\waymo\external\14300007604205869133_1160_000_1180_000_1544753130273617.png,1,0,1,0,0,1,0.0,0.030163,1.5,640,640,27,300
waymo,rtdetr,14300007604205869133_1160_000_1180_000_1544753130773776,data\processed\milestone_3\images\waymo\external\14300007604205869133_1160_000_1180_000_1544753130773776.png,1,0,1,0,0,1,0.0,0.164459,1.5,640,640,28,300
waymo,rtdetr,14300007604205869133_1160_000_1180_000_1544753131273873,data\processed\milestone_3\images\waymo\external\14300007604205869133_1160_000_1180_000_1544753131273873.png,1,0,1,0,0,1,0.0,0.0,1.5,640,640,31,300
waymo,rtdetr,14300007604205869133_1160_000_1180_000_1544753131773860,data\processed\milestone_3\images\waymo\external\14300007604205869133_1160_000_1180_000_1544753131773860.png,1,0,1,0,0,1,0.0,0.081531,1.5,640,640,31,300
waymo,rtdetr,14300007604205869133_1160_000_1180_000_1544753136773763,data\processed\milestone_3\images\waymo\external\14300007604205869133_1160_000_1180_000_1544753136773763.png,1,0,1,0,0,1,0.0,0.009021,1.5,640,640,30,300
waymo,rtdetr,14300007604205869133_1160_000_1180_000_1544753143273703,data\processed\milestone_3\images\waymo\external\14300007604205869133_1160_000_1180_000_1544753143273703.png,1,0,1,0,0,1,0.0,0.148684,1.5,640,640,31,300
waymo,rtdetr,14931160836268555821_5778_870_5798_870_1507338351134600,data\processed\milestone_3\images\waymo\external\14931160836268555821_5778_870_5798_870_1507338351134600.png,1,0,1,0,0,1,0.0,0.267644,1.5,640,640,8,300
waymo,rtdetr,2105808889850693535_2295_720_2315_720_1511129121978849,data\processed\milestone_3\images\waymo\external\2105808889850693535_2295_720_2315_720_1511129121978849.png,1,0,1,0,0,1,0.166176,0.105573,1.5,640,640,12,300
waymo,rtdetr,2105808889850693535_2295_720_2315_720_1511129122478878,data\processed\milestone_3\images\waymo\external\2105808889850693535_2295_720_2315_720_1511129122478878.png,1,0,1,0,0,1,0.291451,0.291451,1.5,640,640,12,300
waymo,rtdetr,2105808889850693535_2295_720_2315_720_1511129122978903,data\processed\milestone_3\images\waymo\external\2105808889850693535_2295_720_2315_720_1511129122978903.png,1,0,1,0,0,1,0.271887,0.271887,1.5,640,640,12,300
waymo,rtdetr,2105808889850693535_2295_720_2315_720_1511129123478873,data\processed\milestone_3\images\waymo\external\2105808889850693535_2295_720_2315_720_1511129123478873.png,1,0,1,0,0,1,0.296547,0.296547,1.5,640,640,12,300
waymo,rtdetr,2105808889850693535_2295_720_2315_720_1511129123978828,data\processed\milestone_3\images\waymo\external\2105808889850693535_2295_720_2315_720_1511129123978828.png,1,0,1,0,0,1,0.359842,0.359842,1.5,640,640,11,300
waymo,rtdetr,2105808889850693535_2295_720_2315_720_1511129124478679,data\processed\milestone_3\images\waymo\external\2105808889850693535_2295_720_2315_720_1511129124478679.png,1,0,1,0,0,1,0.37037,0.37037,1.5,640,640,9,300
waymo,rtdetr,2105808889850693535_2295_720_2315_720_1511129126478948,data\processed\milestone_3\images\waymo\external\2105808889850693535_2295_720_2315_720_1511129126478948.png,1,0,1,0,0,1,0.0,0.0,1.5,640,640,7,300
waymo,rtdetr,2105808889850693535_2295_720_2315_720_1511129126979076,data\processed\milestone_3\images\waymo\external\2105808889850693535_2295_720_2315_720_1511129126979076.png,1,0,1,0,0,1,0.0,0.0,1.5,640,640,6,300
waymo,rtdetr,2105808889850693535_2295_720_2315_720_1511129127479014,data\processed\milestone_3\images\waymo\external\2105808889850693535_2295_720_2315_720_1511129127479014.png,1,0,1,0,0,1,0.0,0.0,1.5,640,640,6,300
waymo,rtdetr,2105808889850693535_2295_720_2315_720_1511129127979137,data\processed\milestone_3\images\waymo\external\2105808889850693535_2295_720_2315_720_1511129127979137.png,1,0,1,0,0,1,0.0,0.0,1.5,640,640,4,300
waymo,rtdetr,2105808889850693535_2295_720_2315_720_1511129128479158,data\processed\milestone_3\images\waymo\external\2105808889850693535_2295_720_2315_720_1511129128479158.png,1,0,1,0,0,1,0.0,0.0,1.5,640,640,4,300
waymo,rtdetr,2105808889850693535_2295_720_2315_720_1511129128979079,data\processed\milestone_3\images\waymo\external\2105808889850693535_2295_720_2315_720_1511129128979079.png,1,0,1,0,0,1,0.0,0.0,1.5,640,640,4,300
waymo,rtdetr,2105808889850693535_2295_720_2315_720_1511129129478987,data\processed\milestone_3\images\waymo\external\2105808889850693535_2295_720_2315_720_1511129129478987.png,1,0,1,0,0,1,0.0,0.0,1.5,640,640,4,300
waymo,rtdetr,2105808889850693535_2295_720_2315_720_1511129129979150,data\processed\milestone_3\images\waymo\external\2105808889850693535_2295_720_2315_720_1511129129979150.png,1,0,1,0,0,1,0.0,0.0,1.5,640,640,4,300
waymo,rtdetr,2105808889850693535_2295_720_2315_720_1511129130479115,data\processed\milestone_3\images\waymo\external\2105808889850693535_2295_720_2315_720_1511129130479115.png,1,0,1,0,0,1,0.0,0.0,1.5,640,640,4,300
waymo,rtdetr,2105808889850693535_2295_720_2315_720_1511129130978854,data\processed\milestone_3\images\waymo\external\2105808889850693535_2295_720_2315_720_1511129130978854.png,1,0,1,0,0,1,0.000359,0.000359,1.5,640,640,4,300
waymo,rtdetr,2105808889850693535_2295_720_2315_720_1511129131478616,data\processed\milestone_3\images\waymo\external\2105808889850693535_2295_720_2315_720_1511129131478616.png,1,0,1,0,0,1,0.0,0.0,1.5,640,640,4,300
waymo,rtdetr,2736377008667623133_2676_410_2696_410_1511721503494682,data\processed\milestone_3\images\waymo\external\2736377008667623133_2676_410_2696_410_1511721503494682.png,1,0,1,0,0,1,0.0,0.0,1.5,640,640,2,300
waymo,rtdetr,2736377008667623133_2676_410_2696_410_1511721508001085,data\processed\milestone_3\images\waymo\external\2736377008667623133_2676_410_2696_410_1511721508001085.png,1,0,1,0,0,1,0.0,0.0,1.5,640,640,4,300
waymo,rtdetr,2736377008667623133_2676_410_2696_410_1511721508500889,data\processed\milestone_3\images\waymo\external\2736377008667623133_2676_410_2696_410_1511721508500889.png,1,0,1,0,0,1,0.0,0.0,1.5,640,640,3,300
waymo,rtdetr,2736377008667623133_2676_410_2696_410_1511721509000708,data\processed\milestone_3\images\waymo\external\2736377008667623133_2676_410_2696_410_1511721509000708.png,1,0,1,0,0,1,0.0,0.0,1.5,640,640,3,300
waymo,rtdetr,2736377008667623133_2676_410_2696_410_1511721509500581,data\processed\milestone_3\images\waymo\external\2736377008667623133_2676_410_2696_410_1511721509500581.png,1,0,1,0,0,1,0.0,0.0,1.5,640,640,3,300
waymo,rtdetr,2736377008667623133_2676_410_2696_410_1511721510000596,data\processed\milestone_3\images\waymo\external\2736377008667623133_2676_410_2696_410_1511721510000596.png,1,0,1,0,0,1,0.0,0.0,1.5,640,640,3,300
waymo,rtdetr,2736377008667623133_2676_410_2696_410_1511721510500682,data\processed\milestone_3\images\waymo\external\2736377008667623133_2676_410_2696_410_1511721510500682.png,1,0,1,0,0,1,0.000675,0.071919,1.5,640,640,3,300
waymo,rtdetr,2736377008667623133_2676_410_2696_410_1511721511000845,data\processed\milestone_3\images\waymo\external\2736377008667623133_2676_410_2696_410_1511721511000845.png,1,0,1,0,0,1,0.0,0.068133,1.5,640,640,3,300
waymo,rtdetr,2736377008667623133_2676_410_2696_410_1511721511500703,data\processed\milestone_3\images\waymo\external\2736377008667623133_2676_410_2696_410_1511721511500703.png,1,0,1,0,0,1,0.0,0.176144,1.5,640,640,3,300
waymo,rtdetr,2736377008667623133_2676_410_2696_410_1511721512000476,data\processed\milestone_3\images\waymo\external\2736377008667623133_2676_410_2696_410_1511721512000476.png,1,0,1,0,0,1,0.0,0.070024,1.5,640,640,3,300
waymo,rtdetr,2736377008667623133_2676_410_2696_410_1511721512500131,data\processed\milestone_3\images\waymo\external\2736377008667623133_2676_410_2696_410_1511721512500131.png,1,0,1,0,0,1,0.0,0.165537,1.5,640,640,3,300
waymo,rtdetr,2736377008667623133_2676_410_2696_410_1511721512999749,data\processed\milestone_3\images\waymo\external\2736377008667623133_2676_410_2696_410_1511721512999749.png,1,0,1,0,0,1,0.0,0.102292,1.5,640,640,3,300
waymo,rtdetr,2736377008667623133_2676_410_2696_410_1511721513499447,data\processed\milestone_3\images\waymo\external\2736377008667623133_2676_410_2696_410_1511721513499447.png,1,0,1,0,0,1,0.171334,0.097681,1.5,640,640,2,300
waymo,rtdetr,2736377008667623133_2676_410_2696_410_1511721513998928,data\processed\milestone_3\images\waymo\external\2736377008667623133_2676_410_2696_410_1511721513998928.png,1,0,1,0,0,1,0.0,0.0,1.5,640,640,2,300
waymo,rtdetr,2736377008667623133_2676_410_2696_410_1511721514498196,data\processed\milestone_3\images\waymo\external\2736377008667623133_2676_410_2696_410_1511721514498196.png,1,0,1,0,0,1,0.0,0.0,1.5,640,640,2,300
waymo,rtdetr,2736377008667623133_2676_410_2696_410_1511721514997563,data\processed\milestone_3\images\waymo\external\2736377008667623133_2676_410_2696_410_1511721514997563.png,1,0,1,0,0,1,0.0,0.0,1.5,640,640,2,300
waymo,rtdetr,2736377008667623133_2676_410_2696_410_1511721515497081,data\processed\milestone_3\images\waymo\external\2736377008667623133_2676_410_2696_410_1511721515497081.png,1,0,1,0,0,1,0.0,0.151332,1.5,640,640,2,300
waymo,rtdetr,2736377008667623133_2676_410_2696_410_1511721515996515,data\processed\milestone_3\images\waymo\external\2736377008667623133_2676_410_2696_410_1511721515996515.png,1,0,1,0,0,1,0.0,0.0,1.5,640,640,2,300
waymo,rtdetr,3039251927598134881_1240_610_1260_610_1507246314903924,data\processed\milestone_3\images\waymo\external\3039251927598134881_1240_610_1260_610_1507246314903924.png,1,0,1,0,0,1,0.0,0.059064,1.5,640,640,11,300
waymo,rtdetr,3039251927598134881_1240_610_1260_610_1507246315404362,data\processed\milestone_3\images\waymo\external\3039251927598134881_1240_610_1260_610_1507246315404362.png,1,0,1,0,0,1,0.0,0.022286,1.5,640,640,10,300
waymo,rtdetr,3039251927598134881_1240_610_1260_610_1507246315904862,data\processed\milestone_3\images\waymo\external\3039251927598134881_1240_610_1260_610_1507246315904862.png,1,0,1,0,0,1,0.02551,0.05948,1.5,640,640,10,300
waymo,rtdetr,6324079979569135086_2372_300_2392_300_1506988298258545,data\processed\milestone_3\images\waymo\external\6324079979569135086_2372_300_2392_300_1506988298258545.png,1,0,1,0,0,1,0.0,0.115044,1.5,640,640,30,300
waymo,rtdetr,6324079979569135086_2372_300_2392_300_1506988298758267,data\processed\milestone_3\images\waymo\external\6324079979569135086_2372_300_2392_300_1506988298758267.png,1,0,1,0,0,1,0.0,0.0,1.5,640,640,32,300
waymo,rtdetr,6324079979569135086_2372_300_2392_300_1506988299258081,data\processed\milestone_3\images\waymo\external\6324079979569135086_2372_300_2392_300_1506988299258081.png,1,0,1,0,0,1,0.0,0.005474,1.5,640,640,29,300
waymo,rtdetr,6324079979569135086_2372_300_2392_300_1506988299757707,data\processed\milestone_3\images\waymo\external\6324079979569135086_2372_300_2392_300_1506988299757707.png,1,0,1,0,0,1,0.282685,0.092514,1.5,640,640,28,300
waymo,rtdetr,6324079979569135086_2372_300_2392_300_1506988300257639,data\processed\milestone_3\images\waymo\external\6324079979569135086_2372_300_2392_300_1506988300257639.png,1,0,1,0,0,1,0.0,0.026934,1.5,640,640,27,300
waymo,rtdetr,6324079979569135086_2372_300_2392_300_1506988300757757,data\processed\milestone_3\images\waymo\external\6324079979569135086_2372_300_2392_300_1506988300757757.png,1,0,1,0,0,1,0.354004,0.354004,1.5,640,640,28,300
waymo,rtdetr,6324079979569135086_2372_300_2392_300_1506988301758169,data\processed\milestone_3\images\waymo\external\6324079979569135086_2372_300_2392_300_1506988301758169.png,1,0,1,0,0,1,0.327778,0.327778,1.5,640,640,25,300
waymo,rtdetr,6324079979569135086_2372_300_2392_300_1506988303759193,data\processed\milestone_3\images\waymo\external\6324079979569135086_2372_300_2392_300_1506988303759193.png,1,0,1,0,0,1,0.461323,0.461323,1.5,640,640,24,300
waymo,rtdetr,6324079979569135086_2372_300_2392_300_1506988304259196,data\processed\milestone_3\images\waymo\external\6324079979569135086_2372_300_2392_300_1506988304259196.png,1,0,1,0,0,1,0.356078,0.356078,1.5,640,640,26,300
waymo,rtdetr,6324079979569135086_2372_300_2392_300_1506988307258300,data\processed\milestone_3\images\waymo\external\6324079979569135086_2372_300_2392_300_1506988307258300.png,1,0,1,0,0,1,0.206217,0.206217,1.5,640,640,20,300
waymo,rtdetr,6324079979569135086_2372_300_2392_300_1506988307758217,data\processed\milestone_3\images\waymo\external\6324079979569135086_2372_300_2392_300_1506988307758217.png,1,0,1,0,0,1,0.325719,0.325719,1.5,640,640,23,300
waymo,rtdetr,6324079979569135086_2372_300_2392_300_1506988308258237,data\processed\milestone_3\images\waymo\external\6324079979569135086_2372_300_2392_300_1506988308258237.png,1,0,1,0,0,1,0.23909,0.267839,1.5,640,640,24,300
waymo,rtdetr,6324079979569135086_2372_300_2392_300_1506988308758146,data\processed\milestone_3\images\waymo\external\6324079979569135086_2372_300_2392_300_1506988308758146.png,1,0,1,0,0,1,0.208694,0.208694,1.5,640,640,23,300
waymo,rtdetr,6324079979569135086_2372_300_2392_300_1506988309258013,data\processed\milestone_3\images\waymo\external\6324079979569135086_2372_300_2392_300_1506988309258013.png,1,0,1,0,0,1,0.192974,0.192974,1.5,640,640,24,300
waymo,rtdetr,9041488218266405018_6454_030_6474_030_1508979404318837,data\processed\milestone_3\images\waymo\external\9041488218266405018_6454_030_6474_030_1508979404318837.png,1,0,1,0,0,1,0.337745,0.337745,1.5,640,640,9,300
waymo,rtdetr,933621182106051783_4160_000_4180_000_1543516677272349,data\processed\milestone_3\images\waymo\external\933621182106051783_4160_000_4180_000_1543516677272349.png,1,0,1,0,0,1,0.298271,0.0,1.5,640,640,35,300
waymo,rtdetr,933621182106051783_4160_000_4180_000_1543516678772443,data\processed\milestone_3\images\waymo\external\933621182106051783_4160_000_4180_000_1543516678772443.png,1,0,1,0,0,1,0.0,0.014361,1.5,640,640,25,300
waymo,rtdetr,933621182106051783_4160_000_4180_000_1543516679272590,data\processed\milestone_3\images\waymo\external\933621182106051783_4160_000_4180_000_1543516679272590.png,1,0,1,0,0,1,0.0,0.004758,1.5,640,640,22,300
waymo,rtdetr,933621182106051783_4160_000_4180_000_1543516680272804,data\processed\milestone_3\images\waymo\external\933621182106051783_4160_000_4180_000_1543516680272804.png,1,0,1,0,0,1,0.0,0.01202,1.5,640,640,25,300
waymo,rtdetr,933621182106051783_4160_000_4180_000_1543516681772503,data\processed\milestone_3\images\waymo\external\933621182106051783_4160_000_4180_000_1543516681772503.png,1,0,1,0,0,1,0.0,0.022987,1.5,640,640,23,300
waymo,rtdetr,933621182106051783_4160_000_4180_000_1543516682272525,data\processed\milestone_3\images\waymo\external\933621182106051783_4160_000_4180_000_1543516682272525.png,1,0,1,0,0,1,0.0,0.013426,1.5,640,640,29,300
waymo,rtdetr,933621182106051783_4160_000_4180_000_1543516683772644,data\processed\milestone_3\images\waymo\external\933621182106051783_4160_000_4180_000_1543516683772644.png,1,0,1,0,0,1,0.051958,0.00038,1.5,640,640,31,300
waymo,rtdetr,933621182106051783_4160_000_4180_000_1543516684272735,data\processed\milestone_3\images\waymo\external\933621182106051783_4160_000_4180_000_1543516684272735.png,1,0,1,0,0,1,0.0,0.001161,1.5,640,640,29,300
waymo,rtdetr,933621182106051783_4160_000_4180_000_1543516684772668,data\processed\milestone_3\images\waymo\external\933621182106051783_4160_000_4180_000_1543516684772668.png,1,0,1,0,0,1,0.0,0.001053,1.5,640,640,30,300
waymo,rtdetr,933621182106051783_4160_000_4180_000_1543516685272552,data\processed\milestone_3\images\waymo\external\933621182106051783_4160_000_4180_000_1543516685272552.png,1,0,1,0,0,1,0.0,0.001027,1.5,640,640,31,300
waymo,rtdetr,933621182106051783_4160_000_4180_000_1543516685772579,data\processed\milestone_3\images\waymo\external\933621182106051783_4160_000_4180_000_1543516685772579.png,1,0,1,0,0,1,0.0,0.000776,1.5,640,640,32,300
waymo,rtdetr,933621182106051783_4160_000_4180_000_1543516686272690,data\processed\milestone_3\images\waymo\external\933621182106051783_4160_000_4180_000_1543516686272690.png,1,0,1,0,0,1,0.0,0.000758,1.5,640,640,29,300
waymo,rtdetr,933621182106051783_4160_000_4180_000_1543516688772624,data\processed\milestone_3\images\waymo\external\933621182106051783_4160_000_4180_000_1543516688772624.png,1,0,1,0,0,1,0.02473,0.000756,1.5,640,640,29,300
waymo,rtdetr,933621182106051783_4160_000_4180_000_1543516689272642,data\processed\milestone_3\images\waymo\external\933621182106051783_4160_000_4180_000_1543516689272642.png,1,0,1,0,0,1,0.0,0.001175,1.5,640,640,30,300
waymo,rtdetr,933621182106051783_4160_000_4180_000_1543516689772638,data\processed\milestone_3\images\waymo\external\933621182106051783_4160_000_4180_000_1543516689772638.png,1,0,1,0,0,1,0.0,0.001439,1.5,640,640,24,300
kitti,retinanet,000065,data\processed\milestone_3\images\kitti\val\000065.png,1,0,1,0,0,1,0.418243,0.075256,1.5,640,640,6,300
kitti,retinanet,000146,data\processed\milestone_3\images\kitti\val\000146.png,1,0,1,0,0,1,0.0,0.156587,1.5,640,640,17,300
kitti,retinanet,000223,data\processed\milestone_3\images\kitti\val\000223.png,1,0,1,0,0,1,0.278262,0.255127,1.5,640,640,4,293
kitti,retinanet,000275,data\processed\milestone_3\images\kitti\val\000275.png,1,0,1,0,0,1,0.154738,0.154738,1.5,640,640,9,300
kitti,retinanet,000436,data\processed\milestone_3\images\kitti\val\000436.png,1,0,1,0,0,1,0.464445,0.746613,1.5,640,640,11,300
kitti,retinanet,000471,data\processed\milestone_3\images\kitti\val\000471.png,1,0,1,0,0,1,0.204015,0.177676,1.5,640,640,9,297
kitti,retinanet,000599,data\processed\milestone_3\images\kitti\val\000599.png,1,0,1,0,0,1,0.126764,0.199355,1.5,640,640,9,300
kitti,retinanet,000613,data\processed\milestone_3\images\kitti\val\000613.png,1,0,1,0,0,1,0.448907,0.43405,1.5,640,640,14,258
kitti,retinanet,000705,data\processed\milestone_3\images\kitti\val\000705.png,1,0,1,0,0,1,0.211721,0.253231,1.5,640,640,5,260
kitti,retinanet,000761,data\processed\milestone_3\images\kitti\val\000761.png,1,0,1,0,0,1,0.3791,0.261989,1.5,640,640,3,298
kitti,retinanet,000961,data\processed\milestone_3\images\kitti\val\000961.png,1,0,1,0,0,1,0.399303,0.507294,1.5,640,640,7,300
kitti,retinanet,000982,data\processed\milestone_3\images\kitti\val\000982.png,1,0,1,0,0,1,0.153433,0.394568,1.5,640,640,11,300
kitti,retinanet,001050,data\processed\milestone_3\images\kitti\val\001050.png,1,0,1,0,0,1,0.0,0.282117,1.5,640,640,14,262
kitti,retinanet,001068,data\processed\milestone_3\images\kitti\val\001068.png,1,0,1,0,0,1,0.281288,0.32914,1.5,640,640,8,300
kitti,retinanet,001069,data\processed\milestone_3\images\kitti\val\001069.png,1,0,1,0,0,1,0.426502,0.595091,1.5,640,640,8,262
kitti,retinanet,001207,data\processed\milestone_3\images\kitti\val\001207.png,1,0,1,0,0,1,0.465914,0.412459,1.5,640,640,6,300
kitti,retinanet,001262,data\processed\milestone_3\images\kitti\val\001262.png,1,0,1,0,0,1,0.365611,0.455777,1.5,640,640,14,280
kitti,retinanet,001286,data\processed\milestone_3\images\kitti\val\001286.png,1,0,1,0,0,1,0.184633,0.184633,1.5,640,640,3,300
kitti,retinanet,001422,data\processed\milestone_3\images\kitti\val\001422.png,1,0,1,0,0,1,0.061893,0.502912,1.5,640,640,10,286
kitti,retinanet,001644,data\processed\milestone_3\images\kitti\val\001644.png,1,0,1,0,0,1,0.0,0.518589,1.5,640,640,10,271
kitti,retinanet,001667,data\processed\milestone_3\images\kitti\val\001667.png,1,0,1,0,0,1,0.479468,0.157612,1.5,640,640,6,251
kitti,retinanet,001672,data\processed\milestone_3\images\kitti\val\001672.png,1,0,1,0,0,1,0.0,0.633356,1.5,640,640,15,180
kitti,retinanet,002301,data\processed\milestone_3\images\kitti\val\002301.png,1,0,1,0,0,1,0.353325,0.336259,1.5,640,640,5,258
kitti,retinanet,002393,data\processed\milestone_3\images\kitti\val\002393.png,1,0,1,0,0,1,0.497362,0.465214,1.5,640,640,8,300
kitti,retinanet,002424,data\processed\milestone_3\images\kitti\val\002424.png,1,0,1,0,0,1,0.0,0.011596,1.5,640,640,3,270
kitti,retinanet,002609,data\processed\milestone_3\images\kitti\val\002609.png,1,0,1,0,0,1,0.142297,0.283971,1.5,640,640,9,217
kitti,retinanet,002681,data\processed\milestone_3\images\kitti\val\002681.png,1,0,1,0,0,1,0.418749,0.419206,1.5,640,640,7,300
kitti,retinanet,002780,data\processed\milestone_3\images\kitti\val\002780.png,1,0,1,0,0,1,0.385654,0.412078,1.5,640,640,9,255
kitti,retinanet,002864,data\processed\milestone_3\images\kitti\val\002864.png,1,0,1,0,0,1,0.09235,0.274919,1.5,640,640,9,300
kitti,retinanet,003480,data\processed\milestone_3\images\kitti\val\003480.png,1,0,1,0,0,1,0.454843,0.339209,1.5,640,640,8,300
kitti,retinanet,003487,data\processed\milestone_3\images\kitti\val\003487.png,1,0,1,0,0,1,0.194666,0.74363,1.5,640,640,11,279
kitti,retinanet,003526,data\processed\milestone_3\images\kitti\val\003526.png,1,0,1,0,0,1,0.185523,0.454906,1.5,640,640,10,300
kitti,retinanet,003709,data\processed\milestone_3\images\kitti\val\003709.png,1,0,1,0,0,1,0.386168,0.358244,1.5,640,640,9,297
kitti,retinanet,004088,data\processed\milestone_3\images\kitti\val\004088.png,1,0,1,0,0,1,0.308968,0.206967,1.5,640,640,5,204
kitti,retinanet,004094,data\processed\milestone_3\images\kitti\val\004094.png,1,0,1,0,0,1,0.442995,0.528027,1.5,640,640,4,300
kitti,retinanet,004098,data\processed\milestone_3\images\kitti\val\004098.png,1,0,1,0,0,1,0.440037,0.333772,1.5,640,640,8,299
kitti,retinanet,004142,data\processed\milestone_3\images\kitti\val\004142.png,1,0,1,0,0,1,0.0,0.0,1.5,640,640,13,300
kitti,retinanet,004170,data\processed\milestone_3\images\kitti\val\004170.png,1,0,1,0,0,1,0.142937,0.688688,1.5,640,640,17,172
kitti,retinanet,004338,data\processed\milestone_3\images\kitti\val\004338.png,1,0,1,0,0,1,0.449982,0.694323,1.5,640,640,15,210
kitti,retinanet,004343,data\processed\milestone_3\images\kitti\val\004343.png,1,0,1,0,0,1,0.0,0.261885,1.5,640,640,2,298
kitti,retinanet,004569,data\processed\milestone_3\images\kitti\val\004569.png,1,0,1,0,0,1,0.001412,0.001412,1.5,640,640,5,300
kitti,retinanet,004665,data\processed\milestone_3\images\kitti\val\004665.png,1,0,1,0,0,1,0.327869,0.271914,1.5,640,640,9,300
kitti,retinanet,004757,data\processed\milestone_3\images\kitti\val\004757.png,1,0,1,0,0,1,0.342513,0.392674,1.5,640,640,3,289
kitti,retinanet,004837,data\processed\milestone_3\images\kitti\val\004837.png,1,0,1,0,0,1,0.460978,0.531258,1.5,640,640,12,300
kitti,retinanet,004983,data\processed\milestone_3\images\kitti\val\004983.png,1,0,1,0,0,1,0.490962,0.450677,1.5,640,640,13,300
kitti,retinanet,005097,data\processed\milestone_3\images\kitti\val\005097.png,1,0,1,0,0,1,0.0,0.096173,1.5,640,640,9,300
kitti,retinanet,005131,data\processed\milestone_3\images\kitti\val\005131.png,1,0,1,0,0,1,0.45516,0.367999,1.5,640,640,11,295
kitti,retinanet,005510,data\processed\milestone_3\images\kitti\val\005510.png,1,0,1,0,0,1,0.357349,0.585504,1.5,640,640,13,300
kitti,retinanet,005536,data\processed\milestone_3\images\kitti\val\005536.png,1,0,1,0,0,1,0.483185,0.647416,1.5,640,640,5,300
kitti,retinanet,005540,data\processed\milestone_3\images\kitti\val\005540.png,1,0,1,0,0,1,0.0,0.011938,1.5,640,640,3,300
kitti,retinanet,005604,data\processed\milestone_3\images\kitti\val\005604.png,1,0,1,0,0,1,0.442203,0.561269,1.5,640,640,10,250
kitti,retinanet,005617,data\processed\milestone_3\images\kitti\val\005617.png,1,0,1,0,0,1,0.339647,0.520543,1.5,640,640,12,300
kitti,retinanet,005743,data\processed\milestone_3\images\kitti\val\005743.png,1,0,1,0,0,1,0.324313,0.439615,1.5,640,640,7,294
kitti,retinanet,005771,data\processed\milestone_3\images\kitti\val\005771.png,1,0,1,0,0,1,0.307664,0.611018,1.5,640,640,9,266
kitti,retinanet,005918,data\processed\milestone_3\images\kitti\val\005918.png,1,0,1,0,0,1,0.313893,0.232682,1.5,640,640,6,257
kitti,retinanet,006024,data\processed\milestone_3\images\kitti\val\006024.png,1,0,1,0,0,1,0.23499,0.479147,1.5,640,640,5,300
kitti,retinanet,006051,data\processed\milestone_3\images\kitti\val\006051.png,1,0,1,0,0,1,0.202696,0.752639,1.5,640,640,6,254
kitti,retinanet,006221,data\processed\milestone_3\images\kitti\val\006221.png,1,0,1,0,0,1,0.332099,0.665165,1.5,640,640,7,300
kitti,retinanet,006298,data\processed\milestone_3\images\kitti\val\006298.png,1,0,1,0,0,1,0.0,0.282095,1.5,640,640,7,300
kitti,retinanet,006395,data\processed\milestone_3\images\kitti\val\006395.png,1,0,1,0,0,1,0.468686,0.478711,1.5,640,640,9,300
kitti,retinanet,006496,data\processed\milestone_3\images\kitti\val\006496.png,1,0,1,0,0,1,0.389088,0.621183,1.5,640,640,10,284
kitti,retinanet,006528,data\processed\milestone_3\images\kitti\val\006528.png,1,0,1,0,0,1,0.0,0.514967,1.5,640,640,12,198
kitti,retinanet,006617,data\processed\milestone_3\images\kitti\val\006617.png,1,0,1,0,0,1,0.420353,0.790541,1.5,640,640,6,248
kitti,retinanet,006649,data\processed\milestone_3\images\kitti\val\006649.png,1,0,1,0,0,1,0.480727,0.276413,1.5,640,640,8,300
kitti,retinanet,006744,data\processed\milestone_3\images\kitti\val\006744.png,1,0,1,0,0,1,0.47898,0.536461,1.5,640,640,4,300
kitti,retinanet,006768,data\processed\milestone_3\images\kitti\val\006768.png,1,0,1,0,0,1,0.4798,0.238473,1.5,640,640,8,300
kitti,retinanet,007182,data\processed\milestone_3\images\kitti\val\007182.png,1,0,1,0,0,1,0.227827,0.43277,1.5,640,640,11,300
waymo,retinanet,12657584952502228282_3940_000_3960_000_1549937213898785,data\processed\milestone_3\images\waymo\external\12657584952502228282_3940_000_3960_000_1549937213898785.png,1,0,1,0,0,1,0.0,0.0,1.5,640,640,34,11
waymo,retinanet,12657584952502228282_3940_000_3960_000_1549937214398878,data\processed\milestone_3\images\waymo\external\12657584952502228282_3940_000_3960_000_1549937214398878.png,1,0,1,0,0,1,0.0,0.0,1.5,640,640,33,13
waymo,retinanet,12657584952502228282_3940_000_3960_000_1549937222399274,data\processed\milestone_3\images\waymo\external\12657584952502228282_3940_000_3960_000_1549937222399274.png,1,0,1,0,0,1,0.0,0.005168,1.5,640,640,23,13
waymo,retinanet,12657584952502228282_3940_000_3960_000_1549937222899266,data\processed\milestone_3\images\waymo\external\12657584952502228282_3940_000_3960_000_1549937222899266.png,1,0,1,0,0,1,0.0,0.0,1.5,640,640,23,12
waymo,retinanet,12657584952502228282_3940_000_3960_000_1549937223898628,data\processed\milestone_3\images\waymo\external\12657584952502228282_3940_000_3960_000_1549937223898628.png,1,0,1,0,0,1,0.0,0.036942,1.5,640,640,24,15
waymo,retinanet,12657584952502228282_3940_000_3960_000_1549937224398546,data\processed\milestone_3\images\waymo\external\12657584952502228282_3940_000_3960_000_1549937224398546.png,1,0,1,0,0,1,0.0,0.0,1.5,640,640,24,12
waymo,retinanet,13356997604177841771_3360_000_3380_000_1557267392587594,data\processed\milestone_3\images\waymo\external\13356997604177841771_3360_000_3380_000_1557267392587594.png,1,0,1,0,0,1,0.0,0.0,1.5,640,640,36,24
waymo,retinanet,13356997604177841771_3360_000_3380_000_1557267393087606,data\processed\milestone_3\images\waymo\external\13356997604177841771_3360_000_3380_000_1557267393087606.png,1,0,1,0,0,1,0.0,0.0,1.5,640,640,33,20
waymo,retinanet,13356997604177841771_3360_000_3380_000_1557267393587645,data\processed\milestone_3\images\waymo\external\13356997604177841771_3360_000_3380_000_1557267393587645.png,1,0,1,0,0,1,0.35026,0.0,1.5,640,640,30,12
waymo,retinanet,14107757919671295130_3546_370_3566_370_1511668658759576,data\processed\milestone_3\images\waymo\external\14107757919671295130_3546_370_3566_370_1511668658759576.png,1,0,1,0,0,1,0.0,0.0,1.5,640,640,19,1
waymo,retinanet,14107757919671295130_3546_370_3566_370_1511668660359692,data\processed\milestone_3\images\waymo\external\14107757919671295130_3546_370_3566_370_1511668660359692.png,1,0,1,0,0,1,0.0,0.0,1.5,640,640,16,0
waymo,retinanet,14107757919671295130_3546_370_3566_370_1511668662860306,data\processed\milestone_3\images\waymo\external\14107757919671295130_3546_370_3566_370_1511668662860306.png,1,0,1,0,0,1,0.0,0.0,1.5,640,640,20,1
waymo,retinanet,14300007604205869133_1160_000_1180_000_1544753127275736,data\processed\milestone_3\images\waymo\external\14300007604205869133_1160_000_1180_000_1544753127275736.png,1,0,1,0,0,1,0.0,0.0,1.5,640,640,22,3
waymo,retinanet,14300007604205869133_1160_000_1180_000_1544753127775376,data\processed\milestone_3\images\waymo\external\14300007604205869133_1160_000_1180_000_1544753127775376.png,1,0,1,0,0,1,0.0,0.0,1.5,640,640,21,1
waymo,retinanet,14300007604205869133_1160_000_1180_000_1544753128274997,data\processed\milestone_3\images\waymo\external\14300007604205869133_1160_000_1180_000_1544753128274997.png,1,0,1,0,0,1,0.0,0.0,1.5,640,640,22,3
waymo,retinanet,14300007604205869133_1160_000_1180_000_1544753128774321,data\processed\milestone_3\images\waymo\external\14300007604205869133_1160_000_1180_000_1544753128774321.png,1,0,1,0,0,1,0.0,0.0,1.5,640,640,28,5
waymo,retinanet,14300007604205869133_1160_000_1180_000_1544753129273865,data\processed\milestone_3\images\waymo\external\14300007604205869133_1160_000_1180_000_1544753129273865.png,1,0,1,0,0,1,0.0,0.0,1.5,640,640,28,6
waymo,retinanet,14300007604205869133_1160_000_1180_000_1544753129773621,data\processed\milestone_3\images\waymo\external\14300007604205869133_1160_000_1180_000_1544753129773621.png,1,0,1,0,0,1,0.0,0.0,1.5,640,640,27,6
waymo,retinanet,14300007604205869133_1160_000_1180_000_1544753130273617,data\processed\milestone_3\images\waymo\external\14300007604205869133_1160_000_1180_000_1544753130273617.png,1,0,1,0,0,1,0.0,0.0,1.5,640,640,27,8
waymo,retinanet,14300007604205869133_1160_000_1180_000_1544753130773776,data\processed\milestone_3\images\waymo\external\14300007604205869133_1160_000_1180_000_1544753130773776.png,1,0,1,0,0,1,0.0,0.0,1.5,640,640,28,6
waymo,retinanet,14300007604205869133_1160_000_1180_000_1544753131273873,data\processed\milestone_3\images\waymo\external\14300007604205869133_1160_000_1180_000_1544753131273873.png,1,0,1,0,0,1,0.0,0.0,1.5,640,640,31,9
waymo,retinanet,14300007604205869133_1160_000_1180_000_1544753131773860,data\processed\milestone_3\images\waymo\external\14300007604205869133_1160_000_1180_000_1544753131773860.png,1,0,1,0,0,1,0.0,0.0,1.5,640,640,31,8
waymo,retinanet,2105808889850693535_2295_720_2315_720_1511129123478873,data\processed\milestone_3\images\waymo\external\2105808889850693535_2295_720_2315_720_1511129123478873.png,1,0,1,0,0,1,0.0,0.341102,1.5,640,640,12,4
waymo,retinanet,2105808889850693535_2295_720_2315_720_1511129123978828,data\processed\milestone_3\images\waymo\external\2105808889850693535_2295_720_2315_720_1511129123978828.png,1,0,1,0,0,1,0.0,0.318996,1.5,640,640,11,3
waymo,retinanet,2105808889850693535_2295_720_2315_720_1511129126478948,data\processed\milestone_3\images\waymo\external\2105808889850693535_2295_720_2315_720_1511129126478948.png,1,0,1,0,0,1,0.0,0.0,1.5,640,640,7,3
waymo,retinanet,2105808889850693535_2295_720_2315_720_1511129126979076,data\processed\milestone_3\images\waymo\external\2105808889850693535_2295_720_2315_720_1511129126979076.png,1,0,1,0,0,1,0.0,0.0,1.5,640,640,6,1
waymo,retinanet,2105808889850693535_2295_720_2315_720_1511129127479014,data\processed\milestone_3\images\waymo\external\2105808889850693535_2295_720_2315_720_1511129127479014.png,1,0,1,0,0,1,0.0,0.0,1.5,640,640,6,3
waymo,retinanet,2105808889850693535_2295_720_2315_720_1511129127979137,data\processed\milestone_3\images\waymo\external\2105808889850693535_2295_720_2315_720_1511129127979137.png,1,0,1,0,0,1,0.0,0.0,1.5,640,640,4,0
waymo,retinanet,2105808889850693535_2295_720_2315_720_1511129128479158,data\processed\milestone_3\images\waymo\external\2105808889850693535_2295_720_2315_720_1511129128479158.png,1,0,1,0,0,1,0.0,0.0,1.5,640,640,4,0
waymo,retinanet,2105808889850693535_2295_720_2315_720_1511129128979079,data\processed\milestone_3\images\waymo\external\2105808889850693535_2295_720_2315_720_1511129128979079.png,1,0,1,0,0,1,0.0,0.0,1.5,640,640,4,0
waymo,retinanet,2105808889850693535_2295_720_2315_720_1511129129478987,data\processed\milestone_3\images\waymo\external\2105808889850693535_2295_720_2315_720_1511129129478987.png,1,0,1,0,0,1,0.0,0.0,1.5,640,640,4,2
waymo,retinanet,2105808889850693535_2295_720_2315_720_1511129129979150,data\processed\milestone_3\images\waymo\external\2105808889850693535_2295_720_2315_720_1511129129979150.png,1,0,1,0,0,1,0.0,0.0,1.5,640,640,4,2
waymo,retinanet,2105808889850693535_2295_720_2315_720_1511129130479115,data\processed\milestone_3\images\waymo\external\2105808889850693535_2295_720_2315_720_1511129130479115.png,1,0,1,0,0,1,0.0,0.0,1.5,640,640,4,1
waymo,retinanet,2105808889850693535_2295_720_2315_720_1511129130978854,data\processed\milestone_3\images\waymo\external\2105808889850693535_2295_720_2315_720_1511129130978854.png,1,0,1,0,0,1,0.0,0.0,1.5,640,640,4,2
waymo,retinanet,2105808889850693535_2295_720_2315_720_1511129131478616,data\processed\milestone_3\images\waymo\external\2105808889850693535_2295_720_2315_720_1511129131478616.png,1,0,1,0,0,1,0.0,0.0,1.5,640,640,4,1
waymo,retinanet,2736377008667623133_2676_410_2696_410_1511721508500889,data\processed\milestone_3\images\waymo\external\2736377008667623133_2676_410_2696_410_1511721508500889.png,1,0,1,0,0,1,0.0,0.0,1.5,640,640,3,2
waymo,retinanet,2736377008667623133_2676_410_2696_410_1511721509500581,data\processed\milestone_3\images\waymo\external\2736377008667623133_2676_410_2696_410_1511721509500581.png,1,0,1,0,0,1,0.0,0.0,1.5,640,640,3,5
waymo,retinanet,2736377008667623133_2676_410_2696_410_1511721510000596,data\processed\milestone_3\images\waymo\external\2736377008667623133_2676_410_2696_410_1511721510000596.png,1,0,1,0,0,1,0.0,0.0,1.5,640,640,3,2
waymo,retinanet,2736377008667623133_2676_410_2696_410_1511721510500682,data\processed\milestone_3\images\waymo\external\2736377008667623133_2676_410_2696_410_1511721510500682.png,1,0,1,0,0,1,0.0,0.0,1.5,640,640,3,3
waymo,retinanet,2736377008667623133_2676_410_2696_410_1511721512500131,data\processed\milestone_3\images\waymo\external\2736377008667623133_2676_410_2696_410_1511721512500131.png,1,0,1,0,0,1,0.0,0.0,1.5,640,640,3,2
waymo,retinanet,2736377008667623133_2676_410_2696_410_1511721513499447,data\processed\milestone_3\images\waymo\external\2736377008667623133_2676_410_2696_410_1511721513499447.png,1,0,1,0,0,1,0.0,0.0,1.5,640,640,2,2
waymo,retinanet,2736377008667623133_2676_410_2696_410_1511721513998928,data\processed\milestone_3\images\waymo\external\2736377008667623133_2676_410_2696_410_1511721513998928.png,1,0,1,0,0,1,0.0,0.0,1.5,640,640,2,2
waymo,retinanet,2736377008667623133_2676_410_2696_410_1511721514498196,data\processed\milestone_3\images\waymo\external\2736377008667623133_2676_410_2696_410_1511721514498196.png,1,0,1,0,0,1,0.0,0.0,1.5,640,640,2,1
waymo,retinanet,2736377008667623133_2676_410_2696_410_1511721514997563,data\processed\milestone_3\images\waymo\external\2736377008667623133_2676_410_2696_410_1511721514997563.png,1,0,1,0,0,1,0.0,0.0,1.5,640,640,2,2
waymo,retinanet,2736377008667623133_2676_410_2696_410_1511721515497081,data\processed\milestone_3\images\waymo\external\2736377008667623133_2676_410_2696_410_1511721515497081.png,1,0,1,0,0,1,0.0,0.0,1.5,640,640,2,2
waymo,retinanet,2736377008667623133_2676_410_2696_410_1511721515996515,data\processed\milestone_3\images\waymo\external\2736377008667623133_2676_410_2696_410_1511721515996515.png,1,0,1,0,0,1,0.0,0.0,1.5,640,640,2,2
waymo,retinanet,3039251927598134881_1240_610_1260_610_1507246314903924,data\processed\milestone_3\images\waymo\external\3039251927598134881_1240_610_1260_610_1507246314903924.png,1,0,1,0,0,1,0.0,0.0,1.5,640,640,11,4
waymo,retinanet,3039251927598134881_1240_610_1260_610_1507246315404362,data\processed\milestone_3\images\waymo\external\3039251927598134881_1240_610_1260_610_1507246315404362.png,1,0,1,0,0,1,0.0,0.0,1.5,640,640,10,2
waymo,retinanet,3039251927598134881_1240_610_1260_610_1507246315904862,data\processed\milestone_3\images\waymo\external\3039251927598134881_1240_610_1260_610_1507246315904862.png,1,0,1,0,0,1,0.0,0.0,1.5,640,640,10,3
waymo,retinanet,6324079979569135086_2372_300_2392_300_1506988299258081,data\processed\milestone_3\images\waymo\external\6324079979569135086_2372_300_2392_300_1506988299258081.png,1,0,1,0,0,1,0.0,0.0,1.5,640,640,29,8
waymo,retinanet,6324079979569135086_2372_300_2392_300_1506988299757707,data\processed\milestone_3\images\waymo\external\6324079979569135086_2372_300_2392_300_1506988299757707.png,1,0,1,0,0,1,0.0,0.0,1.5,640,640,28,12
waymo,retinanet,6324079979569135086_2372_300_2392_300_1506988300257639,data\processed\milestone_3\images\waymo\external\6324079979569135086_2372_300_2392_300_1506988300257639.png,1,0,1,0,0,1,0.0,0.0,1.5,640,640,27,13
waymo,retinanet,6324079979569135086_2372_300_2392_300_1506988300757757,data\processed\milestone_3\images\waymo\external\6324079979569135086_2372_300_2392_300_1506988300757757.png,1,0,1,0,0,1,0.0,0.0,1.5,640,640,28,12
waymo,retinanet,6324079979569135086_2372_300_2392_300_1506988301758169,data\processed\milestone_3\images\waymo\external\6324079979569135086_2372_300_2392_300_1506988301758169.png,1,0,1,0,0,1,0.0,0.0,1.5,640,640,25,19
waymo,retinanet,6324079979569135086_2372_300_2392_300_1506988303259080,data\processed\milestone_3\images\waymo\external\6324079979569135086_2372_300_2392_300_1506988303259080.png,1,0,1,0,0,1,0.0,0.008751,1.5,640,640,25,12
waymo,retinanet,6324079979569135086_2372_300_2392_300_1506988303759193,data\processed\milestone_3\images\waymo\external\6324079979569135086_2372_300_2392_300_1506988303759193.png,1,0,1,0,0,1,0.0,0.0,1.5,640,640,24,12
waymo,retinanet,6324079979569135086_2372_300_2392_300_1506988304259196,data\processed\milestone_3\images\waymo\external\6324079979569135086_2372_300_2392_300_1506988304259196.png,1,0,1,0,0,1,0.0,0.0,1.5,640,640,26,11
waymo,retinanet,6324079979569135086_2372_300_2392_300_1506988304759010,data\processed\milestone_3\images\waymo\external\6324079979569135086_2372_300_2392_300_1506988304759010.png,1,0,1,0,0,1,0.0,0.0,1.5,640,640,26,11
waymo,retinanet,6324079979569135086_2372_300_2392_300_1506988307258300,data\processed\milestone_3\images\waymo\external\6324079979569135086_2372_300_2392_300_1506988307258300.png,1,0,1,0,0,1,0.0,0.0,1.5,640,640,20,10
waymo,retinanet,6324079979569135086_2372_300_2392_300_1506988307758217,data\processed\milestone_3\images\waymo\external\6324079979569135086_2372_300_2392_300_1506988307758217.png,1,0,1,0,0,1,0.170164,0.0,1.5,640,640,23,10
waymo,retinanet,6324079979569135086_2372_300_2392_300_1506988308258237,data\processed\milestone_3\images\waymo\external\6324079979569135086_2372_300_2392_300_1506988308258237.png,1,0,1,0,0,1,0.0,0.014993,1.5,640,640,24,13
waymo,retinanet,6324079979569135086_2372_300_2392_300_1506988308758146,data\processed\milestone_3\images\waymo\external\6324079979569135086_2372_300_2392_300_1506988308758146.png,1,0,1,0,0,1,0.0,0.0,1.5,640,640,23,12
waymo,retinanet,9041488218266405018_6454_030_6474_030_1508979405318219,data\processed\milestone_3\images\waymo\external\9041488218266405018_6454_030_6474_030_1508979405318219.png,1,0,1,0,0,1,0.0,0.0,1.5,640,640,7,3
waymo,retinanet,9041488218266405018_6454_030_6474_030_1508979405817759,data\processed\milestone_3\images\waymo\external\9041488218266405018_6454_030_6474_030_1508979405817759.png,1,0,1,0,0,1,0.0,0.0,1.5,640,640,5,3
waymo,retinanet,9041488218266405018_6454_030_6474_030_1508979406317047,data\processed\milestone_3\images\waymo\external\9041488218266405018_6454_030_6474_030_1508979406317047.png,1,0,1,0,0,1,0.0,0.0,1.5,640,640,5,2
waymo,retinanet,933621182106051783_4160_000_4180_000_1543516678772443,data\processed\milestone_3\images\waymo\external\933621182106051783_4160_000_4180_000_1543516678772443.png,1,0,1,0,0,1,0.0,0.0,1.5,640,640,25,15
waymo,retinanet,933621182106051783_4160_000_4180_000_1543516679272590,data\processed\milestone_3\images\waymo\external\933621182106051783_4160_000_4180_000_1543516679272590.png,1,0,1,0,0,1,0.0,0.0,1.5,640,640,22,9
waymo,retinanet,933621182106051783_4160_000_4180_000_1543516682272525,data\processed\milestone_3\images\waymo\external\933621182106051783_4160_000_4180_000_1543516682272525.png,1,0,1,0,0,1,0.0,0.0,1.5,640,640,29,7
waymo,retinanet,933621182106051783_4160_000_4180_000_1543516684772668,data\processed\milestone_3\images\waymo\external\933621182106051783_4160_000_4180_000_1543516684772668.png,1,0,1,0,0,1,0.0,0.0,1.5,640,640,30,6
waymo,retinanet,933621182106051783_4160_000_4180_000_1543516688772624,data\processed\milestone_3\images\waymo\external\933621182106051783_4160_000_4180_000_1543516688772624.png,1,0,1,0,0,1,0.0,0.0,1.5,640,640,29,9
waymo,retinanet,933621182106051783_4160_000_4180_000_1543516689272642,data\processed\milestone_3\images\waymo\external\933621182106051783_4160_000_4180_000_1543516689272642.png,1,0,1,0,0,1,0.0,0.0,1.5,640,640,30,5
waymo,retinanet,933621182106051783_4160_000_4180_000_1543516689772638,data\processed\milestone_3\images\waymo\external\933621182106051783_4160_000_4180_000_1543516689772638.png,1,0,1,0,0,1,0.0,0.0,1.5,640,640,24,3
kitti,faster_rcnn,000223,data\processed\milestone_3\images\kitti\val\000223.png,1,0,1,0,0,1,0.406989,0.253944,1.5,640,640,4,51
kitti,faster_rcnn,000275,data\processed\milestone_3\images\kitti\val\000275.png,1,0,1,0,0,1,0.290251,0.258778,1.5,640,640,9,131
kitti,faster_rcnn,000471,data\processed\milestone_3\images\kitti\val\000471.png,1,0,1,0,0,1,0.288728,0.159176,1.5,640,640,9,55
kitti,faster_rcnn,000502,data\processed\milestone_3\images\kitti\val\000502.png,1,0,1,0,0,1,0.202821,0.059466,1.5,640,640,11,137
kitti,faster_rcnn,000522,data\processed\milestone_3\images\kitti\val\000522.png,1,0,1,0,0,1,0.461767,0.227966,1.5,640,640,8,35
kitti,faster_rcnn,000705,data\processed\milestone_3\images\kitti\val\000705.png,1,0,1,0,0,1,0.492154,0.390706,1.5,640,640,5,22
kitti,faster_rcnn,000761,data\processed\milestone_3\images\kitti\val\000761.png,1,0,1,0,0,1,0.427942,0.298469,1.5,640,640,3,46
kitti,faster_rcnn,001068,data\processed\milestone_3\images\kitti\val\001068.png,1,0,1,0,0,1,0.464198,0.315335,1.5,640,640,8,103
kitti,faster_rcnn,001262,data\processed\milestone_3\images\kitti\val\001262.png,1,0,1,0,0,1,0.494263,0.407315,1.5,640,640,14,100
kitti,faster_rcnn,001286,data\processed\milestone_3\images\kitti\val\001286.png,1,0,1,0,0,1,0.0,0.0,1.5,640,640,3,13
kitti,faster_rcnn,001572,data\processed\milestone_3\images\kitti\val\001572.png,1,0,1,0,0,1,0.0,0.0,1.5,640,640,5,28
kitti,faster_rcnn,002110,data\processed\milestone_3\images\kitti\val\002110.png,1,0,1,0,0,1,0.26868,0.0,1.5,640,640,10,36
kitti,faster_rcnn,002424,data\processed\milestone_3\images\kitti\val\002424.png,1,0,1,0,0,1,0.207798,0.333232,1.5,640,640,3,15
kitti,faster_rcnn,002609,data\processed\milestone_3\images\kitti\val\002609.png,1,0,1,0,0,1,0.015997,0.022714,1.5,640,640,9,60
kitti,faster_rcnn,004088,data\processed\milestone_3\images\kitti\val\004088.png,1,0,1,0,0,1,0.483141,0.344441,1.5,640,640,5,24
kitti,faster_rcnn,004142,data\processed\milestone_3\images\kitti\val\004142.png,1,0,1,0,0,1,0.481743,0.547028,1.5,640,640,13,58
kitti,faster_rcnn,004261,data\processed\milestone_3\images\kitti\val\004261.png,1,0,1,0,0,1,0.413765,0.429446,1.5,640,640,10,56
kitti,faster_rcnn,004343,data\processed\milestone_3\images\kitti\val\004343.png,1,0,1,0,0,1,0.021624,0.116053,1.5,640,640,2,18
kitti,faster_rcnn,004527,data\processed\milestone_3\images\kitti\val\004527.png,1,0,1,0,0,1,0.432105,0.162358,1.5,640,640,14,56
kitti,faster_rcnn,004569,data\processed\milestone_3\images\kitti\val\004569.png,1,0,1,0,0,1,0.000874,0.000607,1.5,640,640,5,19
kitti,faster_rcnn,005031,data\processed\milestone_3\images\kitti\val\005031.png,1,0,1,0,0,1,0.286691,0.500628,1.5,640,640,9,35
kitti,faster_rcnn,005086,data\processed\milestone_3\images\kitti\val\005086.png,1,0,1,0,0,1,0.499259,0.387715,1.5,640,640,13,60
kitti,faster_rcnn,005097,data\processed\milestone_3\images\kitti\val\005097.png,1,0,1,0,0,1,0.197103,0.144569,1.5,640,640,9,43
kitti,faster_rcnn,005341,data\processed\milestone_3\images\kitti\val\005341.png,1,0,1,0,0,1,0.0,0.0,1.5,640,640,1,0
kitti,faster_rcnn,005540,data\processed\milestone_3\images\kitti\val\005540.png,1,0,1,0,0,1,0.121154,0.0,1.5,640,640,3,17
kitti,faster_rcnn,005771,data\processed\milestone_3\images\kitti\val\005771.png,1,0,1,0,0,1,0.090925,0.092959,1.5,640,640,9,25
kitti,faster_rcnn,005918,data\processed\milestone_3\images\kitti\val\005918.png,1,0,1,0,0,1,0.0,0.065527,1.5,640,640,6,45
kitti,faster_rcnn,006024,data\processed\milestone_3\images\kitti\val\006024.png,1,0,1,0,0,1,0.0,0.475435,1.5,640,640,5,22
kitti,faster_rcnn,006256,data\processed\milestone_3\images\kitti\val\006256.png,1,0,1,0,0,1,0.0,0.054365,1.5,640,640,12,55
kitti,faster_rcnn,006298,data\processed\milestone_3\images\kitti\val\006298.png,1,0,1,0,0,1,0.201448,0.157535,1.5,640,640,7,23
kitti,faster_rcnn,006395,data\processed\milestone_3\images\kitti\val\006395.png,1,0,1,0,0,1,0.456144,0.183513,1.5,640,640,9,63
kitti,faster_rcnn,006617,data\processed\milestone_3\images\kitti\val\006617.png,1,0,1,0,0,1,0.360622,0.670108,1.5,640,640,6,14
kitti,faster_rcnn,006859,data\processed\milestone_3\images\kitti\val\006859.png,1,0,1,0,0,1,0.298397,0.188656,1.5,640,640,9,47
kitti,faster_rcnn,007129,data\processed\milestone_3\images\kitti\val\007129.png,1,0,1,0,0,1,0.0,0.11734,1.5,640,640,7,41
kitti,faster_rcnn,007182,data\processed\milestone_3\images\kitti\val\007182.png,1,0,1,0,0,1,0.477398,0.353334,1.5,640,640,11,71
waymo,faster_rcnn,12657584952502228282_3940_000_3960_000_1549937213398698,data\processed\milestone_3\images\waymo\external\12657584952502228282_3940_000_3960_000_1549937213398698.png,1,0,1,0,0,1,0.0,0.0,1.5,640,640,34,8
waymo,faster_rcnn,12657584952502228282_3940_000_3960_000_1549937213898785,data\processed\milestone_3\images\waymo\external\12657584952502228282_3940_000_3960_000_1549937213898785.png,1,0,1,0,0,1,0.0,0.0,1.5,640,640,34,16
waymo,faster_rcnn,12657584952502228282_3940_000_3960_000_1549937215898463,data\processed\milestone_3\images\waymo\external\12657584952502228282_3940_000_3960_000_1549937215898463.png,1,0,1,0,0,1,0.0,0.447037,1.5,640,640,33,18
waymo,faster_rcnn,12657584952502228282_3940_000_3960_000_1549937222399274,data\processed\milestone_3\images\waymo\external\12657584952502228282_3940_000_3960_000_1549937222399274.png,1,0,1,0,0,1,0.0,0.0,1.5,640,640,23,10
waymo,faster_rcnn,12657584952502228282_3940_000_3960_000_1549937222899266,data\processed\milestone_3\images\waymo\external\12657584952502228282_3940_000_3960_000_1549937222899266.png,1,0,1,0,0,1,0.0,0.0,1.5,640,640,23,10
waymo,faster_rcnn,12657584952502228282_3940_000_3960_000_1549937223898628,data\processed\milestone_3\images\waymo\external\12657584952502228282_3940_000_3960_000_1549937223898628.png,1,0,1,0,0,1,0.0,0.0,1.5,640,640,24,18
waymo,faster_rcnn,12657584952502228282_3940_000_3960_000_1549937224398546,data\processed\milestone_3\images\waymo\external\12657584952502228282_3940_000_3960_000_1549937224398546.png,1,0,1,0,0,1,0.0,0.0,1.5,640,640,24,16
waymo,faster_rcnn,13356997604177841771_3360_000_3380_000_1557267394087559,data\processed\milestone_3\images\waymo\external\13356997604177841771_3360_000_3380_000_1557267394087559.png,1,0,1,0,0,1,0.472291,0.004931,1.5,640,640,24,16
waymo,faster_rcnn,14107757919671295130_3546_370_3566_370_1511668658759576,data\processed\milestone_3\images\waymo\external\14107757919671295130_3546_370_3566_370_1511668658759576.png,1,0,1,0,0,1,0.0,0.0,1.5,640,640,19,1
waymo,faster_rcnn,14107757919671295130_3546_370_3566_370_1511668660359692,data\processed\milestone_3\images\waymo\external\14107757919671295130_3546_370_3566_370_1511668660359692.png,1,0,1,0,0,1,0.0,0.0,1.5,640,640,16,3
waymo,faster_rcnn,14107757919671295130_3546_370_3566_370_1511668662860306,data\processed\milestone_3\images\waymo\external\14107757919671295130_3546_370_3566_370_1511668662860306.png,1,0,1,0,0,1,0.0,0.0,1.5,640,640,20,4
waymo,faster_rcnn,14300007604205869133_1160_000_1180_000_1544753127275736,data\processed\milestone_3\images\waymo\external\14300007604205869133_1160_000_1180_000_1544753127275736.png,1,0,1,0,0,1,0.0,0.0,1.5,640,640,22,7
waymo,faster_rcnn,14300007604205869133_1160_000_1180_000_1544753127775376,data\processed\milestone_3\images\waymo\external\14300007604205869133_1160_000_1180_000_1544753127775376.png,1,0,1,0,0,1,0.0,0.0,1.5,640,640,21,5
waymo,faster_rcnn,14300007604205869133_1160_000_1180_000_1544753128274997,data\processed\milestone_3\images\waymo\external\14300007604205869133_1160_000_1180_000_1544753128274997.png,1,0,1,0,0,1,0.0,0.0,1.5,640,640,22,11
waymo,faster_rcnn,14300007604205869133_1160_000_1180_000_1544753128774321,data\processed\milestone_3\images\waymo\external\14300007604205869133_1160_000_1180_000_1544753128774321.png,1,0,1,0,0,1,0.0,0.0,1.5,640,640,28,11
waymo,faster_rcnn,14300007604205869133_1160_000_1180_000_1544753129273865,data\processed\milestone_3\images\waymo\external\14300007604205869133_1160_000_1180_000_1544753129273865.png,1,0,1,0,0,1,0.0,0.0,1.5,640,640,28,15
waymo,faster_rcnn,14300007604205869133_1160_000_1180_000_1544753129773621,data\processed\milestone_3\images\waymo\external\14300007604205869133_1160_000_1180_000_1544753129773621.png,1,0,1,0,0,1,0.0,0.0,1.5,640,640,27,6
waymo,faster_rcnn,14300007604205869133_1160_000_1180_000_1544753130273617,data\processed\milestone_3\images\waymo\external\14300007604205869133_1160_000_1180_000_1544753130273617.png,1,0,1,0,0,1,0.0,0.0,1.5,640,640,27,8
waymo,faster_rcnn,14300007604205869133_1160_000_1180_000_1544753130773776,data\processed\milestone_3\images\waymo\external\14300007604205869133_1160_000_1180_000_1544753130773776.png,1,0,1,0,0,1,0.0,0.0,1.5,640,640,28,4
waymo,faster_rcnn,14300007604205869133_1160_000_1180_000_1544753131273873,data\processed\milestone_3\images\waymo\external\14300007604205869133_1160_000_1180_000_1544753131273873.png,1,0,1,0,0,1,0.0,0.0,1.5,640,640,31,16
waymo,faster_rcnn,14300007604205869133_1160_000_1180_000_1544753131773860,data\processed\milestone_3\images\waymo\external\14300007604205869133_1160_000_1180_000_1544753131773860.png,1,0,1,0,0,1,0.0,0.0,1.5,640,640,31,4
waymo,faster_rcnn,2105808889850693535_2295_720_2315_720_1511129122978903,data\processed\milestone_3\images\waymo\external\2105808889850693535_2295_720_2315_720_1511129122978903.png,1,0,1,0,0,1,0.0,0.283468,1.5,640,640,12,3
waymo,faster_rcnn,2105808889850693535_2295_720_2315_720_1511129123478873,data\processed\milestone_3\images\waymo\external\2105808889850693535_2295_720_2315_720_1511129123478873.png,1,0,1,0,0,1,0.40302,0.299159,1.5,640,640,12,7
waymo,faster_rcnn,2105808889850693535_2295_720_2315_720_1511129123978828,data\processed\milestone_3\images\waymo\external\2105808889850693535_2295_720_2315_720_1511129123978828.png,1,0,1,0,0,1,0.0,0.272397,1.5,640,640,11,4
waymo,faster_rcnn,2105808889850693535_2295_720_2315_720_1511129126478948,data\processed\milestone_3\images\waymo\external\2105808889850693535_2295_720_2315_720_1511129126478948.png,1,0,1,0,0,1,0.0,0.0,1.5,640,640,7,7
waymo,faster_rcnn,2105808889850693535_2295_720_2315_720_1511129126979076,data\processed\milestone_3\images\waymo\external\2105808889850693535_2295_720_2315_720_1511129126979076.png,1,0,1,0,0,1,0.0,0.0,1.5,640,640,6,3
waymo,faster_rcnn,2105808889850693535_2295_720_2315_720_1511129127479014,data\processed\milestone_3\images\waymo\external\2105808889850693535_2295_720_2315_720_1511129127479014.png,1,0,1,0,0,1,0.0,0.0,1.5,640,640,6,1
waymo,faster_rcnn,2105808889850693535_2295_720_2315_720_1511129127979137,data\processed\milestone_3\images\waymo\external\2105808889850693535_2295_720_2315_720_1511129127979137.png,1,0,1,0,0,1,0.0,0.0,1.5,640,640,4,0
waymo,faster_rcnn,2105808889850693535_2295_720_2315_720_1511129128479158,data\processed\milestone_3\images\waymo\external\2105808889850693535_2295_720_2315_720_1511129128479158.png,1,0,1,0,0,1,0.0,0.0,1.5,640,640,4,3
waymo,faster_rcnn,2105808889850693535_2295_720_2315_720_1511129128979079,data\processed\milestone_3\images\waymo\external\2105808889850693535_2295_720_2315_720_1511129128979079.png,1,0,1,0,0,1,0.0,0.0,1.5,640,640,4,6
waymo,faster_rcnn,2105808889850693535_2295_720_2315_720_1511129129478987,data\processed\milestone_3\images\waymo\external\2105808889850693535_2295_720_2315_720_1511129129478987.png,1,0,1,0,0,1,0.0,0.0,1.5,640,640,4,9
waymo,faster_rcnn,2105808889850693535_2295_720_2315_720_1511129129979150,data\processed\milestone_3\images\waymo\external\2105808889850693535_2295_720_2315_720_1511129129979150.png,1,0,1,0,0,1,0.0,0.0,1.5,640,640,4,8
waymo,faster_rcnn,2105808889850693535_2295_720_2315_720_1511129130479115,data\processed\milestone_3\images\waymo\external\2105808889850693535_2295_720_2315_720_1511129130479115.png,1,0,1,0,0,1,0.0,0.0,1.5,640,640,4,1
waymo,faster_rcnn,2105808889850693535_2295_720_2315_720_1511129130978854,data\processed\milestone_3\images\waymo\external\2105808889850693535_2295_720_2315_720_1511129130978854.png,1,0,1,0,0,1,0.0,0.0,1.5,640,640,4,5
waymo,faster_rcnn,2105808889850693535_2295_720_2315_720_1511129131478616,data\processed\milestone_3\images\waymo\external\2105808889850693535_2295_720_2315_720_1511129131478616.png,1,0,1,0,0,1,0.0,0.0,1.5,640,640,4,5
waymo,faster_rcnn,2736377008667623133_2676_410_2696_410_1511721509500581,data\processed\milestone_3\images\waymo\external\2736377008667623133_2676_410_2696_410_1511721509500581.png,1,0,1,0,0,1,0.0,0.0,1.5,640,640,3,3
waymo,faster_rcnn,2736377008667623133_2676_410_2696_410_1511721510000596,data\processed\milestone_3\images\waymo\external\2736377008667623133_2676_410_2696_410_1511721510000596.png,1,0,1,0,0,1,0.0,0.0,1.5,640,640,3,9
waymo,faster_rcnn,2736377008667623133_2676_410_2696_410_1511721510500682,data\processed\milestone_3\images\waymo\external\2736377008667623133_2676_410_2696_410_1511721510500682.png,1,0,1,0,0,1,0.0,0.0,1.5,640,640,3,12
waymo,faster_rcnn,2736377008667623133_2676_410_2696_410_1511721511000845,data\processed\milestone_3\images\waymo\external\2736377008667623133_2676_410_2696_410_1511721511000845.png,1,0,1,0,0,1,0.0,0.0,1.5,640,640,3,10
waymo,faster_rcnn,2736377008667623133_2676_410_2696_410_1511721511500703,data\processed\milestone_3\images\waymo\external\2736377008667623133_2676_410_2696_410_1511721511500703.png,1,0,1,0,0,1,0.0,0.0,1.5,640,640,3,6
waymo,faster_rcnn,2736377008667623133_2676_410_2696_410_1511721512000476,data\processed\milestone_3\images\waymo\external\2736377008667623133_2676_410_2696_410_1511721512000476.png,1,0,1,0,0,1,0.0,0.0,1.5,640,640,3,9
waymo,faster_rcnn,2736377008667623133_2676_410_2696_410_1511721512500131,data\processed\milestone_3\images\waymo\external\2736377008667623133_2676_410_2696_410_1511721512500131.png,1,0,1,0,0,1,0.0,0.0,1.5,640,640,3,4
waymo,faster_rcnn,2736377008667623133_2676_410_2696_410_1511721512999749,data\processed\milestone_3\images\waymo\external\2736377008667623133_2676_410_2696_410_1511721512999749.png,1,0,1,0,0,1,0.0,0.0,1.5,640,640,3,5
waymo,faster_rcnn,2736377008667623133_2676_410_2696_410_1511721513499447,data\processed\milestone_3\images\waymo\external\2736377008667623133_2676_410_2696_410_1511721513499447.png,1,0,1,0,0,1,0.0,0.0,1.5,640,640,2,3
waymo,faster_rcnn,2736377008667623133_2676_410_2696_410_1511721513998928,data\processed\milestone_3\images\waymo\external\2736377008667623133_2676_410_2696_410_1511721513998928.png,1,0,1,0,0,1,0.0,0.0,1.5,640,640,2,5
waymo,faster_rcnn,2736377008667623133_2676_410_2696_410_1511721514498196,data\processed\milestone_3\images\waymo\external\2736377008667623133_2676_410_2696_410_1511721514498196.png,1,0,1,0,0,1,0.0,0.0,1.5,640,640,2,9
waymo,faster_rcnn,2736377008667623133_2676_410_2696_410_1511721514997563,data\processed\milestone_3\images\waymo\external\2736377008667623133_2676_410_2696_410_1511721514997563.png,1,0,1,0,0,1,0.0,0.0,1.5,640,640,2,3
waymo,faster_rcnn,2736377008667623133_2676_410_2696_410_1511721515497081,data\processed\milestone_3\images\waymo\external\2736377008667623133_2676_410_2696_410_1511721515497081.png,1,0,1,0,0,1,0.0,0.0,1.5,640,640,2,3
waymo,faster_rcnn,2736377008667623133_2676_410_2696_410_1511721515996515,data\processed\milestone_3\images\waymo\external\2736377008667623133_2676_410_2696_410_1511721515996515.png,1,0,1,0,0,1,0.0,0.0,1.5,640,640,2,5
waymo,faster_rcnn,3039251927598134881_1240_610_1260_610_1507246314903924,data\processed\milestone_3\images\waymo\external\3039251927598134881_1240_610_1260_610_1507246314903924.png,1,0,1,0,0,1,0.0,0.0,1.5,640,640,11,4
waymo,faster_rcnn,3039251927598134881_1240_610_1260_610_1507246315404362,data\processed\milestone_3\images\waymo\external\3039251927598134881_1240_610_1260_610_1507246315404362.png,1,0,1,0,0,1,0.0,0.0,1.5,640,640,10,5
waymo,faster_rcnn,3039251927598134881_1240_610_1260_610_1507246315904862,data\processed\milestone_3\images\waymo\external\3039251927598134881_1240_610_1260_610_1507246315904862.png,1,0,1,0,0,1,0.0,0.0,1.5,640,640,10,4
waymo,faster_rcnn,6324079979569135086_2372_300_2392_300_1506988299258081,data\processed\milestone_3\images\waymo\external\6324079979569135086_2372_300_2392_300_1506988299258081.png,1,0,1,0,0,1,0.0,0.0,1.5,640,640,29,11
waymo,faster_rcnn,6324079979569135086_2372_300_2392_300_1506988299757707,data\processed\milestone_3\images\waymo\external\6324079979569135086_2372_300_2392_300_1506988299757707.png,1,0,1,0,0,1,0.0,0.0,1.5,640,640,28,14
waymo,faster_rcnn,6324079979569135086_2372_300_2392_300_1506988300257639,data\processed\milestone_3\images\waymo\external\6324079979569135086_2372_300_2392_300_1506988300257639.png,1,0,1,0,0,1,0.069267,0.0,1.5,640,640,27,15
waymo,faster_rcnn,6324079979569135086_2372_300_2392_300_1506988300757757,data\processed\milestone_3\images\waymo\external\6324079979569135086_2372_300_2392_300_1506988300757757.png,1,0,1,0,0,1,0.0,0.0,1.5,640,640,28,16
waymo,faster_rcnn,6324079979569135086_2372_300_2392_300_1506988301758169,data\processed\milestone_3\images\waymo\external\6324079979569135086_2372_300_2392_300_1506988301758169.png,1,0,1,0,0,1,0.0,0.0,1.5,640,640,25,11
waymo,faster_rcnn,6324079979569135086_2372_300_2392_300_1506988303259080,data\processed\milestone_3\images\waymo\external\6324079979569135086_2372_300_2392_300_1506988303259080.png,1,0,1,0,0,1,0.0,0.0,1.5,640,640,25,18
waymo,faster_rcnn,6324079979569135086_2372_300_2392_300_1506988303759193,data\processed\milestone_3\images\waymo\external\6324079979569135086_2372_300_2392_300_1506988303759193.png,1,0,1,0,0,1,0.0,0.27584,1.5,640,640,24,14
waymo,faster_rcnn,6324079979569135086_2372_300_2392_300_1506988304259196,data\processed\milestone_3\images\waymo\external\6324079979569135086_2372_300_2392_300_1506988304259196.png,1,0,1,0,0,1,0.0,0.0,1.5,640,640,26,14
waymo,faster_rcnn,6324079979569135086_2372_300_2392_300_1506988304759010,data\processed\milestone_3\images\waymo\external\6324079979569135086_2372_300_2392_300_1506988304759010.png,1,0,1,0,0,1,0.0,0.0,1.5,640,640,26,17
waymo,faster_rcnn,6324079979569135086_2372_300_2392_300_1506988307258300,data\processed\milestone_3\images\waymo\external\6324079979569135086_2372_300_2392_300_1506988307258300.png,1,0,1,0,0,1,0.0,0.0,1.5,640,640,20,9
waymo,faster_rcnn,6324079979569135086_2372_300_2392_300_1506988307758217,data\processed\milestone_3\images\waymo\external\6324079979569135086_2372_300_2392_300_1506988307758217.png,1,0,1,0,0,1,0.0,0.0,1.5,640,640,23,11
waymo,faster_rcnn,6324079979569135086_2372_300_2392_300_1506988308258237,data\processed\milestone_3\images\waymo\external\6324079979569135086_2372_300_2392_300_1506988308258237.png,1,0,1,0,0,1,0.0,0.0,1.5,640,640,24,10
waymo,faster_rcnn,6324079979569135086_2372_300_2392_300_1506988308758146,data\processed\milestone_3\images\waymo\external\6324079979569135086_2372_300_2392_300_1506988308758146.png,1,0,1,0,0,1,0.0,0.0,1.5,640,640,23,9
waymo,faster_rcnn,9041488218266405018_6454_030_6474_030_1508979405318219,data\processed\milestone_3\images\waymo\external\9041488218266405018_6454_030_6474_030_1508979405318219.png,1,0,1,0,0,1,0.0,0.000648,1.5,640,640,7,4
waymo,faster_rcnn,9041488218266405018_6454_030_6474_030_1508979407815136,data\processed\milestone_3\images\waymo\external\9041488218266405018_6454_030_6474_030_1508979407815136.png,1,0,1,0,0,1,0.0,0.727163,1.5,640,640,5,10
waymo,faster_rcnn,933621182106051783_4160_000_4180_000_1543516678772443,data\processed\milestone_3\images\waymo\external\933621182106051783_4160_000_4180_000_1543516678772443.png,1,0,1,0,0,1,0.0,0.004311,1.5,640,640,25,11
waymo,faster_rcnn,933621182106051783_4160_000_4180_000_1543516679272590,data\processed\milestone_3\images\waymo\external\933621182106051783_4160_000_4180_000_1543516679272590.png,1,0,1,0,0,1,0.0,0.0,1.5,640,640,22,11
waymo,faster_rcnn,933621182106051783_4160_000_4180_000_1543516682272525,data\processed\milestone_3\images\waymo\external\933621182106051783_4160_000_4180_000_1543516682272525.png,1,0,1,0,0,1,0.0,0.0,1.5,640,640,29,14
waymo,faster_rcnn,933621182106051783_4160_000_4180_000_1543516688772624,data\processed\milestone_3\images\waymo\external\933621182106051783_4160_000_4180_000_1543516688772624.png,1,0,1,0,0,1,0.0,0.0,1.5,640,640,29,8
waymo,faster_rcnn,933621182106051783_4160_000_4180_000_1543516689272642,data\processed\milestone_3\images\waymo\external\933621182106051783_4160_000_4180_000_1543516689272642.png,1,0,1,0,0,1,0.0,0.0,1.5,640,640,30,5
waymo,faster_rcnn,933621182106051783_4160_000_4180_000_1543516689772638,data\processed\milestone_3\images\waymo\external\933621182106051783_4160_000_4180_000_1543516689772638.png,1,0,1,0,0,1,0.0,0.0,1.5,640,640,24,12
kitti,yolo,005980,data\processed\milestone_3\images\kitti\val\005980.png,0,1,0,1,0,1,0.0,0.579466,1.25,640,640,6,59
kitti,yolo,006414,data\processed\milestone_3\images\kitti\val\006414.png,0,1,0,1,0,1,0.0,0.0,1.25,640,640,2,1
waymo,yolo,12358364923781697038_2232_990_2252_990_1507079380855958,data\processed\milestone_3\images\waymo\external\12358364923781697038_2232_990_2252_990_1507079380855958.png,0,1,0,1,0,1,0.0,0.0,1.25,640,640,4,0
waymo,yolo,12358364923781697038_2232_990_2252_990_1507079381355966,data\processed\milestone_3\images\waymo\external\12358364923781697038_2232_990_2252_990_1507079381355966.png,0,1,0,1,0,1,0.390637,0.626445,1.25,640,640,4,4
waymo,yolo,13356997604177841771_3360_000_3380_000_1557267395587309,data\processed\milestone_3\images\waymo\external\13356997604177841771_3360_000_3380_000_1557267395587309.png,0,1,0,1,0,1,0.0,0.578005,1.25,640,640,28,16
waymo,yolo,13356997604177841771_3360_000_3380_000_1557267396087321,data\processed\milestone_3\images\waymo\external\13356997604177841771_3360_000_3380_000_1557267396087321.png,0,1,0,1,0,1,0.0,0.634317,1.25,640,640,27,14
waymo,rtdetr,12358364923781697038_2232_990_2252_990_1507079380855958,data\processed\milestone_3\images\waymo\external\12358364923781697038_2232_990_2252_990_1507079380855958.png,0,1,0,1,0,1,0.002076,0.002076,1.25,640,640,4,300
waymo,rtdetr,14300007604205869133_1160_000_1180_000_1544753140773668,data\processed\milestone_3\images\waymo\external\14300007604205869133_1160_000_1180_000_1544753140773668.png,0,1,0,0,1,1,0.385018,0.482241,1.25,640,640,33,300
kitti,retinanet,001238,data\processed\milestone_3\images\kitti\val\001238.png,0,1,0,1,0,1,0.455678,0.465257,1.25,640,640,7,300
kitti,retinanet,003564,data\processed\milestone_3\images\kitti\val\003564.png,0,1,0,1,0,1,0.486704,0.610154,1.25,640,640,11,275
waymo,retinanet,12358364923781697038_2232_990_2252_990_1507079380855958,data\processed\milestone_3\images\waymo\external\12358364923781697038_2232_990_2252_990_1507079380855958.png,0,1,0,1,0,1,0.0,0.0,1.25,640,640,4,3
waymo,retinanet,13356997604177841771_3360_000_3380_000_1557267395587309,data\processed\milestone_3\images\waymo\external\13356997604177841771_3360_000_3380_000_1557267395587309.png,0,1,0,1,0,1,0.0,0.661973,1.25,640,640,28,13
kitti,faster_rcnn,006414,data\processed\milestone_3\images\kitti\val\006414.png,0,1,0,1,0,1,0.0,0.0,1.25,640,640,2,10
waymo,faster_rcnn,12358364923781697038_2232_990_2252_990_1507079380855958,data\processed\milestone_3\images\waymo\external\12358364923781697038_2232_990_2252_990_1507079380855958.png,0,1,0,1,0,1,0.0,0.041988,1.25,640,640,4,5
waymo,faster_rcnn,12358364923781697038_2232_990_2252_990_1507079381355966,data\processed\milestone_3\images\waymo\external\12358364923781697038_2232_990_2252_990_1507079381355966.png,0,1,0,1,0,1,0.0,0.019166,1.25,640,640,4,5
waymo,faster_rcnn,13356997604177841771_3360_000_3380_000_1557267395587309,data\processed\milestone_3\images\waymo\external\13356997604177841771_3360_000_3380_000_1557267395587309.png,0,1,0,1,0,1,0.0,0.51213,1.25,640,640,28,12
waymo,faster_rcnn,13356997604177841771_3360_000_3380_000_1557267396087321,data\processed\milestone_3\images\waymo\external\13356997604177841771_3360_000_3380_000_1557267396087321.png,0,1,0,1,0,1,0.0,0.560618,1.25,640,640,27,11
kitti,yolo,006176,data\processed\milestone_3\images\kitti\val\006176.png,1,0,0,1,0,1,0.488011,0.0,1.0,640,640,8,63
waymo,yolo,10335539493577748957_1372_870_1392_870_1508811454344913,data\processed\milestone_3\images\waymo\external\10335539493577748957_1372_870_1392_870_1508811454344913.png,1,0,0,1,0,1,0.0,0.0,1.0,640,640,14,0
waymo,yolo,13356997604177841771_3360_000_3380_000_1557267394587557,data\processed\milestone_3\images\waymo\external\13356997604177841771_3360_000_3380_000_1557267394587557.png,1,0,0,1,0,1,0.0,0.0,1.0,640,640,33,10
waymo,yolo,9041488218266405018_6454_030_6474_030_1508979408813976,data\processed\milestone_3\images\waymo\external\9041488218266405018_6454_030_6474_030_1508979408813976.png,1,0,0,1,0,1,0.0,0.0,1.0,640,640,4,2
waymo,rtdetr,10335539493577748957_1372_870_1392_870_1508811454344913,data\processed\milestone_3\images\waymo\external\10335539493577748957_1372_870_1392_870_1508811454344913.png,1,0,0,1,0,1,0.196326,0.580453,1.0,640,640,14,300
waymo,rtdetr,13356997604177841771_3360_000_3380_000_1557267393087606,data\processed\milestone_3\images\waymo\external\13356997604177841771_3360_000_3380_000_1557267393087606.png,1,0,0,1,0,1,0.0,0.011275,1.0,640,640,33,300
waymo,rtdetr,13356997604177841771_3360_000_3380_000_1557267393587645,data\processed\milestone_3\images\waymo\external\13356997604177841771_3360_000_3380_000_1557267393587645.png,1,0,0,1,0,1,0.0,0.0,1.0,640,640,30,300
waymo,rtdetr,13356997604177841771_3360_000_3380_000_1557267394087559,data\processed\milestone_3\images\waymo\external\13356997604177841771_3360_000_3380_000_1557267394087559.png,1,0,0,1,0,1,0.0,0.0,1.0,640,640,24,300
waymo,rtdetr,13356997604177841771_3360_000_3380_000_1557267394587557,data\processed\milestone_3\images\waymo\external\13356997604177841771_3360_000_3380_000_1557267394587557.png,1,0,0,1,0,1,0.0,0.011395,1.0,640,640,33,300
waymo,rtdetr,13356997604177841771_3360_000_3380_000_1557267395087510,data\processed\milestone_3\images\waymo\external\13356997604177841771_3360_000_3380_000_1557267395087510.png,1,0,0,1,0,1,0.0,0.132625,1.0,640,640,33,300
kitti,retinanet,003784,data\processed\milestone_3\images\kitti\val\003784.png,1,0,0,1,0,1,0.381555,0.790659,1.0,640,640,5,286
kitti,retinanet,006121,data\processed\milestone_3\images\kitti\val\006121.png,1,0,0,0,1,1,0.482671,0.702306,1.0,640,640,16,300
waymo,retinanet,10335539493577748957_1372_870_1392_870_1508811454344913,data\processed\milestone_3\images\waymo\external\10335539493577748957_1372_870_1392_870_1508811454344913.png,1,0,0,1,0,1,0.0,0.0,1.0,640,640,14,1
waymo,retinanet,13356997604177841771_3360_000_3380_000_1557267394587557,data\processed\milestone_3\images\waymo\external\13356997604177841771_3360_000_3380_000_1557267394587557.png,1,0,0,1,0,1,0.33536,0.0,1.0,640,640,33,30
waymo,retinanet,14931160836268555821_5778_870_5798_870_1507338356130013,data\processed\milestone_3\images\waymo\external\14931160836268555821_5778_870_5798_870_1507338356130013.png,1,0,0,1,0,1,0.449974,0.0,1.0,640,640,2,2
kitti,faster_rcnn,000332,data\processed\milestone_3\images\kitti\val\000332.png,1,0,0,1,0,1,0.461978,0.683195,1.0,640,640,12,46
kitti,faster_rcnn,000727,data\processed\milestone_3\images\kitti\val\000727.png,1,0,0,0,1,1,0.179119,0.205304,1.0,640,640,8,45
kitti,faster_rcnn,002893,data\processed\milestone_3\images\kitti\val\002893.png,1,0,0,1,0,1,0.388542,0.374119,1.0,640,640,4,27
kitti,faster_rcnn,005532,data\processed\milestone_3\images\kitti\val\005532.png,1,0,0,1,0,1,0.464304,0.413418,1.0,640,640,14,76
kitti,faster_rcnn,005743,data\processed\milestone_3\images\kitti\val\005743.png,1,0,0,0,1,1,0.495414,0.426221,1.0,640,640,7,39
kitti,faster_rcnn,006095,data\processed\milestone_3\images\kitti\val\006095.png,1,0,0,1,0,1,0.404522,0.532718,1.0,640,640,4,41
kitti,faster_rcnn,006121,data\processed\milestone_3\images\kitti\val\006121.png,1,0,0,0,1,1,0.307067,0.740366,1.0,640,640,16,83
kitti,faster_rcnn,006728,data\processed\milestone_3\images\kitti\val\006728.png,1,0,0,1,0,1,0.0585,0.171342,1.0,640,640,10,55
waymo,faster_rcnn,10335539493577748957_1372_870_1392_870_1508811454344913,data\processed\milestone_3\images\waymo\external\10335539493577748957_1372_870_1392_870_1508811454344913.png,1,0,0,1,0,1,0.0,0.021251,1.0,640,640,14,8
waymo,faster_rcnn,14931160836268555821_5778_870_5798_870_1507338356130013,data\processed\milestone_3\images\waymo\external\14931160836268555821_5778_870_5798_870_1507338356130013.png,1,0,0,1,0,1,0.001513,0.001561,1.0,640,640,2,6
