image_id,final_segment_number,segment_id,frame_timestamp_micros,camera_id,camera_name,source_front_frame_index,selected_frame_number_in_segment,image_filename,relative_image_path,image_width,image_height,number_of_target_boxes,vehicle_count,pedestrian_count,cyclist_count,time_of_day,weather,location,density_group,sampling_rule
13415985003725220451_6163_000_6183_000_1518657647337560,1,13415985003725220451_6163_000_6183_000,1518657647337560,1,FRONT,0,1,1518657647337560.jpg,images/front/13415985003725220451_6163_000_6183_000/1518657647337560.jpg,1920,1280,13,13,0,0,Dawn/Dusk,rain,location_phx,low,every_5th_front_frame_starting_at_first
13415985003725220451_6163_000_6183_000_1518657647837292,1,13415985003725220451_6163_000_6183_000,1518657647837292,1,FRONT,5,2,1518657647837292.jpg,images/front/13415985003725220451_6163_000_6183_000/1518657647837292.jpg,1920,1280,12,12,0,0,Dawn/Dusk,rain,location_phx,low,every_5th_front_frame_starting_at_first
13415985003725220451_6163_000_6183_000_1518657648337202,1,13415985003725220451_6163_000_6183_000,1518657648337202,1,FRONT,10,3,1518657648337202.jpg,images/front/13415985003725220451_6163_000_6183_000/1518657648337202.jpg,1920,1280,12,12,0,0,Dawn/Dusk,rain,location_phx,low,every_5th_front_frame_starting_at_first
13415985003725220451_6163_000_6183_000_1518657648837280,1,13415985003725220451_6163_000_6183_000,1518657648837280,1,FRONT,15,4,1518657648837280.jpg,images/front/13415985003725220451_6163_000_6183_000/1518657648837280.jpg,1920,1280,12,12,0,0,Dawn/Dusk,rain,location_phx,low,every_5th_front_frame_starting_at_first
13415985003725220451_6163_000_6183_000_1518657649337352,1,13415985003725220451_6163_000_6183_000,1518657649337352,1,FRONT,20,5,1518657649337352.jpg,images/front/13415985003725220451_6163_000_6183_000/1518657649337352.jpg,1920,1280,12,12,0,0,Dawn/Dusk,rain,location_phx,low,every_5th_front_frame_starting_at_first
13415985003725220451_6163_000_6183_000_1518657649837527,1,13415985003725220451_6163_000_6183_000,1518657649837527,1,FRONT,25,6,1518657649837527.jpg,images/front/13415985003725220451_6163_000_6183_000/1518657649837527.jpg,1920,1280,12,12,0,0,Dawn/Dusk,rain,location_phx,low,every_5th_front_frame_starting_at_first
13415985003725220451_6163_000_6183_000_1518657650337764,1,13415985003725220451_6163_000_6183_000,1518657650337764,1,FRONT,30,7,1518657650337764.jpg,images/front/13415985003725220451_6163_000_6183_000/1518657650337764.jpg,1920,1280,12,12,0,0,Dawn/Dusk,rain,location_phx,low,every_5th_front_frame_starting_at_first
13415985003725220451_6163_000_6183_000_1518657650837749,1,13415985003725220451_6163_000_6183_000,1518657650837749,1,FRONT,35,8,1518657650837749.jpg,images/front/13415985003725220451_6163_000_6183_000/1518657650837749.jpg,1920,1280,12,12,0,0,Dawn/Dusk,rain,location_phx,low,every_5th_front_frame_starting_at_first
13415985003725220451_6163_000_6183_000_1518657651337526,1,13415985003725220451_6163_000_6183_000,1518657651337526,1,FRONT,40,9,1518657651337526.jpg,images/front/13415985003725220451_6163_000_6183_000/1518657651337526.jpg,1920,1280,11,11,0,0,Dawn/Dusk,rain,location_phx,low,every_5th_front_frame_starting_at_first
13415985003725220451_6163_000_6183_000_1518657651837380,1,13415985003725220451_6163_000_6183_000,1518657651837380,1,FRONT,45,10,1518657651837380.jpg,images/front/13415985003725220451_6163_000_6183_000/1518657651837380.jpg,1920,1280,11,11,0,0,Dawn/Dusk,rain,location_phx,low,every_5th_front_frame_starting_at_first
13415985003725220451_6163_000_6183_000_1518657652337359,1,13415985003725220451_6163_000_6183_000,1518657652337359,1,FRONT,50,11,1518657652337359.jpg,images/front/13415985003725220451_6163_000_6183_000/1518657652337359.jpg,1920,1280,11,11,0,0,Dawn/Dusk,rain,location_phx,low,every_5th_front_frame_starting_at_first
13415985003725220451_6163_000_6183_000_1518657652837394,1,13415985003725220451_6163_000_6183_000,1518657652837394,1,FRONT,55,12,1518657652837394.jpg,images/front/13415985003725220451_6163_000_6183_000/1518657652837394.jpg,1920,1280,11,11,0,0,Dawn/Dusk,rain,location_phx,low,every_5th_front_frame_starting_at_first
13415985003725220451_6163_000_6183_000_1518657653337626,1,13415985003725220451_6163_000_6183_000,1518657653337626,1,FRONT,60,13,1518657653337626.jpg,images/front/13415985003725220451_6163_000_6183_000/1518657653337626.jpg,1920,1280,11,11,0,0,Dawn/Dusk,rain,location_phx,low,every_5th_front_frame_starting_at_first
13415985003725220451_6163_000_6183_000_1518657653837690,1,13415985003725220451_6163_000_6183_000,1518657653837690,1,FRONT,65,14,1518657653837690.jpg,images/front/13415985003725220451_6163_000_6183_000/1518657653837690.jpg,1920,1280,11,11,0,0,Dawn/Dusk,rain,location_phx,low,every_5th_front_frame_starting_at_first
13415985003725220451_6163_000_6183_000_1518657654337635,1,13415985003725220451_6163_000_6183_000,1518657654337635,1,FRONT,70,15,1518657654337635.jpg,images/front/13415985003725220451_6163_000_6183_000/1518657654337635.jpg,1920,1280,12,12,0,0,Dawn/Dusk,rain,location_phx,low,every_5th_front_frame_starting_at_first
13415985003725220451_6163_000_6183_000_1518657654837454,1,13415985003725220451_6163_000_6183_000,1518657654837454,1,FRONT,75,16,1518657654837454.jpg,images/front/13415985003725220451_6163_000_6183_000/1518657654837454.jpg,1920,1280,13,13,0,0,Dawn/Dusk,rain,location_phx,low,every_5th_front_frame_starting_at_first
13415985003725220451_6163_000_6183_000_1518657655337378,1,13415985003725220451_6163_000_6183_000,1518657655337378,1,FRONT,80,17,1518657655337378.jpg,images/front/13415985003725220451_6163_000_6183_000/1518657655337378.jpg,1920,1280,15,15,0,0,Dawn/Dusk,rain,location_phx,low,every_5th_front_frame_starting_at_first
13415985003725220451_6163_000_6183_000_1518657655837406,1,13415985003725220451_6163_000_6183_000,1518657655837406,1,FRONT,85,18,1518657655837406.jpg,images/front/13415985003725220451_6163_000_6183_000/1518657655837406.jpg,1920,1280,15,15,0,0,Dawn/Dusk,rain,location_phx,low,every_5th_front_frame_starting_at_first
13415985003725220451_6163_000_6183_000_1518657656337474,1,13415985003725220451_6163_000_6183_000,1518657656337474,1,FRONT,90,19,1518657656337474.jpg,images/front/13415985003725220451_6163_000_6183_000/1518657656337474.jpg,1920,1280,15,15,0,0,Dawn/Dusk,rain,location_phx,low,every_5th_front_frame_starting_at_first
13415985003725220451_6163_000_6183_000_1518657656837658,1,13415985003725220451_6163_000_6183_000,1518657656837658,1,FRONT,95,20,1518657656837658.jpg,images/front/13415985003725220451_6163_000_6183_000/1518657656837658.jpg,1920,1280,14,14,0,0,Dawn/Dusk,rain,location_phx,low,every_5th_front_frame_starting_at_first
13415985003725220451_6163_000_6183_000_1518657657337676,1,13415985003725220451_6163_000_6183_000,1518657657337676,1,FRONT,100,21,1518657657337676.jpg,images/front/13415985003725220451_6163_000_6183_000/1518657657337676.jpg,1920,1280,14,14,0,0,Dawn/Dusk,rain,location_phx,low,every_5th_front_frame_starting_at_first
13415985003725220451_6163_000_6183_000_1518657657837755,1,13415985003725220451_6163_000_6183_000,1518657657837755,1,FRONT,105,22,1518657657837755.jpg,images/front/13415985003725220451_6163_000_6183_000/1518657657837755.jpg,1920,1280,14,14,0,0,Dawn/Dusk,rain,location_phx,low,every_5th_front_frame_starting_at_first
13415985003725220451_6163_000_6183_000_1518657658337602,1,13415985003725220451_6163_000_6183_000,1518657658337602,1,FRONT,110,23,1518657658337602.jpg,images/front/13415985003725220451_6163_000_6183_000/1518657658337602.jpg,1920,1280,14,14,0,0,Dawn/Dusk,rain,location_phx,low,every_5th_front_frame_starting_at_first
13415985003725220451_6163_000_6183_000_1518657658837397,1,13415985003725220451_6163_000_6183_000,1518657658837397,1,FRONT,115,24,1518657658837397.jpg,images/front/13415985003725220451_6163_000_6183_000/1518657658837397.jpg,1920,1280,14,14,0,0,Dawn/Dusk,rain,location_phx,low,every_5th_front_frame_starting_at_first
13415985003725220451_6163_000_6183_000_1518657659337168,1,13415985003725220451_6163_000_6183_000,1518657659337168,1,FRONT,120,25,1518657659337168.jpg,images/front/13415985003725220451_6163_000_6183_000/1518657659337168.jpg,1920,1280,15,15,0,0,Dawn/Dusk,rain,location_phx,low,every_5th_front_frame_starting_at_first
13415985003725220451_6163_000_6183_000_1518657659837024,1,13415985003725220451_6163_000_6183_000,1518657659837024,1,FRONT,125,26,1518657659837024.jpg,images/front/13415985003725220451_6163_000_6183_000/1518657659837024.jpg,1920,1280,15,15,0,0,Dawn/Dusk,rain,location_phx,low,every_5th_front_frame_starting_at_first
13415985003725220451_6163_000_6183_000_1518657660337028,1,13415985003725220451_6163_000_6183_000,1518657660337028,1,FRONT,130,27,1518657660337028.jpg,images/front/13415985003725220451_6163_000_6183_000/1518657660337028.jpg,1920,1280,15,15,0,0,Dawn/Dusk,rain,location_phx,low,every_5th_front_frame_starting_at_first
13415985003725220451_6163_000_6183_000_1518657660837068,1,13415985003725220451_6163_000_6183_000,1518657660837068,1,FRONT,135,28,1518657660837068.jpg,images/front/13415985003725220451_6163_000_6183_000/1518657660837068.jpg,1920,1280,15,15,0,0,Dawn/Dusk,rain,location_phx,low,every_5th_front_frame_starting_at_first
13415985003725220451_6163_000_6183_000_1518657661337076,1,13415985003725220451_6163_000_6183_000,1518657661337076,1,FRONT,140,29,1518657661337076.jpg,images/front/13415985003725220451_6163_000_6183_000/1518657661337076.jpg,1920,1280,15,15,0,0,Dawn/Dusk,rain,location_phx,low,every_5th_front_frame_starting_at_first
13415985003725220451_6163_000_6183_000_1518657661837226,1,13415985003725220451_6163_000_6183_000,1518657661837226,1,FRONT,145,30,1518657661837226.jpg,images/front/13415985003725220451_6163_000_6183_000/1518657661837226.jpg,1920,1280,15,15,0,0,Dawn/Dusk,rain,location_phx,low,every_5th_front_frame_starting_at_first
13415985003725220451_6163_000_6183_000_1518657662337306,1,13415985003725220451_6163_000_6183_000,1518657662337306,1,FRONT,150,31,1518657662337306.jpg,images/front/13415985003725220451_6163_000_6183_000/1518657662337306.jpg,1920,1280,15,15,0,0,Dawn/Dusk,rain,location_phx,low,every_5th_front_frame_starting_at_first
13415985003725220451_6163_000_6183_000_1518657662837347,1,13415985003725220451_6163_000_6183_000,1518657662837347,1,FRONT,155,32,1518657662837347.jpg,images/front/13415985003725220451_6163_000_6183_000/1518657662837347.jpg,1920,1280,14,14,0,0,Dawn/Dusk,rain,location_phx,low,every_5th_front_frame_starting_at_first
13415985003725220451_6163_000_6183_000_1518657663337393,1,13415985003725220451_6163_000_6183_000,1518657663337393,1,FRONT,160,33,1518657663337393.jpg,images/front/13415985003725220451_6163_000_6183_000/1518657663337393.jpg,1920,1280,15,15,0,0,Dawn/Dusk,rain,location_phx,low,every_5th_front_frame_starting_at_first
13415985003725220451_6163_000_6183_000_1518657663837392,1,13415985003725220451_6163_000_6183_000,1518657663837392,1,FRONT,165,34,1518657663837392.jpg,images/front/13415985003725220451_6163_000_6183_000/1518657663837392.jpg,1920,1280,15,15,0,0,Dawn/Dusk,rain,location_phx,low,every_5th_front_frame_starting_at_first
13415985003725220451_6163_000_6183_000_1518657664337376,1,13415985003725220451_6163_000_6183_000,1518657664337376,1,FRONT,170,35,1518657664337376.jpg,images/front/13415985003725220451_6163_000_6183_000/1518657664337376.jpg,1920,1280,14,14,0,0,Dawn/Dusk,rain,location_phx,low,every_5th_front_frame_starting_at_first
13415985003725220451_6163_000_6183_000_1518657664837524,1,13415985003725220451_6163_000_6183_000,1518657664837524,1,FRONT,175,36,1518657664837524.jpg,images/front/13415985003725220451_6163_000_6183_000/1518657664837524.jpg,1920,1280,14,14,0,0,Dawn/Dusk,rain,location_phx,low,every_5th_front_frame_starting_at_first
13415985003725220451_6163_000_6183_000_1518657665337550,1,13415985003725220451_6163_000_6183_000,1518657665337550,1,FRONT,180,37,1518657665337550.jpg,images/front/13415985003725220451_6163_000_6183_000/1518657665337550.jpg,1920,1280,15,15,0,0,Dawn/Dusk,rain,location_phx,low,every_5th_front_frame_starting_at_first
13415985003725220451_6163_000_6183_000_1518657665837506,1,13415985003725220451_6163_000_6183_000,1518657665837506,1,FRONT,185,38,1518657665837506.jpg,images/front/13415985003725220451_6163_000_6183_000/1518657665837506.jpg,1920,1280,15,15,0,0,Dawn/Dusk,rain,location_phx,low,every_5th_front_frame_starting_at_first
13415985003725220451_6163_000_6183_000_1518657666337355,1,13415985003725220451_6163_000_6183_000,1518657666337355,1,FRONT,190,39,1518657666337355.jpg,images/front/13415985003725220451_6163_000_6183_000/1518657666337355.jpg,1920,1280,16,16,0,0,Dawn/Dusk,rain,location_phx,low,every_5th_front_frame_starting_at_first
13415985003725220451_6163_000_6183_000_1518657666837230,1,13415985003725220451_6163_000_6183_000,1518657666837230,1,FRONT,195,40,1518657666837230.jpg,images/front/13415985003725220451_6163_000_6183_000/1518657666837230.jpg,1920,1280,15,15,0,0,Dawn/Dusk,rain,location_phx,low,every_5th_front_frame_starting_at_first
14931160836268555821_5778_870_5798_870_1507338339428611,2,14931160836268555821_5778_870_5798_870,1507338339428611,1,FRONT,0,1,1507338339428611.jpg,images/front/14931160836268555821_5778_870_5798_870/1507338339428611.jpg,1920,1280,10,4,3,3,Dawn/Dusk,sunny,location_phx,low,every_5th_front_frame_starting_at_first
14931160836268555821_5778_870_5798_870_1507338339928863,2,14931160836268555821_5778_870_5798_870,1507338339928863,1,FRONT,5,2,1507338339928863.jpg,images/front/14931160836268555821_5778_870_5798_870/1507338339928863.jpg,1920,1280,10,4,3,3,Dawn/Dusk,sunny,location_phx,low,every_5th_front_frame_starting_at_first
14931160836268555821_5778_870_5798_870_1507338340429041,2,14931160836268555821_5778_870_5798_870,1507338340429041,1,FRONT,10,3,1507338340429041.jpg,images/front/14931160836268555821_5778_870_5798_870/1507338340429041.jpg,1920,1280,10,4,3,3,Dawn/Dusk,sunny,location_phx,low,every_5th_front_frame_starting_at_first
14931160836268555821_5778_870_5798_870_1507338340929345,2,14931160836268555821_5778_870_5798_870,1507338340929345,1,FRONT,15,4,1507338340929345.jpg,images/front/14931160836268555821_5778_870_5798_870/1507338340929345.jpg,1920,1280,11,4,4,3,Dawn/Dusk,sunny,location_phx,low,every_5th_front_frame_starting_at_first
14931160836268555821_5778_870_5798_870_1507338341429797,2,14931160836268555821_5778_870_5798_870,1507338341429797,1,FRONT,20,5,1507338341429797.jpg,images/front/14931160836268555821_5778_870_5798_870/1507338341429797.jpg,1920,1280,10,4,3,3,Dawn/Dusk,sunny,location_phx,low,every_5th_front_frame_starting_at_first
14931160836268555821_5778_870_5798_870_1507338341930342,2,14931160836268555821_5778_870_5798_870,1507338341930342,1,FRONT,25,6,1507338341930342.jpg,images/front/14931160836268555821_5778_870_5798_870/1507338341930342.jpg,1920,1280,10,4,3,3,Dawn/Dusk,sunny,location_phx,low,every_5th_front_frame_starting_at_first
14931160836268555821_5778_870_5798_870_1507338342430949,2,14931160836268555821_5778_870_5798_870,1507338342430949,1,FRONT,30,7,1507338342430949.jpg,images/front/14931160836268555821_5778_870_5798_870/1507338342430949.jpg,1920,1280,12,4,5,3,Dawn/Dusk,sunny,location_phx,low,every_5th_front_frame_starting_at_first
14931160836268555821_5778_870_5798_870_1507338342931418,2,14931160836268555821_5778_870_5798_870,1507338342931418,1,FRONT,35,8,1507338342931418.jpg,images/front/14931160836268555821_5778_870_5798_870/1507338342931418.jpg,1920,1280,11,3,5,3,Dawn/Dusk,sunny,location_phx,low,every_5th_front_frame_starting_at_first
14931160836268555821_5778_870_5798_870_1507338343431885,2,14931160836268555821_5778_870_5798_870,1507338343431885,1,FRONT,40,9,1507338343431885.jpg,images/front/14931160836268555821_5778_870_5798_870/1507338343431885.jpg,1920,1280,12,4,5,3,Dawn/Dusk,sunny,location_phx,low,every_5th_front_frame_starting_at_first
14931160836268555821_5778_870_5798_870_1507338343932395,2,14931160836268555821_5778_870_5798_870,1507338343932395,1,FRONT,45,10,1507338343932395.jpg,images/front/14931160836268555821_5778_870_5798_870/1507338343932395.jpg,1920,1280,11,3,5,3,Dawn/Dusk,sunny,location_phx,low,every_5th_front_frame_starting_at_first
14931160836268555821_5778_870_5798_870_1507338344633085,2,14931160836268555821_5778_870_5798_870,1507338344633085,1,FRONT,50,11,1507338344633085.jpg,images/front/14931160836268555821_5778_870_5798_870/1507338344633085.jpg,1920,1280,11,3,5,3,Dawn/Dusk,sunny,location_phx,low,every_5th_front_frame_starting_at_first
14931160836268555821_5778_870_5798_870_1507338345434040,2,14931160836268555821_5778_870_5798_870,1507338345434040,1,FRONT,55,12,1507338345434040.jpg,images/front/14931160836268555821_5778_870_5798_870/1507338345434040.jpg,1920,1280,11,3,5,3,Dawn/Dusk,sunny,location_phx,low,every_5th_front_frame_starting_at_first
14931160836268555821_5778_870_5798_870_1507338346234843,2,14931160836268555821_5778_870_5798_870,1507338346234843,1,FRONT,60,13,1507338346234843.jpg,images/front/14931160836268555821_5778_870_5798_870/1507338346234843.jpg,1920,1280,11,3,5,3,Dawn/Dusk,sunny,location_phx,low,every_5th_front_frame_starting_at_first
14931160836268555821_5778_870_5798_870_1507338347135465,2,14931160836268555821_5778_870_5798_870,1507338347135465,1,FRONT,65,14,1507338347135465.jpg,images/front/14931160836268555821_5778_870_5798_870/1507338347135465.jpg,1920,1280,11,3,5,3,Dawn/Dusk,sunny,location_phx,low,every_5th_front_frame_starting_at_first
14931160836268555821_5778_870_5798_870_1507338347835422,2,14931160836268555821_5778_870_5798_870,1507338347835422,1,FRONT,70,15,1507338347835422.jpg,images/front/14931160836268555821_5778_870_5798_870/1507338347835422.jpg,1920,1280,9,2,4,3,Dawn/Dusk,sunny,location_phx,low,every_5th_front_frame_starting_at_first
14931160836268555821_5778_870_5798_870_1507338348635365,2,14931160836268555821_5778_870_5798_870,1507338348635365,1,FRONT,75,16,1507338348635365.jpg,images/front/14931160836268555821_5778_870_5798_870/1507338348635365.jpg,1920,1280,6,2,2,2,Dawn/Dusk,sunny,location_phx,low,every_5th_front_frame_starting_at_first
14931160836268555821_5778_870_5798_870_1507338349135391,2,14931160836268555821_5778_870_5798_870,1507338349135391,1,FRONT,80,17,1507338349135391.jpg,images/front/14931160836268555821_5778_870_5798_870/1507338349135391.jpg,1920,1280,9,2,4,3,Dawn/Dusk,sunny,location_phx,low,every_5th_front_frame_starting_at_first
14931160836268555821_5778_870_5798_870_1507338349635394,2,14931160836268555821_5778_870_5798_870,1507338349635394,1,FRONT,85,18,1507338349635394.jpg,images/front/14931160836268555821_5778_870_5798_870/1507338349635394.jpg,1920,1280,9,2,4,3,Dawn/Dusk,sunny,location_phx,low,every_5th_front_frame_starting_at_first
14931160836268555821_5778_870_5798_870_1507338350135327,2,14931160836268555821_5778_870_5798_870,1507338350135327,1,FRONT,90,19,1507338350135327.jpg,images/front/14931160836268555821_5778_870_5798_870/1507338350135327.jpg,1920,1280,8,1,4,3,Dawn/Dusk,sunny,location_phx,low,every_5th_front_frame_starting_at_first
14931160836268555821_5778_870_5798_870_1507338350635049,2,14931160836268555821_5778_870_5798_870,1507338350635049,1,FRONT,95,20,1507338350635049.jpg,images/front/14931160836268555821_5778_870_5798_870/1507338350635049.jpg,1920,1280,8,1,4,3,Dawn/Dusk,sunny,location_phx,low,every_5th_front_frame_starting_at_first
14931160836268555821_5778_870_5798_870_1507338351134600,2,14931160836268555821_5778_870_5798_870,1507338351134600,1,FRONT,100,21,1507338351134600.jpg,images/front/14931160836268555821_5778_870_5798_870/1507338351134600.jpg,1920,1280,8,1,4,3,Dawn/Dusk,sunny,location_phx,low,every_5th_front_frame_starting_at_first
14931160836268555821_5778_870_5798_870_1507338351634080,2,14931160836268555821_5778_870_5798_870,1507338351634080,1,FRONT,105,22,1507338351634080.jpg,images/front/14931160836268555821_5778_870_5798_870/1507338351634080.jpg,1920,1280,7,1,3,3,Dawn/Dusk,sunny,location_phx,low,every_5th_front_frame_starting_at_first
14931160836268555821_5778_870_5798_870_1507338352133493,2,14931160836268555821_5778_870_5798_870,1507338352133493,1,FRONT,110,23,1507338352133493.jpg,images/front/14931160836268555821_5778_870_5798_870/1507338352133493.jpg,1920,1280,6,1,2,3,Dawn/Dusk,sunny,location_phx,low,every_5th_front_frame_starting_at_first
14931160836268555821_5778_870_5798_870_1507338352632870,2,14931160836268555821_5778_870_5798_870,1507338352632870,1,FRONT,115,24,1507338352632870.jpg,images/front/14931160836268555821_5778_870_5798_870/1507338352632870.jpg,1920,1280,6,1,2,3,Dawn/Dusk,sunny,location_phx,low,every_5th_front_frame_starting_at_first
14931160836268555821_5778_870_5798_870_1507338353132275,2,14931160836268555821_5778_870_5798_870,1507338353132275,1,FRONT,120,25,1507338353132275.jpg,images/front/14931160836268555821_5778_870_5798_870/1507338353132275.jpg,1920,1280,6,1,2,3,Dawn/Dusk,sunny,location_phx,low,every_5th_front_frame_starting_at_first
14931160836268555821_5778_870_5798_870_1507338353631702,2,14931160836268555821_5778_870_5798_870,1507338353631702,1,FRONT,125,26,1507338353631702.jpg,images/front/14931160836268555821_5778_870_5798_870/1507338353631702.jpg,1920,1280,5,1,2,2,Dawn/Dusk,sunny,location_phx,low,every_5th_front_frame_starting_at_first
14931160836268555821_5778_870_5798_870_1507338354131264,2,14931160836268555821_5778_870_5798_870,1507338354131264,1,FRONT,130,27,1507338354131264.jpg,images/front/14931160836268555821_5778_870_5798_870/1507338354131264.jpg,1920,1280,4,1,1,2,Dawn/Dusk,sunny,location_phx,low,every_5th_front_frame_starting_at_first
14931160836268555821_5778_870_5798_870_1507338354631134,2,14931160836268555821_5778_870_5798_870,1507338354631134,1,FRONT,135,28,1507338354631134.jpg,images/front/14931160836268555821_5778_870_5798_870/1507338354631134.jpg,1920,1280,3,1,1,1,Dawn/Dusk,sunny,location_phx,low,every_5th_front_frame_starting_at_first
14931160836268555821_5778_870_5798_870_1507338355130969,2,14931160836268555821_5778_870_5798_870,1507338355130969,1,FRONT,140,29,1507338355130969.jpg,images/front/14931160836268555821_5778_870_5798_870/1507338355130969.jpg,1920,1280,2,1,1,0,Dawn/Dusk,sunny,location_phx,low,every_5th_front_frame_starting_at_first
14931160836268555821_5778_870_5798_870_1507338355630724,2,14931160836268555821_5778_870_5798_870,1507338355630724,1,FRONT,145,30,1507338355630724.jpg,images/front/14931160836268555821_5778_870_5798_870/1507338355630724.jpg,1920,1280,2,1,1,0,Dawn/Dusk,sunny,location_phx,low,every_5th_front_frame_starting_at_first
14931160836268555821_5778_870_5798_870_1507338356130013,2,14931160836268555821_5778_870_5798_870,1507338356130013,1,FRONT,150,31,1507338356130013.jpg,images/front/14931160836268555821_5778_870_5798_870/1507338356130013.jpg,1920,1280,2,1,1,0,Dawn/Dusk,sunny,location_phx,low,every_5th_front_frame_starting_at_first
14931160836268555821_5778_870_5798_870_1507338356629266,2,14931160836268555821_5778_870_5798_870,1507338356629266,1,FRONT,155,32,1507338356629266.jpg,images/front/14931160836268555821_5778_870_5798_870/1507338356629266.jpg,1920,1280,1,1,0,0,Dawn/Dusk,sunny,location_phx,low,every_5th_front_frame_starting_at_first
14931160836268555821_5778_870_5798_870_1507338357128741,2,14931160836268555821_5778_870_5798_870,1507338357128741,1,FRONT,160,33,1507338357128741.jpg,images/front/14931160836268555821_5778_870_5798_870/1507338357128741.jpg,1920,1280,1,1,0,0,Dawn/Dusk,sunny,location_phx,low,every_5th_front_frame_starting_at_first
14931160836268555821_5778_870_5798_870_1507338357628663,2,14931160836268555821_5778_870_5798_870,1507338357628663,1,FRONT,165,34,1507338357628663.jpg,images/front/14931160836268555821_5778_870_5798_870/1507338357628663.jpg,1920,1280,1,1,0,0,Dawn/Dusk,sunny,location_phx,low,every_5th_front_frame_starting_at_first
14931160836268555821_5778_870_5798_870_1507338358128410,2,14931160836268555821_5778_870_5798_870,1507338358128410,1,FRONT,170,35,1507338358128410.jpg,images/front/14931160836268555821_5778_870_5798_870/1507338358128410.jpg,1920,1280,1,1,0,0,Dawn/Dusk,sunny,location_phx,low,every_5th_front_frame_starting_at_first
14931160836268555821_5778_870_5798_870_1507338358627820,2,14931160836268555821_5778_870_5798_870,1507338358627820,1,FRONT,175,36,1507338358627820.jpg,images/front/14931160836268555821_5778_870_5798_870/1507338358627820.jpg,1920,1280,1,1,0,0,Dawn/Dusk,sunny,location_phx,low,every_5th_front_frame_starting_at_first
14931160836268555821_5778_870_5798_870_1507338359126891,2,14931160836268555821_5778_870_5798_870,1507338359126891,1,FRONT,180,37,1507338359126891.jpg,images/front/14931160836268555821_5778_870_5798_870/1507338359126891.jpg,1920,1280,1,1,0,0,Dawn/Dusk,sunny,location_phx,low,every_5th_front_frame_starting_at_first
4409585400955983988_3500_470_3520_470_1507165528481701,3,4409585400955983988_3500_470_3520_470,1507165528481701,1,FRONT,0,1,1507165528481701.jpg,images/front/4409585400955983988_3500_470_3520_470/1507165528481701.jpg,1920,1280,1,1,0,0,Dawn/Dusk,sunny,location_phx,low,every_5th_front_frame_starting_at_first
4409585400955983988_3500_470_3520_470_1507165528981692,3,4409585400955983988_3500_470_3520_470,1507165528981692,1,FRONT,5,2,1507165528981692.jpg,images/front/4409585400955983988_3500_470_3520_470/1507165528981692.jpg,1920,1280,1,1,0,0,Dawn/Dusk,sunny,location_phx,low,every_5th_front_frame_starting_at_first
4409585400955983988_3500_470_3520_470_1507165529481777,3,4409585400955983988_3500_470_3520_470,1507165529481777,1,FRONT,10,3,1507165529481777.jpg,images/front/4409585400955983988_3500_470_3520_470/1507165529481777.jpg,1920,1280,1,1,0,0,Dawn/Dusk,sunny,location_phx,low,every_5th_front_frame_starting_at_first
4409585400955983988_3500_470_3520_470_1507165529981988,3,4409585400955983988_3500_470_3520_470,1507165529981988,1,FRONT,15,4,1507165529981988.jpg,images/front/4409585400955983988_3500_470_3520_470/1507165529981988.jpg,1920,1280,1,1,0,0,Dawn/Dusk,sunny,location_phx,low,every_5th_front_frame_starting_at_first
4409585400955983988_3500_470_3520_470_1507165530482113,3,4409585400955983988_3500_470_3520_470,1507165530482113,1,FRONT,20,5,1507165530482113.jpg,images/front/4409585400955983988_3500_470_3520_470/1507165530482113.jpg,1920,1280,1,1,0,0,Dawn/Dusk,sunny,location_phx,low,every_5th_front_frame_starting_at_first
4409585400955983988_3500_470_3520_470_1507165530982100,3,4409585400955983988_3500_470_3520_470,1507165530982100,1,FRONT,25,6,1507165530982100.jpg,images/front/4409585400955983988_3500_470_3520_470/1507165530982100.jpg,1920,1280,1,1,0,0,Dawn/Dusk,sunny,location_phx,low,every_5th_front_frame_starting_at_first
4409585400955983988_3500_470_3520_470_1507165531482104,3,4409585400955983988_3500_470_3520_470,1507165531482104,1,FRONT,30,7,1507165531482104.jpg,images/front/4409585400955983988_3500_470_3520_470/1507165531482104.jpg,1920,1280,1,1,0,0,Dawn/Dusk,sunny,location_phx,low,every_5th_front_frame_starting_at_first
4409585400955983988_3500_470_3520_470_1507165531982500,3,4409585400955983988_3500_470_3520_470,1507165531982500,1,FRONT,35,8,1507165531982500.jpg,images/front/4409585400955983988_3500_470_3520_470/1507165531982500.jpg,1920,1280,1,1,0,0,Dawn/Dusk,sunny,location_phx,low,every_5th_front_frame_starting_at_first
4409585400955983988_3500_470_3520_470_1507165532483910,3,4409585400955983988_3500_470_3520_470,1507165532483910,1,FRONT,40,9,1507165532483910.jpg,images/front/4409585400955983988_3500_470_3520_470/1507165532483910.jpg,1920,1280,1,1,0,0,Dawn/Dusk,sunny,location_phx,low,every_5th_front_frame_starting_at_first
4409585400955983988_3500_470_3520_470_1507165532986381,3,4409585400955983988_3500_470_3520_470,1507165532986381,1,FRONT,45,10,1507165532986381.jpg,images/front/4409585400955983988_3500_470_3520_470/1507165532986381.jpg,1920,1280,0,0,0,0,Dawn/Dusk,sunny,location_phx,low,every_5th_front_frame_starting_at_first
4409585400955983988_3500_470_3520_470_1507165533489865,3,4409585400955983988_3500_470_3520_470,1507165533489865,1,FRONT,50,11,1507165533489865.jpg,images/front/4409585400955983988_3500_470_3520_470/1507165533489865.jpg,1920,1280,1,1,0,0,Dawn/Dusk,sunny,location_phx,low,every_5th_front_frame_starting_at_first
4409585400955983988_3500_470_3520_470_1507165533993794,3,4409585400955983988_3500_470_3520_470,1507165533993794,1,FRONT,55,12,1507165533993794.jpg,images/front/4409585400955983988_3500_470_3520_470/1507165533993794.jpg,1920,1280,4,2,2,0,Dawn/Dusk,sunny,location_phx,low,every_5th_front_frame_starting_at_first
4409585400955983988_3500_470_3520_470_1507165534497677,3,4409585400955983988_3500_470_3520_470,1507165534497677,1,FRONT,60,13,1507165534497677.jpg,images/front/4409585400955983988_3500_470_3520_470/1507165534497677.jpg,1920,1280,5,3,2,0,Dawn/Dusk,sunny,location_phx,low,every_5th_front_frame_starting_at_first
4409585400955983988_3500_470_3520_470_1507165535001227,3,4409585400955983988_3500_470_3520_470,1507165535001227,1,FRONT,65,14,1507165535001227.jpg,images/front/4409585400955983988_3500_470_3520_470/1507165535001227.jpg,1920,1280,16,13,2,1,Dawn/Dusk,sunny,location_phx,low,every_5th_front_frame_starting_at_first
4409585400955983988_3500_470_3520_470_1507165535504048,3,4409585400955983988_3500_470_3520_470,1507165535504048,1,FRONT,70,15,1507165535504048.jpg,images/front/4409585400955983988_3500_470_3520_470/1507165535504048.jpg,1920,1280,15,12,2,1,Dawn/Dusk,sunny,location_phx,low,every_5th_front_frame_starting_at_first
4409585400955983988_3500_470_3520_470_1507165536005751,3,4409585400955983988_3500_470_3520_470,1507165536005751,1,FRONT,75,16,1507165536005751.jpg,images/front/4409585400955983988_3500_470_3520_470/1507165536005751.jpg,1920,1280,13,12,0,1,Dawn/Dusk,sunny,location_phx,low,every_5th_front_frame_starting_at_first
4409585400955983988_3500_470_3520_470_1507165536506395,3,4409585400955983988_3500_470_3520_470,1507165536506395,1,FRONT,80,17,1507165536506395.jpg,images/front/4409585400955983988_3500_470_3520_470/1507165536506395.jpg,1920,1280,13,12,0,1,Dawn/Dusk,sunny,location_phx,low,every_5th_front_frame_starting_at_first
4409585400955983988_3500_470_3520_470_1507165537006562,3,4409585400955983988_3500_470_3520_470,1507165537006562,1,FRONT,85,18,1507165537006562.jpg,images/front/4409585400955983988_3500_470_3520_470/1507165537006562.jpg,1920,1280,13,12,0,1,Dawn/Dusk,sunny,location_phx,low,every_5th_front_frame_starting_at_first
4409585400955983988_3500_470_3520_470_1507165537506484,3,4409585400955983988_3500_470_3520_470,1507165537506484,1,FRONT,90,19,1507165537506484.jpg,images/front/4409585400955983988_3500_470_3520_470/1507165537506484.jpg,1920,1280,13,12,0,1,Dawn/Dusk,sunny,location_phx,low,every_5th_front_frame_starting_at_first
4409585400955983988_3500_470_3520_470_1507165538006385,3,4409585400955983988_3500_470_3520_470,1507165538006385,1,FRONT,95,20,1507165538006385.jpg,images/front/4409585400955983988_3500_470_3520_470/1507165538006385.jpg,1920,1280,13,12,0,1,Dawn/Dusk,sunny,location_phx,low,every_5th_front_frame_starting_at_first
4409585400955983988_3500_470_3520_470_1507165538506340,3,4409585400955983988_3500_470_3520_470,1507165538506340,1,FRONT,100,21,1507165538506340.jpg,images/front/4409585400955983988_3500_470_3520_470/1507165538506340.jpg,1920,1280,13,12,0,1,Dawn/Dusk,sunny,location_phx,low,every_5th_front_frame_starting_at_first
4409585400955983988_3500_470_3520_470_1507165539006408,3,4409585400955983988_3500_470_3520_470,1507165539006408,1,FRONT,105,22,1507165539006408.jpg,images/front/4409585400955983988_3500_470_3520_470/1507165539006408.jpg,1920,1280,13,12,0,1,Dawn/Dusk,sunny,location_phx,low,every_5th_front_frame_starting_at_first
4409585400955983988_3500_470_3520_470_1507165539506442,3,4409585400955983988_3500_470_3520_470,1507165539506442,1,FRONT,110,23,1507165539506442.jpg,images/front/4409585400955983988_3500_470_3520_470/1507165539506442.jpg,1920,1280,13,12,0,1,Dawn/Dusk,sunny,location_phx,low,every_5th_front_frame_starting_at_first
4409585400955983988_3500_470_3520_470_1507165540006482,3,4409585400955983988_3500_470_3520_470,1507165540006482,1,FRONT,115,24,1507165540006482.jpg,images/front/4409585400955983988_3500_470_3520_470/1507165540006482.jpg,1920,1280,13,12,0,1,Dawn/Dusk,sunny,location_phx,low,every_5th_front_frame_starting_at_first
4409585400955983988_3500_470_3520_470_1507165540506375,3,4409585400955983988_3500_470_3520_470,1507165540506375,1,FRONT,120,25,1507165540506375.jpg,images/front/4409585400955983988_3500_470_3520_470/1507165540506375.jpg,1920,1280,13,12,0,1,Dawn/Dusk,sunny,location_phx,low,every_5th_front_frame_starting_at_first
4409585400955983988_3500_470_3520_470_1507165541006230,3,4409585400955983988_3500_470_3520_470,1507165541006230,1,FRONT,125,26,1507165541006230.jpg,images/front/4409585400955983988_3500_470_3520_470/1507165541006230.jpg,1920,1280,12,12,0,0,Dawn/Dusk,sunny,location_phx,low,every_5th_front_frame_starting_at_first
4409585400955983988_3500_470_3520_470_1507165541506256,3,4409585400955983988_3500_470_3520_470,1507165541506256,1,FRONT,130,27,1507165541506256.jpg,images/front/4409585400955983988_3500_470_3520_470/1507165541506256.jpg,1920,1280,11,11,0,0,Dawn/Dusk,sunny,location_phx,low,every_5th_front_frame_starting_at_first
4409585400955983988_3500_470_3520_470_1507165542006250,3,4409585400955983988_3500_470_3520_470,1507165542006250,1,FRONT,135,28,1507165542006250.jpg,images/front/4409585400955983988_3500_470_3520_470/1507165542006250.jpg,1920,1280,11,11,0,0,Dawn/Dusk,sunny,location_phx,low,every_5th_front_frame_starting_at_first
4409585400955983988_3500_470_3520_470_1507165542506124,3,4409585400955983988_3500_470_3520_470,1507165542506124,1,FRONT,140,29,1507165542506124.jpg,images/front/4409585400955983988_3500_470_3520_470/1507165542506124.jpg,1920,1280,11,11,0,0,Dawn/Dusk,sunny,location_phx,low,every_5th_front_frame_starting_at_first
4409585400955983988_3500_470_3520_470_1507165543006001,3,4409585400955983988_3500_470_3520_470,1507165543006001,1,FRONT,145,30,1507165543006001.jpg,images/front/4409585400955983988_3500_470_3520_470/1507165543006001.jpg,1920,1280,11,11,0,0,Dawn/Dusk,sunny,location_phx,low,every_5th_front_frame_starting_at_first
4409585400955983988_3500_470_3520_470_1507165543506099,3,4409585400955983988_3500_470_3520_470,1507165543506099,1,FRONT,150,31,1507165543506099.jpg,images/front/4409585400955983988_3500_470_3520_470/1507165543506099.jpg,1920,1280,11,11,0,0,Dawn/Dusk,sunny,location_phx,low,every_5th_front_frame_starting_at_first
4409585400955983988_3500_470_3520_470_1507165544006131,3,4409585400955983988_3500_470_3520_470,1507165544006131,1,FRONT,155,32,1507165544006131.jpg,images/front/4409585400955983988_3500_470_3520_470/1507165544006131.jpg,1920,1280,11,11,0,0,Dawn/Dusk,sunny,location_phx,low,every_5th_front_frame_starting_at_first
4409585400955983988_3500_470_3520_470_1507165544506031,3,4409585400955983988_3500_470_3520_470,1507165544506031,1,FRONT,160,33,1507165544506031.jpg,images/front/4409585400955983988_3500_470_3520_470/1507165544506031.jpg,1920,1280,11,11,0,0,Dawn/Dusk,sunny,location_phx,low,every_5th_front_frame_starting_at_first
4409585400955983988_3500_470_3520_470_1507165545005774,3,4409585400955983988_3500_470_3520_470,1507165545005774,1,FRONT,165,34,1507165545005774.jpg,images/front/4409585400955983988_3500_470_3520_470/1507165545005774.jpg,1920,1280,9,9,0,0,Dawn/Dusk,sunny,location_phx,low,every_5th_front_frame_starting_at_first
4409585400955983988_3500_470_3520_470_1507165545505727,3,4409585400955983988_3500_470_3520_470,1507165545505727,1,FRONT,170,35,1507165545505727.jpg,images/front/4409585400955983988_3500_470_3520_470/1507165545505727.jpg,1920,1280,8,8,0,0,Dawn/Dusk,sunny,location_phx,low,every_5th_front_frame_starting_at_first
4409585400955983988_3500_470_3520_470_1507165546006018,3,4409585400955983988_3500_470_3520_470,1507165546006018,1,FRONT,175,36,1507165546006018.jpg,images/front/4409585400955983988_3500_470_3520_470/1507165546006018.jpg,1920,1280,8,8,0,0,Dawn/Dusk,sunny,location_phx,low,every_5th_front_frame_starting_at_first
4409585400955983988_3500_470_3520_470_1507165546506219,3,4409585400955983988_3500_470_3520_470,1507165546506219,1,FRONT,180,37,1507165546506219.jpg,images/front/4409585400955983988_3500_470_3520_470/1507165546506219.jpg,1920,1280,8,8,0,0,Dawn/Dusk,sunny,location_phx,low,every_5th_front_frame_starting_at_first
4409585400955983988_3500_470_3520_470_1507165547006327,3,4409585400955983988_3500_470_3520_470,1507165547006327,1,FRONT,185,38,1507165547006327.jpg,images/front/4409585400955983988_3500_470_3520_470/1507165547006327.jpg,1920,1280,8,8,0,0,Dawn/Dusk,sunny,location_phx,low,every_5th_front_frame_starting_at_first
4409585400955983988_3500_470_3520_470_1507165547506361,3,4409585400955983988_3500_470_3520_470,1507165547506361,1,FRONT,190,39,1507165547506361.jpg,images/front/4409585400955983988_3500_470_3520_470/1507165547506361.jpg,1920,1280,7,7,0,0,Dawn/Dusk,sunny,location_phx,low,every_5th_front_frame_starting_at_first
4409585400955983988_3500_470_3520_470_1507165548006442,3,4409585400955983988_3500_470_3520_470,1507165548006442,1,FRONT,195,40,1507165548006442.jpg,images/front/4409585400955983988_3500_470_3520_470/1507165548006442.jpg,1920,1280,7,7,0,0,Dawn/Dusk,sunny,location_phx,low,every_5th_front_frame_starting_at_first
9041488218266405018_6454_030_6474_030_1508979389225932,4,9041488218266405018_6454_030_6474_030,1508979389225932,1,FRONT,0,1,1508979389225932.jpg,images/front/9041488218266405018_6454_030_6474_030/1508979389225932.jpg,1920,1280,8,5,1,2,Dawn/Dusk,sunny,location_phx,medium,every_5th_front_frame_starting_at_first
9041488218266405018_6454_030_6474_030_1508979389726068,4,9041488218266405018_6454_030_6474_030,1508979389726068,1,FRONT,5,2,1508979389726068.jpg,images/front/9041488218266405018_6454_030_6474_030/1508979389726068.jpg,1920,1280,7,5,0,2,Dawn/Dusk,sunny,location_phx,medium,every_5th_front_frame_starting_at_first
9041488218266405018_6454_030_6474_030_1508979390226146,4,9041488218266405018_6454_030_6474_030,1508979390226146,1,FRONT,10,3,1508979390226146.jpg,images/front/9041488218266405018_6454_030_6474_030/1508979390226146.jpg,1920,1280,9,6,1,2,Dawn/Dusk,sunny,location_phx,medium,every_5th_front_frame_starting_at_first
9041488218266405018_6454_030_6474_030_1508979390726246,4,9041488218266405018_6454_030_6474_030,1508979390726246,1,FRONT,15,4,1508979390726246.jpg,images/front/9041488218266405018_6454_030_6474_030/1508979390726246.jpg,1920,1280,9,6,1,2,Dawn/Dusk,sunny,location_phx,medium,every_5th_front_frame_starting_at_first
9041488218266405018_6454_030_6474_030_1508979391226230,4,9041488218266405018_6454_030_6474_030,1508979391226230,1,FRONT,20,5,1508979391226230.jpg,images/front/9041488218266405018_6454_030_6474_030/1508979391226230.jpg,1920,1280,8,6,0,2,Dawn/Dusk,sunny,location_phx,medium,every_5th_front_frame_starting_at_first
9041488218266405018_6454_030_6474_030_1508979391726040,4,9041488218266405018_6454_030_6474_030,1508979391726040,1,FRONT,25,6,1508979391726040.jpg,images/front/9041488218266405018_6454_030_6474_030/1508979391726040.jpg,1920,1280,7,5,0,2,Dawn/Dusk,sunny,location_phx,medium,every_5th_front_frame_starting_at_first
9041488218266405018_6454_030_6474_030_1508979392226035,4,9041488218266405018_6454_030_6474_030,1508979392226035,1,FRONT,30,7,1508979392226035.jpg,images/front/9041488218266405018_6454_030_6474_030/1508979392226035.jpg,1920,1280,7,5,0,2,Dawn/Dusk,sunny,location_phx,medium,every_5th_front_frame_starting_at_first
9041488218266405018_6454_030_6474_030_1508979392725896,4,9041488218266405018_6454_030_6474_030,1508979392725896,1,FRONT,35,8,1508979392725896.jpg,images/front/9041488218266405018_6454_030_6474_030/1508979392725896.jpg,1920,1280,8,6,0,2,Dawn/Dusk,sunny,location_phx,medium,every_5th_front_frame_starting_at_first
9041488218266405018_6454_030_6474_030_1508979393225902,4,9041488218266405018_6454_030_6474_030,1508979393225902,1,FRONT,40,9,1508979393225902.jpg,images/front/9041488218266405018_6454_030_6474_030/1508979393225902.jpg,1920,1280,10,8,0,2,Dawn/Dusk,sunny,location_phx,medium,every_5th_front_frame_starting_at_first
9041488218266405018_6454_030_6474_030_1508979393725975,4,9041488218266405018_6454_030_6474_030,1508979393725975,1,FRONT,45,10,1508979393725975.jpg,images/front/9041488218266405018_6454_030_6474_030/1508979393725975.jpg,1920,1280,10,8,0,2,Dawn/Dusk,sunny,location_phx,medium,every_5th_front_frame_starting_at_first
9041488218266405018_6454_030_6474_030_1508979394226030,4,9041488218266405018_6454_030_6474_030,1508979394226030,1,FRONT,50,11,1508979394226030.jpg,images/front/9041488218266405018_6454_030_6474_030/1508979394226030.jpg,1920,1280,14,9,3,2,Dawn/Dusk,sunny,location_phx,medium,every_5th_front_frame_starting_at_first
9041488218266405018_6454_030_6474_030_1508979394726006,4,9041488218266405018_6454_030_6474_030,1508979394726006,1,FRONT,55,12,1508979394726006.jpg,images/front/9041488218266405018_6454_030_6474_030/1508979394726006.jpg,1920,1280,15,9,4,2,Dawn/Dusk,sunny,location_phx,medium,every_5th_front_frame_starting_at_first
9041488218266405018_6454_030_6474_030_1508979395226146,4,9041488218266405018_6454_030_6474_030,1508979395226146,1,FRONT,60,13,1508979395226146.jpg,images/front/9041488218266405018_6454_030_6474_030/1508979395226146.jpg,1920,1280,12,10,0,2,Dawn/Dusk,sunny,location_phx,medium,every_5th_front_frame_starting_at_first
9041488218266405018_6454_030_6474_030_1508979395726400,4,9041488218266405018_6454_030_6474_030,1508979395726400,1,FRONT,65,14,1508979395726400.jpg,images/front/9041488218266405018_6454_030_6474_030/1508979395726400.jpg,1920,1280,12,10,0,2,Dawn/Dusk,sunny,location_phx,medium,every_5th_front_frame_starting_at_first
9041488218266405018_6454_030_6474_030_1508979396226435,4,9041488218266405018_6454_030_6474_030,1508979396226435,1,FRONT,70,15,1508979396226435.jpg,images/front/9041488218266405018_6454_030_6474_030/1508979396226435.jpg,1920,1280,13,10,1,2,Dawn/Dusk,sunny,location_phx,medium,every_5th_front_frame_starting_at_first
9041488218266405018_6454_030_6474_030_1508979396726177,4,9041488218266405018_6454_030_6474_030,1508979396726177,1,FRONT,75,16,1508979396726177.jpg,images/front/9041488218266405018_6454_030_6474_030/1508979396726177.jpg,1920,1280,12,8,2,2,Dawn/Dusk,sunny,location_phx,medium,every_5th_front_frame_starting_at_first
9041488218266405018_6454_030_6474_030_1508979397226001,4,9041488218266405018_6454_030_6474_030,1508979397226001,1,FRONT,80,17,1508979397226001.jpg,images/front/9041488218266405018_6454_030_6474_030/1508979397226001.jpg,1920,1280,13,9,2,2,Dawn/Dusk,sunny,location_phx,medium,every_5th_front_frame_starting_at_first
9041488218266405018_6454_030_6474_030_1508979397726080,4,9041488218266405018_6454_030_6474_030,1508979397726080,1,FRONT,85,18,1508979397726080.jpg,images/front/9041488218266405018_6454_030_6474_030/1508979397726080.jpg,1920,1280,14,9,3,2,Dawn/Dusk,sunny,location_phx,medium,every_5th_front_frame_starting_at_first
9041488218266405018_6454_030_6474_030_1508979398226261,4,9041488218266405018_6454_030_6474_030,1508979398226261,1,FRONT,90,19,1508979398226261.jpg,images/front/9041488218266405018_6454_030_6474_030/1508979398226261.jpg,1920,1280,14,9,4,1,Dawn/Dusk,sunny,location_phx,medium,every_5th_front_frame_starting_at_first
9041488218266405018_6454_030_6474_030_1508979398725885,4,9041488218266405018_6454_030_6474_030,1508979398725885,1,FRONT,95,20,1508979398725885.jpg,images/front/9041488218266405018_6454_030_6474_030/1508979398725885.jpg,1920,1280,13,9,4,0,Dawn/Dusk,sunny,location_phx,medium,every_5th_front_frame_starting_at_first
9041488218266405018_6454_030_6474_030_1508979399225441,4,9041488218266405018_6454_030_6474_030,1508979399225441,1,FRONT,100,21,1508979399225441.jpg,images/front/9041488218266405018_6454_030_6474_030/1508979399225441.jpg,1920,1280,14,9,5,0,Dawn/Dusk,sunny,location_phx,medium,every_5th_front_frame_starting_at_first
9041488218266405018_6454_030_6474_030_1508979399724938,4,9041488218266405018_6454_030_6474_030,1508979399724938,1,FRONT,105,22,1508979399724938.jpg,images/front/9041488218266405018_6454_030_6474_030/1508979399724938.jpg,1920,1280,15,12,3,0,Dawn/Dusk,sunny,location_phx,medium,every_5th_front_frame_starting_at_first
9041488218266405018_6454_030_6474_030_1508979400224290,4,9041488218266405018_6454_030_6474_030,1508979400224290,1,FRONT,110,23,1508979400224290.jpg,images/front/9041488218266405018_6454_030_6474_030/1508979400224290.jpg,1920,1280,15,12,3,0,Dawn/Dusk,sunny,location_phx,medium,every_5th_front_frame_starting_at_first
9041488218266405018_6454_030_6474_030_1508979400723365,4,9041488218266405018_6454_030_6474_030,1508979400723365,1,FRONT,115,24,1508979400723365.jpg,images/front/9041488218266405018_6454_030_6474_030/1508979400723365.jpg,1920,1280,15,12,3,0,Dawn/Dusk,sunny,location_phx,medium,every_5th_front_frame_starting_at_first
9041488218266405018_6454_030_6474_030_1508979401222393,4,9041488218266405018_6454_030_6474_030,1508979401222393,1,FRONT,120,25,1508979401222393.jpg,images/front/9041488218266405018_6454_030_6474_030/1508979401222393.jpg,1920,1280,15,13,2,0,Dawn/Dusk,sunny,location_phx,medium,every_5th_front_frame_starting_at_first
9041488218266405018_6454_030_6474_030_1508979401721541,4,9041488218266405018_6454_030_6474_030,1508979401721541,1,FRONT,125,26,1508979401721541.jpg,images/front/9041488218266405018_6454_030_6474_030/1508979401721541.jpg,1920,1280,16,14,2,0,Dawn/Dusk,sunny,location_phx,medium,every_5th_front_frame_starting_at_first
9041488218266405018_6454_030_6474_030_1508979402320684,4,9041488218266405018_6454_030_6474_030,1508979402320684,1,FRONT,130,27,1508979402320684.jpg,images/front/9041488218266405018_6454_030_6474_030/1508979402320684.jpg,1920,1280,15,13,2,0,Dawn/Dusk,sunny,location_phx,medium,every_5th_front_frame_starting_at_first
9041488218266405018_6454_030_6474_030_1508979402820107,4,9041488218266405018_6454_030_6474_030,1508979402820107,1,FRONT,135,28,1508979402820107.jpg,images/front/9041488218266405018_6454_030_6474_030/1508979402820107.jpg,1920,1280,14,12,2,0,Dawn/Dusk,sunny,location_phx,medium,every_5th_front_frame_starting_at_first
9041488218266405018_6454_030_6474_030_1508979403319599,4,9041488218266405018_6454_030_6474_030,1508979403319599,1,FRONT,140,29,1508979403319599.jpg,images/front/9041488218266405018_6454_030_6474_030/1508979403319599.jpg,1920,1280,10,8,2,0,Dawn/Dusk,sunny,location_phx,medium,every_5th_front_frame_starting_at_first
9041488218266405018_6454_030_6474_030_1508979403819100,4,9041488218266405018_6454_030_6474_030,1508979403819100,1,FRONT,145,30,1508979403819100.jpg,images/front/9041488218266405018_6454_030_6474_030/1508979403819100.jpg,1920,1280,9,7,2,0,Dawn/Dusk,sunny,location_phx,medium,every_5th_front_frame_starting_at_first
9041488218266405018_6454_030_6474_030_1508979404318837,4,9041488218266405018_6454_030_6474_030,1508979404318837,1,FRONT,150,31,1508979404318837.jpg,images/front/9041488218266405018_6454_030_6474_030/1508979404318837.jpg,1920,1280,9,7,2,0,Dawn/Dusk,sunny,location_phx,medium,every_5th_front_frame_starting_at_first
9041488218266405018_6454_030_6474_030_1508979404818573,4,9041488218266405018_6454_030_6474_030,1508979404818573,1,FRONT,155,32,1508979404818573.jpg,images/front/9041488218266405018_6454_030_6474_030/1508979404818573.jpg,1920,1280,8,6,2,0,Dawn/Dusk,sunny,location_phx,medium,every_5th_front_frame_starting_at_first
9041488218266405018_6454_030_6474_030_1508979405318219,4,9041488218266405018_6454_030_6474_030,1508979405318219,1,FRONT,160,33,1508979405318219.jpg,images/front/9041488218266405018_6454_030_6474_030/1508979405318219.jpg,1920,1280,7,6,1,0,Dawn/Dusk,sunny,location_phx,medium,every_5th_front_frame_starting_at_first
9041488218266405018_6454_030_6474_030_1508979405817759,4,9041488218266405018_6454_030_6474_030,1508979405817759,1,FRONT,165,34,1508979405817759.jpg,images/front/9041488218266405018_6454_030_6474_030/1508979405817759.jpg,1920,1280,5,4,1,0,Dawn/Dusk,sunny,location_phx,medium,every_5th_front_frame_starting_at_first
9041488218266405018_6454_030_6474_030_1508979406317047,4,9041488218266405018_6454_030_6474_030,1508979406317047,1,FRONT,170,35,1508979406317047.jpg,images/front/9041488218266405018_6454_030_6474_030/1508979406317047.jpg,1920,1280,5,4,1,0,Dawn/Dusk,sunny,location_phx,medium,every_5th_front_frame_starting_at_first
9041488218266405018_6454_030_6474_030_1508979406816215,4,9041488218266405018_6454_030_6474_030,1508979406816215,1,FRONT,175,36,1508979406816215.jpg,images/front/9041488218266405018_6454_030_6474_030/1508979406816215.jpg,1920,1280,5,4,1,0,Dawn/Dusk,sunny,location_phx,medium,every_5th_front_frame_starting_at_first
9041488218266405018_6454_030_6474_030_1508979407315582,4,9041488218266405018_6454_030_6474_030,1508979407315582,1,FRONT,180,37,1508979407315582.jpg,images/front/9041488218266405018_6454_030_6474_030/1508979407315582.jpg,1920,1280,5,4,1,0,Dawn/Dusk,sunny,location_phx,medium,every_5th_front_frame_starting_at_first
9041488218266405018_6454_030_6474_030_1508979407815136,4,9041488218266405018_6454_030_6474_030,1508979407815136,1,FRONT,185,38,1508979407815136.jpg,images/front/9041488218266405018_6454_030_6474_030/1508979407815136.jpg,1920,1280,5,4,1,0,Dawn/Dusk,sunny,location_phx,medium,every_5th_front_frame_starting_at_first
9041488218266405018_6454_030_6474_030_1508979408314503,4,9041488218266405018_6454_030_6474_030,1508979408314503,1,FRONT,190,39,1508979408314503.jpg,images/front/9041488218266405018_6454_030_6474_030/1508979408314503.jpg,1920,1280,4,3,1,0,Dawn/Dusk,sunny,location_phx,medium,every_5th_front_frame_starting_at_first
9041488218266405018_6454_030_6474_030_1508979408813976,4,9041488218266405018_6454_030_6474_030,1508979408813976,1,FRONT,195,40,1508979408813976.jpg,images/front/9041488218266405018_6454_030_6474_030/1508979408813976.jpg,1920,1280,4,3,1,0,Dawn/Dusk,sunny,location_phx,medium,every_5th_front_frame_starting_at_first
9114112687541091312_1100_000_1120_000_1544144324716280,5,9114112687541091312_1100_000_1120_000,1544144324716280,1,FRONT,0,1,1544144324716280.jpg,images/front/9114112687541091312_1100_000_1120_000/1544144324716280.jpg,1920,1280,45,14,28,3,Dawn/Dusk,sunny,location_sf,high,every_5th_front_frame_starting_at_first
9114112687541091312_1100_000_1120_000_1544144325216299,5,9114112687541091312_1100_000_1120_000,1544144325216299,1,FRONT,5,2,1544144325216299.jpg,images/front/9114112687541091312_1100_000_1120_000/1544144325216299.jpg,1920,1280,47,14,29,4,Dawn/Dusk,sunny,location_sf,high,every_5th_front_frame_starting_at_first
9114112687541091312_1100_000_1120_000_1544144325716300,5,9114112687541091312_1100_000_1120_000,1544144325716300,1,FRONT,10,3,1544144325716300.jpg,images/front/9114112687541091312_1100_000_1120_000/1544144325716300.jpg,1920,1280,48,15,30,3,Dawn/Dusk,sunny,location_sf,high,every_5th_front_frame_starting_at_first
9114112687541091312_1100_000_1120_000_1544144326216286,5,9114112687541091312_1100_000_1120_000,1544144326216286,1,FRONT,15,4,1544144326216286.jpg,images/front/9114112687541091312_1100_000_1120_000/1544144326216286.jpg,1920,1280,48,14,31,3,Dawn/Dusk,sunny,location_sf,high,every_5th_front_frame_starting_at_first
9114112687541091312_1100_000_1120_000_1544144326716290,5,9114112687541091312_1100_000_1120_000,1544144326716290,1,FRONT,20,5,1544144326716290.jpg,images/front/9114112687541091312_1100_000_1120_000/1544144326716290.jpg,1920,1280,46,15,28,3,Dawn/Dusk,sunny,location_sf,high,every_5th_front_frame_starting_at_first
9114112687541091312_1100_000_1120_000_1544144327216278,5,9114112687541091312_1100_000_1120_000,1544144327216278,1,FRONT,25,6,1544144327216278.jpg,images/front/9114112687541091312_1100_000_1120_000/1544144327216278.jpg,1920,1280,42,12,28,2,Dawn/Dusk,sunny,location_sf,high,every_5th_front_frame_starting_at_first
9114112687541091312_1100_000_1120_000_1544144327716284,5,9114112687541091312_1100_000_1120_000,1544144327716284,1,FRONT,30,7,1544144327716284.jpg,images/front/9114112687541091312_1100_000_1120_000/1544144327716284.jpg,1920,1280,38,14,22,2,Dawn/Dusk,sunny,location_sf,high,every_5th_front_frame_starting_at_first
9114112687541091312_1100_000_1120_000_1544144328216300,5,9114112687541091312_1100_000_1120_000,1544144328216300,1,FRONT,35,8,1544144328216300.jpg,images/front/9114112687541091312_1100_000_1120_000/1544144328216300.jpg,1920,1280,40,14,23,3,Dawn/Dusk,sunny,location_sf,high,every_5th_front_frame_starting_at_first
9114112687541091312_1100_000_1120_000_1544144328716280,5,9114112687541091312_1100_000_1120_000,1544144328716280,1,FRONT,40,9,1544144328716280.jpg,images/front/9114112687541091312_1100_000_1120_000/1544144328716280.jpg,1920,1280,40,13,24,3,Dawn/Dusk,sunny,location_sf,high,every_5th_front_frame_starting_at_first
9114112687541091312_1100_000_1120_000_1544144329216283,5,9114112687541091312_1100_000_1120_000,1544144329216283,1,FRONT,45,10,1544144329216283.jpg,images/front/9114112687541091312_1100_000_1120_000/1544144329216283.jpg,1920,1280,39,14,23,2,Dawn/Dusk,sunny,location_sf,high,every_5th_front_frame_starting_at_first
9114112687541091312_1100_000_1120_000_1544144329716272,5,9114112687541091312_1100_000_1120_000,1544144329716272,1,FRONT,50,11,1544144329716272.jpg,images/front/9114112687541091312_1100_000_1120_000/1544144329716272.jpg,1920,1280,39,14,23,2,Dawn/Dusk,sunny,location_sf,high,every_5th_front_frame_starting_at_first
9114112687541091312_1100_000_1120_000_1544144330216284,5,9114112687541091312_1100_000_1120_000,1544144330216284,1,FRONT,55,12,1544144330216284.jpg,images/front/9114112687541091312_1100_000_1120_000/1544144330216284.jpg,1920,1280,37,14,21,2,Dawn/Dusk,sunny,location_sf,high,every_5th_front_frame_starting_at_first
9114112687541091312_1100_000_1120_000_1544144330816285,5,9114112687541091312_1100_000_1120_000,1544144330816285,1,FRONT,60,13,1544144330816285.jpg,images/front/9114112687541091312_1100_000_1120_000/1544144330816285.jpg,1920,1280,36,13,20,3,Dawn/Dusk,sunny,location_sf,high,every_5th_front_frame_starting_at_first
9114112687541091312_1100_000_1120_000_1544144331316268,5,9114112687541091312_1100_000_1120_000,1544144331316268,1,FRONT,65,14,1544144331316268.jpg,images/front/9114112687541091312_1100_000_1120_000/1544144331316268.jpg,1920,1280,40,14,23,3,Dawn/Dusk,sunny,location_sf,high,every_5th_front_frame_starting_at_first
9114112687541091312_1100_000_1120_000_1544144331816256,5,9114112687541091312_1100_000_1120_000,1544144331816256,1,FRONT,70,15,1544144331816256.jpg,images/front/9114112687541091312_1100_000_1120_000/1544144331816256.jpg,1920,1280,42,14,26,2,Dawn/Dusk,sunny,location_sf,high,every_5th_front_frame_starting_at_first
9114112687541091312_1100_000_1120_000_1544144332316253,5,9114112687541091312_1100_000_1120_000,1544144332316253,1,FRONT,75,16,1544144332316253.jpg,images/front/9114112687541091312_1100_000_1120_000/1544144332316253.jpg,1920,1280,44,14,28,2,Dawn/Dusk,sunny,location_sf,high,every_5th_front_frame_starting_at_first
9114112687541091312_1100_000_1120_000_1544144332816253,5,9114112687541091312_1100_000_1120_000,1544144332816253,1,FRONT,80,17,1544144332816253.jpg,images/front/9114112687541091312_1100_000_1120_000/1544144332816253.jpg,1920,1280,43,13,27,3,Dawn/Dusk,sunny,location_sf,high,every_5th_front_frame_starting_at_first
9114112687541091312_1100_000_1120_000_1544144333316285,5,9114112687541091312_1100_000_1120_000,1544144333316285,1,FRONT,85,18,1544144333316285.jpg,images/front/9114112687541091312_1100_000_1120_000/1544144333316285.jpg,1920,1280,43,12,28,3,Dawn/Dusk,sunny,location_sf,high,every_5th_front_frame_starting_at_first
9114112687541091312_1100_000_1120_000_1544144333816269,5,9114112687541091312_1100_000_1120_000,1544144333816269,1,FRONT,90,19,1544144333816269.jpg,images/front/9114112687541091312_1100_000_1120_000/1544144333816269.jpg,1920,1280,42,12,27,3,Dawn/Dusk,sunny,location_sf,high,every_5th_front_frame_starting_at_first
9114112687541091312_1100_000_1120_000_1544144334316230,5,9114112687541091312_1100_000_1120_000,1544144334316230,1,FRONT,95,20,1544144334316230.jpg,images/front/9114112687541091312_1100_000_1120_000/1544144334316230.jpg,1920,1280,43,12,28,3,Dawn/Dusk,sunny,location_sf,high,every_5th_front_frame_starting_at_first
9114112687541091312_1100_000_1120_000_1544144334816198,5,9114112687541091312_1100_000_1120_000,1544144334816198,1,FRONT,100,21,1544144334816198.jpg,images/front/9114112687541091312_1100_000_1120_000/1544144334816198.jpg,1920,1280,44,13,28,3,Dawn/Dusk,sunny,location_sf,high,every_5th_front_frame_starting_at_first
9114112687541091312_1100_000_1120_000_1544144335316215,5,9114112687541091312_1100_000_1120_000,1544144335316215,1,FRONT,105,22,1544144335316215.jpg,images/front/9114112687541091312_1100_000_1120_000/1544144335316215.jpg,1920,1280,43,13,27,3,Dawn/Dusk,sunny,location_sf,high,every_5th_front_frame_starting_at_first
9114112687541091312_1100_000_1120_000_1544144335816195,5,9114112687541091312_1100_000_1120_000,1544144335816195,1,FRONT,110,23,1544144335816195.jpg,images/front/9114112687541091312_1100_000_1120_000/1544144335816195.jpg,1920,1280,45,13,29,3,Dawn/Dusk,sunny,location_sf,high,every_5th_front_frame_starting_at_first
9114112687541091312_1100_000_1120_000_1544144336316269,5,9114112687541091312_1100_000_1120_000,1544144336316269,1,FRONT,115,24,1544144336316269.jpg,images/front/9114112687541091312_1100_000_1120_000/1544144336316269.jpg,1920,1280,44,13,29,2,Dawn/Dusk,sunny,location_sf,high,every_5th_front_frame_starting_at_first
9114112687541091312_1100_000_1120_000_1544144336816339,5,9114112687541091312_1100_000_1120_000,1544144336816339,1,FRONT,120,25,1544144336816339.jpg,images/front/9114112687541091312_1100_000_1120_000/1544144336816339.jpg,1920,1280,43,12,29,2,Dawn/Dusk,sunny,location_sf,high,every_5th_front_frame_starting_at_first
9114112687541091312_1100_000_1120_000_1544144337316333,5,9114112687541091312_1100_000_1120_000,1544144337316333,1,FRONT,125,26,1544144337316333.jpg,images/front/9114112687541091312_1100_000_1120_000/1544144337316333.jpg,1920,1280,44,12,29,3,Dawn/Dusk,sunny,location_sf,high,every_5th_front_frame_starting_at_first
9114112687541091312_1100_000_1120_000_1544144337816224,5,9114112687541091312_1100_000_1120_000,1544144337816224,1,FRONT,130,27,1544144337816224.jpg,images/front/9114112687541091312_1100_000_1120_000/1544144337816224.jpg,1920,1280,43,12,28,3,Dawn/Dusk,sunny,location_sf,high,every_5th_front_frame_starting_at_first
9114112687541091312_1100_000_1120_000_1544144338316151,5,9114112687541091312_1100_000_1120_000,1544144338316151,1,FRONT,135,28,1544144338316151.jpg,images/front/9114112687541091312_1100_000_1120_000/1544144338316151.jpg,1920,1280,42,12,27,3,Dawn/Dusk,sunny,location_sf,high,every_5th_front_frame_starting_at_first
9114112687541091312_1100_000_1120_000_1544144338816151,5,9114112687541091312_1100_000_1120_000,1544144338816151,1,FRONT,140,29,1544144338816151.jpg,images/front/9114112687541091312_1100_000_1120_000/1544144338816151.jpg,1920,1280,45,11,31,3,Dawn/Dusk,sunny,location_sf,high,every_5th_front_frame_starting_at_first
9114112687541091312_1100_000_1120_000_1544144339316236,5,9114112687541091312_1100_000_1120_000,1544144339316236,1,FRONT,145,30,1544144339316236.jpg,images/front/9114112687541091312_1100_000_1120_000/1544144339316236.jpg,1920,1280,44,12,29,3,Dawn/Dusk,sunny,location_sf,high,every_5th_front_frame_starting_at_first
9114112687541091312_1100_000_1120_000_1544144339816354,5,9114112687541091312_1100_000_1120_000,1544144339816354,1,FRONT,150,31,1544144339816354.jpg,images/front/9114112687541091312_1100_000_1120_000/1544144339816354.jpg,1920,1280,47,13,31,3,Dawn/Dusk,sunny,location_sf,high,every_5th_front_frame_starting_at_first
9114112687541091312_1100_000_1120_000_1544144340316344,5,9114112687541091312_1100_000_1120_000,1544144340316344,1,FRONT,155,32,1544144340316344.jpg,images/front/9114112687541091312_1100_000_1120_000/1544144340316344.jpg,1920,1280,46,13,30,3,Dawn/Dusk,sunny,location_sf,high,every_5th_front_frame_starting_at_first
9114112687541091312_1100_000_1120_000_1544144340816348,5,9114112687541091312_1100_000_1120_000,1544144340816348,1,FRONT,160,33,1544144340816348.jpg,images/front/9114112687541091312_1100_000_1120_000/1544144340816348.jpg,1920,1280,47,13,31,3,Dawn/Dusk,sunny,location_sf,high,every_5th_front_frame_starting_at_first
9114112687541091312_1100_000_1120_000_1544144341316314,5,9114112687541091312_1100_000_1120_000,1544144341316314,1,FRONT,165,34,1544144341316314.jpg,images/front/9114112687541091312_1100_000_1120_000/1544144341316314.jpg,1920,1280,49,14,32,3,Dawn/Dusk,sunny,location_sf,high,every_5th_front_frame_starting_at_first
9114112687541091312_1100_000_1120_000_1544144341816280,5,9114112687541091312_1100_000_1120_000,1544144341816280,1,FRONT,170,35,1544144341816280.jpg,images/front/9114112687541091312_1100_000_1120_000/1544144341816280.jpg,1920,1280,48,14,31,3,Dawn/Dusk,sunny,location_sf,high,every_5th_front_frame_starting_at_first
9114112687541091312_1100_000_1120_000_1544144342316340,5,9114112687541091312_1100_000_1120_000,1544144342316340,1,FRONT,175,36,1544144342316340.jpg,images/front/9114112687541091312_1100_000_1120_000/1544144342316340.jpg,1920,1280,46,14,29,3,Dawn/Dusk,sunny,location_sf,high,every_5th_front_frame_starting_at_first
9114112687541091312_1100_000_1120_000_1544144342816305,5,9114112687541091312_1100_000_1120_000,1544144342816305,1,FRONT,180,37,1544144342816305.jpg,images/front/9114112687541091312_1100_000_1120_000/1544144342816305.jpg,1920,1280,46,14,29,3,Dawn/Dusk,sunny,location_sf,high,every_5th_front_frame_starting_at_first
9114112687541091312_1100_000_1120_000_1544144343316292,5,9114112687541091312_1100_000_1120_000,1544144343316292,1,FRONT,185,38,1544144343316292.jpg,images/front/9114112687541091312_1100_000_1120_000/1544144343316292.jpg,1920,1280,46,14,29,3,Dawn/Dusk,sunny,location_sf,high,every_5th_front_frame_starting_at_first
9114112687541091312_1100_000_1120_000_1544144343816197,5,9114112687541091312_1100_000_1120_000,1544144343816197,1,FRONT,190,39,1544144343816197.jpg,images/front/9114112687541091312_1100_000_1120_000/1544144343816197.jpg,1920,1280,44,14,27,3,Dawn/Dusk,sunny,location_sf,high,every_5th_front_frame_starting_at_first
9114112687541091312_1100_000_1120_000_1544144344316123,5,9114112687541091312_1100_000_1120_000,1544144344316123,1,FRONT,195,40,1544144344316123.jpg,images/front/9114112687541091312_1100_000_1120_000/1544144344316123.jpg,1920,1280,47,14,30,3,Dawn/Dusk,sunny,location_sf,high,every_5th_front_frame_starting_at_first
12657584952502228282_3940_000_3960_000_1549937205899042,6,12657584952502228282_3940_000_3960_000,1549937205899042,1,FRONT,0,1,1549937205899042.jpg,images/front/12657584952502228282_3940_000_3960_000/1549937205899042.jpg,1920,1280,41,39,2,0,Dawn/Dusk,sunny,location_sf,medium,every_5th_front_frame_starting_at_first
12657584952502228282_3940_000_3960_000_1549937206398997,6,12657584952502228282_3940_000_3960_000,1549937206398997,1,FRONT,5,2,1549937206398997.jpg,images/front/12657584952502228282_3940_000_3960_000/1549937206398997.jpg,1920,1280,43,40,3,0,Dawn/Dusk,sunny,location_sf,medium,every_5th_front_frame_starting_at_first
12657584952502228282_3940_000_3960_000_1549937206898986,6,12657584952502228282_3940_000_3960_000,1549937206898986,1,FRONT,10,3,1549937206898986.jpg,images/front/12657584952502228282_3940_000_3960_000/1549937206898986.jpg,1920,1280,41,39,2,0,Dawn/Dusk,sunny,location_sf,medium,every_5th_front_frame_starting_at_first
12657584952502228282_3940_000_3960_000_1549937207399013,6,12657584952502228282_3940_000_3960_000,1549937207399013,1,FRONT,15,4,1549937207399013.jpg,images/front/12657584952502228282_3940_000_3960_000/1549937207399013.jpg,1920,1280,41,39,2,0,Dawn/Dusk,sunny,location_sf,medium,every_5th_front_frame_starting_at_first
12657584952502228282_3940_000_3960_000_1549937207898989,6,12657584952502228282_3940_000_3960_000,1549937207898989,1,FRONT,20,5,1549937207898989.jpg,images/front/12657584952502228282_3940_000_3960_000/1549937207898989.jpg,1920,1280,40,38,2,0,Dawn/Dusk,sunny,location_sf,medium,every_5th_front_frame_starting_at_first
12657584952502228282_3940_000_3960_000_1549937208399015,6,12657584952502228282_3940_000_3960_000,1549937208399015,1,FRONT,25,6,1549937208399015.jpg,images/front/12657584952502228282_3940_000_3960_000/1549937208399015.jpg,1920,1280,38,36,2,0,Dawn/Dusk,sunny,location_sf,medium,every_5th_front_frame_starting_at_first
12657584952502228282_3940_000_3960_000_1549937208899013,6,12657584952502228282_3940_000_3960_000,1549937208899013,1,FRONT,30,7,1549937208899013.jpg,images/front/12657584952502228282_3940_000_3960_000/1549937208899013.jpg,1920,1280,39,37,2,0,Dawn/Dusk,sunny,location_sf,medium,every_5th_front_frame_starting_at_first
12657584952502228282_3940_000_3960_000_1549937209398838,6,12657584952502228282_3940_000_3960_000,1549937209398838,1,FRONT,35,8,1549937209398838.jpg,images/front/12657584952502228282_3940_000_3960_000/1549937209398838.jpg,1920,1280,41,38,3,0,Dawn/Dusk,sunny,location_sf,medium,every_5th_front_frame_starting_at_first
12657584952502228282_3940_000_3960_000_1549937209898774,6,12657584952502228282_3940_000_3960_000,1549937209898774,1,FRONT,40,9,1549937209898774.jpg,images/front/12657584952502228282_3940_000_3960_000/1549937209898774.jpg,1920,1280,42,39,3,0,Dawn/Dusk,sunny,location_sf,medium,every_5th_front_frame_starting_at_first
12657584952502228282_3940_000_3960_000_1549937210398649,6,12657584952502228282_3940_000_3960_000,1549937210398649,1,FRONT,45,10,1549937210398649.jpg,images/front/12657584952502228282_3940_000_3960_000/1549937210398649.jpg,1920,1280,40,37,3,0,Dawn/Dusk,sunny,location_sf,medium,every_5th_front_frame_starting_at_first
12657584952502228282_3940_000_3960_000_1549937210898587,6,12657584952502228282_3940_000_3960_000,1549937210898587,1,FRONT,50,11,1549937210898587.jpg,images/front/12657584952502228282_3940_000_3960_000/1549937210898587.jpg,1920,1280,38,35,3,0,Dawn/Dusk,sunny,location_sf,medium,every_5th_front_frame_starting_at_first
12657584952502228282_3940_000_3960_000_1549937211398460,6,12657584952502228282_3940_000_3960_000,1549937211398460,1,FRONT,55,12,1549937211398460.jpg,images/front/12657584952502228282_3940_000_3960_000/1549937211398460.jpg,1920,1280,38,35,3,0,Dawn/Dusk,sunny,location_sf,medium,every_5th_front_frame_starting_at_first
12657584952502228282_3940_000_3960_000_1549937211898457,6,12657584952502228282_3940_000_3960_000,1549937211898457,1,FRONT,60,13,1549937211898457.jpg,images/front/12657584952502228282_3940_000_3960_000/1549937211898457.jpg,1920,1280,34,32,2,0,Dawn/Dusk,sunny,location_sf,medium,every_5th_front_frame_starting_at_first
12657584952502228282_3940_000_3960_000_1549937212398470,6,12657584952502228282_3940_000_3960_000,1549937212398470,1,FRONT,65,14,1549937212398470.jpg,images/front/12657584952502228282_3940_000_3960_000/1549937212398470.jpg,1920,1280,37,34,3,0,Dawn/Dusk,sunny,location_sf,medium,every_5th_front_frame_starting_at_first
12657584952502228282_3940_000_3960_000_1549937212898542,6,12657584952502228282_3940_000_3960_000,1549937212898542,1,FRONT,70,15,1549937212898542.jpg,images/front/12657584952502228282_3940_000_3960_000/1549937212898542.jpg,1920,1280,36,33,3,0,Dawn/Dusk,sunny,location_sf,medium,every_5th_front_frame_starting_at_first
12657584952502228282_3940_000_3960_000_1549937213398698,6,12657584952502228282_3940_000_3960_000,1549937213398698,1,FRONT,75,16,1549937213398698.jpg,images/front/12657584952502228282_3940_000_3960_000/1549937213398698.jpg,1920,1280,34,32,2,0,Dawn/Dusk,sunny,location_sf,medium,every_5th_front_frame_starting_at_first
12657584952502228282_3940_000_3960_000_1549937213898785,6,12657584952502228282_3940_000_3960_000,1549937213898785,1,FRONT,80,17,1549937213898785.jpg,images/front/12657584952502228282_3940_000_3960_000/1549937213898785.jpg,1920,1280,34,32,2,0,Dawn/Dusk,sunny,location_sf,medium,every_5th_front_frame_starting_at_first
12657584952502228282_3940_000_3960_000_1549937214398878,6,12657584952502228282_3940_000_3960_000,1549937214398878,1,FRONT,85,18,1549937214398878.jpg,images/front/12657584952502228282_3940_000_3960_000/1549937214398878.jpg,1920,1280,33,32,1,0,Dawn/Dusk,sunny,location_sf,medium,every_5th_front_frame_starting_at_first
12657584952502228282_3940_000_3960_000_1549937214898834,6,12657584952502228282_3940_000_3960_000,1549937214898834,1,FRONT,90,19,1549937214898834.jpg,images/front/12657584952502228282_3940_000_3960_000/1549937214898834.jpg,1920,1280,32,31,1,0,Dawn/Dusk,sunny,location_sf,medium,every_5th_front_frame_starting_at_first
12657584952502228282_3940_000_3960_000_1549937215398685,6,12657584952502228282_3940_000_3960_000,1549937215398685,1,FRONT,95,20,1549937215398685.jpg,images/front/12657584952502228282_3940_000_3960_000/1549937215398685.jpg,1920,1280,33,32,1,0,Dawn/Dusk,sunny,location_sf,medium,every_5th_front_frame_starting_at_first
12657584952502228282_3940_000_3960_000_1549937215898463,6,12657584952502228282_3940_000_3960_000,1549937215898463,1,FRONT,100,21,1549937215898463.jpg,images/front/12657584952502228282_3940_000_3960_000/1549937215898463.jpg,1920,1280,33,32,1,0,Dawn/Dusk,sunny,location_sf,medium,every_5th_front_frame_starting_at_first
12657584952502228282_3940_000_3960_000_1549937216398410,6,12657584952502228282_3940_000_3960_000,1549937216398410,1,FRONT,105,22,1549937216398410.jpg,images/front/12657584952502228282_3940_000_3960_000/1549937216398410.jpg,1920,1280,32,32,0,0,Dawn/Dusk,sunny,location_sf,medium,every_5th_front_frame_starting_at_first
12657584952502228282_3940_000_3960_000_1549937216898539,6,12657584952502228282_3940_000_3960_000,1549937216898539,1,FRONT,110,23,1549937216898539.jpg,images/front/12657584952502228282_3940_000_3960_000/1549937216898539.jpg,1920,1280,32,32,0,0,Dawn/Dusk,sunny,location_sf,medium,every_5th_front_frame_starting_at_first
12657584952502228282_3940_000_3960_000_1549937217398446,6,12657584952502228282_3940_000_3960_000,1549937217398446,1,FRONT,115,24,1549937217398446.jpg,images/front/12657584952502228282_3940_000_3960_000/1549937217398446.jpg,1920,1280,32,32,0,0,Dawn/Dusk,sunny,location_sf,medium,every_5th_front_frame_starting_at_first
12657584952502228282_3940_000_3960_000_1549937217898497,6,12657584952502228282_3940_000_3960_000,1549937217898497,1,FRONT,120,25,1549937217898497.jpg,images/front/12657584952502228282_3940_000_3960_000/1549937217898497.jpg,1920,1280,31,31,0,0,Dawn/Dusk,sunny,location_sf,medium,every_5th_front_frame_starting_at_first
12657584952502228282_3940_000_3960_000_1549937218398453,6,12657584952502228282_3940_000_3960_000,1549937218398453,1,FRONT,125,26,1549937218398453.jpg,images/front/12657584952502228282_3940_000_3960_000/1549937218398453.jpg,1920,1280,29,29,0,0,Dawn/Dusk,sunny,location_sf,medium,every_5th_front_frame_starting_at_first
12657584952502228282_3940_000_3960_000_1549937218898720,6,12657584952502228282_3940_000_3960_000,1549937218898720,1,FRONT,130,27,1549937218898720.jpg,images/front/12657584952502228282_3940_000_3960_000/1549937218898720.jpg,1920,1280,29,29,0,0,Dawn/Dusk,sunny,location_sf,medium,every_5th_front_frame_starting_at_first
12657584952502228282_3940_000_3960_000_1549937219398999,6,12657584952502228282_3940_000_3960_000,1549937219398999,1,FRONT,135,28,1549937219398999.jpg,images/front/12657584952502228282_3940_000_3960_000/1549937219398999.jpg,1920,1280,27,27,0,0,Dawn/Dusk,sunny,location_sf,medium,every_5th_front_frame_starting_at_first
12657584952502228282_3940_000_3960_000_1549937219898991,6,12657584952502228282_3940_000_3960_000,1549937219898991,1,FRONT,140,29,1549937219898991.jpg,images/front/12657584952502228282_3940_000_3960_000/1549937219898991.jpg,1920,1280,27,25,2,0,Dawn/Dusk,sunny,location_sf,medium,every_5th_front_frame_starting_at_first
12657584952502228282_3940_000_3960_000_1549937220398802,6,12657584952502228282_3940_000_3960_000,1549937220398802,1,FRONT,145,30,1549937220398802.jpg,images/front/12657584952502228282_3940_000_3960_000/1549937220398802.jpg,1920,1280,26,24,2,0,Dawn/Dusk,sunny,location_sf,medium,every_5th_front_frame_starting_at_first
12657584952502228282_3940_000_3960_000_1549937220898674,6,12657584952502228282_3940_000_3960_000,1549937220898674,1,FRONT,150,31,1549937220898674.jpg,images/front/12657584952502228282_3940_000_3960_000/1549937220898674.jpg,1920,1280,26,24,2,0,Dawn/Dusk,sunny,location_sf,medium,every_5th_front_frame_starting_at_first
12657584952502228282_3940_000_3960_000_1549937221398660,6,12657584952502228282_3940_000_3960_000,1549937221398660,1,FRONT,155,32,1549937221398660.jpg,images/front/12657584952502228282_3940_000_3960_000/1549937221398660.jpg,1920,1280,25,23,2,0,Dawn/Dusk,sunny,location_sf,medium,every_5th_front_frame_starting_at_first
12657584952502228282_3940_000_3960_000_1549937221898992,6,12657584952502228282_3940_000_3960_000,1549937221898992,1,FRONT,160,33,1549937221898992.jpg,images/front/12657584952502228282_3940_000_3960_000/1549937221898992.jpg,1920,1280,24,22,2,0,Dawn/Dusk,sunny,location_sf,medium,every_5th_front_frame_starting_at_first
12657584952502228282_3940_000_3960_000_1549937222399274,6,12657584952502228282_3940_000_3960_000,1549937222399274,1,FRONT,165,34,1549937222399274.jpg,images/front/12657584952502228282_3940_000_3960_000/1549937222399274.jpg,1920,1280,23,22,1,0,Dawn/Dusk,sunny,location_sf,medium,every_5th_front_frame_starting_at_first
12657584952502228282_3940_000_3960_000_1549937222899266,6,12657584952502228282_3940_000_3960_000,1549937222899266,1,FRONT,170,35,1549937222899266.jpg,images/front/12657584952502228282_3940_000_3960_000/1549937222899266.jpg,1920,1280,23,22,1,0,Dawn/Dusk,sunny,location_sf,medium,every_5th_front_frame_starting_at_first
12657584952502228282_3940_000_3960_000_1549937223398950,6,12657584952502228282_3940_000_3960_000,1549937223398950,1,FRONT,175,36,1549937223398950.jpg,images/front/12657584952502228282_3940_000_3960_000/1549937223398950.jpg,1920,1280,24,22,1,1,Dawn/Dusk,sunny,location_sf,medium,every_5th_front_frame_starting_at_first
12657584952502228282_3940_000_3960_000_1549937223898628,6,12657584952502228282_3940_000_3960_000,1549937223898628,1,FRONT,180,37,1549937223898628.jpg,images/front/12657584952502228282_3940_000_3960_000/1549937223898628.jpg,1920,1280,24,23,1,0,Dawn/Dusk,sunny,location_sf,medium,every_5th_front_frame_starting_at_first
12657584952502228282_3940_000_3960_000_1549937224398546,6,12657584952502228282_3940_000_3960_000,1549937224398546,1,FRONT,185,38,1549937224398546.jpg,images/front/12657584952502228282_3940_000_3960_000/1549937224398546.jpg,1920,1280,24,23,1,0,Dawn/Dusk,sunny,location_sf,medium,every_5th_front_frame_starting_at_first
12657584952502228282_3940_000_3960_000_1549937224898635,6,12657584952502228282_3940_000_3960_000,1549937224898635,1,FRONT,190,39,1549937224898635.jpg,images/front/12657584952502228282_3940_000_3960_000/1549937224898635.jpg,1920,1280,23,23,0,0,Dawn/Dusk,sunny,location_sf,medium,every_5th_front_frame_starting_at_first
12657584952502228282_3940_000_3960_000_1549937225398829,6,12657584952502228282_3940_000_3960_000,1549937225398829,1,FRONT,195,40,1549937225398829.jpg,images/front/12657584952502228282_3940_000_3960_000/1549937225398829.jpg,1920,1280,23,23,0,0,Dawn/Dusk,sunny,location_sf,medium,every_5th_front_frame_starting_at_first
6324079979569135086_2372_300_2392_300_1506988290759379,7,6324079979569135086_2372_300_2392_300,1506988290759379,1,FRONT,0,1,1506988290759379.jpg,images/front/6324079979569135086_2372_300_2392_300/1506988290759379.jpg,1920,1280,31,22,5,4,Day,sunny,location_other,high,every_5th_front_frame_starting_at_first
6324079979569135086_2372_300_2392_300_1506988291259304,7,6324079979569135086_2372_300_2392_300,1506988291259304,1,FRONT,5,2,1506988291259304.jpg,images/front/6324079979569135086_2372_300_2392_300/1506988291259304.jpg,1920,1280,29,22,3,4,Day,sunny,location_other,high,every_5th_front_frame_starting_at_first
6324079979569135086_2372_300_2392_300_1506988291759180,7,6324079979569135086_2372_300_2392_300,1506988291759180,1,FRONT,10,3,1506988291759180.jpg,images/front/6324079979569135086_2372_300_2392_300/1506988291759180.jpg,1920,1280,31,24,3,4,Day,sunny,location_other,high,every_5th_front_frame_starting_at_first
6324079979569135086_2372_300_2392_300_1506988292259364,7,6324079979569135086_2372_300_2392_300,1506988292259364,1,FRONT,15,4,1506988292259364.jpg,images/front/6324079979569135086_2372_300_2392_300/1506988292259364.jpg,1920,1280,30,23,3,4,Day,sunny,location_other,high,every_5th_front_frame_starting_at_first
6324079979569135086_2372_300_2392_300_1506988292759607,7,6324079979569135086_2372_300_2392_300,1506988292759607,1,FRONT,20,5,1506988292759607.jpg,images/front/6324079979569135086_2372_300_2392_300/1506988292759607.jpg,1920,1280,30,24,3,3,Day,sunny,location_other,high,every_5th_front_frame_starting_at_first
6324079979569135086_2372_300_2392_300_1506988293259610,7,6324079979569135086_2372_300_2392_300,1506988293259610,1,FRONT,25,6,1506988293259610.jpg,images/front/6324079979569135086_2372_300_2392_300/1506988293259610.jpg,1920,1280,29,24,3,2,Day,sunny,location_other,high,every_5th_front_frame_starting_at_first
6324079979569135086_2372_300_2392_300_1506988293759462,7,6324079979569135086_2372_300_2392_300,1506988293759462,1,FRONT,30,7,1506988293759462.jpg,images/front/6324079979569135086_2372_300_2392_300/1506988293759462.jpg,1920,1280,31,27,3,1,Day,sunny,location_other,high,every_5th_front_frame_starting_at_first
6324079979569135086_2372_300_2392_300_1506988294259415,7,6324079979569135086_2372_300_2392_300,1506988294259415,1,FRONT,35,8,1506988294259415.jpg,images/front/6324079979569135086_2372_300_2392_300/1506988294259415.jpg,1920,1280,31,27,3,1,Day,sunny,location_other,high,every_5th_front_frame_starting_at_first
6324079979569135086_2372_300_2392_300_1506988294759358,7,6324079979569135086_2372_300_2392_300,1506988294759358,1,FRONT,40,9,1506988294759358.jpg,images/front/6324079979569135086_2372_300_2392_300/1506988294759358.jpg,1920,1280,30,25,5,0,Day,sunny,location_other,high,every_5th_front_frame_starting_at_first
6324079979569135086_2372_300_2392_300_1506988295259170,7,6324079979569135086_2372_300_2392_300,1506988295259170,1,FRONT,45,10,1506988295259170.jpg,images/front/6324079979569135086_2372_300_2392_300/1506988295259170.jpg,1920,1280,31,25,5,1,Day,sunny,location_other,high,every_5th_front_frame_starting_at_first
6324079979569135086_2372_300_2392_300_1506988295759068,7,6324079979569135086_2372_300_2392_300,1506988295759068,1,FRONT,50,11,1506988295759068.jpg,images/front/6324079979569135086_2372_300_2392_300/1506988295759068.jpg,1920,1280,36,28,5,3,Day,sunny,location_other,high,every_5th_front_frame_starting_at_first
6324079979569135086_2372_300_2392_300_1506988296259175,7,6324079979569135086_2372_300_2392_300,1506988296259175,1,FRONT,55,12,1506988296259175.jpg,images/front/6324079979569135086_2372_300_2392_300/1506988296259175.jpg,1920,1280,32,25,3,4,Day,sunny,location_other,high,every_5th_front_frame_starting_at_first
6324079979569135086_2372_300_2392_300_1506988296759323,7,6324079979569135086_2372_300_2392_300,1506988296759323,1,FRONT,60,13,1506988296759323.jpg,images/front/6324079979569135086_2372_300_2392_300/1506988296759323.jpg,1920,1280,33,28,2,3,Day,sunny,location_other,high,every_5th_front_frame_starting_at_first
6324079979569135086_2372_300_2392_300_1506988297259243,7,6324079979569135086_2372_300_2392_300,1506988297259243,1,FRONT,65,14,1506988297259243.jpg,images/front/6324079979569135086_2372_300_2392_300/1506988297259243.jpg,1920,1280,33,29,1,3,Day,sunny,location_other,high,every_5th_front_frame_starting_at_first
6324079979569135086_2372_300_2392_300_1506988297758918,7,6324079979569135086_2372_300_2392_300,1506988297758918,1,FRONT,70,15,1506988297758918.jpg,images/front/6324079979569135086_2372_300_2392_300/1506988297758918.jpg,1920,1280,31,26,3,2,Day,sunny,location_other,high,every_5th_front_frame_starting_at_first
6324079979569135086_2372_300_2392_300_1506988298258545,7,6324079979569135086_2372_300_2392_300,1506988298258545,1,FRONT,75,16,1506988298258545.jpg,images/front/6324079979569135086_2372_300_2392_300/1506988298258545.jpg,1920,1280,30,27,1,2,Day,sunny,location_other,high,every_5th_front_frame_starting_at_first
6324079979569135086_2372_300_2392_300_1506988298758267,7,6324079979569135086_2372_300_2392_300,1506988298758267,1,FRONT,80,17,1506988298758267.jpg,images/front/6324079979569135086_2372_300_2392_300/1506988298758267.jpg,1920,1280,32,30,1,1,Day,sunny,location_other,high,every_5th_front_frame_starting_at_first
6324079979569135086_2372_300_2392_300_1506988299258081,7,6324079979569135086_2372_300_2392_300,1506988299258081,1,FRONT,85,18,1506988299258081.jpg,images/front/6324079979569135086_2372_300_2392_300/1506988299258081.jpg,1920,1280,29,27,1,1,Day,sunny,location_other,high,every_5th_front_frame_starting_at_first
6324079979569135086_2372_300_2392_300_1506988299757707,7,6324079979569135086_2372_300_2392_300,1506988299757707,1,FRONT,90,19,1506988299757707.jpg,images/front/6324079979569135086_2372_300_2392_300/1506988299757707.jpg,1920,1280,28,26,1,1,Day,sunny,location_other,high,every_5th_front_frame_starting_at_first
6324079979569135086_2372_300_2392_300_1506988300257639,7,6324079979569135086_2372_300_2392_300,1506988300257639,1,FRONT,95,20,1506988300257639.jpg,images/front/6324079979569135086_2372_300_2392_300/1506988300257639.jpg,1920,1280,27,26,1,0,Day,sunny,location_other,high,every_5th_front_frame_starting_at_first
6324079979569135086_2372_300_2392_300_1506988300757757,7,6324079979569135086_2372_300_2392_300,1506988300757757,1,FRONT,100,21,1506988300757757.jpg,images/front/6324079979569135086_2372_300_2392_300/1506988300757757.jpg,1920,1280,28,27,1,0,Day,sunny,location_other,high,every_5th_front_frame_starting_at_first
6324079979569135086_2372_300_2392_300_1506988301257952,7,6324079979569135086_2372_300_2392_300,1506988301257952,1,FRONT,105,22,1506988301257952.jpg,images/front/6324079979569135086_2372_300_2392_300/1506988301257952.jpg,1920,1280,27,25,2,0,Day,sunny,location_other,high,every_5th_front_frame_starting_at_first
6324079979569135086_2372_300_2392_300_1506988301758169,7,6324079979569135086_2372_300_2392_300,1506988301758169,1,FRONT,110,23,1506988301758169.jpg,images/front/6324079979569135086_2372_300_2392_300/1506988301758169.jpg,1920,1280,25,24,1,0,Day,sunny,location_other,high,every_5th_front_frame_starting_at_first
6324079979569135086_2372_300_2392_300_1506988302258459,7,6324079979569135086_2372_300_2392_300,1506988302258459,1,FRONT,115,24,1506988302258459.jpg,images/front/6324079979569135086_2372_300_2392_300/1506988302258459.jpg,1920,1280,26,23,3,0,Day,sunny,location_other,high,every_5th_front_frame_starting_at_first
6324079979569135086_2372_300_2392_300_1506988302758714,7,6324079979569135086_2372_300_2392_300,1506988302758714,1,FRONT,120,25,1506988302758714.jpg,images/front/6324079979569135086_2372_300_2392_300/1506988302758714.jpg,1920,1280,26,23,3,0,Day,sunny,location_other,high,every_5th_front_frame_starting_at_first
6324079979569135086_2372_300_2392_300_1506988303259080,7,6324079979569135086_2372_300_2392_300,1506988303259080,1,FRONT,125,26,1506988303259080.jpg,images/front/6324079979569135086_2372_300_2392_300/1506988303259080.jpg,1920,1280,25,24,1,0,Day,sunny,location_other,high,every_5th_front_frame_starting_at_first
6324079979569135086_2372_300_2392_300_1506988303759193,7,6324079979569135086_2372_300_2392_300,1506988303759193,1,FRONT,130,27,1506988303759193.jpg,images/front/6324079979569135086_2372_300_2392_300/1506988303759193.jpg,1920,1280,24,23,1,0,Day,sunny,location_other,high,every_5th_front_frame_starting_at_first
6324079979569135086_2372_300_2392_300_1506988304259196,7,6324079979569135086_2372_300_2392_300,1506988304259196,1,FRONT,135,28,1506988304259196.jpg,images/front/6324079979569135086_2372_300_2392_300/1506988304259196.jpg,1920,1280,26,25,1,0,Day,sunny,location_other,high,every_5th_front_frame_starting_at_first
6324079979569135086_2372_300_2392_300_1506988304759010,7,6324079979569135086_2372_300_2392_300,1506988304759010,1,FRONT,140,29,1506988304759010.jpg,images/front/6324079979569135086_2372_300_2392_300/1506988304759010.jpg,1920,1280,26,25,1,0,Day,sunny,location_other,high,every_5th_front_frame_starting_at_first
6324079979569135086_2372_300_2392_300_1506988305258871,7,6324079979569135086_2372_300_2392_300,1506988305258871,1,FRONT,145,30,1506988305258871.jpg,images/front/6324079979569135086_2372_300_2392_300/1506988305258871.jpg,1920,1280,27,24,3,0,Day,sunny,location_other,high,every_5th_front_frame_starting_at_first
6324079979569135086_2372_300_2392_300_1506988305758793,7,6324079979569135086_2372_300_2392_300,1506988305758793,1,FRONT,150,31,1506988305758793.jpg,images/front/6324079979569135086_2372_300_2392_300/1506988305758793.jpg,1920,1280,26,23,3,0,Day,sunny,location_other,high,every_5th_front_frame_starting_at_first
6324079979569135086_2372_300_2392_300_1506988306258724,7,6324079979569135086_2372_300_2392_300,1506988306258724,1,FRONT,155,32,1506988306258724.jpg,images/front/6324079979569135086_2372_300_2392_300/1506988306258724.jpg,1920,1280,25,22,3,0,Day,sunny,location_other,high,every_5th_front_frame_starting_at_first
6324079979569135086_2372_300_2392_300_1506988306758538,7,6324079979569135086_2372_300_2392_300,1506988306758538,1,FRONT,160,33,1506988306758538.jpg,images/front/6324079979569135086_2372_300_2392_300/1506988306758538.jpg,1920,1280,24,21,3,0,Day,sunny,location_other,high,every_5th_front_frame_starting_at_first
6324079979569135086_2372_300_2392_300_1506988307258300,7,6324079979569135086_2372_300_2392_300,1506988307258300,1,FRONT,165,34,1506988307258300.jpg,images/front/6324079979569135086_2372_300_2392_300/1506988307258300.jpg,1920,1280,20,19,1,0,Day,sunny,location_other,high,every_5th_front_frame_starting_at_first
6324079979569135086_2372_300_2392_300_1506988307758217,7,6324079979569135086_2372_300_2392_300,1506988307758217,1,FRONT,170,35,1506988307758217.jpg,images/front/6324079979569135086_2372_300_2392_300/1506988307758217.jpg,1920,1280,23,22,1,0,Day,sunny,location_other,high,every_5th_front_frame_starting_at_first
6324079979569135086_2372_300_2392_300_1506988308258237,7,6324079979569135086_2372_300_2392_300,1506988308258237,1,FRONT,175,36,1506988308258237.jpg,images/front/6324079979569135086_2372_300_2392_300/1506988308258237.jpg,1920,1280,24,23,1,0,Day,sunny,location_other,high,every_5th_front_frame_starting_at_first
6324079979569135086_2372_300_2392_300_1506988308758146,7,6324079979569135086_2372_300_2392_300,1506988308758146,1,FRONT,180,37,1506988308758146.jpg,images/front/6324079979569135086_2372_300_2392_300/1506988308758146.jpg,1920,1280,23,22,1,0,Day,sunny,location_other,high,every_5th_front_frame_starting_at_first
6324079979569135086_2372_300_2392_300_1506988309258013,7,6324079979569135086_2372_300_2392_300,1506988309258013,1,FRONT,185,38,1506988309258013.jpg,images/front/6324079979569135086_2372_300_2392_300/1506988309258013.jpg,1920,1280,24,22,2,0,Day,sunny,location_other,high,every_5th_front_frame_starting_at_first
6324079979569135086_2372_300_2392_300_1506988309758129,7,6324079979569135086_2372_300_2392_300,1506988309758129,1,FRONT,190,39,1506988309758129.jpg,images/front/6324079979569135086_2372_300_2392_300/1506988309758129.jpg,1920,1280,22,22,0,0,Day,sunny,location_other,high,every_5th_front_frame_starting_at_first
6324079979569135086_2372_300_2392_300_1506988310258358,7,6324079979569135086_2372_300_2392_300,1506988310258358,1,FRONT,195,40,1506988310258358.jpg,images/front/6324079979569135086_2372_300_2392_300/1506988310258358.jpg,1920,1280,21,21,0,0,Day,sunny,location_other,high,every_5th_front_frame_starting_at_first
12358364923781697038_2232_990_2252_990_1507079373357140,8,12358364923781697038_2232_990_2252_990,1507079373357140,1,FRONT,0,1,1507079373357140.jpg,images/front/12358364923781697038_2232_990_2252_990/1507079373357140.jpg,1920,1280,2,2,0,0,Day,sunny,location_other,low,every_5th_front_frame_starting_at_first
12358364923781697038_2232_990_2252_990_1507079373857065,8,12358364923781697038_2232_990_2252_990,1507079373857065,1,FRONT,5,2,1507079373857065.jpg,images/front/12358364923781697038_2232_990_2252_990/1507079373857065.jpg,1920,1280,4,4,0,0,Day,sunny,location_other,low,every_5th_front_frame_starting_at_first
12358364923781697038_2232_990_2252_990_1507079374356809,8,12358364923781697038_2232_990_2252_990,1507079374356809,1,FRONT,10,3,1507079374356809.jpg,images/front/12358364923781697038_2232_990_2252_990/1507079374356809.jpg,1920,1280,4,4,0,0,Day,sunny,location_other,low,every_5th_front_frame_starting_at_first
12358364923781697038_2232_990_2252_990_1507079374856460,8,12358364923781697038_2232_990_2252_990,1507079374856460,1,FRONT,15,4,1507079374856460.jpg,images/front/12358364923781697038_2232_990_2252_990/1507079374856460.jpg,1920,1280,3,3,0,0,Day,sunny,location_other,low,every_5th_front_frame_starting_at_first
12358364923781697038_2232_990_2252_990_1507079375356159,8,12358364923781697038_2232_990_2252_990,1507079375356159,1,FRONT,20,5,1507079375356159.jpg,images/front/12358364923781697038_2232_990_2252_990/1507079375356159.jpg,1920,1280,2,2,0,0,Day,sunny,location_other,low,every_5th_front_frame_starting_at_first
12358364923781697038_2232_990_2252_990_1507079375855945,8,12358364923781697038_2232_990_2252_990,1507079375855945,1,FRONT,25,6,1507079375855945.jpg,images/front/12358364923781697038_2232_990_2252_990/1507079375855945.jpg,1920,1280,2,2,0,0,Day,sunny,location_other,low,every_5th_front_frame_starting_at_first
12358364923781697038_2232_990_2252_990_1507079376356019,8,12358364923781697038_2232_990_2252_990,1507079376356019,1,FRONT,30,7,1507079376356019.jpg,images/front/12358364923781697038_2232_990_2252_990/1507079376356019.jpg,1920,1280,1,1,0,0,Day,sunny,location_other,low,every_5th_front_frame_starting_at_first
12358364923781697038_2232_990_2252_990_1507079376856253,8,12358364923781697038_2232_990_2252_990,1507079376856253,1,FRONT,35,8,1507079376856253.jpg,images/front/12358364923781697038_2232_990_2252_990/1507079376856253.jpg,1920,1280,2,2,0,0,Day,sunny,location_other,low,every_5th_front_frame_starting_at_first
12358364923781697038_2232_990_2252_990_1507079377356081,8,12358364923781697038_2232_990_2252_990,1507079377356081,1,FRONT,40,9,1507079377356081.jpg,images/front/12358364923781697038_2232_990_2252_990/1507079377356081.jpg,1920,1280,3,3,0,0,Day,sunny,location_other,low,every_5th_front_frame_starting_at_first
12358364923781697038_2232_990_2252_990_1507079377855853,8,12358364923781697038_2232_990_2252_990,1507079377855853,1,FRONT,45,10,1507079377855853.jpg,images/front/12358364923781697038_2232_990_2252_990/1507079377855853.jpg,1920,1280,3,3,0,0,Day,sunny,location_other,low,every_5th_front_frame_starting_at_first
12358364923781697038_2232_990_2252_990_1507079378355731,8,12358364923781697038_2232_990_2252_990,1507079378355731,1,FRONT,50,11,1507079378355731.jpg,images/front/12358364923781697038_2232_990_2252_990/1507079378355731.jpg,1920,1280,5,5,0,0,Day,sunny,location_other,low,every_5th_front_frame_starting_at_first
12358364923781697038_2232_990_2252_990_1507079378855659,8,12358364923781697038_2232_990_2252_990,1507079378855659,1,FRONT,55,12,1507079378855659.jpg,images/front/12358364923781697038_2232_990_2252_990/1507079378855659.jpg,1920,1280,4,4,0,0,Day,sunny,location_other,low,every_5th_front_frame_starting_at_first
12358364923781697038_2232_990_2252_990_1507079379355598,8,12358364923781697038_2232_990_2252_990,1507079379355598,1,FRONT,60,13,1507079379355598.jpg,images/front/12358364923781697038_2232_990_2252_990/1507079379355598.jpg,1920,1280,3,3,0,0,Day,sunny,location_other,low,every_5th_front_frame_starting_at_first
12358364923781697038_2232_990_2252_990_1507079379855630,8,12358364923781697038_2232_990_2252_990,1507079379855630,1,FRONT,65,14,1507079379855630.jpg,images/front/12358364923781697038_2232_990_2252_990/1507079379855630.jpg,1920,1280,3,3,0,0,Day,sunny,location_other,low,every_5th_front_frame_starting_at_first
12358364923781697038_2232_990_2252_990_1507079380355813,8,12358364923781697038_2232_990_2252_990,1507079380355813,1,FRONT,70,15,1507079380355813.jpg,images/front/12358364923781697038_2232_990_2252_990/1507079380355813.jpg,1920,1280,4,3,0,1,Day,sunny,location_other,low,every_5th_front_frame_starting_at_first
12358364923781697038_2232_990_2252_990_1507079380855958,8,12358364923781697038_2232_990_2252_990,1507079380855958,1,FRONT,75,16,1507079380855958.jpg,images/front/12358364923781697038_2232_990_2252_990/1507079380855958.jpg,1920,1280,4,3,0,1,Day,sunny,location_other,low,every_5th_front_frame_starting_at_first
12358364923781697038_2232_990_2252_990_1507079381355966,8,12358364923781697038_2232_990_2252_990,1507079381355966,1,FRONT,80,17,1507079381355966.jpg,images/front/12358364923781697038_2232_990_2252_990/1507079381355966.jpg,1920,1280,4,3,0,1,Day,sunny,location_other,low,every_5th_front_frame_starting_at_first
12358364923781697038_2232_990_2252_990_1507079381855598,8,12358364923781697038_2232_990_2252_990,1507079381855598,1,FRONT,85,18,1507079381855598.jpg,images/front/12358364923781697038_2232_990_2252_990/1507079381855598.jpg,1920,1280,3,3,0,0,Day,sunny,location_other,low,every_5th_front_frame_starting_at_first
12358364923781697038_2232_990_2252_990_1507079382355572,8,12358364923781697038_2232_990_2252_990,1507079382355572,1,FRONT,90,19,1507079382355572.jpg,images/front/12358364923781697038_2232_990_2252_990/1507079382355572.jpg,1920,1280,2,2,0,0,Day,sunny,location_other,low,every_5th_front_frame_starting_at_first
12358364923781697038_2232_990_2252_990_1507079382855586,8,12358364923781697038_2232_990_2252_990,1507079382855586,1,FRONT,95,20,1507079382855586.jpg,images/front/12358364923781697038_2232_990_2252_990/1507079382855586.jpg,1920,1280,2,2,0,0,Day,sunny,location_other,low,every_5th_front_frame_starting_at_first
12358364923781697038_2232_990_2252_990_1507079383355558,8,12358364923781697038_2232_990_2252_990,1507079383355558,1,FRONT,100,21,1507079383355558.jpg,images/front/12358364923781697038_2232_990_2252_990/1507079383355558.jpg,1920,1280,1,1,0,0,Day,sunny,location_other,low,every_5th_front_frame_starting_at_first
12358364923781697038_2232_990_2252_990_1507079383855775,8,12358364923781697038_2232_990_2252_990,1507079383855775,1,FRONT,105,22,1507079383855775.jpg,images/front/12358364923781697038_2232_990_2252_990/1507079383855775.jpg,1920,1280,1,1,0,0,Day,sunny,location_other,low,every_5th_front_frame_starting_at_first
12358364923781697038_2232_990_2252_990_1507079384356047,8,12358364923781697038_2232_990_2252_990,1507079384356047,1,FRONT,110,23,1507079384356047.jpg,images/front/12358364923781697038_2232_990_2252_990/1507079384356047.jpg,1920,1280,2,2,0,0,Day,sunny,location_other,low,every_5th_front_frame_starting_at_first
12358364923781697038_2232_990_2252_990_1507079384856210,8,12358364923781697038_2232_990_2252_990,1507079384856210,1,FRONT,115,24,1507079384856210.jpg,images/front/12358364923781697038_2232_990_2252_990/1507079384856210.jpg,1920,1280,2,2,0,0,Day,sunny,location_other,low,every_5th_front_frame_starting_at_first
12358364923781697038_2232_990_2252_990_1507079385356195,8,12358364923781697038_2232_990_2252_990,1507079385356195,1,FRONT,120,25,1507079385356195.jpg,images/front/12358364923781697038_2232_990_2252_990/1507079385356195.jpg,1920,1280,2,2,0,0,Day,sunny,location_other,low,every_5th_front_frame_starting_at_first
12358364923781697038_2232_990_2252_990_1507079385856159,8,12358364923781697038_2232_990_2252_990,1507079385856159,1,FRONT,125,26,1507079385856159.jpg,images/front/12358364923781697038_2232_990_2252_990/1507079385856159.jpg,1920,1280,2,2,0,0,Day,sunny,location_other,low,every_5th_front_frame_starting_at_first
12358364923781697038_2232_990_2252_990_1507079386356337,8,12358364923781697038_2232_990_2252_990,1507079386356337,1,FRONT,130,27,1507079386356337.jpg,images/front/12358364923781697038_2232_990_2252_990/1507079386356337.jpg,1920,1280,1,1,0,0,Day,sunny,location_other,low,every_5th_front_frame_starting_at_first
12358364923781697038_2232_990_2252_990_1507079386856723,8,12358364923781697038_2232_990_2252_990,1507079386856723,1,FRONT,135,28,1507079386856723.jpg,images/front/12358364923781697038_2232_990_2252_990/1507079386856723.jpg,1920,1280,1,1,0,0,Day,sunny,location_other,low,every_5th_front_frame_starting_at_first
12358364923781697038_2232_990_2252_990_1507079387356946,8,12358364923781697038_2232_990_2252_990,1507079387356946,1,FRONT,140,29,1507079387356946.jpg,images/front/12358364923781697038_2232_990_2252_990/1507079387356946.jpg,1920,1280,0,0,0,0,Day,sunny,location_other,low,every_5th_front_frame_starting_at_first
12358364923781697038_2232_990_2252_990_1507079387856968,8,12358364923781697038_2232_990_2252_990,1507079387856968,1,FRONT,145,30,1507079387856968.jpg,images/front/12358364923781697038_2232_990_2252_990/1507079387856968.jpg,1920,1280,0,0,0,0,Day,sunny,location_other,low,every_5th_front_frame_starting_at_first
12358364923781697038_2232_990_2252_990_1507079388356895,8,12358364923781697038_2232_990_2252_990,1507079388356895,1,FRONT,150,31,1507079388356895.jpg,images/front/12358364923781697038_2232_990_2252_990/1507079388356895.jpg,1920,1280,0,0,0,0,Day,sunny,location_other,low,every_5th_front_frame_starting_at_first
12358364923781697038_2232_990_2252_990_1507079388856734,8,12358364923781697038_2232_990_2252_990,1507079388856734,1,FRONT,155,32,1507079388856734.jpg,images/front/12358364923781697038_2232_990_2252_990/1507079388856734.jpg,1920,1280,1,1,0,0,Day,sunny,location_other,low,every_5th_front_frame_starting_at_first
12358364923781697038_2232_990_2252_990_1507079389356708,8,12358364923781697038_2232_990_2252_990,1507079389356708,1,FRONT,160,33,1507079389356708.jpg,images/front/12358364923781697038_2232_990_2252_990/1507079389356708.jpg,1920,1280,1,1,0,0,Day,sunny,location_other,low,every_5th_front_frame_starting_at_first
12358364923781697038_2232_990_2252_990_1507079389856886,8,12358364923781697038_2232_990_2252_990,1507079389856886,1,FRONT,165,34,1507079389856886.jpg,images/front/12358364923781697038_2232_990_2252_990/1507079389856886.jpg,1920,1280,1,1,0,0,Day,sunny,location_other,low,every_5th_front_frame_starting_at_first
12358364923781697038_2232_990_2252_990_1507079390357125,8,12358364923781697038_2232_990_2252_990,1507079390357125,1,FRONT,170,35,1507079390357125.jpg,images/front/12358364923781697038_2232_990_2252_990/1507079390357125.jpg,1920,1280,1,1,0,0,Day,sunny,location_other,low,every_5th_front_frame_starting_at_first
12358364923781697038_2232_990_2252_990_1507079390857350,8,12358364923781697038_2232_990_2252_990,1507079390857350,1,FRONT,175,36,1507079390857350.jpg,images/front/12358364923781697038_2232_990_2252_990/1507079390857350.jpg,1920,1280,1,1,0,0,Day,sunny,location_other,low,every_5th_front_frame_starting_at_first
12358364923781697038_2232_990_2252_990_1507079391357765,8,12358364923781697038_2232_990_2252_990,1507079391357765,1,FRONT,180,37,1507079391357765.jpg,images/front/12358364923781697038_2232_990_2252_990/1507079391357765.jpg,1920,1280,0,0,0,0,Day,sunny,location_other,low,every_5th_front_frame_starting_at_first
12358364923781697038_2232_990_2252_990_1507079391858607,8,12358364923781697038_2232_990_2252_990,1507079391858607,1,FRONT,185,38,1507079391858607.jpg,images/front/12358364923781697038_2232_990_2252_990/1507079391858607.jpg,1920,1280,0,0,0,0,Day,sunny,location_other,low,every_5th_front_frame_starting_at_first
12358364923781697038_2232_990_2252_990_1507079392360167,8,12358364923781697038_2232_990_2252_990,1507079392360167,1,FRONT,190,39,1507079392360167.jpg,images/front/12358364923781697038_2232_990_2252_990/1507079392360167.jpg,1920,1280,0,0,0,0,Day,sunny,location_other,low,every_5th_front_frame_starting_at_first
12358364923781697038_2232_990_2252_990_1507079392862677,8,12358364923781697038_2232_990_2252_990,1507079392862677,1,FRONT,195,40,1507079392862677.jpg,images/front/12358364923781697038_2232_990_2252_990/1507079392862677.jpg,1920,1280,1,1,0,0,Day,sunny,location_other,low,every_5th_front_frame_starting_at_first
16213317953898915772_1597_170_1617_170_1509233614793727,9,16213317953898915772_1597_170_1617_170,1509233614793727,1,FRONT,0,1,1509233614793727.jpg,images/front/16213317953898915772_1597_170_1617_170/1509233614793727.jpg,1920,1280,40,34,5,1,Day,sunny,location_phx,high,every_5th_front_frame_starting_at_first
16213317953898915772_1597_170_1617_170_1509233615293762,9,16213317953898915772_1597_170_1617_170,1509233615293762,1,FRONT,5,2,1509233615293762.jpg,images/front/16213317953898915772_1597_170_1617_170/1509233615293762.jpg,1920,1280,40,35,4,1,Day,sunny,location_phx,high,every_5th_front_frame_starting_at_first
16213317953898915772_1597_170_1617_170_1509233615793809,9,16213317953898915772_1597_170_1617_170,1509233615793809,1,FRONT,10,3,1509233615793809.jpg,images/front/16213317953898915772_1597_170_1617_170/1509233615793809.jpg,1920,1280,40,34,5,1,Day,sunny,location_phx,high,every_5th_front_frame_starting_at_first
16213317953898915772_1597_170_1617_170_1509233616293776,9,16213317953898915772_1597_170_1617_170,1509233616293776,1,FRONT,15,4,1509233616293776.jpg,images/front/16213317953898915772_1597_170_1617_170/1509233616293776.jpg,1920,1280,39,33,5,1,Day,sunny,location_phx,high,every_5th_front_frame_starting_at_first
16213317953898915772_1597_170_1617_170_1509233616793637,9,16213317953898915772_1597_170_1617_170,1509233616793637,1,FRONT,20,5,1509233616793637.jpg,images/front/16213317953898915772_1597_170_1617_170/1509233616793637.jpg,1920,1280,37,32,4,1,Day,sunny,location_phx,high,every_5th_front_frame_starting_at_first
16213317953898915772_1597_170_1617_170_1509233617293594,9,16213317953898915772_1597_170_1617_170,1509233617293594,1,FRONT,25,6,1509233617293594.jpg,images/front/16213317953898915772_1597_170_1617_170/1509233617293594.jpg,1920,1280,37,31,5,1,Day,sunny,location_phx,high,every_5th_front_frame_starting_at_first
16213317953898915772_1597_170_1617_170_1509233617793632,9,16213317953898915772_1597_170_1617_170,1509233617793632,1,FRONT,30,7,1509233617793632.jpg,images/front/16213317953898915772_1597_170_1617_170/1509233617793632.jpg,1920,1280,37,31,5,1,Day,sunny,location_phx,high,every_5th_front_frame_starting_at_first
16213317953898915772_1597_170_1617_170_1509233618293733,9,16213317953898915772_1597_170_1617_170,1509233618293733,1,FRONT,35,8,1509233618293733.jpg,images/front/16213317953898915772_1597_170_1617_170/1509233618293733.jpg,1920,1280,37,31,5,1,Day,sunny,location_phx,high,every_5th_front_frame_starting_at_first
16213317953898915772_1597_170_1617_170_1509233618793772,9,16213317953898915772_1597_170_1617_170,1509233618793772,1,FRONT,40,9,1509233618793772.jpg,images/front/16213317953898915772_1597_170_1617_170/1509233618793772.jpg,1920,1280,37,31,5,1,Day,sunny,location_phx,high,every_5th_front_frame_starting_at_first
16213317953898915772_1597_170_1617_170_1509233619293687,9,16213317953898915772_1597_170_1617_170,1509233619293687,1,FRONT,45,10,1509233619293687.jpg,images/front/16213317953898915772_1597_170_1617_170/1509233619293687.jpg,1920,1280,38,32,5,1,Day,sunny,location_phx,high,every_5th_front_frame_starting_at_first
16213317953898915772_1597_170_1617_170_1509233619793571,9,16213317953898915772_1597_170_1617_170,1509233619793571,1,FRONT,50,11,1509233619793571.jpg,images/front/16213317953898915772_1597_170_1617_170/1509233619793571.jpg,1920,1280,37,32,4,1,Day,sunny,location_phx,high,every_5th_front_frame_starting_at_first
16213317953898915772_1597_170_1617_170_1509233620293598,9,16213317953898915772_1597_170_1617_170,1509233620293598,1,FRONT,55,12,1509233620293598.jpg,images/front/16213317953898915772_1597_170_1617_170/1509233620293598.jpg,1920,1280,37,32,4,1,Day,sunny,location_phx,high,every_5th_front_frame_starting_at_first
16213317953898915772_1597_170_1617_170_1509233620793703,9,16213317953898915772_1597_170_1617_170,1509233620793703,1,FRONT,60,13,1509233620793703.jpg,images/front/16213317953898915772_1597_170_1617_170/1509233620793703.jpg,1920,1280,37,32,4,1,Day,sunny,location_phx,high,every_5th_front_frame_starting_at_first
16213317953898915772_1597_170_1617_170_1509233621293910,9,16213317953898915772_1597_170_1617_170,1509233621293910,1,FRONT,65,14,1509233621293910.jpg,images/front/16213317953898915772_1597_170_1617_170/1509233621293910.jpg,1920,1280,36,31,4,1,Day,sunny,location_phx,high,every_5th_front_frame_starting_at_first
16213317953898915772_1597_170_1617_170_1509233621793942,9,16213317953898915772_1597_170_1617_170,1509233621793942,1,FRONT,70,15,1509233621793942.jpg,images/front/16213317953898915772_1597_170_1617_170/1509233621793942.jpg,1920,1280,35,30,4,1,Day,sunny,location_phx,high,every_5th_front_frame_starting_at_first
16213317953898915772_1597_170_1617_170_1509233622293787,9,16213317953898915772_1597_170_1617_170,1509233622293787,1,FRONT,75,16,1509233622293787.jpg,images/front/16213317953898915772_1597_170_1617_170/1509233622293787.jpg,1920,1280,37,32,4,1,Day,sunny,location_phx,high,every_5th_front_frame_starting_at_first
16213317953898915772_1597_170_1617_170_1509233622793538,9,16213317953898915772_1597_170_1617_170,1509233622793538,1,FRONT,80,17,1509233622793538.jpg,images/front/16213317953898915772_1597_170_1617_170/1509233622793538.jpg,1920,1280,38,33,4,1,Day,sunny,location_phx,high,every_5th_front_frame_starting_at_first
16213317953898915772_1597_170_1617_170_1509233623293547,9,16213317953898915772_1597_170_1617_170,1509233623293547,1,FRONT,85,18,1509233623293547.jpg,images/front/16213317953898915772_1597_170_1617_170/1509233623293547.jpg,1920,1280,38,33,4,1,Day,sunny,location_phx,high,every_5th_front_frame_starting_at_first
16213317953898915772_1597_170_1617_170_1509233623793727,9,16213317953898915772_1597_170_1617_170,1509233623793727,1,FRONT,90,19,1509233623793727.jpg,images/front/16213317953898915772_1597_170_1617_170/1509233623793727.jpg,1920,1280,37,32,4,1,Day,sunny,location_phx,high,every_5th_front_frame_starting_at_first
16213317953898915772_1597_170_1617_170_1509233624293839,9,16213317953898915772_1597_170_1617_170,1509233624293839,1,FRONT,95,20,1509233624293839.jpg,images/front/16213317953898915772_1597_170_1617_170/1509233624293839.jpg,1920,1280,35,30,4,1,Day,sunny,location_phx,high,every_5th_front_frame_starting_at_first
16213317953898915772_1597_170_1617_170_1509233624793771,9,16213317953898915772_1597_170_1617_170,1509233624793771,1,FRONT,100,21,1509233624793771.jpg,images/front/16213317953898915772_1597_170_1617_170/1509233624793771.jpg,1920,1280,35,30,4,1,Day,sunny,location_phx,high,every_5th_front_frame_starting_at_first
16213317953898915772_1597_170_1617_170_1509233625293657,9,16213317953898915772_1597_170_1617_170,1509233625293657,1,FRONT,105,22,1509233625293657.jpg,images/front/16213317953898915772_1597_170_1617_170/1509233625293657.jpg,1920,1280,38,33,4,1,Day,sunny,location_phx,high,every_5th_front_frame_starting_at_first
16213317953898915772_1597_170_1617_170_1509233625793579,9,16213317953898915772_1597_170_1617_170,1509233625793579,1,FRONT,110,23,1509233625793579.jpg,images/front/16213317953898915772_1597_170_1617_170/1509233625793579.jpg,1920,1280,36,31,4,1,Day,sunny,location_phx,high,every_5th_front_frame_starting_at_first
16213317953898915772_1597_170_1617_170_1509233626293736,9,16213317953898915772_1597_170_1617_170,1509233626293736,1,FRONT,115,24,1509233626293736.jpg,images/front/16213317953898915772_1597_170_1617_170/1509233626293736.jpg,1920,1280,37,32,4,1,Day,sunny,location_phx,high,every_5th_front_frame_starting_at_first
16213317953898915772_1597_170_1617_170_1509233626793726,9,16213317953898915772_1597_170_1617_170,1509233626793726,1,FRONT,120,25,1509233626793726.jpg,images/front/16213317953898915772_1597_170_1617_170/1509233626793726.jpg,1920,1280,37,32,4,1,Day,sunny,location_phx,high,every_5th_front_frame_starting_at_first
16213317953898915772_1597_170_1617_170_1509233627293691,9,16213317953898915772_1597_170_1617_170,1509233627293691,1,FRONT,125,26,1509233627293691.jpg,images/front/16213317953898915772_1597_170_1617_170/1509233627293691.jpg,1920,1280,34,29,4,1,Day,sunny,location_phx,high,every_5th_front_frame_starting_at_first
16213317953898915772_1597_170_1617_170_1509233627794056,9,16213317953898915772_1597_170_1617_170,1509233627794056,1,FRONT,130,27,1509233627794056.jpg,images/front/16213317953898915772_1597_170_1617_170/1509233627794056.jpg,1920,1280,34,29,4,1,Day,sunny,location_phx,high,every_5th_front_frame_starting_at_first
16213317953898915772_1597_170_1617_170_1509233628295248,9,16213317953898915772_1597_170_1617_170,1509233628295248,1,FRONT,135,28,1509233628295248.jpg,images/front/16213317953898915772_1597_170_1617_170/1509233628295248.jpg,1920,1280,31,26,4,1,Day,sunny,location_phx,high,every_5th_front_frame_starting_at_first
16213317953898915772_1597_170_1617_170_1509233628797470,9,16213317953898915772_1597_170_1617_170,1509233628797470,1,FRONT,140,29,1509233628797470.jpg,images/front/16213317953898915772_1597_170_1617_170/1509233628797470.jpg,1920,1280,24,19,4,1,Day,sunny,location_phx,high,every_5th_front_frame_starting_at_first
16213317953898915772_1597_170_1617_170_1509233629300727,9,16213317953898915772_1597_170_1617_170,1509233629300727,1,FRONT,145,30,1509233629300727.jpg,images/front/16213317953898915772_1597_170_1617_170/1509233629300727.jpg,1920,1280,7,3,3,1,Day,sunny,location_phx,high,every_5th_front_frame_starting_at_first
16213317953898915772_1597_170_1617_170_1509233629804734,9,16213317953898915772_1597_170_1617_170,1509233629804734,1,FRONT,150,31,1509233629804734.jpg,images/front/16213317953898915772_1597_170_1617_170/1509233629804734.jpg,1920,1280,2,2,0,0,Day,sunny,location_phx,high,every_5th_front_frame_starting_at_first
16213317953898915772_1597_170_1617_170_1509233630309208,9,16213317953898915772_1597_170_1617_170,1509233630309208,1,FRONT,155,32,1509233630309208.jpg,images/front/16213317953898915772_1597_170_1617_170/1509233630309208.jpg,1920,1280,3,3,0,0,Day,sunny,location_phx,high,every_5th_front_frame_starting_at_first
16213317953898915772_1597_170_1617_170_1509233630813451,9,16213317953898915772_1597_170_1617_170,1509233630813451,1,FRONT,160,33,1509233630813451.jpg,images/front/16213317953898915772_1597_170_1617_170/1509233630813451.jpg,1920,1280,5,5,0,0,Day,sunny,location_phx,high,every_5th_front_frame_starting_at_first
16213317953898915772_1597_170_1617_170_1509233631317018,9,16213317953898915772_1597_170_1617_170,1509233631317018,1,FRONT,165,34,1509233631317018.jpg,images/front/16213317953898915772_1597_170_1617_170/1509233631317018.jpg,1920,1280,6,6,0,0,Day,sunny,location_phx,high,every_5th_front_frame_starting_at_first
16213317953898915772_1597_170_1617_170_1509233631819661,9,16213317953898915772_1597_170_1617_170,1509233631819661,1,FRONT,170,35,1509233631819661.jpg,images/front/16213317953898915772_1597_170_1617_170/1509233631819661.jpg,1920,1280,11,11,0,0,Day,sunny,location_phx,high,every_5th_front_frame_starting_at_first
16213317953898915772_1597_170_1617_170_1509233632321216,9,16213317953898915772_1597_170_1617_170,1509233632321216,1,FRONT,175,36,1509233632321216.jpg,images/front/16213317953898915772_1597_170_1617_170/1509233632321216.jpg,1920,1280,11,11,0,0,Day,sunny,location_phx,high,every_5th_front_frame_starting_at_first
16213317953898915772_1597_170_1617_170_1509233632821812,9,16213317953898915772_1597_170_1617_170,1509233632821812,1,FRONT,180,37,1509233632821812.jpg,images/front/16213317953898915772_1597_170_1617_170/1509233632821812.jpg,1920,1280,10,10,0,0,Day,sunny,location_phx,high,every_5th_front_frame_starting_at_first
16213317953898915772_1597_170_1617_170_1509233633322088,9,16213317953898915772_1597_170_1617_170,1509233633322088,1,FRONT,185,38,1509233633322088.jpg,images/front/16213317953898915772_1597_170_1617_170/1509233633322088.jpg,1920,1280,11,11,0,0,Day,sunny,location_phx,high,every_5th_front_frame_starting_at_first
16213317953898915772_1597_170_1617_170_1509233633822572,9,16213317953898915772_1597_170_1617_170,1509233633822572,1,FRONT,190,39,1509233633822572.jpg,images/front/16213317953898915772_1597_170_1617_170/1509233633822572.jpg,1920,1280,13,13,0,0,Day,sunny,location_phx,high,every_5th_front_frame_starting_at_first
16213317953898915772_1597_170_1617_170_1509233634323160,9,16213317953898915772_1597_170_1617_170,1509233634323160,1,FRONT,195,40,1509233634323160.jpg,images/front/16213317953898915772_1597_170_1617_170/1509233634323160.jpg,1920,1280,17,17,0,0,Day,sunny,location_phx,high,every_5th_front_frame_starting_at_first
2736377008667623133_2676_410_2696_410_1511721496476227,10,2736377008667623133_2676_410_2696_410,1511721496476227,1,FRONT,0,1,1511721496476227.jpg,images/front/2736377008667623133_2676_410_2696_410/1511721496476227.jpg,1920,1280,8,8,0,0,Day,sunny,location_phx,low,every_5th_front_frame_starting_at_first
2736377008667623133_2676_410_2696_410_1511721496976312,10,2736377008667623133_2676_410_2696_410,1511721496976312,1,FRONT,5,2,1511721496976312.jpg,images/front/2736377008667623133_2676_410_2696_410/1511721496976312.jpg,1920,1280,8,8,0,0,Day,sunny,location_phx,low,every_5th_front_frame_starting_at_first
2736377008667623133_2676_410_2696_410_1511721497476499,10,2736377008667623133_2676_410_2696_410,1511721497476499,1,FRONT,10,3,1511721497476499.jpg,images/front/2736377008667623133_2676_410_2696_410/1511721497476499.jpg,1920,1280,8,8,0,0,Day,sunny,location_phx,low,every_5th_front_frame_starting_at_first
2736377008667623133_2676_410_2696_410_1511721497976786,10,2736377008667623133_2676_410_2696_410,1511721497976786,1,FRONT,15,4,1511721497976786.jpg,images/front/2736377008667623133_2676_410_2696_410/1511721497976786.jpg,1920,1280,8,8,0,0,Day,sunny,location_phx,low,every_5th_front_frame_starting_at_first
2736377008667623133_2676_410_2696_410_1511721498477042,10,2736377008667623133_2676_410_2696_410,1511721498477042,1,FRONT,20,5,1511721498477042.jpg,images/front/2736377008667623133_2676_410_2696_410/1511721498477042.jpg,1920,1280,8,8,0,0,Day,sunny,location_phx,low,every_5th_front_frame_starting_at_first
2736377008667623133_2676_410_2696_410_1511721498977207,10,2736377008667623133_2676_410_2696_410,1511721498977207,1,FRONT,25,6,1511721498977207.jpg,images/front/2736377008667623133_2676_410_2696_410/1511721498977207.jpg,1920,1280,8,8,0,0,Day,sunny,location_phx,low,every_5th_front_frame_starting_at_first
2736377008667623133_2676_410_2696_410_1511721499477388,10,2736377008667623133_2676_410_2696_410,1511721499477388,1,FRONT,30,7,1511721499477388.jpg,images/front/2736377008667623133_2676_410_2696_410/1511721499477388.jpg,1920,1280,8,8,0,0,Day,sunny,location_phx,low,every_5th_front_frame_starting_at_first
2736377008667623133_2676_410_2696_410_1511721499977692,10,2736377008667623133_2676_410_2696_410,1511721499977692,1,FRONT,35,8,1511721499977692.jpg,images/front/2736377008667623133_2676_410_2696_410/1511721499977692.jpg,1920,1280,7,7,0,0,Day,sunny,location_phx,low,every_5th_front_frame_starting_at_first
2736377008667623133_2676_410_2696_410_1511721500478378,10,2736377008667623133_2676_410_2696_410,1511721500478378,1,FRONT,40,9,1511721500478378.jpg,images/front/2736377008667623133_2676_410_2696_410/1511721500478378.jpg,1920,1280,5,5,0,0,Day,sunny,location_phx,low,every_5th_front_frame_starting_at_first
2736377008667623133_2676_410_2696_410_1511721500979579,10,2736377008667623133_2676_410_2696_410,1511721500979579,1,FRONT,45,10,1511721500979579.jpg,images/front/2736377008667623133_2676_410_2696_410/1511721500979579.jpg,1920,1280,4,4,0,0,Day,sunny,location_phx,low,every_5th_front_frame_starting_at_first
2736377008667623133_2676_410_2696_410_1511721501481343,10,2736377008667623133_2676_410_2696_410,1511721501481343,1,FRONT,50,11,1511721501481343.jpg,images/front/2736377008667623133_2676_410_2696_410/1511721501481343.jpg,1920,1280,3,3,0,0,Day,sunny,location_phx,low,every_5th_front_frame_starting_at_first
2736377008667623133_2676_410_2696_410_1511721501983799,10,2736377008667623133_2676_410_2696_410,1511721501983799,1,FRONT,55,12,1511721501983799.jpg,images/front/2736377008667623133_2676_410_2696_410/1511721501983799.jpg,1920,1280,0,0,0,0,Day,sunny,location_phx,low,every_5th_front_frame_starting_at_first
2736377008667623133_2676_410_2696_410_1511721502487018,10,2736377008667623133_2676_410_2696_410,1511721502487018,1,FRONT,60,13,1511721502487018.jpg,images/front/2736377008667623133_2676_410_2696_410/1511721502487018.jpg,1920,1280,0,0,0,0,Day,sunny,location_phx,low,every_5th_front_frame_starting_at_first
2736377008667623133_2676_410_2696_410_1511721502990824,10,2736377008667623133_2676_410_2696_410,1511721502990824,1,FRONT,65,14,1511721502990824.jpg,images/front/2736377008667623133_2676_410_2696_410/1511721502990824.jpg,1920,1280,0,0,0,0,Day,sunny,location_phx,low,every_5th_front_frame_starting_at_first
2736377008667623133_2676_410_2696_410_1511721503494682,10,2736377008667623133_2676_410_2696_410,1511721503494682,1,FRONT,70,15,1511721503494682.jpg,images/front/2736377008667623133_2676_410_2696_410/1511721503494682.jpg,1920,1280,2,0,1,1,Day,sunny,location_phx,low,every_5th_front_frame_starting_at_first
2736377008667623133_2676_410_2696_410_1511721503997894,10,2736377008667623133_2676_410_2696_410,1511721503997894,1,FRONT,75,16,1511721503997894.jpg,images/front/2736377008667623133_2676_410_2696_410/1511721503997894.jpg,1920,1280,7,1,5,1,Day,sunny,location_phx,low,every_5th_front_frame_starting_at_first
2736377008667623133_2676_410_2696_410_1511721504499973,10,2736377008667623133_2676_410_2696_410,1511721504499973,1,FRONT,80,17,1511721504499973.jpg,images/front/2736377008667623133_2676_410_2696_410/1511721504499973.jpg,1920,1280,7,1,5,1,Day,sunny,location_phx,low,every_5th_front_frame_starting_at_first
2736377008667623133_2676_410_2696_410_1511721505000847,10,2736377008667623133_2676_410_2696_410,1511721505000847,1,FRONT,85,18,1511721505000847.jpg,images/front/2736377008667623133_2676_410_2696_410/1511721505000847.jpg,1920,1280,7,1,5,1,Day,sunny,location_phx,low,every_5th_front_frame_starting_at_first
2736377008667623133_2676_410_2696_410_1511721505500878,10,2736377008667623133_2676_410_2696_410,1511721505500878,1,FRONT,90,19,1511721505500878.jpg,images/front/2736377008667623133_2676_410_2696_410/1511721505500878.jpg,1920,1280,7,1,5,1,Day,sunny,location_phx,low,every_5th_front_frame_starting_at_first
2736377008667623133_2676_410_2696_410_1511721506000758,10,2736377008667623133_2676_410_2696_410,1511721506000758,1,FRONT,95,20,1511721506000758.jpg,images/front/2736377008667623133_2676_410_2696_410/1511721506000758.jpg,1920,1280,7,1,5,1,Day,sunny,location_phx,low,every_5th_front_frame_starting_at_first
2736377008667623133_2676_410_2696_410_1511721506500766,10,2736377008667623133_2676_410_2696_410,1511721506500766,1,FRONT,100,21,1511721506500766.jpg,images/front/2736377008667623133_2676_410_2696_410/1511721506500766.jpg,1920,1280,7,1,5,1,Day,sunny,location_phx,low,every_5th_front_frame_starting_at_first
2736377008667623133_2676_410_2696_410_1511721507000880,10,2736377008667623133_2676_410_2696_410,1511721507000880,1,FRONT,105,22,1511721507000880.jpg,images/front/2736377008667623133_2676_410_2696_410/1511721507000880.jpg,1920,1280,7,1,5,1,Day,sunny,location_phx,low,every_5th_front_frame_starting_at_first
2736377008667623133_2676_410_2696_410_1511721507501045,10,2736377008667623133_2676_410_2696_410,1511721507501045,1,FRONT,110,23,1511721507501045.jpg,images/front/2736377008667623133_2676_410_2696_410/1511721507501045.jpg,1920,1280,6,1,4,1,Day,sunny,location_phx,low,every_5th_front_frame_starting_at_first
2736377008667623133_2676_410_2696_410_1511721508001085,10,2736377008667623133_2676_410_2696_410,1511721508001085,1,FRONT,115,24,1511721508001085.jpg,images/front/2736377008667623133_2676_410_2696_410/1511721508001085.jpg,1920,1280,4,1,2,1,Day,sunny,location_phx,low,every_5th_front_frame_starting_at_first
2736377008667623133_2676_410_2696_410_1511721508500889,10,2736377008667623133_2676_410_2696_410,1511721508500889,1,FRONT,120,25,1511721508500889.jpg,images/front/2736377008667623133_2676_410_2696_410/1511721508500889.jpg,1920,1280,3,1,1,1,Day,sunny,location_phx,low,every_5th_front_frame_starting_at_first
2736377008667623133_2676_410_2696_410_1511721509000708,10,2736377008667623133_2676_410_2696_410,1511721509000708,1,FRONT,125,26,1511721509000708.jpg,images/front/2736377008667623133_2676_410_2696_410/1511721509000708.jpg,1920,1280,3,1,1,1,Day,sunny,location_phx,low,every_5th_front_frame_starting_at_first
2736377008667623133_2676_410_2696_410_1511721509500581,10,2736377008667623133_2676_410_2696_410,1511721509500581,1,FRONT,130,27,1511721509500581.jpg,images/front/2736377008667623133_2676_410_2696_410/1511721509500581.jpg,1920,1280,3,1,1,1,Day,sunny,location_phx,low,every_5th_front_frame_starting_at_first
2736377008667623133_2676_410_2696_410_1511721510000596,10,2736377008667623133_2676_410_2696_410,1511721510000596,1,FRONT,135,28,1511721510000596.jpg,images/front/2736377008667623133_2676_410_2696_410/1511721510000596.jpg,1920,1280,3,1,1,1,Day,sunny,location_phx,low,every_5th_front_frame_starting_at_first
2736377008667623133_2676_410_2696_410_1511721510500682,10,2736377008667623133_2676_410_2696_410,1511721510500682,1,FRONT,140,29,1511721510500682.jpg,images/front/2736377008667623133_2676_410_2696_410/1511721510500682.jpg,1920,1280,3,1,1,1,Day,sunny,location_phx,low,every_5th_front_frame_starting_at_first
2736377008667623133_2676_410_2696_410_1511721511000845,10,2736377008667623133_2676_410_2696_410,1511721511000845,1,FRONT,145,30,1511721511000845.jpg,images/front/2736377008667623133_2676_410_2696_410/1511721511000845.jpg,1920,1280,3,1,1,1,Day,sunny,location_phx,low,every_5th_front_frame_starting_at_first
2736377008667623133_2676_410_2696_410_1511721511500703,10,2736377008667623133_2676_410_2696_410,1511721511500703,1,FRONT,150,31,1511721511500703.jpg,images/front/2736377008667623133_2676_410_2696_410/1511721511500703.jpg,1920,1280,3,1,1,1,Day,sunny,location_phx,low,every_5th_front_frame_starting_at_first
2736377008667623133_2676_410_2696_410_1511721512000476,10,2736377008667623133_2676_410_2696_410,1511721512000476,1,FRONT,155,32,1511721512000476.jpg,images/front/2736377008667623133_2676_410_2696_410/1511721512000476.jpg,1920,1280,3,1,1,1,Day,sunny,location_phx,low,every_5th_front_frame_starting_at_first
2736377008667623133_2676_410_2696_410_1511721512500131,10,2736377008667623133_2676_410_2696_410,1511721512500131,1,FRONT,160,33,1511721512500131.jpg,images/front/2736377008667623133_2676_410_2696_410/1511721512500131.jpg,1920,1280,3,1,1,1,Day,sunny,location_phx,low,every_5th_front_frame_starting_at_first
2736377008667623133_2676_410_2696_410_1511721512999749,10,2736377008667623133_2676_410_2696_410,1511721512999749,1,FRONT,165,34,1511721512999749.jpg,images/front/2736377008667623133_2676_410_2696_410/1511721512999749.jpg,1920,1280,3,1,1,1,Day,sunny,location_phx,low,every_5th_front_frame_starting_at_first
2736377008667623133_2676_410_2696_410_1511721513499447,10,2736377008667623133_2676_410_2696_410,1511721513499447,1,FRONT,170,35,1511721513499447.jpg,images/front/2736377008667623133_2676_410_2696_410/1511721513499447.jpg,1920,1280,2,0,1,1,Day,sunny,location_phx,low,every_5th_front_frame_starting_at_first
2736377008667623133_2676_410_2696_410_1511721513998928,10,2736377008667623133_2676_410_2696_410,1511721513998928,1,FRONT,175,36,1511721513998928.jpg,images/front/2736377008667623133_2676_410_2696_410/1511721513998928.jpg,1920,1280,2,0,1,1,Day,sunny,location_phx,low,every_5th_front_frame_starting_at_first
2736377008667623133_2676_410_2696_410_1511721514498196,10,2736377008667623133_2676_410_2696_410,1511721514498196,1,FRONT,180,37,1511721514498196.jpg,images/front/2736377008667623133_2676_410_2696_410/1511721514498196.jpg,1920,1280,2,0,1,1,Day,sunny,location_phx,low,every_5th_front_frame_starting_at_first
2736377008667623133_2676_410_2696_410_1511721514997563,10,2736377008667623133_2676_410_2696_410,1511721514997563,1,FRONT,185,38,1511721514997563.jpg,images/front/2736377008667623133_2676_410_2696_410/1511721514997563.jpg,1920,1280,2,0,1,1,Day,sunny,location_phx,low,every_5th_front_frame_starting_at_first
2736377008667623133_2676_410_2696_410_1511721515497081,10,2736377008667623133_2676_410_2696_410,1511721515497081,1,FRONT,190,39,1511721515497081.jpg,images/front/2736377008667623133_2676_410_2696_410/1511721515497081.jpg,1920,1280,2,0,1,1,Day,sunny,location_phx,low,every_5th_front_frame_starting_at_first
2736377008667623133_2676_410_2696_410_1511721515996515,10,2736377008667623133_2676_410_2696_410,1511721515996515,1,FRONT,195,40,1511721515996515.jpg,images/front/2736377008667623133_2676_410_2696_410/1511721515996515.jpg,1920,1280,2,0,1,1,Day,sunny,location_phx,low,every_5th_front_frame_starting_at_first
3039251927598134881_1240_610_1260_610_1507246307397585,11,3039251927598134881_1240_610_1260_610,1507246307397585,1,FRONT,0,1,1507246307397585.jpg,images/front/3039251927598134881_1240_610_1260_610/1507246307397585.jpg,1920,1280,6,1,5,0,Day,sunny,location_phx,low,every_5th_front_frame_starting_at_first
3039251927598134881_1240_610_1260_610_1507246307897963,11,3039251927598134881_1240_610_1260_610,1507246307897963,1,FRONT,5,2,1507246307897963.jpg,images/front/3039251927598134881_1240_610_1260_610/1507246307897963.jpg,1920,1280,10,5,5,0,Day,sunny,location_phx,low,every_5th_front_frame_starting_at_first
3039251927598134881_1240_610_1260_610_1507246308398329,11,3039251927598134881_1240_610_1260_610,1507246308398329,1,FRONT,10,3,1507246308398329.jpg,images/front/3039251927598134881_1240_610_1260_610/1507246308398329.jpg,1920,1280,15,9,6,0,Day,sunny,location_phx,low,every_5th_front_frame_starting_at_first
3039251927598134881_1240_610_1260_610_1507246308898414,11,3039251927598134881_1240_610_1260_610,1507246308898414,1,FRONT,15,4,1507246308898414.jpg,images/front/3039251927598134881_1240_610_1260_610/1507246308898414.jpg,1920,1280,15,9,6,0,Day,sunny,location_phx,low,every_5th_front_frame_starting_at_first
3039251927598134881_1240_610_1260_610_1507246309398778,11,3039251927598134881_1240_610_1260_610,1507246309398778,1,FRONT,20,5,1507246309398778.jpg,images/front/3039251927598134881_1240_610_1260_610/1507246309398778.jpg,1920,1280,18,10,8,0,Day,sunny,location_phx,low,every_5th_front_frame_starting_at_first
3039251927598134881_1240_610_1260_610_1507246309899270,11,3039251927598134881_1240_610_1260_610,1507246309899270,1,FRONT,25,6,1507246309899270.jpg,images/front/3039251927598134881_1240_610_1260_610/1507246309899270.jpg,1920,1280,19,10,9,0,Day,sunny,location_phx,low,every_5th_front_frame_starting_at_first
3039251927598134881_1240_610_1260_610_1507246310399940,11,3039251927598134881_1240_610_1260_610,1507246310399940,1,FRONT,30,7,1507246310399940.jpg,images/front/3039251927598134881_1240_610_1260_610/1507246310399940.jpg,1920,1280,19,10,9,0,Day,sunny,location_phx,low,every_5th_front_frame_starting_at_first
3039251927598134881_1240_610_1260_610_1507246310900446,11,3039251927598134881_1240_610_1260_610,1507246310900446,1,FRONT,35,8,1507246310900446.jpg,images/front/3039251927598134881_1240_610_1260_610/1507246310900446.jpg,1920,1280,19,10,9,0,Day,sunny,location_phx,low,every_5th_front_frame_starting_at_first
3039251927598134881_1240_610_1260_610_1507246311400975,11,3039251927598134881_1240_610_1260_610,1507246311400975,1,FRONT,40,9,1507246311400975.jpg,images/front/3039251927598134881_1240_610_1260_610/1507246311400975.jpg,1920,1280,21,10,11,0,Day,sunny,location_phx,low,every_5th_front_frame_starting_at_first
3039251927598134881_1240_610_1260_610_1507246311901410,11,3039251927598134881_1240_610_1260_610,1507246311901410,1,FRONT,45,10,1507246311901410.jpg,images/front/3039251927598134881_1240_610_1260_610/1507246311901410.jpg,1920,1280,22,10,12,0,Day,sunny,location_phx,low,every_5th_front_frame_starting_at_first
3039251927598134881_1240_610_1260_610_1507246312401810,11,3039251927598134881_1240_610_1260_610,1507246312401810,1,FRONT,50,11,1507246312401810.jpg,images/front/3039251927598134881_1240_610_1260_610/1507246312401810.jpg,1920,1280,21,10,11,0,Day,sunny,location_phx,low,every_5th_front_frame_starting_at_first
3039251927598134881_1240_610_1260_610_1507246312902284,11,3039251927598134881_1240_610_1260_610,1507246312902284,1,FRONT,55,12,1507246312902284.jpg,images/front/3039251927598134881_1240_610_1260_610/1507246312902284.jpg,1920,1280,23,10,13,0,Day,sunny,location_phx,low,every_5th_front_frame_starting_at_first
3039251927598134881_1240_610_1260_610_1507246313402800,11,3039251927598134881_1240_610_1260_610,1507246313402800,1,FRONT,60,13,1507246313402800.jpg,images/front/3039251927598134881_1240_610_1260_610/1507246313402800.jpg,1920,1280,23,10,13,0,Day,sunny,location_phx,low,every_5th_front_frame_starting_at_first
3039251927598134881_1240_610_1260_610_1507246313903272,11,3039251927598134881_1240_610_1260_610,1507246313903272,1,FRONT,65,14,1507246313903272.jpg,images/front/3039251927598134881_1240_610_1260_610/1507246313903272.jpg,1920,1280,22,10,12,0,Day,sunny,location_phx,low,every_5th_front_frame_starting_at_first
3039251927598134881_1240_610_1260_610_1507246314403619,11,3039251927598134881_1240_610_1260_610,1507246314403619,1,FRONT,70,15,1507246314403619.jpg,images/front/3039251927598134881_1240_610_1260_610/1507246314403619.jpg,1920,1280,13,10,3,0,Day,sunny,location_phx,low,every_5th_front_frame_starting_at_first
3039251927598134881_1240_610_1260_610_1507246314903924,11,3039251927598134881_1240_610_1260_610,1507246314903924,1,FRONT,75,16,1507246314903924.jpg,images/front/3039251927598134881_1240_610_1260_610/1507246314903924.jpg,1920,1280,11,10,1,0,Day,sunny,location_phx,low,every_5th_front_frame_starting_at_first
3039251927598134881_1240_610_1260_610_1507246315404362,11,3039251927598134881_1240_610_1260_610,1507246315404362,1,FRONT,80,17,1507246315404362.jpg,images/front/3039251927598134881_1240_610_1260_610/1507246315404362.jpg,1920,1280,10,9,1,0,Day,sunny,location_phx,low,every_5th_front_frame_starting_at_first
3039251927598134881_1240_610_1260_610_1507246315904862,11,3039251927598134881_1240_610_1260_610,1507246315904862,1,FRONT,85,18,1507246315904862.jpg,images/front/3039251927598134881_1240_610_1260_610/1507246315904862.jpg,1920,1280,10,9,1,0,Day,sunny,location_phx,low,every_5th_front_frame_starting_at_first
3039251927598134881_1240_610_1260_610_1507246316405025,11,3039251927598134881_1240_610_1260_610,1507246316405025,1,FRONT,90,19,1507246316405025.jpg,images/front/3039251927598134881_1240_610_1260_610/1507246316405025.jpg,1920,1280,9,9,0,0,Day,sunny,location_phx,low,every_5th_front_frame_starting_at_first
3039251927598134881_1240_610_1260_610_1507246316904997,11,3039251927598134881_1240_610_1260_610,1507246316904997,1,FRONT,95,20,1507246316904997.jpg,images/front/3039251927598134881_1240_610_1260_610/1507246316904997.jpg,1920,1280,8,8,0,0,Day,sunny,location_phx,low,every_5th_front_frame_starting_at_first
3039251927598134881_1240_610_1260_610_1507246317404951,11,3039251927598134881_1240_610_1260_610,1507246317404951,1,FRONT,100,21,1507246317404951.jpg,images/front/3039251927598134881_1240_610_1260_610/1507246317404951.jpg,1920,1280,8,8,0,0,Day,sunny,location_phx,low,every_5th_front_frame_starting_at_first
3039251927598134881_1240_610_1260_610_1507246317904952,11,3039251927598134881_1240_610_1260_610,1507246317904952,1,FRONT,105,22,1507246317904952.jpg,images/front/3039251927598134881_1240_610_1260_610/1507246317904952.jpg,1920,1280,5,5,0,0,Day,sunny,location_phx,low,every_5th_front_frame_starting_at_first
3039251927598134881_1240_610_1260_610_1507246318404936,11,3039251927598134881_1240_610_1260_610,1507246318404936,1,FRONT,110,23,1507246318404936.jpg,images/front/3039251927598134881_1240_610_1260_610/1507246318404936.jpg,1920,1280,6,6,0,0,Day,sunny,location_phx,low,every_5th_front_frame_starting_at_first
3039251927598134881_1240_610_1260_610_1507246318904777,11,3039251927598134881_1240_610_1260_610,1507246318904777,1,FRONT,115,24,1507246318904777.jpg,images/front/3039251927598134881_1240_610_1260_610/1507246318904777.jpg,1920,1280,4,4,0,0,Day,sunny,location_phx,low,every_5th_front_frame_starting_at_first
3039251927598134881_1240_610_1260_610_1507246319404611,11,3039251927598134881_1240_610_1260_610,1507246319404611,1,FRONT,120,25,1507246319404611.jpg,images/front/3039251927598134881_1240_610_1260_610/1507246319404611.jpg,1920,1280,2,2,0,0,Day,sunny,location_phx,low,every_5th_front_frame_starting_at_first
3039251927598134881_1240_610_1260_610_1507246319904201,11,3039251927598134881_1240_610_1260_610,1507246319904201,1,FRONT,125,26,1507246319904201.jpg,images/front/3039251927598134881_1240_610_1260_610/1507246319904201.jpg,1920,1280,2,2,0,0,Day,sunny,location_phx,low,every_5th_front_frame_starting_at_first
3039251927598134881_1240_610_1260_610_1507246320403682,11,3039251927598134881_1240_610_1260_610,1507246320403682,1,FRONT,130,27,1507246320403682.jpg,images/front/3039251927598134881_1240_610_1260_610/1507246320403682.jpg,1920,1280,4,4,0,0,Day,sunny,location_phx,low,every_5th_front_frame_starting_at_first
3039251927598134881_1240_610_1260_610_1507246320903090,11,3039251927598134881_1240_610_1260_610,1507246320903090,1,FRONT,135,28,1507246320903090.jpg,images/front/3039251927598134881_1240_610_1260_610/1507246320903090.jpg,1920,1280,5,5,0,0,Day,sunny,location_phx,low,every_5th_front_frame_starting_at_first
3039251927598134881_1240_610_1260_610_1507246321402343,11,3039251927598134881_1240_610_1260_610,1507246321402343,1,FRONT,140,29,1507246321402343.jpg,images/front/3039251927598134881_1240_610_1260_610/1507246321402343.jpg,1920,1280,5,5,0,0,Day,sunny,location_phx,low,every_5th_front_frame_starting_at_first
3039251927598134881_1240_610_1260_610_1507246321901771,11,3039251927598134881_1240_610_1260_610,1507246321901771,1,FRONT,145,30,1507246321901771.jpg,images/front/3039251927598134881_1240_610_1260_610/1507246321901771.jpg,1920,1280,5,5,0,0,Day,sunny,location_phx,low,every_5th_front_frame_starting_at_first
3039251927598134881_1240_610_1260_610_1507246322401426,11,3039251927598134881_1240_610_1260_610,1507246322401426,1,FRONT,150,31,1507246322401426.jpg,images/front/3039251927598134881_1240_610_1260_610/1507246322401426.jpg,1920,1280,4,4,0,0,Day,sunny,location_phx,low,every_5th_front_frame_starting_at_first
3039251927598134881_1240_610_1260_610_1507246322900980,11,3039251927598134881_1240_610_1260_610,1507246322900980,1,FRONT,155,32,1507246322900980.jpg,images/front/3039251927598134881_1240_610_1260_610/1507246322900980.jpg,1920,1280,3,3,0,0,Day,sunny,location_phx,low,every_5th_front_frame_starting_at_first
3039251927598134881_1240_610_1260_610_1507246323400463,11,3039251927598134881_1240_610_1260_610,1507246323400463,1,FRONT,160,33,1507246323400463.jpg,images/front/3039251927598134881_1240_610_1260_610/1507246323400463.jpg,1920,1280,3,3,0,0,Day,sunny,location_phx,low,every_5th_front_frame_starting_at_first
3039251927598134881_1240_610_1260_610_1507246323900075,11,3039251927598134881_1240_610_1260_610,1507246323900075,1,FRONT,165,34,1507246323900075.jpg,images/front/3039251927598134881_1240_610_1260_610/1507246323900075.jpg,1920,1280,2,2,0,0,Day,sunny,location_phx,low,every_5th_front_frame_starting_at_first
3039251927598134881_1240_610_1260_610_1507246324399669,11,3039251927598134881_1240_610_1260_610,1507246324399669,1,FRONT,170,35,1507246324399669.jpg,images/front/3039251927598134881_1240_610_1260_610/1507246324399669.jpg,1920,1280,2,2,0,0,Day,sunny,location_phx,low,every_5th_front_frame_starting_at_first
3039251927598134881_1240_610_1260_610_1507246324899209,11,3039251927598134881_1240_610_1260_610,1507246324899209,1,FRONT,175,36,1507246324899209.jpg,images/front/3039251927598134881_1240_610_1260_610/1507246324899209.jpg,1920,1280,2,2,0,0,Day,sunny,location_phx,low,every_5th_front_frame_starting_at_first
3039251927598134881_1240_610_1260_610_1507246325398768,11,3039251927598134881_1240_610_1260_610,1507246325398768,1,FRONT,180,37,1507246325398768.jpg,images/front/3039251927598134881_1240_610_1260_610/1507246325398768.jpg,1920,1280,1,1,0,0,Day,sunny,location_phx,low,every_5th_front_frame_starting_at_first
3039251927598134881_1240_610_1260_610_1507246325898543,11,3039251927598134881_1240_610_1260_610,1507246325898543,1,FRONT,185,38,1507246325898543.jpg,images/front/3039251927598134881_1240_610_1260_610/1507246325898543.jpg,1920,1280,1,1,0,0,Day,sunny,location_phx,low,every_5th_front_frame_starting_at_first
3039251927598134881_1240_610_1260_610_1507246326398277,11,3039251927598134881_1240_610_1260_610,1507246326398277,1,FRONT,190,39,1507246326398277.jpg,images/front/3039251927598134881_1240_610_1260_610/1507246326398277.jpg,1920,1280,0,0,0,0,Day,sunny,location_phx,low,every_5th_front_frame_starting_at_first
3039251927598134881_1240_610_1260_610_1507246326897947,11,3039251927598134881_1240_610_1260_610,1507246326897947,1,FRONT,195,40,1507246326897947.jpg,images/front/3039251927598134881_1240_610_1260_610/1507246326897947.jpg,1920,1280,0,0,0,0,Day,sunny,location_phx,low,every_5th_front_frame_starting_at_first
3126522626440597519_806_440_826_440_1511046955507243,12,3126522626440597519_806_440_826_440,1511046955507243,1,FRONT,0,1,1511046955507243.jpg,images/front/3126522626440597519_806_440_826_440/1511046955507243.jpg,1920,1280,14,12,0,2,Day,sunny,location_phx,low,every_5th_front_frame_starting_at_first
3126522626440597519_806_440_826_440_1511046956007192,12,3126522626440597519_806_440_826_440,1511046956007192,1,FRONT,5,2,1511046956007192.jpg,images/front/3126522626440597519_806_440_826_440/1511046956007192.jpg,1920,1280,14,12,0,2,Day,sunny,location_phx,low,every_5th_front_frame_starting_at_first
3126522626440597519_806_440_826_440_1511046956507026,12,3126522626440597519_806_440_826_440,1511046956507026,1,FRONT,10,3,1511046956507026.jpg,images/front/3126522626440597519_806_440_826_440/1511046956507026.jpg,1920,1280,14,12,0,2,Day,sunny,location_phx,low,every_5th_front_frame_starting_at_first
3126522626440597519_806_440_826_440_1511046957006923,12,3126522626440597519_806_440_826_440,1511046957006923,1,FRONT,15,4,1511046957006923.jpg,images/front/3126522626440597519_806_440_826_440/1511046957006923.jpg,1920,1280,14,12,0,2,Day,sunny,location_phx,low,every_5th_front_frame_starting_at_first
3126522626440597519_806_440_826_440_1511046957507011,12,3126522626440597519_806_440_826_440,1511046957507011,1,FRONT,20,5,1511046957507011.jpg,images/front/3126522626440597519_806_440_826_440/1511046957507011.jpg,1920,1280,13,12,0,1,Day,sunny,location_phx,low,every_5th_front_frame_starting_at_first
3126522626440597519_806_440_826_440_1511046958007016,12,3126522626440597519_806_440_826_440,1511046958007016,1,FRONT,25,6,1511046958007016.jpg,images/front/3126522626440597519_806_440_826_440/1511046958007016.jpg,1920,1280,15,12,0,3,Day,sunny,location_phx,low,every_5th_front_frame_starting_at_first
3126522626440597519_806_440_826_440_1511046958507276,12,3126522626440597519_806_440_826_440,1511046958507276,1,FRONT,30,7,1511046958507276.jpg,images/front/3126522626440597519_806_440_826_440/1511046958507276.jpg,1920,1280,15,12,0,3,Day,sunny,location_phx,low,every_5th_front_frame_starting_at_first
3126522626440597519_806_440_826_440_1511046959007476,12,3126522626440597519_806_440_826_440,1511046959007476,1,FRONT,35,8,1511046959007476.jpg,images/front/3126522626440597519_806_440_826_440/1511046959007476.jpg,1920,1280,15,12,0,3,Day,sunny,location_phx,low,every_5th_front_frame_starting_at_first
3126522626440597519_806_440_826_440_1511046959507448,12,3126522626440597519_806_440_826_440,1511046959507448,1,FRONT,40,9,1511046959507448.jpg,images/front/3126522626440597519_806_440_826_440/1511046959507448.jpg,1920,1280,14,11,0,3,Day,sunny,location_phx,low,every_5th_front_frame_starting_at_first
3126522626440597519_806_440_826_440_1511046960007294,12,3126522626440597519_806_440_826_440,1511046960007294,1,FRONT,45,10,1511046960007294.jpg,images/front/3126522626440597519_806_440_826_440/1511046960007294.jpg,1920,1280,13,10,0,3,Day,sunny,location_phx,low,every_5th_front_frame_starting_at_first
3126522626440597519_806_440_826_440_1511046960506987,12,3126522626440597519_806_440_826_440,1511046960506987,1,FRONT,50,11,1511046960506987.jpg,images/front/3126522626440597519_806_440_826_440/1511046960506987.jpg,1920,1280,13,10,0,3,Day,sunny,location_phx,low,every_5th_front_frame_starting_at_first
3126522626440597519_806_440_826_440_1511046961007000,12,3126522626440597519_806_440_826_440,1511046961007000,1,FRONT,55,12,1511046961007000.jpg,images/front/3126522626440597519_806_440_826_440/1511046961007000.jpg,1920,1280,13,10,0,3,Day,sunny,location_phx,low,every_5th_front_frame_starting_at_first
3126522626440597519_806_440_826_440_1511046961507183,12,3126522626440597519_806_440_826_440,1511046961507183,1,FRONT,60,13,1511046961507183.jpg,images/front/3126522626440597519_806_440_826_440/1511046961507183.jpg,1920,1280,13,10,0,3,Day,sunny,location_phx,low,every_5th_front_frame_starting_at_first
3126522626440597519_806_440_826_440_1511046962007484,12,3126522626440597519_806_440_826_440,1511046962007484,1,FRONT,65,14,1511046962007484.jpg,images/front/3126522626440597519_806_440_826_440/1511046962007484.jpg,1920,1280,13,9,0,4,Day,sunny,location_phx,low,every_5th_front_frame_starting_at_first
3126522626440597519_806_440_826_440_1511046962507395,12,3126522626440597519_806_440_826_440,1511046962507395,1,FRONT,70,15,1511046962507395.jpg,images/front/3126522626440597519_806_440_826_440/1511046962507395.jpg,1920,1280,13,9,0,4,Day,sunny,location_phx,low,every_5th_front_frame_starting_at_first
3126522626440597519_806_440_826_440_1511046963007286,12,3126522626440597519_806_440_826_440,1511046963007286,1,FRONT,75,16,1511046963007286.jpg,images/front/3126522626440597519_806_440_826_440/1511046963007286.jpg,1920,1280,13,9,0,4,Day,sunny,location_phx,low,every_5th_front_frame_starting_at_first
3126522626440597519_806_440_826_440_1511046963506911,12,3126522626440597519_806_440_826_440,1511046963506911,1,FRONT,80,17,1511046963506911.jpg,images/front/3126522626440597519_806_440_826_440/1511046963506911.jpg,1920,1280,13,9,0,4,Day,sunny,location_phx,low,every_5th_front_frame_starting_at_first
3126522626440597519_806_440_826_440_1511046964006689,12,3126522626440597519_806_440_826_440,1511046964006689,1,FRONT,85,18,1511046964006689.jpg,images/front/3126522626440597519_806_440_826_440/1511046964006689.jpg,1920,1280,13,9,0,4,Day,sunny,location_phx,low,every_5th_front_frame_starting_at_first
3126522626440597519_806_440_826_440_1511046964506662,12,3126522626440597519_806_440_826_440,1511046964506662,1,FRONT,90,19,1511046964506662.jpg,images/front/3126522626440597519_806_440_826_440/1511046964506662.jpg,1920,1280,13,9,0,4,Day,sunny,location_phx,low,every_5th_front_frame_starting_at_first
3126522626440597519_806_440_826_440_1511046965006554,12,3126522626440597519_806_440_826_440,1511046965006554,1,FRONT,95,20,1511046965006554.jpg,images/front/3126522626440597519_806_440_826_440/1511046965006554.jpg,1920,1280,13,9,0,4,Day,sunny,location_phx,low,every_5th_front_frame_starting_at_first
3126522626440597519_806_440_826_440_1511046965506526,12,3126522626440597519_806_440_826_440,1511046965506526,1,FRONT,100,21,1511046965506526.jpg,images/front/3126522626440597519_806_440_826_440/1511046965506526.jpg,1920,1280,13,9,0,4,Day,sunny,location_phx,low,every_5th_front_frame_starting_at_first
3126522626440597519_806_440_826_440_1511046966006467,12,3126522626440597519_806_440_826_440,1511046966006467,1,FRONT,105,22,1511046966006467.jpg,images/front/3126522626440597519_806_440_826_440/1511046966006467.jpg,1920,1280,13,9,0,4,Day,sunny,location_phx,low,every_5th_front_frame_starting_at_first
3126522626440597519_806_440_826_440_1511046966506391,12,3126522626440597519_806_440_826_440,1511046966506391,1,FRONT,110,23,1511046966506391.jpg,images/front/3126522626440597519_806_440_826_440/1511046966506391.jpg,1920,1280,13,9,0,4,Day,sunny,location_phx,low,every_5th_front_frame_starting_at_first
3126522626440597519_806_440_826_440_1511046967006362,12,3126522626440597519_806_440_826_440,1511046967006362,1,FRONT,115,24,1511046967006362.jpg,images/front/3126522626440597519_806_440_826_440/1511046967006362.jpg,1920,1280,13,9,0,4,Day,sunny,location_phx,low,every_5th_front_frame_starting_at_first
3126522626440597519_806_440_826_440_1511046967506412,12,3126522626440597519_806_440_826_440,1511046967506412,1,FRONT,120,25,1511046967506412.jpg,images/front/3126522626440597519_806_440_826_440/1511046967506412.jpg,1920,1280,13,9,0,4,Day,sunny,location_phx,low,every_5th_front_frame_starting_at_first
3126522626440597519_806_440_826_440_1511046968006331,12,3126522626440597519_806_440_826_440,1511046968006331,1,FRONT,125,26,1511046968006331.jpg,images/front/3126522626440597519_806_440_826_440/1511046968006331.jpg,1920,1280,13,9,0,4,Day,sunny,location_phx,low,every_5th_front_frame_starting_at_first
3126522626440597519_806_440_826_440_1511046968506223,12,3126522626440597519_806_440_826_440,1511046968506223,1,FRONT,130,27,1511046968506223.jpg,images/front/3126522626440597519_806_440_826_440/1511046968506223.jpg,1920,1280,13,9,0,4,Day,sunny,location_phx,low,every_5th_front_frame_starting_at_first
3126522626440597519_806_440_826_440_1511046969006217,12,3126522626440597519_806_440_826_440,1511046969006217,1,FRONT,135,28,1511046969006217.jpg,images/front/3126522626440597519_806_440_826_440/1511046969006217.jpg,1920,1280,13,9,0,4,Day,sunny,location_phx,low,every_5th_front_frame_starting_at_first
3126522626440597519_806_440_826_440_1511046969506224,12,3126522626440597519_806_440_826_440,1511046969506224,1,FRONT,140,29,1511046969506224.jpg,images/front/3126522626440597519_806_440_826_440/1511046969506224.jpg,1920,1280,13,9,0,4,Day,sunny,location_phx,low,every_5th_front_frame_starting_at_first
3126522626440597519_806_440_826_440_1511046970006257,12,3126522626440597519_806_440_826_440,1511046970006257,1,FRONT,145,30,1511046970006257.jpg,images/front/3126522626440597519_806_440_826_440/1511046970006257.jpg,1920,1280,13,9,0,4,Day,sunny,location_phx,low,every_5th_front_frame_starting_at_first
3126522626440597519_806_440_826_440_1511046970506149,12,3126522626440597519_806_440_826_440,1511046970506149,1,FRONT,150,31,1511046970506149.jpg,images/front/3126522626440597519_806_440_826_440/1511046970506149.jpg,1920,1280,13,9,0,4,Day,sunny,location_phx,low,every_5th_front_frame_starting_at_first
3126522626440597519_806_440_826_440_1511046971005796,12,3126522626440597519_806_440_826_440,1511046971005796,1,FRONT,155,32,1511046971005796.jpg,images/front/3126522626440597519_806_440_826_440/1511046971005796.jpg,1920,1280,13,9,0,4,Day,sunny,location_phx,low,every_5th_front_frame_starting_at_first
3126522626440597519_806_440_826_440_1511046971505079,12,3126522626440597519_806_440_826_440,1511046971505079,1,FRONT,160,33,1511046971505079.jpg,images/front/3126522626440597519_806_440_826_440/1511046971505079.jpg,1920,1280,13,9,0,4,Day,sunny,location_phx,low,every_5th_front_frame_starting_at_first
3126522626440597519_806_440_826_440_1511046972003504,12,3126522626440597519_806_440_826_440,1511046972003504,1,FRONT,165,34,1511046972003504.jpg,images/front/3126522626440597519_806_440_826_440/1511046972003504.jpg,1920,1280,13,9,0,4,Day,sunny,location_phx,low,every_5th_front_frame_starting_at_first
3126522626440597519_806_440_826_440_1511046972501165,12,3126522626440597519_806_440_826_440,1511046972501165,1,FRONT,170,35,1511046972501165.jpg,images/front/3126522626440597519_806_440_826_440/1511046972501165.jpg,1920,1280,14,10,0,4,Day,sunny,location_phx,low,every_5th_front_frame_starting_at_first
3126522626440597519_806_440_826_440_1511046972998165,12,3126522626440597519_806_440_826_440,1511046972998165,1,FRONT,175,36,1511046972998165.jpg,images/front/3126522626440597519_806_440_826_440/1511046972998165.jpg,1920,1280,6,2,0,4,Day,sunny,location_phx,low,every_5th_front_frame_starting_at_first
3126522626440597519_806_440_826_440_1511046973495070,12,3126522626440597519_806_440_826_440,1511046973495070,1,FRONT,180,37,1511046973495070.jpg,images/front/3126522626440597519_806_440_826_440/1511046973495070.jpg,1920,1280,1,1,0,0,Day,sunny,location_phx,low,every_5th_front_frame_starting_at_first
3126522626440597519_806_440_826_440_1511046973992517,12,3126522626440597519_806_440_826_440,1511046973992517,1,FRONT,185,38,1511046973992517.jpg,images/front/3126522626440597519_806_440_826_440/1511046973992517.jpg,1920,1280,2,2,0,0,Day,sunny,location_phx,low,every_5th_front_frame_starting_at_first
3126522626440597519_806_440_826_440_1511046974489918,12,3126522626440597519_806_440_826_440,1511046974489918,1,FRONT,190,39,1511046974489918.jpg,images/front/3126522626440597519_806_440_826_440/1511046974489918.jpg,1920,1280,6,6,0,0,Day,sunny,location_phx,low,every_5th_front_frame_starting_at_first
3126522626440597519_806_440_826_440_1511046974987198,12,3126522626440597519_806_440_826_440,1511046974987198,1,FRONT,195,40,1511046974987198.jpg,images/front/3126522626440597519_806_440_826_440/1511046974987198.jpg,1920,1280,8,8,0,0,Day,sunny,location_phx,low,every_5th_front_frame_starting_at_first
2105808889850693535_2295_720_2315_720_1511129111978661,13,2105808889850693535_2295_720_2315_720,1511129111978661,1,FRONT,0,1,1511129111978661.jpg,images/front/2105808889850693535_2295_720_2315_720/1511129111978661.jpg,1920,1280,30,30,0,0,Day,sunny,location_phx,medium,every_5th_front_frame_starting_at_first
2105808889850693535_2295_720_2315_720_1511129112478706,13,2105808889850693535_2295_720_2315_720,1511129112478706,1,FRONT,5,2,1511129112478706.jpg,images/front/2105808889850693535_2295_720_2315_720/1511129112478706.jpg,1920,1280,26,26,0,0,Day,sunny,location_phx,medium,every_5th_front_frame_starting_at_first
2105808889850693535_2295_720_2315_720_1511129112978895,13,2105808889850693535_2295_720_2315_720,1511129112978895,1,FRONT,10,3,1511129112978895.jpg,images/front/2105808889850693535_2295_720_2315_720/1511129112978895.jpg,1920,1280,25,25,0,0,Day,sunny,location_phx,medium,every_5th_front_frame_starting_at_first
2105808889850693535_2295_720_2315_720_1511129113479025,13,2105808889850693535_2295_720_2315_720,1511129113479025,1,FRONT,15,4,1511129113479025.jpg,images/front/2105808889850693535_2295_720_2315_720/1511129113479025.jpg,1920,1280,24,22,2,0,Day,sunny,location_phx,medium,every_5th_front_frame_starting_at_first
2105808889850693535_2295_720_2315_720_1511129113978982,13,2105808889850693535_2295_720_2315_720,1511129113978982,1,FRONT,20,5,1511129113978982.jpg,images/front/2105808889850693535_2295_720_2315_720/1511129113978982.jpg,1920,1280,25,23,2,0,Day,sunny,location_phx,medium,every_5th_front_frame_starting_at_first
2105808889850693535_2295_720_2315_720_1511129114479027,13,2105808889850693535_2295_720_2315_720,1511129114479027,1,FRONT,25,6,1511129114479027.jpg,images/front/2105808889850693535_2295_720_2315_720/1511129114479027.jpg,1920,1280,27,25,2,0,Day,sunny,location_phx,medium,every_5th_front_frame_starting_at_first
2105808889850693535_2295_720_2315_720_1511129114979008,13,2105808889850693535_2295_720_2315_720,1511129114979008,1,FRONT,30,7,1511129114979008.jpg,images/front/2105808889850693535_2295_720_2315_720/1511129114979008.jpg,1920,1280,26,24,2,0,Day,sunny,location_phx,medium,every_5th_front_frame_starting_at_first
2105808889850693535_2295_720_2315_720_1511129115479150,13,2105808889850693535_2295_720_2315_720,1511129115479150,1,FRONT,35,8,1511129115479150.jpg,images/front/2105808889850693535_2295_720_2315_720/1511129115479150.jpg,1920,1280,25,23,2,0,Day,sunny,location_phx,medium,every_5th_front_frame_starting_at_first
2105808889850693535_2295_720_2315_720_1511129115979075,13,2105808889850693535_2295_720_2315_720,1511129115979075,1,FRONT,40,9,1511129115979075.jpg,images/front/2105808889850693535_2295_720_2315_720/1511129115979075.jpg,1920,1280,22,20,2,0,Day,sunny,location_phx,medium,every_5th_front_frame_starting_at_first
2105808889850693535_2295_720_2315_720_1511129116479000,13,2105808889850693535_2295_720_2315_720,1511129116479000,1,FRONT,45,10,1511129116479000.jpg,images/front/2105808889850693535_2295_720_2315_720/1511129116479000.jpg,1920,1280,18,16,2,0,Day,sunny,location_phx,medium,every_5th_front_frame_starting_at_first
2105808889850693535_2295_720_2315_720_1511129116978989,13,2105808889850693535_2295_720_2315_720,1511129116978989,1,FRONT,50,11,1511129116978989.jpg,images/front/2105808889850693535_2295_720_2315_720/1511129116978989.jpg,1920,1280,17,15,2,0,Day,sunny,location_phx,medium,every_5th_front_frame_starting_at_first
2105808889850693535_2295_720_2315_720_1511129117479025,13,2105808889850693535_2295_720_2315_720,1511129117479025,1,FRONT,55,12,1511129117479025.jpg,images/front/2105808889850693535_2295_720_2315_720/1511129117479025.jpg,1920,1280,16,14,2,0,Day,sunny,location_phx,medium,every_5th_front_frame_starting_at_first
2105808889850693535_2295_720_2315_720_1511129117979206,13,2105808889850693535_2295_720_2315_720,1511129117979206,1,FRONT,60,13,1511129117979206.jpg,images/front/2105808889850693535_2295_720_2315_720/1511129117979206.jpg,1920,1280,12,10,2,0,Day,sunny,location_phx,medium,every_5th_front_frame_starting_at_first
2105808889850693535_2295_720_2315_720_1511129118479307,13,2105808889850693535_2295_720_2315_720,1511129118479307,1,FRONT,65,14,1511129118479307.jpg,images/front/2105808889850693535_2295_720_2315_720/1511129118479307.jpg,1920,1280,13,11,2,0,Day,sunny,location_phx,medium,every_5th_front_frame_starting_at_first
2105808889850693535_2295_720_2315_720_1511129118979456,13,2105808889850693535_2295_720_2315_720,1511129118979456,1,FRONT,70,15,1511129118979456.jpg,images/front/2105808889850693535_2295_720_2315_720/1511129118979456.jpg,1920,1280,12,10,2,0,Day,sunny,location_phx,medium,every_5th_front_frame_starting_at_first
2105808889850693535_2295_720_2315_720_1511129119479755,13,2105808889850693535_2295_720_2315_720,1511129119479755,1,FRONT,75,16,1511129119479755.jpg,images/front/2105808889850693535_2295_720_2315_720/1511129119479755.jpg,1920,1280,11,9,2,0,Day,sunny,location_phx,medium,every_5th_front_frame_starting_at_first
2105808889850693535_2295_720_2315_720_1511129119979452,13,2105808889850693535_2295_720_2315_720,1511129119979452,1,FRONT,80,17,1511129119979452.jpg,images/front/2105808889850693535_2295_720_2315_720/1511129119979452.jpg,1920,1280,12,10,2,0,Day,sunny,location_phx,medium,every_5th_front_frame_starting_at_first
2105808889850693535_2295_720_2315_720_1511129120478938,13,2105808889850693535_2295_720_2315_720,1511129120478938,1,FRONT,85,18,1511129120478938.jpg,images/front/2105808889850693535_2295_720_2315_720/1511129120478938.jpg,1920,1280,13,11,2,0,Day,sunny,location_phx,medium,every_5th_front_frame_starting_at_first
2105808889850693535_2295_720_2315_720_1511129120978713,13,2105808889850693535_2295_720_2315_720,1511129120978713,1,FRONT,90,19,1511129120978713.jpg,images/front/2105808889850693535_2295_720_2315_720/1511129120978713.jpg,1920,1280,12,10,2,0,Day,sunny,location_phx,medium,every_5th_front_frame_starting_at_first
2105808889850693535_2295_720_2315_720_1511129121478755,13,2105808889850693535_2295_720_2315_720,1511129121478755,1,FRONT,95,20,1511129121478755.jpg,images/front/2105808889850693535_2295_720_2315_720/1511129121478755.jpg,1920,1280,12,10,2,0,Day,sunny,location_phx,medium,every_5th_front_frame_starting_at_first
2105808889850693535_2295_720_2315_720_1511129121978849,13,2105808889850693535_2295_720_2315_720,1511129121978849,1,FRONT,100,21,1511129121978849.jpg,images/front/2105808889850693535_2295_720_2315_720/1511129121978849.jpg,1920,1280,12,10,2,0,Day,sunny,location_phx,medium,every_5th_front_frame_starting_at_first
2105808889850693535_2295_720_2315_720_1511129122478878,13,2105808889850693535_2295_720_2315_720,1511129122478878,1,FRONT,105,22,1511129122478878.jpg,images/front/2105808889850693535_2295_720_2315_720/1511129122478878.jpg,1920,1280,12,10,2,0,Day,sunny,location_phx,medium,every_5th_front_frame_starting_at_first
2105808889850693535_2295_720_2315_720_1511129122978903,13,2105808889850693535_2295_720_2315_720,1511129122978903,1,FRONT,110,23,1511129122978903.jpg,images/front/2105808889850693535_2295_720_2315_720/1511129122978903.jpg,1920,1280,12,10,2,0,Day,sunny,location_phx,medium,every_5th_front_frame_starting_at_first
2105808889850693535_2295_720_2315_720_1511129123478873,13,2105808889850693535_2295_720_2315_720,1511129123478873,1,FRONT,115,24,1511129123478873.jpg,images/front/2105808889850693535_2295_720_2315_720/1511129123478873.jpg,1920,1280,12,10,2,0,Day,sunny,location_phx,medium,every_5th_front_frame_starting_at_first
2105808889850693535_2295_720_2315_720_1511129123978828,13,2105808889850693535_2295_720_2315_720,1511129123978828,1,FRONT,120,25,1511129123978828.jpg,images/front/2105808889850693535_2295_720_2315_720/1511129123978828.jpg,1920,1280,11,9,2,0,Day,sunny,location_phx,medium,every_5th_front_frame_starting_at_first
2105808889850693535_2295_720_2315_720_1511129124478679,13,2105808889850693535_2295_720_2315_720,1511129124478679,1,FRONT,125,26,1511129124478679.jpg,images/front/2105808889850693535_2295_720_2315_720/1511129124478679.jpg,1920,1280,9,7,2,0,Day,sunny,location_phx,medium,every_5th_front_frame_starting_at_first
2105808889850693535_2295_720_2315_720_1511129124978535,13,2105808889850693535_2295_720_2315_720,1511129124978535,1,FRONT,130,27,1511129124978535.jpg,images/front/2105808889850693535_2295_720_2315_720/1511129124978535.jpg,1920,1280,7,7,0,0,Day,sunny,location_phx,medium,every_5th_front_frame_starting_at_first
2105808889850693535_2295_720_2315_720_1511129125478560,13,2105808889850693535_2295_720_2315_720,1511129125478560,1,FRONT,135,28,1511129125478560.jpg,images/front/2105808889850693535_2295_720_2315_720/1511129125478560.jpg,1920,1280,6,6,0,0,Day,sunny,location_phx,medium,every_5th_front_frame_starting_at_first
2105808889850693535_2295_720_2315_720_1511129125978788,13,2105808889850693535_2295_720_2315_720,1511129125978788,1,FRONT,140,29,1511129125978788.jpg,images/front/2105808889850693535_2295_720_2315_720/1511129125978788.jpg,1920,1280,6,6,0,0,Day,sunny,location_phx,medium,every_5th_front_frame_starting_at_first
2105808889850693535_2295_720_2315_720_1511129126478948,13,2105808889850693535_2295_720_2315_720,1511129126478948,1,FRONT,145,30,1511129126478948.jpg,images/front/2105808889850693535_2295_720_2315_720/1511129126478948.jpg,1920,1280,7,6,1,0,Day,sunny,location_phx,medium,every_5th_front_frame_starting_at_first
2105808889850693535_2295_720_2315_720_1511129126979076,13,2105808889850693535_2295_720_2315_720,1511129126979076,1,FRONT,150,31,1511129126979076.jpg,images/front/2105808889850693535_2295_720_2315_720/1511129126979076.jpg,1920,1280,6,5,1,0,Day,sunny,location_phx,medium,every_5th_front_frame_starting_at_first
2105808889850693535_2295_720_2315_720_1511129127479014,13,2105808889850693535_2295_720_2315_720,1511129127479014,1,FRONT,155,32,1511129127479014.jpg,images/front/2105808889850693535_2295_720_2315_720/1511129127479014.jpg,1920,1280,6,5,1,0,Day,sunny,location_phx,medium,every_5th_front_frame_starting_at_first
2105808889850693535_2295_720_2315_720_1511129127979137,13,2105808889850693535_2295_720_2315_720,1511129127979137,1,FRONT,160,33,1511129127979137.jpg,images/front/2105808889850693535_2295_720_2315_720/1511129127979137.jpg,1920,1280,4,3,1,0,Day,sunny,location_phx,medium,every_5th_front_frame_starting_at_first
2105808889850693535_2295_720_2315_720_1511129128479158,13,2105808889850693535_2295_720_2315_720,1511129128479158,1,FRONT,165,34,1511129128479158.jpg,images/front/2105808889850693535_2295_720_2315_720/1511129128479158.jpg,1920,1280,4,3,1,0,Day,sunny,location_phx,medium,every_5th_front_frame_starting_at_first
2105808889850693535_2295_720_2315_720_1511129128979079,13,2105808889850693535_2295_720_2315_720,1511129128979079,1,FRONT,170,35,1511129128979079.jpg,images/front/2105808889850693535_2295_720_2315_720/1511129128979079.jpg,1920,1280,4,3,1,0,Day,sunny,location_phx,medium,every_5th_front_frame_starting_at_first
2105808889850693535_2295_720_2315_720_1511129129478987,13,2105808889850693535_2295_720_2315_720,1511129129478987,1,FRONT,175,36,1511129129478987.jpg,images/front/2105808889850693535_2295_720_2315_720/1511129129478987.jpg,1920,1280,4,3,1,0,Day,sunny,location_phx,medium,every_5th_front_frame_starting_at_first
2105808889850693535_2295_720_2315_720_1511129129979150,13,2105808889850693535_2295_720_2315_720,1511129129979150,1,FRONT,180,37,1511129129979150.jpg,images/front/2105808889850693535_2295_720_2315_720/1511129129979150.jpg,1920,1280,4,3,1,0,Day,sunny,location_phx,medium,every_5th_front_frame_starting_at_first
2105808889850693535_2295_720_2315_720_1511129130479115,13,2105808889850693535_2295_720_2315_720,1511129130479115,1,FRONT,185,38,1511129130479115.jpg,images/front/2105808889850693535_2295_720_2315_720/1511129130479115.jpg,1920,1280,4,3,1,0,Day,sunny,location_phx,medium,every_5th_front_frame_starting_at_first
2105808889850693535_2295_720_2315_720_1511129130978854,13,2105808889850693535_2295_720_2315_720,1511129130978854,1,FRONT,190,39,1511129130978854.jpg,images/front/2105808889850693535_2295_720_2315_720/1511129130978854.jpg,1920,1280,4,3,1,0,Day,sunny,location_phx,medium,every_5th_front_frame_starting_at_first
2105808889850693535_2295_720_2315_720_1511129131478616,13,2105808889850693535_2295_720_2315_720,1511129131478616,1,FRONT,195,40,1511129131478616.jpg,images/front/2105808889850693535_2295_720_2315_720/1511129131478616.jpg,1920,1280,4,3,1,0,Day,sunny,location_phx,medium,every_5th_front_frame_starting_at_first
10289507859301986274_4200_000_4220_000_1557847392672581,14,10289507859301986274_4200_000_4220_000,1557847392672581,1,FRONT,0,1,1557847392672581.jpg,images/front/10289507859301986274_4200_000_4220_000/1557847392672581.jpg,1920,1280,42,14,27,1,Day,sunny,location_sf,high,every_5th_front_frame_starting_at_first
10289507859301986274_4200_000_4220_000_1557847393172585,14,10289507859301986274_4200_000_4220_000,1557847393172585,1,FRONT,5,2,1557847393172585.jpg,images/front/10289507859301986274_4200_000_4220_000/1557847393172585.jpg,1920,1280,42,13,28,1,Day,sunny,location_sf,high,every_5th_front_frame_starting_at_first
10289507859301986274_4200_000_4220_000_1557847393672620,14,10289507859301986274_4200_000_4220_000,1557847393672620,1,FRONT,10,3,1557847393672620.jpg,images/front/10289507859301986274_4200_000_4220_000/1557847393672620.jpg,1920,1280,37,9,27,1,Day,sunny,location_sf,high,every_5th_front_frame_starting_at_first
10289507859301986274_4200_000_4220_000_1557847394172576,14,10289507859301986274_4200_000_4220_000,1557847394172576,1,FRONT,15,4,1557847394172576.jpg,images/front/10289507859301986274_4200_000_4220_000/1557847394172576.jpg,1920,1280,29,7,22,0,Day,sunny,location_sf,high,every_5th_front_frame_starting_at_first
10289507859301986274_4200_000_4220_000_1557847394672600,14,10289507859301986274_4200_000_4220_000,1557847394672600,1,FRONT,20,5,1557847394672600.jpg,images/front/10289507859301986274_4200_000_4220_000/1557847394672600.jpg,1920,1280,26,9,17,0,Day,sunny,location_sf,high,every_5th_front_frame_starting_at_first
10289507859301986274_4200_000_4220_000_1557847395172640,14,10289507859301986274_4200_000_4220_000,1557847395172640,1,FRONT,25,6,1557847395172640.jpg,images/front/10289507859301986274_4200_000_4220_000/1557847395172640.jpg,1920,1280,28,12,15,1,Day,sunny,location_sf,high,every_5th_front_frame_starting_at_first
10289507859301986274_4200_000_4220_000_1557847395672605,14,10289507859301986274_4200_000_4220_000,1557847395672605,1,FRONT,30,7,1557847395672605.jpg,images/front/10289507859301986274_4200_000_4220_000/1557847395672605.jpg,1920,1280,29,14,15,0,Day,sunny,location_sf,high,every_5th_front_frame_starting_at_first
10289507859301986274_4200_000_4220_000_1557847396172563,14,10289507859301986274_4200_000_4220_000,1557847396172563,1,FRONT,35,8,1557847396172563.jpg,images/front/10289507859301986274_4200_000_4220_000/1557847396172563.jpg,1920,1280,38,18,20,0,Day,sunny,location_sf,high,every_5th_front_frame_starting_at_first
10289507859301986274_4200_000_4220_000_1557847396672632,14,10289507859301986274_4200_000_4220_000,1557847396672632,1,FRONT,40,9,1557847396672632.jpg,images/front/10289507859301986274_4200_000_4220_000/1557847396672632.jpg,1920,1280,44,16,26,2,Day,sunny,location_sf,high,every_5th_front_frame_starting_at_first
10289507859301986274_4200_000_4220_000_1557847397172702,14,10289507859301986274_4200_000_4220_000,1557847397172702,1,FRONT,45,10,1557847397172702.jpg,images/front/10289507859301986274_4200_000_4220_000/1557847397172702.jpg,1920,1280,44,17,25,2,Day,sunny,location_sf,high,every_5th_front_frame_starting_at_first
10289507859301986274_4200_000_4220_000_1557847397672777,14,10289507859301986274_4200_000_4220_000,1557847397672777,1,FRONT,50,11,1557847397672777.jpg,images/front/10289507859301986274_4200_000_4220_000/1557847397672777.jpg,1920,1280,44,18,25,1,Day,sunny,location_sf,high,every_5th_front_frame_starting_at_first
10289507859301986274_4200_000_4220_000_1557847398172641,14,10289507859301986274_4200_000_4220_000,1557847398172641,1,FRONT,55,12,1557847398172641.jpg,images/front/10289507859301986274_4200_000_4220_000/1557847398172641.jpg,1920,1280,46,18,26,2,Day,sunny,location_sf,high,every_5th_front_frame_starting_at_first
10289507859301986274_4200_000_4220_000_1557847398672474,14,10289507859301986274_4200_000_4220_000,1557847398672474,1,FRONT,60,13,1557847398672474.jpg,images/front/10289507859301986274_4200_000_4220_000/1557847398672474.jpg,1920,1280,42,15,25,2,Day,sunny,location_sf,high,every_5th_front_frame_starting_at_first
10289507859301986274_4200_000_4220_000_1557847399172389,14,10289507859301986274_4200_000_4220_000,1557847399172389,1,FRONT,65,14,1557847399172389.jpg,images/front/10289507859301986274_4200_000_4220_000/1557847399172389.jpg,1920,1280,42,15,25,2,Day,sunny,location_sf,high,every_5th_front_frame_starting_at_first
10289507859301986274_4200_000_4220_000_1557847399672379,14,10289507859301986274_4200_000_4220_000,1557847399672379,1,FRONT,70,15,1557847399672379.jpg,images/front/10289507859301986274_4200_000_4220_000/1557847399672379.jpg,1920,1280,47,18,27,2,Day,sunny,location_sf,high,every_5th_front_frame_starting_at_first
10289507859301986274_4200_000_4220_000_1557847400172420,14,10289507859301986274_4200_000_4220_000,1557847400172420,1,FRONT,75,16,1557847400172420.jpg,images/front/10289507859301986274_4200_000_4220_000/1557847400172420.jpg,1920,1280,38,16,21,1,Day,sunny,location_sf,high,every_5th_front_frame_starting_at_first
10289507859301986274_4200_000_4220_000_1557847400672475,14,10289507859301986274_4200_000_4220_000,1557847400672475,1,FRONT,80,17,1557847400672475.jpg,images/front/10289507859301986274_4200_000_4220_000/1557847400672475.jpg,1920,1280,34,13,19,2,Day,sunny,location_sf,high,every_5th_front_frame_starting_at_first
10289507859301986274_4200_000_4220_000_1557847401172530,14,10289507859301986274_4200_000_4220_000,1557847401172530,1,FRONT,85,18,1557847401172530.jpg,images/front/10289507859301986274_4200_000_4220_000/1557847401172530.jpg,1920,1280,30,12,17,1,Day,sunny,location_sf,high,every_5th_front_frame_starting_at_first
10289507859301986274_4200_000_4220_000_1557847401672650,14,10289507859301986274_4200_000_4220_000,1557847401672650,1,FRONT,90,19,1557847401672650.jpg,images/front/10289507859301986274_4200_000_4220_000/1557847401672650.jpg,1920,1280,35,14,20,1,Day,sunny,location_sf,high,every_5th_front_frame_starting_at_first
10289507859301986274_4200_000_4220_000_1557847402172646,14,10289507859301986274_4200_000_4220_000,1557847402172646,1,FRONT,95,20,1557847402172646.jpg,images/front/10289507859301986274_4200_000_4220_000/1557847402172646.jpg,1920,1280,32,16,15,1,Day,sunny,location_sf,high,every_5th_front_frame_starting_at_first
10289507859301986274_4200_000_4220_000_1557847402672607,14,10289507859301986274_4200_000_4220_000,1557847402672607,1,FRONT,100,21,1557847402672607.jpg,images/front/10289507859301986274_4200_000_4220_000/1557847402672607.jpg,1920,1280,30,14,15,1,Day,sunny,location_sf,high,every_5th_front_frame_starting_at_first
10289507859301986274_4200_000_4220_000_1557847403172619,14,10289507859301986274_4200_000_4220_000,1557847403172619,1,FRONT,105,22,1557847403172619.jpg,images/front/10289507859301986274_4200_000_4220_000/1557847403172619.jpg,1920,1280,34,19,15,0,Day,sunny,location_sf,high,every_5th_front_frame_starting_at_first
10289507859301986274_4200_000_4220_000_1557847403672617,14,10289507859301986274_4200_000_4220_000,1557847403672617,1,FRONT,110,23,1557847403672617.jpg,images/front/10289507859301986274_4200_000_4220_000/1557847403672617.jpg,1920,1280,36,24,12,0,Day,sunny,location_sf,high,every_5th_front_frame_starting_at_first
10289507859301986274_4200_000_4220_000_1557847404172643,14,10289507859301986274_4200_000_4220_000,1557847404172643,1,FRONT,115,24,1557847404172643.jpg,images/front/10289507859301986274_4200_000_4220_000/1557847404172643.jpg,1920,1280,42,28,14,0,Day,sunny,location_sf,high,every_5th_front_frame_starting_at_first
10289507859301986274_4200_000_4220_000_1557847404672547,14,10289507859301986274_4200_000_4220_000,1557847404672547,1,FRONT,120,25,1557847404672547.jpg,images/front/10289507859301986274_4200_000_4220_000/1557847404672547.jpg,1920,1280,46,31,15,0,Day,sunny,location_sf,high,every_5th_front_frame_starting_at_first
10289507859301986274_4200_000_4220_000_1557847405172436,14,10289507859301986274_4200_000_4220_000,1557847405172436,1,FRONT,125,26,1557847405172436.jpg,images/front/10289507859301986274_4200_000_4220_000/1557847405172436.jpg,1920,1280,50,32,18,0,Day,sunny,location_sf,high,every_5th_front_frame_starting_at_first
10289507859301986274_4200_000_4220_000_1557847405672479,14,10289507859301986274_4200_000_4220_000,1557847405672479,1,FRONT,130,27,1557847405672479.jpg,images/front/10289507859301986274_4200_000_4220_000/1557847405672479.jpg,1920,1280,52,32,20,0,Day,sunny,location_sf,high,every_5th_front_frame_starting_at_first
10289507859301986274_4200_000_4220_000_1557847406172415,14,10289507859301986274_4200_000_4220_000,1557847406172415,1,FRONT,135,28,1557847406172415.jpg,images/front/10289507859301986274_4200_000_4220_000/1557847406172415.jpg,1920,1280,57,33,24,0,Day,sunny,location_sf,high,every_5th_front_frame_starting_at_first
10289507859301986274_4200_000_4220_000_1557847406672419,14,10289507859301986274_4200_000_4220_000,1557847406672419,1,FRONT,140,29,1557847406672419.jpg,images/front/10289507859301986274_4200_000_4220_000/1557847406672419.jpg,1920,1280,58,33,25,0,Day,sunny,location_sf,high,every_5th_front_frame_starting_at_first
10289507859301986274_4200_000_4220_000_1557847407172500,14,10289507859301986274_4200_000_4220_000,1557847407172500,1,FRONT,145,30,1557847407172500.jpg,images/front/10289507859301986274_4200_000_4220_000/1557847407172500.jpg,1920,1280,56,33,23,0,Day,sunny,location_sf,high,every_5th_front_frame_starting_at_first
10289507859301986274_4200_000_4220_000_1557847407672537,14,10289507859301986274_4200_000_4220_000,1557847407672537,1,FRONT,150,31,1557847407672537.jpg,images/front/10289507859301986274_4200_000_4220_000/1557847407672537.jpg,1920,1280,57,34,23,0,Day,sunny,location_sf,high,every_5th_front_frame_starting_at_first
10289507859301986274_4200_000_4220_000_1557847408172459,14,10289507859301986274_4200_000_4220_000,1557847408172459,1,FRONT,155,32,1557847408172459.jpg,images/front/10289507859301986274_4200_000_4220_000/1557847408172459.jpg,1920,1280,58,38,19,1,Day,sunny,location_sf,high,every_5th_front_frame_starting_at_first
10289507859301986274_4200_000_4220_000_1557847408672106,14,10289507859301986274_4200_000_4220_000,1557847408672106,1,FRONT,160,33,1557847408672106.jpg,images/front/10289507859301986274_4200_000_4220_000/1557847408672106.jpg,1920,1280,57,37,18,2,Day,sunny,location_sf,high,every_5th_front_frame_starting_at_first
10289507859301986274_4200_000_4220_000_1557847409172005,14,10289507859301986274_4200_000_4220_000,1557847409172005,1,FRONT,165,34,1557847409172005.jpg,images/front/10289507859301986274_4200_000_4220_000/1557847409172005.jpg,1920,1280,61,38,22,1,Day,sunny,location_sf,high,every_5th_front_frame_starting_at_first
10289507859301986274_4200_000_4220_000_1557847409671967,14,10289507859301986274_4200_000_4220_000,1557847409671967,1,FRONT,170,35,1557847409671967.jpg,images/front/10289507859301986274_4200_000_4220_000/1557847409671967.jpg,1920,1280,59,36,22,1,Day,sunny,location_sf,high,every_5th_front_frame_starting_at_first
10289507859301986274_4200_000_4220_000_1557847410172119,14,10289507859301986274_4200_000_4220_000,1557847410172119,1,FRONT,175,36,1557847410172119.jpg,images/front/10289507859301986274_4200_000_4220_000/1557847410172119.jpg,1920,1280,62,36,25,1,Day,sunny,location_sf,high,every_5th_front_frame_starting_at_first
10289507859301986274_4200_000_4220_000_1557847410672306,14,10289507859301986274_4200_000_4220_000,1557847410672306,1,FRONT,180,37,1557847410672306.jpg,images/front/10289507859301986274_4200_000_4220_000/1557847410672306.jpg,1920,1280,59,36,23,0,Day,sunny,location_sf,high,every_5th_front_frame_starting_at_first
10289507859301986274_4200_000_4220_000_1557847411172351,14,10289507859301986274_4200_000_4220_000,1557847411172351,1,FRONT,185,38,1557847411172351.jpg,images/front/10289507859301986274_4200_000_4220_000/1557847411172351.jpg,1920,1280,61,35,24,2,Day,sunny,location_sf,high,every_5th_front_frame_starting_at_first
10289507859301986274_4200_000_4220_000_1557847411672343,14,10289507859301986274_4200_000_4220_000,1557847411672343,1,FRONT,190,39,1557847411672343.jpg,images/front/10289507859301986274_4200_000_4220_000/1557847411672343.jpg,1920,1280,61,37,22,2,Day,sunny,location_sf,high,every_5th_front_frame_starting_at_first
10289507859301986274_4200_000_4220_000_1557847412172249,14,10289507859301986274_4200_000_4220_000,1557847412172249,1,FRONT,195,40,1557847412172249.jpg,images/front/10289507859301986274_4200_000_4220_000/1557847412172249.jpg,1920,1280,58,37,19,2,Day,sunny,location_sf,high,every_5th_front_frame_starting_at_first
13356997604177841771_3360_000_3380_000_1557267377087332,15,13356997604177841771_3360_000_3380_000,1557267377087332,1,FRONT,0,1,1557267377087332.jpg,images/front/13356997604177841771_3360_000_3380_000/1557267377087332.jpg,1920,1280,51,20,29,2,Day,sunny,location_sf,high,every_5th_front_frame_starting_at_first
13356997604177841771_3360_000_3380_000_1557267377587261,15,13356997604177841771_3360_000_3380_000,1557267377587261,1,FRONT,5,2,1557267377587261.jpg,images/front/13356997604177841771_3360_000_3380_000/1557267377587261.jpg,1920,1280,49,15,32,2,Day,sunny,location_sf,high,every_5th_front_frame_starting_at_first
13356997604177841771_3360_000_3380_000_1557267378087469,15,13356997604177841771_3360_000_3380_000,1557267378087469,1,FRONT,10,3,1557267378087469.jpg,images/front/13356997604177841771_3360_000_3380_000/1557267378087469.jpg,1920,1280,48,14,32,2,Day,sunny,location_sf,high,every_5th_front_frame_starting_at_first
13356997604177841771_3360_000_3380_000_1557267378587691,15,13356997604177841771_3360_000_3380_000,1557267378587691,1,FRONT,15,4,1557267378587691.jpg,images/front/13356997604177841771_3360_000_3380_000/1557267378587691.jpg,1920,1280,48,15,31,2,Day,sunny,location_sf,high,every_5th_front_frame_starting_at_first
13356997604177841771_3360_000_3380_000_1557267379087718,15,13356997604177841771_3360_000_3380_000,1557267379087718,1,FRONT,20,5,1557267379087718.jpg,images/front/13356997604177841771_3360_000_3380_000/1557267379087718.jpg,1920,1280,45,15,28,2,Day,sunny,location_sf,high,every_5th_front_frame_starting_at_first
13356997604177841771_3360_000_3380_000_1557267379587481,15,13356997604177841771_3360_000_3380_000,1557267379587481,1,FRONT,25,6,1557267379587481.jpg,images/front/13356997604177841771_3360_000_3380_000/1557267379587481.jpg,1920,1280,48,20,26,2,Day,sunny,location_sf,high,every_5th_front_frame_starting_at_first
13356997604177841771_3360_000_3380_000_1557267380087192,15,13356997604177841771_3360_000_3380_000,1557267380087192,1,FRONT,30,7,1557267380087192.jpg,images/front/13356997604177841771_3360_000_3380_000/1557267380087192.jpg,1920,1280,52,24,26,2,Day,sunny,location_sf,high,every_5th_front_frame_starting_at_first
13356997604177841771_3360_000_3380_000_1557267380587205,15,13356997604177841771_3360_000_3380_000,1557267380587205,1,FRONT,35,8,1557267380587205.jpg,images/front/13356997604177841771_3360_000_3380_000/1557267380587205.jpg,1920,1280,50,24,24,2,Day,sunny,location_sf,high,every_5th_front_frame_starting_at_first
13356997604177841771_3360_000_3380_000_1557267381087363,15,13356997604177841771_3360_000_3380_000,1557267381087363,1,FRONT,40,9,1557267381087363.jpg,images/front/13356997604177841771_3360_000_3380_000/1557267381087363.jpg,1920,1280,52,25,25,2,Day,sunny,location_sf,high,every_5th_front_frame_starting_at_first
13356997604177841771_3360_000_3380_000_1557267381587525,15,13356997604177841771_3360_000_3380_000,1557267381587525,1,FRONT,45,10,1557267381587525.jpg,images/front/13356997604177841771_3360_000_3380_000/1557267381587525.jpg,1920,1280,50,24,24,2,Day,sunny,location_sf,high,every_5th_front_frame_starting_at_first
13356997604177841771_3360_000_3380_000_1557267382087526,15,13356997604177841771_3360_000_3380_000,1557267382087526,1,FRONT,50,11,1557267382087526.jpg,images/front/13356997604177841771_3360_000_3380_000/1557267382087526.jpg,1920,1280,49,26,21,2,Day,sunny,location_sf,high,every_5th_front_frame_starting_at_first
13356997604177841771_3360_000_3380_000_1557267382587584,15,13356997604177841771_3360_000_3380_000,1557267382587584,1,FRONT,55,12,1557267382587584.jpg,images/front/13356997604177841771_3360_000_3380_000/1557267382587584.jpg,1920,1280,48,26,20,2,Day,sunny,location_sf,high,every_5th_front_frame_starting_at_first
13356997604177841771_3360_000_3380_000_1557267383087635,15,13356997604177841771_3360_000_3380_000,1557267383087635,1,FRONT,60,13,1557267383087635.jpg,images/front/13356997604177841771_3360_000_3380_000/1557267383087635.jpg,1920,1280,47,24,21,2,Day,sunny,location_sf,high,every_5th_front_frame_starting_at_first
13356997604177841771_3360_000_3380_000_1557267383587568,15,13356997604177841771_3360_000_3380_000,1557267383587568,1,FRONT,65,14,1557267383587568.jpg,images/front/13356997604177841771_3360_000_3380_000/1557267383587568.jpg,1920,1280,45,25,19,1,Day,sunny,location_sf,high,every_5th_front_frame_starting_at_first
13356997604177841771_3360_000_3380_000_1557267384087486,15,13356997604177841771_3360_000_3380_000,1557267384087486,1,FRONT,70,15,1557267384087486.jpg,images/front/13356997604177841771_3360_000_3380_000/1557267384087486.jpg,1920,1280,44,24,19,1,Day,sunny,location_sf,high,every_5th_front_frame_starting_at_first
13356997604177841771_3360_000_3380_000_1557267384587702,15,13356997604177841771_3360_000_3380_000,1557267384587702,1,FRONT,75,16,1557267384587702.jpg,images/front/13356997604177841771_3360_000_3380_000/1557267384587702.jpg,1920,1280,42,23,18,1,Day,sunny,location_sf,high,every_5th_front_frame_starting_at_first
13356997604177841771_3360_000_3380_000_1557267385088046,15,13356997604177841771_3360_000_3380_000,1557267385088046,1,FRONT,80,17,1557267385088046.jpg,images/front/13356997604177841771_3360_000_3380_000/1557267385088046.jpg,1920,1280,38,23,14,1,Day,sunny,location_sf,high,every_5th_front_frame_starting_at_first
13356997604177841771_3360_000_3380_000_1557267385588459,15,13356997604177841771_3360_000_3380_000,1557267385588459,1,FRONT,85,18,1557267385588459.jpg,images/front/13356997604177841771_3360_000_3380_000/1557267385588459.jpg,1920,1280,39,25,13,1,Day,sunny,location_sf,high,every_5th_front_frame_starting_at_first
13356997604177841771_3360_000_3380_000_1557267386088565,15,13356997604177841771_3360_000_3380_000,1557267386088565,1,FRONT,90,19,1557267386088565.jpg,images/front/13356997604177841771_3360_000_3380_000/1557267386088565.jpg,1920,1280,45,29,15,1,Day,sunny,location_sf,high,every_5th_front_frame_starting_at_first
13356997604177841771_3360_000_3380_000_1557267386588510,15,13356997604177841771_3360_000_3380_000,1557267386588510,1,FRONT,95,20,1557267386588510.jpg,images/front/13356997604177841771_3360_000_3380_000/1557267386588510.jpg,1920,1280,50,30,19,1,Day,sunny,location_sf,high,every_5th_front_frame_starting_at_first
13356997604177841771_3360_000_3380_000_1557267387088421,15,13356997604177841771_3360_000_3380_000,1557267387088421,1,FRONT,100,21,1557267387088421.jpg,images/front/13356997604177841771_3360_000_3380_000/1557267387088421.jpg,1920,1280,41,24,16,1,Day,sunny,location_sf,high,every_5th_front_frame_starting_at_first
13356997604177841771_3360_000_3380_000_1557267387588378,15,13356997604177841771_3360_000_3380_000,1557267387588378,1,FRONT,105,22,1557267387588378.jpg,images/front/13356997604177841771_3360_000_3380_000/1557267387588378.jpg,1920,1280,39,27,11,1,Day,sunny,location_sf,high,every_5th_front_frame_starting_at_first
13356997604177841771_3360_000_3380_000_1557267388088357,15,13356997604177841771_3360_000_3380_000,1557267388088357,1,FRONT,110,23,1557267388088357.jpg,images/front/13356997604177841771_3360_000_3380_000/1557267388088357.jpg,1920,1280,42,30,11,1,Day,sunny,location_sf,high,every_5th_front_frame_starting_at_first
13356997604177841771_3360_000_3380_000_1557267388588540,15,13356997604177841771_3360_000_3380_000,1557267388588540,1,FRONT,115,24,1557267388588540.jpg,images/front/13356997604177841771_3360_000_3380_000/1557267388588540.jpg,1920,1280,43,31,11,1,Day,sunny,location_sf,high,every_5th_front_frame_starting_at_first
13356997604177841771_3360_000_3380_000_1557267389088584,15,13356997604177841771_3360_000_3380_000,1557267389088584,1,FRONT,120,25,1557267389088584.jpg,images/front/13356997604177841771_3360_000_3380_000/1557267389088584.jpg,1920,1280,39,28,10,1,Day,sunny,location_sf,high,every_5th_front_frame_starting_at_first
13356997604177841771_3360_000_3380_000_1557267389588330,15,13356997604177841771_3360_000_3380_000,1557267389588330,1,FRONT,125,26,1557267389588330.jpg,images/front/13356997604177841771_3360_000_3380_000/1557267389588330.jpg,1920,1280,43,32,10,1,Day,sunny,location_sf,high,every_5th_front_frame_starting_at_first
13356997604177841771_3360_000_3380_000_1557267390088052,15,13356997604177841771_3360_000_3380_000,1557267390088052,1,FRONT,130,27,1557267390088052.jpg,images/front/13356997604177841771_3360_000_3380_000/1557267390088052.jpg,1920,1280,42,28,13,1,Day,sunny,location_sf,high,every_5th_front_frame_starting_at_first
13356997604177841771_3360_000_3380_000_1557267390587932,15,13356997604177841771_3360_000_3380_000,1557267390587932,1,FRONT,135,28,1557267390587932.jpg,images/front/13356997604177841771_3360_000_3380_000/1557267390587932.jpg,1920,1280,46,34,11,1,Day,sunny,location_sf,high,every_5th_front_frame_starting_at_first
13356997604177841771_3360_000_3380_000_1557267391087785,15,13356997604177841771_3360_000_3380_000,1557267391087785,1,FRONT,140,29,1557267391087785.jpg,images/front/13356997604177841771_3360_000_3380_000/1557267391087785.jpg,1920,1280,40,32,7,1,Day,sunny,location_sf,high,every_5th_front_frame_starting_at_first
13356997604177841771_3360_000_3380_000_1557267391587678,15,13356997604177841771_3360_000_3380_000,1557267391587678,1,FRONT,145,30,1557267391587678.jpg,images/front/13356997604177841771_3360_000_3380_000/1557267391587678.jpg,1920,1280,41,35,5,1,Day,sunny,location_sf,high,every_5th_front_frame_starting_at_first
13356997604177841771_3360_000_3380_000_1557267392087628,15,13356997604177841771_3360_000_3380_000,1557267392087628,1,FRONT,150,31,1557267392087628.jpg,images/front/13356997604177841771_3360_000_3380_000/1557267392087628.jpg,1920,1280,35,31,3,1,Day,sunny,location_sf,high,every_5th_front_frame_starting_at_first
13356997604177841771_3360_000_3380_000_1557267392587594,15,13356997604177841771_3360_000_3380_000,1557267392587594,1,FRONT,155,32,1557267392587594.jpg,images/front/13356997604177841771_3360_000_3380_000/1557267392587594.jpg,1920,1280,36,33,2,1,Day,sunny,location_sf,high,every_5th_front_frame_starting_at_first
13356997604177841771_3360_000_3380_000_1557267393087606,15,13356997604177841771_3360_000_3380_000,1557267393087606,1,FRONT,160,33,1557267393087606.jpg,images/front/13356997604177841771_3360_000_3380_000/1557267393087606.jpg,1920,1280,33,30,2,1,Day,sunny,location_sf,high,every_5th_front_frame_starting_at_first
13356997604177841771_3360_000_3380_000_1557267393587645,15,13356997604177841771_3360_000_3380_000,1557267393587645,1,FRONT,165,34,1557267393587645.jpg,images/front/13356997604177841771_3360_000_3380_000/1557267393587645.jpg,1920,1280,30,27,2,1,Day,sunny,location_sf,high,every_5th_front_frame_starting_at_first
13356997604177841771_3360_000_3380_000_1557267394087559,15,13356997604177841771_3360_000_3380_000,1557267394087559,1,FRONT,170,35,1557267394087559.jpg,images/front/13356997604177841771_3360_000_3380_000/1557267394087559.jpg,1920,1280,24,21,2,1,Day,sunny,location_sf,high,every_5th_front_frame_starting_at_first
13356997604177841771_3360_000_3380_000_1557267394587557,15,13356997604177841771_3360_000_3380_000,1557267394587557,1,FRONT,175,36,1557267394587557.jpg,images/front/13356997604177841771_3360_000_3380_000/1557267394587557.jpg,1920,1280,33,30,2,1,Day,sunny,location_sf,high,every_5th_front_frame_starting_at_first
13356997604177841771_3360_000_3380_000_1557267395087510,15,13356997604177841771_3360_000_3380_000,1557267395087510,1,FRONT,180,37,1557267395087510.jpg,images/front/13356997604177841771_3360_000_3380_000/1557267395087510.jpg,1920,1280,33,30,2,1,Day,sunny,location_sf,high,every_5th_front_frame_starting_at_first
13356997604177841771_3360_000_3380_000_1557267395587309,15,13356997604177841771_3360_000_3380_000,1557267395587309,1,FRONT,185,38,1557267395587309.jpg,images/front/13356997604177841771_3360_000_3380_000/1557267395587309.jpg,1920,1280,28,26,1,1,Day,sunny,location_sf,high,every_5th_front_frame_starting_at_first
13356997604177841771_3360_000_3380_000_1557267396087321,15,13356997604177841771_3360_000_3380_000,1557267396087321,1,FRONT,190,39,1557267396087321.jpg,images/front/13356997604177841771_3360_000_3380_000/1557267396087321.jpg,1920,1280,27,25,1,1,Day,sunny,location_sf,high,every_5th_front_frame_starting_at_first
13356997604177841771_3360_000_3380_000_1557267396587372,15,13356997604177841771_3360_000_3380_000,1557267396587372,1,FRONT,195,40,1557267396587372.jpg,images/front/13356997604177841771_3360_000_3380_000/1557267396587372.jpg,1920,1280,12,10,1,1,Day,sunny,location_sf,high,every_5th_front_frame_starting_at_first
30779396576054160_1880_000_1900_000_1557845072664263,16,30779396576054160_1880_000_1900_000,1557845072664263,1,FRONT,0,1,1557845072664263.jpg,images/front/30779396576054160_1880_000_1900_000/1557845072664263.jpg,1920,1280,34,19,14,1,Day,sunny,location_sf,high,every_5th_front_frame_starting_at_first
30779396576054160_1880_000_1900_000_1557845073164288,16,30779396576054160_1880_000_1900_000,1557845073164288,1,FRONT,5,2,1557845073164288.jpg,images/front/30779396576054160_1880_000_1900_000/1557845073164288.jpg,1920,1280,34,19,14,1,Day,sunny,location_sf,high,every_5th_front_frame_starting_at_first
30779396576054160_1880_000_1900_000_1557845073664294,16,30779396576054160_1880_000_1900_000,1557845073664294,1,FRONT,10,3,1557845073664294.jpg,images/front/30779396576054160_1880_000_1900_000/1557845073664294.jpg,1920,1280,36,19,16,1,Day,sunny,location_sf,high,every_5th_front_frame_starting_at_first
30779396576054160_1880_000_1900_000_1557845074164295,16,30779396576054160_1880_000_1900_000,1557845074164295,1,FRONT,15,4,1557845074164295.jpg,images/front/30779396576054160_1880_000_1900_000/1557845074164295.jpg,1920,1280,39,19,19,1,Day,sunny,location_sf,high,every_5th_front_frame_starting_at_first
30779396576054160_1880_000_1900_000_1557845074664280,16,30779396576054160_1880_000_1900_000,1557845074664280,1,FRONT,20,5,1557845074664280.jpg,images/front/30779396576054160_1880_000_1900_000/1557845074664280.jpg,1920,1280,40,19,20,1,Day,sunny,location_sf,high,every_5th_front_frame_starting_at_first
30779396576054160_1880_000_1900_000_1557845075164283,16,30779396576054160_1880_000_1900_000,1557845075164283,1,FRONT,25,6,1557845075164283.jpg,images/front/30779396576054160_1880_000_1900_000/1557845075164283.jpg,1920,1280,41,19,21,1,Day,sunny,location_sf,high,every_5th_front_frame_starting_at_first
30779396576054160_1880_000_1900_000_1557845075664314,16,30779396576054160_1880_000_1900_000,1557845075664314,1,FRONT,30,7,1557845075664314.jpg,images/front/30779396576054160_1880_000_1900_000/1557845075664314.jpg,1920,1280,40,19,20,1,Day,sunny,location_sf,high,every_5th_front_frame_starting_at_first
30779396576054160_1880_000_1900_000_1557845076164361,16,30779396576054160_1880_000_1900_000,1557845076164361,1,FRONT,35,8,1557845076164361.jpg,images/front/30779396576054160_1880_000_1900_000/1557845076164361.jpg,1920,1280,42,19,22,1,Day,sunny,location_sf,high,every_5th_front_frame_starting_at_first
30779396576054160_1880_000_1900_000_1557845076664327,16,30779396576054160_1880_000_1900_000,1557845076664327,1,FRONT,40,9,1557845076664327.jpg,images/front/30779396576054160_1880_000_1900_000/1557845076664327.jpg,1920,1280,43,19,23,1,Day,sunny,location_sf,high,every_5th_front_frame_starting_at_first
30779396576054160_1880_000_1900_000_1557845077164332,16,30779396576054160_1880_000_1900_000,1557845077164332,1,FRONT,45,10,1557845077164332.jpg,images/front/30779396576054160_1880_000_1900_000/1557845077164332.jpg,1920,1280,43,19,23,1,Day,sunny,location_sf,high,every_5th_front_frame_starting_at_first
30779396576054160_1880_000_1900_000_1557845077664355,16,30779396576054160_1880_000_1900_000,1557845077664355,1,FRONT,50,11,1557845077664355.jpg,images/front/30779396576054160_1880_000_1900_000/1557845077664355.jpg,1920,1280,41,18,22,1,Day,sunny,location_sf,high,every_5th_front_frame_starting_at_first
30779396576054160_1880_000_1900_000_1557845078164309,16,30779396576054160_1880_000_1900_000,1557845078164309,1,FRONT,55,12,1557845078164309.jpg,images/front/30779396576054160_1880_000_1900_000/1557845078164309.jpg,1920,1280,43,18,24,1,Day,sunny,location_sf,high,every_5th_front_frame_starting_at_first
30779396576054160_1880_000_1900_000_1557845078664302,16,30779396576054160_1880_000_1900_000,1557845078664302,1,FRONT,60,13,1557845078664302.jpg,images/front/30779396576054160_1880_000_1900_000/1557845078664302.jpg,1920,1280,46,19,26,1,Day,sunny,location_sf,high,every_5th_front_frame_starting_at_first
30779396576054160_1880_000_1900_000_1557845079164322,16,30779396576054160_1880_000_1900_000,1557845079164322,1,FRONT,65,14,1557845079164322.jpg,images/front/30779396576054160_1880_000_1900_000/1557845079164322.jpg,1920,1280,46,19,26,1,Day,sunny,location_sf,high,every_5th_front_frame_starting_at_first
30779396576054160_1880_000_1900_000_1557845079664314,16,30779396576054160_1880_000_1900_000,1557845079664314,1,FRONT,70,15,1557845079664314.jpg,images/front/30779396576054160_1880_000_1900_000/1557845079664314.jpg,1920,1280,46,19,26,1,Day,sunny,location_sf,high,every_5th_front_frame_starting_at_first
30779396576054160_1880_000_1900_000_1557845080164307,16,30779396576054160_1880_000_1900_000,1557845080164307,1,FRONT,75,16,1557845080164307.jpg,images/front/30779396576054160_1880_000_1900_000/1557845080164307.jpg,1920,1280,46,19,26,1,Day,sunny,location_sf,high,every_5th_front_frame_starting_at_first
30779396576054160_1880_000_1900_000_1557845080664363,16,30779396576054160_1880_000_1900_000,1557845080664363,1,FRONT,80,17,1557845080664363.jpg,images/front/30779396576054160_1880_000_1900_000/1557845080664363.jpg,1920,1280,47,19,27,1,Day,sunny,location_sf,high,every_5th_front_frame_starting_at_first
30779396576054160_1880_000_1900_000_1557845081164383,16,30779396576054160_1880_000_1900_000,1557845081164383,1,FRONT,85,18,1557845081164383.jpg,images/front/30779396576054160_1880_000_1900_000/1557845081164383.jpg,1920,1280,45,19,25,1,Day,sunny,location_sf,high,every_5th_front_frame_starting_at_first
30779396576054160_1880_000_1900_000_1557845081664397,16,30779396576054160_1880_000_1900_000,1557845081664397,1,FRONT,90,19,1557845081664397.jpg,images/front/30779396576054160_1880_000_1900_000/1557845081664397.jpg,1920,1280,46,19,26,1,Day,sunny,location_sf,high,every_5th_front_frame_starting_at_first
30779396576054160_1880_000_1900_000_1557845082164337,16,30779396576054160_1880_000_1900_000,1557845082164337,1,FRONT,95,20,1557845082164337.jpg,images/front/30779396576054160_1880_000_1900_000/1557845082164337.jpg,1920,1280,48,21,26,1,Day,sunny,location_sf,high,every_5th_front_frame_starting_at_first
30779396576054160_1880_000_1900_000_1557845082664245,16,30779396576054160_1880_000_1900_000,1557845082664245,1,FRONT,100,21,1557845082664245.jpg,images/front/30779396576054160_1880_000_1900_000/1557845082664245.jpg,1920,1280,48,22,25,1,Day,sunny,location_sf,high,every_5th_front_frame_starting_at_first
30779396576054160_1880_000_1900_000_1557845083164333,16,30779396576054160_1880_000_1900_000,1557845083164333,1,FRONT,105,22,1557845083164333.jpg,images/front/30779396576054160_1880_000_1900_000/1557845083164333.jpg,1920,1280,47,22,24,1,Day,sunny,location_sf,high,every_5th_front_frame_starting_at_first
30779396576054160_1880_000_1900_000_1557845083664337,16,30779396576054160_1880_000_1900_000,1557845083664337,1,FRONT,110,23,1557845083664337.jpg,images/front/30779396576054160_1880_000_1900_000/1557845083664337.jpg,1920,1280,45,21,23,1,Day,sunny,location_sf,high,every_5th_front_frame_starting_at_first
30779396576054160_1880_000_1900_000_1557845084164315,16,30779396576054160_1880_000_1900_000,1557845084164315,1,FRONT,115,24,1557845084164315.jpg,images/front/30779396576054160_1880_000_1900_000/1557845084164315.jpg,1920,1280,46,21,24,1,Day,sunny,location_sf,high,every_5th_front_frame_starting_at_first
30779396576054160_1880_000_1900_000_1557845084664255,16,30779396576054160_1880_000_1900_000,1557845084664255,1,FRONT,120,25,1557845084664255.jpg,images/front/30779396576054160_1880_000_1900_000/1557845084664255.jpg,1920,1280,47,23,23,1,Day,sunny,location_sf,high,every_5th_front_frame_starting_at_first
30779396576054160_1880_000_1900_000_1557845085164268,16,30779396576054160_1880_000_1900_000,1557845085164268,1,FRONT,125,26,1557845085164268.jpg,images/front/30779396576054160_1880_000_1900_000/1557845085164268.jpg,1920,1280,47,22,24,1,Day,sunny,location_sf,high,every_5th_front_frame_starting_at_first
30779396576054160_1880_000_1900_000_1557845085664313,16,30779396576054160_1880_000_1900_000,1557845085664313,1,FRONT,130,27,1557845085664313.jpg,images/front/30779396576054160_1880_000_1900_000/1557845085664313.jpg,1920,1280,48,22,25,1,Day,sunny,location_sf,high,every_5th_front_frame_starting_at_first
30779396576054160_1880_000_1900_000_1557845086164277,16,30779396576054160_1880_000_1900_000,1557845086164277,1,FRONT,135,28,1557845086164277.jpg,images/front/30779396576054160_1880_000_1900_000/1557845086164277.jpg,1920,1280,46,20,25,1,Day,sunny,location_sf,high,every_5th_front_frame_starting_at_first
30779396576054160_1880_000_1900_000_1557845086664263,16,30779396576054160_1880_000_1900_000,1557845086664263,1,FRONT,140,29,1557845086664263.jpg,images/front/30779396576054160_1880_000_1900_000/1557845086664263.jpg,1920,1280,46,20,25,1,Day,sunny,location_sf,high,every_5th_front_frame_starting_at_first
30779396576054160_1880_000_1900_000_1557845087164294,16,30779396576054160_1880_000_1900_000,1557845087164294,1,FRONT,145,30,1557845087164294.jpg,images/front/30779396576054160_1880_000_1900_000/1557845087164294.jpg,1920,1280,48,20,27,1,Day,sunny,location_sf,high,every_5th_front_frame_starting_at_first
30779396576054160_1880_000_1900_000_1557845087664279,16,30779396576054160_1880_000_1900_000,1557845087664279,1,FRONT,150,31,1557845087664279.jpg,images/front/30779396576054160_1880_000_1900_000/1557845087664279.jpg,1920,1280,48,21,26,1,Day,sunny,location_sf,high,every_5th_front_frame_starting_at_first
30779396576054160_1880_000_1900_000_1557845088164321,16,30779396576054160_1880_000_1900_000,1557845088164321,1,FRONT,155,32,1557845088164321.jpg,images/front/30779396576054160_1880_000_1900_000/1557845088164321.jpg,1920,1280,51,22,28,1,Day,sunny,location_sf,high,every_5th_front_frame_starting_at_first
30779396576054160_1880_000_1900_000_1557845088664320,16,30779396576054160_1880_000_1900_000,1557845088664320,1,FRONT,160,33,1557845088664320.jpg,images/front/30779396576054160_1880_000_1900_000/1557845088664320.jpg,1920,1280,51,22,28,1,Day,sunny,location_sf,high,every_5th_front_frame_starting_at_first
30779396576054160_1880_000_1900_000_1557845089164320,16,30779396576054160_1880_000_1900_000,1557845089164320,1,FRONT,165,34,1557845089164320.jpg,images/front/30779396576054160_1880_000_1900_000/1557845089164320.jpg,1920,1280,50,21,28,1,Day,sunny,location_sf,high,every_5th_front_frame_starting_at_first
30779396576054160_1880_000_1900_000_1557845089664250,16,30779396576054160_1880_000_1900_000,1557845089664250,1,FRONT,170,35,1557845089664250.jpg,images/front/30779396576054160_1880_000_1900_000/1557845089664250.jpg,1920,1280,51,22,28,1,Day,sunny,location_sf,high,every_5th_front_frame_starting_at_first
30779396576054160_1880_000_1900_000_1557845090164314,16,30779396576054160_1880_000_1900_000,1557845090164314,1,FRONT,175,36,1557845090164314.jpg,images/front/30779396576054160_1880_000_1900_000/1557845090164314.jpg,1920,1280,51,23,27,1,Day,sunny,location_sf,high,every_5th_front_frame_starting_at_first
30779396576054160_1880_000_1900_000_1557845090664325,16,30779396576054160_1880_000_1900_000,1557845090664325,1,FRONT,180,37,1557845090664325.jpg,images/front/30779396576054160_1880_000_1900_000/1557845090664325.jpg,1920,1280,53,23,29,1,Day,sunny,location_sf,high,every_5th_front_frame_starting_at_first
30779396576054160_1880_000_1900_000_1557845091164358,16,30779396576054160_1880_000_1900_000,1557845091164358,1,FRONT,185,38,1557845091164358.jpg,images/front/30779396576054160_1880_000_1900_000/1557845091164358.jpg,1920,1280,51,23,27,1,Day,sunny,location_sf,high,every_5th_front_frame_starting_at_first
30779396576054160_1880_000_1900_000_1557845091664362,16,30779396576054160_1880_000_1900_000,1557845091664362,1,FRONT,190,39,1557845091664362.jpg,images/front/30779396576054160_1880_000_1900_000/1557845091664362.jpg,1920,1280,52,22,29,1,Day,sunny,location_sf,high,every_5th_front_frame_starting_at_first
30779396576054160_1880_000_1900_000_1557845092164331,16,30779396576054160_1880_000_1900_000,1557845092164331,1,FRONT,195,40,1557845092164331.jpg,images/front/30779396576054160_1880_000_1900_000/1557845092164331.jpg,1920,1280,52,22,29,1,Day,sunny,location_sf,high,every_5th_front_frame_starting_at_first
3577352947946244999_3980_000_4000_000_1557847172597388,17,3577352947946244999_3980_000_4000_000,1557847172597388,1,FRONT,0,1,1557847172597388.jpg,images/front/3577352947946244999_3980_000_4000_000/1557847172597388.jpg,1920,1280,44,15,28,1,Day,sunny,location_sf,high,every_5th_front_frame_starting_at_first
3577352947946244999_3980_000_4000_000_1557847173097422,17,3577352947946244999_3980_000_4000_000,1557847173097422,1,FRONT,5,2,1557847173097422.jpg,images/front/3577352947946244999_3980_000_4000_000/1557847173097422.jpg,1920,1280,44,15,28,1,Day,sunny,location_sf,high,every_5th_front_frame_starting_at_first
3577352947946244999_3980_000_4000_000_1557847173597426,17,3577352947946244999_3980_000_4000_000,1557847173597426,1,FRONT,10,3,1557847173597426.jpg,images/front/3577352947946244999_3980_000_4000_000/1557847173597426.jpg,1920,1280,42,15,26,1,Day,sunny,location_sf,high,every_5th_front_frame_starting_at_first
3577352947946244999_3980_000_4000_000_1557847174097401,17,3577352947946244999_3980_000_4000_000,1557847174097401,1,FRONT,15,4,1557847174097401.jpg,images/front/3577352947946244999_3980_000_4000_000/1557847174097401.jpg,1920,1280,39,13,25,1,Day,sunny,location_sf,high,every_5th_front_frame_starting_at_first
3577352947946244999_3980_000_4000_000_1557847174597419,17,3577352947946244999_3980_000_4000_000,1557847174597419,1,FRONT,20,5,1557847174597419.jpg,images/front/3577352947946244999_3980_000_4000_000/1557847174597419.jpg,1920,1280,38,13,24,1,Day,sunny,location_sf,high,every_5th_front_frame_starting_at_first
3577352947946244999_3980_000_4000_000_1557847175097426,17,3577352947946244999_3980_000_4000_000,1557847175097426,1,FRONT,25,6,1557847175097426.jpg,images/front/3577352947946244999_3980_000_4000_000/1557847175097426.jpg,1920,1280,35,13,21,1,Day,sunny,location_sf,high,every_5th_front_frame_starting_at_first
3577352947946244999_3980_000_4000_000_1557847175597389,17,3577352947946244999_3980_000_4000_000,1557847175597389,1,FRONT,30,7,1557847175597389.jpg,images/front/3577352947946244999_3980_000_4000_000/1557847175597389.jpg,1920,1280,35,13,21,1,Day,sunny,location_sf,high,every_5th_front_frame_starting_at_first
3577352947946244999_3980_000_4000_000_1557847176097365,17,3577352947946244999_3980_000_4000_000,1557847176097365,1,FRONT,35,8,1557847176097365.jpg,images/front/3577352947946244999_3980_000_4000_000/1557847176097365.jpg,1920,1280,39,14,24,1,Day,sunny,location_sf,high,every_5th_front_frame_starting_at_first
3577352947946244999_3980_000_4000_000_1557847176597399,17,3577352947946244999_3980_000_4000_000,1557847176597399,1,FRONT,40,9,1557847176597399.jpg,images/front/3577352947946244999_3980_000_4000_000/1557847176597399.jpg,1920,1280,37,14,22,1,Day,sunny,location_sf,high,every_5th_front_frame_starting_at_first
3577352947946244999_3980_000_4000_000_1557847177097488,17,3577352947946244999_3980_000_4000_000,1557847177097488,1,FRONT,45,10,1557847177097488.jpg,images/front/3577352947946244999_3980_000_4000_000/1557847177097488.jpg,1920,1280,37,16,20,1,Day,sunny,location_sf,high,every_5th_front_frame_starting_at_first
3577352947946244999_3980_000_4000_000_1557847177597529,17,3577352947946244999_3980_000_4000_000,1557847177597529,1,FRONT,50,11,1557847177597529.jpg,images/front/3577352947946244999_3980_000_4000_000/1557847177597529.jpg,1920,1280,39,16,22,1,Day,sunny,location_sf,high,every_5th_front_frame_starting_at_first
3577352947946244999_3980_000_4000_000_1557847178097471,17,3577352947946244999_3980_000_4000_000,1557847178097471,1,FRONT,55,12,1557847178097471.jpg,images/front/3577352947946244999_3980_000_4000_000/1557847178097471.jpg,1920,1280,39,15,23,1,Day,sunny,location_sf,high,every_5th_front_frame_starting_at_first
3577352947946244999_3980_000_4000_000_1557847178597285,17,3577352947946244999_3980_000_4000_000,1557847178597285,1,FRONT,60,13,1557847178597285.jpg,images/front/3577352947946244999_3980_000_4000_000/1557847178597285.jpg,1920,1280,40,16,23,1,Day,sunny,location_sf,high,every_5th_front_frame_starting_at_first
3577352947946244999_3980_000_4000_000_1557847179097224,17,3577352947946244999_3980_000_4000_000,1557847179097224,1,FRONT,65,14,1557847179097224.jpg,images/front/3577352947946244999_3980_000_4000_000/1557847179097224.jpg,1920,1280,42,17,24,1,Day,sunny,location_sf,high,every_5th_front_frame_starting_at_first
3577352947946244999_3980_000_4000_000_1557847179597308,17,3577352947946244999_3980_000_4000_000,1557847179597308,1,FRONT,70,15,1557847179597308.jpg,images/front/3577352947946244999_3980_000_4000_000/1557847179597308.jpg,1920,1280,43,18,24,1,Day,sunny,location_sf,high,every_5th_front_frame_starting_at_first
3577352947946244999_3980_000_4000_000_1557847180097380,17,3577352947946244999_3980_000_4000_000,1557847180097380,1,FRONT,75,16,1557847180097380.jpg,images/front/3577352947946244999_3980_000_4000_000/1557847180097380.jpg,1920,1280,40,17,23,0,Day,sunny,location_sf,high,every_5th_front_frame_starting_at_first
3577352947946244999_3980_000_4000_000_1557847180597425,17,3577352947946244999_3980_000_4000_000,1557847180597425,1,FRONT,80,17,1557847180597425.jpg,images/front/3577352947946244999_3980_000_4000_000/1557847180597425.jpg,1920,1280,39,16,23,0,Day,sunny,location_sf,high,every_5th_front_frame_starting_at_first
3577352947946244999_3980_000_4000_000_1557847181097330,17,3577352947946244999_3980_000_4000_000,1557847181097330,1,FRONT,85,18,1557847181097330.jpg,images/front/3577352947946244999_3980_000_4000_000/1557847181097330.jpg,1920,1280,40,16,24,0,Day,sunny,location_sf,high,every_5th_front_frame_starting_at_first
3577352947946244999_3980_000_4000_000_1557847181597369,17,3577352947946244999_3980_000_4000_000,1557847181597369,1,FRONT,90,19,1557847181597369.jpg,images/front/3577352947946244999_3980_000_4000_000/1557847181597369.jpg,1920,1280,41,17,24,0,Day,sunny,location_sf,high,every_5th_front_frame_starting_at_first
3577352947946244999_3980_000_4000_000_1557847182097396,17,3577352947946244999_3980_000_4000_000,1557847182097396,1,FRONT,95,20,1557847182097396.jpg,images/front/3577352947946244999_3980_000_4000_000/1557847182097396.jpg,1920,1280,43,18,25,0,Day,sunny,location_sf,high,every_5th_front_frame_starting_at_first
3577352947946244999_3980_000_4000_000_1557847182597364,17,3577352947946244999_3980_000_4000_000,1557847182597364,1,FRONT,100,21,1557847182597364.jpg,images/front/3577352947946244999_3980_000_4000_000/1557847182597364.jpg,1920,1280,41,17,24,0,Day,sunny,location_sf,high,every_5th_front_frame_starting_at_first
3577352947946244999_3980_000_4000_000_1557847183097368,17,3577352947946244999_3980_000_4000_000,1557847183097368,1,FRONT,105,22,1557847183097368.jpg,images/front/3577352947946244999_3980_000_4000_000/1557847183097368.jpg,1920,1280,39,18,21,0,Day,sunny,location_sf,high,every_5th_front_frame_starting_at_first
3577352947946244999_3980_000_4000_000_1557847183597392,17,3577352947946244999_3980_000_4000_000,1557847183597392,1,FRONT,110,23,1557847183597392.jpg,images/front/3577352947946244999_3980_000_4000_000/1557847183597392.jpg,1920,1280,34,17,17,0,Day,sunny,location_sf,high,every_5th_front_frame_starting_at_first
3577352947946244999_3980_000_4000_000_1557847184097476,17,3577352947946244999_3980_000_4000_000,1557847184097476,1,FRONT,115,24,1557847184097476.jpg,images/front/3577352947946244999_3980_000_4000_000/1557847184097476.jpg,1920,1280,40,16,24,0,Day,sunny,location_sf,high,every_5th_front_frame_starting_at_first
3577352947946244999_3980_000_4000_000_1557847184597476,17,3577352947946244999_3980_000_4000_000,1557847184597476,1,FRONT,120,25,1557847184597476.jpg,images/front/3577352947946244999_3980_000_4000_000/1557847184597476.jpg,1920,1280,36,15,21,0,Day,sunny,location_sf,high,every_5th_front_frame_starting_at_first
3577352947946244999_3980_000_4000_000_1557847185097367,17,3577352947946244999_3980_000_4000_000,1557847185097367,1,FRONT,125,26,1557847185097367.jpg,images/front/3577352947946244999_3980_000_4000_000/1557847185097367.jpg,1920,1280,39,17,21,1,Day,sunny,location_sf,high,every_5th_front_frame_starting_at_first
3577352947946244999_3980_000_4000_000_1557847185597336,17,3577352947946244999_3980_000_4000_000,1557847185597336,1,FRONT,130,27,1557847185597336.jpg,images/front/3577352947946244999_3980_000_4000_000/1557847185597336.jpg,1920,1280,38,17,20,1,Day,sunny,location_sf,high,every_5th_front_frame_starting_at_first
3577352947946244999_3980_000_4000_000_1557847186097351,17,3577352947946244999_3980_000_4000_000,1557847186097351,1,FRONT,135,28,1557847186097351.jpg,images/front/3577352947946244999_3980_000_4000_000/1557847186097351.jpg,1920,1280,35,17,17,1,Day,sunny,location_sf,high,every_5th_front_frame_starting_at_first
3577352947946244999_3980_000_4000_000_1557847186597367,17,3577352947946244999_3980_000_4000_000,1557847186597367,1,FRONT,140,29,1557847186597367.jpg,images/front/3577352947946244999_3980_000_4000_000/1557847186597367.jpg,1920,1280,36,17,19,0,Day,sunny,location_sf,high,every_5th_front_frame_starting_at_first
3577352947946244999_3980_000_4000_000_1557847187097363,17,3577352947946244999_3980_000_4000_000,1557847187097363,1,FRONT,145,30,1557847187097363.jpg,images/front/3577352947946244999_3980_000_4000_000/1557847187097363.jpg,1920,1280,35,16,18,1,Day,sunny,location_sf,high,every_5th_front_frame_starting_at_first
3577352947946244999_3980_000_4000_000_1557847187597379,17,3577352947946244999_3980_000_4000_000,1557847187597379,1,FRONT,150,31,1557847187597379.jpg,images/front/3577352947946244999_3980_000_4000_000/1557847187597379.jpg,1920,1280,38,18,19,1,Day,sunny,location_sf,high,every_5th_front_frame_starting_at_first
3577352947946244999_3980_000_4000_000_1557847188097381,17,3577352947946244999_3980_000_4000_000,1557847188097381,1,FRONT,155,32,1557847188097381.jpg,images/front/3577352947946244999_3980_000_4000_000/1557847188097381.jpg,1920,1280,37,17,19,1,Day,sunny,location_sf,high,every_5th_front_frame_starting_at_first
3577352947946244999_3980_000_4000_000_1557847188597385,17,3577352947946244999_3980_000_4000_000,1557847188597385,1,FRONT,160,33,1557847188597385.jpg,images/front/3577352947946244999_3980_000_4000_000/1557847188597385.jpg,1920,1280,37,17,19,1,Day,sunny,location_sf,high,every_5th_front_frame_starting_at_first
3577352947946244999_3980_000_4000_000_1557847189097393,17,3577352947946244999_3980_000_4000_000,1557847189097393,1,FRONT,165,34,1557847189097393.jpg,images/front/3577352947946244999_3980_000_4000_000/1557847189097393.jpg,1920,1280,31,17,13,1,Day,sunny,location_sf,high,every_5th_front_frame_starting_at_first
3577352947946244999_3980_000_4000_000_1557847189597399,17,3577352947946244999_3980_000_4000_000,1557847189597399,1,FRONT,170,35,1557847189597399.jpg,images/front/3577352947946244999_3980_000_4000_000/1557847189597399.jpg,1920,1280,31,16,14,1,Day,sunny,location_sf,high,every_5th_front_frame_starting_at_first
3577352947946244999_3980_000_4000_000_1557847190097397,17,3577352947946244999_3980_000_4000_000,1557847190097397,1,FRONT,175,36,1557847190097397.jpg,images/front/3577352947946244999_3980_000_4000_000/1557847190097397.jpg,1920,1280,27,14,13,0,Day,sunny,location_sf,high,every_5th_front_frame_starting_at_first
3577352947946244999_3980_000_4000_000_1557847190597337,17,3577352947946244999_3980_000_4000_000,1557847190597337,1,FRONT,180,37,1557847190597337.jpg,images/front/3577352947946244999_3980_000_4000_000/1557847190597337.jpg,1920,1280,21,11,10,0,Day,sunny,location_sf,high,every_5th_front_frame_starting_at_first
3577352947946244999_3980_000_4000_000_1557847191097333,17,3577352947946244999_3980_000_4000_000,1557847191097333,1,FRONT,185,38,1557847191097333.jpg,images/front/3577352947946244999_3980_000_4000_000/1557847191097333.jpg,1920,1280,23,9,14,0,Day,sunny,location_sf,high,every_5th_front_frame_starting_at_first
3577352947946244999_3980_000_4000_000_1557847191597394,17,3577352947946244999_3980_000_4000_000,1557847191597394,1,FRONT,190,39,1557847191597394.jpg,images/front/3577352947946244999_3980_000_4000_000/1557847191597394.jpg,1920,1280,28,10,18,0,Day,sunny,location_sf,high,every_5th_front_frame_starting_at_first
3577352947946244999_3980_000_4000_000_1557847192097398,17,3577352947946244999_3980_000_4000_000,1557847192097398,1,FRONT,195,40,1557847192097398.jpg,images/front/3577352947946244999_3980_000_4000_000/1557847192097398.jpg,1920,1280,31,11,20,0,Day,sunny,location_sf,high,every_5th_front_frame_starting_at_first
4690718861228194910_1980_000_2000_000_1552693970249035,18,4690718861228194910_1980_000_2000_000,1552693970249035,1,FRONT,0,1,1552693970249035.jpg,images/front/4690718861228194910_1980_000_2000_000/1552693970249035.jpg,1920,1280,33,32,1,0,Day,sunny,location_sf,high,every_5th_front_frame_starting_at_first
4690718861228194910_1980_000_2000_000_1552693970749078,18,4690718861228194910_1980_000_2000_000,1552693970749078,1,FRONT,5,2,1552693970749078.jpg,images/front/4690718861228194910_1980_000_2000_000/1552693970749078.jpg,1920,1280,13,13,0,0,Day,sunny,location_sf,high,every_5th_front_frame_starting_at_first
4690718861228194910_1980_000_2000_000_1552693971249181,18,4690718861228194910_1980_000_2000_000,1552693971249181,1,FRONT,10,3,1552693971249181.jpg,images/front/4690718861228194910_1980_000_2000_000/1552693971249181.jpg,1920,1280,3,3,0,0,Day,sunny,location_sf,high,every_5th_front_frame_starting_at_first
4690718861228194910_1980_000_2000_000_1552693971749291,18,4690718861228194910_1980_000_2000_000,1552693971749291,1,FRONT,15,4,1552693971749291.jpg,images/front/4690718861228194910_1980_000_2000_000/1552693971749291.jpg,1920,1280,6,4,2,0,Day,sunny,location_sf,high,every_5th_front_frame_starting_at_first
4690718861228194910_1980_000_2000_000_1552693972249331,18,4690718861228194910_1980_000_2000_000,1552693972249331,1,FRONT,20,5,1552693972249331.jpg,images/front/4690718861228194910_1980_000_2000_000/1552693972249331.jpg,1920,1280,32,30,2,0,Day,sunny,location_sf,high,every_5th_front_frame_starting_at_first
4690718861228194910_1980_000_2000_000_1552693972749396,18,4690718861228194910_1980_000_2000_000,1552693972749396,1,FRONT,25,6,1552693972749396.jpg,images/front/4690718861228194910_1980_000_2000_000/1552693972749396.jpg,1920,1280,40,38,2,0,Day,sunny,location_sf,high,every_5th_front_frame_starting_at_first
4690718861228194910_1980_000_2000_000_1552693973249349,18,4690718861228194910_1980_000_2000_000,1552693973249349,1,FRONT,30,7,1552693973249349.jpg,images/front/4690718861228194910_1980_000_2000_000/1552693973249349.jpg,1920,1280,40,38,2,0,Day,sunny,location_sf,high,every_5th_front_frame_starting_at_first
4690718861228194910_1980_000_2000_000_1552693973749276,18,4690718861228194910_1980_000_2000_000,1552693973749276,1,FRONT,35,8,1552693973749276.jpg,images/front/4690718861228194910_1980_000_2000_000/1552693973749276.jpg,1920,1280,40,37,3,0,Day,sunny,location_sf,high,every_5th_front_frame_starting_at_first
4690718861228194910_1980_000_2000_000_1552693974249248,18,4690718861228194910_1980_000_2000_000,1552693974249248,1,FRONT,40,9,1552693974249248.jpg,images/front/4690718861228194910_1980_000_2000_000/1552693974249248.jpg,1920,1280,40,37,3,0,Day,sunny,location_sf,high,every_5th_front_frame_starting_at_first
4690718861228194910_1980_000_2000_000_1552693974749318,18,4690718861228194910_1980_000_2000_000,1552693974749318,1,FRONT,45,10,1552693974749318.jpg,images/front/4690718861228194910_1980_000_2000_000/1552693974749318.jpg,1920,1280,39,36,3,0,Day,sunny,location_sf,high,every_5th_front_frame_starting_at_first
4690718861228194910_1980_000_2000_000_1552693975249396,18,4690718861228194910_1980_000_2000_000,1552693975249396,1,FRONT,50,11,1552693975249396.jpg,images/front/4690718861228194910_1980_000_2000_000/1552693975249396.jpg,1920,1280,41,37,4,0,Day,sunny,location_sf,high,every_5th_front_frame_starting_at_first
4690718861228194910_1980_000_2000_000_1552693975749475,18,4690718861228194910_1980_000_2000_000,1552693975749475,1,FRONT,55,12,1552693975749475.jpg,images/front/4690718861228194910_1980_000_2000_000/1552693975749475.jpg,1920,1280,36,33,3,0,Day,sunny,location_sf,high,every_5th_front_frame_starting_at_first
4690718861228194910_1980_000_2000_000_1552693976249498,18,4690718861228194910_1980_000_2000_000,1552693976249498,1,FRONT,60,13,1552693976249498.jpg,images/front/4690718861228194910_1980_000_2000_000/1552693976249498.jpg,1920,1280,38,34,4,0,Day,sunny,location_sf,high,every_5th_front_frame_starting_at_first
4690718861228194910_1980_000_2000_000_1552693976749413,18,4690718861228194910_1980_000_2000_000,1552693976749413,1,FRONT,65,14,1552693976749413.jpg,images/front/4690718861228194910_1980_000_2000_000/1552693976749413.jpg,1920,1280,41,36,5,0,Day,sunny,location_sf,high,every_5th_front_frame_starting_at_first
4690718861228194910_1980_000_2000_000_1552693977249334,18,4690718861228194910_1980_000_2000_000,1552693977249334,1,FRONT,70,15,1552693977249334.jpg,images/front/4690718861228194910_1980_000_2000_000/1552693977249334.jpg,1920,1280,39,34,5,0,Day,sunny,location_sf,high,every_5th_front_frame_starting_at_first
4690718861228194910_1980_000_2000_000_1552693977749292,18,4690718861228194910_1980_000_2000_000,1552693977749292,1,FRONT,75,16,1552693977749292.jpg,images/front/4690718861228194910_1980_000_2000_000/1552693977749292.jpg,1920,1280,41,36,5,0,Day,sunny,location_sf,high,every_5th_front_frame_starting_at_first
4690718861228194910_1980_000_2000_000_1552693978249305,18,4690718861228194910_1980_000_2000_000,1552693978249305,1,FRONT,80,17,1552693978249305.jpg,images/front/4690718861228194910_1980_000_2000_000/1552693978249305.jpg,1920,1280,40,37,3,0,Day,sunny,location_sf,high,every_5th_front_frame_starting_at_first
4690718861228194910_1980_000_2000_000_1552693978749398,18,4690718861228194910_1980_000_2000_000,1552693978749398,1,FRONT,85,18,1552693978749398.jpg,images/front/4690718861228194910_1980_000_2000_000/1552693978749398.jpg,1920,1280,39,34,5,0,Day,sunny,location_sf,high,every_5th_front_frame_starting_at_first
4690718861228194910_1980_000_2000_000_1552693979249484,18,4690718861228194910_1980_000_2000_000,1552693979249484,1,FRONT,90,19,1552693979249484.jpg,images/front/4690718861228194910_1980_000_2000_000/1552693979249484.jpg,1920,1280,36,31,5,0,Day,sunny,location_sf,high,every_5th_front_frame_starting_at_first
4690718861228194910_1980_000_2000_000_1552693979749409,18,4690718861228194910_1980_000_2000_000,1552693979749409,1,FRONT,95,20,1552693979749409.jpg,images/front/4690718861228194910_1980_000_2000_000/1552693979749409.jpg,1920,1280,39,34,5,0,Day,sunny,location_sf,high,every_5th_front_frame_starting_at_first
4690718861228194910_1980_000_2000_000_1552693980249357,18,4690718861228194910_1980_000_2000_000,1552693980249357,1,FRONT,100,21,1552693980249357.jpg,images/front/4690718861228194910_1980_000_2000_000/1552693980249357.jpg,1920,1280,42,37,5,0,Day,sunny,location_sf,high,every_5th_front_frame_starting_at_first
4690718861228194910_1980_000_2000_000_1552693980749366,18,4690718861228194910_1980_000_2000_000,1552693980749366,1,FRONT,105,22,1552693980749366.jpg,images/front/4690718861228194910_1980_000_2000_000/1552693980749366.jpg,1920,1280,44,39,5,0,Day,sunny,location_sf,high,every_5th_front_frame_starting_at_first
4690718861228194910_1980_000_2000_000_1552693981249460,18,4690718861228194910_1980_000_2000_000,1552693981249460,1,FRONT,110,23,1552693981249460.jpg,images/front/4690718861228194910_1980_000_2000_000/1552693981249460.jpg,1920,1280,42,37,5,0,Day,sunny,location_sf,high,every_5th_front_frame_starting_at_first
4690718861228194910_1980_000_2000_000_1552693981749467,18,4690718861228194910_1980_000_2000_000,1552693981749467,1,FRONT,115,24,1552693981749467.jpg,images/front/4690718861228194910_1980_000_2000_000/1552693981749467.jpg,1920,1280,43,37,6,0,Day,sunny,location_sf,high,every_5th_front_frame_starting_at_first
4690718861228194910_1980_000_2000_000_1552693982249474,18,4690718861228194910_1980_000_2000_000,1552693982249474,1,FRONT,120,25,1552693982249474.jpg,images/front/4690718861228194910_1980_000_2000_000/1552693982249474.jpg,1920,1280,45,37,7,1,Day,sunny,location_sf,high,every_5th_front_frame_starting_at_first
4690718861228194910_1980_000_2000_000_1552693982749472,18,4690718861228194910_1980_000_2000_000,1552693982749472,1,FRONT,125,26,1552693982749472.jpg,images/front/4690718861228194910_1980_000_2000_000/1552693982749472.jpg,1920,1280,45,37,7,1,Day,sunny,location_sf,high,every_5th_front_frame_starting_at_first
4690718861228194910_1980_000_2000_000_1552693983249433,18,4690718861228194910_1980_000_2000_000,1552693983249433,1,FRONT,130,27,1552693983249433.jpg,images/front/4690718861228194910_1980_000_2000_000/1552693983249433.jpg,1920,1280,44,36,7,1,Day,sunny,location_sf,high,every_5th_front_frame_starting_at_first
4690718861228194910_1980_000_2000_000_1552693983749438,18,4690718861228194910_1980_000_2000_000,1552693983749438,1,FRONT,135,28,1552693983749438.jpg,images/front/4690718861228194910_1980_000_2000_000/1552693983749438.jpg,1920,1280,43,35,7,1,Day,sunny,location_sf,high,every_5th_front_frame_starting_at_first
4690718861228194910_1980_000_2000_000_1552693984249382,18,4690718861228194910_1980_000_2000_000,1552693984249382,1,FRONT,140,29,1552693984249382.jpg,images/front/4690718861228194910_1980_000_2000_000/1552693984249382.jpg,1920,1280,45,37,7,1,Day,sunny,location_sf,high,every_5th_front_frame_starting_at_first
4690718861228194910_1980_000_2000_000_1552693984749398,18,4690718861228194910_1980_000_2000_000,1552693984749398,1,FRONT,145,30,1552693984749398.jpg,images/front/4690718861228194910_1980_000_2000_000/1552693984749398.jpg,1920,1280,44,38,5,1,Day,sunny,location_sf,high,every_5th_front_frame_starting_at_first
4690718861228194910_1980_000_2000_000_1552693985249378,18,4690718861228194910_1980_000_2000_000,1552693985249378,1,FRONT,150,31,1552693985249378.jpg,images/front/4690718861228194910_1980_000_2000_000/1552693985249378.jpg,1920,1280,38,29,8,1,Day,sunny,location_sf,high,every_5th_front_frame_starting_at_first
4690718861228194910_1980_000_2000_000_1552693985749361,18,4690718861228194910_1980_000_2000_000,1552693985749361,1,FRONT,155,32,1552693985749361.jpg,images/front/4690718861228194910_1980_000_2000_000/1552693985749361.jpg,1920,1280,27,21,5,1,Day,sunny,location_sf,high,every_5th_front_frame_starting_at_first
4690718861228194910_1980_000_2000_000_1552693986249397,18,4690718861228194910_1980_000_2000_000,1552693986249397,1,FRONT,160,33,1552693986249397.jpg,images/front/4690718861228194910_1980_000_2000_000/1552693986249397.jpg,1920,1280,41,36,4,1,Day,sunny,location_sf,high,every_5th_front_frame_starting_at_first
4690718861228194910_1980_000_2000_000_1552693986749419,18,4690718861228194910_1980_000_2000_000,1552693986749419,1,FRONT,165,34,1552693986749419.jpg,images/front/4690718861228194910_1980_000_2000_000/1552693986749419.jpg,1920,1280,42,37,4,1,Day,sunny,location_sf,high,every_5th_front_frame_starting_at_first
4690718861228194910_1980_000_2000_000_1552693987249418,18,4690718861228194910_1980_000_2000_000,1552693987249418,1,FRONT,170,35,1552693987249418.jpg,images/front/4690718861228194910_1980_000_2000_000/1552693987249418.jpg,1920,1280,37,29,7,1,Day,sunny,location_sf,high,every_5th_front_frame_starting_at_first
4690718861228194910_1980_000_2000_000_1552693987749399,18,4690718861228194910_1980_000_2000_000,1552693987749399,1,FRONT,175,36,1552693987749399.jpg,images/front/4690718861228194910_1980_000_2000_000/1552693987749399.jpg,1920,1280,37,30,6,1,Day,sunny,location_sf,high,every_5th_front_frame_starting_at_first
4690718861228194910_1980_000_2000_000_1552693988249416,18,4690718861228194910_1980_000_2000_000,1552693988249416,1,FRONT,180,37,1552693988249416.jpg,images/front/4690718861228194910_1980_000_2000_000/1552693988249416.jpg,1920,1280,42,36,5,1,Day,sunny,location_sf,high,every_5th_front_frame_starting_at_first
4690718861228194910_1980_000_2000_000_1552693988749330,18,4690718861228194910_1980_000_2000_000,1552693988749330,1,FRONT,185,38,1552693988749330.jpg,images/front/4690718861228194910_1980_000_2000_000/1552693988749330.jpg,1920,1280,44,37,6,1,Day,sunny,location_sf,high,every_5th_front_frame_starting_at_first
4690718861228194910_1980_000_2000_000_1552693989249297,18,4690718861228194910_1980_000_2000_000,1552693989249297,1,FRONT,190,39,1552693989249297.jpg,images/front/4690718861228194910_1980_000_2000_000/1552693989249297.jpg,1920,1280,43,36,6,1,Day,sunny,location_sf,high,every_5th_front_frame_starting_at_first
4690718861228194910_1980_000_2000_000_1552693989749305,18,4690718861228194910_1980_000_2000_000,1552693989749305,1,FRONT,195,40,1552693989749305.jpg,images/front/4690718861228194910_1980_000_2000_000/1552693989749305.jpg,1920,1280,41,35,5,1,Day,sunny,location_sf,high,every_5th_front_frame_starting_at_first
8506432817378693815_4860_000_4880_000_1557857350637092,19,8506432817378693815_4860_000_4880_000,1557857350637092,1,FRONT,0,1,1557857350637092.jpg,images/front/8506432817378693815_4860_000_4880_000/1557857350637092.jpg,1920,1280,47,15,31,1,Day,sunny,location_sf,high,every_5th_front_frame_starting_at_first
8506432817378693815_4860_000_4880_000_1557857351137187,19,8506432817378693815_4860_000_4880_000,1557857351137187,1,FRONT,5,2,1557857351137187.jpg,images/front/8506432817378693815_4860_000_4880_000/1557857351137187.jpg,1920,1280,47,18,28,1,Day,sunny,location_sf,high,every_5th_front_frame_starting_at_first
8506432817378693815_4860_000_4880_000_1557857351637267,19,8506432817378693815_4860_000_4880_000,1557857351637267,1,FRONT,10,3,1557857351637267.jpg,images/front/8506432817378693815_4860_000_4880_000/1557857351637267.jpg,1920,1280,45,19,25,1,Day,sunny,location_sf,high,every_5th_front_frame_starting_at_first
8506432817378693815_4860_000_4880_000_1557857352137355,19,8506432817378693815_4860_000_4880_000,1557857352137355,1,FRONT,15,4,1557857352137355.jpg,images/front/8506432817378693815_4860_000_4880_000/1557857352137355.jpg,1920,1280,44,17,26,1,Day,sunny,location_sf,high,every_5th_front_frame_starting_at_first
8506432817378693815_4860_000_4880_000_1557857352637309,19,8506432817378693815_4860_000_4880_000,1557857352637309,1,FRONT,20,5,1557857352637309.jpg,images/front/8506432817378693815_4860_000_4880_000/1557857352637309.jpg,1920,1280,46,18,27,1,Day,sunny,location_sf,high,every_5th_front_frame_starting_at_first
8506432817378693815_4860_000_4880_000_1557857353136782,19,8506432817378693815_4860_000_4880_000,1557857353136782,1,FRONT,25,6,1557857353136782.jpg,images/front/8506432817378693815_4860_000_4880_000/1557857353136782.jpg,1920,1280,45,20,24,1,Day,sunny,location_sf,high,every_5th_front_frame_starting_at_first
8506432817378693815_4860_000_4880_000_1557857353636054,19,8506432817378693815_4860_000_4880_000,1557857353636054,1,FRONT,30,7,1557857353636054.jpg,images/front/8506432817378693815_4860_000_4880_000/1557857353636054.jpg,1920,1280,49,21,27,1,Day,sunny,location_sf,high,every_5th_front_frame_starting_at_first
8506432817378693815_4860_000_4880_000_1557857354135532,19,8506432817378693815_4860_000_4880_000,1557857354135532,1,FRONT,35,8,1557857354135532.jpg,images/front/8506432817378693815_4860_000_4880_000/1557857354135532.jpg,1920,1280,57,24,32,1,Day,sunny,location_sf,high,every_5th_front_frame_starting_at_first
8506432817378693815_4860_000_4880_000_1557857354635133,19,8506432817378693815_4860_000_4880_000,1557857354635133,1,FRONT,40,9,1557857354635133.jpg,images/front/8506432817378693815_4860_000_4880_000/1557857354635133.jpg,1920,1280,57,25,31,1,Day,sunny,location_sf,high,every_5th_front_frame_starting_at_first
8506432817378693815_4860_000_4880_000_1557857355134877,19,8506432817378693815_4860_000_4880_000,1557857355134877,1,FRONT,45,10,1557857355134877.jpg,images/front/8506432817378693815_4860_000_4880_000/1557857355134877.jpg,1920,1280,56,25,30,1,Day,sunny,location_sf,high,every_5th_front_frame_starting_at_first
8506432817378693815_4860_000_4880_000_1557857355634815,19,8506432817378693815_4860_000_4880_000,1557857355634815,1,FRONT,50,11,1557857355634815.jpg,images/front/8506432817378693815_4860_000_4880_000/1557857355634815.jpg,1920,1280,61,27,33,1,Day,sunny,location_sf,high,every_5th_front_frame_starting_at_first
8506432817378693815_4860_000_4880_000_1557857356134808,19,8506432817378693815_4860_000_4880_000,1557857356134808,1,FRONT,55,12,1557857356134808.jpg,images/front/8506432817378693815_4860_000_4880_000/1557857356134808.jpg,1920,1280,61,26,34,1,Day,sunny,location_sf,high,every_5th_front_frame_starting_at_first
8506432817378693815_4860_000_4880_000_1557857356634947,19,8506432817378693815_4860_000_4880_000,1557857356634947,1,FRONT,60,13,1557857356634947.jpg,images/front/8506432817378693815_4860_000_4880_000/1557857356634947.jpg,1920,1280,60,25,34,1,Day,sunny,location_sf,high,every_5th_front_frame_starting_at_first
8506432817378693815_4860_000_4880_000_1557857357135138,19,8506432817378693815_4860_000_4880_000,1557857357135138,1,FRONT,65,14,1557857357135138.jpg,images/front/8506432817378693815_4860_000_4880_000/1557857357135138.jpg,1920,1280,59,26,32,1,Day,sunny,location_sf,high,every_5th_front_frame_starting_at_first
8506432817378693815_4860_000_4880_000_1557857357635506,19,8506432817378693815_4860_000_4880_000,1557857357635506,1,FRONT,70,15,1557857357635506.jpg,images/front/8506432817378693815_4860_000_4880_000/1557857357635506.jpg,1920,1280,56,21,34,1,Day,sunny,location_sf,high,every_5th_front_frame_starting_at_first
8506432817378693815_4860_000_4880_000_1557857358135995,19,8506432817378693815_4860_000_4880_000,1557857358135995,1,FRONT,75,16,1557857358135995.jpg,images/front/8506432817378693815_4860_000_4880_000/1557857358135995.jpg,1920,1280,55,18,36,1,Day,sunny,location_sf,high,every_5th_front_frame_starting_at_first
8506432817378693815_4860_000_4880_000_1557857358636513,19,8506432817378693815_4860_000_4880_000,1557857358636513,1,FRONT,80,17,1557857358636513.jpg,images/front/8506432817378693815_4860_000_4880_000/1557857358636513.jpg,1920,1280,53,16,36,1,Day,sunny,location_sf,high,every_5th_front_frame_starting_at_first
8506432817378693815_4860_000_4880_000_1557857359136948,19,8506432817378693815_4860_000_4880_000,1557857359136948,1,FRONT,85,18,1557857359136948.jpg,images/front/8506432817378693815_4860_000_4880_000/1557857359136948.jpg,1920,1280,53,17,35,1,Day,sunny,location_sf,high,every_5th_front_frame_starting_at_first
8506432817378693815_4860_000_4880_000_1557857359637183,19,8506432817378693815_4860_000_4880_000,1557857359637183,1,FRONT,90,19,1557857359637183.jpg,images/front/8506432817378693815_4860_000_4880_000/1557857359637183.jpg,1920,1280,53,18,34,1,Day,sunny,location_sf,high,every_5th_front_frame_starting_at_first
8506432817378693815_4860_000_4880_000_1557857360137294,19,8506432817378693815_4860_000_4880_000,1557857360137294,1,FRONT,95,20,1557857360137294.jpg,images/front/8506432817378693815_4860_000_4880_000/1557857360137294.jpg,1920,1280,49,16,32,1,Day,sunny,location_sf,high,every_5th_front_frame_starting_at_first
8506432817378693815_4860_000_4880_000_1557857360637369,19,8506432817378693815_4860_000_4880_000,1557857360637369,1,FRONT,100,21,1557857360637369.jpg,images/front/8506432817378693815_4860_000_4880_000/1557857360637369.jpg,1920,1280,51,15,34,2,Day,sunny,location_sf,high,every_5th_front_frame_starting_at_first
8506432817378693815_4860_000_4880_000_1557857361137300,19,8506432817378693815_4860_000_4880_000,1557857361137300,1,FRONT,105,22,1557857361137300.jpg,images/front/8506432817378693815_4860_000_4880_000/1557857361137300.jpg,1920,1280,47,13,32,2,Day,sunny,location_sf,high,every_5th_front_frame_starting_at_first
8506432817378693815_4860_000_4880_000_1557857361637343,19,8506432817378693815_4860_000_4880_000,1557857361637343,1,FRONT,110,23,1557857361637343.jpg,images/front/8506432817378693815_4860_000_4880_000/1557857361637343.jpg,1920,1280,46,13,31,2,Day,sunny,location_sf,high,every_5th_front_frame_starting_at_first
8506432817378693815_4860_000_4880_000_1557857362137378,19,8506432817378693815_4860_000_4880_000,1557857362137378,1,FRONT,115,24,1557857362137378.jpg,images/front/8506432817378693815_4860_000_4880_000/1557857362137378.jpg,1920,1280,47,14,31,2,Day,sunny,location_sf,high,every_5th_front_frame_starting_at_first
8506432817378693815_4860_000_4880_000_1557857362637395,19,8506432817378693815_4860_000_4880_000,1557857362637395,1,FRONT,120,25,1557857362637395.jpg,images/front/8506432817378693815_4860_000_4880_000/1557857362637395.jpg,1920,1280,48,13,33,2,Day,sunny,location_sf,high,every_5th_front_frame_starting_at_first
8506432817378693815_4860_000_4880_000_1557857363137470,19,8506432817378693815_4860_000_4880_000,1557857363137470,1,FRONT,125,26,1557857363137470.jpg,images/front/8506432817378693815_4860_000_4880_000/1557857363137470.jpg,1920,1280,49,12,35,2,Day,sunny,location_sf,high,every_5th_front_frame_starting_at_first
8506432817378693815_4860_000_4880_000_1557857363637447,19,8506432817378693815_4860_000_4880_000,1557857363637447,1,FRONT,130,27,1557857363637447.jpg,images/front/8506432817378693815_4860_000_4880_000/1557857363637447.jpg,1920,1280,45,12,31,2,Day,sunny,location_sf,high,every_5th_front_frame_starting_at_first
8506432817378693815_4860_000_4880_000_1557857364137450,19,8506432817378693815_4860_000_4880_000,1557857364137450,1,FRONT,135,28,1557857364137450.jpg,images/front/8506432817378693815_4860_000_4880_000/1557857364137450.jpg,1920,1280,48,13,33,2,Day,sunny,location_sf,high,every_5th_front_frame_starting_at_first
8506432817378693815_4860_000_4880_000_1557857364637449,19,8506432817378693815_4860_000_4880_000,1557857364637449,1,FRONT,140,29,1557857364637449.jpg,images/front/8506432817378693815_4860_000_4880_000/1557857364637449.jpg,1920,1280,48,13,34,1,Day,sunny,location_sf,high,every_5th_front_frame_starting_at_first
8506432817378693815_4860_000_4880_000_1557857365137457,19,8506432817378693815_4860_000_4880_000,1557857365137457,1,FRONT,145,30,1557857365137457.jpg,images/front/8506432817378693815_4860_000_4880_000/1557857365137457.jpg,1920,1280,48,13,33,2,Day,sunny,location_sf,high,every_5th_front_frame_starting_at_first
8506432817378693815_4860_000_4880_000_1557857365637432,19,8506432817378693815_4860_000_4880_000,1557857365637432,1,FRONT,150,31,1557857365637432.jpg,images/front/8506432817378693815_4860_000_4880_000/1557857365637432.jpg,1920,1280,49,13,34,2,Day,sunny,location_sf,high,every_5th_front_frame_starting_at_first
8506432817378693815_4860_000_4880_000_1557857366137460,19,8506432817378693815_4860_000_4880_000,1557857366137460,1,FRONT,155,32,1557857366137460.jpg,images/front/8506432817378693815_4860_000_4880_000/1557857366137460.jpg,1920,1280,53,14,37,2,Day,sunny,location_sf,high,every_5th_front_frame_starting_at_first
8506432817378693815_4860_000_4880_000_1557857366637459,19,8506432817378693815_4860_000_4880_000,1557857366637459,1,FRONT,160,33,1557857366637459.jpg,images/front/8506432817378693815_4860_000_4880_000/1557857366637459.jpg,1920,1280,49,11,36,2,Day,sunny,location_sf,high,every_5th_front_frame_starting_at_first
8506432817378693815_4860_000_4880_000_1557857367137450,19,8506432817378693815_4860_000_4880_000,1557857367137450,1,FRONT,165,34,1557857367137450.jpg,images/front/8506432817378693815_4860_000_4880_000/1557857367137450.jpg,1920,1280,47,12,33,2,Day,sunny,location_sf,high,every_5th_front_frame_starting_at_first
8506432817378693815_4860_000_4880_000_1557857367637448,19,8506432817378693815_4860_000_4880_000,1557857367637448,1,FRONT,170,35,1557857367637448.jpg,images/front/8506432817378693815_4860_000_4880_000/1557857367637448.jpg,1920,1280,47,12,33,2,Day,sunny,location_sf,high,every_5th_front_frame_starting_at_first
8506432817378693815_4860_000_4880_000_1557857368137463,19,8506432817378693815_4860_000_4880_000,1557857368137463,1,FRONT,175,36,1557857368137463.jpg,images/front/8506432817378693815_4860_000_4880_000/1557857368137463.jpg,1920,1280,47,12,33,2,Day,sunny,location_sf,high,every_5th_front_frame_starting_at_first
8506432817378693815_4860_000_4880_000_1557857368637470,19,8506432817378693815_4860_000_4880_000,1557857368637470,1,FRONT,180,37,1557857368637470.jpg,images/front/8506432817378693815_4860_000_4880_000/1557857368637470.jpg,1920,1280,39,10,27,2,Day,sunny,location_sf,high,every_5th_front_frame_starting_at_first
8506432817378693815_4860_000_4880_000_1557857369137487,19,8506432817378693815_4860_000_4880_000,1557857369137487,1,FRONT,185,38,1557857369137487.jpg,images/front/8506432817378693815_4860_000_4880_000/1557857369137487.jpg,1920,1280,40,11,27,2,Day,sunny,location_sf,high,every_5th_front_frame_starting_at_first
8506432817378693815_4860_000_4880_000_1557857369637432,19,8506432817378693815_4860_000_4880_000,1557857369637432,1,FRONT,190,39,1557857369637432.jpg,images/front/8506432817378693815_4860_000_4880_000/1557857369637432.jpg,1920,1280,34,11,22,1,Day,sunny,location_sf,high,every_5th_front_frame_starting_at_first
8506432817378693815_4860_000_4880_000_1557857370137196,19,8506432817378693815_4860_000_4880_000,1557857370137196,1,FRONT,195,40,1557857370137196.jpg,images/front/8506432817378693815_4860_000_4880_000/1557857370137196.jpg,1920,1280,32,11,20,1,Day,sunny,location_sf,high,every_5th_front_frame_starting_at_first
933621182106051783_4160_000_4180_000_1543516670272409,20,933621182106051783_4160_000_4180_000,1543516670272409,1,FRONT,0,1,1543516670272409.jpg,images/front/933621182106051783_4160_000_4180_000/1543516670272409.jpg,1920,1280,47,42,5,0,Day,sunny,location_sf,medium,every_5th_front_frame_starting_at_first
933621182106051783_4160_000_4180_000_1543516670772638,20,933621182106051783_4160_000_4180_000,1543516670772638,1,FRONT,5,2,1543516670772638.jpg,images/front/933621182106051783_4160_000_4180_000/1543516670772638.jpg,1920,1280,47,42,5,0,Day,sunny,location_sf,medium,every_5th_front_frame_starting_at_first
933621182106051783_4160_000_4180_000_1543516671272780,20,933621182106051783_4160_000_4180_000,1543516671272780,1,FRONT,10,3,1543516671272780.jpg,images/front/933621182106051783_4160_000_4180_000/1543516671272780.jpg,1920,1280,48,43,5,0,Day,sunny,location_sf,medium,every_5th_front_frame_starting_at_first
933621182106051783_4160_000_4180_000_1543516671772783,20,933621182106051783_4160_000_4180_000,1543516671772783,1,FRONT,15,4,1543516671772783.jpg,images/front/933621182106051783_4160_000_4180_000/1543516671772783.jpg,1920,1280,48,44,4,0,Day,sunny,location_sf,medium,every_5th_front_frame_starting_at_first
933621182106051783_4160_000_4180_000_1543516672272504,20,933621182106051783_4160_000_4180_000,1543516672272504,1,FRONT,20,5,1543516672272504.jpg,images/front/933621182106051783_4160_000_4180_000/1543516672272504.jpg,1920,1280,47,42,5,0,Day,sunny,location_sf,medium,every_5th_front_frame_starting_at_first
933621182106051783_4160_000_4180_000_1543516672772394,20,933621182106051783_4160_000_4180_000,1543516672772394,1,FRONT,25,6,1543516672772394.jpg,images/front/933621182106051783_4160_000_4180_000/1543516672772394.jpg,1920,1280,41,35,6,0,Day,sunny,location_sf,medium,every_5th_front_frame_starting_at_first
933621182106051783_4160_000_4180_000_1543516673272452,20,933621182106051783_4160_000_4180_000,1543516673272452,1,FRONT,30,7,1543516673272452.jpg,images/front/933621182106051783_4160_000_4180_000/1543516673272452.jpg,1920,1280,40,36,4,0,Day,sunny,location_sf,medium,every_5th_front_frame_starting_at_first
933621182106051783_4160_000_4180_000_1543516673772469,20,933621182106051783_4160_000_4180_000,1543516673772469,1,FRONT,35,8,1543516673772469.jpg,images/front/933621182106051783_4160_000_4180_000/1543516673772469.jpg,1920,1280,37,33,4,0,Day,sunny,location_sf,medium,every_5th_front_frame_starting_at_first
933621182106051783_4160_000_4180_000_1543516674272630,20,933621182106051783_4160_000_4180_000,1543516674272630,1,FRONT,40,9,1543516674272630.jpg,images/front/933621182106051783_4160_000_4180_000/1543516674272630.jpg,1920,1280,39,35,4,0,Day,sunny,location_sf,medium,every_5th_front_frame_starting_at_first
933621182106051783_4160_000_4180_000_1543516674772724,20,933621182106051783_4160_000_4180_000,1543516674772724,1,FRONT,45,10,1543516674772724.jpg,images/front/933621182106051783_4160_000_4180_000/1543516674772724.jpg,1920,1280,39,35,4,0,Day,sunny,location_sf,medium,every_5th_front_frame_starting_at_first
933621182106051783_4160_000_4180_000_1543516675272630,20,933621182106051783_4160_000_4180_000,1543516675272630,1,FRONT,50,11,1543516675272630.jpg,images/front/933621182106051783_4160_000_4180_000/1543516675272630.jpg,1920,1280,42,37,5,0,Day,sunny,location_sf,medium,every_5th_front_frame_starting_at_first
933621182106051783_4160_000_4180_000_1543516675772499,20,933621182106051783_4160_000_4180_000,1543516675772499,1,FRONT,55,12,1543516675772499.jpg,images/front/933621182106051783_4160_000_4180_000/1543516675772499.jpg,1920,1280,42,38,4,0,Day,sunny,location_sf,medium,every_5th_front_frame_starting_at_first
933621182106051783_4160_000_4180_000_1543516676272426,20,933621182106051783_4160_000_4180_000,1543516676272426,1,FRONT,60,13,1543516676272426.jpg,images/front/933621182106051783_4160_000_4180_000/1543516676272426.jpg,1920,1280,39,36,3,0,Day,sunny,location_sf,medium,every_5th_front_frame_starting_at_first
933621182106051783_4160_000_4180_000_1543516676772403,20,933621182106051783_4160_000_4180_000,1543516676772403,1,FRONT,65,14,1543516676772403.jpg,images/front/933621182106051783_4160_000_4180_000/1543516676772403.jpg,1920,1280,37,34,3,0,Day,sunny,location_sf,medium,every_5th_front_frame_starting_at_first
933621182106051783_4160_000_4180_000_1543516677272349,20,933621182106051783_4160_000_4180_000,1543516677272349,1,FRONT,70,15,1543516677272349.jpg,images/front/933621182106051783_4160_000_4180_000/1543516677272349.jpg,1920,1280,35,32,3,0,Day,sunny,location_sf,medium,every_5th_front_frame_starting_at_first
933621182106051783_4160_000_4180_000_1543516677772377,20,933621182106051783_4160_000_4180_000,1543516677772377,1,FRONT,75,16,1543516677772377.jpg,images/front/933621182106051783_4160_000_4180_000/1543516677772377.jpg,1920,1280,33,30,3,0,Day,sunny,location_sf,medium,every_5th_front_frame_starting_at_first
933621182106051783_4160_000_4180_000_1543516678272423,20,933621182106051783_4160_000_4180_000,1543516678272423,1,FRONT,80,17,1543516678272423.jpg,images/front/933621182106051783_4160_000_4180_000/1543516678272423.jpg,1920,1280,31,28,3,0,Day,sunny,location_sf,medium,every_5th_front_frame_starting_at_first
933621182106051783_4160_000_4180_000_1543516678772443,20,933621182106051783_4160_000_4180_000,1543516678772443,1,FRONT,85,18,1543516678772443.jpg,images/front/933621182106051783_4160_000_4180_000/1543516678772443.jpg,1920,1280,25,24,1,0,Day,sunny,location_sf,medium,every_5th_front_frame_starting_at_first
933621182106051783_4160_000_4180_000_1543516679272590,20,933621182106051783_4160_000_4180_000,1543516679272590,1,FRONT,90,19,1543516679272590.jpg,images/front/933621182106051783_4160_000_4180_000/1543516679272590.jpg,1920,1280,22,21,1,0,Day,sunny,location_sf,medium,every_5th_front_frame_starting_at_first
933621182106051783_4160_000_4180_000_1543516679772740,20,933621182106051783_4160_000_4180_000,1543516679772740,1,FRONT,95,20,1543516679772740.jpg,images/front/933621182106051783_4160_000_4180_000/1543516679772740.jpg,1920,1280,20,18,2,0,Day,sunny,location_sf,medium,every_5th_front_frame_starting_at_first
933621182106051783_4160_000_4180_000_1543516680272804,20,933621182106051783_4160_000_4180_000,1543516680272804,1,FRONT,100,21,1543516680272804.jpg,images/front/933621182106051783_4160_000_4180_000/1543516680272804.jpg,1920,1280,25,23,2,0,Day,sunny,location_sf,medium,every_5th_front_frame_starting_at_first
933621182106051783_4160_000_4180_000_1543516680772741,20,933621182106051783_4160_000_4180_000,1543516680772741,1,FRONT,105,22,1543516680772741.jpg,images/front/933621182106051783_4160_000_4180_000/1543516680772741.jpg,1920,1280,23,21,2,0,Day,sunny,location_sf,medium,every_5th_front_frame_starting_at_first
933621182106051783_4160_000_4180_000_1543516681272611,20,933621182106051783_4160_000_4180_000,1543516681272611,1,FRONT,110,23,1543516681272611.jpg,images/front/933621182106051783_4160_000_4180_000/1543516681272611.jpg,1920,1280,13,11,2,0,Day,sunny,location_sf,medium,every_5th_front_frame_starting_at_first
933621182106051783_4160_000_4180_000_1543516681772503,20,933621182106051783_4160_000_4180_000,1543516681772503,1,FRONT,115,24,1543516681772503.jpg,images/front/933621182106051783_4160_000_4180_000/1543516681772503.jpg,1920,1280,23,21,2,0,Day,sunny,location_sf,medium,every_5th_front_frame_starting_at_first
933621182106051783_4160_000_4180_000_1543516682272525,20,933621182106051783_4160_000_4180_000,1543516682272525,1,FRONT,120,25,1543516682272525.jpg,images/front/933621182106051783_4160_000_4180_000/1543516682272525.jpg,1920,1280,29,28,1,0,Day,sunny,location_sf,medium,every_5th_front_frame_starting_at_first
933621182106051783_4160_000_4180_000_1543516682772615,20,933621182106051783_4160_000_4180_000,1543516682772615,1,FRONT,125,26,1543516682772615.jpg,images/front/933621182106051783_4160_000_4180_000/1543516682772615.jpg,1920,1280,31,29,2,0,Day,sunny,location_sf,medium,every_5th_front_frame_starting_at_first
933621182106051783_4160_000_4180_000_1543516683272615,20,933621182106051783_4160_000_4180_000,1543516683272615,1,FRONT,130,27,1543516683272615.jpg,images/front/933621182106051783_4160_000_4180_000/1543516683272615.jpg,1920,1280,33,30,3,0,Day,sunny,location_sf,medium,every_5th_front_frame_starting_at_first
933621182106051783_4160_000_4180_000_1543516683772644,20,933621182106051783_4160_000_4180_000,1543516683772644,1,FRONT,135,28,1543516683772644.jpg,images/front/933621182106051783_4160_000_4180_000/1543516683772644.jpg,1920,1280,31,29,2,0,Day,sunny,location_sf,medium,every_5th_front_frame_starting_at_first
933621182106051783_4160_000_4180_000_1543516684272735,20,933621182106051783_4160_000_4180_000,1543516684272735,1,FRONT,140,29,1543516684272735.jpg,images/front/933621182106051783_4160_000_4180_000/1543516684272735.jpg,1920,1280,29,27,2,0,Day,sunny,location_sf,medium,every_5th_front_frame_starting_at_first
933621182106051783_4160_000_4180_000_1543516684772668,20,933621182106051783_4160_000_4180_000,1543516684772668,1,FRONT,145,30,1543516684772668.jpg,images/front/933621182106051783_4160_000_4180_000/1543516684772668.jpg,1920,1280,30,28,2,0,Day,sunny,location_sf,medium,every_5th_front_frame_starting_at_first
933621182106051783_4160_000_4180_000_1543516685272552,20,933621182106051783_4160_000_4180_000,1543516685272552,1,FRONT,150,31,1543516685272552.jpg,images/front/933621182106051783_4160_000_4180_000/1543516685272552.jpg,1920,1280,31,29,2,0,Day,sunny,location_sf,medium,every_5th_front_frame_starting_at_first
933621182106051783_4160_000_4180_000_1543516685772579,20,933621182106051783_4160_000_4180_000,1543516685772579,1,FRONT,155,32,1543516685772579.jpg,images/front/933621182106051783_4160_000_4180_000/1543516685772579.jpg,1920,1280,32,30,2,0,Day,sunny,location_sf,medium,every_5th_front_frame_starting_at_first
933621182106051783_4160_000_4180_000_1543516686272690,20,933621182106051783_4160_000_4180_000,1543516686272690,1,FRONT,160,33,1543516686272690.jpg,images/front/933621182106051783_4160_000_4180_000/1543516686272690.jpg,1920,1280,29,27,2,0,Day,sunny,location_sf,medium,every_5th_front_frame_starting_at_first
933621182106051783_4160_000_4180_000_1543516686772721,20,933621182106051783_4160_000_4180_000,1543516686772721,1,FRONT,165,34,1543516686772721.jpg,images/front/933621182106051783_4160_000_4180_000/1543516686772721.jpg,1920,1280,31,28,3,0,Day,sunny,location_sf,medium,every_5th_front_frame_starting_at_first
933621182106051783_4160_000_4180_000_1543516687272709,20,933621182106051783_4160_000_4180_000,1543516687272709,1,FRONT,170,35,1543516687272709.jpg,images/front/933621182106051783_4160_000_4180_000/1543516687272709.jpg,1920,1280,31,28,3,0,Day,sunny,location_sf,medium,every_5th_front_frame_starting_at_first
933621182106051783_4160_000_4180_000_1543516687772629,20,933621182106051783_4160_000_4180_000,1543516687772629,1,FRONT,175,36,1543516687772629.jpg,images/front/933621182106051783_4160_000_4180_000/1543516687772629.jpg,1920,1280,30,27,3,0,Day,sunny,location_sf,medium,every_5th_front_frame_starting_at_first
933621182106051783_4160_000_4180_000_1543516688272598,20,933621182106051783_4160_000_4180_000,1543516688272598,1,FRONT,180,37,1543516688272598.jpg,images/front/933621182106051783_4160_000_4180_000/1543516688272598.jpg,1920,1280,30,27,3,0,Day,sunny,location_sf,medium,every_5th_front_frame_starting_at_first
933621182106051783_4160_000_4180_000_1543516688772624,20,933621182106051783_4160_000_4180_000,1543516688772624,1,FRONT,185,38,1543516688772624.jpg,images/front/933621182106051783_4160_000_4180_000/1543516688772624.jpg,1920,1280,29,27,2,0,Day,sunny,location_sf,medium,every_5th_front_frame_starting_at_first
933621182106051783_4160_000_4180_000_1543516689272642,20,933621182106051783_4160_000_4180_000,1543516689272642,1,FRONT,190,39,1543516689272642.jpg,images/front/933621182106051783_4160_000_4180_000/1543516689272642.jpg,1920,1280,30,28,2,0,Day,sunny,location_sf,medium,every_5th_front_frame_starting_at_first
933621182106051783_4160_000_4180_000_1543516689772638,20,933621182106051783_4160_000_4180_000,1543516689772638,1,FRONT,195,40,1543516689772638.jpg,images/front/933621182106051783_4160_000_4180_000/1543516689772638.jpg,1920,1280,24,23,1,0,Day,sunny,location_sf,medium,every_5th_front_frame_starting_at_first
10335539493577748957_1372_870_1392_870_1508811445344959,21,10335539493577748957_1372_870_1392_870,1508811445344959,1,FRONT,0,1,1508811445344959.jpg,images/front/10335539493577748957_1372_870_1392_870/1508811445344959.jpg,1920,1280,8,6,2,0,Night,sunny,location_phx,low,every_5th_front_frame_starting_at_first
10335539493577748957_1372_870_1392_870_1508811445844951,21,10335539493577748957_1372_870_1392_870,1508811445844951,1,FRONT,5,2,1508811445844951.jpg,images/front/10335539493577748957_1372_870_1392_870/1508811445844951.jpg,1920,1280,8,6,2,0,Night,sunny,location_phx,low,every_5th_front_frame_starting_at_first
10335539493577748957_1372_870_1392_870_1508811446345017,21,10335539493577748957_1372_870_1392_870,1508811446345017,1,FRONT,10,3,1508811446345017.jpg,images/front/10335539493577748957_1372_870_1392_870/1508811446345017.jpg,1920,1280,9,7,2,0,Night,sunny,location_phx,low,every_5th_front_frame_starting_at_first
10335539493577748957_1372_870_1392_870_1508811446844951,21,10335539493577748957_1372_870_1392_870,1508811446844951,1,FRONT,15,4,1508811446844951.jpg,images/front/10335539493577748957_1372_870_1392_870/1508811446844951.jpg,1920,1280,9,7,2,0,Night,sunny,location_phx,low,every_5th_front_frame_starting_at_first
10335539493577748957_1372_870_1392_870_1508811447344942,21,10335539493577748957_1372_870_1392_870,1508811447344942,1,FRONT,20,5,1508811447344942.jpg,images/front/10335539493577748957_1372_870_1392_870/1508811447344942.jpg,1920,1280,9,7,2,0,Night,sunny,location_phx,low,every_5th_front_frame_starting_at_first
10335539493577748957_1372_870_1392_870_1508811447844906,21,10335539493577748957_1372_870_1392_870,1508811447844906,1,FRONT,25,6,1508811447844906.jpg,images/front/10335539493577748957_1372_870_1392_870/1508811447844906.jpg,1920,1280,10,8,2,0,Night,sunny,location_phx,low,every_5th_front_frame_starting_at_first
10335539493577748957_1372_870_1392_870_1508811448344911,21,10335539493577748957_1372_870_1392_870,1508811448344911,1,FRONT,30,7,1508811448344911.jpg,images/front/10335539493577748957_1372_870_1392_870/1508811448344911.jpg,1920,1280,10,8,2,0,Night,sunny,location_phx,low,every_5th_front_frame_starting_at_first
10335539493577748957_1372_870_1392_870_1508811448844825,21,10335539493577748957_1372_870_1392_870,1508811448844825,1,FRONT,35,8,1508811448844825.jpg,images/front/10335539493577748957_1372_870_1392_870/1508811448844825.jpg,1920,1280,10,8,2,0,Night,sunny,location_phx,low,every_5th_front_frame_starting_at_first
10335539493577748957_1372_870_1392_870_1508811449344893,21,10335539493577748957_1372_870_1392_870,1508811449344893,1,FRONT,40,9,1508811449344893.jpg,images/front/10335539493577748957_1372_870_1392_870/1508811449344893.jpg,1920,1280,11,9,2,0,Night,sunny,location_phx,low,every_5th_front_frame_starting_at_first
10335539493577748957_1372_870_1392_870_1508811449844972,21,10335539493577748957_1372_870_1392_870,1508811449844972,1,FRONT,45,10,1508811449844972.jpg,images/front/10335539493577748957_1372_870_1392_870/1508811449844972.jpg,1920,1280,12,10,2,0,Night,sunny,location_phx,low,every_5th_front_frame_starting_at_first
10335539493577748957_1372_870_1392_870_1508811450345063,21,10335539493577748957_1372_870_1392_870,1508811450345063,1,FRONT,50,11,1508811450345063.jpg,images/front/10335539493577748957_1372_870_1392_870/1508811450345063.jpg,1920,1280,12,10,2,0,Night,sunny,location_phx,low,every_5th_front_frame_starting_at_first
10335539493577748957_1372_870_1392_870_1508811450845190,21,10335539493577748957_1372_870_1392_870,1508811450845190,1,FRONT,55,12,1508811450845190.jpg,images/front/10335539493577748957_1372_870_1392_870/1508811450845190.jpg,1920,1280,12,10,2,0,Night,sunny,location_phx,low,every_5th_front_frame_starting_at_first
10335539493577748957_1372_870_1392_870_1508811451345106,21,10335539493577748957_1372_870_1392_870,1508811451345106,1,FRONT,60,13,1508811451345106.jpg,images/front/10335539493577748957_1372_870_1392_870/1508811451345106.jpg,1920,1280,14,10,4,0,Night,sunny,location_phx,low,every_5th_front_frame_starting_at_first
10335539493577748957_1372_870_1392_870_1508811451845033,21,10335539493577748957_1372_870_1392_870,1508811451845033,1,FRONT,65,14,1508811451845033.jpg,images/front/10335539493577748957_1372_870_1392_870/1508811451845033.jpg,1920,1280,15,11,4,0,Night,sunny,location_phx,low,every_5th_front_frame_starting_at_first
10335539493577748957_1372_870_1392_870_1508811452345020,21,10335539493577748957_1372_870_1392_870,1508811452345020,1,FRONT,70,15,1508811452345020.jpg,images/front/10335539493577748957_1372_870_1392_870/1508811452345020.jpg,1920,1280,15,11,4,0,Night,sunny,location_phx,low,every_5th_front_frame_starting_at_first
10335539493577748957_1372_870_1392_870_1508811452845019,21,10335539493577748957_1372_870_1392_870,1508811452845019,1,FRONT,75,16,1508811452845019.jpg,images/front/10335539493577748957_1372_870_1392_870/1508811452845019.jpg,1920,1280,17,13,4,0,Night,sunny,location_phx,low,every_5th_front_frame_starting_at_first
10335539493577748957_1372_870_1392_870_1508811453345044,21,10335539493577748957_1372_870_1392_870,1508811453345044,1,FRONT,80,17,1508811453345044.jpg,images/front/10335539493577748957_1372_870_1392_870/1508811453345044.jpg,1920,1280,17,13,4,0,Night,sunny,location_phx,low,every_5th_front_frame_starting_at_first
10335539493577748957_1372_870_1392_870_1508811453845049,21,10335539493577748957_1372_870_1392_870,1508811453845049,1,FRONT,85,18,1508811453845049.jpg,images/front/10335539493577748957_1372_870_1392_870/1508811453845049.jpg,1920,1280,17,13,4,0,Night,sunny,location_phx,low,every_5th_front_frame_starting_at_first
10335539493577748957_1372_870_1392_870_1508811454344913,21,10335539493577748957_1372_870_1392_870,1508811454344913,1,FRONT,90,19,1508811454344913.jpg,images/front/10335539493577748957_1372_870_1392_870/1508811454344913.jpg,1920,1280,14,13,1,0,Night,sunny,location_phx,low,every_5th_front_frame_starting_at_first
10335539493577748957_1372_870_1392_870_1508811454844762,21,10335539493577748957_1372_870_1392_870,1508811454844762,1,FRONT,95,20,1508811454844762.jpg,images/front/10335539493577748957_1372_870_1392_870/1508811454844762.jpg,1920,1280,14,14,0,0,Night,sunny,location_phx,low,every_5th_front_frame_starting_at_first
10335539493577748957_1372_870_1392_870_1508811455345053,21,10335539493577748957_1372_870_1392_870,1508811455345053,1,FRONT,100,21,1508811455345053.jpg,images/front/10335539493577748957_1372_870_1392_870/1508811455345053.jpg,1920,1280,14,14,0,0,Night,sunny,location_phx,low,every_5th_front_frame_starting_at_first
10335539493577748957_1372_870_1392_870_1508811455845183,21,10335539493577748957_1372_870_1392_870,1508811455845183,1,FRONT,105,22,1508811455845183.jpg,images/front/10335539493577748957_1372_870_1392_870/1508811455845183.jpg,1920,1280,13,13,0,0,Night,sunny,location_phx,low,every_5th_front_frame_starting_at_first
10335539493577748957_1372_870_1392_870_1508811456345068,21,10335539493577748957_1372_870_1392_870,1508811456345068,1,FRONT,110,23,1508811456345068.jpg,images/front/10335539493577748957_1372_870_1392_870/1508811456345068.jpg,1920,1280,15,15,0,0,Night,sunny,location_phx,low,every_5th_front_frame_starting_at_first
10335539493577748957_1372_870_1392_870_1508811456844784,21,10335539493577748957_1372_870_1392_870,1508811456844784,1,FRONT,115,24,1508811456844784.jpg,images/front/10335539493577748957_1372_870_1392_870/1508811456844784.jpg,1920,1280,16,16,0,0,Night,sunny,location_phx,low,every_5th_front_frame_starting_at_first
10335539493577748957_1372_870_1392_870_1508811457344813,21,10335539493577748957_1372_870_1392_870,1508811457344813,1,FRONT,120,25,1508811457344813.jpg,images/front/10335539493577748957_1372_870_1392_870/1508811457344813.jpg,1920,1280,16,16,0,0,Night,sunny,location_phx,low,every_5th_front_frame_starting_at_first
10335539493577748957_1372_870_1392_870_1508811457845076,21,10335539493577748957_1372_870_1392_870,1508811457845076,1,FRONT,125,26,1508811457845076.jpg,images/front/10335539493577748957_1372_870_1392_870/1508811457845076.jpg,1920,1280,17,17,0,0,Night,sunny,location_phx,low,every_5th_front_frame_starting_at_first
10335539493577748957_1372_870_1392_870_1508811458345335,21,10335539493577748957_1372_870_1392_870,1508811458345335,1,FRONT,130,27,1508811458345335.jpg,images/front/10335539493577748957_1372_870_1392_870/1508811458345335.jpg,1920,1280,15,15,0,0,Night,sunny,location_phx,low,every_5th_front_frame_starting_at_first
10335539493577748957_1372_870_1392_870_1508811458845560,21,10335539493577748957_1372_870_1392_870,1508811458845560,1,FRONT,135,28,1508811458845560.jpg,images/front/10335539493577748957_1372_870_1392_870/1508811458845560.jpg,1920,1280,16,16,0,0,Night,sunny,location_phx,low,every_5th_front_frame_starting_at_first
10335539493577748957_1372_870_1392_870_1508811459345680,21,10335539493577748957_1372_870_1392_870,1508811459345680,1,FRONT,140,29,1508811459345680.jpg,images/front/10335539493577748957_1372_870_1392_870/1508811459345680.jpg,1920,1280,21,21,0,0,Night,sunny,location_phx,low,every_5th_front_frame_starting_at_first
10335539493577748957_1372_870_1392_870_1508811459845679,21,10335539493577748957_1372_870_1392_870,1508811459845679,1,FRONT,145,30,1508811459845679.jpg,images/front/10335539493577748957_1372_870_1392_870/1508811459845679.jpg,1920,1280,22,22,0,0,Night,sunny,location_phx,low,every_5th_front_frame_starting_at_first
10335539493577748957_1372_870_1392_870_1508811460345520,21,10335539493577748957_1372_870_1392_870,1508811460345520,1,FRONT,150,31,1508811460345520.jpg,images/front/10335539493577748957_1372_870_1392_870/1508811460345520.jpg,1920,1280,22,22,0,0,Night,sunny,location_phx,low,every_5th_front_frame_starting_at_first
10335539493577748957_1372_870_1392_870_1508811460845268,21,10335539493577748957_1372_870_1392_870,1508811460845268,1,FRONT,155,32,1508811460845268.jpg,images/front/10335539493577748957_1372_870_1392_870/1508811460845268.jpg,1920,1280,22,22,0,0,Night,sunny,location_phx,low,every_5th_front_frame_starting_at_first
10335539493577748957_1372_870_1392_870_1508811461345058,21,10335539493577748957_1372_870_1392_870,1508811461345058,1,FRONT,160,33,1508811461345058.jpg,images/front/10335539493577748957_1372_870_1392_870/1508811461345058.jpg,1920,1280,23,23,0,0,Night,sunny,location_phx,low,every_5th_front_frame_starting_at_first
10335539493577748957_1372_870_1392_870_1508811461844950,21,10335539493577748957_1372_870_1392_870,1508811461844950,1,FRONT,165,34,1508811461844950.jpg,images/front/10335539493577748957_1372_870_1392_870/1508811461844950.jpg,1920,1280,23,23,0,0,Night,sunny,location_phx,low,every_5th_front_frame_starting_at_first
10335539493577748957_1372_870_1392_870_1508811462345124,21,10335539493577748957_1372_870_1392_870,1508811462345124,1,FRONT,170,35,1508811462345124.jpg,images/front/10335539493577748957_1372_870_1392_870/1508811462345124.jpg,1920,1280,22,22,0,0,Night,sunny,location_phx,low,every_5th_front_frame_starting_at_first
10335539493577748957_1372_870_1392_870_1508811462845211,21,10335539493577748957_1372_870_1392_870,1508811462845211,1,FRONT,175,36,1508811462845211.jpg,images/front/10335539493577748957_1372_870_1392_870/1508811462845211.jpg,1920,1280,22,22,0,0,Night,sunny,location_phx,low,every_5th_front_frame_starting_at_first
10335539493577748957_1372_870_1392_870_1508811463345095,21,10335539493577748957_1372_870_1392_870,1508811463345095,1,FRONT,180,37,1508811463345095.jpg,images/front/10335539493577748957_1372_870_1392_870/1508811463345095.jpg,1920,1280,19,19,0,0,Night,sunny,location_phx,low,every_5th_front_frame_starting_at_first
10335539493577748957_1372_870_1392_870_1508811463844951,21,10335539493577748957_1372_870_1392_870,1508811463844951,1,FRONT,185,38,1508811463844951.jpg,images/front/10335539493577748957_1372_870_1392_870/1508811463844951.jpg,1920,1280,17,17,0,0,Night,sunny,location_phx,low,every_5th_front_frame_starting_at_first
10335539493577748957_1372_870_1392_870_1508811464344768,21,10335539493577748957_1372_870_1392_870,1508811464344768,1,FRONT,190,39,1508811464344768.jpg,images/front/10335539493577748957_1372_870_1392_870/1508811464344768.jpg,1920,1280,16,16,0,0,Night,sunny,location_phx,low,every_5th_front_frame_starting_at_first
10335539493577748957_1372_870_1392_870_1508811464844841,21,10335539493577748957_1372_870_1392_870,1508811464844841,1,FRONT,195,40,1508811464844841.jpg,images/front/10335539493577748957_1372_870_1392_870/1508811464844841.jpg,1920,1280,16,16,0,0,Night,sunny,location_phx,low,every_5th_front_frame_starting_at_first
14107757919671295130_3546_370_3566_370_1511668646159240,22,14107757919671295130_3546_370_3566_370,1511668646159240,1,FRONT,0,1,1511668646159240.jpg,images/front/14107757919671295130_3546_370_3566_370/1511668646159240.jpg,1920,1280,18,18,0,0,Night,sunny,location_phx,medium,every_5th_front_frame_starting_at_first
14107757919671295130_3546_370_3566_370_1511668646659096,22,14107757919671295130_3546_370_3566_370,1511668646659096,1,FRONT,5,2,1511668646659096.jpg,images/front/14107757919671295130_3546_370_3566_370/1511668646659096.jpg,1920,1280,16,16,0,0,Night,sunny,location_phx,medium,every_5th_front_frame_starting_at_first
14107757919671295130_3546_370_3566_370_1511668647159132,22,14107757919671295130_3546_370_3566_370,1511668647159132,1,FRONT,10,3,1511668647159132.jpg,images/front/14107757919671295130_3546_370_3566_370/1511668647159132.jpg,1920,1280,18,18,0,0,Night,sunny,location_phx,medium,every_5th_front_frame_starting_at_first
14107757919671295130_3546_370_3566_370_1511668647659375,22,14107757919671295130_3546_370_3566_370,1511668647659375,1,FRONT,15,4,1511668647659375.jpg,images/front/14107757919671295130_3546_370_3566_370/1511668647659375.jpg,1920,1280,21,21,0,0,Night,sunny,location_phx,medium,every_5th_front_frame_starting_at_first
14107757919671295130_3546_370_3566_370_1511668648159810,22,14107757919671295130_3546_370_3566_370,1511668648159810,1,FRONT,20,5,1511668648159810.jpg,images/front/14107757919671295130_3546_370_3566_370/1511668648159810.jpg,1920,1280,22,22,0,0,Night,sunny,location_phx,medium,every_5th_front_frame_starting_at_first
14107757919671295130_3546_370_3566_370_1511668648659913,22,14107757919671295130_3546_370_3566_370,1511668648659913,1,FRONT,25,6,1511668648659913.jpg,images/front/14107757919671295130_3546_370_3566_370/1511668648659913.jpg,1920,1280,19,19,0,0,Night,sunny,location_phx,medium,every_5th_front_frame_starting_at_first
14107757919671295130_3546_370_3566_370_1511668649159729,22,14107757919671295130_3546_370_3566_370,1511668649159729,1,FRONT,30,7,1511668649159729.jpg,images/front/14107757919671295130_3546_370_3566_370/1511668649159729.jpg,1920,1280,21,21,0,0,Night,sunny,location_phx,medium,every_5th_front_frame_starting_at_first
14107757919671295130_3546_370_3566_370_1511668649659544,22,14107757919671295130_3546_370_3566_370,1511668649659544,1,FRONT,35,8,1511668649659544.jpg,images/front/14107757919671295130_3546_370_3566_370/1511668649659544.jpg,1920,1280,23,23,0,0,Night,sunny,location_phx,medium,every_5th_front_frame_starting_at_first
14107757919671295130_3546_370_3566_370_1511668650159419,22,14107757919671295130_3546_370_3566_370,1511668650159419,1,FRONT,40,9,1511668650159419.jpg,images/front/14107757919671295130_3546_370_3566_370/1511668650159419.jpg,1920,1280,22,22,0,0,Night,sunny,location_phx,medium,every_5th_front_frame_starting_at_first
14107757919671295130_3546_370_3566_370_1511668650659481,22,14107757919671295130_3546_370_3566_370,1511668650659481,1,FRONT,45,10,1511668650659481.jpg,images/front/14107757919671295130_3546_370_3566_370/1511668650659481.jpg,1920,1280,22,22,0,0,Night,sunny,location_phx,medium,every_5th_front_frame_starting_at_first
14107757919671295130_3546_370_3566_370_1511668651159403,22,14107757919671295130_3546_370_3566_370,1511668651159403,1,FRONT,50,11,1511668651159403.jpg,images/front/14107757919671295130_3546_370_3566_370/1511668651159403.jpg,1920,1280,20,20,0,0,Night,sunny,location_phx,medium,every_5th_front_frame_starting_at_first
14107757919671295130_3546_370_3566_370_1511668651659565,22,14107757919671295130_3546_370_3566_370,1511668651659565,1,FRONT,55,12,1511668651659565.jpg,images/front/14107757919671295130_3546_370_3566_370/1511668651659565.jpg,1920,1280,19,19,0,0,Night,sunny,location_phx,medium,every_5th_front_frame_starting_at_first
14107757919671295130_3546_370_3566_370_1511668652259688,22,14107757919671295130_3546_370_3566_370,1511668652259688,1,FRONT,60,13,1511668652259688.jpg,images/front/14107757919671295130_3546_370_3566_370/1511668652259688.jpg,1920,1280,18,18,0,0,Night,sunny,location_phx,medium,every_5th_front_frame_starting_at_first
14107757919671295130_3546_370_3566_370_1511668652759681,22,14107757919671295130_3546_370_3566_370,1511668652759681,1,FRONT,65,14,1511668652759681.jpg,images/front/14107757919671295130_3546_370_3566_370/1511668652759681.jpg,1920,1280,16,16,0,0,Night,sunny,location_phx,medium,every_5th_front_frame_starting_at_first
14107757919671295130_3546_370_3566_370_1511668653259652,22,14107757919671295130_3546_370_3566_370,1511668653259652,1,FRONT,70,15,1511668653259652.jpg,images/front/14107757919671295130_3546_370_3566_370/1511668653259652.jpg,1920,1280,14,14,0,0,Night,sunny,location_phx,medium,every_5th_front_frame_starting_at_first
14107757919671295130_3546_370_3566_370_1511668653759715,22,14107757919671295130_3546_370_3566_370,1511668653759715,1,FRONT,75,16,1511668653759715.jpg,images/front/14107757919671295130_3546_370_3566_370/1511668653759715.jpg,1920,1280,14,14,0,0,Night,sunny,location_phx,medium,every_5th_front_frame_starting_at_first
14107757919671295130_3546_370_3566_370_1511668654259714,22,14107757919671295130_3546_370_3566_370,1511668654259714,1,FRONT,80,17,1511668654259714.jpg,images/front/14107757919671295130_3546_370_3566_370/1511668654259714.jpg,1920,1280,14,14,0,0,Night,sunny,location_phx,medium,every_5th_front_frame_starting_at_first
14107757919671295130_3546_370_3566_370_1511668654759577,22,14107757919671295130_3546_370_3566_370,1511668654759577,1,FRONT,85,18,1511668654759577.jpg,images/front/14107757919671295130_3546_370_3566_370/1511668654759577.jpg,1920,1280,13,13,0,0,Night,sunny,location_phx,medium,every_5th_front_frame_starting_at_first
14107757919671295130_3546_370_3566_370_1511668655259490,22,14107757919671295130_3546_370_3566_370,1511668655259490,1,FRONT,90,19,1511668655259490.jpg,images/front/14107757919671295130_3546_370_3566_370/1511668655259490.jpg,1920,1280,12,12,0,0,Night,sunny,location_phx,medium,every_5th_front_frame_starting_at_first
14107757919671295130_3546_370_3566_370_1511668655759468,22,14107757919671295130_3546_370_3566_370,1511668655759468,1,FRONT,95,20,1511668655759468.jpg,images/front/14107757919671295130_3546_370_3566_370/1511668655759468.jpg,1920,1280,16,16,0,0,Night,sunny,location_phx,medium,every_5th_front_frame_starting_at_first
14107757919671295130_3546_370_3566_370_1511668656259478,22,14107757919671295130_3546_370_3566_370,1511668656259478,1,FRONT,100,21,1511668656259478.jpg,images/front/14107757919671295130_3546_370_3566_370/1511668656259478.jpg,1920,1280,16,16,0,0,Night,sunny,location_phx,medium,every_5th_front_frame_starting_at_first
14107757919671295130_3546_370_3566_370_1511668656759479,22,14107757919671295130_3546_370_3566_370,1511668656759479,1,FRONT,105,22,1511668656759479.jpg,images/front/14107757919671295130_3546_370_3566_370/1511668656759479.jpg,1920,1280,17,17,0,0,Night,sunny,location_phx,medium,every_5th_front_frame_starting_at_first
14107757919671295130_3546_370_3566_370_1511668657259687,22,14107757919671295130_3546_370_3566_370,1511668657259687,1,FRONT,110,23,1511668657259687.jpg,images/front/14107757919671295130_3546_370_3566_370/1511668657259687.jpg,1920,1280,17,17,0,0,Night,sunny,location_phx,medium,every_5th_front_frame_starting_at_first
14107757919671295130_3546_370_3566_370_1511668657759843,22,14107757919671295130_3546_370_3566_370,1511668657759843,1,FRONT,115,24,1511668657759843.jpg,images/front/14107757919671295130_3546_370_3566_370/1511668657759843.jpg,1920,1280,16,16,0,0,Night,sunny,location_phx,medium,every_5th_front_frame_starting_at_first
14107757919671295130_3546_370_3566_370_1511668658259745,22,14107757919671295130_3546_370_3566_370,1511668658259745,1,FRONT,120,25,1511668658259745.jpg,images/front/14107757919671295130_3546_370_3566_370/1511668658259745.jpg,1920,1280,17,17,0,0,Night,sunny,location_phx,medium,every_5th_front_frame_starting_at_first
14107757919671295130_3546_370_3566_370_1511668658759576,22,14107757919671295130_3546_370_3566_370,1511668658759576,1,FRONT,125,26,1511668658759576.jpg,images/front/14107757919671295130_3546_370_3566_370/1511668658759576.jpg,1920,1280,19,18,1,0,Night,sunny,location_phx,medium,every_5th_front_frame_starting_at_first
14107757919671295130_3546_370_3566_370_1511668659259378,22,14107757919671295130_3546_370_3566_370,1511668659259378,1,FRONT,130,27,1511668659259378.jpg,images/front/14107757919671295130_3546_370_3566_370/1511668659259378.jpg,1920,1280,17,15,2,0,Night,sunny,location_phx,medium,every_5th_front_frame_starting_at_first
14107757919671295130_3546_370_3566_370_1511668659759443,22,14107757919671295130_3546_370_3566_370,1511668659759443,1,FRONT,135,28,1511668659759443.jpg,images/front/14107757919671295130_3546_370_3566_370/1511668659759443.jpg,1920,1280,19,17,2,0,Night,sunny,location_phx,medium,every_5th_front_frame_starting_at_first
14107757919671295130_3546_370_3566_370_1511668660359692,22,14107757919671295130_3546_370_3566_370,1511668660359692,1,FRONT,140,29,1511668660359692.jpg,images/front/14107757919671295130_3546_370_3566_370/1511668660359692.jpg,1920,1280,16,15,1,0,Night,sunny,location_phx,medium,every_5th_front_frame_starting_at_first
14107757919671295130_3546_370_3566_370_1511668660859805,22,14107757919671295130_3546_370_3566_370,1511668660859805,1,FRONT,145,30,1511668660859805.jpg,images/front/14107757919671295130_3546_370_3566_370/1511668660859805.jpg,1920,1280,18,16,2,0,Night,sunny,location_phx,medium,every_5th_front_frame_starting_at_first
14107757919671295130_3546_370_3566_370_1511668661359830,22,14107757919671295130_3546_370_3566_370,1511668661359830,1,FRONT,150,31,1511668661359830.jpg,images/front/14107757919671295130_3546_370_3566_370/1511668661359830.jpg,1920,1280,17,15,2,0,Night,sunny,location_phx,medium,every_5th_front_frame_starting_at_first
14107757919671295130_3546_370_3566_370_1511668661859935,22,14107757919671295130_3546_370_3566_370,1511668661859935,1,FRONT,155,32,1511668661859935.jpg,images/front/14107757919671295130_3546_370_3566_370/1511668661859935.jpg,1920,1280,19,17,2,0,Night,sunny,location_phx,medium,every_5th_front_frame_starting_at_first
14107757919671295130_3546_370_3566_370_1511668662360090,22,14107757919671295130_3546_370_3566_370,1511668662360090,1,FRONT,160,33,1511668662360090.jpg,images/front/14107757919671295130_3546_370_3566_370/1511668662360090.jpg,1920,1280,20,18,2,0,Night,sunny,location_phx,medium,every_5th_front_frame_starting_at_first
14107757919671295130_3546_370_3566_370_1511668662860306,22,14107757919671295130_3546_370_3566_370,1511668662860306,1,FRONT,165,34,1511668662860306.jpg,images/front/14107757919671295130_3546_370_3566_370/1511668662860306.jpg,1920,1280,20,19,1,0,Night,sunny,location_phx,medium,every_5th_front_frame_starting_at_first
14107757919671295130_3546_370_3566_370_1511668663460651,22,14107757919671295130_3546_370_3566_370,1511668663460651,1,FRONT,170,35,1511668663460651.jpg,images/front/14107757919671295130_3546_370_3566_370/1511668663460651.jpg,1920,1280,17,17,0,0,Night,sunny,location_phx,medium,every_5th_front_frame_starting_at_first
14107757919671295130_3546_370_3566_370_1511668663960854,22,14107757919671295130_3546_370_3566_370,1511668663960854,1,FRONT,175,36,1511668663960854.jpg,images/front/14107757919671295130_3546_370_3566_370/1511668663960854.jpg,1920,1280,17,17,0,0,Night,sunny,location_phx,medium,every_5th_front_frame_starting_at_first
14107757919671295130_3546_370_3566_370_1511668664560812,22,14107757919671295130_3546_370_3566_370,1511668664560812,1,FRONT,180,37,1511668664560812.jpg,images/front/14107757919671295130_3546_370_3566_370/1511668664560812.jpg,1920,1280,17,17,0,0,Night,sunny,location_phx,medium,every_5th_front_frame_starting_at_first
14107757919671295130_3546_370_3566_370_1511668665060789,22,14107757919671295130_3546_370_3566_370,1511668665060789,1,FRONT,185,38,1511668665060789.jpg,images/front/14107757919671295130_3546_370_3566_370/1511668665060789.jpg,1920,1280,15,15,0,0,Night,sunny,location_phx,medium,every_5th_front_frame_starting_at_first
14107757919671295130_3546_370_3566_370_1511668665560742,22,14107757919671295130_3546_370_3566_370,1511668665560742,1,FRONT,190,39,1511668665560742.jpg,images/front/14107757919671295130_3546_370_3566_370/1511668665560742.jpg,1920,1280,13,13,0,0,Night,sunny,location_phx,medium,every_5th_front_frame_starting_at_first
8679184381783013073_7740_000_7760_000_1541816058898881,23,8679184381783013073_7740_000_7760_000,1541816058898881,1,FRONT,0,1,1541816058898881.jpg,images/front/8679184381783013073_7740_000_7760_000/1541816058898881.jpg,1920,1280,35,27,7,1,Night,sunny,location_sf,high,every_5th_front_frame_starting_at_first
8679184381783013073_7740_000_7760_000_1541816059398880,23,8679184381783013073_7740_000_7760_000,1541816059398880,1,FRONT,5,2,1541816059398880.jpg,images/front/8679184381783013073_7740_000_7760_000/1541816059398880.jpg,1920,1280,36,27,8,1,Night,sunny,location_sf,high,every_5th_front_frame_starting_at_first
8679184381783013073_7740_000_7760_000_1541816059898872,23,8679184381783013073_7740_000_7760_000,1541816059898872,1,FRONT,10,3,1541816059898872.jpg,images/front/8679184381783013073_7740_000_7760_000/1541816059898872.jpg,1920,1280,35,26,8,1,Night,sunny,location_sf,high,every_5th_front_frame_starting_at_first
8679184381783013073_7740_000_7760_000_1541816060398842,23,8679184381783013073_7740_000_7760_000,1541816060398842,1,FRONT,15,4,1541816060398842.jpg,images/front/8679184381783013073_7740_000_7760_000/1541816060398842.jpg,1920,1280,34,26,7,1,Night,sunny,location_sf,high,every_5th_front_frame_starting_at_first
8679184381783013073_7740_000_7760_000_1541816060898879,23,8679184381783013073_7740_000_7760_000,1541816060898879,1,FRONT,20,5,1541816060898879.jpg,images/front/8679184381783013073_7740_000_7760_000/1541816060898879.jpg,1920,1280,36,27,8,1,Night,sunny,location_sf,high,every_5th_front_frame_starting_at_first
8679184381783013073_7740_000_7760_000_1541816061398873,23,8679184381783013073_7740_000_7760_000,1541816061398873,1,FRONT,25,6,1541816061398873.jpg,images/front/8679184381783013073_7740_000_7760_000/1541816061398873.jpg,1920,1280,36,27,8,1,Night,sunny,location_sf,high,every_5th_front_frame_starting_at_first
8679184381783013073_7740_000_7760_000_1541816061898859,23,8679184381783013073_7740_000_7760_000,1541816061898859,1,FRONT,30,7,1541816061898859.jpg,images/front/8679184381783013073_7740_000_7760_000/1541816061898859.jpg,1920,1280,36,27,8,1,Night,sunny,location_sf,high,every_5th_front_frame_starting_at_first
8679184381783013073_7740_000_7760_000_1541816062398872,23,8679184381783013073_7740_000_7760_000,1541816062398872,1,FRONT,35,8,1541816062398872.jpg,images/front/8679184381783013073_7740_000_7760_000/1541816062398872.jpg,1920,1280,35,26,8,1,Night,sunny,location_sf,high,every_5th_front_frame_starting_at_first
8679184381783013073_7740_000_7760_000_1541816062898937,23,8679184381783013073_7740_000_7760_000,1541816062898937,1,FRONT,40,9,1541816062898937.jpg,images/front/8679184381783013073_7740_000_7760_000/1541816062898937.jpg,1920,1280,36,27,8,1,Night,sunny,location_sf,high,every_5th_front_frame_starting_at_first
8679184381783013073_7740_000_7760_000_1541816063398943,23,8679184381783013073_7740_000_7760_000,1541816063398943,1,FRONT,45,10,1541816063398943.jpg,images/front/8679184381783013073_7740_000_7760_000/1541816063398943.jpg,1920,1280,37,28,8,1,Night,sunny,location_sf,high,every_5th_front_frame_starting_at_first
8679184381783013073_7740_000_7760_000_1541816063898909,23,8679184381783013073_7740_000_7760_000,1541816063898909,1,FRONT,50,11,1541816063898909.jpg,images/front/8679184381783013073_7740_000_7760_000/1541816063898909.jpg,1920,1280,37,28,8,1,Night,sunny,location_sf,high,every_5th_front_frame_starting_at_first
8679184381783013073_7740_000_7760_000_1541816064398870,23,8679184381783013073_7740_000_7760_000,1541816064398870,1,FRONT,55,12,1541816064398870.jpg,images/front/8679184381783013073_7740_000_7760_000/1541816064398870.jpg,1920,1280,36,28,7,1,Night,sunny,location_sf,high,every_5th_front_frame_starting_at_first
8679184381783013073_7740_000_7760_000_1541816064898889,23,8679184381783013073_7740_000_7760_000,1541816064898889,1,FRONT,60,13,1541816064898889.jpg,images/front/8679184381783013073_7740_000_7760_000/1541816064898889.jpg,1920,1280,36,27,8,1,Night,sunny,location_sf,high,every_5th_front_frame_starting_at_first
8679184381783013073_7740_000_7760_000_1541816065398891,23,8679184381783013073_7740_000_7760_000,1541816065398891,1,FRONT,65,14,1541816065398891.jpg,images/front/8679184381783013073_7740_000_7760_000/1541816065398891.jpg,1920,1280,37,28,8,1,Night,sunny,location_sf,high,every_5th_front_frame_starting_at_first
8679184381783013073_7740_000_7760_000_1541816065898902,23,8679184381783013073_7740_000_7760_000,1541816065898902,1,FRONT,70,15,1541816065898902.jpg,images/front/8679184381783013073_7740_000_7760_000/1541816065898902.jpg,1920,1280,35,27,7,1,Night,sunny,location_sf,high,every_5th_front_frame_starting_at_first
8679184381783013073_7740_000_7760_000_1541816066398894,23,8679184381783013073_7740_000_7760_000,1541816066398894,1,FRONT,75,16,1541816066398894.jpg,images/front/8679184381783013073_7740_000_7760_000/1541816066398894.jpg,1920,1280,36,27,8,1,Night,sunny,location_sf,high,every_5th_front_frame_starting_at_first
8679184381783013073_7740_000_7760_000_1541816066898908,23,8679184381783013073_7740_000_7760_000,1541816066898908,1,FRONT,80,17,1541816066898908.jpg,images/front/8679184381783013073_7740_000_7760_000/1541816066898908.jpg,1920,1280,36,27,8,1,Night,sunny,location_sf,high,every_5th_front_frame_starting_at_first
8679184381783013073_7740_000_7760_000_1541816067398885,23,8679184381783013073_7740_000_7760_000,1541816067398885,1,FRONT,85,18,1541816067398885.jpg,images/front/8679184381783013073_7740_000_7760_000/1541816067398885.jpg,1920,1280,35,27,7,1,Night,sunny,location_sf,high,every_5th_front_frame_starting_at_first
8679184381783013073_7740_000_7760_000_1541816067898879,23,8679184381783013073_7740_000_7760_000,1541816067898879,1,FRONT,90,19,1541816067898879.jpg,images/front/8679184381783013073_7740_000_7760_000/1541816067898879.jpg,1920,1280,35,27,7,1,Night,sunny,location_sf,high,every_5th_front_frame_starting_at_first
8679184381783013073_7740_000_7760_000_1541816068398899,23,8679184381783013073_7740_000_7760_000,1541816068398899,1,FRONT,95,20,1541816068398899.jpg,images/front/8679184381783013073_7740_000_7760_000/1541816068398899.jpg,1920,1280,33,27,5,1,Night,sunny,location_sf,high,every_5th_front_frame_starting_at_first
8679184381783013073_7740_000_7760_000_1541816068898971,23,8679184381783013073_7740_000_7760_000,1541816068898971,1,FRONT,100,21,1541816068898971.jpg,images/front/8679184381783013073_7740_000_7760_000/1541816068898971.jpg,1920,1280,35,27,7,1,Night,sunny,location_sf,high,every_5th_front_frame_starting_at_first
8679184381783013073_7740_000_7760_000_1541816069399108,23,8679184381783013073_7740_000_7760_000,1541816069399108,1,FRONT,105,22,1541816069399108.jpg,images/front/8679184381783013073_7740_000_7760_000/1541816069399108.jpg,1920,1280,35,27,7,1,Night,sunny,location_sf,high,every_5th_front_frame_starting_at_first
8679184381783013073_7740_000_7760_000_1541816069899089,23,8679184381783013073_7740_000_7760_000,1541816069899089,1,FRONT,110,23,1541816069899089.jpg,images/front/8679184381783013073_7740_000_7760_000/1541816069899089.jpg,1920,1280,35,27,7,1,Night,sunny,location_sf,high,every_5th_front_frame_starting_at_first
8679184381783013073_7740_000_7760_000_1541816070398965,23,8679184381783013073_7740_000_7760_000,1541816070398965,1,FRONT,115,24,1541816070398965.jpg,images/front/8679184381783013073_7740_000_7760_000/1541816070398965.jpg,1920,1280,35,28,6,1,Night,sunny,location_sf,high,every_5th_front_frame_starting_at_first
8679184381783013073_7740_000_7760_000_1541816070898763,23,8679184381783013073_7740_000_7760_000,1541816070898763,1,FRONT,120,25,1541816070898763.jpg,images/front/8679184381783013073_7740_000_7760_000/1541816070898763.jpg,1920,1280,33,28,4,1,Night,sunny,location_sf,high,every_5th_front_frame_starting_at_first
8679184381783013073_7740_000_7760_000_1541816071398596,23,8679184381783013073_7740_000_7760_000,1541816071398596,1,FRONT,125,26,1541816071398596.jpg,images/front/8679184381783013073_7740_000_7760_000/1541816071398596.jpg,1920,1280,32,27,4,1,Night,sunny,location_sf,high,every_5th_front_frame_starting_at_first
8679184381783013073_7740_000_7760_000_1541816071898424,23,8679184381783013073_7740_000_7760_000,1541816071898424,1,FRONT,130,27,1541816071898424.jpg,images/front/8679184381783013073_7740_000_7760_000/1541816071898424.jpg,1920,1280,34,28,5,1,Night,sunny,location_sf,high,every_5th_front_frame_starting_at_first
8679184381783013073_7740_000_7760_000_1541816072398463,23,8679184381783013073_7740_000_7760_000,1541816072398463,1,FRONT,135,28,1541816072398463.jpg,images/front/8679184381783013073_7740_000_7760_000/1541816072398463.jpg,1920,1280,37,28,8,1,Night,sunny,location_sf,high,every_5th_front_frame_starting_at_first
8679184381783013073_7740_000_7760_000_1541816072898499,23,8679184381783013073_7740_000_7760_000,1541816072898499,1,FRONT,140,29,1541816072898499.jpg,images/front/8679184381783013073_7740_000_7760_000/1541816072898499.jpg,1920,1280,37,28,8,1,Night,sunny,location_sf,high,every_5th_front_frame_starting_at_first
8679184381783013073_7740_000_7760_000_1541816073398463,23,8679184381783013073_7740_000_7760_000,1541816073398463,1,FRONT,145,30,1541816073398463.jpg,images/front/8679184381783013073_7740_000_7760_000/1541816073398463.jpg,1920,1280,36,27,8,1,Night,sunny,location_sf,high,every_5th_front_frame_starting_at_first
8679184381783013073_7740_000_7760_000_1541816073898483,23,8679184381783013073_7740_000_7760_000,1541816073898483,1,FRONT,150,31,1541816073898483.jpg,images/front/8679184381783013073_7740_000_7760_000/1541816073898483.jpg,1920,1280,35,26,8,1,Night,sunny,location_sf,high,every_5th_front_frame_starting_at_first
8679184381783013073_7740_000_7760_000_1541816074398574,23,8679184381783013073_7740_000_7760_000,1541816074398574,1,FRONT,155,32,1541816074398574.jpg,images/front/8679184381783013073_7740_000_7760_000/1541816074398574.jpg,1920,1280,34,26,7,1,Night,sunny,location_sf,high,every_5th_front_frame_starting_at_first
8679184381783013073_7740_000_7760_000_1541816074898668,23,8679184381783013073_7740_000_7760_000,1541816074898668,1,FRONT,160,33,1541816074898668.jpg,images/front/8679184381783013073_7740_000_7760_000/1541816074898668.jpg,1920,1280,33,25,8,0,Night,sunny,location_sf,high,every_5th_front_frame_starting_at_first
8679184381783013073_7740_000_7760_000_1541816075398659,23,8679184381783013073_7740_000_7760_000,1541816075398659,1,FRONT,165,34,1541816075398659.jpg,images/front/8679184381783013073_7740_000_7760_000/1541816075398659.jpg,1920,1280,32,24,8,0,Night,sunny,location_sf,high,every_5th_front_frame_starting_at_first
8679184381783013073_7740_000_7760_000_1541816075898538,23,8679184381783013073_7740_000_7760_000,1541816075898538,1,FRONT,170,35,1541816075898538.jpg,images/front/8679184381783013073_7740_000_7760_000/1541816075898538.jpg,1920,1280,35,25,10,0,Night,sunny,location_sf,high,every_5th_front_frame_starting_at_first
8679184381783013073_7740_000_7760_000_1541816076398472,23,8679184381783013073_7740_000_7760_000,1541816076398472,1,FRONT,175,36,1541816076398472.jpg,images/front/8679184381783013073_7740_000_7760_000/1541816076398472.jpg,1920,1280,34,24,10,0,Night,sunny,location_sf,high,every_5th_front_frame_starting_at_first
8679184381783013073_7740_000_7760_000_1541816076898511,23,8679184381783013073_7740_000_7760_000,1541816076898511,1,FRONT,180,37,1541816076898511.jpg,images/front/8679184381783013073_7740_000_7760_000/1541816076898511.jpg,1920,1280,32,22,10,0,Night,sunny,location_sf,high,every_5th_front_frame_starting_at_first
8679184381783013073_7740_000_7760_000_1541816077398587,23,8679184381783013073_7740_000_7760_000,1541816077398587,1,FRONT,185,38,1541816077398587.jpg,images/front/8679184381783013073_7740_000_7760_000/1541816077398587.jpg,1920,1280,38,23,15,0,Night,sunny,location_sf,high,every_5th_front_frame_starting_at_first
8679184381783013073_7740_000_7760_000_1541816077898596,23,8679184381783013073_7740_000_7760_000,1541816077898596,1,FRONT,190,39,1541816077898596.jpg,images/front/8679184381783013073_7740_000_7760_000/1541816077898596.jpg,1920,1280,37,22,15,0,Night,sunny,location_sf,high,every_5th_front_frame_starting_at_first
8679184381783013073_7740_000_7760_000_1541816078398599,23,8679184381783013073_7740_000_7760_000,1541816078398599,1,FRONT,195,40,1541816078398599.jpg,images/front/8679184381783013073_7740_000_7760_000/1541816078398599.jpg,1920,1280,38,22,16,0,Night,sunny,location_sf,high,every_5th_front_frame_starting_at_first
11660186733224028707_420_000_440_000_1541042907272599,24,11660186733224028707_420_000_440_000,1541042907272599,1,FRONT,0,1,1541042907272599.jpg,images/front/11660186733224028707_420_000_440_000/1541042907272599.jpg,1920,1280,34,30,4,0,Night,sunny,location_sf,medium,every_5th_front_frame_starting_at_first
11660186733224028707_420_000_440_000_1541042907772381,24,11660186733224028707_420_000_440_000,1541042907772381,1,FRONT,5,2,1541042907772381.jpg,images/front/11660186733224028707_420_000_440_000/1541042907772381.jpg,1920,1280,35,30,5,0,Night,sunny,location_sf,medium,every_5th_front_frame_starting_at_first
11660186733224028707_420_000_440_000_1541042908272321,24,11660186733224028707_420_000_440_000,1541042908272321,1,FRONT,10,3,1541042908272321.jpg,images/front/11660186733224028707_420_000_440_000/1541042908272321.jpg,1920,1280,36,31,5,0,Night,sunny,location_sf,medium,every_5th_front_frame_starting_at_first
11660186733224028707_420_000_440_000_1541042908772365,24,11660186733224028707_420_000_440_000,1541042908772365,1,FRONT,15,4,1541042908772365.jpg,images/front/11660186733224028707_420_000_440_000/1541042908772365.jpg,1920,1280,33,30,3,0,Night,sunny,location_sf,medium,every_5th_front_frame_starting_at_first
11660186733224028707_420_000_440_000_1541042909272480,24,11660186733224028707_420_000_440_000,1541042909272480,1,FRONT,20,5,1541042909272480.jpg,images/front/11660186733224028707_420_000_440_000/1541042909272480.jpg,1920,1280,35,32,3,0,Night,sunny,location_sf,medium,every_5th_front_frame_starting_at_first
11660186733224028707_420_000_440_000_1541042909772546,24,11660186733224028707_420_000_440_000,1541042909772546,1,FRONT,25,6,1541042909772546.jpg,images/front/11660186733224028707_420_000_440_000/1541042909772546.jpg,1920,1280,34,30,4,0,Night,sunny,location_sf,medium,every_5th_front_frame_starting_at_first
11660186733224028707_420_000_440_000_1541042910272433,24,11660186733224028707_420_000_440_000,1541042910272433,1,FRONT,30,7,1541042910272433.jpg,images/front/11660186733224028707_420_000_440_000/1541042910272433.jpg,1920,1280,34,30,4,0,Night,sunny,location_sf,medium,every_5th_front_frame_starting_at_first
11660186733224028707_420_000_440_000_1541042910772363,24,11660186733224028707_420_000_440_000,1541042910772363,1,FRONT,35,8,1541042910772363.jpg,images/front/11660186733224028707_420_000_440_000/1541042910772363.jpg,1920,1280,32,28,4,0,Night,sunny,location_sf,medium,every_5th_front_frame_starting_at_first
11660186733224028707_420_000_440_000_1541042911272318,24,11660186733224028707_420_000_440_000,1541042911272318,1,FRONT,40,9,1541042911272318.jpg,images/front/11660186733224028707_420_000_440_000/1541042911272318.jpg,1920,1280,30,27,3,0,Night,sunny,location_sf,medium,every_5th_front_frame_starting_at_first
11660186733224028707_420_000_440_000_1541042911772381,24,11660186733224028707_420_000_440_000,1541042911772381,1,FRONT,45,10,1541042911772381.jpg,images/front/11660186733224028707_420_000_440_000/1541042911772381.jpg,1920,1280,30,27,3,0,Night,sunny,location_sf,medium,every_5th_front_frame_starting_at_first
11660186733224028707_420_000_440_000_1541042912272409,24,11660186733224028707_420_000_440_000,1541042912272409,1,FRONT,50,11,1541042912272409.jpg,images/front/11660186733224028707_420_000_440_000/1541042912272409.jpg,1920,1280,29,26,3,0,Night,sunny,location_sf,medium,every_5th_front_frame_starting_at_first
11660186733224028707_420_000_440_000_1541042912872339,24,11660186733224028707_420_000_440_000,1541042912872339,1,FRONT,55,12,1541042912872339.jpg,images/front/11660186733224028707_420_000_440_000/1541042912872339.jpg,1920,1280,28,25,3,0,Night,sunny,location_sf,medium,every_5th_front_frame_starting_at_first
11660186733224028707_420_000_440_000_1541042913372258,24,11660186733224028707_420_000_440_000,1541042913372258,1,FRONT,60,13,1541042913372258.jpg,images/front/11660186733224028707_420_000_440_000/1541042913372258.jpg,1920,1280,27,24,3,0,Night,sunny,location_sf,medium,every_5th_front_frame_starting_at_first
11660186733224028707_420_000_440_000_1541042913872330,24,11660186733224028707_420_000_440_000,1541042913872330,1,FRONT,65,14,1541042913872330.jpg,images/front/11660186733224028707_420_000_440_000/1541042913872330.jpg,1920,1280,26,23,3,0,Night,sunny,location_sf,medium,every_5th_front_frame_starting_at_first
11660186733224028707_420_000_440_000_1541042914372479,24,11660186733224028707_420_000_440_000,1541042914372479,1,FRONT,70,15,1541042914372479.jpg,images/front/11660186733224028707_420_000_440_000/1541042914372479.jpg,1920,1280,23,20,3,0,Night,sunny,location_sf,medium,every_5th_front_frame_starting_at_first
11660186733224028707_420_000_440_000_1541042914872504,24,11660186733224028707_420_000_440_000,1541042914872504,1,FRONT,75,16,1541042914872504.jpg,images/front/11660186733224028707_420_000_440_000/1541042914872504.jpg,1920,1280,22,19,3,0,Night,sunny,location_sf,medium,every_5th_front_frame_starting_at_first
11660186733224028707_420_000_440_000_1541042915372483,24,11660186733224028707_420_000_440_000,1541042915372483,1,FRONT,80,17,1541042915372483.jpg,images/front/11660186733224028707_420_000_440_000/1541042915372483.jpg,1920,1280,21,18,3,0,Night,sunny,location_sf,medium,every_5th_front_frame_starting_at_first
11660186733224028707_420_000_440_000_1541042915872471,24,11660186733224028707_420_000_440_000,1541042915872471,1,FRONT,85,18,1541042915872471.jpg,images/front/11660186733224028707_420_000_440_000/1541042915872471.jpg,1920,1280,19,16,3,0,Night,sunny,location_sf,medium,every_5th_front_frame_starting_at_first
11660186733224028707_420_000_440_000_1541042916372443,24,11660186733224028707_420_000_440_000,1541042916372443,1,FRONT,90,19,1541042916372443.jpg,images/front/11660186733224028707_420_000_440_000/1541042916372443.jpg,1920,1280,18,15,3,0,Night,sunny,location_sf,medium,every_5th_front_frame_starting_at_first
11660186733224028707_420_000_440_000_1541042916872424,24,11660186733224028707_420_000_440_000,1541042916872424,1,FRONT,95,20,1541042916872424.jpg,images/front/11660186733224028707_420_000_440_000/1541042916872424.jpg,1920,1280,18,15,3,0,Night,sunny,location_sf,medium,every_5th_front_frame_starting_at_first
11660186733224028707_420_000_440_000_1541042917372449,24,11660186733224028707_420_000_440_000,1541042917372449,1,FRONT,100,21,1541042917372449.jpg,images/front/11660186733224028707_420_000_440_000/1541042917372449.jpg,1920,1280,16,13,3,0,Night,sunny,location_sf,medium,every_5th_front_frame_starting_at_first
11660186733224028707_420_000_440_000_1541042917872402,24,11660186733224028707_420_000_440_000,1541042917872402,1,FRONT,105,22,1541042917872402.jpg,images/front/11660186733224028707_420_000_440_000/1541042917872402.jpg,1920,1280,17,14,3,0,Night,sunny,location_sf,medium,every_5th_front_frame_starting_at_first
11660186733224028707_420_000_440_000_1541042918372390,24,11660186733224028707_420_000_440_000,1541042918372390,1,FRONT,110,23,1541042918372390.jpg,images/front/11660186733224028707_420_000_440_000/1541042918372390.jpg,1920,1280,17,14,3,0,Night,sunny,location_sf,medium,every_5th_front_frame_starting_at_first
11660186733224028707_420_000_440_000_1541042918872440,24,11660186733224028707_420_000_440_000,1541042918872440,1,FRONT,115,24,1541042918872440.jpg,images/front/11660186733224028707_420_000_440_000/1541042918872440.jpg,1920,1280,17,14,3,0,Night,sunny,location_sf,medium,every_5th_front_frame_starting_at_first
11660186733224028707_420_000_440_000_1541042919372406,24,11660186733224028707_420_000_440_000,1541042919372406,1,FRONT,120,25,1541042919372406.jpg,images/front/11660186733224028707_420_000_440_000/1541042919372406.jpg,1920,1280,17,14,3,0,Night,sunny,location_sf,medium,every_5th_front_frame_starting_at_first
11660186733224028707_420_000_440_000_1541042919872294,24,11660186733224028707_420_000_440_000,1541042919872294,1,FRONT,125,26,1541042919872294.jpg,images/front/11660186733224028707_420_000_440_000/1541042919872294.jpg,1920,1280,17,14,3,0,Night,sunny,location_sf,medium,every_5th_front_frame_starting_at_first
11660186733224028707_420_000_440_000_1541042920372242,24,11660186733224028707_420_000_440_000,1541042920372242,1,FRONT,130,27,1541042920372242.jpg,images/front/11660186733224028707_420_000_440_000/1541042920372242.jpg,1920,1280,16,14,2,0,Night,sunny,location_sf,medium,every_5th_front_frame_starting_at_first
11660186733224028707_420_000_440_000_1541042920872363,24,11660186733224028707_420_000_440_000,1541042920872363,1,FRONT,135,28,1541042920872363.jpg,images/front/11660186733224028707_420_000_440_000/1541042920872363.jpg,1920,1280,17,15,2,0,Night,sunny,location_sf,medium,every_5th_front_frame_starting_at_first
11660186733224028707_420_000_440_000_1541042921372457,24,11660186733224028707_420_000_440_000,1541042921372457,1,FRONT,140,29,1541042921372457.jpg,images/front/11660186733224028707_420_000_440_000/1541042921372457.jpg,1920,1280,18,16,2,0,Night,sunny,location_sf,medium,every_5th_front_frame_starting_at_first
11660186733224028707_420_000_440_000_1541042921872459,24,11660186733224028707_420_000_440_000,1541042921872459,1,FRONT,145,30,1541042921872459.jpg,images/front/11660186733224028707_420_000_440_000/1541042921872459.jpg,1920,1280,18,16,2,0,Night,sunny,location_sf,medium,every_5th_front_frame_starting_at_first
11660186733224028707_420_000_440_000_1541042922372334,24,11660186733224028707_420_000_440_000,1541042922372334,1,FRONT,150,31,1541042922372334.jpg,images/front/11660186733224028707_420_000_440_000/1541042922372334.jpg,1920,1280,20,17,3,0,Night,sunny,location_sf,medium,every_5th_front_frame_starting_at_first
11660186733224028707_420_000_440_000_1541042922872204,24,11660186733224028707_420_000_440_000,1541042922872204,1,FRONT,155,32,1541042922872204.jpg,images/front/11660186733224028707_420_000_440_000/1541042922872204.jpg,1920,1280,20,17,3,0,Night,sunny,location_sf,medium,every_5th_front_frame_starting_at_first
11660186733224028707_420_000_440_000_1541042923372267,24,11660186733224028707_420_000_440_000,1541042923372267,1,FRONT,160,33,1541042923372267.jpg,images/front/11660186733224028707_420_000_440_000/1541042923372267.jpg,1920,1280,20,17,3,0,Night,sunny,location_sf,medium,every_5th_front_frame_starting_at_first
11660186733224028707_420_000_440_000_1541042923872337,24,11660186733224028707_420_000_440_000,1541042923872337,1,FRONT,165,34,1541042923872337.jpg,images/front/11660186733224028707_420_000_440_000/1541042923872337.jpg,1920,1280,20,17,3,0,Night,sunny,location_sf,medium,every_5th_front_frame_starting_at_first
11660186733224028707_420_000_440_000_1541042924372453,24,11660186733224028707_420_000_440_000,1541042924372453,1,FRONT,170,35,1541042924372453.jpg,images/front/11660186733224028707_420_000_440_000/1541042924372453.jpg,1920,1280,18,16,2,0,Night,sunny,location_sf,medium,every_5th_front_frame_starting_at_first
11660186733224028707_420_000_440_000_1541042924872372,24,11660186733224028707_420_000_440_000,1541042924872372,1,FRONT,175,36,1541042924872372.jpg,images/front/11660186733224028707_420_000_440_000/1541042924872372.jpg,1920,1280,20,17,3,0,Night,sunny,location_sf,medium,every_5th_front_frame_starting_at_first
11660186733224028707_420_000_440_000_1541042925372250,24,11660186733224028707_420_000_440_000,1541042925372250,1,FRONT,180,37,1541042925372250.jpg,images/front/11660186733224028707_420_000_440_000/1541042925372250.jpg,1920,1280,16,13,3,0,Night,sunny,location_sf,medium,every_5th_front_frame_starting_at_first
11660186733224028707_420_000_440_000_1541042925872089,24,11660186733224028707_420_000_440_000,1541042925872089,1,FRONT,185,38,1541042925872089.jpg,images/front/11660186733224028707_420_000_440_000/1541042925872089.jpg,1920,1280,13,10,3,0,Night,sunny,location_sf,medium,every_5th_front_frame_starting_at_first
11660186733224028707_420_000_440_000_1541042926372139,24,11660186733224028707_420_000_440_000,1541042926372139,1,FRONT,190,39,1541042926372139.jpg,images/front/11660186733224028707_420_000_440_000/1541042926372139.jpg,1920,1280,14,11,3,0,Night,sunny,location_sf,medium,every_5th_front_frame_starting_at_first
11660186733224028707_420_000_440_000_1541042926872276,24,11660186733224028707_420_000_440_000,1541042926872276,1,FRONT,195,40,1541042926872276.jpg,images/front/11660186733224028707_420_000_440_000/1541042926872276.jpg,1920,1280,13,11,2,0,Night,sunny,location_sf,medium,every_5th_front_frame_starting_at_first
14300007604205869133_1160_000_1180_000_1544753125275130,25,14300007604205869133_1160_000_1180_000,1544753125275130,1,FRONT,0,1,1544753125275130.jpg,images/front/14300007604205869133_1160_000_1180_000/1544753125275130.jpg,1920,1280,19,19,0,0,Night,sunny,location_sf,medium,every_5th_front_frame_starting_at_first
14300007604205869133_1160_000_1180_000_1544753125775567,25,14300007604205869133_1160_000_1180_000,1544753125775567,1,FRONT,5,2,1544753125775567.jpg,images/front/14300007604205869133_1160_000_1180_000/1544753125775567.jpg,1920,1280,20,20,0,0,Night,sunny,location_sf,medium,every_5th_front_frame_starting_at_first
14300007604205869133_1160_000_1180_000_1544753126275830,25,14300007604205869133_1160_000_1180_000,1544753126275830,1,FRONT,10,3,1544753126275830.jpg,images/front/14300007604205869133_1160_000_1180_000/1544753126275830.jpg,1920,1280,24,24,0,0,Night,sunny,location_sf,medium,every_5th_front_frame_starting_at_first
14300007604205869133_1160_000_1180_000_1544753126775776,25,14300007604205869133_1160_000_1180_000,1544753126775776,1,FRONT,15,4,1544753126775776.jpg,images/front/14300007604205869133_1160_000_1180_000/1544753126775776.jpg,1920,1280,23,23,0,0,Night,sunny,location_sf,medium,every_5th_front_frame_starting_at_first
14300007604205869133_1160_000_1180_000_1544753127275736,25,14300007604205869133_1160_000_1180_000,1544753127275736,1,FRONT,20,5,1544753127275736.jpg,images/front/14300007604205869133_1160_000_1180_000/1544753127275736.jpg,1920,1280,22,21,1,0,Night,sunny,location_sf,medium,every_5th_front_frame_starting_at_first
14300007604205869133_1160_000_1180_000_1544753127775376,25,14300007604205869133_1160_000_1180_000,1544753127775376,1,FRONT,25,6,1544753127775376.jpg,images/front/14300007604205869133_1160_000_1180_000/1544753127775376.jpg,1920,1280,21,20,1,0,Night,sunny,location_sf,medium,every_5th_front_frame_starting_at_first
14300007604205869133_1160_000_1180_000_1544753128274997,25,14300007604205869133_1160_000_1180_000,1544753128274997,1,FRONT,30,7,1544753128274997.jpg,images/front/14300007604205869133_1160_000_1180_000/1544753128274997.jpg,1920,1280,22,21,1,0,Night,sunny,location_sf,medium,every_5th_front_frame_starting_at_first
14300007604205869133_1160_000_1180_000_1544753128774321,25,14300007604205869133_1160_000_1180_000,1544753128774321,1,FRONT,35,8,1544753128774321.jpg,images/front/14300007604205869133_1160_000_1180_000/1544753128774321.jpg,1920,1280,28,27,1,0,Night,sunny,location_sf,medium,every_5th_front_frame_starting_at_first
14300007604205869133_1160_000_1180_000_1544753129273865,25,14300007604205869133_1160_000_1180_000,1544753129273865,1,FRONT,40,9,1544753129273865.jpg,images/front/14300007604205869133_1160_000_1180_000/1544753129273865.jpg,1920,1280,28,27,1,0,Night,sunny,location_sf,medium,every_5th_front_frame_starting_at_first
14300007604205869133_1160_000_1180_000_1544753129773621,25,14300007604205869133_1160_000_1180_000,1544753129773621,1,FRONT,45,10,1544753129773621.jpg,images/front/14300007604205869133_1160_000_1180_000/1544753129773621.jpg,1920,1280,27,26,1,0,Night,sunny,location_sf,medium,every_5th_front_frame_starting_at_first
14300007604205869133_1160_000_1180_000_1544753130273617,25,14300007604205869133_1160_000_1180_000,1544753130273617,1,FRONT,50,11,1544753130273617.jpg,images/front/14300007604205869133_1160_000_1180_000/1544753130273617.jpg,1920,1280,27,26,1,0,Night,sunny,location_sf,medium,every_5th_front_frame_starting_at_first
14300007604205869133_1160_000_1180_000_1544753130773776,25,14300007604205869133_1160_000_1180_000,1544753130773776,1,FRONT,55,12,1544753130773776.jpg,images/front/14300007604205869133_1160_000_1180_000/1544753130773776.jpg,1920,1280,28,27,1,0,Night,sunny,location_sf,medium,every_5th_front_frame_starting_at_first
14300007604205869133_1160_000_1180_000_1544753131273873,25,14300007604205869133_1160_000_1180_000,1544753131273873,1,FRONT,60,13,1544753131273873.jpg,images/front/14300007604205869133_1160_000_1180_000/1544753131273873.jpg,1920,1280,31,30,1,0,Night,sunny,location_sf,medium,every_5th_front_frame_starting_at_first
14300007604205869133_1160_000_1180_000_1544753131773860,25,14300007604205869133_1160_000_1180_000,1544753131773860,1,FRONT,65,14,1544753131773860.jpg,images/front/14300007604205869133_1160_000_1180_000/1544753131773860.jpg,1920,1280,31,30,1,0,Night,sunny,location_sf,medium,every_5th_front_frame_starting_at_first
14300007604205869133_1160_000_1180_000_1544753132273803,25,14300007604205869133_1160_000_1180_000,1544753132273803,1,FRONT,70,15,1544753132273803.jpg,images/front/14300007604205869133_1160_000_1180_000/1544753132273803.jpg,1920,1280,35,32,2,1,Night,sunny,location_sf,medium,every_5th_front_frame_starting_at_first
14300007604205869133_1160_000_1180_000_1544753132773773,25,14300007604205869133_1160_000_1180_000,1544753132773773,1,FRONT,75,16,1544753132773773.jpg,images/front/14300007604205869133_1160_000_1180_000/1544753132773773.jpg,1920,1280,36,33,2,1,Night,sunny,location_sf,medium,every_5th_front_frame_starting_at_first
14300007604205869133_1160_000_1180_000_1544753133273761,25,14300007604205869133_1160_000_1180_000,1544753133273761,1,FRONT,80,17,1544753133273761.jpg,images/front/14300007604205869133_1160_000_1180_000/1544753133273761.jpg,1920,1280,36,33,2,1,Night,sunny,location_sf,medium,every_5th_front_frame_starting_at_first
14300007604205869133_1160_000_1180_000_1544753133773698,25,14300007604205869133_1160_000_1180_000,1544753133773698,1,FRONT,85,18,1544753133773698.jpg,images/front/14300007604205869133_1160_000_1180_000/1544753133773698.jpg,1920,1280,35,32,2,1,Night,sunny,location_sf,medium,every_5th_front_frame_starting_at_first
14300007604205869133_1160_000_1180_000_1544753134273660,25,14300007604205869133_1160_000_1180_000,1544753134273660,1,FRONT,90,19,1544753134273660.jpg,images/front/14300007604205869133_1160_000_1180_000/1544753134273660.jpg,1920,1280,36,33,2,1,Night,sunny,location_sf,medium,every_5th_front_frame_starting_at_first
14300007604205869133_1160_000_1180_000_1544753134773653,25,14300007604205869133_1160_000_1180_000,1544753134773653,1,FRONT,95,20,1544753134773653.jpg,images/front/14300007604205869133_1160_000_1180_000/1544753134773653.jpg,1920,1280,35,32,2,1,Night,sunny,location_sf,medium,every_5th_front_frame_starting_at_first
14300007604205869133_1160_000_1180_000_1544753135273607,25,14300007604205869133_1160_000_1180_000,1544753135273607,1,FRONT,100,21,1544753135273607.jpg,images/front/14300007604205869133_1160_000_1180_000/1544753135273607.jpg,1920,1280,33,30,2,1,Night,sunny,location_sf,medium,every_5th_front_frame_starting_at_first
14300007604205869133_1160_000_1180_000_1544753135773631,25,14300007604205869133_1160_000_1180_000,1544753135773631,1,FRONT,105,22,1544753135773631.jpg,images/front/14300007604205869133_1160_000_1180_000/1544753135773631.jpg,1920,1280,33,30,2,1,Night,sunny,location_sf,medium,every_5th_front_frame_starting_at_first
14300007604205869133_1160_000_1180_000_1544753136273702,25,14300007604205869133_1160_000_1180_000,1544753136273702,1,FRONT,110,23,1544753136273702.jpg,images/front/14300007604205869133_1160_000_1180_000/1544753136273702.jpg,1920,1280,31,28,2,1,Night,sunny,location_sf,medium,every_5th_front_frame_starting_at_first
14300007604205869133_1160_000_1180_000_1544753136773763,25,14300007604205869133_1160_000_1180_000,1544753136773763,1,FRONT,115,24,1544753136773763.jpg,images/front/14300007604205869133_1160_000_1180_000/1544753136773763.jpg,1920,1280,30,27,2,1,Night,sunny,location_sf,medium,every_5th_front_frame_starting_at_first
14300007604205869133_1160_000_1180_000_1544753137273857,25,14300007604205869133_1160_000_1180_000,1544753137273857,1,FRONT,120,25,1544753137273857.jpg,images/front/14300007604205869133_1160_000_1180_000/1544753137273857.jpg,1920,1280,31,28,2,1,Night,sunny,location_sf,medium,every_5th_front_frame_starting_at_first
14300007604205869133_1160_000_1180_000_1544753137773912,25,14300007604205869133_1160_000_1180_000,1544753137773912,1,FRONT,125,26,1544753137773912.jpg,images/front/14300007604205869133_1160_000_1180_000/1544753137773912.jpg,1920,1280,32,28,2,2,Night,sunny,location_sf,medium,every_5th_front_frame_starting_at_first
14300007604205869133_1160_000_1180_000_1544753138273784,25,14300007604205869133_1160_000_1180_000,1544753138273784,1,FRONT,130,27,1544753138273784.jpg,images/front/14300007604205869133_1160_000_1180_000/1544753138273784.jpg,1920,1280,29,25,2,2,Night,sunny,location_sf,medium,every_5th_front_frame_starting_at_first
14300007604205869133_1160_000_1180_000_1544753138773662,25,14300007604205869133_1160_000_1180_000,1544753138773662,1,FRONT,135,28,1544753138773662.jpg,images/front/14300007604205869133_1160_000_1180_000/1544753138773662.jpg,1920,1280,28,25,1,2,Night,sunny,location_sf,medium,every_5th_front_frame_starting_at_first
14300007604205869133_1160_000_1180_000_1544753139273611,25,14300007604205869133_1160_000_1180_000,1544753139273611,1,FRONT,140,29,1544753139273611.jpg,images/front/14300007604205869133_1160_000_1180_000/1544753139273611.jpg,1920,1280,30,27,1,2,Night,sunny,location_sf,medium,every_5th_front_frame_starting_at_first
14300007604205869133_1160_000_1180_000_1544753139773616,25,14300007604205869133_1160_000_1180_000,1544753139773616,1,FRONT,145,30,1544753139773616.jpg,images/front/14300007604205869133_1160_000_1180_000/1544753139773616.jpg,1920,1280,29,25,1,3,Night,sunny,location_sf,medium,every_5th_front_frame_starting_at_first
14300007604205869133_1160_000_1180_000_1544753140273641,25,14300007604205869133_1160_000_1180_000,1544753140273641,1,FRONT,150,31,1544753140273641.jpg,images/front/14300007604205869133_1160_000_1180_000/1544753140273641.jpg,1920,1280,32,28,1,3,Night,sunny,location_sf,medium,every_5th_front_frame_starting_at_first
14300007604205869133_1160_000_1180_000_1544753140773668,25,14300007604205869133_1160_000_1180_000,1544753140773668,1,FRONT,155,32,1544753140773668.jpg,images/front/14300007604205869133_1160_000_1180_000/1544753140773668.jpg,1920,1280,33,30,1,2,Night,sunny,location_sf,medium,every_5th_front_frame_starting_at_first
14300007604205869133_1160_000_1180_000_1544753141273685,25,14300007604205869133_1160_000_1180_000,1544753141273685,1,FRONT,160,33,1544753141273685.jpg,images/front/14300007604205869133_1160_000_1180_000/1544753141273685.jpg,1920,1280,32,29,1,2,Night,sunny,location_sf,medium,every_5th_front_frame_starting_at_first
14300007604205869133_1160_000_1180_000_1544753141773695,25,14300007604205869133_1160_000_1180_000,1544753141773695,1,FRONT,165,34,1544753141773695.jpg,images/front/14300007604205869133_1160_000_1180_000/1544753141773695.jpg,1920,1280,32,30,1,1,Night,sunny,location_sf,medium,every_5th_front_frame_starting_at_first
14300007604205869133_1160_000_1180_000_1544753142273724,25,14300007604205869133_1160_000_1180_000,1544753142273724,1,FRONT,170,35,1544753142273724.jpg,images/front/14300007604205869133_1160_000_1180_000/1544753142273724.jpg,1920,1280,33,31,1,1,Night,sunny,location_sf,medium,every_5th_front_frame_starting_at_first
14300007604205869133_1160_000_1180_000_1544753142773716,25,14300007604205869133_1160_000_1180_000,1544753142773716,1,FRONT,175,36,1544753142773716.jpg,images/front/14300007604205869133_1160_000_1180_000/1544753142773716.jpg,1920,1280,32,30,1,1,Night,sunny,location_sf,medium,every_5th_front_frame_starting_at_first
14300007604205869133_1160_000_1180_000_1544753143273703,25,14300007604205869133_1160_000_1180_000,1544753143273703,1,FRONT,180,37,1544753143273703.jpg,images/front/14300007604205869133_1160_000_1180_000/1544753143273703.jpg,1920,1280,31,29,1,1,Night,sunny,location_sf,medium,every_5th_front_frame_starting_at_first
14300007604205869133_1160_000_1180_000_1544753143773742,25,14300007604205869133_1160_000_1180_000,1544753143773742,1,FRONT,185,38,1544753143773742.jpg,images/front/14300007604205869133_1160_000_1180_000/1544753143773742.jpg,1920,1280,35,33,1,1,Night,sunny,location_sf,medium,every_5th_front_frame_starting_at_first
14300007604205869133_1160_000_1180_000_1544753144273740,25,14300007604205869133_1160_000_1180_000,1544753144273740,1,FRONT,190,39,1544753144273740.jpg,images/front/14300007604205869133_1160_000_1180_000/1544753144273740.jpg,1920,1280,35,33,1,1,Night,sunny,location_sf,medium,every_5th_front_frame_starting_at_first
14300007604205869133_1160_000_1180_000_1544753144773721,25,14300007604205869133_1160_000_1180_000,1544753144773721,1,FRONT,195,40,1544753144773721.jpg,images/front/14300007604205869133_1160_000_1180_000/1544753144773721.jpg,1920,1280,34,31,1,2,Night,sunny,location_sf,medium,every_5th_front_frame_starting_at_first
